Date,Open,High,Low,Close,Volume,Dividends,Stock_Splits,Close_unadjusted,Adj_Close
2016-01-04,58.49994401681428,58.57727148532147,57.36585806582918,58.07036590576172,9248300.0,0.0,0.0,67.58999633789062,58.07036590576172
2016-01-05,57.88134948376493,58.17345941480758,56.420780164028876,57.176841735839844,10809200.0,0.0,0.0,66.55000305175781,57.176841735839844
2016-01-06,56.296672095797504,56.56418069462694,55.43375557312451,55.589080810546875,9752200.0,0.29,0.0,64.41999816894531,55.589080810546875
2016-01-07,54.63125159547112,55.44239202133124,54.432781170795735,55.08859634399414,11323900.0,0.0,0.0,63.84000015258789,55.08859634399414
2016-01-08,55.38198257856567,55.580456275139966,54.855602974097515,54.907379150390625,10003600.0,0.0,0.0,63.630001068115234,54.907379150390625
2016-01-11,55.00230819361901,55.40787677684151,54.450038777814804,55.269813537597656,8157100.0,0.0,0.0,64.05000305175781,55.269813537597656
2016-01-12,55.9169910318755,56.003281363932494,54.88148729660057,55.57182312011719,7560000.0,0.0,0.0,64.4000015258789,55.57182312011719
2016-01-13,54.924653830249135,55.54595495917994,53.699310302831854,54.234317779541016,11291200.0,0.0,0.0,62.849998474121094,54.234317779541016
2016-01-14,54.23430159604938,55.01092777546798,53.820102064281215,54.61398696899414,6664000.0,0.0,0.0,63.290000915527344,54.61398696899414
2016-01-15,53.52670440707332,54.406879549298495,53.06935975845465,54.28607177734375,8643800.0,0.0,0.0,62.90999984741211,54.28607177734375
2016-01-19,54.71752752001296,55.045436666082416,53.70791693553599,54.05308151245117,7652100.0,0.0,0.0,62.63999938964844,54.05308151245117
2016-01-20,53.103878092459425,54.82971095896693,52.88814898414599,54.38962173461914,9043800.0,0.0,0.0,63.029998779296875,54.38962173461914
2016-01-21,54.36373193591017,55.50278129408329,53.940901461365485,54.05308151245117,8992300.0,0.0,0.0,62.63999938964844,54.05308151245117
2016-01-22,50.38569845006276,50.817156738954225,46.71830299448531,47.51218795776367,43783400.0,0.0,0.0,55.060001373291016,47.51218795776367
2016-01-25,46.99443431134762,48.12485617179257,46.718301279932355,47.47766876220703,18498300.0,0.0,0.0,55.02000045776367,47.47766876220703
2016-01-26,47.63299584382986,48.098971586754985,47.425894416385745,47.5380744934082,12844800.0,0.0,0.0,55.09000015258789,47.5380744934082
2016-01-27,47.77968512774386,48.167998206581764,46.959913803922774,47.046207427978516,11044100.0,0.0,0.0,54.52000045776367,47.046207427978516
2016-01-28,47.18427237936917,47.25330398457311,45.001094785083104,45.63102340698242,18015000.0,0.0,0.0,52.880001068115234,45.63102340698242
2016-01-29,45.88990167017306,46.34724638111091,45.77772159874412,46.16603469848633,13981100.0,0.0,0.0,53.5,46.16603469848633
2016-02-01,46.08835627221227,47.451765512212944,45.734560745287226,47.20151901245117,9861900.0,0.0,0.0,54.70000076293945,47.20151901245117
2016-02-02,46.88224808840119,46.9340209640112,46.15739820397858,46.30409240722656,11698400.0,0.0,0.0,53.65999984741211,46.30409240722656
2016-02-03,46.59749579332872,46.847742394094396,45.587884964520725,46.69241714477539,9729800.0,0.0,0.0,54.11000061035156,46.69241714477539
2016-02-04,46.666533078201475,46.994439028568365,46.433545192351914,46.92540740966797,6904000.0,0.0,0.0,54.380001068115234,46.92540740966797
2016-02-05,47.21879421684505,47.33097099719892,46.43354029554112,46.58023452758789,9159600.0,0.0,0.0,53.97999954223633,46.58023452758789
2016-02-08,45.941677407907754,46.122889088798836,45.07012987107203,45.216827392578125,11830600.0,0.0,0.0,52.400001525878906,45.216827392578125
2016-02-09,45.09602075964059,45.751839229093136,44.79400126171221,45.41530227661133,8588900.0,0.0,0.0,52.630001068115234,45.41530227661133
2016-02-10,45.7345762286513,46.10563060101743,45.11327527180283,45.12190628051758,7081900.0,0.0,0.0,52.290000915527344,45.12190628051758
2016-02-11,44.19858192031839,44.51786008727651,43.3788106289391,44.103660583496094,9214500.0,0.0,0.0,51.11000061035156,44.103660583496094
2016-02-12,44.76811114775605,45.501588892193936,44.56100972917391,45.441184997558594,6107700.0,0.0,0.0,52.65999984741211,45.441184997558594
2016-02-16,45.743198886783084,46.148770665624674,45.501583337736164,45.889896392822266,7163800.0,0.0,0.0,53.18000030517578,45.889896392822266
2016-02-17,46.16602304472752,46.597481204024035,45.99343912265601,46.26094436645508,8638900.0,0.0,0.0,53.61000061035156,46.26094436645508
2016-02-18,46.16603545111136,46.89951320232005,46.12289028194004,46.726932525634766,8502900.0,0.0,0.0,54.150001525878906,46.726932525634766
2016-02-19,46.81321851542941,47.486292308922366,46.62337583859187,47.21015930175781,6557000.0,0.0,0.0,54.709999084472656,47.21015930175781
2016-02-22,47.21015872438868,48.00404357910156,47.21015872438868,48.00404357910156,6537800.0,0.0,0.0,55.630001068115234,48.00404357910156
2016-02-23,47.90912015587713,47.97815175793584,47.425885774406524,47.55532455444336,5884100.0,0.0,0.0,55.11000061035156,47.55532455444336
2016-02-24,46.98579683120062,47.34822012521409,46.217801791421365,47.149749755859375,5596400.0,0.0,0.0,54.63999938964844,47.149749755859375
2016-02-25,47.27055653568601,47.79693603515625,46.85635708325811,47.79693603515625,4385900.0,0.0,0.0,55.38999938964844,47.79693603515625
2016-02-26,48.07307937888929,48.23703562728297,47.58984822597827,47.7883186340332,5886800.0,0.0,0.0,55.380001068115234,47.7883186340332
2016-02-29,47.71929568307905,48.45277689665986,47.29646831837946,47.960914611816406,10380500.0,0.0,0.0,55.58000183105469,47.960914611816406
2016-03-01,48.34920298922048,49.04816643151963,47.99540741042418,49.013648986816406,9160800.0,0.0,0.0,56.79999923706055,49.013648986816406
2016-03-02,49.08268918538918,49.38470862979942,48.815183897650776,49.28978729248047,7266200.0,0.0,0.0,57.119998931884766,49.28978729248047
2016-03-03,49.324307002351745,50.2044822272569,49.324307002351745,50.1268196105957,6848000.0,0.0,0.0,58.09000015258789,50.1268196105957
2016-03-04,50.42882817215198,50.61004309971452,49.88519326475787,50.29939270019531,5410000.0,0.0,0.0,58.290000915527344,50.29939270019531
2016-03-07,50.04915476653535,51.32627073453169,49.729876597477535,50.912071228027344,9373500.0,0.0,0.0,59.0,50.912071228027344
2016-03-08,50.774005974582614,51.774988962860654,50.66182591013551,51.28312683105469,10556900.0,0.0,0.0,59.43000030517578,51.28312683105469
2016-03-09,51.54199890044817,51.593775072219344,50.497870791300386,50.95521545410156,6469000.0,0.0,0.0,59.04999923706055,50.95521545410156
2016-03-10,51.16232585027972,51.30902009179142,50.09230782111829,50.69635009765625,6484100.0,0.0,0.0,58.75,50.69635009765625
2016-03-11,51.36942489563558,51.697334130123856,50.929338871578565,51.30902099609375,7837300.0,0.0,0.0,59.459999084472656,51.30902099609375
2016-03-14,51.35215068318572,51.723204978060615,50.92069250698372,51.403926849365234,4253400.0,0.0,0.0,59.56999969482422,51.403926849365234
2016-03-15,51.22272236054002,51.257239809481334,50.59279373030392,51.11054229736328,3881900.0,0.0,0.0,59.22999954223633,51.11054229736328
2016-03-16,50.834423545215685,51.68871254137949,50.6704705544136,51.51612854003906,4882600.0,0.0,0.0,59.70000076293945,51.51612854003906
2016-03-17,51.38667667693624,52.20644800646518,51.188206277873896,51.844024658203125,4609800.0,0.0,0.0,60.08000183105469,51.844024658203125
2016-03-18,52.04250476294998,53.02622922513865,51.80088586061595,52.8277587890625,8341300.0,0.0,0.0,61.220001220703125,52.8277587890625
2016-03-21,52.6292753060022,52.96581219208376,52.50846423890177,52.819114685058594,3665600.0,0.0,0.0,61.209999084472656,52.819114685058594
2016-03-22,52.439423745087524,52.551603785351745,51.697315203248635,52.30135726928711,4783200.0,0.0,0.0,60.61000061035156,52.30135726928711
2016-03-23,52.37903029325888,52.56024196160972,52.01660366479209,52.318626403808594,3605100.0,0.0,0.0,60.630001068115234,52.318626403808594
2016-03-24,51.96483194374432,52.2237062317067,51.429821351288226,52.18056106567383,3549900.0,0.0,0.0,60.470001220703125,52.18056106567383
2016-03-28,52.43943590903407,52.45669463398304,51.65418202856447,52.016605377197266,3261900.0,0.0,0.0,60.279998779296875,52.016605377197266
2016-03-29,51.869905048458435,52.33588069194663,51.309008074804346,52.29273223876953,4210300.0,0.0,0.0,60.599998474121094,52.29273223876953
2016-03-30,52.620649253806974,52.637907979303826,51.9389444096251,52.025238037109375,5103200.0,0.0,0.0,60.290000915527344,52.025238037109375
2016-03-31,52.215075741461405,53.086623246091634,52.01660534232907,52.98307418823242,6310200.0,0.0,0.0,61.400001525878906,52.98307418823242
2016-04-01,52.620636906684865,53.207420268831434,52.258213631587324,52.724185943603516,4167500.0,0.0,0.0,61.099998474121094,52.724185943603516
2016-04-04,52.64653830776071,52.68968676952593,52.17193485423254,52.310001373291016,3367300.0,0.0,0.0,60.619998931884766,52.310001373291016
2016-04-05,51.89580060127392,52.15467490697782,51.49885977974357,51.93894577026367,4640000.0,0.0,0.0,60.189998626708984,51.93894577026367
2016-04-06,51.886915780803726,52.06900476446506,51.522734505779276,51.921600341796875,4112100.0,0.29,0.0,59.880001068115234,51.921600341796875
2016-04-07,51.548744614473954,51.60944093651394,50.898424043158556,51.03715896606445,4051300.0,0.0,0.0,58.86000061035156,51.03715896606445
2016-04-08,51.15856254000624,52.25109987784453,51.14989305259181,51.59210968017578,4602800.0,0.0,0.0,59.5,51.59210968017578
2016-04-11,51.73951451794862,52.095026351015186,51.40134827524865,51.852237701416016,4033400.0,0.0,0.0,59.79999923706055,51.852237701416016
2016-04-12,52.025652015873874,52.64128810421326,51.85223251428058,52.61527633666992,4360300.0,0.0,0.0,60.68000030517578,52.61527633666992
2016-04-13,52.79736854536789,54.13269448907489,52.75401449425056,53.89857864379883,4689700.0,0.0,0.0,62.15999984741211,53.89857864379883
2016-04-14,53.898582825093555,54.34947226863703,53.73383609498631,54.202064514160156,4017900.0,0.0,0.0,62.5099983215332,54.202064514160156
2016-04-15,54.332114904327526,54.4881921032972,53.681794344521,53.8812255859375,4395700.0,0.0,0.0,62.13999938964844,53.8812255859375
2016-04-18,53.5951022583091,54.30611935132726,53.52573312352566,54.27143478393555,3140100.0,0.0,0.0,62.59000015258789,54.27143478393555
2016-04-19,54.41016446403953,55.15586605206189,54.40149497688438,55.12118148803711,4798400.0,0.0,0.0,63.56999969482422,55.12118148803711
2016-04-20,55.59809175670394,56.647275119810146,55.42466891854288,56.37847137451172,8498700.0,0.0,0.0,65.0199966430664,56.37847137451172
2016-04-21,58.0953327199739,58.390141680769844,56.707982813921426,56.890071868896484,9466700.0,0.0,0.0,65.61000061035156,56.890071868896484
2016-04-22,56.40448942270746,57.41898821208268,56.40448942270746,57.16753005981445,5946300.0,0.0,0.0,65.93000030517578,57.16753005981445
2016-04-25,56.91607795250637,57.09816698926656,56.482530736771004,56.968101501464844,4201700.0,0.0,0.0,65.69999694824219,56.968101501464844
2016-04-26,57.210879046514535,57.60106879594381,56.907390779843055,57.401634216308594,3979600.0,0.0,0.0,66.19999694824219,57.401634216308594
2016-04-27,57.56638208044903,57.80916739238227,57.08081145658256,57.427650451660156,4539700.0,0.0,0.0,66.2300033569336,57.427650451660156
2016-04-28,56.99410326559543,57.65309007818812,56.8466922275385,57.0894775390625,3797800.0,0.0,0.0,65.83999633789062,57.0894775390625
2016-04-29,56.85535947130399,57.04612123042276,56.23105066524363,56.73396682739258,5051200.0,0.0,0.0,65.43000030517578,56.73396682739258
2016-05-02,56.86405177164256,57.27158719403624,56.51721269202632,56.95075988769531,4330000.0,0.0,0.0,65.68000030517578,56.95075988769531
2016-05-03,56.387141080864616,56.4044866714328,55.78017771906808,56.23106384277344,4745400.0,0.0,0.0,64.8499984741211,56.23106384277344
2016-05-04,55.60674831333387,56.144349095484614,55.346624024218634,55.71947479248047,4998000.0,0.0,0.0,64.26000213623047,55.71947479248047
2016-05-05,55.89289139129758,56.118337735824994,55.311939864442074,55.424659729003906,4037200.0,0.0,0.0,63.91999816894531,55.424659729003906
2016-05-06,55.285932361300915,56.10967262644639,55.017135239159295,55.936256408691406,3667700.0,0.0,0.0,64.51000213623047,55.936256408691406
2016-05-09,55.69345759079621,55.996939206186816,55.29459178638087,55.476680755615234,4261100.0,0.0,0.0,63.97999954223633,55.476680755615234
2016-05-10,55.78884587201388,56.473851184784614,55.48536748808483,56.22239303588867,4042300.0,0.0,0.0,64.83999633789062,56.22239303588867
2016-05-11,56.03163743565663,56.63860081453155,55.84954842199415,56.005619049072266,4959500.0,0.0,0.0,64.58999633789062,56.005619049072266
2016-05-12,56.42183453906145,56.67329271869568,55.55474010531813,55.78885269165039,3607800.0,0.0,0.0,64.33999633789062,55.78885269165039
2016-05-13,55.79750763271202,56.34378118501853,55.53738335507392,55.598079681396484,4524000.0,0.0,0.0,64.12000274658203,55.598079681396484
2016-05-16,55.511375913847424,55.75416788239149,55.20789422242323,55.55473327636719,4879500.0,0.0,0.0,64.06999969482422,55.55473327636719
2016-05-17,55.37264424519011,55.58074503133325,54.271434053100364,54.41883850097656,7977600.0,0.0,0.0,62.7599983215332,54.41883850097656
2016-05-18,54.219395175614956,55.15585842863727,54.219395175614956,55.07781982421875,5316800.0,0.0,0.0,63.52000045776367,55.07781982421875
2016-05-19,54.678966793744536,55.08649885838901,54.037315567562686,54.40149688720703,4587000.0,0.0,0.0,62.7400016784668,54.40149688720703
2016-05-20,54.76566959176613,55.61542151164989,54.58358060344144,55.424659729003906,5278200.0,0.0,0.0,63.91999816894531,55.424659729003906
2016-05-23,55.37263128279483,55.58073202022286,55.112503707159,55.13851547241211,3074100.0,0.0,0.0,63.59000015258789,55.13851547241211
2016-05-24,55.3119345918295,56.44782576970149,55.3119345918295,56.24839782714844,3946100.0,0.0,0.0,64.87000274658203,56.24839782714844
2016-05-25,56.39581223156247,57.020121165721406,56.36980046187323,56.62992477416992,5755900.0,0.0,0.0,65.30999755859375,56.62992477416992
2016-05-26,56.612585673051335,56.681954802337216,56.31777018128848,56.56056213378906,3593500.0,0.0,0.0,65.2300033569336,56.56056213378906
2016-05-27,56.69927662053207,56.96807364592521,56.64725309701141,56.81199645996094,3957100.0,0.0,0.0,65.5199966430664,56.81199645996094
2016-05-31,56.96808474961746,57.15884652691113,56.707960465910844,57.02011489868164,5256000.0,0.0,0.0,65.76000213623047,57.02011489868164
2016-06-01,57.02011917204482,57.19353537417922,56.517202924289386,57.150184631347656,3816000.0,0.0,0.0,65.91000366210938,57.150184631347656
2016-06-02,57.10682811894119,57.58373260498047,56.881381760504055,57.58373260498047,3052200.0,0.0,0.0,66.41000366210938,57.58373260498047
2016-06-03,56.8206838611611,57.07214198183228,56.16169039372643,56.7859992980957,4352000.0,0.0,0.0,65.48999786376953,56.7859992980957
2016-06-06,56.83803461533695,57.401640624004344,56.79467725371427,57.17620086669922,3915200.0,0.0,0.0,65.94000244140625,57.17620086669922
2016-06-07,57.35828555861409,57.74847532221799,57.12416640812849,57.13283920288086,3779500.0,0.0,0.0,65.88999938964844,57.13283920288086
2016-06-08,57.17620818127342,57.731148080933615,57.17620818127342,57.453678131103516,2601100.0,0.0,0.0,66.26000213623047,57.453678131103516
2016-06-09,56.98543365884122,57.03745719553372,56.27441665729321,56.97676086425781,3883800.0,0.0,0.0,65.70999908447266,56.97676086425781
2016-06-10,56.586571647473804,56.77733343770271,56.10966717190156,56.335113525390625,3939100.0,0.0,0.0,64.97000122070312,56.335113525390625
2016-06-13,56.18771418002847,56.26574949287574,55.173212112884016,55.20789337158203,5883400.0,0.0,0.0,63.66999816894531,55.20789337158203
2016-06-14,55.13852333537453,55.19921966808836,52.35515159451877,52.95344543457031,12323200.0,0.0,0.0,61.06999969482422,52.95344543457031
2016-06-15,53.30027721348805,53.898570972235014,52.77134926511533,53.256919860839844,5979900.0,0.0,0.0,61.41999816894531,53.256919860839844
2016-06-16,52.84071401475974,53.85521584619337,52.597928721771176,53.69913864135742,5543600.0,0.0,0.0,61.93000030517578,53.69913864135742
2016-06-17,53.6991469552029,54.132694078491994,53.43034654799093,53.638450622558594,6521500.0,0.0,0.0,61.86000061035156,53.638450622558594
2016-06-20,54.323462577971895,54.98245283134126,53.959281229442205,54.01997756958008,4289100.0,0.0,0.0,62.29999923706055,54.01997756958008
2016-06-21,54.01996862001171,54.17604584242368,53.543067466064876,54.01129913330078,3360600.0,0.0,0.0,62.290000915527344,54.01129913330078
2016-06-22,54.01130772450995,54.31478942319381,53.65579917417924,53.716495513916016,3462800.0,0.0,0.0,61.95000076293945,53.716495513916016
2016-06-23,54.48818817945324,54.86103887150843,54.167364319208495,54.84369659423828,3624600.0,0.0,0.0,63.25,54.84369659423828
2016-06-24,52.4418720210811,53.49972831020022,52.025667081354605,52.077693939208984,10798700.0,0.0,0.0,60.060001373291016,52.077693939208984
2016-06-27,51.45337055338135,51.45337055338135,49.71051264668125,50.00532150268555,7567600.0,0.0,0.0,57.66999816894531,50.00532150268555
2016-06-28,50.508239350571195,50.82039380540362,49.55443701209615,50.20475769042969,8294300.0,0.0,0.0,57.900001525878906,50.20475769042969
2016-06-29,50.501059120195215,52.026112654221414,50.42262766261404,51.965110778808594,6281100.0,0.29,0.0,59.630001068115234,51.965110778808594
2016-06-30,52.17425018525972,52.94984817504883,51.259218886343945,52.94984817504883,8535400.0,0.0,0.0,60.7599983215332,52.94984817504883
2016-07-01,52.949860674537184,53.6121715425,52.784284619723024,52.888858795166016,4166500.0,0.0,0.0,60.689998626708984,52.888858795166016
2016-07-05,52.47926729276572,52.62741374189423,51.38122698130253,51.54680633544922,4911800.0,0.0,0.0,59.150001525878906,51.54680633544922
2016-07-06,51.19822396595761,52.05225351574402,50.76249440028989,51.834388732910156,5484400.0,0.0,0.0,59.47999954223633,51.834388732910156
2016-07-07,51.83439181891682,52.57513411926436,51.74724723033615,52.12197494506836,5077400.0,0.0,0.0,59.810001373291016,52.12197494506836
2016-07-08,52.88014212131544,53.68188295322886,52.76685149963971,53.58602523803711,5768400.0,0.0,0.0,61.4900016784668,53.58602523803711
2016-07-11,53.986889566905994,54.431332225902565,53.908458118335716,54.16989517211914,3414400.0,0.0,0.0,62.15999984741211,54.16989517211914
2016-07-12,54.57948139993199,55.18950340167586,54.57948139993199,54.901920318603516,4531900.0,0.0,0.0,63.0,54.901920318603516
2016-07-13,54.88449672542458,55.20693567926772,54.588200482220586,54.989070892333984,3887600.0,0.0,0.0,63.099998474121094,54.989070892333984
2016-07-14,55.47708211360131,55.77337831889454,55.25921735454313,55.433509826660156,4417200.0,0.0,0.0,63.61000061035156,55.433509826660156
2016-07-15,55.7298148272664,55.869248162095,55.17208148795203,55.5816650390625,3675600.0,0.0,0.0,63.779998779296875,55.5816650390625
2016-07-18,55.738532916978144,55.87796958856943,55.37252162711069,55.764678955078125,3260000.0,0.0,0.0,63.9900016784668,55.764678955078125
2016-07-19,55.50322495780922,55.92152489731049,55.33764893728343,55.91281509399414,3840500.0,0.0,0.0,64.16000366210938,55.91281509399414
2016-07-20,56.026105369174545,56.47055136413565,55.33765189422072,56.19168472290039,8315800.0,0.0,0.0,64.4800033569336,56.19168472290039
2016-07-21,55.59909607640488,56.10454068175291,54.797355211248345,55.27665710449219,9498600.0,0.0,0.0,63.43000030517578,55.27665710449219
2016-07-22,55.25050957228842,56.069676624480934,55.22436353811222,56.017391204833984,4063400.0,0.0,0.0,64.27999877929688,56.017391204833984
2016-07-25,55.94766493754481,56.13938698064199,55.808234955377,56.06095886230469,3060300.0,0.0,0.0,64.33000183105469,56.06095886230469
2016-07-26,56.14809534121389,56.25267279929834,55.755938184276644,56.09580993652344,2745900.0,0.0,0.0,64.37000274658203,56.09580993652344
2016-07-27,56.00867378796474,56.59255644169613,55.95638836921773,56.287540435791016,3168500.0,0.0,0.0,64.58999633789062,56.287540435791016
2016-07-28,56.08710628773812,56.618696852435384,55.82566590720649,56.46183395385742,3044000.0,0.0,0.0,64.79000091552734,56.46183395385742
2016-07-29,56.38339987417291,56.41825903525317,55.92152762509345,56.174251556396484,3732700.0,0.0,0.0,64.45999908447266,56.174251556396484
2016-08-01,56.20039879996526,56.41826358776803,55.73852651361629,55.88667297363281,2913900.0,0.0,0.0,64.12999725341797,55.88667297363281
2016-08-02,55.73852510507319,55.965106340299826,55.07621762960488,55.3115119934082,2531000.0,0.0,0.0,63.470001220703125,55.3115119934082
2016-08-03,55.337634434756666,55.79079009052532,55.31149173424927,55.62521743774414,3034500.0,0.0,0.0,63.83000183105469,55.62521743774414
2016-08-04,55.66881061816931,55.79081104113468,55.34636834385384,55.72109603881836,3680000.0,0.0,0.0,63.939998626708984,55.72109603881836
2016-08-05,56.24395079829266,57.26355598135396,56.07837150150902,57.09797668457031,4863800.0,0.0,0.0,65.5199966430664,57.09797668457031
2016-08-08,57.3681526184082,57.73416383495568,57.176430557729496,57.3681526184082,3253700.0,0.0,0.0,65.83000183105469,57.3681526184082
2016-08-09,57.36816635059341,57.52502928790553,56.79300003088005,56.98472213745117,3701600.0,0.0,0.0,65.38999938964844,56.98472213745117
2016-08-10,57.01956370111324,57.080565566304614,56.27882486701663,56.41825485229492,2883000.0,0.0,0.0,64.73999786376953,56.41825485229492
2016-08-11,56.644826244276935,57.219992286750355,56.54896523719803,57.06312942504883,2450100.0,0.0,0.0,65.4800033569336,57.06312942504883
2016-08-12,56.78427108746107,57.089280404798586,56.65355090897229,56.97598648071289,2103800.0,0.0,0.0,65.37999725341797,56.97598648071289
2016-08-15,56.88012570072677,57.35943080764822,56.88012570072677,57.193851470947266,3136700.0,0.0,0.0,65.62999725341797,57.193851470947266
2016-08-16,57.176446035706455,57.228731466880014,56.88886286683805,56.90629577636719,2805600.0,0.0,0.0,65.30000305175781,56.90629577636719
2016-08-17,56.993434498022715,57.38558848878069,56.723277617847934,57.23744201660156,3054500.0,0.0,0.0,65.68000030517578,57.23744201660156
2016-08-18,57.09799044956298,57.32457164998989,56.88012570072677,57.193851470947266,2807500.0,0.0,0.0,65.62999725341797,57.193851470947266
2016-08-19,57.05442311298785,57.23742870937471,56.70583817518707,57.10670852661133,2783200.0,0.0,0.0,65.52999877929688,57.10670852661133
2016-08-22,57.10672267683746,57.11543913083608,56.609991178217435,56.95857620239258,3230700.0,0.0,0.0,65.36000061035156,56.95857620239258
2016-08-23,57.281017637221886,57.76031622051428,57.23744201660156,57.23744201660156,3551700.0,0.0,0.0,65.68000030517578,57.23744201660156
2016-08-24,57.38558113515739,57.62087881842515,56.68841783551321,56.784278869628906,4128200.0,0.0,0.0,65.16000366210938,56.784278869628906
2016-08-25,56.64482879638672,56.77554896181145,56.43568052092943,56.64482879638672,4243800.0,0.0,0.0,65.0,56.64482879638672
2016-08-26,56.880130584261956,57.07185264349114,56.22653628163794,56.46183395385742,3623600.0,0.0,0.0,64.79000091552734,56.46183395385742
2016-08-29,56.644821041666255,57.315841380884414,56.47053194409613,57.09797668457031,4173800.0,0.0,0.0,65.5199966430664,57.09797668457031
2016-08-30,57.315865411030366,57.49016123037833,56.731989375802456,57.0369987487793,3775800.0,0.0,0.0,65.44999694824219,57.0369987487793
2016-08-31,57.054418981607874,57.272283720869424,56.52282848591335,57.1502799987793,4783600.0,0.0,0.0,65.58000183105469,57.1502799987793
2016-09-01,57.12414750799409,57.202575636773645,56.139394455281554,56.5228385925293,3657700.0,0.0,0.0,64.86000061035156,56.5228385925293
2016-09-02,56.69713847282227,57.22872916405248,56.52284927678569,56.81043243408203,3131700.0,0.0,0.0,65.19000244140625,56.81043243408203
2016-09-06,56.78427010879999,57.315853967738256,56.68840908947398,57.30714416503906,3956400.0,0.0,0.0,65.76000213623047,57.30714416503906
2016-09-07,57.07185935554294,57.69059457028334,56.914996438516795,57.681884765625,3200700.0,0.0,0.0,66.19000244140625,57.681884765625
2016-09-08,57.64702048120354,58.13503544696357,57.55987590141857,57.72544860839844,4078900.0,0.0,0.0,66.23999786376953,57.72544860839844
2016-09-09,57.289720564083375,57.53372805336629,56.749420166015625,56.749420166015625,5144900.0,0.0,0.0,65.12000274658203,56.749420166015625
2016-09-12,56.40082773819299,57.59472231713716,55.89537992076174,57.42914962768555,4923200.0,0.0,0.0,65.9000015258789,57.42914962768555
2016-09-13,56.83655237834584,56.923696941451645,55.80823057680779,56.08709716796875,5620300.0,0.0,0.0,64.36000061035156,56.08709716796875
2016-09-14,56.08710972147698,56.08710972147698,55.19822101656689,55.32022476196289,5403300.0,0.0,0.0,63.47999954223633,55.32022476196289
2016-09-15,55.250489883497664,55.92151024176536,55.12848285764291,55.62521743774414,4634300.0,0.0,0.0,63.83000183105469,55.62521743774414
2016-09-16,55.22436118150727,55.729809045543504,55.04135557184694,55.47708511352539,10475800.0,0.0,0.0,63.65999984741211,55.47708511352539
2016-09-19,55.73852375389566,56.27883079442895,55.48579981471261,55.82566833496094,3388600.0,0.0,0.0,64.05999755859375,55.82566833496094
2016-09-20,56.22653257520048,56.33111005026043,55.51193977507139,55.52936935424805,2927600.0,0.0,0.0,63.720001220703125,55.52936935424805
2016-09-21,55.76467058638403,56.209113275146734,55.52937622491457,56.017391204833984,3849300.0,0.0,0.0,64.27999877929688,56.017391204833984
2016-09-22,56.07839165563065,56.714559722930765,56.060965399091934,56.3223991394043,3213700.0,0.0,0.0,64.62999725341797,56.3223991394043
2016-09-23,56.21782824409634,56.49669488936169,55.59037663007299,55.642662048339844,5083900.0,0.0,0.0,63.849998474121094,55.642662048339844
2016-09-26,55.285362472252565,55.88666803670292,54.77120148548399,55.2679328918457,6946600.0,0.0,0.0,63.41999816894531,55.2679328918457
2016-09-27,55.71238184238435,56.139394949813834,55.40737247993472,56.017391204833984,3916300.0,0.0,0.0,64.27999877929688,56.017391204833984
2016-09-28,56.008675931833096,56.20911445921113,55.53809052333387,55.96510696411133,3580100.0,0.0,0.0,64.22000122070312,55.96510696411133
2016-09-29,55.95638718582869,56.479261308356826,54.86706332693456,55.224361419677734,4132500.0,0.0,0.0,63.369998931884766,55.224361419677734
2016-09-30,55.58165396677668,56.095818234200806,55.450937111363174,55.80823516845703,4307000.0,0.0,0.0,64.04000091552734,55.80823516845703
2016-10-03,55.62523292470134,55.816954980071486,55.37250900159569,55.60780334472656,2770000.0,0.0,0.0,63.810001373291016,55.60780334472656
2016-10-04,55.63395585467085,56.10454129949267,55.520665227050294,55.6949577331543,3709400.0,0.0,0.0,63.90999984741211,55.6949577331543
2016-10-05,55.85259450469755,56.518234739480974,55.78252535309875,56.36934280395508,3345000.0,0.32,0.0,64.36000061035156,56.36934280395508
2016-10-06,55.66867198769496,55.77377238155326,54.0921493744141,54.24980163574219,7975900.0,0.0,0.0,61.939998626708984,54.24980163574219
2016-10-07,54.39870303962973,54.538838027558015,53.846920062938885,54.09215545654297,4217400.0,0.0,0.0,61.7599983215332,54.09215545654297
2016-10-10,54.433736207214224,54.7315234664579,54.188497478901944,54.21477508544922,2522900.0,0.0,0.0,61.900001525878906,54.21477508544922
2016-10-11,53.890712080540176,54.03960738584425,53.032384854512514,53.303897857666016,3926500.0,0.0,0.0,60.86000061035156,53.303897857666016
2016-10-12,53.26886331683565,53.47030715504343,53.058662503523905,53.15500259399414,3293800.0,0.0,0.0,60.689998626708984,53.15500259399414
2016-10-13,52.7521034605025,53.04113369238461,52.11273750216199,52.90975570678711,4220500.0,0.0,0.0,60.40999984741211,52.90975570678711
2016-10-14,53.43526840310118,53.60168098682689,52.63825008756249,52.682044982910156,4963800.0,0.0,0.0,60.150001525878906,52.682044982910156
2016-10-17,52.78715053174399,52.91852520736077,52.357985239466274,52.46308898925781,3903900.0,0.0,0.0,59.900001525878906,52.46308898925781
2016-10-18,53.006097831139414,53.04988937824893,52.44555800954358,52.6207275390625,3416600.0,0.0,0.0,60.08000183105469,52.6207275390625
2016-10-19,52.918528496577615,54.02209455040996,52.78715381279507,53.64548110961914,7888500.0,0.0,0.0,61.25,53.64548110961914
2016-10-20,57.227684646126164,59.36474767151235,56.71093952430873,58.4889030456543,25870700.0,0.0,0.0,66.77999877929688,58.4889030456543
2016-10-21,58.1998692521861,59.198331531677084,58.15608103279736,58.996891021728516,8561200.0,0.0,0.0,67.36000061035156,58.996891021728516
2016-10-24,59.28592240832914,59.49612323882729,58.74289635719801,58.76041030883789,5174000.0,0.0,0.0,67.08999633789062,58.76041030883789
2016-10-25,58.62026235654492,59.014389639457264,58.33999243305652,58.45384979248047,3882300.0,0.0,0.0,66.73999786376953,58.45384979248047
2016-10-26,58.24365269809871,58.74288373965305,57.928348178994646,58.50640869140625,3621800.0,0.0,0.0,66.80000305175781,58.50640869140625
2016-10-27,58.68156334534757,58.87425014488107,58.18233240208404,58.62025451660156,4751300.0,0.0,0.0,66.93000030517578,58.62025451660156
2016-10-28,58.8129354541675,58.87424427680277,58.06846927012194,58.1998405456543,4994500.0,0.0,0.0,66.44999694824219,58.1998405456543
2016-10-31,58.515166606069364,58.53268723739192,58.07724437328714,58.173587799072266,3233400.0,0.0,0.0,66.41999816894531,58.173587799072266
2016-11-01,58.4801402252923,58.51517481068676,57.569267733692065,58.02470397949219,3761600.0,0.0,0.0,66.25,58.02470397949219
2016-11-02,57.59552522884367,57.83200025868353,57.05249933661908,57.32400894165039,3659000.0,0.0,0.0,65.44999694824219,57.32400894165039
2016-11-03,57.39408023230983,57.59552737663235,56.96491836399413,57.21891403198242,3796500.0,0.0,0.0,65.33000183105469,57.21891403198242
2016-11-04,57.36781515390332,57.87580657119906,56.95616716685896,57.3765754699707,3429900.0,0.0,0.0,65.51000213623047,57.3765754699707
2016-11-07,58.55021680731486,58.97062520309935,58.3750505403341,58.68159484863281,4012100.0,0.0,0.0,67.0,58.68159484863281
2016-11-08,58.49765021860954,58.909298169412594,58.07724195251036,58.74288558959961,3956000.0,0.0,0.0,67.06999969482422,58.74288558959961
2016-11-09,58.82172559491758,60.43327642549203,58.73413579059879,60.2055549621582,9319100.0,0.0,0.0,68.73999786376953,60.2055549621582
2016-11-10,60.64349204996266,61.659475224882236,60.47708608192036,61.405479431152344,9418700.0,0.0,0.0,70.11000061035156,61.405479431152344
2016-11-11,61.28282432983867,61.82584349789776,61.0025544321484,61.74702072143555,4656100.0,0.0,0.0,70.5,61.74702072143555
2016-11-14,62.00980116708733,63.65638663112884,61.86090250468757,63.42866516113281,8084100.0,0.0,0.0,72.41999816894531,63.42866516113281
2016-11-15,63.174667253329076,63.48121820256242,62.395166110425016,63.47245788574219,4431200.0,0.0,0.0,72.47000122070312,63.47245788574219
2016-11-16,63.01701939447666,63.4111534931471,62.43020508735358,62.78054428100586,4663700.0,0.0,0.0,71.68000030517578,62.78054428100586
2016-11-17,62.50025760839723,63.06079749601099,62.46522303015105,62.86811065673828,3797400.0,0.0,0.0,71.77999877929688,62.86811065673828
2016-11-18,62.6491367109497,62.71044553977127,61.983493225057494,62.184940338134766,5430600.0,0.0,0.0,71.0,62.184940338134766
2016-11-21,62.456454635600586,62.77175911686545,62.14991046830466,62.657901763916016,3368200.0,0.0,0.0,71.54000091552734,62.657901763916016
2016-11-22,62.903127207852094,62.95567571908044,62.071077929987,62.81554412841797,4086200.0,0.0,0.0,71.72000122070312,62.81554412841797
2016-11-23,63.00823864366872,63.8665622824655,62.63162534194645,63.83152770996094,4661400.0,0.0,0.0,72.87999725341797,63.83152770996094
2016-11-25,63.9103769419558,64.09430349288897,63.463694357024664,63.81403350830078,1900400.0,0.0,0.0,72.86000061035156,63.81403350830078
2016-11-28,63.52498734872832,63.7351881141533,63.03451666868274,63.17464828491211,4467700.0,0.0,0.0,72.12999725341797,63.17464828491211
2016-11-29,63.23596926709806,63.288524480171176,62.52653737116076,62.61412048339844,3814800.0,0.0,0.0,71.48999786376953,62.61412048339844
2016-11-30,63.060794433465034,63.349824678337356,62.86810760355016,63.095829010009766,4812500.0,0.0,0.0,72.04000091552734,63.095829010009766
2016-12-01,63.45492855055607,63.73519851089542,62.868114365183494,63.52499771118164,4298200.0,0.0,0.0,72.52999877929688,63.52499771118164
2016-12-02,63.516244393647476,63.638868779334196,62.561577033051826,62.93819046020508,2959100.0,0.0,0.0,71.86000061035156,62.93819046020508
2016-12-05,63.34981879429244,63.62132838459298,63.05202826240271,63.08706283569336,3929100.0,0.0,0.0,72.02999877929688,63.08706283569336
2016-12-06,63.472455687910674,63.708930776557715,63.13087684755182,63.33231735229492,3843900.0,0.0,0.0,72.30999755859375,63.33231735229492
2016-12-07,63.47244597221451,65.44309591056009,63.26224518312984,65.06648254394531,5801500.0,0.0,0.0,74.29000091552734,65.06648254394531
2016-12-08,65.51317652120485,65.86350900353982,64.80373787549986,65.6095199584961,3415800.0,0.0,0.0,74.91000366210938,65.6095199584961
2016-12-09,65.54819391359541,65.60950943855273,65.06648348654123,65.48688507080078,2566900.0,0.0,0.0,74.7699966430664,65.48688507080078
2016-12-12,65.42558269495586,65.42558269495586,64.0680277039845,64.44464111328125,3654900.0,0.0,0.0,73.58000183105469,64.44464111328125
2016-12-13,64.52346368832006,65.01394115961807,64.0329928991854,64.67235565185547,2892900.0,0.0,0.0,73.83999633789062,64.67235565185547
2016-12-14,64.40084535073962,66.32770727005729,64.14684964255925,64.8738021850586,5415800.0,0.0,0.0,74.06999969482422,64.8738021850586
2016-12-15,65.28544124412409,66.33645183300743,65.11026835786862,65.63578033447266,4061600.0,0.0,0.0,74.94000244140625,65.63578033447266
2016-12-16,65.94230431138072,66.02112707440276,65.3204557907302,65.68830871582031,8200600.0,0.0,0.0,75.0,65.68830871582031
2016-12-19,65.40806972455466,65.80219708992938,64.93511287680693,65.2942123413086,3076600.0,0.0,0.0,74.55000305175781,65.2942123413086
2016-12-20,65.68832672105566,66.12624889919604,65.27667880445777,65.74087524414062,3244900.0,0.0,0.0,75.05999755859375,65.74087524414062
2016-12-21,65.78467850514193,66.18756615843431,65.41682543241798,65.9686050415039,3244500.0,0.0,0.0,75.31999969482422,65.9686050415039
2016-12-22,65.68833341005693,66.0123982604585,65.25041118732321,65.32048034667969,2865200.0,0.0,0.0,74.58000183105469,65.32048034667969
2016-12-23,65.46060121038673,65.89852336105164,65.46060121038673,65.66204833984375,1957500.0,0.0,0.0,74.97000122070312,65.66204833984375
2016-12-27,65.77591920471914,65.78467952053722,65.50440955382682,65.67082214355469,2049400.0,0.0,0.0,74.9800033569336,65.67082214355469
2016-12-28,65.71461243386608,66.02115667554956,64.94387167161,65.13655853271484,2517300.0,0.0,0.0,74.37000274658203,65.13655853271484
2016-12-29,65.04896825062619,65.4080677040349,64.37457092395562,64.74242401123047,2573700.0,0.0,0.0,73.91999816894531,64.74242401123047
2016-12-30,64.77744175265299,65.11026017144903,64.67233803411457,64.8825454711914,3378800.0,0.0,0.0,74.08000183105469,64.8825454711914
2017-01-03,65.59201576306934,66.34524281675024,65.46063770818725,65.99490356445312,5853900.0,0.0,0.0,75.3499984741211,65.99490356445312
2017-01-04,66.19717198396471,67.33183063451936,66.02125201256433,67.07675170898438,4635800.0,0.32,0.0,76.26000213623047,67.07675170898438
2017-01-05,66.84807649004902,67.00640115016247,65.81017187611913,66.24996185302734,3383000.0,0.0,0.0,75.31999969482422,66.24996185302734
2017-01-06,66.32033426961624,66.77771292332098,66.02127357588923,66.38190460205078,3089600.0,0.0,0.0,75.47000122070312,66.38190460205078
2017-01-09,66.9711804704808,67.28782961729726,66.43463645563396,66.72489929199219,4818700.0,0.0,0.0,75.86000061035156,66.72489929199219
2017-01-10,67.30543489143464,68.6072157846546,66.95360838414429,67.41978454589844,9561400.0,0.0,0.0,76.6500015258789,67.41978454589844
2017-01-11,67.43738690565047,68.11466716234916,66.93602664904448,67.64849090576172,4500200.0,0.0,0.0,76.91000366210938,67.64849090576172
2017-01-12,67.57811823669506,67.68366351879664,66.70732939538885,67.6220932006836,4056700.0,0.0,0.0,76.87999725341797,67.6220932006836
2017-01-13,67.66608499214276,68.28178826532745,67.20870637644303,67.39341735839844,3454300.0,0.0,0.0,76.62000274658203,67.39341735839844
2017-01-17,68.07949833992602,68.3433683328993,67.26148861144847,67.3758316040039,6450300.0,0.0,0.0,76.5999984741211,67.3758316040039
2017-01-18,67.82440767853356,68.2641976353594,67.29666107247499,68.15864562988281,5988400.0,0.0,0.0,77.48999786376953,68.15864562988281
2017-01-19,68.26417532966833,68.41370225557147,67.3845957034241,67.45496368408203,8111400.0,0.0,0.0,76.69000244140625,67.45496368408203
2017-01-20,66.83927583959725,67.64849446123092,66.3115292329055,67.02398681640625,8465900.0,0.0,0.0,76.19999694824219,67.02398681640625
2017-01-23,66.77770411193883,67.27027341708312,66.61058849490354,66.82168579101562,4444300.0,0.0,0.0,75.97000122070312,66.82168579101562
2017-01-24,67.13832902223517,68.30817178905659,66.9272250345416,68.10586547851562,4024300.0,0.0,0.0,77.43000030517578,68.10586547851562
2017-01-25,68.60723174129794,68.62482038648903,67.19990525283961,67.63089752197266,5278300.0,0.0,0.0,76.88999938964844,67.63089752197266
2017-01-26,67.68366530408332,68.13225289683149,67.40220002661931,67.66607666015625,3344900.0,0.0,0.0,76.93000030517578,67.66607666015625
2017-01-27,67.7276337866726,67.99151036880684,67.32302794855092,67.59569549560547,3530900.0,0.0,0.0,76.8499984741211,67.59569549560547
2017-01-30,67.57812210701444,68.00911435848941,67.32304314289118,67.97393035888672,5344500.0,0.0,0.0,77.27999877929688,67.97393035888672
2017-01-31,67.60448261751397,67.94751809434139,66.8216573795581,67.18228149414062,5568100.0,0.0,0.0,76.37999725341797,67.18228149414062
2017-02-01,67.5957147569332,68.11467039349702,67.35823113386986,67.51655578613281,3916800.0,0.0,0.0,76.76000213623047,67.51655578613281
2017-02-02,67.05037247224861,67.63089166252766,66.90083880310058,67.2966537475586,3655500.0,0.0,0.0,76.51000213623047,67.2966537475586
2017-02-03,67.85079463590284,68.97665586218558,67.64849501184449,68.64241790771484,5235800.0,0.0,0.0,78.04000091552734,68.64241790771484
2017-02-06,68.36094929901874,68.96786156320185,68.14985200695318,68.44890594482422,3229500.0,0.0,0.0,77.81999969482422,68.44890594482422
2017-02-07,68.6600159071197,68.94148125203483,68.18504187932606,68.3609619140625,2060200.0,0.0,0.0,77.72000122070312,68.3609619140625
2017-02-08,68.20261232535077,68.55444555564424,67.79800645924455,68.43130493164062,2223100.0,0.0,0.0,77.80000305175781,68.43130493164062
2017-02-09,68.43132598410217,68.93268631054593,68.31697629044793,68.76556396484375,3031800.0,0.0,0.0,78.18000030517578,68.76556396484375
2017-02-10,69.04702284958846,69.21414517969362,68.80953922687357,69.02943420410156,2191200.0,0.0,0.0,78.4800033569336,69.02943420410156
2017-02-13,69.32849574796812,69.64514508672298,69.02944176729014,69.40766143798828,3317100.0,0.0,0.0,78.91000366210938,69.40766143798828
2017-02-14,69.48680405917204,69.88261228410533,69.1965411152016,69.8474349975586,3511200.0,0.0,0.0,79.41000366210938,69.8474349975586
2017-02-15,70.18167156124404,70.45433914605893,69.19653979026528,70.0145492553711,5704100.0,0.0,0.0,79.5999984741211,70.0145492553711
2017-02-16,69.89140498666978,70.01454561280298,69.4164311241585,69.93538665771484,4295000.0,0.0,0.0,79.51000213623047,69.93538665771484
2017-02-17,69.68033576015394,70.17289846283515,69.3988703999556,70.111328125,2690300.0,0.0,0.0,79.70999908447266,70.111328125
2017-02-21,70.29603753833734,70.76221390142943,70.0497561926029,70.34001922607422,3505500.0,0.0,0.0,79.97000122070312,70.34001922607422
2017-02-22,70.21687691686704,70.34001758686458,69.82985954792436,70.2432632446289,2943000.0,0.0,0.0,79.86000061035156,70.2432632446289
2017-02-23,70.25203761893997,70.76218877798121,70.16407427469676,70.41036224365234,3339500.0,0.0,0.0,80.05000305175781,70.41036224365234
2017-02-24,70.15530395507812,70.26964694131935,69.71551394707855,70.15530395507812,3932300.0,0.0,0.0,79.76000213623047,70.15530395507812
2017-02-27,70.146470222521,70.63903263090445,70.00573427117743,70.5158920288086,2619400.0,0.0,0.0,80.16999816894531,70.5158920288086
2017-02-28,70.47195355874221,70.79739387104314,70.16409518347173,70.41917419433594,4415300.0,0.0,0.0,80.05999755859375,70.41917419433594
2017-03-01,71.28996074494599,72.12555904967097,71.26356770833695,72.05519104003906,4746400.0,0.0,0.0,81.91999816894531,72.05519104003906
2017-03-02,71.82647929705927,71.82647929705927,70.4191464521471,70.45433044433594,4409800.0,0.0,0.0,80.0999984741211,70.45433044433594
2017-03-03,70.45434237471056,70.9469116381031,70.20806109834504,70.26083374023438,4579600.0,0.0,0.0,79.87999725341797,70.26083374023438
2017-03-06,69.92658996582031,70.08491458888633,69.565959048024,69.92658996582031,3670300.0,0.0,0.0,79.5,69.92658996582031
2017-03-07,70.16407910308465,70.3839740575029,69.77706854655831,69.99696350097656,4433500.0,0.0,0.0,79.58000183105469,69.99696350097656
2017-03-08,70.3664146025683,70.6918616859443,69.4604480882665,69.52201843261719,4326800.0,0.0,0.0,79.04000091552734,69.52201843261719
2017-03-09,69.65395517901436,70.10253622997439,69.3197104226158,69.7507095336914,4573500.0,0.0,0.0,79.30000305175781,69.7507095336914
2017-03-10,69.82105255126953,69.89142055635317,69.38126258549032,69.82105255126953,3762800.0,0.0,0.0,79.37999725341797,69.82105255126953
2017-03-13,69.82103573084629,69.96177170710918,69.53957048898123,69.6715087890625,3664300.0,0.0,0.0,79.20999908447266,69.6715087890625
2017-03-14,69.4516383665908,70.19048908136826,69.33729537852444,70.09373474121094,3321400.0,0.0,0.0,79.69000244140625,70.09373474121094
2017-03-15,70.23444497791039,70.26962897483409,69.47800582070387,69.6891098022461,4337200.0,0.0,0.0,79.2300033569336,69.6891098022461
2017-03-16,69.9002078449396,70.45434070361867,69.82983985031521,70.16407775878906,3474800.0,0.0,0.0,79.7699966430664,70.16407775878906
2017-03-17,70.29602776949326,70.33121177266067,69.46922718237774,69.70671081542969,6672600.0,0.0,0.0,79.25,69.70671081542969
2017-03-20,69.61870436051746,70.01451236934692,69.33723924718906,69.35482788085938,3099500.0,0.0,0.0,78.8499984741211,69.35482788085938
2017-03-21,69.42523013432307,69.60114340056141,68.00910619592334,68.19381713867188,6804000.0,0.0,0.0,77.52999877929688,68.19381713867188
2017-03-22,68.10588873486812,68.76557382268719,67.78044167570509,68.31698608398438,4877300.0,0.0,0.0,77.66999816894531,68.31698608398438
2017-03-23,68.2290156974349,68.95906865840854,68.17624304843135,68.46649932861328,4082900.0,0.0,0.0,77.83999633789062,68.46649932861328
2017-03-24,68.70397550326696,69.34606496928198,68.49287824011992,68.78313446044922,4726800.0,0.0,0.0,78.19999694824219,68.78313446044922
2017-03-27,67.91237356459486,68.44891792175129,67.43739954134182,68.25540924072266,3835300.0,0.0,0.0,77.5999984741211,68.25540924072266
2017-03-28,68.17625061801091,69.3636823270676,68.07069859762201,69.17017364501953,4235900.0,0.0,0.0,78.63999938964844,69.17017364501953
2017-03-29,69.00303119200225,69.78585666088394,68.73036360707931,68.82711791992188,2913600.0,0.0,0.0,78.25,68.82711791992188
2017-03-30,68.78313139321997,69.75067445337555,68.68637708720442,69.6715087890625,2924100.0,0.0,0.0,79.20999908447266,69.6715087890625
2017-03-31,69.42520966352754,69.86499941010743,69.310866745254,69.58353424072266,5228400.0,0.0,0.0,79.11000061035156,69.58353424072266
2017-04-03,69.63636357641167,69.64516125749283,68.58087000926447,69.12620544433594,3022700.0,0.0,0.0,78.58999633789062,69.12620544433594
2017-04-04,69.03822950438082,69.14378151591312,68.73917553769984,68.83592987060547,2563700.0,0.0,0.0,78.26000213623047,68.83592987060547
2017-04-05,69.40998440026969,69.79859063537857,68.58862315677489,68.67694091796875,2858400.0,0.32,0.0,77.76000213623047,68.67694091796875
2017-04-06,68.67695309754335,69.1538771784266,68.138205899039,68.8182601928711,2914800.0,0.0,0.0,77.91999816894531,68.8182601928711
2017-04-07,68.4296714437203,69.10089204450207,68.33251985235691,68.685791015625,2203000.0,0.0,0.0,77.7699966430664,68.685791015625
2017-04-10,68.81827202083262,68.98608054245203,68.3236869948583,68.4384994506836,2217100.0,0.0,0.0,77.48999786376953,68.4384994506836
2017-04-11,68.47381786922872,68.50914632850316,67.73194043910937,68.23535919189453,4642300.0,0.0,0.0,77.26000213623047,68.23535919189453
2017-04-12,68.35017137305037,68.42966209067167,67.6347886055317,67.72310638427734,3055800.0,0.0,0.0,76.68000030517578,67.72310638427734
2017-04-13,67.41395952042802,67.83788735705924,66.85754496980876,66.94586944580078,3666600.0,0.0,0.0,75.80000305175781,66.94586944580078
2017-04-17,66.97237149205762,67.74957710388396,66.79572925877056,67.71424865722656,4160800.0,0.0,0.0,76.66999816894531,67.71424865722656
2017-04-18,67.51996014526523,67.555288599549,66.70742591137952,66.93705749511719,3845900.0,0.0,0.0,75.79000091552734,66.93705749511719
2017-04-19,67.29033178948212,67.37864955147754,66.68976157441463,66.72509002685547,5283600.0,0.0,0.0,75.55000305175781,66.72509002685547
2017-04-20,68.44732685626123,70.9025976318295,68.41199839510445,70.67296600341797,11099300.0,0.0,0.0,80.0199966430664,70.67296600341797
2017-04-21,70.5492933079557,71.07037949188238,70.2048493635857,70.29316711425781,5837800.0,0.0,0.0,79.58999633789062,70.29316711425781
2017-04-24,71.22055816593522,71.4678506944352,70.86728023741406,71.05274963378906,3563200.0,0.0,0.0,80.44999694824219,71.05274963378906
2017-04-25,71.59148057591413,71.89176910481562,71.21170806884766,71.21170806884766,5061300.0,0.0,0.0,80.62999725341797,71.21170806884766
2017-04-26,71.20285695644866,71.46781019904857,70.78775613100865,71.11453247070312,3661600.0,0.0,0.0,80.5199966430664,71.11453247070312
2017-04-27,71.33536169326251,71.423686217991,70.72596424957008,70.94676208496094,2922700.0,0.0,0.0,80.33000183105469,70.94676208496094
2017-04-28,70.60231646109807,70.80544669182724,69.81627672330598,69.99291229248047,5313200.0,0.0,0.0,79.25,69.99291229248047
2017-05-01,69.96639355907305,70.20485216923873,69.66610510893221,69.97522735595703,3458100.0,0.0,0.0,79.2300033569336,69.97522735595703
2017-05-02,69.90456425115553,70.35499351727111,69.90456425115553,70.24900817871094,3334900.0,0.0,0.0,79.54000091552734,70.24900817871094
2017-05-03,69.97522599031215,70.22251839253563,69.49830204107576,69.6219482421875,3800600.0,0.0,0.0,78.83000183105469,69.6219482421875
2017-05-04,69.97524764016342,70.14304940032456,68.88008560832027,69.18037414550781,3902200.0,0.0,0.0,78.33000183105469,69.18037414550781
2017-05-05,69.42763495039293,69.53362028073326,68.78290264935956,69.1715087890625,2936700.0,0.0,0.0,78.31999969482422,69.1715087890625
2017-05-08,69.33050177322895,69.54246575182314,68.8447439699783,69.03022003173828,2608600.0,0.0,0.0,78.16000366210938,69.03022003173828
2017-05-09,69.03021156621641,69.542457223482,68.96838172773666,69.27750396728516,2570600.0,0.0,0.0,78.44000244140625,69.27750396728516
2017-05-10,69.13618385413774,69.4718007148082,69.01253766490503,69.46296691894531,2396900.0,0.0,0.0,78.6500015258789,69.46296691894531
2017-05-11,69.0655526633555,69.28635047460435,68.22652367589563,68.8182601928711,3780600.0,0.0,0.0,77.91999816894531,68.8182601928711
2017-05-12,68.62396883542397,68.72112042812829,68.20004073836472,68.4384994506836,2865800.0,0.0,0.0,77.48999786376953,68.4384994506836
2017-05-15,68.429662909861,69.43650042368654,68.429662909861,69.18037414550781,3327000.0,0.0,0.0,78.33000183105469,69.18037414550781
2017-05-16,69.41883941986644,69.45416788278689,68.74761210080855,69.00373840332031,2457500.0,0.0,0.0,78.12999725341797,69.00373840332031
2017-05-17,69.00372967471183,69.00372967471183,67.33449875760763,67.4493179321289,4441600.0,0.0,0.0,76.37000274658203,67.4493179321289
2017-05-18,67.36097070997883,67.87322307752841,67.09601746822754,67.45812225341797,3545700.0,0.0,0.0,76.37999725341797,67.45812225341797
2017-05-19,67.60828850550642,68.31483741683242,67.38749070730192,67.82908630371094,3283900.0,0.0,0.0,76.80000305175781,67.82908630371094
2017-05-22,67.9615586020603,68.11170622369484,67.56412526636726,67.9880599975586,2800000.0,0.0,0.0,76.9800033569336,67.9880599975586
2017-05-23,68.02339071452832,68.3766685808903,67.84675515045477,68.18236541748047,2239600.0,0.0,0.0,77.19999694824219,68.18236541748047
2017-05-24,68.41199137642947,68.41199137642947,67.94390110600182,68.11170959472656,2091300.0,0.0,0.0,77.12000274658203,68.11170959472656
2017-05-25,68.43849603984631,68.81826859106825,68.23536580210859,68.39434051513672,3185200.0,0.0,0.0,77.44000244140625,68.39434051513672
2017-05-26,68.15585345565233,68.53562588640042,68.02337344711916,68.41197967529297,1858800.0,0.0,0.0,77.45999908447266,68.41197967529297
2017-05-30,68.21769274748677,68.37666744780451,67.9968949269463,68.08521270751953,2073000.0,0.0,0.0,77.08999633789062,68.08521270751953
2017-05-31,68.08520919579865,68.10287679393088,67.10487312232057,67.9527359008789,3117100.0,0.0,0.0,76.94000244140625,67.9527359008789
2017-06-01,68.20886837012961,69.2245329940094,67.96156914129291,69.13621520996094,3553400.0,0.0,0.0,78.27999877929688,69.13621520996094
2017-06-02,68.68577939418597,69.54247597041305,68.68577939418597,69.3216781616211,3534800.0,0.0,0.0,78.48999786376953,69.3216781616211
2017-06-05,69.55130994779512,69.9487433093539,69.42766371361175,69.74561309814453,2738600.0,0.0,0.0,78.97000122070312,69.74561309814453
2017-06-06,69.2951587415541,69.71025955186998,69.1450179023966,69.63960266113281,2878000.0,0.0,0.0,78.8499984741211,69.63960266113281
2017-06-07,69.69261355705407,70.73477259566612,69.58662819835179,70.48748016357422,4284000.0,0.0,0.0,79.80999755859375,70.48748016357422
2017-06-08,70.4874911548104,70.83193520153579,70.36384491948407,70.61113739013672,4079800.0,0.0,0.0,79.94999694824219,70.61113739013672
2017-06-09,70.99973405566445,71.30002254227222,70.41683141657596,70.9290771484375,3849400.0,0.0,0.0,80.30999755859375,70.9290771484375
2017-06-12,70.9644022158376,71.30001914004417,70.71710979055688,70.80542755126953,3352300.0,0.0,0.0,80.16999816894531,70.80542755126953
2017-06-13,70.831924717635,71.30884872825274,70.71711229845819,71.1763687133789,3174400.0,0.0,0.0,80.58999633789062,71.1763687133789
2017-06-14,70.75244523915696,71.46782793135044,70.31968345212013,71.39717102050781,4013100.0,0.0,0.0,80.83999633789062,71.39717102050781
2017-06-15,70.99091572983876,71.75046080253384,70.85844242268324,71.2735366821289,2773400.0,0.0,0.0,80.69999694824219,71.2735366821289
2017-06-16,71.41483356630914,71.96241447928952,71.33534286267991,71.9359130859375,5914700.0,0.0,0.0,81.44999694824219,71.9359130859375
2017-06-19,72.03306818785376,72.36868513800981,71.79460954167097,72.31568908691406,3076500.0,0.0,0.0,81.87999725341797,72.31568908691406
2017-06-20,72.40402577772997,73.13706943608067,72.24505107411593,72.87211608886719,3929100.0,0.0,0.0,82.51000213623047,72.87211608886719
2017-06-21,72.95160657441735,73.12824889318699,72.41285929404708,72.60716247558594,2683400.0,0.0,0.0,82.20999908447266,72.60716247558594
2017-06-22,72.51881747644276,72.97807385650107,72.47465522876604,72.64246368408203,2312100.0,0.0,0.0,82.25,72.64246368408203
2017-06-23,72.76610000804726,73.03988703945872,72.47464538467969,72.61595916748047,3785300.0,0.0,0.0,82.22000122070312,72.61595916748047
2017-06-26,72.8632869227155,73.56100890304613,72.81029759754605,73.2695541381836,2491600.0,0.0,0.0,82.95999908447266,73.2695541381836
2017-06-27,73.35787408595822,73.76414131338736,73.31371855975544,73.37554168701172,2994500.0,0.0,0.0,83.08000183105469,73.37554168701172
2017-06-28,73.7552929485058,74.42651335393099,73.65814138541806,74.16156005859375,3668500.0,0.0,0.0,83.97000122070312,74.16156005859375
2017-06-29,75.00056888968537,75.415669686808,73.44615777214382,73.86125183105469,5092600.0,0.0,0.0,83.62999725341797,73.86125183105469
2017-06-30,74.26755200291849,74.7533099054882,73.82595635993323,74.40003204345703,3320800.0,0.0,0.0,84.23999786376953,74.40003204345703
2017-07-03,74.797456310604,75.72480292137885,74.797456310604,75.15956115722656,2306900.0,0.0,0.0,85.0999984741211,75.15956115722656
2017-07-05,75.54965016598227,76.13475306047071,75.18617172435548,75.25709533691406,3501200.0,0.32,0.0,84.88999938964844,75.25709533691406
2017-07-06,75.06204761902853,75.21275520056243,74.21985182702436,74.23757934570312,3213400.0,0.0,0.0,83.73999786376953,74.23757934570312
2017-07-07,74.40602411572807,75.07978483383548,74.2641769061698,74.76063537597656,2454600.0,0.0,0.0,84.33000183105469,74.76063537597656
2017-07-10,74.58334780043909,74.97342097519021,74.44150731376087,74.73406219482422,2147000.0,0.0,0.0,84.30000305175781,74.73406219482422
2017-07-11,74.67199604826874,74.74291290060387,74.0602916967962,74.60993957519531,2733200.0,0.0,0.0,84.16000366210938,74.60993957519531
2017-07-12,74.71632118984668,75.33689270876697,74.52128462000455,75.1950454711914,4629100.0,0.0,0.0,84.81999969482422,75.1950454711914
2017-07-13,75.29252896924928,75.73579123640283,75.12408714336438,75.68260192871094,3309400.0,0.0,0.0,85.37000274658203,75.68260192871094
2017-07-14,75.2216306604895,75.85106247972254,74.99113231029293,75.60283660888672,3354700.0,0.0,0.0,85.27999877929688,75.60283660888672
2017-07-17,75.46985372118995,75.8155978517871,75.1595713941986,75.54964447021484,2190500.0,0.0,0.0,85.22000122070312,75.54964447021484
2017-07-18,75.31914581307325,75.85105933763693,75.1418435594345,75.81559753417969,2816000.0,0.0,0.0,85.5199966430664,75.81559753417969
2017-07-19,76.02838478270483,76.22342136203831,75.62058410030251,76.17909240722656,5539700.0,0.0,0.0,85.93000030517578,76.17909240722656
2017-07-20,75.30139965672272,75.7535223206993,74.93792133397938,75.66487121582031,5386400.0,0.0,0.0,85.3499984741211,75.66487121582031
2017-07-21,76.05493346009904,76.48932854725234,75.73578411665932,75.87762451171875,3570400.0,0.0,0.0,85.58999633789062,75.87762451171875
2017-07-24,75.75354007569771,75.94857661033132,74.3439689159051,75.35460662841797,5389100.0,0.0,0.0,85.0,75.35460662841797
2017-07-25,76.09926240929583,76.3297606809185,75.4255086363148,75.71806335449219,3255200.0,0.0,0.0,85.41000366210938,75.71806335449219
2017-07-26,75.71806267210735,75.99288310956642,75.50529191699839,75.62054443359375,3038100.0,0.0,0.0,85.30000305175781,75.62054443359375
2017-07-27,75.51419329759767,75.53192082007254,73.87412354091146,74.33511352539062,6119300.0,0.0,0.0,83.8499984741211,74.33511352539062
2017-07-28,74.36169161090271,75.44325285922707,74.13120005187879,75.17729949951172,3321200.0,0.0,0.0,84.80000305175781,75.17729949951172
2017-07-31,75.50533661275415,75.97519380537472,75.21278172403402,75.55853271484375,3079800.0,0.0,0.0,85.2300033569336,75.55853271484375
2017-08-01,75.99290240835026,76.09928104927481,75.4787164317248,75.56736755371094,3148800.0,0.0,0.0,85.23999786376953,75.56736755371094
2017-08-02,75.48756440256197,75.67373374054831,75.32798971805292,75.62054443359375,3252300.0,0.0,0.0,85.30000305175781,75.62054443359375
2017-08-03,75.5673605128507,76.13473575707421,75.47870939912448,75.83332061767578,2381800.0,0.0,0.0,85.54000091552734,75.83332061767578
2017-08-04,76.23225846314615,76.53368038379372,76.09927840296773,76.21453094482422,2840200.0,0.0,0.0,85.97000122070312,76.21453094482422
2017-08-07,76.32975489499876,76.40954561374677,75.95741624389437,76.10812377929688,2089100.0,0.0,0.0,85.8499984741211,76.10812377929688
2017-08-08,75.73582055294537,76.8351095071887,75.71809303140108,76.18795013427734,2922800.0,0.0,0.0,85.94000244140625,76.18795013427734
2017-08-09,76.0106536749505,76.21455740650569,75.5673911628863,75.9663314819336,2961000.0,0.0,0.0,85.69000244140625,75.9663314819336
2017-08-10,75.74467705615166,75.86878998047246,74.95567056712066,74.96453094482422,3755200.0,0.0,0.0,84.55999755859375,74.96453094482422
2017-08-11,75.1418263319416,75.23047743843627,74.44147109243582,74.72515869140625,3078600.0,0.0,0.0,84.29000091552734,74.72515869140625
2017-08-14,75.1241198429989,75.94858828932065,75.10639232060039,75.77128601074219,2893600.0,0.0,0.0,85.47000122070312,75.77128601074219
2017-08-15,76.23223737344811,77.10103433110004,76.13471914053888,76.94145965576172,3774100.0,0.0,0.0,86.79000091552734,76.94145965576172
2017-08-16,77.12767498063187,77.81916339827438,77.11880783681238,77.47341918945312,3379600.0,0.0,0.0,87.38999938964844,77.47341918945312
2017-08-17,77.42909441998252,77.68618749545482,76.2854830604548,76.32093811035156,3870400.0,0.0,0.0,86.08999633789062,76.32093811035156
2017-08-18,76.23227087947073,76.35638381887966,75.54078257029299,75.69149017333984,4271200.0,0.0,0.0,85.37999725341797,75.69149017333984
2017-08-21,75.75351770098017,75.92195952453011,75.31025543997117,75.62054443359375,2505100.0,0.0,0.0,85.30000305175781,75.62054443359375
2017-08-22,75.77125197906193,76.00175024860731,75.27480041109835,75.62054443359375,2155300.0,0.0,0.0,85.30000305175781,75.62054443359375
2017-08-23,75.09751772507158,75.80674029630056,75.0886505829281,75.60283660888672,1960400.0,0.0,0.0,85.27999877929688,75.60283660888672
2017-08-24,75.7889899705417,75.8244517679621,75.39005658594334,75.67374420166016,2057900.0,0.0,0.0,85.36000061035156,75.67374420166016
2017-08-25,75.79788067616413,76.20568132781328,75.72695705927339,75.77128601074219,2302100.0,0.0,0.0,85.47000122070312,75.77128601074219
2017-08-28,75.93969448699407,75.96628914071103,75.54075439030345,75.71806335449219,2105500.0,0.0,0.0,85.41000366210938,75.71806335449219
2017-08-29,75.13297399914435,75.80673471584875,74.82269168344075,75.72694396972656,2779400.0,0.0,0.0,85.41999816894531,75.72694396972656
2017-08-30,75.69150412517234,76.0106536749505,75.54966363840936,75.9663314819336,2131700.0,0.0,0.0,85.69000244140625,75.9663314819336
2017-08-31,76.2411218346984,76.48934766081398,75.97516172749086,76.32977294921875,3792300.0,0.0,0.0,86.0999984741211,76.32977294921875
2017-09-01,76.51595723421605,76.71986092464206,76.28546564426225,76.36524963378906,2262700.0,0.0,0.0,86.13999938964844,76.36524963378906
2017-09-05,75.99289578061709,76.16133763225301,75.07090931234896,75.6294174194336,3089800.0,0.0,0.0,85.30999755859375,75.6294174194336
2017-09-06,75.85994798420437,76.09930677083489,75.35462897807385,75.55853271484375,2823300.0,0.0,0.0,85.2300033569336,75.55853271484375
2017-09-07,75.59396329847556,75.81559448844413,74.53900343350523,74.83155822753906,2905400.0,0.0,0.0,84.41000366210938,74.83155822753906
2017-09-08,74.6276636835739,75.36348094753382,74.48581645809575,74.6897201538086,3462100.0,0.0,0.0,84.25,74.6897201538086
2017-09-11,75.32803238237724,76.34753751285479,75.32803238237724,75.9663314819336,3397500.0,0.0,0.0,85.69000244140625,75.9663314819336
2017-09-12,76.21453562830997,76.77304379900427,76.07268841843046,76.72872161865234,3333300.0,0.0,0.0,86.55000305175781,76.72872161865234
2017-09-13,76.613450454106,76.92373269576571,76.58685579962739,76.80848693847656,2396500.0,0.0,0.0,86.63999938964844,76.80848693847656
2017-09-14,76.71986641072627,76.95036478081036,76.38298938033282,76.40958404541016,2764900.0,0.0,0.0,86.19000244140625,76.40958404541016
2017-09-15,76.70212952708447,77.1187973022461,76.30319603713926,77.1187973022461,7791600.0,0.0,0.0,86.98999786376953,77.1187973022461
2017-09-18,77.19858559658103,77.89894104003906,77.0833330372937,77.89894104003906,3395100.0,0.0,0.0,87.87000274658203,77.89894104003906
2017-09-19,77.98760663528581,79.10463004777198,77.90781586685512,78.90072631835938,4043800.0,0.0,0.0,89.0,78.90072631835938
2017-09-20,79.12232038332121,79.2375661461659,78.25352330114721,78.39537048339844,4251000.0,0.0,0.0,88.43000030517578,78.39537048339844
2017-09-21,78.4130768873698,78.7233658240905,78.04960541709266,78.38648223876953,2877800.0,0.0,0.0,88.41999816894531,78.38648223876953
2017-09-22,78.28013092934161,78.64360252630878,78.1028219374643,78.36878204345703,2770100.0,0.0,0.0,88.4000015258789,78.36878204345703
2017-09-25,78.26238145640637,78.5815308161873,77.87230851364188,78.20032501220703,2863100.0,0.0,0.0,88.20999908447266,78.20032501220703
2017-09-26,78.43083325477748,78.69678657933859,78.19146782266189,78.62586975097656,2197800.0,0.0,0.0,88.69000244140625,78.62586975097656
2017-09-27,79.50352484288327,79.5567141534758,78.92728251142954,79.3350830078125,2888900.0,0.0,0.0,89.48999786376953,79.3350830078125
2017-09-28,79.10459726470764,80.062038743543,79.10459726470764,79.91133117675781,2458800.0,0.0,0.0,90.13999938964844,79.91133117675781
2017-09-29,79.82266105485868,80.46982010570667,79.7251428257756,80.19499969482422,2996300.0,0.0,0.0,90.45999908447266,80.19499969482422
2017-10-02,80.17730956113012,80.82446891368676,79.87588759517324,80.26596069335938,4466400.0,0.0,0.0,90.54000091552734,80.26596069335938
2017-10-03,80.31027781440153,81.24113155324167,80.31027781440153,81.05496215820312,2912300.0,0.0,0.0,91.43000030517578,81.05496215820312
2017-10-04,81.20567120801665,81.2145383499341,80.59397368866253,80.68262481689453,3091700.0,0.0,0.0,91.01000213623047,80.68262481689453
2017-10-05,80.94959285889117,81.53696124357545,80.78050072576848,81.1275863647461,2991000.0,0.35,0.0,91.16000366210938,81.1275863647461
2017-10-06,81.20770634240588,81.5102852220214,81.06531148863834,81.47469329833984,1891800.0,0.0,0.0,91.55000305175781,81.47469329833984
2017-10-09,81.51028113701065,81.83956412752532,81.4301891281006,81.59928131103516,1653700.0,0.0,0.0,91.69000244140625,81.59928131103516
2017-10-10,81.7683660807681,82.17774107707154,81.67937269718213,81.77726745605469,2247200.0,0.0,0.0,91.88999938964844,81.77726745605469
2017-10-11,81.75055283883947,82.45361196314207,81.7060527615733,81.83954620361328,3051400.0,0.0,0.0,91.95999908447266,81.83954620361328
2017-10-12,81.54584923796006,82.07982292262385,81.3589611642307,81.5280532836914,3279000.0,0.0,0.0,91.61000061035156,81.5280532836914
2017-10-13,81.43016659784382,82.69388995812633,81.21658117675224,82.64049530029297,3224200.0,0.0,0.0,92.86000061035156,82.64049530029297
2017-10-16,82.8006908385909,83.07657230631727,80.81610553431815,81.83954620361328,4294000.0,0.0,0.0,91.95999908447266,81.83954620361328
2017-10-17,81.82176816657642,81.96415622344762,81.5013865514162,81.59928131103516,2939600.0,0.0,0.0,91.69000244140625,81.59928131103516
2017-10-18,81.6971659367211,82.11543546985702,81.59036981499499,81.94635009765625,4720200.0,0.0,0.0,92.08000183105469,81.94635009765625
2017-10-19,80.45124229680076,82.72060397951658,80.13086070563344,81.78616333007812,6512100.0,0.0,0.0,91.9000015258789,81.78616333007812
2017-10-20,82.62269877448222,83.02317910765562,81.84844901857916,81.95523834228516,4442200.0,0.0,0.0,92.08999633789062,81.95523834228516
2017-10-23,82.07094508562945,82.84519492885578,82.07094508562945,82.21333312988281,2963100.0,0.0,0.0,92.37999725341797,82.21333312988281
2017-10-24,82.40912101132548,83.59275258418454,82.16883822085298,83.53045654296875,4481500.0,0.0,0.0,93.86000061035156,83.53045654296875
2017-10-25,83.65503928326596,83.86862471647385,83.00537482048729,83.23676300048828,4266100.0,0.0,0.0,93.52999877929688,83.23676300048828
2017-10-26,83.64614316340122,85.19465632325107,83.63724857920454,85.1590576171875,4136800.0,0.0,0.0,95.69000244140625,85.1590576171875
2017-10-27,84.94547648756468,85.45274623321866,84.57170020966379,85.24806213378906,3212200.0,0.0,0.0,95.79000091552734,85.24806213378906
2017-10-30,85.19467603539641,85.54175501262382,84.40261652429537,84.60730743408203,3096500.0,0.0,0.0,95.06999969482422,84.60730743408203
2017-10-31,84.52720113618378,85.0878655147139,84.117819385786,85.00776672363281,3146400.0,0.0,0.0,95.5199966430664,85.00776672363281
2017-11-01,85.69303583312625,85.9422200183935,84.93658190220499,85.24806213378906,2320000.0,0.0,0.0,95.79000091552734,85.24806213378906
2017-11-02,85.43492547191475,85.64851088446234,84.89205717313133,85.41712951660156,3013300.0,0.0,0.0,95.9800033569336,85.41712951660156
2017-11-03,85.68412586935823,85.81761932373047,85.23915221462349,85.81761932373047,2089500.0,0.0,0.0,96.43000030517578,85.81761932373047
2017-11-06,85.7464107111181,86.08459498999613,85.37263451949755,85.6930160522461,1848300.0,0.0,0.0,96.29000091552734,85.6930160522461
2017-11-07,85.80871578503636,86.23589347030044,84.70518305026265,84.87427520751953,3200900.0,0.0,0.0,95.37000274658203,84.87427520751953
2017-11-08,84.63397771907682,84.79416848734293,84.05551067868491,84.66067504882812,2163700.0,0.0,0.0,95.12999725341797,84.66067504882812
2017-11-09,83.95763713479539,84.24242683004836,83.01429503343006,83.43257141113281,3949800.0,0.0,0.0,93.75,83.43257141113281
2017-11-10,83.46813374147507,83.78851521922876,83.11215356733129,83.22784423828125,2714400.0,0.0,0.0,93.5199966430664,83.22784423828125
2017-11-13,82.76510134622654,83.63725271349806,82.56931184807829,83.56605529785156,2708500.0,0.0,0.0,93.9000015258789,83.56605529785156
2017-11-14,83.27237511218824,83.46816461988601,82.71171071358431,83.44146728515625,2843700.0,0.0,0.0,93.76000213623047,83.44146728515625
2017-11-15,83.00535454240263,83.46813078934905,82.58708515156603,82.9964599609375,3236600.0,0.0,0.0,93.26000213623047,82.9964599609375
2017-11-16,83.25455603995763,83.69062822892474,83.03206925929473,83.2634506225586,2586500.0,0.0,0.0,93.55999755859375,83.2634506225586
2017-11-17,83.04097372770704,83.44145405443102,82.69389485173471,83.37915802001953,3261200.0,0.0,0.0,93.69000244140625,83.37915802001953
2017-11-20,83.58384496594503,83.95762118531802,83.3702595248403,83.61054229736328,3456600.0,0.0,0.0,93.94999694824219,83.61054229736328
2017-11-21,84.02882256290249,84.23351342970449,83.76184244635617,84.01992797851562,2917000.0,0.0,0.0,94.41000366210938,84.01992797851562
2017-11-22,84.00211214042352,84.28689496088484,83.19226375307586,83.49484252929688,2159100.0,0.0,0.0,93.81999969482422,83.49484252929688
2017-11-24,83.62835594313452,83.76184940738118,83.18338225548541,83.1922836303711,837300.0,0.0,0.0,93.4800033569336,83.1922836303711
2017-11-27,83.272365866697,83.65504346477516,83.08547775457868,83.1833724975586,2731300.0,0.0,0.0,93.47000122070312,83.1833724975586
2017-11-28,83.4414573410798,84.79417419433594,83.28126656203222,84.79417419433594,3536400.0,0.0,0.0,95.27999877929688,84.79417419433594
2017-11-29,85.39936720914044,86.60969643627838,85.07898554373561,85.96893310546875,4325500.0,0.0,0.0,96.5999984741211,85.96893310546875
2017-11-30,86.34266800804066,87.65089138221303,86.15577992455286,86.95673370361328,5328300.0,0.0,0.0,97.70999908447266,86.95673370361328
2017-12-01,87.28603761103275,87.41062969669997,85.30145203546027,87.09024810791016,3445200.0,0.0,0.0,97.86000061035156,87.09024810791016
2017-12-04,87.76660280331805,88.25606973126207,87.1970370898595,87.73989868164062,4562400.0,0.0,0.0,98.58999633789062,87.73989868164062
2017-12-05,88.28279021292765,88.77226405898169,87.73102710256927,87.84671783447266,3525600.0,0.0,0.0,98.70999908447266,87.84671783447266
2017-12-06,87.78437273829269,87.94456347207543,87.36609655620681,87.40169525146484,3081300.0,0.0,0.0,98.20999908447266,87.40169525146484
2017-12-07,87.00126145548266,88.21159048673543,86.75207726488827,87.73101806640625,3026100.0,0.0,0.0,98.58000183105469,87.73101806640625
2017-12-08,88.10477345382641,88.10477345382641,87.33941831296603,87.70429992675781,3850300.0,0.0,0.0,98.55000305175781,87.70429992675781
2017-12-11,87.74882462465222,88.14040370845422,87.42844297240707,88.10480499267578,2984100.0,0.0,0.0,99.0,88.10480499267578
2017-12-12,87.99800288482244,88.69216761084172,87.97130554723715,88.43408203125,3455500.0,0.0,0.0,99.37000274658203,88.43408203125
2017-12-13,88.21156810719953,88.3806534566283,87.00123938301074,87.01903533935547,3463900.0,0.0,0.0,97.77999877929688,87.01903533935547
2017-12-14,87.49073243233285,87.79331809875957,86.4583969116211,86.4583969116211,3464600.0,0.0,0.0,97.1500015258789,86.4583969116211
2017-12-15,87.01903800483927,87.96237988444499,86.71645920940288,87.67759704589844,7891800.0,0.0,0.0,98.5199966430664,87.67759704589844
2017-12-18,88.27387341000507,89.46639951333592,88.09587987907281,88.70994567871094,3485400.0,0.0,0.0,99.68000030517578,88.70994567871094
2017-12-19,89.18160784785042,89.3417986149928,88.21156866164692,88.23826599121094,3282600.0,0.0,0.0,99.1500015258789,88.23826599121094
2017-12-20,88.73665054792883,88.941341428447,87.62421634671155,87.66871643066406,3091000.0,0.0,0.0,98.51000213623047,87.66871643066406
2017-12-21,88.14926366381309,88.27385571561186,87.5440993594658,87.6597900390625,2339500.0,0.0,0.0,98.5,87.6597900390625
2017-12-22,87.63309981748186,88.1403694380083,87.40171164977,87.87338256835938,1980300.0,0.0,0.0,98.73999786376953,87.87338256835938
2017-12-26,87.92678250999703,88.03357182422083,87.33051274996268,87.72209167480469,1575200.0,0.0,0.0,98.56999969482422,87.72209167480469
2017-12-27,88.01579016448375,88.32727036449235,87.7221059231503,88.22047424316406,2569900.0,0.0,0.0,99.12999725341797,88.22047424316406
2017-12-28,88.67434276489121,88.91463232280819,88.42515862316888,88.72773742675781,1914900.0,0.0,0.0,99.69999694824219,88.72773742675781
2017-12-29,88.99471911597048,89.21720591376041,88.33616009564462,88.38065338134766,2056800.0,0.0,0.0,99.30999755859375,88.38065338134766
2018-01-02,88.75445850212608,88.75445850212608,87.41063600711891,88.05139923095703,2746700.0,0.0,0.0,98.94000244140625,88.05139923095703
2018-01-03,88.31835005773304,88.78112636119252,88.12256060548154,88.59423828125,2976400.0,0.0,0.0,99.55000305175781,88.59423828125
2018-01-04,89.33552449717622,90.78232842418701,89.22835837839322,90.06785583496094,3122000.0,0.35,0.0,100.8499984741211,90.06785583496094
2018-01-05,90.0678261196523,90.27323913574219,89.54983400404588,90.27323913574219,2550300.0,0.0,0.0,101.08000183105469,90.27323913574219
2018-01-08,90.20181077563021,90.38042549722472,89.41589646141355,89.44268798828125,1896500.0,0.0,0.0,100.1500015258789,89.44268798828125
2018-01-09,89.63024189946812,90.02320249153422,89.54986049940216,89.77313232421875,2978500.0,0.0,0.0,100.5199966430664,89.77313232421875
2018-01-10,89.65702848866057,90.72873046324938,89.60344543404563,90.3982925415039,2279200.0,0.0,0.0,101.22000122070312,90.3982925415039
2018-01-11,90.59478457147745,90.59478457147745,89.48735133195702,89.960693359375,2745400.0,0.0,0.0,100.7300033569336,89.960693359375
2018-01-12,90.07677054949478,90.22859372979674,89.24619922693542,90.17501068115234,3231500.0,0.0,0.0,100.97000122070312,90.17501068115234
2018-01-16,91.10381100143358,91.44318162423018,89.44266855932558,89.61235046386719,3814000.0,0.0,0.0,100.33999633789062,89.61235046386719
2018-01-17,90.19288643124823,90.20181921227791,88.6299836231147,89.98748016357422,4469700.0,0.0,0.0,100.76000213623047,89.98748016357422
2018-01-18,90.05889920900879,90.05889920900879,88.93361437743442,89.18367767333984,5290700.0,0.0,0.0,99.86000061035156,89.18367767333984
2018-01-19,86.63840842592577,88.3620673375828,86.04896748600972,87.54935455322266,12306000.0,0.0,0.0,98.02999877929688,87.54935455322266
2018-01-22,86.86166408690912,87.82619309677914,86.48656227970527,87.80833435058594,4983600.0,0.0,0.0,98.31999969482422,87.80833435058594
2018-01-23,87.66546334260282,87.87980241293349,87.02243931789465,87.50470733642578,4375200.0,0.0,0.0,97.9800033569336,87.50470733642578
2018-01-24,87.74579628441583,88.87108779346018,87.66542172634057,88.68354034423828,4949500.0,0.0,0.0,99.30000305175781,88.68354034423828
2018-01-25,88.79967861272182,89.40697830467424,88.59426551694727,89.0318832397461,3375200.0,0.0,0.0,99.69000244140625,89.0318832397461
2018-01-26,89.17473645769789,89.264043795827,88.37095678710952,88.97825622558594,3668700.0,0.0,0.0,99.62999725341797,88.97825622558594
2018-01-29,89.0854686517162,89.46949650842762,88.62106619913584,88.78182220458984,3472100.0,0.0,0.0,99.41000366210938,88.78182220458984
2018-01-30,88.81752173730878,89.398029795887,88.13878035266836,88.1566390991211,3466500.0,0.0,0.0,98.70999908447266,88.1566390991211
2018-01-31,88.18341691897267,89.04971248214649,87.96907792628147,88.77285766601562,3202900.0,0.0,0.0,99.4000015258789,88.77285766601562
2018-02-01,88.37097157871351,89.34444012428634,87.87977772993035,89.3087158203125,2952100.0,0.0,0.0,100.0,89.3087158203125
2018-02-02,88.88896309560657,89.03186031042459,86.30794177295566,86.34366607666016,4663300.0,0.0,0.0,96.68000030517578,86.34366607666016
2018-02-05,85.58454339194267,86.37939041194434,79.13645306577821,82.1729507446289,6421900.0,0.0,0.0,92.01000213623047,82.1729507446289
2018-02-06,80.15459218585717,84.14669385622756,79.04716574483454,84.11096954345703,7244000.0,0.0,0.0,94.18000030517578,84.11096954345703
2018-02-07,83.5304572007918,84.70933220830413,83.42329108156424,83.6019058227539,3796800.0,0.0,0.0,93.61000061035156,83.6019058227539
2018-02-08,83.72694621250724,83.92342653648053,78.84175690063354,78.89533996582031,5814900.0,0.0,0.0,88.33999633789062,78.89533996582031
2018-02-09,79.90453189824163,82.62844441853478,78.18087291931619,81.91397857666016,8017600.0,0.0,0.0,91.72000122070312,81.91397857666016
2018-02-12,82.68200010006686,85.4505685714223,82.53910290256323,84.5753402709961,7419200.0,0.0,0.0,94.69999694824219,84.5753402709961
2018-02-13,83.97697470438924,84.67358151720236,82.89634018531842,84.45030975341797,3366700.0,0.0,0.0,94.55999755859375,84.45030975341797
2018-02-14,83.92340120827825,86.23649367363068,83.65547233577301,85.94178009033203,3446800.0,0.0,0.0,96.2300033569336,85.94178009033203
2018-02-15,86.68306256864669,86.81702704402497,85.23626531296684,86.23651885986328,3057400.0,0.0,0.0,96.55999755859375,86.23651885986328
2018-02-16,86.06682240245999,87.06707578105625,85.95964947744677,86.4419174194336,3280700.0,0.0,0.0,96.79000091552734,86.4419174194336
2018-02-20,86.25437239512566,87.26355858330031,86.18292377639241,86.79915618896484,3514700.0,0.0,0.0,97.19000244140625,86.79915618896484
2018-02-21,86.55801938897214,87.9601661759375,86.40619618342473,87.07601165771484,4431500.0,0.0,0.0,97.5,87.07601165771484
2018-02-22,87.15637086646684,87.58505569241156,86.674109806136,86.94203186035156,4270100.0,0.0,0.0,97.3499984741211,86.94203186035156
2018-02-23,87.32609224756804,88.27276279102844,87.1206859439235,88.23704528808594,2440600.0,0.0,0.0,98.80000305175781,88.23704528808594
2018-02-26,88.79966962791882,90.80911603292317,88.38885029165264,90.77339172363281,4953100.0,0.0,0.0,101.63999938964844,90.77339172363281
2018-02-27,90.79124726333512,91.20206655425388,88.93362426757812,88.93362426757812,5167300.0,0.0,0.0,99.58000183105469,88.93362426757812
2018-02-28,89.34444765995205,89.63023530213295,87.01348943534248,87.0849380493164,4053700.0,0.0,0.0,97.51000213623047,87.0849380493164
2018-03-01,87.36178123358728,87.79046604641333,84.42352381038869,84.96830749511719,4369800.0,0.0,0.0,95.13999938964844,84.96830749511719
2018-03-02,84.51283945587024,85.51309957485277,83.23572448471027,85.37913513183594,3584700.0,0.0,0.0,95.5999984741211,85.37913513183594
2018-03-05,84.92365982764875,86.8884557848029,84.57535635961825,86.32581329345703,2661400.0,0.0,0.0,96.66000366210938,86.32581329345703
2018-03-06,86.62052776924993,86.62052776924993,84.96831777100086,85.79888916015625,3221100.0,0.0,0.0,96.06999969482422,85.79888916015625
2018-03-07,85.03082820334596,85.49523734505178,84.20025686694356,85.41485595703125,3594900.0,0.0,0.0,95.63999938964844,85.41485595703125
2018-03-08,85.78103689433783,86.34367943386651,84.92366710022469,86.26329803466797,3760500.0,0.0,0.0,96.58999633789062,86.26329803466797
2018-03-09,87.14747980505697,88.51390258860422,86.68307048980309,88.46031951904297,3044300.0,0.0,0.0,99.05000305175781,88.46031951904297
2018-03-12,88.49601122331389,89.04079498408649,87.05814703744402,87.22782897949219,4020900.0,0.0,0.0,97.66999816894531,87.22782897949219
2018-03-13,87.6297108999973,87.72795102855525,84.91472523034324,85.17372131347656,4858700.0,0.0,0.0,95.37000274658203,85.17372131347656
2018-03-14,85.70063778197422,85.88818525638692,84.03056244261279,84.42352294921875,3013800.0,0.0,0.0,94.52999877929688,84.42352294921875
2018-03-15,84.89685916476134,85.20944510669403,83.91446469876792,84.29849243164062,3213000.0,0.0,0.0,94.38999938964844,84.29849243164062
2018-03-16,84.4413988855249,86.08467609018744,84.19132874185847,85.38806915283203,5124900.0,0.0,0.0,95.61000061035156,85.38806915283203
2018-03-19,85.23625149137824,85.27197579993394,83.7715889091701,84.70039367675781,2610400.0,0.0,0.0,94.83999633789062,84.70039367675781
2018-03-20,85.15585835394025,85.42378722431323,84.593215902614,84.79862213134766,2501600.0,0.0,0.0,94.94999694824219,84.79862213134766
2018-03-21,84.50393311483413,85.97752188910032,84.30745279460764,84.61109924316406,2124000.0,0.0,0.0,94.73999786376953,84.61109924316406
2018-03-22,83.71801158686439,83.91449190651102,81.37812694235015,81.63712310791016,4113900.0,0.0,0.0,91.41000366210938,81.63712310791016
2018-03-23,82.00326362556017,82.48553151470423,80.74401425977926,80.77973175048828,5100400.0,0.0,0.0,90.44999694824219,80.77973175048828
2018-03-26,81.6013763394694,83.04817317926334,81.09231693033554,82.71773529052734,2769800.0,0.0,0.0,92.62000274658203,82.71773529052734
2018-03-27,82.88740172904652,83.71797290597792,81.15481759408883,81.64601135253906,4357300.0,0.0,0.0,91.41999816894531,81.64601135253906
2018-03-28,81.94969120589543,83.53938548351418,81.80679396966597,82.35157775878906,5509700.0,0.0,0.0,92.20999908447266,82.35157775878906
2018-03-29,82.5123351595536,84.28065101282387,82.42302779223427,83.30718231201172,4940600.0,0.0,0.0,93.27999877929688,83.30718231201172
2018-04-02,83.1821411181712,83.54831014011711,80.34212355456407,81.27093505859375,4998400.0,0.0,0.0,91.0,81.27093505859375
2018-04-03,81.76214378751528,82.99460178969085,81.43169903864168,82.82491302490234,2864500.0,0.0,0.0,92.73999786376953,82.82491302490234
2018-04-04,81.4584845934814,83.87875014426184,81.34238570771193,83.57510375976562,4619200.0,0.0,0.0,93.58000183105469,83.57510375976562
2018-04-05,84.44463348388672,85.20661284902282,84.08606300534441,84.44463348388672,2482300.0,0.35,0.0,94.19999694824219,84.44463348388672
2018-04-06,83.58409083372715,84.09506152612242,81.40574065261116,82.39183044433594,2968900.0,0.0,0.0,91.91000366210938,82.39183044433594
2018-04-09,83.10000389673773,84.4805226269892,82.43664006300254,82.5979995727539,3109700.0,0.0,0.0,92.13999938964844,82.5979995727539
2018-04-10,83.73648604174315,83.98748821447734,82.94761425395426,83.36894226074219,4584000.0,0.0,0.0,93.0,83.36894226074219
2018-04-11,82.41870003247908,83.19859849548918,81.89876316427582,82.11390686035156,4064900.0,0.0,0.0,91.5999984741211,82.11390686035156
2018-04-12,82.93863133151869,84.21158141442332,82.52626972468575,83.68267822265625,3137300.0,0.0,0.0,93.3499984741211,83.68267822265625
2018-04-13,84.3819265092798,84.53432656452513,82.95658965547425,83.39584350585938,2510300.0,0.0,0.0,93.02999877929688,83.39584350585938
2018-04-16,84.06814353393027,84.44464669889595,83.46753036515723,83.90678405761719,2811500.0,0.0,0.0,93.5999984741211,83.90678405761719
2018-04-17,84.2295123335279,84.80323345963582,83.89782702903304,84.1398696899414,2651700.0,0.0,0.0,93.86000061035156,84.1398696899414
2018-04-18,84.3012081926266,85.37693332639336,84.2653497762619,85.29625701904297,4981400.0,0.0,0.0,95.1500015258789,85.29625701904297
2018-04-19,89.07028349355798,92.2974662904242,88.79238926794766,91.76856994628906,11716900.0,0.0,0.0,102.37000274658203,91.76856994628906
2018-04-20,91.61617268570215,92.03750061411917,89.9756925506779,90.3521957397461,5614700.0,0.0,0.0,100.79000091552734,90.3521957397461
2018-04-23,90.34323485487963,90.68388648010055,89.56333632196939,90.19084167480469,3183300.0,0.0,0.0,100.61000061035156,90.19084167480469
2018-04-24,90.71077458423464,91.17692042014436,89.26750549714625,90.03844451904297,5048900.0,0.0,0.0,100.44000244140625,90.03844451904297
2018-04-25,89.64401204514427,89.91294681699783,87.7614891600553,88.55035400390625,5129200.0,0.0,0.0,98.77999877929688,88.55035400390625
2018-04-26,88.61309003864812,90.10118367795651,88.35312162554143,89.85018157958984,3021100.0,0.0,0.0,100.2300033569336,89.85018157958984
2018-04-27,89.635047867926,89.90398264619725,88.68482350614649,89.29440307617188,2017000.0,0.0,0.0,99.61000061035156,89.29440307617188
2018-04-30,89.64398734177215,89.97567255708235,88.50551171182077,88.5234375,2567000.0,0.0,0.0,98.75,88.5234375
2018-05-01,88.58621458094728,88.58621458094728,87.21466225763272,88.3710708618164,2915200.0,0.0,0.0,98.58000183105469,88.3710708618164
2018-05-02,87.90491685567791,89.07925807531548,87.44773731420915,87.51944732666016,3542000.0,0.0,0.0,97.62999725341797,87.51944732666016
2018-05-03,87.10708467518633,87.24155206082344,85.61899763487621,87.08019256591797,3572300.0,0.0,0.0,97.13999938964844,87.08019256591797
2018-05-04,86.37199871886865,88.70274151525972,86.09410448785937,88.16487884521484,2363200.0,0.0,0.0,98.3499984741211,88.16487884521484
2018-05-07,88.32624611898703,88.73860776369435,88.11110239985615,88.3710708618164,2152100.0,0.0,0.0,98.58000183105469,88.3710708618164
2018-05-08,88.5503603213226,89.97570377096174,88.20074919654799,89.41094207763672,3199100.0,0.0,0.0,99.73999786376953,89.41094207763672
2018-05-09,89.84122961203785,90.51355969972806,89.1868253173961,90.09223175048828,2694300.0,0.0,0.0,100.5,90.09223175048828
2018-05-10,90.28045991706335,91.32033346559622,89.84120628880756,90.88107299804688,2847600.0,0.0,0.0,101.37999725341797,90.88107299804688
2018-05-11,90.97969693980593,92.04646276654381,90.78247903846334,90.91694641113281,2522100.0,0.0,0.0,101.41999816894531,90.91694641113281
2018-05-14,91.15900009258128,91.57136173657074,90.63906316956589,90.80042266845703,2234800.0,0.0,0.0,101.29000091552734,90.80042266845703
2018-05-15,90.37908989574032,90.74663361670373,89.61711718460793,90.307373046875,3442300.0,0.0,0.0,100.73999786376953,90.307373046875
2018-05-16,89.89499551841033,90.75557703463353,89.85017762527114,90.17288970947266,2135200.0,0.0,0.0,100.58999633789062,90.17288970947266
2018-05-17,90.22669271234791,91.1141664499141,89.91294006162197,90.73766326904297,2876100.0,0.0,0.0,101.22000122070312,90.73766326904297
2018-05-18,90.47769466732274,90.83627205576528,90.05636674884987,90.53147888183594,2927600.0,0.0,0.0,100.98999786376953,90.53147888183594
2018-05-21,91.0514274594864,91.77754180594945,90.85420952852219,91.4727554321289,2084000.0,0.0,0.0,102.04000091552734,91.4727554321289
2018-05-22,91.72377773139561,92.54850122448902,91.50863395913152,92.06442260742188,2910700.0,0.0,0.0,102.69999694824219,92.06442260742188
2018-05-23,91.27550605872092,91.66097547119352,90.45974934445628,91.37411499023438,2553900.0,0.0,0.0,101.93000030517578,91.37411499023438
2018-05-24,91.15897842496635,91.71476680292264,90.28943060091926,91.44583892822266,2230000.0,0.0,0.0,102.01000213623047,91.44583892822266
2018-05-25,90.85419882141943,91.11416725984465,90.06533402982544,90.63008880615234,1850800.0,0.0,0.0,101.0999984741211,90.63008880615234
2018-05-29,89.50057681969008,89.50057681969008,86.93676441098735,87.60012817382812,4377800.0,0.0,0.0,97.72000122070312,87.60012817382812
2018-05-30,88.61310062040025,89.12407119289124,87.81526949562122,88.73860168457031,3076800.0,0.0,0.0,98.98999786376953,88.73860168457031
2018-05-31,88.46071621344879,89.07029580237446,87.67185132631383,88.12007141113281,2780300.0,0.0,0.0,98.30000305175781,88.12007141113281
2018-06-01,89.0523498149911,89.29439245450308,88.04834135270349,88.07523345947266,2711200.0,0.0,0.0,98.25,88.07523345947266
2018-06-04,88.5772341477513,89.20474625087687,88.42484098929151,89.15095520019531,2417400.0,0.0,0.0,99.44999694824219,89.15095520019531
2018-06-05,88.8551174861607,89.11508585486784,88.23657182133016,89.02543640136719,1811500.0,0.0,0.0,99.30999755859375,89.02543640136719
2018-06-06,89.64400189204751,90.54044191096798,89.25853241033992,90.5135498046875,2872700.0,0.0,0.0,100.97000122070312,90.5135498046875
2018-06-07,90.93488284847339,91.78649817887236,90.44183807447716,90.97074127197266,4245700.0,0.0,0.0,101.4800033569336,90.97074127197266
2018-06-08,90.8004118509465,90.80937816628767,89.27645968979843,90.54044342041016,3580500.0,0.0,0.0,101.0,90.54044342041016
2018-06-11,90.70180839942003,91.14106212764398,90.35219731215881,90.71973419189453,3453000.0,0.0,0.0,101.19999694824219,90.71973419189453
2018-06-12,90.98866433187358,90.98866433187358,89.85914796309606,90.29840850830078,2426100.0,0.0,0.0,100.7300033569336,90.29840850830078
2018-06-13,90.42392113349976,90.43288061078034,89.60815730745423,89.66194152832031,3183800.0,0.0,0.0,100.0199966430664,89.66194152832031
2018-06-14,90.11014536851201,90.63008220750659,89.20474589704612,89.4288558959961,3285500.0,0.0,0.0,99.76000213623047,89.4288558959961
2018-06-15,88.94478049349631,88.98959839122935,87.23257676059971,88.31726837158203,6741200.0,0.0,0.0,98.5199966430664,88.31726837158203
2018-06-18,87.71665801187211,88.34417015393458,87.23257956146787,88.27245330810547,3621300.0,0.0,0.0,98.47000122070312,88.27245330810547
2018-06-19,87.08019256591797,87.78838108026444,86.61404671357737,87.08019256591797,3119600.0,0.0,0.0,97.13999938964844,87.08019256591797
2018-06-20,87.58218792920105,87.75251372295789,86.38096157551192,86.43474578857422,4495300.0,0.0,0.0,96.41999816894531,86.43474578857422
2018-06-21,86.20165723584333,86.91880499543701,85.84307993639992,86.62297821044922,3350700.0,0.0,0.0,96.62999725341797,86.62297821044922
2018-06-22,87.26844184729624,87.81527085218248,87.01743971507865,87.16087341308594,7235400.0,0.0,0.0,97.2300033569336,87.16087341308594
2018-06-25,86.99950377843004,89.73364164476865,85.74448642438057,88.33519744873047,7996700.0,0.0,0.0,98.54000091552734,88.33519744873047
2018-06-26,89.19578377483117,89.49161062878144,87.91387424700804,88.03937530517578,5166100.0,0.0,0.0,98.20999908447266,88.03937530517578
2018-06-27,88.23659116168572,89.11510538778272,86.89193113596012,86.9188232421875,3693700.0,0.0,0.0,96.95999908447266,86.9188232421875
2018-06-28,86.96364620143022,87.35807515019489,86.56921041337112,86.92778778076172,3142300.0,0.0,0.0,96.97000122070312,86.92778778076172
2018-06-29,87.9676700119946,89.17786969356143,87.53738256728714,87.85113525390625,4698500.0,0.0,0.0,98.0,87.85113525390625
2018-07-02,87.31326349042743,88.78342464637431,87.0981197903436,88.74756622314453,3148700.0,0.0,0.0,99.0,88.74756622314453
2018-07-03,89.0254552881547,89.0254552881547,87.60011895377713,87.70768737792969,2041200.0,0.0,0.0,97.83999633789062,87.70768737792969
2018-07-05,88.48139466242297,88.73329789455654,87.83363957188047,88.6433334350586,2385500.0,0.35,0.0,98.52999877929688,88.6433334350586
2018-07-06,88.58035344912845,89.09315839431342,88.34644037438767,88.63433074951172,1996600.0,0.0,0.0,98.5199966430664,88.63433074951172
2018-07-09,89.30009311417687,89.97483690215013,89.13815433050935,89.88487243652344,4991700.0,0.0,0.0,99.91000366210938,89.88487243652344
2018-07-10,89.88487243652344,90.38867893511187,89.57898501677421,89.88487243652344,4675500.0,0.0,0.0,99.91000366210938,89.88487243652344
2018-07-11,89.65998257433917,90.6855928658778,89.65998257433917,90.23576354980469,3469600.0,0.0,0.0,100.30000305175781,90.23576354980469
2018-07-12,90.89247341270547,91.16237363773858,90.5056200842102,91.00043487548828,3688800.0,0.0,0.0,101.1500015258789,91.00043487548828
2018-07-13,90.93745281919837,91.00042861886322,89.62395266629755,90.4156494140625,3456500.0,0.0,0.0,100.5,90.4156494140625
2018-07-16,90.50563605937714,90.75753931981936,90.02881819299023,90.58660888671875,3264800.0,0.0,0.0,100.69000244140625,90.58660888671875
2018-07-17,90.6675588464605,91.27932674120075,90.55060574299833,91.00043487548828,3092200.0,0.0,0.0,101.1500015258789,91.00043487548828
2018-07-18,91.36032339791308,92.72780129748055,91.24336340007827,92.64683532714844,5923800.0,0.0,0.0,102.9800033569336,92.64683532714844
2018-07-19,90.14577069776912,91.19837626288391,89.31808660090283,90.11878204345703,7171100.0,0.0,0.0,100.16999816894531,90.11878204345703
2018-07-20,90.08276440755532,91.13536961656749,89.94782118164693,90.10076141357422,3325500.0,0.0,0.0,100.1500015258789,90.10076141357422
2018-07-23,90.10078140712227,91.22535429821504,89.97482979242774,91.06341552734375,2617900.0,0.0,0.0,101.22000122070312,91.06341552734375
2018-07-24,91.27934259683477,91.84612493123954,91.01844083100903,91.50425720214844,3155100.0,0.0,0.0,101.70999908447266,91.50425720214844
2018-07-25,91.07242342048399,92.46688983087763,90.93747328687198,92.33193969726562,2549400.0,0.0,0.0,102.62999725341797,92.33193969726562
2018-07-26,92.52086927883282,92.79976805844174,92.0890370779046,92.2149887084961,2744000.0,0.0,0.0,102.5,92.2149887084961
2018-07-27,92.5478809732621,93.78040884002773,92.36794513821765,93.4295425415039,3815800.0,0.0,0.0,103.8499984741211,93.4295425415039
2018-07-30,92.42191494034005,92.76378267795643,90.28072345149498,90.73055267333984,4423000.0,0.0,0.0,100.8499984741211,90.73055267333984
2018-07-31,90.91049512591948,91.04543841125789,89.46204437658973,89.53401184082031,4330400.0,0.0,0.0,99.5199966430664,89.53401184082031
2018-08-01,89.87587395075336,90.80252098822648,89.21912031022019,89.47102355957031,3315400.0,0.0,0.0,99.44999694824219,89.47102355957031
2018-08-02,88.97621282503138,89.9028598339524,88.769288382956,89.72293090820312,2481800.0,0.0,0.0,99.7300033569336,89.72293090820312
2018-08-03,89.92984142371456,90.77552240878673,89.69592834753222,90.67655944824219,1830400.0,0.0,0.0,100.79000091552734,90.67655944824219
2018-08-06,90.65857556063038,91.15339043497218,90.32570633957225,90.79352569580078,2004600.0,0.0,0.0,100.91999816894531,90.79352569580078
2018-08-07,91.3063353567635,92.4399069403921,91.19838073422224,91.73817443847656,1852800.0,0.0,0.0,101.97000122070312,91.73817443847656
2018-08-08,91.76516355171405,92.61983634905792,91.59422624670553,92.4668960571289,2228900.0,0.0,0.0,102.77999877929688,92.4668960571289
2018-08-09,92.16103748580892,92.952734654169,92.01708880218834,92.65584564208984,2435500.0,0.0,0.0,102.98999786376953,92.65584564208984
2018-08-10,91.84612707696654,91.94509005472446,91.01844295739951,91.3873062133789,2473800.0,0.0,0.0,101.58000183105469,91.3873062133789
2018-08-13,91.29734095559336,92.0350605973491,91.22536663350763,91.59422302246094,3389200.0,0.0,0.0,101.80999755859375,91.59422302246094
2018-08-14,91.70216368949418,92.3049330564748,91.61219923923325,91.92707824707031,2327100.0,0.0,0.0,102.18000030517578,91.92707824707031
2018-08-15,91.37831813657785,91.70219576186983,90.72156437866632,91.3243408203125,2219600.0,0.0,0.0,101.51000213623047,91.3243408203125
2018-08-16,91.67520877672382,92.79078347094885,91.64822011809864,92.3499526977539,2290400.0,0.0,0.0,102.6500015258789,92.3499526977539
2018-08-17,92.3319458489183,92.94371388004964,91.81914079810595,92.69181060791016,1950800.0,0.0,0.0,103.02999877929688,92.69181060791016
2018-08-20,92.68279402919835,93.53747352313158,92.60182807773363,93.4115219116211,2267900.0,0.0,0.0,103.83000183105469,93.4115219116211
2018-08-21,93.49250974472142,94.6890571979674,93.3485679538123,94.29320526123047,3218400.0,0.0,0.0,104.80999755859375,94.29320526123047
2018-08-22,94.37417852207408,95.59771463765539,94.02331225432573,95.21086120605469,2761300.0,0.0,0.0,105.83000183105469,95.21086120605469
2018-08-23,94.94994497493136,95.38177714778224,94.60807726610369,94.79700469970703,1866800.0,0.0,0.0,105.37000274658203,94.79700469970703
2018-08-24,95.28280013496929,95.66964655900189,94.86895133634223,95.1478500366211,1844000.0,0.0,0.0,105.76000213623047,95.1478500366211
2018-08-27,96.07452042910279,96.56033678405915,95.61569272766923,96.30843353271484,1972000.0,0.0,0.0,107.05000305175781,96.30843353271484
2018-08-28,96.31741678534308,96.65029283211076,95.97554909741685,96.51534271240234,2275000.0,0.0,0.0,107.27999877929688,96.51534271240234
2018-08-29,96.29943714073839,96.54234189162403,95.26482859527954,96.00254821777344,1896200.0,0.0,0.0,106.70999908447266,96.00254821777344
2018-08-30,95.90359373600049,95.9665695557956,95.33681135784444,95.57072448730469,1868300.0,0.0,0.0,106.2300033569336,95.57072448730469
2018-08-31,94.9319457977429,95.72364953631948,94.73402672694722,95.34579467773438,2115500.0,0.0,0.0,105.9800033569336,95.34579467773438
2018-09-04,95.67867543243818,96.50635956471746,94.9859414413423,96.27245330810547,2941800.0,0.0,0.0,107.01000213623047,96.27245330810547
2018-09-05,96.26343827095742,96.48835284635686,94.35616020058491,95.07588958740234,5511800.0,0.0,0.0,105.68000030517578,95.07588958740234
2018-09-06,94.91396196551442,95.24683804718478,94.05928922416074,94.8239974975586,3623900.0,0.0,0.0,105.4000015258789,94.8239974975586
2018-09-07,95.03990102537534,95.67865758639631,94.77899929811078,95.43575286865234,2498400.0,0.0,0.0,106.08000183105469,95.43575286865234
2018-09-10,95.86761451342804,96.98319607627313,95.86761451342804,96.52436828613281,3337000.0,0.0,0.0,107.29000091552734,96.52436828613281
2018-09-11,96.0025417258338,97.58594234405767,95.78662564366415,97.4419937133789,2795800.0,0.0,0.0,108.30999755859375,97.4419937133789
2018-09-12,97.44199098859828,97.78386554497621,96.85721856840124,97.05513763427734,4103100.0,0.0,0.0,107.87999725341797,97.05513763427734
2018-09-13,97.34304042085134,98.23370721804203,97.1001356622488,97.75688934326172,3429600.0,0.0,0.0,108.66000366210938,97.75688934326172
2018-09-14,97.91883409590399,98.97143982462175,97.91883409590399,98.56658935546875,2999800.0,0.0,0.0,109.55999755859375,98.56658935546875
2018-09-17,99.15136331351567,99.1783519705317,98.00880002878951,98.24270629882812,2383100.0,0.0,0.0,109.19999694824219,98.24270629882812
2018-09-18,98.45861324858797,98.84546661846744,98.03577272059776,98.63854217529297,2173200.0,0.0,0.0,109.63999938964844,98.63854217529297
2018-09-19,98.96242658266802,99.37626863380639,98.71952182842233,99.0523910522461,2365700.0,0.0,0.0,110.0999984741211,99.0523910522461
2018-09-20,99.72713881967132,100.5548229547295,99.54720987338888,99.96105194091797,2844800.0,0.0,0.0,111.11000061035156,99.96105194091797
2018-09-21,100.12299149674443,100.3209174574644,99.6461736080187,99.77212524414062,5662900.0,0.0,0.0,110.9000015258789,99.77212524414062
2018-09-24,99.62815656728434,99.7181210230222,98.37763210013848,98.82746124267578,1871600.0,0.0,0.0,109.8499984741211,98.82746124267578
2018-09-25,99.17832815945577,99.17832815945577,98.40462147945219,98.845458984375,1910600.0,0.0,0.0,109.87000274658203,98.845458984375
2018-09-26,99.03438868471339,99.06137733587197,96.98316883048317,97.1720962524414,2944200.0,0.0,0.0,108.01000213623047,97.1720962524414
2018-09-27,97.17211637906787,97.47799697401771,96.56933996833497,97.02816772460938,2121700.0,0.0,0.0,107.8499984741211,97.02816772460938
2018-09-28,96.50636664324337,97.04616724757018,95.61570662826382,95.80463409423828,3931500.0,0.0,0.0,106.48999786376953,95.80463409423828
2018-10-01,96.99216255691175,98.05375966301142,96.81223363608741,97.07313537597656,3361300.0,0.0,0.0,107.9000015258789,97.07313537597656
2018-10-02,97.17210171441495,97.58594373775401,96.54233674197398,97.51396942138672,2223100.0,0.0,0.0,108.38999938964844,97.51396942138672
2018-10-03,98.28769219989535,98.42264234914111,97.38803369005649,97.56796264648438,2505100.0,0.0,0.0,108.44999694824219,97.56796264648438
2018-10-04,97.73949821682196,98.28124001628113,96.4393123872234,97.27901458740234,2478700.0,0.39,0.0,107.73999786376953,97.27901458740234
2018-10-05,97.56794867608816,97.93814317141938,96.35805882900978,96.81854248046875,2399800.0,0.0,0.0,107.2300033569336,96.81854248046875
2018-10-08,96.27678309189092,96.81853174583391,95.31970574353346,96.6018295288086,2723400.0,0.0,0.0,106.98999786376953,96.6018295288086
2018-10-09,95.97883994162824,96.5476678232232,95.65379346968226,96.30388641357422,2604400.0,0.0,0.0,106.66000366210938,96.30388641357422
2018-10-10,96.57473338542864,96.61988139808106,93.46873748539446,93.51388549804688,4555600.0,0.0,0.0,103.56999969482422,93.51388549804688
2018-10-11,93.19788137431387,94.20913084958045,91.69003125414288,91.71711730957031,6069300.0,0.0,0.0,101.58000183105469,91.71711730957031
2018-10-12,94.18205613962112,94.73282896172826,91.83450357530388,92.99925231933594,4855900.0,0.0,0.0,103.0,92.99925231933594
2018-10-15,92.86379225422243,93.50485407687036,92.28593351581812,92.6561279296875,2780900.0,0.0,0.0,102.62000274658203,92.6561279296875
2018-10-16,93.0624589673385,94.32652790051091,92.71935739647775,94.14594268798828,3121000.0,0.0,0.0,104.2699966430664,94.14594268798828
2018-10-17,94.20011286957617,95.06690114260289,93.82991838505785,94.20913696289062,3792400.0,0.0,0.0,104.33999633789062,94.20913696289062
2018-10-18,94.38069433748416,94.58836559722634,92.35818829935225,92.85478210449219,4538200.0,0.0,0.0,102.83999633789062,92.85478210449219
2018-10-19,93.95631842749513,97.10746272042857,93.95631842749513,96.36708068847656,5726300.0,0.0,0.0,106.7300033569336,96.36708068847656
2018-10-22,96.25871689654322,96.5747323157512,94.30843850036905,94.36261749267578,5003100.0,0.0,0.0,104.51000213623047,94.36261749267578
2018-10-23,92.46654431380405,94.37166834953013,91.95188162833081,94.2452621459961,4223800.0,0.0,0.0,104.37999725341797,94.2452621459961
2018-10-24,94.2903942988759,94.75990199173754,91.65391265665374,91.95186614990234,4056700.0,0.0,0.0,101.83999633789062,91.95186614990234
2018-10-25,92.52974315510646,94.05564850997125,91.91576724251637,93.5409927368164,3378900.0,0.0,0.0,103.5999984741211,93.5409927368164
2018-10-26,92.58393074471194,92.69228188455519,90.41695616820276,91.41918182373047,5395700.0,0.0,0.0,101.25,91.41918182373047
2018-10-29,92.52072337714593,93.2249885321585,90.32666283881031,91.36500549316406,4238700.0,0.0,0.0,101.19000244140625,91.36500549316406
2018-10-30,91.7351966928041,92.4484928587667,90.66074384061122,92.16859436035156,3778200.0,0.0,0.0,102.08000183105469,92.16859436035156
2018-10-31,93.05342380808071,93.6403136673505,92.59294703621374,92.7554702758789,4511300.0,0.0,0.0,102.7300033569336,92.7554702758789
2018-11-01,93.23399037516481,94.14591964285046,93.01728817318225,93.9382553100586,2786800.0,0.0,0.0,104.04000091552734,93.9382553100586
2018-11-02,94.74187325256173,94.8502243911643,92.8999452280512,93.64032745361328,4322200.0,0.0,0.0,103.70999908447266,93.64032745361328
2018-11-05,93.93826194685234,95.16621362369644,93.72156661817993,94.99465942382812,2697700.0,0.0,0.0,105.20999908447266,94.99465942382812
2018-11-06,94.78700256347656,95.40097845039584,94.2362297727716,94.78700256347656,2856000.0,0.0,0.0,104.9800033569336,94.78700256347656
2018-11-07,95.46416220358537,97.04424617740582,94.71474929416186,96.8907470703125,3606900.0,0.0,0.0,107.30999755859375,96.8907470703125
2018-11-08,96.63796085027617,98.08260806756199,96.63796085027617,97.9652328491211,2896700.0,0.0,0.0,108.5,97.9652328491211
2018-11-09,97.85687545739228,98.71463963891718,96.92688408609483,97.76658630371094,4444000.0,0.0,0.0,108.27999877929688,97.76658630371094
2018-11-12,97.65824782358693,97.91106022422532,95.97884328949324,96.150390625,3154600.0,0.0,0.0,106.48999786376953,96.150390625
2018-11-13,96.29486773812124,97.69436705416156,96.13234448137739,97.38738250732422,3021800.0,0.0,0.0,107.86000061035156,97.38738250732422
2018-11-14,98.0645352659685,98.71462811839827,96.5115372048574,97.30609130859375,4978100.0,0.0,0.0,107.7699966430664,97.30609130859375
2018-11-15,96.32195282140634,99.0487242250631,96.01496138906434,98.95843505859375,3742600.0,0.0,0.0,109.5999984741211,98.95843505859375
2018-11-16,98.03744664945303,99.66267184942838,98.03744664945303,98.83200073242188,3486200.0,0.0,0.0,109.45999908447266,98.83200073242188
2018-11-19,99.22927388799694,99.33761809348648,96.99006616341501,97.7394790649414,3161200.0,0.0,0.0,108.25,97.7394790649414
2018-11-20,97.10745508629313,97.42347052229111,95.22037967369972,95.7892074584961,3779000.0,0.0,0.0,106.08999633789062,95.7892074584961
2018-11-21,96.04203336741755,97.21580605246258,95.8253311488631,96.15940856933594,2791000.0,0.0,0.0,106.5,96.15940856933594
2018-11-23,95.59961939823336,96.11427519060065,95.08496360586606,95.47321319580078,938800.0,0.0,0.0,105.73999786376953,95.47321319580078
2018-11-26,96.7463130231867,99.07581056115292,96.45738357659859,99.0306625366211,4488500.0,0.0,0.0,109.68000030517578,99.0306625366211
2018-11-27,98.86811918484725,99.64461820624706,98.17288521335298,99.41889190673828,2837900.0,0.0,0.0,110.11000061035156,99.41889190673828
2018-11-28,99.61754262079974,102.190821327889,99.61754262079974,101.9289779663086,3995900.0,0.0,0.0,112.88999938964844,101.9289779663086
2018-11-29,101.12538719298044,101.36014448492068,99.75297425492579,100.50238037109375,4249500.0,0.0,0.0,111.30999755859375,100.50238037109375
2018-11-30,99.65364914847669,101.53168672431183,99.65364914847669,101.3691635131836,3949500.0,0.0,0.0,112.2699966430664,101.3691635131836
2018-12-03,102.92220356372496,103.42783536506734,101.12542341577688,101.45046997070312,3399400.0,0.0,0.0,112.36000061035156,101.45046997070312
2018-12-04,100.99897403745499,101.26984834704122,97.09842393340834,97.18871307373047,5238400.0,0.0,0.0,107.63999938964844,97.18871307373047
2018-12-06,95.38289615487267,97.86588523042545,94.60639720197388,97.7394790649414,7455200.0,0.0,0.0,108.25,97.7394790649414
2018-12-07,97.69435058435347,98.97648134412778,95.49126633932615,96.32193756103516,4419400.0,0.0,0.0,106.68000030517578,96.32193756103516
2018-12-10,95.65378586115565,96.35805086481272,93.45069481289882,95.51834869384766,4110000.0,0.0,0.0,105.79000091552734,95.51834869384766
2018-12-11,96.96301681432399,97.52282067952036,94.36265156899846,95.1662368774414,3132200.0,0.0,0.0,105.4000015258789,95.1662368774414
2018-12-12,96.8546495699893,98.17289738453864,96.15941551230198,97.04426574707031,4183800.0,0.0,0.0,107.4800033569336,97.04426574707031
2018-12-13,97.30610476927993,97.838822498177,96.00592577318224,96.33999633789062,3542600.0,0.0,0.0,106.69999694824219,96.33999633789062
2018-12-14,95.50028347407302,96.11425930812634,94.74184638480611,95.43708038330078,5245400.0,0.0,0.0,105.69999694824219,95.43708038330078
2018-12-17,95.22039850181586,95.22039850181586,90.99480113868191,91.35596466064453,7345500.0,0.0,0.0,101.18000030517578,91.35596466064453
2018-12-18,92.07828193257465,92.61099273225307,90.71489305395322,91.21148681640625,5220800.0,0.0,0.0,101.0199966430664,91.21148681640625
2018-12-19,90.07383574642874,92.09634171408099,88.66529877712767,89.1799545288086,6195600.0,0.0,0.0,98.7699966430664,89.1799545288086
2018-12-20,88.40345305406339,89.27024123526908,86.01075285261409,86.47122955322266,7110500.0,0.0,0.0,95.7699966430664,86.47122955322266
2018-12-21,85.95658830450184,87.2477432566825,82.2998256961536,82.46234893798828,11005300.0,0.0,0.0,91.33000183105469,82.46234893798828
2018-12-24,81.92963650608084,82.66099458611465,80.8100357055664,80.8100357055664,3190900.0,0.0,0.0,89.5,80.8100357055664
2018-12-26,81.12603254186293,84.77377045291728,80.40371249990235,84.72862243652344,5383700.0,0.0,0.0,93.83999633789062,84.72862243652344
2018-12-27,83.39233574291278,85.48707580566406,82.39914127058276,85.48707580566406,4226600.0,0.0,0.0,94.68000030517578,85.48707580566406
2018-12-28,86.13716187895315,86.36288819053918,84.82794513858197,85.25231170654297,3225100.0,0.0,0.0,94.41999816894531,85.25231170654297
2018-12-31,85.89341002053683,86.32680775352006,85.14400358370125,86.0649642944336,2821100.0,0.0,0.0,95.31999969482422,86.0649642944336
2019-01-02,84.79184469295733,86.92269498061968,84.6654316064737,86.38998413085938,4175400.0,0.0,0.0,95.68000030517578,86.38998413085938
2019-01-03,85.93668235616123,86.29025608064279,84.52238745823495,84.70370483398438,4776600.0,0.39,0.0,93.43000030517578,84.70370483398438
2019-01-04,86.46254179854837,89.16420896570253,86.03643821230443,88.52052307128906,4637200.0,0.0,0.0,97.63999938964844,88.52052307128906
2019-01-07,88.63835774497882,89.68095005507433,87.95840714058808,89.0009994506836,3289000.0,0.0,0.0,98.16999816894531,89.0009994506836
2019-01-08,89.47242971576603,90.2249030771546,88.41170158759364,89.43616485595703,3227200.0,0.0,0.0,98.6500015258789,89.43616485595703
2019-01-09,89.51775231480921,90.28836153620415,88.98286121510708,89.59934997558594,2954500.0,0.0,0.0,98.83000183105469,89.59934997558594
2019-01-10,89.25482233992973,89.45427556976323,88.68366647734472,89.08257293701172,3523800.0,0.0,0.0,98.26000213623047,89.08257293701172
2019-01-11,88.73808459203106,89.46336800511665,88.2666552152961,89.34551239013672,2770600.0,0.0,0.0,98.55000305175781,89.34551239013672
2019-01-14,88.62926942184725,89.78064904729285,88.50234590146154,89.24575805664062,4120500.0,0.0,0.0,98.44000244140625,89.24575805664062
2019-01-15,89.39990166396363,89.63561979871217,88.61115651123673,88.83780670166016,5795100.0,0.0,0.0,97.98999786376953,88.83780670166016
2019-01-16,89.6990796499288,90.62380936360815,89.30924105409596,90.12518310546875,4701900.0,0.0,0.0,99.41000366210938,90.12518310546875
2019-01-17,90.12518532549693,90.87765870330671,89.36363708651841,90.19770812988281,5693300.0,0.0,0.0,99.48999786376953,90.19770812988281
2019-01-18,89.01912138204382,91.39441069417572,87.36910845078313,91.0952377319336,9872500.0,0.0,0.0,100.4800033569336,91.0952377319336
2019-01-22,90.52407989861379,91.27656015117849,89.71720581659632,90.50595092773438,4699800.0,0.0,0.0,99.83000183105469,90.50595092773438
2019-01-23,90.59660902416257,90.83232714494295,89.26390487675566,90.39715576171875,3585100.0,0.0,0.0,99.70999908447266,90.39715576171875
2019-01-24,90.3790225691435,91.14963175155857,90.09797165936735,90.40621948242188,3415900.0,0.0,0.0,99.72000122070312,90.40621948242188
2019-01-25,91.04989815544035,92.101551250317,90.74165035598114,91.35813903808594,3488300.0,0.0,0.0,100.7699966430664,91.35813903808594
2019-01-28,90.70538184344068,91.03175857337358,90.18861984051571,91.00455474853516,3185400.0,0.0,0.0,100.37999725341797,91.00455474853516
2019-01-29,91.5122741671411,91.94743861686567,91.14963251449448,91.53040313720703,2827400.0,0.0,0.0,100.95999908447266,91.53040313720703
2019-01-30,91.64825776796545,93.24387687269144,91.1496315530483,93.0806884765625,3501500.0,0.0,0.0,102.66999816894531,93.0806884765625
2019-01-31,92.4732771348302,93.28921919879461,92.20129414123711,93.10789489746094,4302100.0,0.0,0.0,102.69999694824219,93.10789489746094
2019-02-01,92.84497263888841,93.86036090460952,92.84497263888841,93.43425750732422,4727800.0,0.0,0.0,103.05999755859375,93.43425750732422
2019-02-04,93.4161296270653,93.79690023114837,92.94469342664578,93.76063537597656,2578300.0,0.0,0.0,103.41999816894531,93.76063537597656
2019-02-05,93.95103758218421,94.44967078449582,93.75159121807471,94.1958236694336,2231200.0,0.0,0.0,103.9000015258789,94.1958236694336
2019-02-06,94.15047963339353,95.26560151791469,93.76970900621627,95.15680694580078,3595700.0,0.0,0.0,104.95999908447266,95.15680694580078
2019-02-07,94.34085767398317,94.99361122271547,93.93289016443235,94.6400375366211,3857300.0,0.0,0.0,104.38999938964844,94.6400375366211
2019-02-08,94.04168800019814,94.75789642333984,93.76970503982518,94.75789642333984,2581900.0,0.0,0.0,104.5199966430664,94.75789642333984
2019-02-11,95.14774638463875,95.70077339803476,95.02082283239851,95.56478881835938,2653800.0,0.0,0.0,105.41000366210938,95.56478881835938
2019-02-12,96.34444225469885,97.39610226570561,96.3353812288483,97.00626373291016,3238600.0,0.0,0.0,107.0,97.00626373291016
2019-02-13,97.50491602314685,98.33898707530007,97.09694152470463,97.51397705078125,3182100.0,0.0,0.0,107.55999755859375,97.51397705078125
2019-02-14,97.00629478700273,97.33267165925753,96.31727617704081,96.66178894042969,2385900.0,0.0,0.0,106.62000274658203,96.66178894042969
2019-02-15,97.30544316347364,97.9944546330335,97.11505786924155,97.35076904296875,3882300.0,0.0,0.0,107.37999725341797,97.35076904296875
2019-02-19,97.05161168783064,97.2148000972057,96.5167136561178,96.552978515625,3692800.0,0.0,0.0,106.5,96.552978515625
2019-02-20,96.61644602376407,97.1694730596397,96.55298424506434,96.80683135986328,3840800.0,0.0,0.0,106.77999877929688,96.80683135986328
2019-02-21,96.77055029519592,96.96093559941751,96.38977968675272,96.65269470214844,2566500.0,0.0,0.0,106.61000061035156,96.65269470214844
2019-02-22,96.9881463907994,97.5049085155852,96.87935181622863,97.40518188476562,2256400.0,0.0,0.0,107.44000244140625,97.40518188476562
2019-02-25,98.09419758775235,98.68348945383627,96.78869722177372,96.94281768798828,3333500.0,0.0,0.0,106.93000030517578,96.94281768798828
2019-02-26,96.707087735292,97.56836248560121,96.48043757733913,96.95187377929688,2548100.0,0.0,0.0,106.94000244140625,96.95187377929688
2019-02-27,96.87933744943005,97.57741684483044,96.64361936455663,97.38703155517578,2393500.0,0.0,0.0,107.41999816894531,97.38703155517578
2019-02-28,97.20574041974892,98.3208555479651,97.07881685908717,97.67716979980469,3295800.0,0.0,0.0,107.73999786376953,97.67716979980469
2019-03-01,98.27550524741629,99.40875598385603,98.09418097949779,98.72880554199219,2682000.0,0.0,0.0,108.9000015258789,98.72880554199219
2019-03-04,99.32716742963659,99.80766467919676,97.69529036981793,98.81947326660156,4053200.0,0.0,0.0,109.0,98.81947326660156
2019-03-05,98.8466753446662,99.10959038335031,98.20298966381112,98.68348693847656,2685700.0,0.0,0.0,108.8499984741211,98.68348693847656
2019-03-06,98.75605115362949,99.22748064907162,98.6835214106947,98.80138397216797,2616000.0,0.0,0.0,108.9800033569336,98.80138397216797
2019-03-07,98.42057509397353,98.4840368697283,97.36892182192088,97.78595733642578,3048200.0,0.0,0.0,107.86000061035156,97.78595733642578
2019-03-08,96.81588030070812,97.97632797875885,96.71615367992433,97.89473724365234,2077100.0,0.0,0.0,107.9800033569336,97.89473724365234
2019-03-11,98.82853749542528,99.53568488644902,98.55655453727125,99.32716369628906,3289200.0,0.0,0.0,109.55999755859375,99.32716369628906
2019-03-12,99.490356708395,100.88652258592008,99.490356708395,100.11591339111328,3917500.0,0.0,0.0,110.43000030517578,100.11591339111328
2019-03-13,99.88928473280511,101.77501621375897,99.80768705727118,101.66622161865234,4234100.0,0.0,0.0,112.13999938964844,101.66622161865234
2019-03-14,101.89286276219616,102.2464365187812,101.4304944201945,101.85659790039062,3538200.0,0.0,0.0,112.3499984741211,101.85659790039062
2019-03-15,102.182953088559,103.14394751393021,102.01976470341921,102.91729736328125,4780400.0,0.0,0.0,113.5199966430664,102.91729736328125
2019-03-18,103.12584407103675,103.57914448453582,102.59095290317924,102.94452667236328,2918000.0,0.0,0.0,113.55000305175781,102.94452667236328
2019-03-19,103.55191636440955,103.55191636440955,101.86563878095279,102.14668273925781,3331300.0,0.0,0.0,112.66999816894531,102.14668273925781
2019-03-20,101.77497301188609,101.95629034328171,100.27001287741369,100.42413330078125,3309300.0,0.0,0.0,110.7699966430664,100.42413330078125
2019-03-21,99.68980562884953,101.70246015804508,99.55381414937152,101.37608337402344,3111000.0,0.0,0.0,111.81999969482422,101.37608337402344
2019-03-22,100.89559216211657,100.92278907627238,98.81040779718948,99.23651123046875,3737400.0,0.0,0.0,109.45999908447266,99.23651123046875
2019-03-25,99.07331799826088,99.78953334230594,98.08512660910398,98.8557357788086,3596200.0,0.0,0.0,109.04000091552734,98.8557357788086
2019-03-26,99.71699080888776,100.08870034793883,98.86479101026724,99.27275848388672,2844500.0,0.0,0.0,109.5,99.27275848388672
2019-03-27,99.43600193080489,99.72611398572705,98.21209191525254,98.80138397216797,3346600.0,0.0,0.0,108.9800033569336,98.80138397216797
2019-03-28,99.20022684018365,99.61726224769212,98.35708808329541,98.96451568603516,2693300.0,0.0,0.0,109.16000366210938,98.96451568603516
2019-03-29,99.90738860165825,100.07964493808768,98.9463941285552,99.0914535522461,4891000.0,0.0,0.0,109.30000305175781,99.0914535522461
2019-04-01,99.98898490883006,101.57553602078873,99.7985996054127,101.26728820800781,5125100.0,0.0,0.0,111.69999694824219,101.26728820800781
2019-04-02,100.82306048309594,101.04971065239977,100.06151923430593,100.63267517089844,3568900.0,0.0,0.0,111.0,100.63267517089844
2019-04-03,101.3760911090673,101.53927951352948,100.04338695876191,100.23377227783203,3719700.0,0.0,0.0,110.55999755859375,100.23377227783203
2019-04-04,100.37936039425597,100.52492641585476,99.62421626714077,100.18830108642578,3619600.0,0.39,0.0,110.12000274658203,100.18830108642578
2019-04-05,100.51583253390281,101.17999008341629,100.47943929345948,100.9525375366211,4553700.0,0.0,0.0,110.95999908447266,100.9525375366211
2019-04-08,100.64318574562671,100.85243816067539,100.00631457422314,100.7159652709961,4776600.0,0.0,0.0,110.69999694824219,100.7159652709961
2019-04-09,100.08823044674666,100.36116936487596,99.61512521590673,99.94265747070312,2869300.0,0.0,0.0,109.8499984741211,99.94265747070312
2019-04-10,100.51581697673606,100.51581697673606,99.64239322388046,100.22467803955078,2650100.0,0.0,0.0,110.16000366210938,100.22467803955078
2019-04-11,100.54313558493038,100.8342745957159,99.55143877421307,99.94265747070312,2320600.0,0.0,0.0,109.8499984741211,99.94265747070312
2019-04-12,100.82517218339201,101.48933672372742,100.48853989016702,100.90705871582031,2316900.0,0.0,0.0,110.91000366210938,100.90705871582031
2019-04-15,100.9161352001676,100.96162848194648,100.30656409561199,100.56130981445312,2285000.0,0.0,0.0,110.52999877929688,100.56130981445312
2019-04-16,101.07079239877015,101.92601604393742,100.93432644798784,101.78954315185547,2523400.0,0.0,0.0,111.87999725341797,101.78954315185547
2019-04-17,102.18078084709866,102.35364700547976,101.21638426097444,101.68038940429688,3799900.0,0.0,0.0,111.76000213623047,101.68038940429688
2019-04-18,102.12620008424751,103.84574089339088,101.28007627805782,103.41812896728516,6186800.0,0.0,0.0,113.66999816894531,103.41812896728516
2019-04-22,102.4446432360016,103.17249428693991,102.10801785151682,102.1989974975586,3174400.0,0.0,0.0,112.33000183105469,102.1989974975586
2019-04-23,102.07161700661744,103.75476462765378,101.80777119382556,103.69107818603516,3342800.0,0.0,0.0,113.97000122070312,103.69107818603516
2019-04-24,103.50001896215996,104.04590373960954,103.19067985878088,103.73656463623047,2318400.0,0.0,0.0,114.0199966430664,103.73656463623047
2019-04-25,104.83739348581214,105.99284895674874,104.4006816977418,105.42876434326172,4595200.0,0.0,0.0,115.87999725341797,105.42876434326172
2019-04-26,106.07477257514401,107.11196263498923,105.62896750100174,106.99368286132812,2990600.0,0.0,0.0,117.5999984741211,106.99368286132812
2019-04-29,106.66612079964388,107.0846325601874,106.03835662947824,106.22941589355469,3096200.0,0.0,0.0,116.76000213623047,106.22941589355469
2019-04-30,106.4932697400451,106.76620859183124,105.62894602280598,106.65703582763672,2387900.0,0.0,0.0,117.2300033569336,106.65703582763672
2019-05-01,106.87540692014908,107.34850517712806,106.38410857176645,106.46598815917969,2450500.0,0.0,0.0,117.0199966430664,106.46598815917969
2019-05-02,106.4477946397338,107.03917266488142,106.15665564999512,106.67524719238281,2538700.0,0.0,0.0,117.25,106.67524719238281
2019-05-03,107.27570136773568,108.86786888162632,107.0209487348216,108.58582305908203,2856200.0,0.0,0.0,119.3499984741211,108.58582305908203
2019-05-06,106.68431418565449,108.82236612989439,106.49325493357846,108.57671356201172,2924500.0,0.0,0.0,119.33999633789062,108.57671356201172
2019-05-07,107.6942121460054,108.64041537849688,107.03914783571904,107.5577392578125,6282300.0,0.0,0.0,118.22000122070312,107.5577392578125
2019-05-08,107.20290894126592,107.45765461871797,106.28399894077178,106.89356994628906,4037500.0,0.0,0.0,117.48999786376953,106.89356994628906
2019-05-09,105.67444403939847,106.7116269935417,104.97388637834547,106.68433380126953,3219600.0,0.0,0.0,117.26000213623047,106.68433380126953
2019-05-10,106.32042048630204,108.20372732192372,105.72904246826991,107.77611541748047,2435100.0,0.0,0.0,118.45999908447266,107.77611541748047
2019-05-13,105.9200814964622,106.34769331902956,105.19223764088552,105.44698333740234,3710600.0,0.0,0.0,115.9000015258789,105.44698333740234
2019-05-14,105.5197753968512,107.11194302575005,105.32870917303934,106.45687866210938,2460700.0,0.0,0.0,117.01000213623047,106.45687866210938
2019-05-15,105.70175656603408,107.56687038052318,105.44701080316368,107.04827880859375,2711400.0,0.0,0.0,117.66000366210938,107.04827880859375
2019-05-16,107.14832497135043,109.49563653202205,107.14832497135043,109.03163146972656,4143500.0,0.0,0.0,119.83999633789062,109.03163146972656
2019-05-17,107.90347335980242,108.80418338926188,107.82159378498793,108.33108520507812,5273600.0,0.0,0.0,119.06999969482422,108.33108520507812
2019-05-20,108.11272833036652,109.46834334152815,107.92166905560948,109.03163146972656,2765600.0,0.0,0.0,119.83999633789062,109.03163146972656
2019-05-21,109.6048410781287,109.79590039619087,108.57675106116861,109.67762756347656,3369100.0,0.0,0.0,120.55000305175781,109.67762756347656
2019-05-22,109.50474960633414,109.97784782755686,108.66772593885521,109.18631744384766,2941100.0,0.0,0.0,120.01000213623047,109.18631744384766
2019-05-23,108.51301622829722,108.63129594956365,107.22108792538926,107.748779296875,3290200.0,0.0,0.0,118.43000030517578,107.748779296875
2019-05-24,108.45844613809281,108.84056466115709,107.65781586005824,108.73139190673828,2240100.0,0.0,0.0,119.51000213623047,108.73139190673828
2019-05-28,108.59492899704419,109.28638658417152,107.51225280761719,107.51225280761719,2550300.0,0.0,0.0,118.16999816894531,107.51225280761719
2019-05-29,107.09374293714892,107.18472255625457,105.57436178005459,106.45687866210938,2553900.0,0.0,0.0,117.01000213623047,106.45687866210938
2019-05-30,106.63883926770181,106.72981888797405,105.638049562107,106.21122741699219,1882400.0,0.0,0.0,116.73999786376953,106.21122741699219
2019-05-31,105.3287153611751,105.51978159621223,104.2278459403299,104.36431884765625,2969100.0,0.0,0.0,114.70999908447266,104.36431884765625
2019-06-03,104.22783923195531,105.4742815247378,103.61826815193832,104.28243255615234,2968500.0,0.0,0.0,114.62000274658203,104.28243255615234
2019-06-04,105.27412684582823,106.44778271901961,104.83742188077579,106.31130981445312,3043200.0,0.0,0.0,116.8499984741211,106.31130981445312
2019-06-05,106.6115426832171,107.5759391217545,106.45687663954597,107.46676635742188,2568100.0,0.0,0.0,118.12000274658203,107.46676635742188
2019-06-06,107.73970501347823,108.84967439083893,107.49405935287703,108.65861511230469,2209300.0,0.0,0.0,119.43000030517578,108.65861511230469
2019-06-07,109.05894067563747,110.41455579959143,108.77689482070053,110.18710327148438,2481800.0,0.0,0.0,121.11000061035156,110.18710327148438
2019-06-10,110.63290191411208,112.31604913694905,110.46004272278606,111.59730529785156,3453700.0,0.0,0.0,122.66000366210938,111.59730529785156
2019-06-11,112.40705237587966,113.48972178791351,111.97944047359447,112.11591339111328,3303800.0,0.0,0.0,123.2300033569336,112.11591339111328
2019-06-12,111.83385457010992,112.07950718147917,110.62380548478764,111.02412414550781,2685700.0,0.0,0.0,122.02999877929688,111.02412414550781
2019-06-13,111.07870585489114,111.63369054160553,110.46913478630314,110.86945343017578,2343900.0,0.0,0.0,121.86000061035156,110.86945343017578
2019-06-14,111.00593384596488,111.5518185255799,110.03243730257296,110.99683380126953,2483800.0,0.0,0.0,122.0,110.99683380126953
2019-06-17,111.21518022653113,111.21518022653113,110.35996348686467,110.49642944335938,2094200.0,0.0,0.0,121.44999694824219,110.49642944335938
2019-06-18,111.73375925756774,113.7717385710142,111.18787466840497,112.29784393310547,2729200.0,0.0,0.0,123.43000030517578,112.29784393310547
2019-06-19,113.03480857998257,113.65347974588323,112.52531712852335,113.43512725830078,2951700.0,0.0,0.0,124.68000030517578,113.43512725830078
2019-06-20,114.35406125093984,115.00002574466914,113.24409155081557,113.65350341796875,3303200.0,0.0,0.0,124.91999816894531,113.65350341796875
2019-06-21,113.90821095490972,114.91810062556421,113.32593310136292,113.48060607910156,5703800.0,0.0,0.0,124.7300033569336,113.48060607910156
2019-06-24,113.70806117720313,114.10837287233885,112.8255443330431,112.94381713867188,2680900.0,0.0,0.0,124.13999938964844,112.94381713867188
2019-06-25,113.06206761151383,113.33501334449655,111.94300537714099,112.05218505859375,2387800.0,0.0,0.0,123.16000366210938,112.05218505859375
2019-06-26,112.07038669208211,112.81643055195111,111.93391381525143,112.44340515136719,1902500.0,0.0,0.0,123.58999633789062,112.44340515136719
2019-06-27,112.53441880215424,113.18948321568314,112.41613904113898,112.76187133789062,1504300.0,0.0,0.0,123.94000244140625,112.76187133789062
2019-06-28,113.08029825695998,113.31685082672277,112.08860163765071,112.30696105957031,4338900.0,0.0,0.0,123.44000244140625,112.30696105957031
2019-07-01,113.9992357817266,115.00002574466914,113.31687804227005,113.65350341796875,4008800.0,0.0,0.0,124.91999816894531,113.65350341796875
2019-07-02,113.52609891057257,114.02649722332951,113.3623328210612,113.8172378540039,4076100.0,0.0,0.0,125.0999984741211,113.8172378540039
2019-07-03,114.27355587406917,115.04018985691299,114.02714203569477,114.86678314208984,3714300.0,0.39,0.0,125.86000061035156,114.86678314208984
2019-07-05,115.11321017595056,115.1679742286498,113.45217781289158,114.44697570800781,3731500.0,0.0,0.0,125.4000015258789,114.44697570800781
2019-07-08,114.07277850302404,114.29182077783913,113.75335055601082,113.94500732421875,3332000.0,0.0,0.0,124.8499984741211,113.94500732421875
2019-07-09,113.41565737913955,115.0310609644606,113.33352175429603,114.90328979492188,2237100.0,0.0,0.0,125.9000015258789,114.90328979492188
2019-07-10,115.633417005383,117.20318514424554,115.633417005383,115.80682373046875,2733800.0,0.0,0.0,126.88999938964844,115.80682373046875
2019-07-11,115.88896547924404,116.53694986430867,115.39613081391174,116.16275787353516,2928100.0,0.0,0.0,127.27999877929688,116.16275787353516
2019-07-12,116.40917831571427,116.81987038734202,115.78857247576124,116.78336334228516,1639400.0,0.0,0.0,127.95999908447266,116.78336334228516
2019-07-15,117.04806197842764,117.44049713916927,116.60086275559884,117.34011840820312,2355700.0,0.0,0.0,128.57000732421875,117.34011840820312
2019-07-16,117.93334035941116,118.04285455893954,116.63737126959553,116.8746566772461,2734000.0,0.0,0.0,128.05999755859375,116.8746566772461
2019-07-17,116.83809966895542,117.40394132556128,115.91631614825187,115.9802017211914,2248900.0,0.0,0.0,127.08000183105469,115.9802017211914
2019-07-18,115.62429621025716,117.81466324666368,115.59691766675313,117.18492889404297,3524500.0,0.0,0.0,128.39999389648438,117.18492889404297
2019-07-19,115.72467034390061,116.81985368701402,112.98670502311123,113.91761016845703,7819000.0,0.0,0.0,124.81999969482422,113.91761016845703
2019-07-22,113.85374119168236,115.00368874374128,113.80810564447893,114.99456024169922,4839700.0,0.0,0.0,126.0,114.99456024169922
2019-07-23,115.34139350353628,117.71429628585601,115.32314345822216,117.00242614746094,4055100.0,0.0,0.0,128.1999969482422,117.00242614746094
2019-07-24,116.55520327206472,117.0206594077132,115.71556209784137,116.77423858642578,3628300.0,0.0,0.0,127.94999694824219,116.77423858642578
2019-07-25,116.6464773244304,116.99329081158223,115.45090105158437,116.04412841796875,2663500.0,0.0,0.0,127.1500015258789,116.04412841796875
2019-07-26,115.98934941994902,116.4182984905824,115.26835791829647,115.70642852783203,4236200.0,0.0,0.0,126.77999877929688,115.70642852783203
2019-07-29,115.82510030195513,116.32705659478174,115.48741529684739,116.08064270019531,1829500.0,0.0,0.0,127.19000244140625,116.08064270019531
2019-07-30,115.51475654968826,115.8250629066573,115.26834273465904,115.42349243164062,1575400.0,0.0,0.0,126.47000122070312,115.42349243164062
2019-07-31,115.4782823482541,115.5330394420527,112.82245885390401,113.50695037841797,3221000.0,0.0,0.0,124.37000274658203,113.50695037841797
2019-08-01,112.95934675309496,115.1132138817417,112.73118292135703,113.25139617919922,4489800.0,0.0,0.0,124.08999633789062,113.25139617919922
2019-08-02,113.09623633702388,113.99977004332031,112.32960927314356,113.4521713256836,3268800.0,0.0,0.0,124.30999755859375,113.4521713256836
2019-08-05,111.76376129139703,112.32961005415267,109.66465839022031,110.17574310302734,5876200.0,0.0,0.0,120.72000122070312,110.17574310302734
2019-08-06,110.48604771657358,112.11970152917954,110.31264794547522,111.84590911865234,3497000.0,0.0,0.0,122.55000305175781,111.84590911865234
2019-08-07,110.35828352458594,113.03236398523845,109.71942756320456,112.74944305419922,3170800.0,0.0,0.0,123.54000091552734,112.74944305419922
2019-08-08,113.03234713645519,114.72075789386398,112.89544746142059,114.34657287597656,2976100.0,0.0,0.0,125.29000091552734,114.34657287597656
2019-08-09,114.61124075810005,115.66991716075515,113.82635673542168,115.14970397949219,2138300.0,0.0,0.0,126.16999816894531,115.14970397949219
2019-08-12,114.0727660187677,114.72987884528372,112.98671111778182,113.12360382080078,2918000.0,0.0,0.0,123.94999694824219,113.12360382080078
2019-08-13,113.04149729664013,115.45090697205987,111.80941391127905,115.28662872314453,3175700.0,0.0,0.0,126.31999969482422,115.28662872314453
2019-08-14,113.4886831330894,114.38308837481962,111.46258728923716,111.93717193603516,5626300.0,0.0,0.0,122.6500015258789,111.93717193603516
2019-08-15,111.93716329954104,112.25659123158242,110.55905197786917,111.69074249267578,3031700.0,0.0,0.0,122.37999725341797,111.69074249267578
2019-08-16,112.71292659307767,113.8537456881493,111.97367804763354,113.74422454833984,2343400.0,0.0,0.0,124.62999725341797,113.74422454833984
2019-08-19,115.08581272358157,115.13144826616555,113.47953771411048,113.5343017578125,3286700.0,0.0,0.0,124.4000015258789,113.5343017578125
2019-08-20,112.83158087420593,112.96848057229268,110.74159924157117,110.81461334228516,3641600.0,0.0,0.0,121.41999816894531,110.81461334228516
2019-08-21,111.80027770996094,112.31136246561547,111.33482154291409,111.80027770996094,2948300.0,0.0,0.0,122.5,111.80027770996094
2019-08-22,112.53953260838264,112.9045961527531,111.13404248851158,111.59037017822266,2322100.0,0.0,0.0,122.2699966430664,111.59037017822266
2019-08-23,111.34396123002993,111.38959678622915,106.835441227471,107.47430419921875,4800400.0,0.0,0.0,117.76000213623047,107.47430419921875
2019-08-26,107.99448134486423,108.55120152162061,107.12745480848672,108.17700958251953,3170600.0,0.0,0.0,118.52999877929688,108.17700958251953
2019-08-27,108.68810354158947,108.91626733973338,106.64375785986188,107.46514892578125,3145800.0,0.0,0.0,117.75,107.46514892578125
2019-08-28,106.8080502626437,108.88890326407932,106.7532931719767,108.68811798095703,2327400.0,0.0,0.0,119.08999633789062,108.68811798095703
2019-08-29,109.9384730946761,110.6138361683475,109.48214537622086,110.19401550292969,1901300.0,0.0,0.0,120.73999786376953,110.19401550292969
2019-08-30,110.86025039948711,111.03365715028265,109.35436762612551,109.85633087158203,2366200.0,0.0,0.0,120.37000274658203,109.85633087158203
2019-09-03,109.39084971320416,109.77416321516446,107.25523298527062,107.3282470703125,3198700.0,0.0,0.0,117.5999984741211,107.3282470703125
2019-09-04,108.076622537063,108.35955037192872,107.51078079334418,108.0583724975586,3746900.0,0.0,0.0,118.4000015258789,108.0583724975586
2019-09-05,109.06231423622154,111.00626762345635,109.06231423622154,110.13011932373047,5261100.0,0.0,0.0,120.66999816894531,110.13011932373047
2019-09-06,110.55905152419274,110.6046870698714,109.51862514238066,109.69203186035156,4552400.0,0.0,0.0,120.19000244140625,109.69203186035156
2019-09-09,110.62295151431427,110.80548675778975,109.08056178123238,109.44562530517578,5336000.0,0.0,0.0,119.91999816894531,109.44562530517578
2019-09-10,109.15358803241084,109.16271653635292,106.14182929129827,107.06360626220703,6196100.0,0.0,0.0,117.30999755859375,107.06360626220703
2019-09-11,106.89019467432044,107.78459299775037,106.55250969579664,107.69332885742188,3674400.0,0.0,0.0,118.0,107.69332885742188
2019-09-12,108.60596413287044,109.9110612913067,108.40517888341773,108.62421417236328,3733500.0,0.0,0.0,119.0199966430664,108.62421417236328
2019-09-13,108.82500496865742,109.49124633370842,107.9579853069263,108.78849792480469,3941100.0,0.0,0.0,119.19999694824219,108.78849792480469
2019-09-16,107.82108130849043,108.09488064490053,106.48860559484115,107.36475372314453,4280600.0,0.0,0.0,117.63999938964844,107.36475372314453
2019-09-17,107.60207149946183,108.7246337259741,107.23700795212956,108.65162658691406,3054700.0,0.0,0.0,119.05000305175781,108.65162658691406
2019-09-18,108.23179842020159,108.42346217788821,107.2096288485822,108.36869812011719,2844500.0,0.0,0.0,118.73999786376953,108.36869812011719
2019-09-19,108.25003255528704,109.08054515675114,107.3282488644916,107.50165557861328,1975800.0,0.0,0.0,117.79000091552734,107.50165557861328
2019-09-20,107.53816300668363,107.91234801485666,106.20568726115368,106.59812927246094,5301500.0,0.0,0.0,116.80000305175781,106.59812927246094
2019-09-23,106.19658669715866,108.07665466020123,105.9592943350341,107.9123764038086,5089400.0,0.0,0.0,118.23999786376953,107.9123764038086
2019-09-24,108.50557783397262,109.70115393613455,107.25523768412688,107.84846496582031,5128400.0,0.0,0.0,118.16999816894531,107.84846496582031
2019-09-25,107.56555227106998,109.00754929013135,106.8354252590622,108.71549987792969,2742900.0,0.0,0.0,119.12000274658203,108.71549987792969
2019-09-26,108.88888308659818,109.54599590486681,108.45993405450582,108.5238265991211,3411200.0,0.0,0.0,118.91000366210938,108.5238265991211
2019-09-27,108.72462333258937,109.17182944275014,107.6750753084753,108.2317886352539,2909200.0,0.0,0.0,118.58999633789062,108.2317886352539
2019-09-30,108.65160859925554,108.8250083592002,107.82108899249491,107.94886016845703,2345800.0,0.0,0.0,118.27999877929688,107.94886016845703
2019-10-01,108.33219250219744,109.06231960273279,106.4247460706362,106.50688171386719,2841300.0,0.0,0.0,116.69999694824219,106.50688171386719
2019-10-02,105.64897521539463,105.69460380074939,102.90188092357991,103.00227355957031,4908800.0,0.0,0.0,112.86000061035156,103.00227355957031
2019-10-03,102.79154130001089,103.48781396577994,101.74713579617571,103.11219787597656,3529300.0,0.43,0.0,112.55000305175781,103.11219787597656
2019-10-04,103.21299836941297,104.92618669452571,103.15802486356642,104.81625366210938,2728200.0,0.0,0.0,114.41000366210938,104.81625366210938
2019-10-07,104.35816444876622,105.03611033829554,104.07415451682016,104.11996459960938,2556000.0,0.0,0.0,113.6500015258789,104.11996459960938
2019-10-08,103.3687563025881,104.1199957535047,102.65416353094051,103.10307312011719,3757300.0,0.0,0.0,112.54000091552734,103.10307312011719
2019-10-09,103.75350883843136,105.14604733857067,103.73518899840373,104.36732482910156,2365600.0,0.0,0.0,113.91999816894531,104.36732482910156
2019-10-10,105.1827017648876,106.0805277644773,104.37649594110519,105.37509155273438,2384300.0,0.0,0.0,115.0199966430664,105.37509155273438
2019-10-11,106.95086765163458,107.71127040654413,106.44699161340797,106.6393814086914,2860400.0,0.0,0.0,116.4000015258789,106.6393814086914
2019-10-14,106.40118203566213,107.18906805231174,106.21795565535969,106.63021850585938,1864400.0,0.0,0.0,116.38999938964844,106.63021850585938
2019-10-15,107.21654431714008,108.27927682456446,106.94170476461295,107.72958374023438,2379700.0,0.0,0.0,117.58999633789062,107.72958374023438
2019-10-16,107.76624349943305,108.09605659422986,107.253204014033,107.564697265625,2136700.0,0.0,0.0,117.41000366210938,107.564697265625
2019-10-17,108.11437283151632,109.32368506404191,108.06856274353568,109.11296844482422,3005500.0,0.0,0.0,119.0999984741211,109.11296844482422
2019-10-18,109.69014682575077,109.91918329060987,106.88673574292167,106.96919250488281,6188500.0,0.0,0.0,116.76000213623047,106.96919250488281
2019-10-21,107.69295791053612,109.3694996665507,107.63798440124926,109.06717681884766,4259500.0,0.0,0.0,119.05000305175781,109.06717681884766
2019-10-22,108.71902138241379,109.34200081158006,108.37088849156473,108.66405487060547,3912100.0,0.0,0.0,118.61000061035156,108.66405487060547
2019-10-23,108.48997860290216,109.23206141722306,105.82399809111935,106.72181701660156,3921100.0,0.0,0.0,116.48999786376953,106.72181701660156
2019-10-24,106.67601230661928,107.09743850867498,106.40116578849555,106.64852905273438,2551300.0,0.0,0.0,116.41000366210938,106.64852905273438
2019-10-25,106.60272822056423,108.57244313234533,106.5202714621168,108.3434066772461,2325000.0,0.0,0.0,118.26000213623047,108.3434066772461
2019-10-28,108.69154793766836,109.2962075806914,108.16934505943868,108.63658142089844,2552700.0,0.0,0.0,118.58000183105469,108.63658142089844
2019-10-29,108.18766095667714,108.86561392376368,107.26235867314566,107.57384490966797,2756300.0,0.0,0.0,117.41999816894531,107.57384490966797
2019-10-30,107.59214230737909,108.26092468619714,107.06077617788236,108.1693115234375,2264400.0,0.0,0.0,118.06999969482422,108.1693115234375
2019-10-31,107.91281584922613,108.29759541209337,107.08828322191218,107.4455795288086,2507400.0,0.0,0.0,117.27999877929688,107.4455795288086
2019-11-01,108.4808071444665,109.43359244651286,108.26092716125292,109.14958953857422,2036600.0,0.0,0.0,119.13999938964844,109.14958953857422
2019-11-04,109.58936309814453,110.39556888577103,109.03051360104554,109.58936309814453,1956400.0,0.0,0.0,119.62000274658203,109.58936309814453
2019-11-05,109.79092189585481,109.90086192072036,107.88534372565506,108.8106460571289,2630000.0,0.0,0.0,118.7699966430664,108.8106460571289
2019-11-06,108.92057633433896,109.6809790449214,108.92057633433896,109.65349578857422,2420700.0,0.0,0.0,119.69000244140625,109.65349578857422
2019-11-07,110.1848667499007,112.16374529261113,110.02912362097591,111.11017608642578,2845000.0,0.0,0.0,121.27999877929688,111.11017608642578
2019-11-08,110.8628068577739,111.59571931485095,110.75286684387531,111.28423309326172,1984600.0,0.0,0.0,121.47000122070312,111.28423309326172
2019-11-11,110.63376407838567,111.59571293385254,110.4047276380882,110.76202392578125,1704100.0,0.0,0.0,120.9000015258789,110.76202392578125
2019-11-12,110.73452592681615,111.0643389161004,110.31309977153884,110.75284576416016,2012400.0,0.0,0.0,120.88999938964844,110.75284576416016
2019-11-13,110.18486901229963,110.82617536340742,110.05660914000583,110.17571258544922,1807900.0,0.0,0.0,120.26000213623047,110.17571258544922
2019-11-14,109.93750432556322,110.83533035299617,109.7542779475426,110.78952026367188,1990600.0,0.0,0.0,120.93000030517578,110.78952026367188
2019-11-15,110.83531936393855,111.15596898850214,110.29478971998485,110.6337661743164,2341500.0,0.0,0.0,120.76000213623047,110.6337661743164
2019-11-18,110.45051731448397,110.7162003917095,109.38779199521849,109.62599182128906,2617900.0,0.0,0.0,119.66000366210938,109.62599182128906
2019-11-19,109.94667104546242,110.34977048714936,109.80924776299798,109.93750762939453,1891000.0,0.0,0.0,120.0,109.93750762939453
2019-11-20,109.78176746278132,110.14822722934886,108.95723473541403,109.29621124267578,2544100.0,0.0,0.0,119.30000305175781,109.29621124267578
2019-11-21,109.28704429560693,109.45195083575273,108.5541247861504,108.838134765625,2783800.0,0.0,0.0,118.80000305175781,108.838134765625
2019-11-22,109.21374010157759,109.28703344317275,108.48082765453927,109.0763168334961,1629700.0,0.0,0.0,119.05999755859375,109.0763168334961
2019-11-25,109.14961811849795,110.48719024658203,109.14961811849795,110.48719024658203,2285400.0,0.0,0.0,120.5999984741211,110.48719024658203
2019-11-26,110.77119540157832,110.89029184293045,109.57103961412791,109.74510955810547,4596200.0,0.0,0.0,119.79000091552734,109.74510955810547
2019-11-27,109.93749260551714,110.26730564250468,109.34199645597641,110.23982238769531,2629700.0,0.0,0.0,120.33000183105469,110.23982238769531
2019-11-29,110.00164474029425,110.75288414519525,109.7359615740972,110.04745483398438,1961500.0,0.0,0.0,120.12000274658203,110.04745483398438
2019-12-02,110.22149409602112,110.26730417985411,107.25318379214409,107.42725372314453,5538200.0,0.0,0.0,117.26000213623047,107.42725372314453
2019-12-03,106.30955646792042,106.96001912879082,105.03611440106128,106.79511260986328,3792300.0,0.0,0.0,116.56999969482422,106.79511260986328
2019-12-04,107.47305563803613,108.59991798537075,107.18905269237278,108.05023193359375,2444100.0,0.0,0.0,117.94000244140625,108.05023193359375
2019-12-05,108.0227553785444,108.4991481223916,107.72958201046882,108.36172485351562,3128300.0,0.0,0.0,118.27999877929688,108.36172485351562
2019-12-06,110.12987819792446,111.25674052979208,109.85503867062701,110.496337890625,3287600.0,0.0,0.0,120.61000061035156,110.496337890625
2019-12-09,110.34061265285364,111.33920831271946,110.03828283321707,110.35893249511719,2885200.0,0.0,0.0,120.45999908447266,110.35893249511719
2019-12-10,110.34975413946333,111.28422673007397,109.96497459727658,110.76202392578125,2518200.0,0.0,0.0,120.9000015258789,110.76202392578125
2019-12-11,110.74371491888246,111.20178787319729,110.0291222284935,110.52384185791016,2015300.0,0.0,0.0,120.63999938964844,110.52384185791016
2019-12-12,110.48718653190237,112.7500678673811,109.98331051539161,112.35612487792969,2933800.0,0.0,0.0,122.63999938964844,112.35612487792969
2019-12-13,112.2003904572544,114.50907506968849,111.84309411234959,114.26171875,3919000.0,0.0,0.0,124.72000122070312,114.26171875
2019-12-16,115.11373805242468,115.73671756738675,112.99743619105895,113.30892944335938,3416100.0,0.0,0.0,123.68000030517578,113.30892944335938
2019-12-17,113.59293571401292,114.88470487367121,112.91498966017046,114.4724349975586,4325200.0,0.0,0.0,124.94999694824219,114.4724349975586
2019-12-18,114.54570781332355,114.58235448393856,113.67537210253957,113.84027862548828,3154200.0,0.0,0.0,124.26000213623047,113.84027862548828
2019-12-19,113.76696882530908,114.42659482167416,113.49212233027806,114.36246490478516,2543600.0,0.0,0.0,124.83000183105469,114.36246490478516
2019-12-20,115.3061124583759,115.69089202190578,114.36248339035073,115.2236557006836,5828700.0,0.0,0.0,125.7699966430664,115.2236557006836
2019-12-23,115.19618489118288,115.19618489118288,113.32724639400017,114.0510025024414,3031400.0,0.0,0.0,124.48999786376953,114.0510025024414
2019-12-24,114.47241144088655,114.82055130769164,113.95020863031645,114.28002166748047,953500.0,0.0,0.0,124.73999786376953,114.28002166748047
2019-12-26,114.49990164300516,114.9213278593061,114.08763185188383,114.89384460449219,1486600.0,0.0,0.0,125.41000366210938,114.89384460449219
2019-12-27,115.28781109498145,115.4069145502205,114.61902841867962,114.69232177734375,1788600.0,0.0,0.0,125.19000244140625,114.69232177734375
2019-12-30,114.70145589769541,114.93965577220878,113.76699022020146,113.8769302368164,2306500.0,0.0,0.0,124.30000305175781,113.8769302368164
2019-12-31,113.86777611609821,114.12429585283412,113.40053974439289,114.0510025024414,2340400.0,0.0,0.0,124.48999786376953,114.0510025024414
2020-01-02,114.60257633679758,116.08267691502273,114.20726796722361,115.69656372070312,2708000.0,0.43,0.0,125.8499984741211,115.69656372070312
2020-01-03,114.2900231054381,115.00709259326696,113.94068353835513,114.54743194580078,2090600.0,0.0,0.0,124.5999984741211,114.54743194580078
2020-01-06,113.41666796416547,114.14293261142984,113.18683764593743,114.05099487304688,2855200.0,0.0,0.0,124.05999755859375,114.05099487304688
2020-01-07,113.50860246834498,114.36357156117704,113.40747656384814,113.45344543457031,2042300.0,0.0,0.0,123.41000366210938,113.45344543457031
2020-01-08,114.04181895512801,116.16544907913551,113.81198861222276,115.41160583496094,3458200.0,0.0,0.0,125.54000091552734,115.41160583496094
2020-01-09,116.28493986623671,117.56279580875525,116.19300914644644,117.49844360351562,2787100.0,0.0,0.0,127.80999755859375,117.49844360351562
2020-01-10,117.28699911374152,117.829395249234,116.68024376163392,117.01119995117188,2789200.0,0.0,0.0,127.27999877929688,117.01119995117188
2020-01-13,117.52601837338146,118.54646546242739,117.33296176381387,118.16954040527344,3285700.0,0.0,0.0,128.5399932861328,118.16954040527344
2020-01-14,118.24308423115048,119.59448747137861,117.98567542612872,118.4085693359375,3836000.0,0.0,0.0,128.8000030517578,118.4085693359375
2020-01-15,118.30743796817212,119.36465165214922,118.0867958479153,119.34627532958984,3187200.0,0.0,0.0,129.82000732421875,119.34627532958984
2020-01-16,119.97143377679858,120.36673521608591,119.24517609701775,120.01740264892578,2424500.0,0.0,0.0,130.5500030517578,120.01740264892578
2020-01-17,120.84478231609101,121.22170741648425,120.23802689024772,120.90914154052734,3659400.0,0.0,0.0,131.52000427246094,120.90914154052734
2020-01-21,120.53223154268206,121.18495592094692,119.87031900023065,119.9990234375,3102700.0,0.0,0.0,130.52999877929688,119.9990234375
2020-01-22,120.3667523651284,121.5986537860912,120.3667523651284,120.88158416748047,2483800.0,0.0,0.0,131.49000549316406,120.88158416748047
2020-01-23,120.67009145660657,120.95509280196588,119.6404562373629,120.7712173461914,3841000.0,0.0,0.0,131.3699951171875,120.7712173461914
2020-01-24,125.35867021516019,126.98587306700597,123.05117848579727,124.20951843261719,8612500.0,0.0,0.0,135.11000061035156,124.20951843261719
2020-01-27,120.56897696382435,121.33201528868582,118.47292562496142,120.10012817382812,6432400.0,0.0,0.0,130.63999938964844,120.10012817382812
2020-01-28,121.35037694221232,123.06950279335474,120.55976028890403,121.76406860351562,3712700.0,0.0,0.0,132.4499969482422,121.76406860351562
2020-01-29,121.79167317176802,122.38924039059957,120.83558526045788,121.05621337890625,2518400.0,0.0,0.0,131.67999267578125,121.05621337890625
2020-01-30,120.2012451513085,122.57309549613014,119.91625782789103,122.47196960449219,2428500.0,0.0,0.0,133.22000122070312,122.47196960449219
2020-01-31,121.50665298654172,121.58020034871862,118.94175360885095,119.3922119140625,3522600.0,0.0,0.0,129.8699951171875,119.3922119140625
2020-02-03,120.01739192248823,121.55265672575817,119.92545418645066,120.43108367919922,2721900.0,0.0,0.0,131.0,120.43108367919922
2020-02-04,122.15943965100168,122.58231966553922,121.09302339461034,121.21253967285156,2547500.0,0.0,0.0,131.85000610351562,121.21253967285156
2020-02-05,122.66503024926452,123.00518865781657,120.69768329375292,122.82132720947266,4084500.0,0.0,0.0,133.60000610351562,122.82132720947266
2020-02-06,123.33614320564126,123.51081648890774,122.37085308024649,122.49955749511719,1708600.0,0.0,0.0,133.25,122.49955749511719
2020-02-07,121.87441213021135,122.03988320463722,120.74363701072431,121.18492126464844,2885600.0,0.0,0.0,131.82000732421875,121.18492126464844
2020-02-10,120.99186805611664,121.8100633925119,120.75284958547974,121.571044921875,1816500.0,0.0,0.0,132.24000549316406,121.571044921875
2020-02-11,122.29731122620616,122.86728594244444,121.64460095975195,121.9295883178711,1733300.0,0.0,0.0,132.6300048828125,121.9295883178711
2020-02-12,122.628249008263,122.93162667448179,121.83763224931553,122.4903564453125,1715400.0,0.0,0.0,133.24000549316406,122.4903564453125
2020-02-13,122.40761588471236,123.80498807889488,122.32488034085561,123.6119384765625,3178300.0,0.0,0.0,134.4600067138672,123.6119384765625
2020-02-14,123.84175549972163,125.36781791328103,123.67627040203013,124.90815734863281,2360300.0,0.0,0.0,135.8699951171875,124.90815734863281
2020-02-18,124.90812628198304,125.71713316342364,124.05316457768907,124.65991973876953,2428200.0,0.0,0.0,135.60000610351562,124.65991973876953
2020-02-19,125.30351981007655,126.33315537289016,125.13803465020581,125.88268280029297,1785000.0,0.0,0.0,136.92999267578125,125.88268280029297
2020-02-20,125.40462251809981,126.90310670563348,124.01643837050679,125.56090545654297,2541700.0,0.0,0.0,136.5800018310547,125.56090545654297
2020-02-21,125.21157728115611,125.27593651524622,123.08794699989365,124.0164566040039,3106100.0,0.0,0.0,134.89999389648438,124.0164566040039
2020-02-24,118.98772754784115,120.39430178727713,116.96523087402198,117.8477783203125,6329300.0,0.0,0.0,128.19000244140625,117.8477783203125
2020-02-25,117.40650215945236,117.66391095689835,110.23580146283983,111.14592742919922,7628100.0,0.0,0.0,120.9000015258789,111.14592742919922
2020-02-26,111.48608432924877,112.55250034043084,108.91198905077783,108.93956756591797,5268000.0,0.0,0.0,118.5,108.93956756591797
2020-02-27,106.54933988197445,108.00186921670097,103.68105490611933,103.70863342285156,8279800.0,0.0,0.0,112.80999755859375,103.70863342285156
2020-02-28,100.25198917215869,102.07224139300415,98.36737772790066,101.06098937988281,11362100.0,0.0,0.0,109.93000030517578,101.06098937988281
2020-03-02,102.14579193271778,104.79343479653237,99.82909828974815,104.68312072753906,9851600.0,0.0,0.0,113.87000274658203,104.68312072753906
2020-03-03,105.74031963707021,107.00898736153678,98.36736681776414,99.29588317871094,9285000.0,0.0,0.0,108.01000213623047,99.29588317871094
2020-03-04,101.35517991062332,106.448221085211,100.43585855088978,106.365478515625,7470900.0,0.0,0.0,115.69999694824219,106.365478515625
2020-03-05,102.61464068511197,103.506376408009,100.84953855053055,101.989501953125,12060600.0,0.0,0.0,110.94000244140625,101.989501953125
2020-03-06,97.1998554258771,99.99458633031313,95.41636965226986,99.5073471069336,9897700.0,0.0,0.0,108.23999786376953,99.5073471069336
2020-03-09,92.73193499029621,93.25594781081455,89.11900227602845,90.3600845336914,12266300.0,0.0,0.0,98.29000091552734,90.3600845336914
2020-03-10,93.70642385389111,95.03024881926983,89.58786119152684,94.96589660644531,9793200.0,0.0,0.0,103.30000305175781,94.96589660644531
2020-03-11,92.20792620955815,92.81467460069995,86.2966901614283,87.68486022949219,8822900.0,0.0,0.0,95.37999725341797,87.68486022949219
2020-03-12,80.58771035771258,82.38038412794299,75.20967501929125,76.79090881347656,12206600.0,0.0,0.0,83.52999877929688,76.79090881347656
2020-03-13,83.08824239788056,92.00566169528767,77.49877517773034,91.56438446044922,12680400.0,0.0,0.0,99.5999984741211,91.56438446044922
2020-03-16,75.78885836394068,85.66236822348708,73.88586334891824,78.94213104248047,15072400.0,0.0,0.0,85.87000274658203,78.94213104248047
2020-03-17,80.5417562743872,81.76445553902614,76.50593549568038,79.59485626220703,10512200.0,0.0,0.0,86.58000183105469,79.59485626220703
2020-03-18,73.56410798753801,74.94309032458449,61.594544388076,67.79996490478516,14359300.0,0.0,0.0,73.75,67.79996490478516
2020-03-19,66.68757194119651,71.60593978825112,64.15943821464957,70.85209655761719,12330400.0,0.0,0.0,77.06999969482422,70.85209655761719
2020-03-20,72.60797634657555,75.78882619472272,66.70593014072648,68.14007568359375,12208600.0,0.0,0.0,74.12000274658203,68.14007568359375
2020-03-23,66.94496133847913,69.33519476418061,62.62415503101348,63.39638137817383,8907600.0,0.0,0.0,68.95999908447266,63.39638137817383
2020-03-24,67.57930490684028,77.93085680336472,65.91532872771653,77.26895141601562,10593900.0,0.0,0.0,84.05000305175781,77.26895141601562
2020-03-25,80.54174968931744,88.67774280525953,78.43650280834757,82.89521026611328,11046500.0,0.0,0.0,90.16999816894531,82.89521026611328
2020-03-26,84.79819855564278,91.64714675648644,83.5111472750799,85.76348876953125,9459400.0,0.0,0.0,93.29000091552734,85.76348876953125
2020-03-27,80.84510083627868,84.54996379553795,78.89613755378606,81.57136535644531,6999800.0,0.0,0.0,88.7300033569336,81.57136535644531
2020-03-30,81.3691288017469,84.01677157438353,78.3905227919328,82.98712921142578,5565000.0,0.0,0.0,90.2699966430664,82.98712921142578
2020-03-31,82.68374924940231,83.56629674134734,78.20665257370877,78.70308685302734,6075900.0,0.0,0.0,85.61000061035156,78.70308685302734
2020-04-01,74.14325677363553,74.75000512326147,70.78773296412184,71.5599594116211,8313400.0,0.0,0.0,77.83999633789062,71.5599594116211
2020-04-02,71.23642666711801,73.14075333669035,70.09938406107483,70.86666107177734,8338100.0,0.43,0.0,76.66000366210938,70.86666107177734
2020-04-03,70.25652367667578,70.86664950448737,67.12271351374484,68.03789520263672,10023100.0,0.0,0.0,73.5999984741211,68.03789520263672
2020-04-06,74.15762022255103,77.88306418197239,72.78946358827692,77.53178405761719,11253000.0,0.0,0.0,83.87000274658203,77.53178405761719
2020-04-07,84.52047304322386,86.24915636604666,80.81351387963134,80.96142578125,8693200.0,0.0,0.0,87.58000183105469,80.96142578125
2020-04-08,82.46821202271263,85.97179460623029,81.46058899816774,85.12132263183594,6122800.0,0.0,0.0,92.08000183105469,85.12132263183594
2020-04-09,87.44165241614111,90.45529005974416,86.39705118038667,87.6542739868164,6902500.0,0.0,0.0,94.81999969482422,87.6542739868164
2020-04-13,86.2398840641546,86.36005715830619,81.29419595585044,83.50357818603516,5037700.0,0.0,0.0,90.33000183105469,83.50357818603516
2020-04-14,84.5481834785911,85.50958943861846,79.41761234396952,81.71018981933594,8703200.0,0.0,0.0,88.38999938964844,81.71018981933594
2020-04-15,77.12503005532636,78.94615438470422,74.58285299819659,77.45782470703125,10415600.0,0.0,0.0,83.79000091552734,77.45782470703125
2020-04-16,77.45781584209949,77.5964814399108,74.25929610262482,75.20220947265625,7526600.0,0.0,0.0,81.3499984741211,75.20220947265625
2020-04-17,78.87217847707282,80.7857437133789,77.91077273259098,80.7857437133789,8269000.0,0.0,0.0,87.38999938964844,80.7857437133789
2020-04-20,78.19735669708226,78.82596798352272,76.440949239016,77.66119384765625,6140400.0,0.0,0.0,84.01000213623047,77.66119384765625
2020-04-21,74.62908301338682,76.22833966388501,73.4643016420045,75.359375,7360300.0,0.0,0.0,81.5199966430664,75.359375
2020-04-22,77.28216788860018,77.33763835626691,75.7753530118559,76.30227661132812,5130300.0,0.0,0.0,82.54000091552734,76.30227661132812
2020-04-23,76.94939293723687,78.3730130551345,75.53501907511486,76.22834014892578,5807200.0,0.0,0.0,82.45999908447266,76.22834014892578
2020-04-24,77.77210865952561,78.37298814306153,75.1652225327489,76.88465881347656,9125400.0,0.0,0.0,83.16999816894531,76.88465881347656
2020-04-27,77.16199145600106,78.71503047958143,76.11738350299206,78.63182830810547,7785000.0,0.0,0.0,85.05999755859375,78.63182830810547
2020-04-28,80.94291255410405,82.23711315077489,79.69493617806734,81.52530670166016,7165900.0,0.0,0.0,88.19000244140625,81.52530670166016
2020-04-29,84.81626534163486,89.10561051239722,84.02125673169975,88.85601806640625,9396500.0,0.0,0.0,96.12000274658203,88.85601806640625
2020-04-30,86.66513521377355,87.18281269787926,84.28010900001208,84.35406494140625,6553700.0,0.0,0.0,91.25,84.35406494140625
2020-05-01,81.44209440450649,82.33879057201206,80.5731369976333,81.64546966552734,4620200.0,0.0,0.0,88.31999969482422,81.64546966552734
2020-05-04,79.58399635532568,80.76727001890296,78.59485876169785,79.85208129882812,4875400.0,0.0,0.0,86.37999725341797,79.85208129882812
2020-05-05,81.34966437787756,82.02449992425565,79.83360301506139,80.18488311767578,4410300.0,0.0,0.0,86.73999786376953,80.18488311767578
2020-05-06,80.87819061347025,81.12779008252672,77.52252005732902,77.65193939208984,4723400.0,0.0,0.0,84.0,77.65193939208984
2020-05-07,78.85370408895722,80.76726959376569,78.51166322087686,80.1756362915039,4627600.0,0.0,0.0,86.7300033569336,80.1756362915039
2020-05-08,81.8118546128939,82.88419417170651,80.9336510850715,82.73628234863281,3913100.0,0.0,0.0,89.5,82.73628234863281
2020-05-11,80.88744618161017,81.02611178562948,78.85370749874564,78.88143920898438,5917600.0,0.0,0.0,85.33000183105469,78.88143920898438
2020-05-12,79.59323927985758,80.66557900901023,76.81995563210766,76.85693359375,5504900.0,0.0,0.0,83.13999938964844,76.85693359375
2020-05-13,75.80309004660745,75.92326313815201,71.55072299114333,72.13311004638672,10681600.0,0.0,0.0,78.02999877929688,72.13311004638672
2020-05-14,71.10698818019036,77.55949764475177,70.25651625504408,77.4762954711914,10625100.0,0.0,0.0,83.80999755859375,77.4762954711914
2020-05-15,76.23758437440603,77.08805650961996,75.08204928216107,76.00647735595703,6618600.0,0.0,0.0,82.22000122070312,76.00647735595703
2020-05-18,80.16637543252095,82.27406956944363,79.42683041301433,81.7286605834961,7781700.0,0.0,0.0,88.41000366210938,81.7286605834961
2020-05-19,81.73792117979313,83.05060723286147,80.06470877486555,80.66558837890625,4920600.0,0.0,0.0,87.26000213623047,80.66558837890625
2020-05-20,82.44048588931501,84.43724661870098,82.0614670397408,83.87335205078125,5218500.0,0.0,0.0,90.7300033569336,83.87335205078125
2020-05-21,83.30019762817889,84.52044215934319,82.38501599301193,83.0413589477539,6241900.0,0.0,0.0,89.83000183105469,83.0413589477539
2020-05-22,82.93042740754684,83.15228813235373,81.54378553505963,82.57914733886719,3734500.0,0.0,0.0,89.33000183105469,82.57914733886719
2020-05-26,86.84075182712354,88.34756663747287,85.87009979321182,87.19203186035156,6559400.0,0.0,0.0,94.31999969482422,87.19203186035156
2020-05-27,92.44279216687383,94.00507761139811,89.484625638664,93.57984161376953,11007700.0,0.0,0.0,101.2300033569336,93.57984161376953
2020-05-28,93.8664110410652,94.71688302751998,90.60318163980105,90.64939880371094,9268200.0,0.0,0.0,98.05999755859375,90.64939880371094
2020-05-29,88.28287266326218,89.77120228495266,87.50635654037627,87.88536834716797,7710900.0,0.0,0.0,95.06999969482422,87.88536834716797
2020-06-01,88.33833633459989,90.65865256080045,87.41390834599059,89.43840789794922,4269500.0,0.0,0.0,96.75,89.43840789794922
2020-06-02,91.14857902687274,92.89574699232993,90.75107479356201,91.58306121826172,5433800.0,0.0,0.0,99.06999969482422,91.58306121826172
2020-06-03,95.01271130584654,97.86919757131167,93.94961766625384,97.4347152709961,7301000.0,0.0,0.0,105.4000015258789,97.4347152709961
2020-06-04,95.65056234725324,99.31129623007675,95.42870161118609,98.48855590820312,5841600.0,0.0,0.0,106.54000091552734,98.48855590820312
2020-06-05,105.4864767303473,107.16893536175931,99.90293091824385,101.43748474121094,10097600.0,0.0,0.0,109.7300033569336,101.43748474121094
2020-06-08,103.4527314889532,105.11669750644465,102.27870408577826,105.07971954345703,6795200.0,0.0,0.0,113.66999816894531,105.07971954345703
2020-06-09,101.76102462554965,103.35104173732779,100.45757790502508,102.1123046875,5517400.0,0.0,0.0,110.45999908447266,102.1123046875
2020-06-10,101.68707567962409,101.99213859934112,97.95238587196064,98.13727569580078,5747400.0,0.0,0.0,106.16000366210938,98.13727569580078
2020-06-11,93.24704538332968,95.20682802952891,90.71410784377659,91.14859008789062,8601200.0,0.0,0.0,98.5999984741211,91.14859008789062
2020-06-12,95.41020024313073,95.67828517353084,90.66788777789446,93.9958267211914,7251100.0,0.0,0.0,101.68000030517578,93.9958267211914
2020-06-15,92.44278174118128,96.82456762092241,90.242646074758,96.09426879882812,6472400.0,0.0,0.0,103.94999694824219,96.09426879882812
2020-06-16,100.78112598210727,100.81810394423617,95.08665381793298,97.63807678222656,6706000.0,0.0,0.0,105.62000274658203,97.63807678222656
2020-06-17,97.68430962052646,98.10030647161223,95.98336540659949,96.1035385131836,4408200.0,0.0,0.0,103.95999908447266,96.1035385131836
2020-06-18,94.42105980059289,95.66903598443272,93.61680503407067,94.4395523071289,3645700.0,0.0,0.0,102.16000366210938,94.4395523071289
2020-06-19,96.35313664228478,96.35313664228478,91.81419163094058,93.311767578125,7589500.0,0.0,0.0,100.94000244140625,93.311767578125
2020-06-22,90.59392395157207,92.90499344013257,90.5476997406711,91.92510223388672,4799900.0,0.0,0.0,99.44000244140625,91.92510223388672
2020-06-23,93.31175825471186,93.96810124390326,91.74947278365778,91.90662384033203,4364800.0,0.0,0.0,99.41999816894531,91.90662384033203
2020-06-24,90.27039611665413,90.84353696605876,87.82066049235482,88.26438903808594,5958300.0,0.0,0.0,95.4800033569336,88.26438903808594
2020-06-25,87.46013180696751,90.70487599359704,86.67436943403906,90.45527648925781,5195400.0,0.0,0.0,97.8499984741211,90.45527648925781
2020-06-26,88.68037788896581,89.02241878631249,85.46336536143545,86.36006164550781,10489400.0,0.0,0.0,93.41999816894531,86.36006164550781
2020-06-29,87.30298898093419,88.19968533516267,86.28611246408141,87.37693786621094,4962400.0,0.0,0.0,94.5199966430664,87.37693786621094
2020-06-30,87.04414006884876,88.37531153486691,86.49872390516809,88.00553894042969,4367100.0,0.0,0.0,95.19999694824219,88.00553894042969
2020-07-01,88.45128096353774,90.0392243700268,86.95619837731545,87.3369369506836,3301000.0,0.43,0.0,94.05000305175781,87.3369369506836
2020-07-02,89.86278040004647,90.34566798260579,87.15120487739432,87.5969467163086,4239700.0,0.0,0.0,94.33000183105469,87.5969467163086
2020-07-06,89.6213370566728,90.9121214422374,88.99915475272694,89.68634033203125,4059600.0,0.0,0.0,96.58000183105469,89.68634033203125
2020-07-07,88.62771489498546,88.70199929478251,86.01828140500466,86.37116241455078,5564200.0,0.0,0.0,93.01000213623047,86.37116241455078
2020-07-08,85.40539343514361,86.45473407587276,84.23532736201562,86.26901245117188,6382100.0,0.0,0.0,92.9000015258789,86.26901245117188
2020-07-09,85.90685337128268,86.5568861656224,83.18598967241599,84.1053237915039,4484500.0,0.0,0.0,90.56999969482422,84.1053237915039
2020-07-10,83.87316058782277,86.6497391067835,83.40884946696794,86.57545471191406,4400900.0,0.0,0.0,93.2300033569336,86.57545471191406
2020-07-13,87.51336039716796,88.92487020952385,86.15757273847456,86.88189697265625,4819700.0,0.0,0.0,93.55999755859375,86.88189697265625
2020-07-14,86.53831265624981,88.42341475360251,85.70255118616528,88.0705337524414,4044400.0,0.0,0.0,94.83999633789062,88.0705337524414
2020-07-15,89.76064221988455,90.80069474619428,89.5099102109874,90.41067504882812,5405600.0,0.0,0.0,97.36000061035156,90.41067504882812
2020-07-16,89.61204516804352,90.80996869456222,88.84128701701728,89.44489288330078,2666000.0,0.0,0.0,96.31999969482422,89.44489288330078
2020-07-17,89.472762702725,89.63991501042054,88.22841214474539,88.38627624511719,2861600.0,0.0,0.0,95.18000030517578,88.38627624511719
2020-07-20,88.03340519975718,88.55343146979477,86.90048475303821,87.2905044555664,3560100.0,0.0,0.0,94.0,87.2905044555664
2020-07-21,88.45128681580775,90.50354154424201,87.96840626757547,89.4542007446289,4227100.0,0.0,0.0,96.33000183105469,89.4542007446289
2020-07-22,88.97128787894859,90.45708901944965,88.57198006228327,89.64918518066406,4360300.0,0.0,0.0,96.54000091552734,89.64918518066406
2020-07-23,88.6927145756855,90.80068400138066,88.6927145756855,89.76991271972656,4239800.0,0.0,0.0,96.66999816894531,89.76991271972656
2020-07-24,88.49770856547589,90.2156584140234,86.64046395411081,88.52556610107422,4790300.0,0.0,0.0,95.33000183105469,88.52556610107422
2020-07-27,87.88483385528299,89.12919170386468,86.95621134448344,88.95275115966797,3501800.0,0.0,0.0,95.79000091552734,88.95275115966797
2020-07-28,88.92487671607205,89.41704541967749,87.45765172752385,87.6805191040039,3567400.0,0.0,0.0,94.41999816894531,87.6805191040039
2020-07-29,87.949815068293,89.84420536492635,87.69909017064444,89.78849029541016,2791700.0,0.0,0.0,96.69000244140625,89.78849029541016
2020-07-30,87.92195390812113,88.01481471509429,85.89755714287442,87.89409637451172,3856300.0,0.0,0.0,94.6500015258789,87.89409637451172
2020-07-31,87.57834571222354,87.70835223606544,85.64681717879061,86.65901184082031,4088200.0,0.0,0.0,93.31999969482422,86.65901184082031
2020-08-03,86.64974078930346,87.66194273653063,85.84184395761703,86.86332702636719,2869000.0,0.0,0.0,93.54000091552734,86.86332702636719
2020-08-04,86.8168742979122,87.10475195383532,85.88825223906458,86.53829193115234,2415100.0,0.0,0.0,93.19000244140625,86.53829193115234
2020-08-05,87.12332428188189,88.75770114556111,87.11403607722241,88.58126068115234,2844900.0,0.0,0.0,95.38999938964844,88.58126068115234
2020-08-06,88.38626210112015,89.39845690781446,87.73622938900685,89.07344055175781,2698800.0,0.0,0.0,95.91999816894531,89.07344055175781
2020-08-07,88.48841325294582,92.21219038346044,88.17267801025817,92.08218383789062,4690700.0,0.0,0.0,99.16000366210938,92.08218383789062
2020-08-10,92.38863001674547,95.32307986556289,92.17505085669629,94.3666000366211,5254800.0,0.0,0.0,101.62000274658203,94.3666000366211
2020-08-11,96.5674473108102,98.15539086195511,95.61096731376037,95.88955688476562,4744000.0,0.0,0.0,103.26000213623047,95.88955688476562
2020-08-12,97.28247594247738,97.31962168534788,93.49369518759829,94.42231750488281,3407800.0,0.0,0.0,101.68000030517578,94.42231750488281
2020-08-13,93.3544073300263,94.56161926574424,92.39792740602861,93.25225830078125,3265400.0,0.0,0.0,100.41999816894531,93.25225830078125
2020-08-14,92.54650656690383,94.06015844302587,92.18433733328256,93.24297332763672,1956500.0,0.0,0.0,100.41000366210938,93.24297332763672
2020-08-17,92.78794284618508,92.86223433401058,90.4849634022043,90.58711242675781,7488500.0,0.0,0.0,97.55000305175781,90.58711242675781
2020-08-18,91.18142253101219,91.77574021424014,89.58419110052743,89.76991271972656,3337300.0,0.0,0.0,96.66999816894531,89.76991271972656
2020-08-19,89.90922461767835,90.92142676431851,89.04560546258524,89.97422790527344,3079600.0,0.0,0.0,96.88999938964844,89.97422790527344
2020-08-20,88.90629984399034,90.61496861440705,88.85058477136381,89.81635284423828,3102500.0,0.0,0.0,96.72000122070312,89.81635284423828
2020-08-21,89.60275359719265,90.6799587439331,89.11058496749489,89.28702545166016,2845100.0,0.0,0.0,96.1500015258789,89.28702545166016
2020-08-24,89.77920085067034,92.27719701030499,89.50989954368002,92.24005126953125,4141100.0,0.0,0.0,99.33000183105469,92.24005126953125
2020-08-25,93.43798597953933,93.59585008302643,91.03285034272518,91.98004913330078,2946600.0,0.0,0.0,99.05000305175781,91.98004913330078
2020-08-26,91.52502549136797,92.06362820735082,90.82855866081923,91.37644958496094,2936500.0,0.0,0.0,98.4000015258789,91.37644958496094
2020-08-27,91.710746813452,94.8494878587467,91.4971605520333,94.28302764892578,3992100.0,0.0,0.0,101.52999877929688,94.28302764892578
2020-08-28,94.85879267579551,95.55525957196902,93.54943151027209,95.22095489501953,4382900.0,0.0,0.0,102.54000091552734,95.22095489501953
2020-08-31,95.55526072026113,95.55526072026113,94.12518115942024,94.33876037597656,4665800.0,0.0,0.0,101.58999633789062,94.33876037597656
2020-09-01,93.3637031889866,95.44381552032281,93.01082920392912,95.15594482421875,3142500.0,0.0,0.0,102.47000122070312,95.15594482421875
2020-09-02,95.2580736544631,97.38461949172445,94.9887723474046,96.94816589355469,3536900.0,0.0,0.0,104.4000015258789,96.94816589355469
2020-09-03,97.47748271248433,101.24768693491217,96.43742319930645,97.0038833618164,6747900.0,0.0,0.0,104.45999908447266,97.0038833618164
2020-09-04,98.7589811537632,100.55122249368192,97.02246197007098,98.12751770019531,5235100.0,0.0,0.0,105.66999816894531,98.12751770019531
2020-09-08,96.9667380201971,97.57963213356976,95.92668558755379,96.27027130126953,4517000.0,0.0,0.0,103.66999816894531,96.27027130126953
2020-09-09,97.10604910756392,97.23605568350257,95.36024145579698,96.3724365234375,2474700.0,0.0,0.0,103.77999877929688,96.3724365234375
2020-09-10,96.75316604360651,97.60749691522577,95.00735147092864,95.43451690673828,3288900.0,0.0,0.0,102.7699966430664,95.43451690673828
2020-09-11,95.56452179666567,96.43742191817564,94.72876033153851,95.9823989868164,2604400.0,0.0,0.0,103.36000061035156,95.9823989868164
2020-09-14,97.18032585720893,100.0033385210368,96.78101798175373,99.61331176757812,3620100.0,0.0,0.0,107.2699966430664,99.61331176757812
2020-09-15,100.14262018556975,100.40264036720302,98.65682600036443,99.06542205810547,3371500.0,0.0,0.0,106.68000030517578,99.06542205810547
2020-09-16,99.11187975826826,99.81762773736803,97.21748906130246,98.41541290283203,5798900.0,0.0,0.0,105.9800033569336,98.41541290283203
2020-09-17,96.82745172812172,97.83036559145198,95.94526330758626,97.18962097167969,3215300.0,0.0,0.0,104.66000366210938,97.18962097167969
2020-09-18,97.00390107906033,98.54541775952592,95.93598383576305,96.05670928955078,6630300.0,0.0,0.0,103.44000244140625,96.05670928955078
2020-09-21,93.41940189706916,93.44725943247735,89.35203877647855,91.16284942626953,8339900.0,0.0,0.0,98.16999816894531,91.16284942626953
2020-09-22,91.01429093125546,92.6579495978013,89.52849638540073,91.45074462890625,4884400.0,0.0,0.0,98.4800033569336,91.45074462890625
2020-09-23,88.92487207965358,90.16922254201687,88.30268976364614,88.73914337158203,9427200.0,0.0,0.0,95.55999755859375,88.73914337158203
2020-09-24,88.53485963226363,89.98351544985627,87.02120761238221,88.63700866699219,4249000.0,0.0,0.0,95.44999694824219,88.63700866699219
2020-09-25,87.92195813530874,89.93706679129464,87.71766009925012,89.3891830444336,2775600.0,0.0,0.0,96.26000213623047,89.3891830444336
2020-09-28,91.93360890358528,92.61150630878363,91.59001609754968,91.7664566040039,3930900.0,0.0,0.0,98.81999969482422,91.7664566040039
2020-09-29,91.69215350791447,92.25861361338708,90.28993909519053,90.77281951904297,3200400.0,0.0,0.0,97.75,90.77281951904297
2020-09-30,91.21856935812391,94.27373041383902,91.21856935812391,93.0943832397461,5060900.0,0.0,0.0,100.25,93.0943832397461
2020-10-01,93.1686753851441,94.23659242791912,92.27719884334279,94.09729766845703,4179300.0,0.0,0.0,101.33000183105469,94.09729766845703
2020-10-02,92.65793450740584,95.77810608795907,91.59001741608579,94.35731506347656,3783300.0,0.0,0.0,101.61000061035156,94.35731506347656
2020-10-05,95.95456017806333,96.65102702078353,94.97021555600301,96.4745864868164,2863200.0,0.0,0.0,103.88999938964844,96.4745864868164
2020-10-06,97.51464306670566,97.77465621275651,94.08802404309881,94.49662017822266,3309200.0,0.0,0.0,101.76000213623047,94.49662017822266
2020-10-07,95.47166210325007,96.71601974374852,95.0816424142925,96.0009765625,3048400.0,0.0,0.0,103.37999725341797,96.0009765625
2020-10-08,97.28782412168096,98.97564853508689,97.03604488550478,98.90104675292969,2922600.0,0.43,0.0,106.05999755859375,98.90104675292969
2020-10-09,98.83578121692338,99.97343360077168,98.1364054512217,99.16215515136719,3511300.0,0.0,0.0,106.33999633789062,99.16215515136719
2020-10-12,99.27405622653542,99.7869346255071,98.8451066175855,99.41393280029297,2626700.0,0.0,0.0,106.61000061035156,99.41393280029297
2020-10-13,98.74251900110416,99.39526678050659,97.68879555309243,97.92192077636719,2602600.0,0.0,0.0,105.01000213623047,97.92192077636719
2020-10-14,98.26695314362551,99.09687846721535,97.68880707494202,97.73542785644531,2826300.0,0.0,0.0,104.80999755859375,97.73542785644531
2020-10-15,96.45789906375673,97.81002257473138,96.06624326381215,97.38107299804688,2699300.0,0.0,0.0,104.43000030517578,97.38107299804688
2020-10-16,97.58622208669532,98.54669688994349,97.16659240668594,97.82867431640625,2394300.0,0.0,0.0,104.91000366210938,97.82867431640625
2020-10-19,98.03384759964648,98.11777640629266,95.34824673209962,95.55339813232422,3196500.0,0.0,0.0,102.47000122070312,95.55339813232422
2020-10-20,95.99163379090976,97.5489084058597,95.88905813465159,96.17813110351562,2954700.0,0.0,0.0,103.13999938964844,96.17813110351562
2020-10-21,96.20610654088354,96.4112578567092,94.51828235699959,94.58355712890625,2588400.0,0.0,0.0,101.43000030517578,94.58355712890625
2020-10-22,94.83532018034899,97.78202586431998,94.71409764819165,97.71675109863281,3748800.0,0.0,0.0,104.79000091552734,97.71675109863281
2020-10-23,93.83756703852185,96.64439686018348,93.25009400746515,94.16394805908203,8921200.0,0.0,0.0,100.9800033569336,94.16394805908203
2020-10-26,93.03561782308641,93.34334484792295,89.31494097775557,90.34069061279297,5731500.0,0.0,0.0,96.87999725341797,90.34069061279297
2020-10-27,91.03074582559555,91.10534049506867,88.49434208864928,88.5223159790039,3780300.0,0.0,0.0,94.93000030517578,88.5223159790039
2020-10-28,85.75277698471088,87.25410391662945,84.8575770258604,85.41707611083984,7037800.0,0.0,0.0,91.5999984741211,85.41707611083984
2020-10-29,85.23990554889701,86.00455595625624,84.04629849269179,84.9228515625,5419500.0,0.0,0.0,91.06999969482422,84.9228515625
2020-10-30,84.67108718059775,85.15598453322886,83.09515833431605,85.08138275146484,4736300.0,0.0,0.0,91.23999786376953,85.08138275146484
2020-11-02,86.68527080948212,87.77629500397958,86.04184300094532,87.09557342529297,3572900.0,0.0,0.0,93.4000015258789,87.09557342529297
2020-11-03,88.35445985210431,90.31271030984799,88.0280859615499,89.79051208496094,4004300.0,0.0,0.0,96.29000091552734,89.79051208496094
2020-11-04,87.65508568387668,91.21723888134687,86.59203521388517,89.8930892944336,4545500.0,0.0,0.0,96.4000015258789,89.8930892944336
2020-11-05,90.6484261604696,91.6835028944802,90.30339821099325,91.48767852783203,4197300.0,0.0,0.0,98.11000061035156,91.48767852783203
2020-11-06,91.86999217634379,91.98189485362029,89.77186499972942,90.16352081298828,3126300.0,0.0,0.0,96.69000244140625,90.16352081298828
2020-11-09,103.07865624594125,111.72293695389851,102.7522823351241,109.44763946533203,17261700.0,0.0,0.0,117.37000274658203,109.44763946533203
2020-11-10,110.58528367667006,111.79753775120064,107.34951137292741,108.12348175048828,7056800.0,0.0,0.0,115.94999694824219,108.12348175048828
2020-11-11,108.10483407301659,108.17010885412772,102.85485635102813,103.6195068359375,5642700.0,0.0,0.0,111.12000274658203,103.6195068359375
2020-11-12,102.40726798492204,104.55202330765039,102.15549582449256,103.60086822509766,4941200.0,0.0,0.0,111.0999984741211,103.60086822509766
2020-11-13,104.75715769919792,107.8344138089547,104.63593513180697,107.22828674316406,4811500.0,0.0,0.0,114.98999786376953,107.22828674316406
2020-11-16,111.06085726879525,112.26378429979037,108.86948154704862,110.65988159179688,5339100.0,0.0,0.0,118.66999816894531,110.65988159179688
2020-11-17,109.07464506377175,109.83929561290351,106.43566547900042,108.61772155761719,4023200.0,0.0,0.0,116.4800033569336,108.61772155761719
2020-11-18,109.04668025825711,110.74383196552738,106.48230224859815,106.52892303466797,3264300.0,0.0,0.0,114.23999786376953,106.52892303466797
2020-11-19,106.09994518321419,107.05110003077816,104.93431912501502,106.4356460571289,3249800.0,0.0,0.0,114.13999938964844,106.4356460571289
2020-11-20,106.06266983299825,106.80867353563247,104.34687127712554,104.98097229003906,3702300.0,0.0,0.0,112.58000183105469,104.98097229003906
2020-11-23,106.528910550086,108.89746390606574,106.04401316815832,108.25403594970703,3022900.0,0.0,0.0,116.08999633789062,108.25403594970703
2020-11-24,110.9675955106536,112.68339357253704,109.93251905060258,112.2637710571289,6163400.0,0.0,0.0,120.38999938964844,112.2637710571289
2020-11-25,111.43387615628858,112.8139808490704,110.26824983666212,112.44097900390625,4646600.0,0.0,0.0,120.58000183105469,112.44097900390625
2020-11-27,112.39435433568727,113.47605900631082,111.70430552667284,112.45030212402344,2447700.0,0.0,0.0,120.58999633789062,112.45030212402344
2020-11-30,111.92811586993565,113.28024685409136,110.03513960653707,110.58531188964844,3517700.0,0.0,0.0,118.58999633789062,110.58531188964844
2020-12-01,112.19852132159754,114.29664859564917,111.76024470826653,111.83484649658203,3583400.0,0.0,0.0,119.93000030517578,111.83484649658203
2020-12-02,111.22872953078584,114.55775815707983,110.87438167569343,114.07286071777344,3271900.0,0.0,0.0,122.33000183105469,114.07286071777344
2020-12-03,114.55774528456983,115.58349495145588,113.87702354543315,114.80952453613281,4285100.0,0.0,0.0,123.12000274658203,114.80952453613281
2020-12-04,115.95651699593515,116.86104425298973,115.49026641926116,116.59994506835938,5048600.0,0.0,0.0,125.04000091552734,116.59994506835938
2020-12-07,116.10570590862373,116.4414068505181,114.35259940886014,115.57418060302734,4253700.0,0.0,0.0,123.94000244140625,115.57418060302734
2020-12-08,114.20338111520977,116.14298460557141,113.78375146083569,115.18250274658203,3623000.0,0.0,0.0,123.5199966430664,115.18250274658203
2020-12-09,114.95871680745317,115.59281774260675,112.84194276601829,113.47604370117188,3622800.0,0.0,0.0,121.69000244140625,113.47604370117188
2020-12-10,112.57154710766483,113.8863701130771,111.62039189025033,113.6159439086914,2818800.0,0.0,0.0,121.83999633789062,113.6159439086914
2020-12-11,112.00270607307331,112.36638092766911,110.81842570909727,112.11460876464844,2942800.0,0.0,0.0,120.2300033569336,112.11460876464844
2020-12-14,113.51334821742599,113.56929600000247,108.77624149852744,109.43831634521484,5336300.0,0.0,0.0,117.36000061035156,109.43831634521484
2020-12-15,110.77180188667722,111.25669930803889,107.75982032939127,111.06087493896484,4528900.0,0.0,0.0,119.0999984741211,111.06087493896484
2020-12-16,110.9023460630981,111.51779303385901,110.29621898011156,110.96762084960938,2943700.0,0.0,0.0,119.0,110.96762084960938
2020-12-17,111.34994267601577,111.59238780242394,110.46406249832872,110.94896697998047,3746700.0,0.0,0.0,118.9800033569336,110.94896697998047
2020-12-18,110.58528932989603,111.30331907848236,108.7762422415265,109.57819366455078,8394100.0,0.0,0.0,117.51000213623047,109.57819366455078
2020-12-21,107.95562968731134,110.03510989447436,106.04400704677819,108.55243682861328,4528300.0,0.0,0.0,116.41000366210938,108.55243682861328
2020-12-22,108.34729424590866,108.41256903180143,106.65946258596456,106.8179931640625,3632300.0,0.0,0.0,114.55000305175781,106.8179931640625
2020-12-23,107.96496008062189,110.21229081060216,107.96496008062189,109.05598449707031,2725200.0,0.0,0.0,116.94999694824219,109.05598449707031
2020-12-24,109.03735210642222,109.51292965160357,108.00227533336684,109.42900085449219,707000.0,0.0,0.0,117.3499984741211,109.42900085449219
2020-12-28,110.08173844857234,111.2939853979112,109.6621087583101,110.37081146240234,1878700.0,0.0,0.0,118.36000061035156,110.37081146240234
2020-12-29,111.19139892212155,111.29397458436914,110.03509986473226,110.1656494140625,1860400.0,0.0,0.0,118.13999938964844,110.1656494140625
2020-12-30,110.26823232365497,111.8534810208074,110.17498365577848,111.36858367919922,1954200.0,0.0,0.0,119.43000030517578,111.36858367919922
2020-12-31,111.62968239042644,112.88855718823976,111.1168111617559,112.74868774414062,1747800.0,0.0,0.0,120.91000366210938,112.74868774414062
2021-01-04,113.11238912632726,113.5786396880773,108.96275485810052,110.07243347167969,3472100.0,0.0,0.0,118.04000091552734,110.07243347167969
2021-01-05,110.27755991712439,111.22870771764148,109.19585544357814,110.65988159179688,2112700.0,0.0,0.0,118.66999816894531,110.65988159179688
2021-01-06,112.8326057736898,116.31083716466028,112.65542833098543,114.75355529785156,5861500.0,0.0,0.0,123.05999755859375,114.75355529785156
2021-01-07,116.12914670880157,117.61702588893661,109.81269425173025,113.84587097167969,8696600.0,0.43,0.0,121.66000366210938,113.84587097167969
2021-01-08,114.2295271261173,114.3511747448832,111.8433090258415,113.9581527709961,2934500.0,0.0,0.0,121.77999877929688,113.9581527709961
2021-01-11,112.68553101820582,113.61194935738915,111.72168812534731,113.284423828125,3311000.0,0.0,0.0,121.05999755859375,113.284423828125
2021-01-12,114.1640238236339,114.46347015792462,112.96623848647103,113.80843353271484,2671300.0,0.0,0.0,121.62000274658203,113.80843353271484
2021-01-13,113.78971827478277,115.93263408314364,113.37798401220518,114.53833770751953,3678300.0,0.0,0.0,122.4000015258789,114.53833770751953
2021-01-14,114.7722632099187,116.50343735723392,114.24822682968964,115.82968139648438,3404700.0,0.0,0.0,123.77999877929688,115.82968139648438
2021-01-15,114.61318069135024,114.96877093199782,113.89263336612287,114.30437469482422,3948200.0,0.0,0.0,122.1500015258789,114.30437469482422
2021-01-19,117.4298670047254,119.83479749721785,116.26015359126866,118.60894012451172,5818500.0,0.0,0.0,126.75,118.60894012451172
2021-01-20,119.02067312634564,121.21972562112767,118.90837807641212,120.65827178955078,4090200.0,0.0,0.0,128.94000244140625,120.65827178955078
2021-01-21,120.0500030285387,120.6114710955261,118.0006702857416,119.24524688720703,3654900.0,0.0,0.0,127.43000030517578,119.24524688720703
2021-01-22,117.66379153385981,118.89900842232223,116.85902825841399,118.03810119628906,2954800.0,0.0,0.0,126.13999938964844,118.03810119628906
2021-01-25,116.26013421668414,116.97132185256936,112.59191527683465,113.36860656738281,6156700.0,0.0,0.0,121.1500015258789,113.36860656738281
2021-01-26,111.12276047058026,112.56384807361705,108.28737665097641,108.68975830078125,8932500.0,0.0,0.0,116.1500015258789,108.68975830078125
2021-01-27,107.48263246024054,109.29803005969733,104.89990310605661,106.7620849609375,5816900.0,0.0,0.0,114.08999633789062,106.7620849609375
2021-01-28,109.88757862394291,112.64809996216918,109.11088705253006,111.32866668701172,5788500.0,0.0,0.0,118.97000122070312,111.32866668701172
2021-01-29,110.17766924154034,110.78592178463657,108.3716310292264,108.79273223876953,5059300.0,0.0,0.0,116.26000213623047,108.79273223876953
2021-02-01,110.14021696182677,111.62809620114366,109.48518027745102,109.51325225830078,3359800.0,0.0,0.0,117.02999877929688,109.51325225830078
2021-02-02,110.69231378516598,114.55704409515793,110.68295407941253,112.94751739501953,4036700.0,0.0,0.0,120.69999694824219,112.94751739501953
2021-02-03,112.36736843469323,113.20956365045036,111.8807635814268,112.7042465209961,2782500.0,0.0,0.0,120.44000244140625,112.7042465209961
2021-02-04,113.21890236801526,117.35501455732008,113.04111077820298,116.87776947021484,3915900.0,0.0,0.0,124.9000015258789,116.87776947021484
2021-02-05,118.48730948329228,119.16105850895065,117.56089118670243,118.16914367675781,3184200.0,0.0,0.0,126.27999877929688,118.16914367675781
2021-02-08,118.72123608156734,120.15295702881986,118.60894102285391,119.76929473876953,3360900.0,0.0,0.0,127.98999786376953,119.76929473876953
2021-02-09,119.45112518866071,119.46048489420508,118.0942534592679,118.54342651367188,2175000.0,0.0,0.0,126.68000030517578,118.54342651367188
2021-02-10,119.43241260063331,120.43368697017715,118.69315288639233,119.9938735961914,2929100.0,0.0,0.0,128.22999572753906,119.9938735961914
2021-02-11,119.2639850189216,120.82672053380438,118.8241787421464,120.0687484741211,3733000.0,0.0,0.0,128.30999755859375,120.0687484741211
2021-02-12,119.95645610633362,122.08065973130128,119.77865737719276,121.29460144042969,2873300.0,0.0,0.0,129.6199951171875,121.29460144042969
2021-02-16,120.63023292000659,122.50177476304609,120.01262068490809,122.28653717041016,2730600.0,0.0,0.0,130.67999267578125,122.28653717041016
2021-02-17,121.72506417525895,122.73569832611997,120.19040067478011,120.30268859863281,3088800.0,0.0,0.0,128.55999755859375,120.30268859863281
2021-02-18,119.30141234602041,120.55534887849423,117.98197928520169,120.23719024658203,2269700.0,0.0,0.0,128.49000549316406,120.23719024658203
2021-02-19,121.17294659645714,124.79437444239437,121.17294659645714,123.25035858154297,3419500.0,0.0,0.0,131.7100067138672,123.25035858154297
2021-02-22,123.0632378703845,127.70466826779518,122.93223050281048,127.21806335449219,3923100.0,0.0,0.0,135.9499969482422,127.21806335449219
2021-02-23,127.70461112725545,129.42642555316644,125.6552712895923,128.14442443847656,4814400.0,0.0,0.0,136.94000244140625,128.14442443847656
2021-02-24,128.38774268624786,131.89688296163033,128.0227926687572,130.90496826171875,4099500.0,0.0,0.0,139.88999938964844,130.90496826171875
2021-02-25,131.5880737172544,131.60679312964703,127.61104816813335,128.27545166015625,3607500.0,0.0,0.0,137.0800018310547,128.27545166015625
2021-02-26,128.29417088839716,129.37030150041758,125.19675782398441,126.57234191894531,3654800.0,0.0,0.0,135.25999450683594,126.57234191894531
2021-03-01,129.3047943611932,130.7926806937897,129.24865040123262,129.80076599121094,2972100.0,0.0,0.0,138.7100067138672,129.80076599121094
2021-03-02,129.3609527390855,131.1857028334089,129.21122599321066,130.3060760498047,2929100.0,0.0,0.0,139.25,130.3060760498047
2021-03-03,131.00789125220524,134.98491652236146,131.00789125220524,133.43153381347656,4393700.0,0.0,0.0,142.58999633789062,133.43153381347656
2021-03-04,133.01982018130977,134.85393732395724,130.9611271737834,133.51577758789062,4461700.0,0.0,0.0,142.67999267578125,133.51577758789062
2021-03-05,135.3685899460296,138.45663604464212,132.95429987906806,137.86709594726562,5048300.0,0.0,0.0,147.3300018310547,137.86709594726562
2021-03-08,137.82028135497686,141.73180956235962,137.29625214718777,140.6182403564453,4283400.0,0.0,0.0,150.27000427246094,140.6182403564453
2021-03-09,139.03681251519728,139.50469786585603,134.85391633800995,135.78033447265625,5806100.0,0.0,0.0,145.10000610351562,135.78033447265625
2021-03-10,136.34177879685794,138.7654213169796,136.09848357186203,137.3243408203125,3049800.0,0.0,0.0,146.75,137.3243408203125
2021-03-11,136.62253298170472,138.32564264389666,135.8084169776508,138.2601318359375,3147700.0,0.0,0.0,147.75,138.2601318359375
2021-03-12,139.52343329546773,140.9645140582951,138.5127991085749,138.9993896484375,2420100.0,0.0,0.0,148.5399932861328,138.9993896484375
2021-03-15,138.53149807777694,139.3549809220118,136.65060397626277,137.5489501953125,2586300.0,0.0,0.0,146.99000549316406,137.5489501953125
2021-03-16,137.79223876032617,137.80159132720038,133.64678131728544,134.095947265625,4031000.0,0.0,0.0,143.3000030517578,134.095947265625
2021-03-17,135.46216195374234,135.51832019010664,132.78585716948822,135.38729858398438,3278500.0,0.0,0.0,144.67999267578125,135.38729858398438
2021-03-18,136.14529174776385,136.15464431493464,132.9449574917468,133.4221954345703,3173600.0,0.0,0.0,142.5800018310547,133.4221954345703
2021-03-19,132.78585739144438,132.82329621574982,130.7646035195119,131.67230224609375,5098300.0,0.0,0.0,140.7100067138672,131.67230224609375
2021-03-22,130.5306131990089,131.93426874484018,129.89428192662965,130.9610595703125,2274100.0,0.0,0.0,139.9499969482422,130.9610595703125
2021-03-23,130.016011779403,130.54004120142108,126.45072691720841,127.33970642089844,4905400.0,0.0,0.0,136.0800018310547,127.33970642089844
2021-03-24,129.1083248548341,131.04536338252763,128.77144672670494,129.5294189453125,2638900.0,0.0,0.0,138.4199981689453,129.5294189453125
2021-03-25,129.0895602847339,133.3753916406849,127.97599090961799,133.14144897460938,2766400.0,0.0,0.0,142.27999877929688,133.14144897460938
2021-03-26,134.50767311893355,134.73224892777878,131.9904478841327,134.49830627441406,2687500.0,0.0,0.0,143.72999572753906,134.49830627441406
2021-03-29,132.8606665998769,133.88066710483795,131.2979318722859,133.22561645507812,2220600.0,0.0,0.0,142.3699951171875,133.22561645507812
2021-03-30,133.7215967197077,135.20011580083337,133.4502295614434,134.27371215820312,2034500.0,0.0,0.0,143.49000549316406,134.27371215820312
2021-03-31,134.19867780923812,134.46148006894336,132.66879629487892,132.75326538085938,2957300.0,0.43,0.0,141.44000244140625,132.75326538085938
2021-04-01,133.59795822004634,135.74732223423226,133.47595211630792,135.69100952148438,2629200.0,0.0,0.0,144.57000732421875,135.69100952148438
2021-04-05,137.88729443795697,138.42227954308274,136.6671331208267,137.08949279785156,2960100.0,0.0,0.0,146.05999755859375,137.08949279785156
2021-04-06,137.0143927451992,137.53061644947476,135.51266798561468,137.1739501953125,2851200.0,0.0,0.0,146.14999389648438,137.1739501953125
2021-04-07,138.36596340263065,139.24823409196375,136.77037448357848,138.09378051757812,2399500.0,0.0,0.0,147.1300048828125,138.09378051757812
2021-04-08,137.78408746095334,138.12197815953314,135.79428031524984,138.00933837890625,2295600.0,0.0,0.0,147.0399932861328,138.00933837890625
2021-04-09,139.10747104513143,139.32334124660113,137.6808200719077,138.70387268066406,1783400.0,0.0,0.0,147.77999877929688,138.70387268066406
2021-04-12,138.21581721193343,138.69450401874744,137.41802973665892,138.5067901611328,1869000.0,0.0,0.0,147.57000732421875,138.5067901611328
2021-04-13,137.54936220216035,137.59629422354706,135.00579558807877,137.0237579345703,2132100.0,0.0,0.0,145.99000549316406,137.0237579345703
2021-04-14,136.85483181759255,139.61426907428873,136.7515870793609,138.36595153808594,2141800.0,0.0,0.0,147.4199981689453,138.36595153808594
2021-04-15,138.45043206044866,139.46410385018405,136.5638845838459,139.4077911376953,2901200.0,0.0,0.0,148.52999877929688,139.4077911376953
2021-04-16,140.5153045254345,141.20984696392213,139.5579456012844,140.77810668945312,3480000.0,0.0,0.0,149.99000549316406,140.77810668945312
2021-04-19,140.0272784362145,140.32761771706475,138.72264790886456,139.4171905517578,2259100.0,0.0,0.0,148.5399932861328,139.4171905517578
2021-04-20,138.16888839283942,138.44107131627504,135.6347013927823,136.1884765625,2526700.0,0.0,0.0,145.10000610351562,136.1884765625
2021-04-21,135.15602781292338,138.32844471534855,134.23621996703577,138.14071655273438,2161700.0,0.0,0.0,147.17999267578125,138.14071655273438
2021-04-22,138.50677090587135,139.77385000985728,136.91116753384512,138.1219482421875,3247300.0,0.0,0.0,147.16000366210938,138.1219482421875
2021-04-23,132.84707334516773,136.07580217319025,132.03989113816212,135.46572875976562,6395300.0,0.0,0.0,144.3300018310547,135.46572875976562
2021-04-26,137.78404940109968,141.83872234239152,136.62020080044596,141.10662841796875,4821100.0,0.0,0.0,150.33999633789062,141.10662841796875
2021-04-27,141.44452693186585,141.61347940475824,139.7081560947085,141.1254119873047,2692100.0,0.0,0.0,150.36000061035156,141.1254119873047
2021-04-28,141.42572797978116,144.03500278892116,140.26189382721626,143.17149353027344,2584500.0,0.0,0.0,152.5399932861328,143.17149353027344
2021-04-29,144.40106950690176,145.5555231403066,142.74915346909648,145.13316345214844,2636000.0,0.0,0.0,154.6300048828125,145.13316345214844
2021-04-30,144.16643910054017,144.5794038326187,143.11521578514927,143.93179321289062,2712700.0,0.0,0.0,153.35000610351562,143.93179321289062
2021-05-03,145.09561577835112,146.4659539516315,144.55123564494642,145.292724609375,2726200.0,0.0,0.0,154.8000030517578,145.292724609375
2021-05-04,144.99237460144712,146.17499897348037,143.45309823928665,145.039306640625,3025100.0,0.0,0.0,154.52999877929688,145.039306640625
2021-05-05,145.35841384782475,147.1041796320369,144.84220440931404,146.78506469726562,3001600.0,0.0,0.0,156.38999938964844,146.78506469726562
2021-05-06,147.22618892202988,147.83626238772933,144.56061557156946,147.24496459960938,2798800.0,0.0,0.0,156.8800048828125,147.24496459960938
2021-05-07,146.05299648616327,149.47882094247578,145.79957490077473,149.2160186767578,2617800.0,0.0,0.0,158.97999572753906,149.2160186767578
2021-05-10,149.9387242707456,150.82099511190893,148.76549481635794,148.93443298339844,2987600.0,0.0,0.0,158.67999267578125,148.93443298339844
2021-05-11,146.850772140016,148.09907551910405,144.2133406287758,144.9454345703125,3900100.0,0.0,0.0,154.42999267578125,144.9454345703125
2021-05-12,145.21759771317528,146.32511904425166,142.7303578956607,142.94622802734375,3487400.0,0.0,0.0,152.3000030517578,142.94622802734375
2021-05-13,143.04949558334542,145.30208995409504,142.48633982983515,144.61692810058594,2269700.0,0.0,0.0,154.0800018310547,144.61692810058594
2021-05-14,145.84645068610334,148.23984083861262,145.03926851800807,147.49835205078125,1892700.0,0.0,0.0,157.14999389648438,147.49835205078125
2021-05-17,147.40452943087706,147.71426367903186,146.30638854468086,147.2261962890625,1541400.0,0.0,0.0,156.86000061035156,147.2261962890625
2021-05-18,147.6955077629264,148.5777785899688,145.3490488917066,145.4710693359375,2417800.0,0.0,0.0,154.99000549316406,145.4710693359375
2021-05-19,142.73036905689037,145.27392177534097,142.40185917380447,145.22698974609375,3526800.0,0.0,0.0,154.72999572753906,145.22698974609375
2021-05-20,145.92156204343863,146.65365594820037,144.47613559029136,145.97787475585938,3031100.0,0.0,0.0,155.52999877929688,145.97787475585938
2021-05-21,147.0760229772726,149.0564346192245,146.74752736448812,147.23558044433594,3424100.0,0.0,0.0,156.8699951171875,147.23558044433594
2021-05-24,148.01459518190333,149.1502873657099,147.310657651563,148.89686584472656,1956900.0,0.0,0.0,158.63999938964844,148.89686584472656
2021-05-25,149.3004369586457,150.24840083777653,148.05211958020027,148.30552673339844,2484200.0,0.0,0.0,158.00999450683594,148.30552673339844
2021-05-26,148.4463728124656,149.59144585145634,147.70488381228165,148.840576171875,3731600.0,0.0,0.0,158.5800018310547,148.840576171875
2021-05-27,150.15458742665754,150.4455460262139,149.0939977884342,149.92933654785156,2828400.0,0.0,0.0,159.74000549316406,149.92933654785156
2021-05-28,150.4173552119511,150.7740214505603,149.1033443144088,150.29534912109375,2436400.0,0.0,0.0,160.1300048828125,150.29534912109375
2021-06-01,152.52917862195997,154.0309177457595,151.6281466049968,153.70240783691406,3827800.0,0.0,0.0,163.75999450683594,153.70240783691406
2021-06-02,154.5002400787757,155.5139120401679,153.28947359029667,154.0403289794922,3384600.0,0.0,0.0,164.1199951171875,154.0403289794922
2021-06-03,153.62732004682667,155.26046027619512,152.82015209257477,154.41574096679688,2454800.0,0.0,0.0,164.52000427246094,154.41574096679688
2021-06-04,154.86627197265625,155.55143389314074,153.2894586233253,154.86627197265625,3239300.0,0.0,0.0,165.0,154.86627197265625
2021-06-07,155.45756871016795,156.4149134393956,155.2135278672448,155.72975158691406,2516400.0,0.0,0.0,165.9199981689453,155.72975158691406
2021-06-08,154.7348817186158,156.87485102667694,153.58042798386793,156.28353881835938,2486300.0,0.0,0.0,166.50999450683594,156.28353881835938
2021-06-09,155.1196818505121,155.93624482201866,153.73996311280692,154.01214599609375,2700100.0,0.0,0.0,164.08999633789062,154.01214599609375
2021-06-10,155.03520623182146,155.06337691102493,152.16314318786291,152.26638793945312,3024500.0,0.0,0.0,162.22999572753906,152.26638793945312
2021-06-11,152.98910097059482,154.4345131690378,152.52918992844866,154.40635681152344,1630100.0,0.0,0.0,164.50999450683594,154.40635681152344
2021-06-14,154.2092701965294,154.75365033906303,153.09235355250755,153.74935913085938,2125700.0,0.0,0.0,163.80999755859375,153.74935913085938
2021-06-15,153.861947082925,156.64954051349287,153.73994099772753,156.05824279785156,3726100.0,0.0,0.0,166.27000427246094,156.05824279785156
2021-06-16,155.59836550775287,156.4149285384615,154.18110963298264,154.56591796875,3281300.0,0.0,0.0,164.67999267578125,154.56591796875
2021-06-17,155.7767035646258,155.80485992369947,150.67080706843373,152.17254638671875,4194400.0,0.0,0.0,162.1300048828125,152.17254638671875
2021-06-18,148.95319761775445,149.8636247525702,147.59225441592756,148.45574951171875,6900200.0,0.0,0.0,158.1699981689453,148.45574951171875
2021-06-21,150.24843527475795,155.06337279211198,149.3567838919711,154.77239990234375,3681400.0,0.0,0.0,164.89999389648438,154.77239990234375
2021-06-22,153.3833311608367,155.0915601980026,152.48229891927716,154.39700317382812,2697600.0,0.0,0.0,164.5,154.39700317382812
2021-06-23,154.89439057849415,156.61199962215554,154.66912544564485,155.82359313964844,2327600.0,0.0,0.0,166.02000427246094,155.82359313964844
2021-06-24,156.7997252165647,158.2263758554544,156.18965179473642,157.8791046142578,2417100.0,0.0,0.0,168.2100067138672,157.8791046142578
2021-06-25,158.10437009578138,159.9439998523476,158.10437009578138,159.04295349121094,9186000.0,0.0,0.0,169.4499969482422,159.04295349121094
2021-06-28,158.26391606099858,158.4798005378546,153.17679614580356,154.65975952148438,3433400.0,0.0,0.0,164.77999877929688,154.65975952148438
2021-06-29,155.4012445753874,156.10518205364886,153.20494875876173,154.1623077392578,2785900.0,0.0,0.0,164.25,154.1623077392578
2021-06-30,153.64606118897225,155.9549820755354,153.64606118897225,155.08209228515625,2331800.0,0.0,0.0,165.22999572753906,155.08209228515625
2021-07-01,155.88200745861928,157.50058429528386,154.9786244180246,157.095947265625,2685900.0,0.43,0.0,166.94000244140625,157.095947265625
2021-07-02,157.81116639878823,159.0156869952448,157.16185159808526,158.56399536132812,2028700.0,0.0,0.0,168.5,158.56399536132812
2021-07-06,162.36568854548503,162.36568854548503,157.9052051326517,159.56141662597656,4688100.0,0.0,0.0,169.55999755859375,159.56141662597656
2021-07-07,159.59910535187342,164.45482176200917,159.3920770692264,160.89772033691406,3998900.0,0.0,0.0,170.97999572753906,160.89772033691406
2021-07-08,157.10535412009307,160.01314074943093,155.8255494995571,157.6229248046875,4628400.0,0.0,0.0,167.5,157.6229248046875
2021-07-09,159.97552683377913,162.1493096362543,159.23211746822474,161.80113220214844,3175200.0,0.0,0.0,171.94000244140625,161.80113220214844
2021-07-12,160.04139214685293,163.83375168829303,159.8625936878396,163.3632354736328,3154100.0,0.0,0.0,173.60000610351562,163.3632354736328
2021-07-13,163.73965421896423,164.43602343488848,162.25282115297443,162.44102478027344,2675000.0,0.0,0.0,172.6199951171875,162.44102478027344
2021-07-14,162.66688670684417,164.25723400928456,160.9259707506659,162.34693908691406,3123100.0,0.0,0.0,172.52000427246094,162.34693908691406
2021-07-15,161.0482837286937,163.0432678139683,161.01064875080814,162.65745544433594,3448200.0,0.0,0.0,172.85000610351562,162.65745544433594
2021-07-16,163.4950013453492,163.54204148590566,159.54265312543347,159.9849395751953,4359800.0,0.0,0.0,170.00999450683594,159.9849395751953
2021-07-19,155.88201657503254,156.5689805886978,151.95791305773574,153.20948791503906,6739800.0,0.0,0.0,162.80999755859375,153.20948791503906
2021-07-20,153.33183926703097,159.58029455052022,152.9836618336927,158.9121551513672,4243700.0,0.0,0.0,168.8699951171875,158.9121551513672
2021-07-21,160.67186178739433,163.38202507621273,159.7308294773431,162.3374786376953,3384500.0,0.0,0.0,172.50999450683594,162.3374786376953
2021-07-22,162.09284835084537,162.9962458700713,159.08154721845298,160.82244873046875,3335900.0,0.0,0.0,170.89999389648438,160.82244873046875
2021-07-23,166.12043584669826,169.07527678463373,162.75153838666762,162.9679718017578,6326600.0,0.0,0.0,173.17999267578125,162.9679718017578
2021-07-26,163.033870294901,165.0853141225902,162.13989234834824,162.43161010742188,3115900.0,0.0,0.0,172.61000061035156,162.43161010742188
2021-07-27,160.40838544707725,164.79358541502907,159.9378692581499,162.7421417236328,7922600.0,0.0,0.0,172.94000244140625,162.7421417236328
2021-07-28,162.798627157754,163.22208892306617,159.70263646214332,159.99435424804688,7961700.0,0.0,0.0,170.02000427246094,159.99435424804688
2021-07-29,161.28354051721743,163.5702566883367,160.91653846000258,161.81051635742188,3186900.0,0.0,0.0,171.9499969482422,161.81051635742188
2021-07-30,162.1586990871245,163.02444711345797,159.80611824632254,160.4742431640625,3441900.0,0.0,0.0,170.52999877929688,160.4742431640625
2021-08-02,161.04828495961002,163.137378044088,158.8086232444094,159.28855895996094,2895700.0,0.0,0.0,169.27000427246094,159.28855895996094
2021-08-03,159.74028301516356,160.24843429853996,155.55269083885239,159.0721435546875,3642000.0,0.0,0.0,169.0399932861328,159.0721435546875
2021-08-04,158.37578584943742,160.38959499327123,157.4535779429387,158.14993286132812,3544400.0,0.0,0.0,168.05999755859375,158.14993286132812
2021-08-05,158.71451682366737,160.47424269253207,158.39456927642175,159.6273193359375,2535400.0,0.0,0.0,169.6300048828125,159.6273193359375
2021-08-06,160.4742818257701,162.65748426434143,159.73087241893947,161.25534057617188,2828700.0,0.0,0.0,171.36000061035156,161.25534057617188
2021-08-09,160.3048813770586,161.02946601501452,158.83685871385256,160.7095184326172,2560200.0,0.0,0.0,170.77999877929688,160.7095184326172
2021-08-10,160.66244585184842,161.57524836164373,158.73332670148673,159.49557495117188,3389500.0,0.0,0.0,169.49000549316406,159.49557495117188
2021-08-11,159.45795724613646,160.66247772002333,158.7239530310809,160.60601806640625,3843400.0,0.0,0.0,170.6699981689453,160.60601806640625
2021-08-12,159.994312090324,160.07900154926782,158.06519304664107,158.582763671875,3372800.0,0.0,0.0,168.52000427246094,158.582763671875
2021-08-13,158.17813687515843,158.37576000237897,155.84438048163736,156.2866668701172,4157700.0,0.0,0.0,166.0800018310547,156.2866668701172
2021-08-16,155.05394260258714,156.11729965643005,153.04013345087142,155.9761505126953,3845400.0,0.0,0.0,165.75,155.9761505126953
2021-08-17,155.04447787334206,156.5407301556856,153.71763323211334,154.9409637451172,7631600.0,0.0,0.0,164.64999389648438,154.9409637451172
2021-08-18,154.16933220738002,155.40208229310585,152.50370092104876,152.569580078125,3563700.0,0.0,0.0,162.1300048828125,152.569580078125
2021-08-19,150.7157146891932,151.5908677085562,148.05259194452233,149.65234375,4256400.0,0.0,0.0,159.02999877929688,149.65234375
2021-08-20,149.48303246840905,150.5558090452367,148.73960868223733,150.3299560546875,3075000.0,0.0,0.0,159.75,150.3299560546875
2021-08-23,151.72263625977,152.3060860597101,150.66868466093155,150.98863220214844,2006300.0,0.0,0.0,160.4499969482422,150.98863220214844
2021-08-24,151.1298318397904,152.35316265597052,150.74400505178673,151.69444274902344,2377600.0,0.0,0.0,161.1999969482422,151.69444274902344
2021-08-25,152.33430999031435,157.36882406990006,151.0356808498057,156.3807373046875,3579900.0,0.0,0.0,166.17999267578125,156.3807373046875
2021-08-26,156.1831405992701,156.6818865970742,154.68690260585782,155.75025939941406,3164700.0,0.0,0.0,165.50999450683594,155.75025939941406
2021-08-27,155.59971320732097,158.93096158800307,155.42091475373644,158.70510864257812,3002300.0,0.0,0.0,168.64999389648438,158.70510864257812
2021-08-30,158.24397828931808,158.37572222303348,154.52690396897924,154.57394409179688,2582100.0,0.0,0.0,164.25999450683594,154.57394409179688
2021-08-31,154.42341581067322,156.61600857057408,154.06581891947246,156.17373657226562,3536300.0,0.0,0.0,165.9600067138672,156.17373657226562
2021-09-01,156.53134902406347,157.41592190778738,154.45167515481359,154.74339294433594,2569000.0,0.0,0.0,164.44000244140625,154.74339294433594
2021-09-02,155.31740576757372,155.34563559181143,151.63796551242814,152.4943084716797,4350600.0,0.0,0.0,162.0500030517578,152.4943084716797
2021-09-03,151.2709577260669,151.76970374745343,148.84309242019663,149.90646362304688,4206500.0,0.0,0.0,159.3000030517578,149.90646362304688
2021-09-07,149.50179831242514,151.18625418631768,149.21950010698035,150.3016815185547,3779000.0,0.0,0.0,159.72000122070312,150.3016815185547
2021-09-08,149.80295093063197,149.8688157323299,147.55388405582286,149.5582733154297,3056700.0,0.0,0.0,158.92999267578125,149.5582733154297
2021-09-09,149.41711957837032,152.5883940920025,149.1912666387856,149.99114990234375,3295800.0,0.0,0.0,159.38999938964844,149.99114990234375
2021-09-10,151.66621412802323,151.9391216081547,149.05014479175316,149.36068725585938,2943700.0,0.0,0.0,158.72000122070312,149.36068725585938
2021-09-13,151.16746868855898,152.25906989583484,150.32995029103222,151.92970275878906,3192500.0,0.0,0.0,161.4499969482422,151.92970275878906
2021-09-14,153.08713685038785,156.05139738852537,149.41711640394814,150.07583618164062,4281500.0,0.0,0.0,159.47999572753906,150.07583618164062
2021-09-15,150.58401650901217,152.73897449924826,149.8217825227672,151.826171875,2933100.0,0.0,0.0,161.33999633789062,151.826171875
2021-09-16,153.48238646365778,154.79982604812108,152.63544870877604,153.04010009765625,2765000.0,0.0,0.0,162.6300048828125,153.04010009765625
2021-09-17,152.04264088962208,154.5646013124681,152.04264088962208,154.25405883789062,6390600.0,0.0,0.0,163.9199981689453,154.25405883789062
2021-09-20,149.9629373926947,152.57900655242577,148.6360781426035,151.10159301757812,5976900.0,0.0,0.0,160.57000732421875,151.10159301757812
2021-09-21,152.36257499083615,155.59972907701123,152.15554669283543,153.6423797607422,3480600.0,0.0,0.0,163.27000427246094,153.6423797607422
2021-09-22,155.85376991048494,158.67686690068,155.17622548411703,157.61351013183594,3562800.0,0.0,0.0,167.49000549316406,157.61351013183594
2021-09-23,159.49558414197213,163.83374401224557,159.32619084594302,163.1373748779297,4399200.0,0.0,0.0,173.36000061035156,163.1373748779297
2021-09-24,163.14676838226237,165.62168797356995,163.08090358668724,165.3582000732422,2680400.0,0.0,0.0,175.72000122070312,165.3582000732422
2021-09-27,167.193221618126,168.25659280486954,165.93224167217366,166.34629821777344,3703300.0,0.0,0.0,176.77000427246094,166.34629821777344
2021-09-28,165.1417909023219,166.78859770061746,162.50689715324592,162.93035888671875,3862200.0,0.0,0.0,173.13999938964844,162.93035888671875
2021-09-29,162.69511278802136,162.77980226916725,160.35193662986714,161.42471313476562,2726100.0,0.0,0.0,171.5399932861328,161.42471313476562
2021-09-30,162.0269483903946,162.1963416855808,157.53823427367206,157.65115356445312,3088200.0,0.0,0.0,167.52999877929688,157.65115356445312
2021-10-01,158.5639778716858,164.79360849051304,158.54515320096868,163.68319702148438,3956000.0,0.0,0.0,173.94000244140625,163.68319702148438
2021-10-04,163.6267289643885,166.77917909430818,161.7446640418039,162.47866821289062,3613900.0,0.0,0.0,172.66000366210938,162.47866821289062
2021-10-05,163.20324389778838,165.67816372981787,162.45983461220203,164.45481872558594,2629400.0,0.0,0.0,174.75999450683594,164.45481872558594
2021-10-06,162.3751493570632,164.58656696153437,159.88140479157607,163.17501831054688,2922200.0,0.0,0.0,173.39999389648438,163.17501831054688
2021-10-07,165.56177446004818,166.85418940365594,163.86370209946398,164.4202880859375,3578800.0,0.43,0.0,174.2899932861328,164.4202880859375
2021-10-08,164.00519554098588,166.95793952894735,163.70330965119308,165.2315673828125,2375300.0,0.0,0.0,175.14999389648438,165.2315673828125
2021-10-11,165.83531154939706,166.77868328773866,163.51462513411454,163.63726806640625,2499200.0,0.0,0.0,173.4600067138672,163.63726806640625
2021-10-12,163.77877130766765,166.5617151118604,163.29765689369611,165.00515747070312,3069500.0,0.0,0.0,174.91000366210938,165.00515747070312
2021-10-13,162.99575123821626,164.23156578672754,157.6185357549528,159.16566467285156,5608100.0,0.0,0.0,168.72000122070312,159.16566467285156
2021-10-14,161.31658451866753,162.61844226319616,160.19396972675798,161.79769897460938,3061900.0,0.0,0.0,171.50999450683594,161.79769897460938
2021-10-15,163.92969987106,167.70318656820083,163.34479964460078,165.8541717529297,3043900.0,0.0,0.0,175.80999755859375,165.8541717529297
2021-10-18,165.63722063411052,167.55226421644804,164.45800589647848,166.8070068359375,2623300.0,0.0,0.0,176.82000732421875,166.8070068359375
2021-10-19,167.66550162222845,167.92021609288938,166.2787436298842,167.269287109375,1400100.0,0.0,0.0,177.30999755859375,167.269287109375
2021-10-20,166.9296668540947,169.58998271324464,166.23158081041066,169.4296112060547,2398500.0,0.0,0.0,179.60000610351562,169.4296112060547
2021-10-21,169.41071163119383,169.60881165056415,166.0428673547835,167.42019653320312,3313800.0,0.0,0.0,177.47000122070312,167.42019653320312
2021-10-22,174.523747244703,178.3255336682407,171.8823038669226,176.4859619140625,6026100.0,0.0,0.0,187.0800018310547,176.4859619140625
2021-10-25,176.15581622628306,176.6086450648677,171.53330005808013,171.98611450195312,3889600.0,0.0,0.0,182.30999755859375,171.98611450195312
2021-10-26,173.0332390396337,173.10871050454858,167.4673516532298,170.70310974121094,3832200.0,0.0,0.0,180.9499969482422,170.70310974121094
2021-10-27,169.90125749627882,173.32568715157566,167.8352710659342,167.94847106933594,3309900.0,0.0,0.0,178.02999877929688,167.94847106933594
2021-10-28,168.29754113464296,169.0805415386946,163.22221010308243,164.72216796875,4865700.0,0.0,0.0,174.61000061035156,164.72216796875
2021-10-29,165.68437609135486,166.66547632458145,163.24103245111766,163.9391326904297,3455400.0,0.0,0.0,173.77999877929688,163.9391326904297
2021-11-01,164.6938610972347,166.09949035116696,163.52407480837556,164.34481811523438,2250400.0,0.0,0.0,174.2100067138672,164.34481811523438
2021-11-02,165.09006536246034,165.2787368439323,162.79767879288877,163.3636932373047,3252900.0,0.0,0.0,173.1699981689453,163.3636932373047
2021-11-03,162.92033398130042,163.9863488982751,162.02413350171835,162.83543395996094,3831200.0,0.0,0.0,172.61000061035156,162.83543395996094
2021-11-04,162.38257529085922,164.16554722767063,161.93918944038197,162.75991821289062,3315400.0,0.0,0.0,172.52999877929688,162.75991821289062
2021-11-05,166.20321266994313,167.72204162308898,165.42022685703463,166.68434143066406,3936000.0,0.0,0.0,176.69000244140625,166.68434143066406
2021-11-08,167.98622332561305,171.7785675971986,167.72206597849413,169.85409545898438,3392000.0,0.0,0.0,180.0500030517578,169.85409545898438
2021-11-09,169.58047702651834,170.9295059267552,168.32579104605222,169.67481994628906,3203300.0,0.0,0.0,179.86000061035156,169.67481994628906
2021-11-10,169.2031813288016,173.08986887627603,169.2031813288016,171.11822509765625,3296700.0,0.0,0.0,181.38999938964844,171.11822509765625
2021-11-11,171.68425409746428,172.38234007797627,170.50503924420744,171.0333251953125,2119700.0,0.0,0.0,181.3000030517578,171.0333251953125
2021-11-12,170.47671775464443,172.0521468726835,169.4767315935493,171.5898895263672,2390200.0,0.0,0.0,181.88999938964844,171.5898895263672
2021-11-15,172.19363005267522,173.51434463493257,171.73137275153047,172.75965881347656,1748300.0,0.0,0.0,183.1300048828125,172.75965881347656
2021-11-16,173.01437791969803,173.01437791969803,169.56164816033294,170.67481994628906,3299200.0,0.0,0.0,180.9199981689453,170.67481994628906
2021-11-17,170.92006608567755,171.44836629334552,168.10882264116836,169.43898010253906,3543500.0,0.0,0.0,179.61000061035156,169.43898010253906
2021-11-18,169.80686258404955,170.1559054174997,165.88243386071093,166.2314910888672,4011500.0,0.0,0.0,176.2100067138672,166.2314910888672
2021-11-19,163.89198098467057,165.34478163722108,162.10900883451237,163.71273803710938,4456500.0,0.0,0.0,173.5399932861328,163.71273803710938
2021-11-22,165.08063046568705,165.32590194267874,161.2128004683449,161.22222900390625,4651700.0,0.0,0.0,170.89999389648438,161.22222900390625
2021-11-23,161.59956318290645,162.21274898484538,158.32606247350864,161.175048828125,5890300.0,0.0,0.0,170.85000610351562,161.175048828125
2021-11-24,158.9392705843813,162.24107175456263,158.3921132345288,161.89202880859375,3590600.0,0.0,0.0,171.61000061035156,161.89202880859375
2021-11-26,155.74121762781297,155.88273200794407,145.75091560514204,147.93954467773438,6804200.0,0.0,0.0,156.82000732421875,147.93954467773438
2021-11-29,151.646997882077,152.26962664692962,145.5999819457037,148.920654296875,6258500.0,0.0,0.0,157.86000061035156,148.920654296875
2021-11-30,146.3074916492829,147.04332031382035,143.1094626396524,143.6754913330078,7444900.0,0.0,0.0,152.3000030517578,143.6754913330078
2021-12-01,147.26036785467048,148.17543980210846,141.40202168357794,141.56239318847656,6145500.0,0.0,0.0,150.05999755859375,141.56239318847656
2021-12-02,143.09062181550777,148.96783825140673,142.8830932711977,147.89239501953125,6289300.0,0.0,0.0,156.77000427246094,147.89239501953125
2021-12-03,149.12822065859655,149.36406361616747,144.9302188927769,147.10940551757812,4069300.0,0.0,0.0,155.94000244140625,147.10940551757812
2021-12-06,150.0621635695986,153.52433645053583,149.09992027464642,151.5809783935547,4141900.0,0.0,0.0,160.67999267578125,151.5809783935547
2021-12-07,155.184697842611,159.58081492619706,154.86395480940035,157.49595642089844,5124500.0,0.0,0.0,166.9499969482422,157.49595642089844
2021-12-08,158.4675844953914,160.8826139021218,157.80722714116212,159.36378479003906,4042400.0,0.0,0.0,168.92999267578125,159.36378479003906
2021-12-09,158.3449233606967,159.26942346631648,157.11853744402111,158.5052947998047,2245300.0,0.0,0.0,168.02000427246094,158.5052947998047
2021-12-10,159.78829448913493,160.9203375888175,156.5619651774206,157.5713653564453,2768500.0,0.0,0.0,167.02999877929688,157.5713653564453
2021-12-13,156.97704059472846,156.97704059472846,152.81678245769422,154.05259704589844,3477600.0,0.0,0.0,163.3000030517578,154.05259704589844
2021-12-14,152.95831244029074,155.90162803017233,151.93946910655197,153.62811279296875,2964200.0,0.0,0.0,162.85000610351562,153.62811279296875
2021-12-15,153.49601340760293,153.81675632620642,149.55271227372123,153.05262756347656,5013000.0,0.0,0.0,162.24000549316406,153.05262756347656
2021-12-16,154.7129793693683,155.8261512139058,152.73189277809536,153.7696075439453,4900100.0,0.0,0.0,163.0,153.7696075439453
2021-12-17,151.882841466793,152.1847273158149,148.06218325902802,150.9488983154297,9576800.0,0.0,0.0,160.00999450683594,150.9488983154297
2021-12-20,148.10933785233888,149.25082379620994,145.0716802174213,147.06219482421875,3839600.0,0.0,0.0,155.88999938964844,147.06219482421875
2021-12-21,148.81688510002184,151.9300145769357,148.59991364037887,151.79794311523438,3722400.0,0.0,0.0,160.91000366210938,151.79794311523438
2021-12-22,151.4394942208221,153.9299955311803,151.36402273933086,153.26963806152344,2877700.0,0.0,0.0,162.47000122070312,153.26963806152344
2021-12-23,154.58089750522086,156.9770554471539,154.3261830989485,154.8922119140625,3140500.0,0.0,0.0,164.19000244140625,154.8922119140625
2021-12-27,155.65635951968275,155.65635951968275,153.3262298346899,155.08090209960938,1687300.0,0.0,0.0,164.38999938964844,155.08090209960938
2021-12-28,154.33561792014373,156.72234720114955,154.33561792014373,155.09974670410156,2035300.0,0.0,0.0,164.41000366210938,155.09974670410156
2021-12-29,155.29786973440358,155.59031270549104,154.01488343936248,154.5526123046875,2082200.0,0.0,0.0,163.8300018310547,154.5526123046875
2021-12-30,155.29784979569897,156.4110359238493,154.71296392861757,154.86390686035156,1632900.0,0.0,0.0,164.16000366210938,154.86390686035156
2021-12-31,154.8073335299061,155.81673397101784,154.0054616622939,154.3356475830078,1743600.0,0.0,0.0,163.60000610351562,154.3356475830078
2022-01-03,155.19408327968927,158.8637988556019,155.09031181015095,158.6845703125,3236400.0,0.0,0.0,168.2100067138672,158.6845703125
2022-01-04,160.1090772824839,164.19387926701904,159.9958772627272,163.77879333496094,4799500.0,0.0,0.0,173.61000061035156,163.77879333496094
2022-01-05,164.81648168565476,166.32586782052553,161.78825209126526,162.0335235595703,4491900.0,0.0,0.0,171.75999450683594,162.0335235595703
2022-01-06,163.17787429369014,164.2654832926345,160.5392676434057,163.51834106445312,2649400.0,0.43,0.0,172.89999389648438,163.51834106445312
2022-01-07,163.13062830022338,165.84489632605357,162.53480773617636,164.91807556152344,3043000.0,0.0,0.0,174.3800048828125,164.91807556152344
2022-01-10,166.64873674177474,166.64873674177474,161.24855871897842,164.31275939941406,4269400.0,0.0,0.0,173.74000549316406,164.31275939941406
2022-01-11,165.0693375207802,166.18531744241037,163.13058342471297,165.86376953125,2762700.0,0.0,0.0,175.3800048828125,165.86376953125
2022-01-12,166.66762393615045,167.2256210609158,164.719403390677,165.0031280517578,3224300.0,0.0,0.0,174.47000122070312,165.0031280517578
2022-01-13,165.4287671792174,166.80955332875274,163.4710937339887,163.88720703125,3808800.0,0.0,0.0,173.2899932861328,163.88720703125
2022-01-14,159.55571883537306,159.55571883537306,155.7727608012126,159.2625274658203,6508500.0,0.0,0.0,168.39999389648438,159.2625274658203
2022-01-18,158.79909505442788,159.773205414098,155.89566837189713,157.15350341796875,4336300.0,0.0,0.0,166.1699981689453,157.15350341796875
2022-01-19,157.68314974184545,157.68314974184545,152.42484019909998,152.63290405273438,3592000.0,0.0,0.0,161.38999938964844,152.63290405273438
2022-01-20,152.3775452844502,155.64035813971654,150.8076286647617,152.1884002685547,4205600.0,0.0,0.0,160.9199981689453,152.1884002685547
2022-01-21,151.27103044160623,153.09631518429615,149.1241977316742,150.12669372558594,3779100.0,0.0,0.0,158.74000549316406,150.12669372558594
2022-01-24,147.36514504990987,150.79816983703384,144.55629740445542,150.30638122558594,5405000.0,0.0,0.0,158.92999267578125,150.30638122558594
2022-01-25,157.12514463600124,165.00315563474314,150.99675731403954,163.71694946289062,13320800.0,0.0,0.0,173.11000061035156,163.71694946289062
2022-01-26,167.34855195025617,169.495384018461,163.64125594271493,165.8070068359375,8257300.0,0.0,0.0,175.32000732421875,165.8070068359375
2022-01-27,167.11216912752536,168.5307783975907,161.37153778536444,162.57261657714844,3649900.0,0.0,0.0,171.89999389648438,162.57261657714844
2022-01-28,162.44022919010396,167.59452157664563,160.55821661385718,167.45265197753906,4271500.0,0.0,0.0,177.05999755859375,167.45265197753906
2022-01-31,166.3650216853577,170.35604311665185,165.71245918898032,170.0628662109375,5524300.0,0.0,0.0,179.82000732421875,170.0628662109375
2022-02-01,170.15742182907118,174.0538633265344,169.28734336026082,173.58099365234375,3471200.0,0.0,0.0,183.5399932861328,173.58099365234375
2022-02-02,172.60692521235902,174.5646130659252,171.78413639724087,174.1674041748047,2841400.0,0.0,0.0,184.16000366210938,174.1674041748047
2022-02-03,174.77264998851908,175.71838942089113,172.42722023687122,174.0538787841797,3380900.0,0.0,0.0,184.0399932861328,174.0538787841797
2022-02-04,174.8767038072314,178.4421315236525,174.18630354492103,175.7657012939453,4075800.0,0.0,0.0,185.85000610351562,175.7657012939453
2022-02-07,175.55763904823456,178.65966364893404,174.7253836180038,177.67608642578125,3260800.0,0.0,0.0,187.8699951171875,177.67608642578125
2022-02-08,177.874674004373,183.97469045124834,177.43017531711052,183.47344970703125,5133900.0,0.0,0.0,194.0,183.47344970703125
2022-02-09,183.75721107152995,187.9373784606694,183.75721107152995,185.74325561523438,4614200.0,0.0,0.0,196.39999389648438,185.74325561523438
2022-02-10,185.70540410240338,187.47393230482447,184.05036001924466,184.90151977539062,4511100.0,0.0,0.0,195.50999450683594,184.90151977539062
2022-02-11,184.82585492709927,186.49981780456272,180.11607647767414,181.40228271484375,4834900.0,0.0,0.0,191.80999755859375,181.40228271484375
2022-02-14,181.82785161265028,183.61529849909434,180.56056428169796,181.91297912597656,3841300.0,0.0,0.0,192.35000610351562,181.91297912597656
2022-02-15,184.0881737680774,187.5968733932432,183.64367508273958,187.23748779296875,4134300.0,0.0,0.0,197.97999572753906,187.23748779296875
2022-02-16,186.78355879748622,188.72232773699525,186.53767171265275,187.61581420898438,4122600.0,0.0,0.0,198.3800048828125,187.61581420898438
2022-02-17,185.01500683951855,186.67005081992997,183.72880065465097,185.09066772460938,3051700.0,0.0,0.0,195.7100067138672,185.09066772460938
2022-02-18,184.34351780562494,187.01996197673975,183.6625842990808,184.30569458007812,2806300.0,0.0,0.0,194.8800048828125,184.30569458007812
2022-02-22,184.589378422478,185.50674664216058,181.345499747537,181.99806213378906,3420600.0,0.0,0.0,192.44000244140625,181.99806213378906
2022-02-23,183.8044656148279,183.89903090015932,178.31917398625495,178.6974639892578,3562100.0,0.0,0.0,188.9499969482422,178.6974639892578
2022-02-24,170.67760373994673,178.2718905489162,169.334655420828,178.13003540039062,5886600.0,0.0,0.0,188.35000610351562,178.13003540039062
2022-02-25,179.36895565938383,183.7098964677295,179.17981064700064,183.19920349121094,5426200.0,0.0,0.0,193.7100067138672,183.19920349121094
2022-02-28,179.3406061368615,184.5421739708248,178.96230163588675,183.9841766357422,5787800.0,0.0,0.0,194.5399932861328,183.9841766357422
2022-03-01,184.10709377241528,184.2016734880928,167.1783636865102,168.3983612060547,8562500.0,0.0,0.0,178.05999755859375,168.3983612060547
2022-03-02,170.0344566571558,172.3515294086018,168.43616941601582,170.5262451171875,4058800.0,0.0,0.0,180.30999755859375,170.5262451171875
2022-03-03,172.2286323391127,173.49591988971855,169.03202799934405,170.12908935546875,3339900.0,0.0,0.0,179.88999938964844,170.12908935546875
2022-03-04,167.03647437171892,167.23508597883335,161.55119785082613,163.56561279296875,5348600.0,0.0,0.0,172.9499969482422,163.56561279296875
2022-03-07,160.89864721759056,161.49445322098376,150.44822406029542,150.49551391601562,7760400.0,0.0,0.0,159.1300048828125,150.49551391601562
2022-03-08,151.81008397456924,157.2669896148848,147.27053222419244,151.36558532714844,7058900.0,0.0,0.0,160.0500030517578,151.36558532714844
2022-03-09,158.9031563247126,161.46610231254041,157.6642398769981,159.49896240234375,4788200.0,0.0,0.0,168.64999389648438,159.49896240234375
2022-03-10,156.60500566038226,161.68363676083894,155.88624881107333,160.39743041992188,3840900.0,0.0,0.0,169.60000610351562,160.39743041992188
2022-03-11,162.43076047026517,162.96037228571714,158.53431831586317,158.78965759277344,3000000.0,0.0,0.0,167.89999389648438,158.78965759277344
2022-03-14,162.03352005059313,165.23012358235724,160.50142696416742,163.41429138183594,4614600.0,0.0,0.0,172.7899932861328,163.41429138183594
2022-03-15,164.17093222007173,168.62537204547075,163.9628683554808,166.4879913330078,3827300.0,0.0,0.0,176.0399932861328,166.4879913330078
2022-03-16,169.45758268130413,172.84333154324818,166.73386295932977,170.80999755859375,5239300.0,0.0,0.0,180.61000061035156,170.80999755859375
2022-03-17,170.4033264750839,177.5247577807385,170.2898423594179,176.8249053955078,6398900.0,0.0,0.0,186.97000122070312,176.8249053955078
2022-03-18,178.45159460660625,180.63625061664806,174.81049163597655,180.37144470214844,8744100.0,0.0,0.0,190.72000122070312,180.37144470214844
2022-03-21,180.41868345208977,181.10906907424524,177.3828540647761,178.829833984375,3166200.0,0.0,0.0,189.08999633789062,178.829833984375
2022-03-22,180.1633834444413,183.80448646749184,179.74725573542523,180.94834899902344,3007000.0,0.0,0.0,191.3300018310547,180.94834899902344
2022-03-23,178.58400910205185,179.33113703105292,175.13205092863026,175.92648315429688,3664600.0,0.0,0.0,186.02000427246094,175.92648315429688
2022-03-24,176.48443185270236,179.09466742883635,175.62380552632132,178.64071655273438,2424400.0,0.0,0.0,188.88999938964844,178.64071655273438
2022-03-25,180.07822721861226,180.8820969813692,178.74473131524059,179.9552764892578,1871900.0,0.0,0.0,190.27999877929688,179.9552764892578
2022-03-28,179.64320365871873,179.64320365871873,176.18179384651893,179.40676879882812,3043700.0,0.0,0.0,189.6999969482422,179.40676879882812
2022-03-29,181.89407558858613,183.4734587856069,180.03096766191464,180.57949829101562,2764100.0,0.0,0.0,190.94000244140625,180.57949829101562
2022-03-30,181.0050761859121,181.6765575576968,178.17730998176145,179.46351623535156,2278000.0,0.0,0.0,189.75999450683594,179.46351623535156
2022-03-31,179.24600652698678,180.74027667074205,176.79654468202037,176.85328674316406,3801600.0,0.0,0.0,187.0,176.85328674316406
2022-04-01,177.98814849321738,179.1419516916953,176.17233061467127,177.0140380859375,2647000.0,0.0,0.0,187.1699981689453,177.0140380859375
2022-04-04,177.43964036607488,178.27189574391514,175.51979033560758,177.47747802734375,2971400.0,0.0,0.0,187.66000366210938,177.47747802734375
2022-04-05,177.3167251660272,180.48494420981376,174.77268329913332,175.34011840820312,2974700.0,0.0,0.0,185.39999389648438,175.34011840820312
2022-04-06,174.47948166939918,174.8388528584353,171.86923147171802,173.74180603027344,3143300.0,0.0,0.0,183.7100067138672,173.74180603027344
2022-04-07,172.1579384475939,173.81768054318727,169.87223300271557,172.98306274414062,4062400.0,0.52,0.0,182.38999938964844,172.98306274414062
2022-04-08,173.56157004552634,177.08970803698267,172.54674954743007,174.2254638671875,3075600.0,0.0,0.0,183.6999969482422,174.2254638671875
2022-04-11,171.7216575694945,173.03048740008074,168.10816422519179,168.4116668701172,4816800.0,0.0,0.0,177.57000732421875,168.4116668701172
2022-04-12,167.46323342249025,170.00500280810755,165.69916419523278,166.48634338378906,4348900.0,0.0,0.0,175.5399932861328,166.48634338378906
2022-04-13,165.2439006652143,170.73528343689273,165.02576720893896,170.32745361328125,2980600.0,0.0,0.0,179.58999633789062,170.32745361328125
2022-04-14,170.0239467964386,173.05890020699238,169.4643657291526,171.81646728515625,2667100.0,0.0,0.0,181.16000366210938,171.81646728515625
2022-04-18,171.97774091967062,176.30255242801013,171.66475923527724,174.96527099609375,2182700.0,0.0,0.0,184.47999572753906,174.96527099609375
2022-04-19,175.46791079270594,178.38905831218713,175.18339518350408,177.51651000976562,2713800.0,0.0,0.0,187.1699981689453,177.51651000976562
2022-04-20,178.61667523732427,180.34279921398615,177.96226042932048,178.73997497558594,2256200.0,0.0,0.0,188.4600067138672,178.73997497558594
2022-04-21,181.09208020776765,182.4957436704876,175.06010301113662,176.1602783203125,3973200.0,0.0,0.0,185.74000549316406,176.1602783203125
2022-04-22,175.86629417045776,175.98011491639232,171.0198603542416,171.22850036621094,4373700.0,0.0,0.0,180.5399932861328,171.22850036621094
2022-04-25,170.6973418071942,174.75659523483625,168.80998737173618,174.6048583984375,4408900.0,0.0,0.0,184.10000610351562,174.6048583984375
2022-04-26,173.7986998383841,174.42466315823773,169.33161638354002,169.43594360351562,3728100.0,0.0,0.0,178.64999389648438,169.43594360351562
2022-04-27,168.49701845799353,170.15676052837142,166.44841905789457,168.46856689453125,4085800.0,0.0,0.0,177.6300048828125,168.46856689453125
2022-04-28,171.0482561301311,174.405670368076,168.4495694346414,172.59417724609375,2703200.0,0.0,0.0,181.97999572753906,172.59417724609375
2022-04-29,170.80166881871705,172.90717118412468,165.33875197624926,165.69915771484375,3210100.0,0.0,0.0,174.7100067138672,165.69915771484375
2022-05-02,165.64224776609174,165.86039570836346,158.87050090504763,162.76852416992188,3881800.0,0.0,0.0,171.6199951171875,162.76852416992188
2022-05-03,164.07731190690004,165.025735675148,161.5450221822937,163.23321533203125,3152300.0,0.0,0.0,172.11000061035156,163.23321533203125
2022-05-04,163.337607450111,168.98072821989828,162.37021076986622,168.64878845214844,2930400.0,0.0,0.0,177.82000732421875,168.64878845214844
2022-05-05,167.52961907030158,167.64342532223873,160.59664176828844,162.1899871826172,2987100.0,0.0,0.0,171.00999450683594,162.1899871826172
2022-05-06,160.4449039948278,161.2226187068534,156.49945624753454,158.52908325195312,3129800.0,0.0,0.0,167.14999389648438,158.52908325195312
2022-05-09,156.51841560694723,157.45736060105975,152.10824968170206,152.71524047851562,4485200.0,0.0,0.0,161.02000427246094,152.71524047851562
2022-05-10,154.99145017726661,156.233883316479,150.2208785585646,153.48345947265625,3014800.0,0.0,0.0,161.8300018310547,153.48345947265625
2022-05-11,153.38860488510983,156.43305220174375,150.8373420858455,151.16929626464844,2644300.0,0.0,0.0,159.38999938964844,151.16929626464844
2022-05-12,147.57480500379054,149.0543443770905,142.14981765382132,145.36497497558594,5314800.0,0.0,0.0,153.27000427246094,145.36497497558594
2022-05-13,147.91619019971532,151.8331708643204,147.84031455500389,150.56228637695312,3625100.0,0.0,0.0,158.75,150.56228637695312
2022-05-16,149.29143499410958,150.55284073252227,146.36080811730403,148.36196899414062,2811300.0,0.0,0.0,156.42999267578125,148.36196899414062
2022-05-17,152.76267178993385,154.3654963107503,150.23036678969453,153.50244140625,2928100.0,0.0,0.0,161.85000610351562,153.50244140625
2022-05-18,152.4970924890243,152.55401008679215,147.38508757727405,148.0489959716797,2697700.0,0.0,0.0,156.10000610351562,148.0489959716797
2022-05-19,145.64946616110814,148.3904106700158,145.34596356478605,146.05728149414062,2768300.0,0.0,0.0,154.0,146.05728149414062
2022-05-20,146.38926868587785,146.81605664544472,141.98858134869684,145.33651733398438,2982500.0,0.0,0.0,153.24000549316406,145.33651733398438
2022-05-23,148.53270806708676,151.3305564407818,147.97314128670857,150.83737182617188,2726600.0,0.0,0.0,159.0399932861328,150.83737182617188
2022-05-24,149.1776293280689,149.82256528034486,145.0330203918134,147.60325622558594,2817800.0,0.0,0.0,155.6300048828125,147.60325622558594
2022-05-25,149.03535249370017,153.4170669106761,148.02054630013924,152.23153686523438,4381000.0,0.0,0.0,160.50999450683594,152.23153686523438
2022-05-26,154.30857584494282,158.16866831979684,154.30857584494282,156.8408660888672,2463900.0,0.0,0.0,165.3699951171875,156.8408660888672
2022-05-27,158.4626895470215,160.9285833556031,157.476320446147,160.85272216796875,2157500.0,0.0,0.0,169.60000610351562,160.85272216796875
2022-05-31,159.27835816974044,161.97187935189666,158.42476772966822,160.11297607421875,4123500.0,0.0,0.0,168.82000732421875,160.11297607421875
2022-06-01,159.99913875269945,160.6345811471058,155.38979716372233,157.2107696533203,2276400.0,0.0,0.0,165.75999450683594,157.2107696533203
2022-06-02,157.57118571575094,160.46388223114576,157.372010279168,160.4164581298828,1707000.0,0.0,0.0,169.13999938964844,160.4164581298828
2022-06-03,158.29198336082803,159.3731863028096,157.41943488763272,158.22560119628906,1390700.0,0.0,0.0,166.8300018310547,158.22560119628906
2022-06-06,160.37850058988812,161.47866140663157,157.69445899350077,158.40577697753906,1486000.0,0.0,0.0,167.02000427246094,158.40577697753906
2022-06-07,156.14854915506464,160.73891849956894,155.96834625375578,159.9896697998047,2083100.0,0.0,0.0,168.69000244140625,159.9896697998047
2022-06-08,158.1497155756685,159.94223651066753,156.67017632415224,157.4004669189453,2313900.0,0.0,0.0,165.9600067138672,157.4004669189453
2022-06-09,157.6470388530584,157.97899304265363,152.6298677756319,152.6772918701172,2273800.0,0.0,0.0,160.97999572753906,152.6772918701172
2022-06-10,149.1491791168581,149.73721194053226,146.3987548245201,146.45565795898438,2733300.0,0.0,0.0,154.4199981689453,146.45565795898438
2022-06-13,142.13081454961926,143.24046884093437,137.881879281098,138.74493408203125,4156500.0,0.0,0.0,146.2899932861328,138.74493408203125
2022-06-14,138.42245331471136,139.7976649561731,135.86171190098966,137.14208984375,3574800.0,0.0,0.0,144.60000610351562,137.14208984375
2022-06-15,139.1243494027423,140.26245555811002,136.0419707263937,138.6785888671875,3327800.0,0.0,0.0,146.22000122070312,138.6785888671875
2022-06-16,135.23580081476405,135.24529431855137,129.4504219800911,130.4083251953125,4815100.0,0.0,0.0,137.5,130.4083251953125
2022-06-17,130.88252065302285,138.0526042515696,130.49366331408194,136.7437744140625,10033600.0,0.0,0.0,144.17999267578125,136.7437744140625
2022-06-21,141.03066232920705,141.03066232920705,136.72482323536815,137.2938690185547,3518800.0,0.0,0.0,144.75999450683594,137.2938690185547
2022-06-22,134.8943479756319,138.80186488496824,134.050251153782,136.9429473876953,3419000.0,0.0,0.0,144.38999938964844,136.9429473876953
2022-06-23,137.06625582332026,137.17058305383117,132.27671119463466,134.34426879882812,3915000.0,0.0,0.0,141.64999389648438,134.34426879882812
2022-06-24,134.32528633966,138.72597281245987,133.7277746305473,138.61215209960938,8957200.0,0.0,0.0,146.14999389648438,138.61215209960938
2022-06-27,140.35731059048487,141.09708035102472,136.52566849926265,136.84812927246094,3151500.0,0.0,0.0,144.2899932861328,136.84812927246094
2022-06-28,138.5457836832767,141.79887115135878,134.53395409878237,134.85641479492188,2649300.0,0.0,0.0,142.19000244140625,134.85641479492188
2022-06-29,134.34429134968858,134.37274291989436,131.3093365960235,132.2767333984375,4164900.0,0.0,0.0,139.47000122070312,132.2767333984375
2022-06-30,130.1347375566888,133.15249095083902,127.85000761646135,131.9625244140625,4123500.0,0.52,0.0,138.6199951171875,131.9625244140625
2022-07-01,131.43900350163173,134.12356153234293,130.86781352439212,133.65708923339844,2625300.0,0.0,0.0,140.39999389648438,133.65708923339844
2022-07-05,130.62978124319918,132.9430694580078,129.13517614562997,132.9430694580078,4057000.0,0.0,0.0,139.64999389648438,132.9430694580078
2022-07-06,132.60037057192426,133.75226479539305,131.229541056256,131.51512145996094,4401300.0,0.0,0.0,138.14999389648438,131.51512145996094
2022-07-07,133.44759189806743,135.34202373429162,132.46706069577937,134.25677490234375,4258000.0,0.0,0.0,141.02999877929688,134.25677490234375
2022-07-08,134.9327226985831,136.2369216832148,133.00973225281888,134.95175170898438,3631800.0,0.0,0.0,141.75999450683594,134.95175170898438
2022-07-11,133.7236972677426,135.47532474068078,133.12394941058943,133.8284149169922,2373600.0,0.0,0.0,140.5800018310547,133.8284149169922
2022-07-12,130.92490094069353,135.07550555843727,130.47747227924702,132.4956512451172,4047400.0,0.0,0.0,139.17999267578125,132.4956512451172
2022-07-13,130.26799873538002,133.29528082165115,129.81105570336146,132.70504760742188,2753800.0,0.0,0.0,139.39999389648438,132.70504760742188
2022-07-14,129.1827702367,130.6488172116095,127.67865072229387,129.92530822753906,4600200.0,0.0,0.0,136.47999572753906,129.92530822753906
2022-07-15,133.00020548714028,136.23690912436484,132.20053681917727,135.6371612548828,3296600.0,0.0,0.0,142.47999572753906,135.6371612548828
2022-07-18,137.40781524883522,139.03569589574394,134.72325824065393,135.49435424804688,3330300.0,0.0,0.0,142.3300018310547,135.49435424804688
2022-07-19,137.4649426919768,140.8254073762527,137.4649426919768,140.6826171875,3372300.0,0.0,0.0,147.77999877929688,140.6826171875
2022-07-20,139.81634172140525,141.93925306118,139.3403549767681,141.77740478515625,2802300.0,0.0,0.0,148.92999267578125,141.77740478515625
2022-07-21,141.09197211533203,143.1101509049486,139.41648977591288,142.96734619140625,4683000.0,0.0,0.0,150.17999267578125,142.96734619140625
2022-07-22,151.37329398204514,153.1534942220999,145.29018418033544,145.6614532470703,9298400.0,0.0,0.0,153.00999450683594,145.6614532470703
2022-07-25,146.84192118570687,147.3464660089032,143.94792796348716,146.4040069580078,4213800.0,0.0,0.0,153.7899932861328,146.4040069580078
2022-07-26,145.39488747088066,146.12791102668746,141.6917116747607,142.63417053222656,2812700.0,0.0,0.0,149.8300018310547,142.63417053222656
2022-07-27,144.31915924800396,145.38536470424913,140.1971130828248,144.34771728515625,5029100.0,0.0,0.0,151.6300048828125,144.34771728515625
2022-07-28,144.47148214353942,145.31873791306677,140.45415311698187,144.83323669433594,3587900.0,0.0,0.0,152.13999938964844,144.83323669433594
2022-07-29,145.0521602183372,146.9656357575313,144.02402735980584,146.6229248046875,3197900.0,0.0,0.0,154.02000427246094,146.6229248046875
2022-08-01,145.4996075276036,147.33692369963705,144.5095616064486,145.96607971191406,2295600.0,0.0,0.0,153.3300018310547,145.96607971191406
2022-08-02,144.71897986034816,145.93750447787372,143.59564385377845,144.31915283203125,2562900.0,0.0,0.0,151.60000610351562,144.31915283203125
2022-08-03,146.67055528263643,148.54592960078585,145.9470461696014,147.96522521972656,2609300.0,0.0,0.0,155.42999267578125,147.96522521972656
2022-08-04,148.52687573624777,150.13571290927052,147.8033667442842,149.33604431152344,3693300.0,0.0,0.0,156.8699951171875,149.33604431152344
2022-08-05,148.96478114184808,150.4498571978467,148.5078380152239,149.9453125,2513600.0,0.0,0.0,157.50999450683594,149.9453125
2022-08-08,151.36379027624733,153.067816492336,149.40272714147648,149.7263946533203,3080700.0,0.0,0.0,157.27999877929688,149.7263946533203
2022-08-09,150.0690777929243,151.30664604882784,149.71685230295228,151.17337036132812,2997900.0,0.0,0.0,158.8000030517578,151.17337036132812
2022-08-10,154.00072941771188,156.3235466633904,153.8769682367004,154.6385498046875,3225400.0,0.0,0.0,162.44000244140625,154.6385498046875
2022-08-11,156.46635410691957,156.99945690551144,154.39104446844487,155.1621551513672,1968200.0,0.0,0.0,162.99000549316406,155.1621551513672
2022-08-12,156.57106053739025,158.02757862407748,155.43820990864225,157.87525939941406,1942600.0,0.0,0.0,165.83999633789062,157.87525939941406
2022-08-15,156.39018484939544,158.08469629445528,155.89515462723253,157.45639038085938,1852800.0,0.0,0.0,165.39999389648438,157.45639038085938
2022-08-16,157.07561696352784,158.00854686367828,156.08557098136276,157.4088134765625,1876000.0,0.0,0.0,165.35000610351562,157.4088134765625
2022-08-17,155.45726702934812,156.58058872600148,154.41009042572037,156.0284423828125,1804100.0,0.0,0.0,163.89999389648438,156.0284423828125
2022-08-18,156.05697917146463,157.0660830911541,155.49531839962808,156.74240112304688,1397700.0,0.0,0.0,164.64999389648438,156.74240112304688
2022-08-19,155.64766249636375,156.0570041163999,154.2292167953379,154.44818115234375,1895400.0,0.0,0.0,162.24000549316406,154.44818115234375
2022-08-22,151.34469949470582,151.5446202637098,149.44075304154222,150.1261749267578,1969300.0,0.0,0.0,157.6999969482422,150.1261749267578
2022-08-23,150.411776646556,151.93493968880358,149.6501951254322,149.77395629882812,2885200.0,0.0,0.0,157.3300018310547,149.77395629882812
2022-08-24,149.488368538052,151.89685986366115,148.78390305539114,151.48751831054688,2029200.0,0.0,0.0,159.1300048828125,151.48751831054688
2022-08-25,152.31573269324736,154.533832293708,151.15432406938453,154.43862915039062,1936300.0,0.0,0.0,162.22999572753906,154.43862915039062
2022-08-26,155.37156435930174,155.73330432557924,149.64068118556517,149.75491333007812,2373700.0,0.0,0.0,157.30999755859375,149.75491333007812
2022-08-29,148.39362111871682,148.99335449469623,146.99421903149553,147.1179656982422,2693600.0,0.0,0.0,154.5399932861328,147.1179656982422
2022-08-30,148.16512275310856,148.62206586651573,145.5567107007384,147.23219299316406,2104500.0,0.0,0.0,154.66000366210938,147.23219299316406
2022-08-31,148.08900525223612,148.8601015147165,144.5476624330224,144.69998168945312,3271600.0,0.0,0.0,152.0,144.69998168945312
2022-09-01,143.57661054435584,144.10018420382048,140.558842600904,143.85267639160156,2425200.0,0.0,0.0,151.11000061035156,143.85267639160156
2022-09-02,146.10886865156533,146.58485533621098,141.77738691609758,142.59608459472656,2028500.0,0.0,0.0,149.7899932861328,142.59608459472656
2022-09-06,142.7960138212175,144.04309668443562,139.51170840852186,141.4632568359375,2797600.0,0.0,0.0,148.60000610351562,141.4632568359375
2022-09-07,141.27285417075743,145.36634291098292,141.25382516044996,144.93795776367188,1766400.0,0.0,0.0,152.25,144.93795776367188
2022-09-08,143.6717907977904,146.3087605776104,142.32950512574897,146.1469268798828,3399200.0,0.0,0.0,153.52000427246094,146.1469268798828
2022-09-09,147.0322642374469,150.97343287602993,146.88947406161228,150.8306427001953,3543500.0,0.0,0.0,158.44000244140625,150.8306427001953
2022-09-12,151.83976773013555,155.60006001324427,151.68744848944178,154.64808654785156,4146300.0,0.0,0.0,162.4499969482422,154.64808654785156
2022-09-13,150.54509897580343,152.13489308610832,147.40358330636644,147.88909912109375,3519800.0,0.0,0.0,155.35000610351562,147.88909912109375
2022-09-14,148.67917984246205,149.99290761667888,146.12789842547457,148.79342651367188,2840200.0,0.0,0.0,156.3000030517578,148.79342651367188
2022-09-15,148.91718744618217,151.1638451826767,148.41264272165236,148.63160705566406,2371600.0,0.0,0.0,156.1300048828125,148.63160705566406
2022-09-16,146.68004641105657,146.68004641105657,143.28149478994231,145.7280731201172,6527200.0,0.0,0.0,153.0800018310547,145.7280731201172
2022-09-19,143.98596392262843,148.01280697861728,143.4623756940814,147.89857482910156,2472500.0,0.0,0.0,155.36000061035156,147.89857482910156
2022-09-20,146.20408987783588,147.1655778703676,144.8237312268665,146.10888671875,1725900.0,0.0,0.0,153.47999572753906,146.10888671875
2022-09-21,147.24173152329033,147.37500722502998,141.52037632766027,141.56797790527344,2599900.0,0.0,0.0,148.7100067138672,141.56797790527344
2022-09-22,141.6727170989946,141.73934769701086,135.6276789723646,136.16078186035156,3249400.0,0.0,0.0,143.02999877929688,136.16078186035156
2022-09-23,134.01880338910252,135.1421394649089,131.45799282341835,133.52377319335938,3035600.0,0.0,0.0,140.25999450683594,133.52377319335938
2022-09-26,133.31431612665517,134.5042825872921,130.13472923006316,130.8487091064453,3808700.0,0.0,0.0,137.4499969482422,130.8487091064453
2022-09-27,132.74318622701452,133.63804363485107,129.56359824569284,130.8868408203125,2828700.0,0.0,0.0,137.49000549316406,130.8868408203125
2022-09-28,131.84830916851757,134.39959077780108,129.96340600001997,133.8093719482422,5269500.0,0.0,0.0,140.55999755859375,133.8093719482422
2022-09-29,131.74359891088892,132.2767016934298,129.31606382342613,131.1724090576172,2280700.0,0.0,0.0,137.7899932861328,131.1724090576172
2022-09-30,130.8011449269028,132.01015526372348,128.15465992413507,128.4307403564453,3717200.0,0.0,0.0,134.91000366210938,128.4307403564453
2022-10-03,131.32471167362053,134.0092833080039,128.44023378405683,133.29530334472656,2677100.0,0.0,0.0,140.02000427246094,133.29530334472656
2022-10-04,136.16075709459443,138.55973418015924,136.16075709459443,138.47406005859375,2408800.0,0.0,0.0,145.4600067138672,138.47406005859375
2022-10-05,136.05601256846063,138.3121844798966,135.2563585398452,137.43637084960938,2073800.0,0.0,0.0,144.3699951171875,137.43637084960938
2022-10-06,136.17978203106634,138.09324311449967,135.30396834743695,135.54196166992188,2526000.0,0.0,0.0,142.3800048828125,135.54196166992188
2022-10-07,133.67606462229867,134.5042765936898,131.44845099348018,132.3242645263672,2579600.0,0.0,0.0,139.0,132.3242645263672
2022-10-10,133.28577116741207,133.63801115196242,130.0871404264344,130.9058380126953,2893400.0,0.0,0.0,137.50999450683594,130.9058380126953
2022-10-11,129.82061088577208,132.52422644348187,128.88768099965424,130.75355529785156,2588700.0,0.0,0.0,137.35000610351562,130.75355529785156
2022-10-12,130.71546886207798,131.8007179871957,129.573103655527,130.1728515625,2397400.0,0.0,0.0,136.74000549316406,130.1728515625
2022-10-13,125.51902827079903,136.22182742005347,124.85009147657449,135.26622009277344,5232300.0,0.52,0.0,141.5500030517578,135.26622009277344
2022-10-14,136.61364293073655,137.4928000057693,130.09639333910337,130.7366485595703,3871900.0,0.0,0.0,136.80999755859375,130.7366485595703
2022-10-17,134.33930828660976,135.9065040521967,133.87105534770734,135.25668334960938,3139300.0,0.0,0.0,141.5399932861328,135.25668334960938
2022-10-18,139.64290920398122,140.52206623184065,137.1774404473833,139.50912475585938,3963300.0,0.0,0.0,145.99000549316406,139.50912475585938
2022-10-19,138.97395958971856,140.5411695254752,136.2696038217148,137.5787811279297,2803900.0,0.0,0.0,143.97000122070312,137.5787811279297
2022-10-20,137.60745655739558,140.78007991599048,135.8395771510036,136.09759521484375,4319300.0,0.0,0.0,142.4199981689453,136.09759521484375
2022-10-21,134.73111152791307,135.04646376404304,126.34087854217321,133.82327270507812,11755400.0,0.0,0.0,140.0399932861328,133.82327270507812
2022-10-24,135.02732969030103,137.40678280453366,134.13860721837142,135.34268188476562,4299600.0,0.0,0.0,141.6300048828125,135.34268188476562
2022-10-25,136.15491273750308,140.8947309685159,135.3139882985528,140.49337768554688,3889100.0,0.0,0.0,147.02000427246094,140.49337768554688
2022-10-26,141.00940984209143,142.86329032380047,139.96780139211182,140.35960388183594,3559100.0,0.0,0.0,146.8800048828125,140.35960388183594
2022-10-27,141.8503616896006,143.0639871438782,139.91047987649986,140.44561767578125,2101300.0,0.0,0.0,146.97000122070312,140.44561767578125
2022-10-28,140.05383486084972,144.2107333775947,139.56648027822027,143.7615966796875,3383100.0,0.0,0.0,150.44000244140625,143.7615966796875
2022-10-31,143.34110337544567,143.6277884984788,141.735690016718,141.8599090576172,3042900.0,0.0,0.0,148.4499969482422,141.8599090576172
2022-11-01,143.3028582842899,143.94311334134855,140.12068464387002,140.5507049560547,2675500.0,0.0,0.0,147.0800018310547,140.5507049560547
2022-11-02,140.07294188767918,142.41417722585075,137.00543555479743,137.12966918945312,2851600.0,0.0,0.0,143.5,137.12966918945312
2022-11-03,134.82663602566564,135.8873607557289,132.609634580439,133.1256561279297,3960500.0,0.0,0.0,139.30999755859375,133.1256561279297
2022-11-04,136.07850059432448,139.86271266639963,134.7406559423557,138.29551696777344,3322100.0,0.0,0.0,144.72000122070312,138.29551696777344
2022-11-07,139.70979708228504,140.99030748150196,137.3781127246593,140.45516967773438,2918000.0,0.0,0.0,146.97999572753906,140.45516967773438
2022-11-08,140.89475542458152,144.62161840005453,140.60807029229633,143.5322265625,3846000.0,0.0,0.0,150.1999969482422,143.5322265625
2022-11-09,142.83466206121628,142.83466206121628,139.19379961864328,139.38491821289062,2425500.0,0.0,0.0,145.86000061035156,139.38491821289062
2022-11-10,146.0072520545568,148.87407432964767,144.59295714830736,147.8802490234375,4701600.0,0.0,0.0,154.75,147.8802490234375
2022-11-11,149.54300042972156,151.82690142791563,147.83245509643413,148.01402282714844,3714600.0,0.0,0.0,154.88999938964844,148.01402282714844
2022-11-14,146.56146421782148,149.55251926925717,146.2652283337639,147.28773498535156,3666500.0,0.0,0.0,154.1300048828125,147.28773498535156
2022-11-15,149.99213213102993,150.36481840448178,145.55811472678272,147.05841064453125,2916900.0,0.0,0.0,153.88999938964844,147.05841064453125
2022-11-16,147.36422313602077,148.98875279495624,145.10898909540307,145.79702758789062,2635300.0,0.0,0.0,152.57000732421875,145.79702758789062
2022-11-17,143.34112479681875,144.35406641235681,142.59575211438835,143.9527130126953,2769600.0,0.0,0.0,150.63999938964844,143.9527130126953
2022-11-18,145.49123119917073,146.93419316898056,144.23938779905438,145.73013305664062,2631300.0,0.0,0.0,152.5,145.73013305664062
2022-11-21,145.49124456940478,146.6475360816404,145.14722527977725,146.02638244628906,2003500.0,0.0,0.0,152.80999755859375,146.02638244628906
2022-11-22,147.25910124244086,148.2624773137192,146.48504702596975,147.71778869628906,2124600.0,0.0,0.0,154.5800018310547,147.71778869628906
2022-11-23,147.0010971728661,148.10960532488383,146.093273003067,147.09664916992188,1404400.0,0.0,0.0,153.92999267578125,147.09664916992188
2022-11-25,146.7048315857163,147.612655572299,146.37036320999178,147.30685424804688,665800.0,0.0,0.0,154.14999389648438,147.30685424804688
2022-11-28,145.91169783769567,146.95330641556916,143.69468164632747,144.1724853515625,1782900.0,0.0,0.0,150.8699951171875,144.1724853515625
2022-11-29,144.25850213161135,147.61267891703028,143.84758335983759,147.5648956298828,2655700.0,0.0,0.0,154.4199981689453,147.5648956298828
2022-11-30,147.0106194529575,150.59414672851562,144.7553857042832,150.59414672851562,3914700.0,0.0,0.0,157.58999633789062,150.59414672851562
2022-12-01,150.71842880400695,151.81737168931534,147.88027312263608,150.50819396972656,2670300.0,0.0,0.0,157.5,150.50819396972656
2022-12-02,148.32936488230976,150.29791356883408,148.11913011176733,149.79144287109375,2285400.0,0.0,0.0,156.75,149.79144287109375
2022-12-05,149.0365616171404,152.37162267265137,148.64475901762316,149.15122985839844,3013100.0,0.0,0.0,156.0800018310547,149.15122985839844
2022-12-06,148.83584915951886,151.3108687695991,146.51373022949437,147.83245849609375,3285100.0,0.0,0.0,154.6999969482422,147.83245849609375
2022-12-07,147.69866906885733,150.02080250203585,147.45976723235069,147.89935302734375,2879800.0,0.0,0.0,154.77000427246094,147.89935302734375
2022-12-08,148.96964274699315,149.47611352200965,146.63795826805782,147.27821350097656,1632400.0,0.0,0.0,154.1199951171875,147.27821350097656
2022-12-09,147.1539783882858,148.25292098815103,145.84478642733652,147.06796264648438,1761200.0,0.0,0.0,153.89999389648438,147.06796264648438
2022-12-12,147.41197864549653,150.75660423626417,147.1635259937758,150.3265838623047,2773900.0,0.0,0.0,157.30999755859375,150.3265838623047
2022-12-13,153.48967248444453,154.37839504467735,149.22767118613848,150.5272979736328,3110500.0,0.0,0.0,157.52000427246094,150.5272979736328
2022-12-14,150.57508522128856,151.57846146079248,147.01065864239627,147.2686767578125,3556200.0,0.0,0.0,154.11000061035156,147.2686767578125
2022-12-15,144.91785741792907,145.5198947503034,139.967818049466,143.5513458251953,4282200.0,0.0,0.0,150.22000122070312,143.5513458251953
2022-12-16,141.9937243080751,141.9937243080751,137.75082439468804,139.80538940429688,4510600.0,0.0,0.0,146.3000030517578,139.80538940429688
2022-12-19,139.55690634832803,140.22584323213042,137.28257052020274,138.5726318359375,2546000.0,0.0,0.0,145.00999450683594,138.5726318359375
2022-12-20,138.55353672802372,139.99649880427435,137.8463819284408,139.2320098876953,1607800.0,0.0,0.0,145.6999969482422,139.2320098876953
2022-12-21,140.53160701999965,141.21964544160684,139.87223565084193,140.56983947753906,2107100.0,0.0,0.0,147.10000610351562,140.56983947753906
2022-12-22,139.56645337913872,140.1875923107022,136.38427922237656,138.8592987060547,2901100.0,0.0,0.0,145.30999755859375,138.8592987060547
2022-12-23,138.78283259471687,140.6080458859926,138.10435963353436,140.49337768554688,1671800.0,0.0,0.0,147.02000427246094,140.49337768554688
2022-12-27,140.75139819225228,141.29610137319244,139.2033189730089,139.891357421875,1858500.0,0.0,0.0,146.38999938964844,139.891357421875
2022-12-28,139.71936764777283,140.3022887587052,137.55013471608524,137.6170196533203,1490200.0,0.0,0.0,144.00999450683594,137.6170196533203
2022-12-29,138.63953951578856,141.0667761791346,137.98971882564481,140.7801055908203,1758500.0,0.0,0.0,147.32000732421875,140.7801055908203
2022-12-30,139.52824720572966,141.36301187410726,139.26067826959624,141.19100952148438,2247200.0,0.0,0.0,147.75,141.19100952148438
2023-01-03,142.90149592361226,143.7711019851999,139.26063478256228,140.58892822265625,2762200.0,0.0,0.0,147.1199951171875,140.58892822265625
2023-01-04,141.9650183257377,145.214091898492,141.9650183257377,143.85711669921875,2620400.0,0.0,0.0,150.5399932861328,143.85711669921875
2023-01-05,141.11463376815172,142.61054623541168,140.02146583961914,140.41461181640625,2505700.0,0.52,0.0,146.42999267578125,140.41461181640625
2023-01-06,141.67079359018533,144.25027514385587,139.50362582848874,144.00096130371094,3077400.0,0.0,0.0,150.1699981689453,144.00096130371094
2023-01-09,145.1325125837951,146.18731554829017,143.93386287508173,144.22152709960938,3219400.0,0.0,0.0,150.39999389648438,144.22152709960938
2023-01-10,144.32703289914397,145.9284274208874,143.14756548625883,145.75582885742188,2198400.0,0.0,0.0,152.0,145.75582885742188
2023-01-11,146.04349363812855,147.77913619647887,146.01472721366628,147.59693908691406,3113600.0,0.0,0.0,153.9199981689453,147.59693908691406
2023-01-12,148.4024164950048,149.35175232302066,146.1393652806266,148.55584716796875,3322400.0,0.0,0.0,154.9199981689453,148.55584716796875
2023-01-13,146.94486100111396,149.83120404839906,146.04347413644624,149.361328125,2391300.0,0.0,0.0,155.75999450683594,149.361328125
2023-01-17,149.1503278202309,149.68733501388894,147.06947432763693,147.43386840820312,3073400.0,0.0,0.0,153.75,147.43386840820312
2023-01-18,148.1434864696824,148.40238421304244,144.14479370410353,144.2406768798828,2762400.0,0.0,0.0,150.4199981689453,144.2406768798828
2023-01-19,140.5871910843677,141.92008862877887,138.2761915348931,140.8173370361328,3852300.0,0.0,0.0,146.85000610351562,140.8173370361328
2023-01-20,141.8817708975232,145.54483668871217,141.65162489285925,145.3722381591797,3954800.0,0.0,0.0,151.60000610351562,145.3722381591797
2023-01-23,145.7557753525771,148.69006691001016,145.3242644703578,147.67361450195312,3608700.0,0.0,0.0,154.0,147.67361450195312
2023-01-24,146.63802006149268,150.233969458661,146.38870617079303,148.9490203857422,2348500.0,0.0,0.0,155.3300018310547,148.9490203857422
2023-01-25,147.18456383961373,150.60789895106208,147.06948354635563,150.32981872558594,2916500.0,0.0,0.0,156.77000427246094,150.32981872558594
2023-01-26,151.17370270533485,151.72987795285172,147.95173154755253,149.47642517089844,3640300.0,0.0,0.0,155.8800048828125,149.47642517089844
2023-01-27,159.94783276188915,168.32878282646783,158.701234039418,165.23147583007812,13997300.0,0.0,0.0,172.30999755859375,165.23147583007812
2023-01-30,167.609582079264,170.55347283020782,165.42324614918817,165.5670928955078,10240700.0,0.0,0.0,172.66000366210938,165.5670928955078
2023-01-31,165.80681288417526,168.1082143675456,164.83829459909427,167.7438201904297,5170900.0,0.0,0.0,174.92999267578125,167.7438201904297
2023-02-01,166.25747993931716,167.92599062878068,164.86703485549563,166.47802734375,3725200.0,0.0,0.0,173.61000061035156,166.47802734375
2023-02-02,167.00546263436746,168.0219152006392,164.05198812877467,166.0177764892578,6895500.0,0.0,0.0,173.1300048828125,166.0177764892578
2023-02-03,164.5122436381422,172.98908935972514,164.17663055853072,171.51235961914062,5305100.0,0.0,0.0,178.86000061035156,171.51235961914062
2023-02-06,169.4794615261442,170.4479650898127,168.4725929831894,169.23013305664062,3397800.0,0.0,0.0,176.47999572753906,169.23013305664062
2023-02-07,167.85891164288256,171.67540829824392,167.57123278038793,171.3589630126953,3526300.0,0.0,0.0,178.6999969482422,171.3589630126953
2023-02-08,172.365811459845,172.70143919863983,170.572636351083,171.64662170410156,2926500.0,0.0,0.0,179.0,171.64662170410156
2023-02-09,171.79048604645675,174.60012882819558,171.14801149990524,172.00144958496094,3557900.0,0.0,0.0,179.3699951171875,172.00144958496094
2023-02-10,171.2343093812871,172.34664518789438,169.23975451516228,171.88636779785156,2586200.0,0.0,0.0,179.25,171.88636779785156
2023-02-13,171.8767665569494,173.92885406115698,170.9561972376255,173.8809051513672,3102400.0,0.0,0.0,181.3300018310547,173.8809051513672
2023-02-14,172.9028092546565,174.66721799597536,171.44524720958924,173.58364868164062,2325900.0,0.0,0.0,181.02000427246094,173.58364868164062
2023-02-15,171.5698918110072,173.3151324934747,171.1671473378113,173.2480010986328,1501200.0,0.0,0.0,180.6699981689453,173.2480010986328
2023-02-16,172.10688722967453,172.49046385223022,170.3808290080539,170.63015747070312,1899100.0,0.0,0.0,177.94000244140625,170.63015747070312
2023-02-17,168.81781461899482,170.313726996658,167.48491683305613,170.01646423339844,2355300.0,0.0,0.0,177.3000030517578,170.01646423339844
2023-02-21,167.92603675698032,169.24935081098602,166.19999276022304,166.35340881347656,2713300.0,0.0,0.0,173.47999572753906,166.35340881347656
2023-02-22,166.43010177414013,168.7890506881361,165.82597767734592,167.5232696533203,2468800.0,0.0,0.0,174.6999969482422,167.5232696533203
2023-02-23,168.04111878447893,169.34525035801946,165.7588848727941,167.94522094726562,2575300.0,0.0,0.0,175.13999938964844,167.94522094726562
2023-02-24,166.55474321928992,167.75339268729454,165.11636385768438,167.09173583984375,1667400.0,0.0,0.0,174.25,167.09173583984375
2023-02-27,168.31917295652525,168.47260361945214,165.96982262927636,166.1807861328125,1909000.0,0.0,0.0,173.3000030517578,166.1807861328125
2023-02-28,166.8616208629724,168.13698588961626,166.4492923927405,166.8424530029297,2301400.0,0.0,0.0,173.99000549316406,166.8424530029297
2023-03-01,166.382147237459,169.92056317285025,165.90268740083584,168.68356323242188,2566500.0,0.0,0.0,175.91000366210938,168.68356323242188
2023-03-02,166.8903947478334,168.60686937543736,165.5670953799545,168.13699340820312,1795000.0,0.0,0.0,175.33999633789062,168.13699340820312
2023-03-03,168.7794509857206,172.0206042511847,168.03149479091402,171.73292541503906,2875600.0,0.0,0.0,179.08999633789062,171.73292541503906
2023-03-06,171.2247027380037,173.10419182590132,171.12881954524542,171.70416259765625,2730700.0,0.0,0.0,179.05999755859375,171.70416259765625
2023-03-07,171.33016985766682,171.55071727732116,167.8876518710846,168.1177978515625,2906400.0,0.0,0.0,175.32000732421875,168.1177978515625
2023-03-08,168.60688435811852,168.98086252626626,166.4397306955132,167.64796447753906,2101400.0,0.0,0.0,174.8300018310547,167.64796447753906
2023-03-09,172.2219693962243,172.86444378501199,164.89582409357416,165.0492401123047,4349400.0,0.0,0.0,172.1199951171875,165.0492401123047
2023-03-10,163.8122685479849,163.8122685479849,158.06833377111528,158.89300537109375,5104300.0,0.0,0.0,165.6999969482422,158.89300537109375
2023-03-13,154.85594096627287,155.33540079567024,150.95313093164074,151.15451049804688,6123200.0,0.0,0.0,157.6300048828125,151.15451049804688
2023-03-14,154.86554401477713,157.56970480976656,154.2710184351502,157.17654418945312,5284000.0,0.0,0.0,163.91000366210938,157.17654418945312
2023-03-15,151.4230229072602,153.38881134287126,149.52435124627453,153.24496459960938,6100800.0,0.0,0.0,159.80999755859375,153.24496459960938
2023-03-16,151.56686778620633,155.26829895918198,149.6873930910116,154.12718200683594,4737300.0,0.0,0.0,160.72999572753906,154.12718200683594
2023-03-17,151.72026357843632,152.13259199205658,148.53664341394034,150.09010314941406,7447200.0,0.0,0.0,156.52000427246094,150.09010314941406
2023-03-20,151.86410760934714,154.08880832793292,151.09698355792773,152.2189178466797,3054300.0,0.0,0.0,158.74000549316406,152.2189178466797
2023-03-21,156.24635964083325,157.80940324780644,155.0572940870188,157.7998046875,3986800.0,0.0,0.0,164.55999755859375,157.7998046875
2023-03-22,157.8669521537382,159.9190396908499,155.82444854595693,156.06417846679688,4367300.0,0.0,0.0,162.75,156.06417846679688
2023-03-23,155.98746172727405,159.41081198928305,154.21346910825474,156.07376098632812,3727500.0,0.0,0.0,162.75999450683594,156.07376098632812
2023-03-24,153.9257923598076,154.1079894415751,151.33671212952166,153.2161865234375,2588700.0,0.0,0.0,159.77999877929688,153.2161865234375
2023-03-27,157.21488093207003,157.7135232699831,155.18197586266388,156.41897583007812,3984300.0,0.0,0.0,163.1199951171875,156.41897583007812
2023-03-28,155.54639143643155,155.9107710206356,151.69152963839625,152.6696319580078,4883700.0,0.0,0.0,159.2100067138672,152.6696319580078
2023-03-29,155.05734714823765,157.44506300130686,154.4628214838573,156.8697052001953,3884800.0,0.0,0.0,163.58999633789062,156.8697052001953
2023-03-30,157.22450311412297,158.18342295235217,155.1628166827568,155.73817443847656,2644800.0,0.0,0.0,162.41000366210938,155.73817443847656
2023-03-31,156.94638159287183,158.2984618475092,155.1052575710468,158.17379760742188,3594300.0,0.0,0.0,164.9499969482422,158.17379760742188
2023-04-03,157.3683251650093,158.45190919508133,155.99706227548978,157.0518798828125,2704400.0,0.0,0.0,163.77999877929688,157.0518798828125
2023-04-04,158.2313234420744,158.4039365847041,154.2230463977427,155.88197326660156,2063500.0,0.0,0.0,162.55999755859375,155.88197326660156
2023-04-05,154.5345140707953,155.53549325342343,154.17840410248098,155.03500366210938,2346800.0,0.6,0.0,161.0800018310547,155.03500366210938
2023-04-06,154.60191395420975,154.75589834449752,152.29197186597042,152.8694610595703,3754500.0,0.0,0.0,158.8300018310547,152.8694610595703
2023-04-10,152.1091036715294,155.12164642929915,151.87811973713622,155.0927734375,2372600.0,0.0,0.0,161.13999938964844,155.0927734375
2023-04-11,155.6028521460014,156.47870522258495,154.30352371036346,155.75685119628906,2742300.0,0.0,0.0,161.8300018310547,155.75685119628906
2023-04-12,157.0946870487249,157.0946870487249,152.90792781345323,153.31216430664062,2817600.0,0.0,0.0,159.2899932861328,153.31216430664062
2023-04-13,153.80306323163555,156.32473574089607,153.01382896424712,156.20924377441406,2729000.0,0.0,0.0,162.3000030517578,156.20924377441406
2023-04-14,158.07639098268206,158.58649991749917,155.40072026136195,157.09466552734375,2618100.0,0.0,0.0,163.22000122070312,157.09466552734375
2023-04-17,155.86273496009332,157.5951876855093,154.8521363130874,157.56631469726562,2622300.0,0.0,0.0,163.7100067138672,157.56631469726562
2023-04-18,158.42292916154892,158.85603871203978,157.15245881487155,158.2304229736328,2444500.0,0.0,0.0,164.39999389648438,158.2304229736328
2023-04-19,158.20154526503163,160.29974222423436,157.59519778689008,158.75978088378906,3768600.0,0.0,0.0,164.9499969482422,158.75978088378906
2023-04-20,153.03305609960006,157.60479834156925,148.2303152783882,157.15243530273438,10832400.0,0.0,0.0,163.27999877929688,157.15243530273438
2023-04-21,156.90222391657616,158.58655028547437,155.17939043499612,157.63369750976562,3882500.0,0.0,0.0,163.77999877929688,157.63369750976562
2023-04-24,158.06679833486862,158.1341784352591,154.38052820882012,154.5634002685547,2473500.0,0.0,0.0,160.58999633789062,154.5634002685547
2023-04-25,152.94644428789124,153.27368127582716,150.11677397609057,150.26113891601562,3421300.0,0.0,0.0,156.1199951171875,150.26113891601562
2023-04-26,149.92428621118987,151.3583602705292,149.26017809875208,149.87615966796875,2789100.0,0.0,0.0,155.72000122070312,149.87615966796875
2023-04-27,150.66538257077124,152.74432592112083,150.05903510820548,152.5037078857422,2143500.0,0.0,0.0,158.4499969482422,152.5037078857422
2023-04-28,151.39688178940494,155.32377017422903,150.992645222959,155.28526306152344,2380100.0,0.0,0.0,161.33999633789062,155.28526306152344
2023-05-01,155.77611772984875,155.77611772984875,152.72506820064376,153.341064453125,1803600.0,0.0,0.0,159.32000732421875,153.341064453125
2023-05-02,152.40745361721778,152.40745361721778,146.2091313213426,147.49884033203125,4925600.0,0.0,0.0,153.25,147.49884033203125
2023-05-03,147.50846294455854,149.16391606619732,146.14175437876992,146.4978790283203,2655300.0,0.0,0.0,152.2100067138672,146.4978790283203
2023-05-04,145.36216848631514,145.57391353544128,141.8683898618935,143.22547912597656,3997900.0,0.0,0.0,148.80999755859375,143.22547912597656
2023-05-05,145.61242383895652,147.5662560660077,145.44880531475252,146.92138671875,2223200.0,0.0,0.0,152.64999389648438,146.92138671875
2023-05-08,147.65283177684935,148.77892224484125,147.2100881987418,147.2967071533203,2271600.0,0.0,0.0,153.0399932861328,147.2967071533203
2023-05-09,146.29577656469735,147.96084938321007,146.18028459855972,147.62399291992188,2322700.0,0.0,0.0,153.3800048828125,147.62399291992188
2023-05-10,147.84536831730225,148.86558658983037,142.397771658381,143.10037231445312,4602600.0,0.0,0.0,148.67999267578125,143.10037231445312
2023-05-11,142.41701048224857,142.92711956573854,140.79043013875184,142.43626403808594,2900300.0,0.0,0.0,147.99000549316406,142.43626403808594
2023-05-12,143.71632921168282,143.71632921168282,141.5700060310194,142.37847900390625,2320000.0,0.0,0.0,147.92999267578125,142.37847900390625
2023-05-15,142.61914291809003,144.57297526073953,142.37852483540775,144.370849609375,2271900.0,0.0,0.0,150.0,144.370849609375
2023-05-16,144.55373006846918,146.69041994124808,142.80202327579906,142.8405303955078,1960200.0,0.0,0.0,148.41000366210938,142.8405303955078
2023-05-17,144.19756902407934,147.1523505693784,143.69707944788587,146.3823699951172,2446500.0,0.0,0.0,152.08999633789062,146.3823699951172
2023-05-18,146.53637826447675,148.33619640467322,145.39103410756667,147.72021484375,2629800.0,0.0,0.0,153.47999572753906,147.72021484375
2023-05-19,148.76934382724974,149.1062003055334,146.43052860572524,147.2101287841797,2258600.0,0.0,0.0,152.9499969482422,147.2101287841797
2023-05-22,147.9031115596113,150.0494206036516,147.52774796279562,149.67405700683594,2483800.0,0.0,0.0,155.50999450683594,149.67405700683594
2023-05-23,148.67307262635407,149.91465522492422,146.7770013358442,146.83474731445312,2928400.0,0.0,0.0,152.55999755859375,146.83474731445312
2023-05-24,145.81453940264353,146.00703090686707,144.48632305702833,145.06381225585938,2308400.0,0.0,0.0,150.72000122070312,145.06381225585938
2023-05-25,143.9858389151552,145.8145301180799,143.7644597475418,145.41029357910156,3234300.0,0.0,0.0,151.0800018310547,145.41029357910156
2023-05-26,147.07536731338672,152.31121817418367,146.80587628550683,151.33912658691406,4015400.0,0.0,0.0,157.24000549316406,151.33912658691406
2023-05-30,151.2524736619463,152.9849262534288,150.7808717663189,152.0802001953125,3268200.0,0.0,0.0,158.00999450683594,152.0802001953125
2023-05-31,151.75297378529714,153.6105525694767,150.395884603727,152.6095733642578,5588500.0,0.0,0.0,158.55999755859375,152.6095733642578
2023-06-01,153.09081287577027,157.83580805854297,152.29195925477902,156.61346435546875,4087200.0,0.0,0.0,162.72000122070312,156.61346435546875
2023-06-02,158.79828086368474,163.47589596899644,158.31704480217596,162.2342987060547,4820500.0,0.0,0.0,168.55999755859375,162.2342987060547
2023-06-05,161.9262974093145,161.9262974093145,159.6067363239214,161.1466827392578,2870900.0,0.0,0.0,167.42999267578125,161.1466827392578
2023-06-06,161.5509629900042,166.17081775376357,161.21409184899002,165.37197875976562,3631500.0,0.0,0.0,171.82000732421875,165.37197875976562
2023-06-07,167.13327365507305,167.13327365507305,164.2939839081002,165.11209106445312,2789000.0,0.0,0.0,171.5500030517578,165.11209106445312
2023-06-08,164.24586687896834,165.09284707237487,163.19677575787318,164.7174835205078,2354400.0,0.0,0.0,171.13999938964844,164.7174835205078
2023-06-09,165.487440819243,165.75693180889297,164.52496880301956,165.27569580078125,2200900.0,0.0,0.0,171.72000122070312,165.27569580078125
2023-06-12,165.5547927506423,167.40273710906575,165.4777932332718,167.12362670898438,2609600.0,0.0,0.0,173.63999938964844,167.12362670898438
2023-06-13,167.86478220907188,169.5106014691997,167.6722907036867,168.5673828125,2480400.0,0.0,0.0,175.13999938964844,168.5673828125
2023-06-14,169.4143352328297,170.3960461548936,166.88302902861503,167.92250061035156,2326100.0,0.0,0.0,174.47000122070312,167.92250061035156
2023-06-15,164.97735000269924,167.98025832460564,163.2064048224036,167.2872772216797,2797600.0,0.0,0.0,173.80999755859375,167.2872772216797
2023-06-16,167.66263982538777,168.02838392937767,165.11209459008705,165.74732971191406,4616900.0,0.0,0.0,172.2100067138672,165.74732971191406
2023-06-20,164.58274116695281,164.79448621937033,162.01294223387816,163.0524139404297,2865700.0,0.0,0.0,169.41000366210938,163.0524139404297
2023-06-21,162.75404138895024,162.75404138895024,160.6847175189689,161.61831665039062,2813600.0,0.0,0.0,167.9199981689453,161.61831665039062
2023-06-22,161.00233805758089,162.1765552407449,159.02926723759813,161.945556640625,2755900.0,0.0,0.0,168.25999450683594,161.945556640625
2023-06-23,159.7703559155291,162.2727890513197,159.5201184764131,161.76268005371094,4214400.0,0.0,0.0,168.07000732421875,161.76268005371094
2023-06-26,162.20539245410885,164.10146332252256,160.79055754851777,160.83868408203125,2507100.0,0.0,0.0,167.11000061035156,160.83868408203125
2023-06-27,160.1072439012271,162.06106114048723,159.94361071612332,161.87818908691406,2433900.0,0.0,0.0,168.19000244140625,161.87818908691406
2023-06-28,160.98310461562878,163.4951577969166,160.92535862992398,163.40853881835938,2289000.0,0.0,0.0,169.77999877929688,163.40853881835938
2023-06-29,164.17849943135695,165.84357212171446,163.92826196193192,165.62220764160156,2899200.0,0.0,0.0,172.0800018310547,165.62220764160156
2023-06-30,167.70118106695747,168.5192737211289,166.8253277376428,167.6626739501953,3371300.0,0.0,0.0,174.1999969482422,167.6626739501953
2023-07-03,167.75892231857296,169.71273988346272,167.181433072744,168.85614013671875,1700200.0,0.0,0.0,175.44000244140625,168.85614013671875
2023-07-05,167.83588755393149,169.9437037783071,167.5086358822406,168.98123168945312,2487800.0,0.0,0.0,175.57000732421875,168.98123168945312
2023-07-06,165.86182405922997,166.41230688587237,162.47195213905326,165.08920288085938,3157300.0,0.6,0.0,170.94000244140625,165.08920288085938
2023-07-07,163.34112382652867,165.69761131788138,162.89686194843745,163.98818969726562,2145300.0,0.0,0.0,169.8000030517578,163.98818969726562
2023-07-10,164.04612435333317,165.94869743744036,163.65015407488013,165.8328094482422,1865600.0,0.0,0.0,171.7100067138672,165.8328094482422
2023-07-11,166.5957987915815,169.57038061954722,166.42196677072113,168.6625518798828,2281900.0,0.0,0.0,174.63999938964844,168.6625518798828
2023-07-12,170.9417550679477,171.82061169573998,168.34382434212256,168.36314392089844,2305800.0,0.0,0.0,174.3300018310547,168.36314392089844
2023-07-13,169.41583449844066,170.07256755569358,167.9478559615115,168.27622985839844,2080400.0,0.0,0.0,174.24000549316406,168.27622985839844
2023-07-14,169.35786473563604,169.64759943045266,166.6150743959456,167.45529174804688,1829500.0,0.0,0.0,173.38999938964844,167.45529174804688
2023-07-17,167.0207311970941,170.22708886165174,166.92414803358335,169.38687133789062,2144100.0,0.0,0.0,175.38999938964844,169.38687133789062
2023-07-18,169.1937236075936,172.3324849185228,168.45972691581755,171.9461669921875,2685700.0,0.0,0.0,178.0399932861328,171.9461669921875
2023-07-19,172.14899087556782,172.67050167100874,170.27538940244455,171.0576629638672,2749100.0,0.0,0.0,177.1199951171875,171.0576629638672
2023-07-20,169.55103838702613,171.15422446899777,168.09272703960605,171.04798889160156,3940700.0,0.0,0.0,177.11000061035156,171.04798889160156
2023-07-21,166.27706772033247,167.40701990038352,161.68964784421354,164.39381408691406,9102100.0,0.0,0.0,170.22000122070312,164.39381408691406
2023-07-24,161.85381499376635,163.21555779974784,161.21640158630447,162.04696655273438,4979900.0,0.0,0.0,167.7899932861328,162.04696655273438
2023-07-25,161.6220601143556,163.16728752431973,160.7238838799611,160.8011474609375,3286700.0,0.0,0.0,166.5,160.8011474609375
2023-07-26,160.4824543781759,162.66509546462208,160.37621878735422,162.0083770751953,2352000.0,0.0,0.0,167.75,162.0083770751953
2023-07-27,162.76164837632578,162.77130079677974,157.58510686467827,158.00039672851562,3944200.0,0.0,0.0,163.60000610351562,158.00039672851562
2023-07-28,159.63252315818102,160.87837788191504,159.0047769548546,159.76773071289062,2925900.0,0.0,0.0,165.42999267578125,159.76773071289062
2023-07-31,160.810809570906,163.20593651591224,160.810809570906,163.09970092773438,3345900.0,0.0,0.0,168.8800048828125,163.09970092773438
2023-08-01,162.20151221047968,163.9978499133283,161.53512672992795,163.84332275390625,2340100.0,0.0,0.0,169.64999389648438,163.84332275390625
2023-08-02,161.55443029186648,162.00834456734034,160.3665341866891,161.04257202148438,2236200.0,0.0,0.0,166.75,161.04257202148438
2023-08-03,160.16373590353138,160.9556765657076,159.38146239941966,160.7142333984375,1708700.0,0.0,0.0,166.41000366210938,160.7142333984375
2023-08-04,160.83008879913265,162.3463586557369,159.41040208446543,159.74842834472656,2256000.0,0.0,0.0,165.41000366210938,159.74842834472656
2023-08-07,161.13918677294163,161.60275355964072,160.45348164683628,161.24542236328125,2027200.0,0.0,0.0,166.9600067138672,161.24542236328125
2023-08-08,159.25588743682187,160.30859071499555,157.99072775546443,160.19268798828125,2102900.0,0.0,0.0,165.8699951171875,160.19268798828125
2023-08-09,160.26030857495658,160.59832014509678,157.90382105880454,158.21287536621094,2445200.0,0.0,0.0,163.82000732421875,158.21287536621094
2023-08-10,159.07239538502958,160.80112168059046,157.1505027997364,157.9424285888672,2556000.0,0.0,0.0,163.5399932861328,157.9424285888672
2023-08-11,157.1022359361609,160.10578948105993,157.0346395133382,159.61325073242188,2102500.0,0.0,0.0,165.27000427246094,159.61325073242188
2023-08-14,158.70543603610554,160.78184153123428,158.1646056598779,160.39553833007812,1827300.0,0.0,0.0,166.0800018310547,160.39553833007812
2023-08-15,158.76335220398792,159.168974915034,156.1654216326623,156.3682403564453,2447600.0,0.0,0.0,161.91000366210938,156.3682403564453
2023-08-16,155.75016764471545,157.3823258675447,155.1417261272882,155.2576141357422,1994900.0,0.0,0.0,160.75999450683594,155.2576141357422
2023-08-17,156.36823473354764,157.04427256098126,154.8906039334001,155.08375549316406,2473000.0,0.0,0.0,160.5800018310547,155.08375549316406
2023-08-18,153.77998534127605,155.29625557792906,153.49991773789006,154.74575805664062,2139500.0,0.0,0.0,160.22999572753906,154.74575805664062
2023-08-21,155.3734893798828,156.1171236178698,154.600868408391,155.3734893798828,2070500.0,0.0,0.0,160.8800048828125,155.3734893798828
2023-08-22,155.25760757300924,155.74049390318515,153.1812022478614,153.63511657714844,2255500.0,0.0,0.0,159.0800018310547,153.63511657714844
2023-08-23,153.87658300535534,154.60091261012363,153.26814142166245,153.98281860351562,2042500.0,0.0,0.0,159.44000244140625,153.98281860351562
2023-08-24,153.56749545711523,155.89501095436722,152.34097486831502,152.38925170898438,2468600.0,0.0,0.0,157.7899932861328,152.38925170898438
2023-08-25,153.01701104162817,154.1759351987204,151.94500288060084,152.901123046875,2969200.0,0.0,0.0,158.32000732421875,152.901123046875
2023-08-28,153.53852952899356,155.4024783792695,153.3260583701741,153.74134826660156,2509900.0,0.0,0.0,159.19000244140625,153.74134826660156
2023-08-29,153.45161788007238,155.2865800457075,152.88181554549868,154.7554168701172,2175800.0,0.0,0.0,160.24000549316406,154.7554168701172
2023-08-30,154.78437306806848,156.31994790915067,154.63949834145404,154.6877899169922,3039900.0,0.0,0.0,160.1699981689453,154.6877899169922
2023-08-31,155.16100818104167,155.4314232930476,152.34095434403804,152.5823974609375,3653900.0,0.0,0.0,157.99000549316406,152.5823974609375
2023-09-01,153.62545307527182,154.67814166236374,153.27777435316108,154.1566162109375,2195500.0,0.0,0.0,159.6199951171875,154.1566162109375
2023-09-05,154.62985618409584,156.31995828446816,153.89587429136736,154.52362060546875,4151000.0,0.0,0.0,160.0,154.52362060546875
2023-09-06,153.6254552936983,154.36908958897678,151.49109135337375,152.59207153320312,2949200.0,0.0,0.0,158.0,152.59207153320312
2023-09-07,151.87738505454502,152.23473091687063,150.72812810517848,151.413818359375,2617400.0,0.0,0.0,156.77999877929688,151.413818359375
2023-09-08,151.6456093970455,152.38924364765148,151.34622226543536,152.04156494140625,1931300.0,0.0,0.0,157.42999267578125,152.04156494140625
2023-09-11,152.94942829022446,153.71239702808913,152.01262752794887,152.42791748046875,2611100.0,0.0,0.0,157.8300018310547,152.42791748046875
2023-09-12,152.25402342209927,154.25317950092833,152.0608718761372,153.07493591308594,2659000.0,0.0,0.0,158.5,153.07493591308594
2023-09-13,153.8862210539326,155.19967253735197,153.19086351938572,153.6930694580078,2976700.0,0.0,0.0,159.13999938964844,153.6930694580078
2023-09-14,155.07411443907884,156.41653777213227,154.52361698005757,156.24269104003906,3209900.0,0.0,0.0,161.77999877929688,156.24269104003906
2023-09-15,156.48411851800864,158.7053982369161,156.2813145434868,158.14524841308594,7273600.0,0.0,0.0,163.75,158.14524841308594
2023-09-18,158.18387758450586,158.33840472741846,153.8958598925767,154.16627502441406,2413400.0,0.0,0.0,159.6300048828125,154.16627502441406
2023-09-19,153.6061392880025,154.39806517923597,153.0266698171325,153.8958740234375,2230700.0,0.0,0.0,159.35000610351562,153.8958740234375
2023-09-20,154.5236133721847,154.71676494159593,151.51040762711355,151.84841918945312,1969700.0,0.0,0.0,157.22999572753906,151.84841918945312
2023-09-21,150.49631798756386,151.5007148203667,149.15389491313016,149.41465759277344,2712100.0,0.0,0.0,154.7100067138672,149.41465759277344
2023-09-22,149.69475095868313,149.73337537808746,147.68594220969388,147.84046936035156,2380600.0,0.0,0.0,153.0800018310547,147.84046936035156
2023-09-25,147.00024367195817,148.06258461591264,146.55598182289108,147.98532104492188,2434400.0,0.0,0.0,153.22999572753906,147.98532104492188
2023-09-26,146.5559816938953,147.72457294138792,145.0204069051687,145.94754028320312,2332100.0,0.0,0.0,151.1199951171875,145.94754028320312
2023-09-27,146.3145443749831,146.3145443749831,143.87114095147098,144.76930236816406,3705400.0,0.0,0.0,149.89999389648438,144.76930236816406
2023-09-28,144.64373513031165,145.71574307381212,143.91940583704155,145.08798217773438,3489800.0,0.0,0.0,150.22999572753906,145.08798217773438
2023-09-29,146.26624346940196,146.49803417659575,143.58139707461308,144.08360290527344,3579400.0,0.0,0.0,149.19000244140625,144.08360290527344
2023-10-02,143.33999172509303,144.76933128819653,143.00198009993548,144.36370849609375,2657600.0,0.0,0.0,149.47999572753906,144.36370849609375
2023-10-03,143.41723987499682,144.0739582096484,139.3706500755626,140.0853271484375,4184100.0,0.0,0.0,145.0500030517578,140.0853271484375
2023-10-04,140.9062271691039,141.89131942230034,139.45756815885323,141.6112518310547,3476700.0,0.0,0.0,146.6300048828125,141.6112518310547
2023-10-05,141.17485698364774,143.0755405245158,140.38936936135548,142.63916015625,2706200.0,0.6,0.0,147.08999633789062,142.63916015625
2023-10-06,142.27065782041922,145.80051320813803,141.71789854519662,144.8016815185547,3204600.0,0.0,0.0,149.32000732421875,144.8016815185547
2023-10-09,143.1337333982217,144.92774481697825,142.95917237755154,144.3168182373047,2279400.0,0.0,0.0,148.82000732421875,144.3168182373047
2023-10-10,144.9762235642705,147.13874101673252,144.49135325134654,146.36294555664062,2909100.0,0.0,0.0,150.92999267578125,146.36294555664062
2023-10-11,146.84781875303412,148.18606557804347,145.2283536517167,146.92539978027344,1727000.0,0.0,0.0,151.50999450683594,146.92539978027344
2023-10-12,147.88544681886322,148.09879094230175,145.567767293388,146.70236206054688,2377200.0,0.0,0.0,151.27999877929688,146.70236206054688
2023-10-13,148.29276792974883,149.47585294192533,145.8781079038336,146.52784729003906,2951500.0,0.0,0.0,151.10000610351562,146.52784729003906
2023-10-16,147.75938244361993,148.7679210355885,146.6344945023652,148.1666717529297,2586300.0,0.0,0.0,152.7899932861328,148.1666717529297
2023-10-17,146.97389384206488,150.04796999584673,146.91571176929114,149.71826171875,3919400.0,0.0,0.0,154.38999938964844,149.71826171875
2023-10-18,148.48667772241612,148.942456993662,146.5569033753346,146.94479370117188,2632200.0,0.0,0.0,151.52999877929688,146.94479370117188
2023-10-19,145.85872440539765,151.3280621927258,144.50107834082607,145.09262084960938,4642200.0,0.0,0.0,149.6199951171875,145.09262084960938
2023-10-20,140.32147208480956,143.4634371846863,137.16012282540882,137.28619384765625,8268100.0,0.0,0.0,141.57000732421875,137.28619384765625
2023-10-23,137.21831782900742,141.43669606272,136.64617433069913,140.21481323242188,5313500.0,0.0,0.0,144.58999633789062,140.21481323242188
2023-10-24,141.43667883185597,142.07669641105932,139.19656551490652,140.04994201660156,3521100.0,0.0,0.0,144.4199981689453,140.04994201660156
2023-10-25,139.7299142264579,140.45721964899462,138.89593675006648,139.1771697998047,2841400.0,0.0,0.0,143.52000427246094,139.1771697998047
2023-10-26,139.03171554814227,140.52512447086895,138.6632241544215,139.00262451171875,3378000.0,0.0,0.0,143.33999633789062,139.00262451171875
2023-10-27,139.4971917784612,139.6038638367642,136.76251617309399,137.03404235839844,3442500.0,0.0,0.0,141.30999755859375,137.03404235839844
2023-10-30,138.401377876469,139.5068815546934,137.44132936758976,138.9347381591797,3303300.0,0.0,0.0,143.27000427246094,138.9347381591797
2023-10-31,138.99295455668116,142.2415774499901,138.74082726852114,141.6112518310547,3737200.0,0.0,0.0,146.02999877929688,141.6112518310547
2023-11-01,142.0572915588062,142.3773077003256,140.74813596141473,142.01849365234375,2332600.0,0.0,0.0,146.4499969482422,142.01849365234375
2023-11-02,143.84163451456482,146.34356720416434,143.84163451456482,146.28538513183594,3108400.0,0.0,0.0,150.85000610351562,146.28538513183594
2023-11-03,147.96302703146208,149.22369280928274,147.78846602366897,148.1375732421875,2667700.0,0.0,0.0,152.75999450683594,148.1375732421875
2023-11-06,147.98241274212512,148.43819198098183,146.92538430475966,148.36061096191406,2490000.0,0.0,0.0,152.99000549316406,148.36061096191406
2023-11-07,148.34124480902173,149.13642453543008,147.74001027463473,148.35093688964844,1583300.0,0.0,0.0,152.97999572753906,148.35093688964844
2023-11-08,148.34123702406052,149.14612358592467,147.81756875630848,148.38002014160156,1804500.0,0.0,0.0,153.00999450683594,148.38002014160156
2023-11-09,149.02974209125588,149.49522827620365,147.44907482904355,147.75938415527344,2052900.0,0.0,0.0,152.3699951171875,147.75938415527344
2023-11-10,148.40913887061387,149.80556811575323,147.49759486616003,149.70860290527344,2088100.0,0.0,0.0,154.3800048828125,149.70860290527344
2023-11-13,149.41764204350844,150.56192891492972,148.85519068741272,149.66976928710938,1753600.0,0.0,0.0,154.33999633789062,149.66976928710938
2023-11-14,151.8614005707539,153.1414506089763,151.30864126540476,152.16201782226562,2968600.0,0.0,0.0,156.91000366210938,152.16201782226562
2023-11-15,152.76327226163326,154.61548080423802,152.24931080383186,154.60577392578125,3272600.0,0.0,0.0,159.42999267578125,154.60577392578125
2023-11-16,154.81907912755057,155.25547423028956,153.18992204049096,154.23724365234375,3749100.0,0.0,0.0,159.0500030517578,154.23724365234375
2023-11-17,155.07123019519244,157.66043594339646,155.07123019519244,157.6410369873047,2975800.0,0.0,0.0,162.55999755859375,157.6410369873047
2023-11-20,157.9804549590628,159.66779424254244,157.8349849813733,158.8920135498047,3242900.0,0.0,0.0,163.85000610351562,158.8920135498047
2023-11-21,158.69805936743063,159.15383867942433,156.83615900223185,157.37921142578125,2759700.0,0.0,0.0,162.2899932861328,157.37921142578125
2023-11-22,158.33923890633596,159.6968697839702,157.92225756430074,158.83380126953125,2527500.0,0.0,0.0,163.7899932861328,158.83380126953125
2023-11-24,159.58052628891508,160.22055869845934,159.00838283056584,159.44476318359375,950700.0,0.0,0.0,164.4199981689453,159.44476318359375
2023-11-27,158.80473720609413,159.54174963374845,158.37806371285183,159.07626342773438,2146400.0,0.0,0.0,164.0399932861328,159.07626342773438
2023-11-28,158.95987807727954,160.95754135455738,158.65926085748472,160.64723205566406,2117800.0,0.0,0.0,165.66000366210938,160.64723205566406
2023-11-29,161.36483107832927,163.61463638905505,161.36483107832927,162.36366271972656,2720200.0,0.0,0.0,167.42999267578125,162.36366271972656
2023-11-30,162.91644461735217,165.9905209931146,162.46066528495473,165.60263061523438,4253100.0,0.0,0.0,170.77000427246094,165.60263061523438
2023-12-01,165.5056860250913,169.06463353302328,165.15657869149476,168.50218200683594,3412000.0,0.0,0.0,173.75999450683594,168.50218200683594
2023-12-04,167.62938532051677,170.0052471799456,167.4354401314537,168.00758361816406,3631000.0,0.0,0.0,173.25,168.00758361816406
2023-12-05,166.89237989434835,167.48392231147844,160.90906677165555,165.5153350830078,6452500.0,0.0,0.0,170.67999267578125,165.5153350830078
2023-12-06,166.53357610028158,167.16391647073937,162.12125269535582,162.44126892089844,3890700.0,0.0,0.0,167.50999450683594,162.44126892089844
2023-12-07,163.36252241380393,164.09952000794644,162.66430793637687,163.51766967773438,2797100.0,0.0,0.0,168.6199951171875,163.51766967773438
2023-12-08,163.24613143703706,164.01223480858425,162.49944181801953,163.33340454101562,2681300.0,0.0,0.0,168.42999267578125,163.33340454101562
2023-12-11,163.30432403783018,164.38073678085243,162.7806705831211,163.2946319580078,2811400.0,0.0,0.0,168.38999938964844,163.2946319580078
2023-12-12,163.29463401122322,165.903238831883,162.69339951917001,165.86444091796875,2946200.0,0.0,0.0,171.0399932861328,165.86444091796875
2023-12-13,166.02931628738457,169.37491883424678,165.0013786878022,169.27793884277344,3207700.0,0.0,0.0,174.55999755859375,169.27793884277344
2023-12-14,170.4222288189789,174.45633871652598,170.28646571853838,173.44781494140625,4548100.0,0.0,0.0,178.86000061035156,173.44781494140625
2023-12-15,172.1677811372518,175.69763718071079,172.12899801460756,175.04791259765625,7139200.0,0.0,0.0,180.50999450683594,175.04791259765625
2023-12-18,175.89156531698976,177.30737839158436,175.5521501677971,177.22979736328125,2814400.0,0.0,0.0,182.75999450683594,177.22979736328125
2023-12-19,177.66618359957423,180.148717192676,177.6467846442029,180.1293182373047,3978300.0,0.0,0.0,185.75,180.1293182373047
2023-12-20,179.74146365312131,180.03237405620033,175.0769979637929,175.1836700439453,4020700.0,0.0,0.0,180.64999389648438,175.1836700439453
2023-12-21,176.32795529773347,179.60568363673684,176.32795529773347,179.19837951660156,3496800.0,0.0,0.0,184.7899932861328,179.19837951660156
2023-12-22,180.02266236230815,180.73056892779385,179.0432295854836,179.9547882080078,2782600.0,0.0,0.0,185.57000732421875,179.9547882080078
2023-12-26,180.33297729492188,180.5463066240399,179.5280907819598,180.33297729492188,1230000.0,0.0,0.0,185.9600067138672,180.33297729492188
2023-12-27,180.50752907327222,181.46757767070417,180.00325977791792,181.39968872070312,1825400.0,0.0,0.0,187.05999755859375,181.39968872070312
2023-12-28,181.45789339196585,182.37915898774884,181.34152923126499,182.11732482910156,1486100.0,0.0,0.0,187.8000030517578,182.11732482910156
2023-12-29,182.0688008174945,182.60216111618692,180.88571608114668,181.67120361328125,1915000.0,0.0,0.0,187.33999633789062,181.67120361328125
2024-01-02,180.84698720147168,183.02890424376713,180.43969779589182,182.61190795898438,2236600.0,0.0,0.0,188.30999755859375,182.61190795898438
2024-01-03,181.03119084333412,181.81669325753148,179.97417700786693,180.68209838867188,2720500.0,0.0,0.0,186.32000732421875,180.68209838867188
2024-01-04,180.96418584421787,183.45475435628467,180.72096748070467,182.06353759765625,2777500.0,0.6,0.0,187.13999938964844,182.06353759765625
2024-01-05,181.75224550582465,184.36926291110757,181.460380469009,183.9314727783203,2243300.0,0.0,0.0,189.05999755859375,183.9314727783203
2024-01-08,183.1142576944296,184.19414791059506,181.32417395525124,184.07740783691406,3442100.0,0.0,0.0,189.2100067138672,184.07740783691406
2024-01-09,182.7348723063512,182.89053566406338,181.28528512179696,181.70362854003906,2055500.0,0.0,0.0,186.77000427246094,181.70362854003906
2024-01-10,180.0107778702277,181.05175961389193,178.68766935059043,179.95240783691406,2757800.0,0.0,0.0,184.97000122070312,179.95240783691406
2024-01-11,179.99132633671434,180.33183800996557,177.10189076670105,180.0107879638672,3493300.0,0.0,0.0,185.02999877929688,180.0107879638672
2024-01-12,180.7890817611971,181.3533501647002,177.01432788356243,177.1018829345703,3366300.0,0.0,0.0,182.0399932861328,177.1018829345703
2024-01-16,176.0998520173237,176.23605373296255,173.96927121801787,176.06094360351562,4142900.0,0.0,0.0,180.97000122070312,176.06094360351562
2024-01-17,174.58216138656164,176.6738484955717,174.1443712434716,176.09011840820312,2377600.0,0.0,0.0,181.0,176.09011840820312
2024-01-18,175.21452134216304,175.30207639342157,172.98663273877605,174.9129180908203,3215200.0,0.0,0.0,179.7899932861328,174.9129180908203
2024-01-19,176.0901143255431,178.4055581482492,174.54324892821518,178.2012481689453,3388900.0,0.0,0.0,183.1699981689453,178.2012481689453
2024-01-22,179.2617082275572,181.70363079169303,179.06713645044331,179.99136352539062,3145100.0,0.0,0.0,185.00999450683594,179.99136352539062
2024-01-23,180.64316844012683,180.9739567563341,179.79677313263343,180.43887329101562,2327600.0,0.0,0.0,185.47000122070312,180.43887329101562
2024-01-24,182.01489654644513,183.30882006146192,180.69178801450002,180.77935791015625,3052500.0,0.0,0.0,185.82000732421875,180.77935791015625
2024-01-25,181.38256448210797,183.22129507465766,181.3728262449531,182.96835327148438,3472500.0,0.0,0.0,188.07000732421875,182.96835327148438
2024-01-26,187.31708119307723,199.21533631306036,187.04467776571462,195.96592712402344,13555400.0,0.0,0.0,201.42999267578125,195.96592712402344
2024-01-29,196.43291246257257,197.39604782744146,193.6699549967876,195.41139221191406,4935500.0,0.0,0.0,200.86000061035156,195.41139221191406
2024-01-30,195.06116917232708,198.89429377463395,194.9736141055432,198.61215209960938,4284600.0,0.0,0.0,204.14999389648438,198.61215209960938
2024-01-31,196.90963684266436,199.7504411952818,195.21684605465774,195.294677734375,3495000.0,0.0,0.0,200.74000549316406,195.294677734375
2024-02-01,194.92497804349438,197.95061588957807,194.45800281706943,197.7073974609375,3028300.0,0.0,0.0,203.22000122070312,197.7073974609375
2024-02-02,197.87273942367796,201.35562831486416,197.49331935467322,200.81082153320312,3393000.0,0.0,0.0,206.41000366210938,200.81082153320312
2024-02-05,199.91578654168654,201.1124168241363,197.9019312139051,200.35357666015625,3099300.0,0.0,0.0,205.94000244140625,200.35357666015625
2024-02-06,199.86716175915353,201.46267392523845,198.46622135090854,200.0714569091797,3255300.0,0.0,0.0,205.64999389648438,200.0714569091797
2024-02-07,201.46266952242357,203.47651018160963,200.02282073202682,203.40841674804688,3272100.0,0.0,0.0,209.0800018310547,203.40841674804688
2024-02-08,202.6009092059094,205.60708480014506,202.30904418285692,205.48062133789062,4136600.0,0.0,0.0,211.2100067138672,205.48062133789062
2024-02-09,205.8114095008307,208.4381652065714,204.70233420974586,206.70645141601562,4785100.0,0.0,0.0,212.47000122070312,206.70645141601562
2024-02-12,206.49244335517676,208.2046957274182,205.8698047793731,206.50216674804688,4041400.0,0.0,0.0,212.25999450683594,206.50216674804688
2024-02-13,204.5174747681683,205.24712991603928,201.97827425978247,203.98239135742188,3381700.0,0.0,0.0,209.6699981689453,203.98239135742188
2024-02-14,205.42224976622634,205.5584514731588,203.1554673961802,205.1790313720703,2770800.0,0.0,0.0,210.89999389648438,205.1790313720703
2024-02-15,205.7335726869315,207.33880812115785,204.93580924309956,206.7648162841797,2644500.0,0.0,0.0,212.52999877929688,206.7648162841797
2024-02-16,206.76482132776732,208.47707348903364,206.12272120046515,206.79400634765625,2831300.0,0.0,0.0,212.55999755859375,206.79400634765625
2024-02-20,205.27631943569267,207.95172170321948,204.57584929078678,206.7259063720703,3341700.0,0.0,0.0,212.49000549316406,206.7259063720703
2024-02-21,205.86007361667384,206.9205023496026,203.42788945222767,205.16932678222656,2599400.0,0.0,0.0,210.88999938964844,205.16932678222656
2024-02-22,206.71619295883326,209.70292224713765,206.71619295883326,208.18524169921875,3027800.0,0.0,0.0,213.99000549316406,208.18524169921875
2024-02-23,209.1678434102313,210.45204380694082,208.4479115352692,208.73977661132812,2617000.0,0.0,0.0,214.55999755859375,208.73977661132812
2024-02-26,207.6306804227647,211.63891487529682,207.46529369335053,211.0746612548828,2684500.0,0.0,0.0,216.9600067138672,211.0746612548828
2024-02-27,211.5318874073725,212.16426411748026,210.43255039788804,212.0669708251953,2428100.0,0.0,0.0,217.97999572753906,212.0669708251953
2024-02-28,211.28868260056413,213.2538914410163,210.8800774674772,212.11563110351562,2599200.0,0.0,0.0,218.02999877929688,212.11563110351562
2024-02-29,213.04959749804073,213.77925270656812,211.74593557670144,213.46792602539062,5186500.0,0.0,0.0,219.4199981689453,213.46792602539062
2024-03-01,213.3609195561719,214.40190149574877,212.5047859867908,213.70143127441406,2342800.0,0.0,0.0,219.66000366210938,213.70143127441406
2024-03-04,213.12743458477917,213.62359479503291,211.34707404934124,212.97177124023438,2625300.0,0.0,0.0,218.91000366210938,212.97177124023438
2024-03-05,211.54164626243642,212.96203346105938,210.257445934491,211.3081512451172,2672300.0,0.0,0.0,217.1999969482422,211.3081512451172
2024-03-06,211.71674410282168,213.34144120290378,211.3762472561445,212.52423095703125,2727900.0,0.0,0.0,218.4499969482422,212.52423095703125
2024-03-07,215.0147918069009,218.594974421108,214.8202200533281,217.3594207763672,2974100.0,0.0,0.0,223.4199981689453,217.3594207763672
2024-03-08,216.98971044459356,218.79925584459357,216.7951387032234,217.31076049804688,2242800.0,0.0,0.0,223.3699951171875,217.31076049804688
2024-03-11,215.90010819221814,216.3281749527096,212.36857226303673,214.217041015625,2808200.0,0.0,0.0,220.19000244140625,214.217041015625
2024-03-12,215.23858042473202,217.37889957281223,213.68197658346946,216.61032104492188,2067700.0,0.0,0.0,222.64999389648438,216.61032104492188
2024-03-13,217.08698019441638,217.4274918385396,215.8514267611607,216.76593017578125,2693100.0,0.0,0.0,222.80999755859375,216.76593017578125
2024-03-14,218.1961024318167,218.2058258242244,213.15662401808152,214.4894561767578,2417900.0,0.0,0.0,220.47000122070312,214.4894561767578
2024-03-15,214.98561220077852,215.5888039503815,211.3276126689098,212.5339813232422,5267900.0,0.0,0.0,218.4600067138672,212.5339813232422
2024-03-18,213.93489399983355,215.7152544300866,213.04959032539574,214.9758758544922,1893000.0,0.0,0.0,220.97000122070312,214.9758758544922
2024-03-19,215.0537225439725,215.92930288793886,213.41928709839524,215.67636108398438,1817600.0,0.0,0.0,221.69000244140625,215.67636108398438
2024-03-20,215.48176891828982,221.8735404516632,215.22881229341567,221.7276153564453,2249700.0,0.0,0.0,227.91000366210938,221.7276153564453
2024-03-21,222.8950617648111,225.40507732918746,222.77832168805438,222.90478515625,3523700.0,0.0,0.0,229.1199951171875,222.90478515625
2024-03-22,222.83671189623723,224.28628413008087,219.78188923732924,219.83053588867188,2284700.0,0.0,0.0,225.9600067138672,219.83053588867188
2024-03-25,219.22733544022927,220.83258580164394,219.12031874946828,219.89862060546875,2119500.0,0.0,0.0,226.02999877929688,219.89862060546875
2024-03-26,220.47261152414544,220.71582992529548,218.23501410946338,218.3712158203125,2106400.0,0.0,0.0,224.4600067138672,218.3712158203125
2024-03-27,221.0368770049552,221.8151788470774,219.03275978177967,221.57196044921875,2153100.0,0.0,0.0,227.75,221.57196044921875
2024-03-28,222.26269711012353,222.26269711012353,220.20019509568496,221.51358032226562,2295800.0,0.0,0.0,227.69000244140625,221.51358032226562
2024-04-01,221.27038901496738,222.36974100812938,220.6769354847924,221.43577575683594,1616700.0,0.0,0.0,227.61000061035156,221.43577575683594
2024-04-02,220.22938062888872,220.8131106964818,218.49766689853416,219.41217041015625,1984500.0,0.0,0.0,225.52999877929688,219.41217041015625
2024-04-03,219.68458211486723,221.09524584581987,219.1397752817991,220.4823455810547,2070100.0,0.0,0.0,226.6300048828125,220.4823455810547
2024-04-04,223.614927918963,224.14190077432193,213.92436929827124,214.29519653320312,3035300.0,0.7,0.0,219.58999633789062,214.29519653320312
2024-04-05,214.69533283138324,217.74009824100534,214.22691082010306,217.0960235595703,1827900.0,0.0,0.0,222.4600067138672,217.0960235595703
2024-04-08,218.07191661452364,219.42840019944444,217.74987182072505,218.70623779296875,1401200.0,0.0,0.0,224.11000061035156,218.70623779296875
2024-04-09,217.61320932333234,218.53053127720077,212.71424877067852,214.53915405273438,3503000.0,0.0,0.0,219.83999633789062,214.53915405273438
2024-04-10,212.26536908921065,214.20739134641204,210.32336172287668,212.40199279785156,3115000.0,0.0,0.0,217.64999389648438,212.40199279785156
2024-04-11,212.25560220294398,213.88533308582814,209.33769224183297,212.938720703125,3139000.0,0.0,0.0,218.1999969482422,212.938720703125
2024-04-12,211.76765828983378,213.0167935161266,210.90887223768252,212.938720703125,2441200.0,0.0,0.0,218.1999969482422,212.938720703125
2024-04-15,216.53976526019684,217.35950752134693,211.59202135673536,213.1339111328125,3459000.0,0.0,0.0,218.39999389648438,213.1339111328125
2024-04-16,212.45079549105552,214.0902949266738,211.28948649309,213.0753631591797,4176700.0,0.0,0.0,218.33999633789062,213.0753631591797
2024-04-17,214.2659670321654,214.9686075838767,211.29927406228273,212.42153930664062,2256800.0,0.0,0.0,217.6699981689453,212.42153930664062
2024-04-18,212.99723873080515,216.11032279872754,211.94327825417892,212.2555694580078,3901500.0,0.0,0.0,217.5,212.2555694580078
2024-04-19,213.5632877412766,226.01562590047737,213.5632877412766,225.4691162109375,7573700.0,0.0,0.0,231.0399932861328,225.4691162109375
2024-04-22,226.4352388648464,229.69470045410992,222.1998895022083,227.38185119628906,5151300.0,0.0,0.0,233.0,227.38185119628906
2024-04-23,229.1091934422129,233.64706596317754,228.0357108568248,233.1981658935547,4684500.0,0.0,0.0,238.9600067138672,233.1981658935547
2024-04-24,232.5247980998495,234.74982116745173,232.23202877182467,233.3542938232422,4429200.0,0.0,0.0,239.1199951171875,233.3542938232422
2024-04-25,232.38817413969093,232.7004505026003,229.73375804606178,231.3830108642578,3329000.0,0.0,0.0,237.10000610351562,231.3830108642578
2024-04-26,230.3095416710187,231.20735674147622,228.7676370203849,229.95822143554688,2993300.0,0.0,0.0,235.63999938964844,229.95822143554688
2024-04-29,230.8852831106251,233.3542779686885,229.95819271059028,233.1591033935547,3696300.0,0.0,0.0,238.9199981689453,233.1591033935547
2024-04-30,232.14421347594686,233.83249533756927,228.13331369668313,228.3870391845703,3564300.0,0.0,0.0,234.02999877929688,228.3870391845703
2024-05-01,227.59657035291872,229.47027327740463,225.65454812988048,225.87901306152344,4176000.0,0.0,0.0,231.4600067138672,225.87901306152344
2024-05-02,227.94789687337715,228.30897063035619,225.34227797408857,226.89393615722656,2734900.0,0.0,0.0,232.5,226.89393615722656
2024-05-03,227.63559390991824,227.72343513323767,223.60518722619167,225.2056427001953,3203100.0,0.0,0.0,230.77000427246094,225.2056427001953
2024-05-06,226.69875835770566,228.91402802310864,225.7423924011393,228.6798095703125,2259600.0,0.0,0.0,234.3300018310547,228.6798095703125
2024-05-07,229.8215885331626,230.30953245786148,227.78198650172942,229.00184631347656,2084300.0,0.0,0.0,234.66000366210938,229.00184631347656
2024-05-08,228.7481020190897,231.13903912179927,227.88933085213844,230.5437469482422,2501900.0,0.0,0.0,236.24000549316406,230.5437469482422
2024-05-09,230.27050878844634,233.608043523193,229.88014470519494,233.3738250732422,3166300.0,0.0,0.0,239.13999938964844,233.3738250732422
2024-05-10,234.7010101091523,237.66770239597312,234.51558904918866,236.45761108398438,2590800.0,0.0,0.0,242.3000030517578,236.45761108398438
2024-05-13,237.09193509013122,237.66770531117953,232.35888825337568,232.89561462402344,2768800.0,0.0,0.0,238.64999389648438,232.89561462402344
2024-05-14,232.40768630736562,236.2526868319116,232.3589038273941,235.70619201660156,2387300.0,0.0,0.0,241.52999877929688,235.70619201660156
2024-05-15,235.80378116642854,237.01387254567126,234.45705119573162,235.87208557128906,2013400.0,0.0,0.0,241.6999969482422,235.87208557128906
2024-05-16,235.891630952812,237.4823330392174,235.04261322123023,235.50128173828125,2605900.0,0.0,0.0,241.32000732421875,235.50128173828125
2024-05-17,236.94558122229046,237.3261769014301,236.06727319213698,236.96510314941406,1848700.0,0.0,0.0,242.82000732421875,236.96510314941406
2024-05-20,237.24807779994237,238.51673488681362,236.2624365069732,236.45761108398438,1983200.0,0.0,0.0,242.3000030517578,236.45761108398438
2024-05-21,236.49666390618353,237.70677023114098,235.52077603179222,237.2188262939453,1825800.0,0.0,0.0,243.0800018310547,237.2188262939453
2024-05-22,237.0529141225638,237.5994089196691,233.75440852320722,234.3009033203125,2292700.0,0.0,0.0,240.08999633789062,234.3009033203125
2024-05-23,235.02307530327587,235.02307530327587,229.45074906612857,229.78256225585938,3272600.0,0.0,0.0,235.4600067138672,229.78256225585938
2024-05-24,231.14877134760118,234.28137755386632,230.9828722182345,232.4369354248047,1624200.0,0.0,0.0,238.17999267578125,232.4369354248047
2024-05-28,232.0173170533899,232.7199574382593,230.1924116906442,231.5293731689453,2315400.0,0.0,0.0,237.25,231.5293731689453
2024-05-29,229.77278616598159,231.92950481823289,229.01159485127323,230.2509765625,2711300.0,0.0,0.0,235.94000244140625,230.2509765625
2024-05-30,230.67061142318414,231.59771681381014,229.3141278774232,231.5001220703125,2386300.0,0.0,0.0,237.22000122070312,231.5001220703125
2024-05-31,232.26131324768065,234.39851006724638,230.22171117154065,234.2130889892578,5102500.0,0.0,0.0,240.0,234.2130889892578
2024-06-03,234.38872223743095,235.54027757279695,227.89907439075225,231.16830444335938,2677200.0,0.0,0.0,236.8800048828125,231.16830444335938
2024-06-04,230.69010909206605,234.21306453339042,230.04601959079147,231.5293731689453,2512100.0,0.0,0.0,237.25,231.5293731689453
2024-06-05,230.55349527301976,231.9685296203317,228.06497837761393,229.03111267089844,2925100.0,0.0,0.0,234.69000244140625,229.03111267089844
2024-06-06,229.1286850829072,230.69986500275567,227.08908319857403,227.72341918945312,2709600.0,0.0,0.0,233.35000610351562,227.72341918945312
2024-06-07,226.80608898380973,228.4748487962568,226.12297049652537,227.059814453125,2212500.0,0.0,0.0,232.6699981689453,227.059814453125
2024-06-10,226.35718252035787,228.27968276500985,225.0397428649964,226.8353729248047,2933500.0,0.0,0.0,232.44000244140625,226.8353729248047
2024-06-11,226.05465179442874,226.05465179442874,218.80381251112513,219.1160888671875,3168100.0,0.0,0.0,224.52999877929688,219.1160888671875
2024-06-12,221.9461681752216,222.89278058780368,217.45709296743402,218.63790893554688,3091100.0,0.0,0.0,224.0399932861328,218.63790893554688
2024-06-13,218.02310387622302,218.35490216492263,215.4174851546115,216.83251953125,3011300.0,0.0,0.0,222.19000244140625,216.83251953125
2024-06-14,216.04203734675104,220.19931384889037,216.00299349741707,219.3990936279297,2373800.0,0.0,0.0,224.82000732421875,219.3990936279297
2024-06-17,218.79407434973416,222.9611200454492,218.61842166720365,222.7659454345703,2426700.0,0.0,0.0,228.27000427246094,222.7659454345703
2024-06-18,222.0925562204104,223.7808380126953,221.30208945323844,223.7808380126953,2176500.0,0.0,0.0,229.30999755859375,223.7808380126953
2024-06-20,223.04891012868052,226.0936752578763,220.98003278611066,224.6591339111328,2968100.0,0.0,0.0,230.2100067138672,224.6591339111328
2024-06-21,225.5374213629269,225.5374213629269,222.01446594504347,224.8250274658203,5064300.0,0.0,0.0,230.3800048828125,224.8250274658203
2024-06-24,226.09370681142968,228.26017919136055,224.6591652644821,225.88877868652344,2152600.0,0.0,0.0,231.47000122070312,225.88877868652344
2024-06-25,225.29349269519625,225.72288577566383,223.02942550395565,225.02999877929688,3206800.0,0.0,0.0,230.58999633789062,225.02999877929688
2024-06-26,224.49323023495737,226.88416733513108,223.6149371428418,225.1177978515625,3151900.0,0.0,0.0,230.67999267578125,225.1177978515625
2024-06-27,224.24925998994271,224.77624776193062,221.88761320627594,222.8927764892578,2264200.0,0.0,0.0,228.39999389648438,222.8927764892578
2024-06-28,223.72228243145028,227.967400399037,223.22458500463748,225.96682739257812,3901100.0,0.0,0.0,231.5500030517578,225.96682739257812
2024-07-01,226.72802293449863,229.13846708291751,225.96683161298387,228.17233276367188,2792700.0,0.0,0.0,233.80999755859375,228.17233276367188
2024-07-02,227.91861135812414,230.49495469793402,227.35259461570578,230.28025817871094,1871700.0,0.0,0.0,235.97000122070312,230.28025817871094
2024-07-03,230.7974798949551,231.85144057524838,229.51906917532727,230.0265350341797,1365900.0,0.0,0.0,235.7100067138672,230.0265350341797
2024-07-05,230.71168243565873,231.68067953405,228.6072650781583,230.6333770751953,2488300.0,0.7,0.0,235.6300048828125,230.6333770751953
2024-07-08,231.22065260195546,234.4213152424512,228.80302865703817,229.53712463378906,2638600.0,0.0,0.0,234.50999450683594,229.53712463378906
2024-07-09,229.98737196394535,234.12766900502018,229.1553905668084,232.7084197998047,1943400.0,0.0,0.0,237.75,232.7084197998047
2024-07-10,231.55344712898886,234.37236543854618,230.6235803050376,233.86338806152344,2203000.0,0.0,0.0,238.92999267578125,233.86338806152344
2024-07-11,233.80467592186017,234.8617759480936,231.93518946989394,233.68722534179688,1868700.0,0.0,0.0,238.75,233.68722534179688
2024-07-12,233.90253448689467,235.16517288316297,232.199426595556,233.5697479248047,2612200.0,0.0,0.0,238.6300048828125,233.5697479248047
2024-07-15,235.35117318418037,239.4719052773282,235.35117318418037,238.82589721679688,3054400.0,0.0,0.0,244.0,238.82589721679688
2024-07-16,238.9629143159713,244.46373521792134,238.63012773465638,244.3365020751953,3074600.0,0.0,0.0,249.6300048828125,244.3365020751953
2024-07-17,243.53387739240267,245.52082919769575,242.13420830999883,244.6595001220703,2471900.0,0.0,0.0,249.9600067138672,244.6595001220703
2024-07-18,245.48171163589384,248.34957291332367,242.5061674097594,243.91563415527344,4053300.0,0.0,0.0,249.1999969482422,243.91563415527344
2024-07-19,236.6725621726111,238.2190595955788,232.6105551940251,237.24026489257812,5750400.0,0.0,0.0,242.3800048828125,237.24026489257812
2024-07-22,237.85685914073545,240.401730954687,234.81280748102816,239.55996704101562,2590000.0,0.0,0.0,244.75,239.55996704101562
2024-07-23,241.72310789418458,243.71005962974058,239.84380922098586,241.66436767578125,2564000.0,0.0,0.0,246.89999389648438,241.66436767578125
2024-07-24,239.8046759174221,240.41152378741202,235.56649352632857,235.8797149658203,2838100.0,0.0,0.0,240.99000549316406,235.8797149658203
2024-07-25,234.91072293041947,239.7655511091456,234.31365757889577,235.08689880371094,3828800.0,0.0,0.0,240.17999267578125,235.08689880371094
2024-07-26,236.79977844848915,241.16520908419324,236.75085066500432,240.67581176757812,2174400.0,0.0,0.0,245.88999938964844,240.67581176757812
2024-07-29,241.40010133578454,242.70189986166113,239.12929084201565,242.6333770751953,2059300.0,0.0,0.0,247.88999938964844,242.6333770751953
2024-07-30,244.17010396050213,248.3006033724351,243.9449704523955,247.1260528564453,2498800.0,0.0,0.0,252.47999572753906,247.1260528564453
2024-07-31,247.74270186807206,250.80631881092188,247.07711377358376,247.67417907714844,2180700.0,0.0,0.0,253.0399932861328,247.67417907714844
2024-08-01,248.46701264296695,249.592620447367,241.18477850380853,243.40663146972656,3929700.0,0.0,0.0,248.67999267578125,243.40663146972656
2024-08-02,239.32505399714293,239.4620846389977,225.17169293407176,227.35440063476562,6902600.0,0.0,0.0,232.27999877929688,227.35440063476562
2024-08-05,221.83402106950444,225.88623036311668,217.32177709103104,221.12928771972656,4890700.0,0.0,0.0,225.9199981689453,221.12928771972656
2024-08-06,222.1472351021058,228.23532394127793,221.69698300221566,226.21900939941406,3148200.0,0.0,0.0,231.1199951171875,226.21900939941406
2024-08-07,229.05750516571325,231.16190747773464,223.664337627423,223.9481964111328,2665300.0,0.0,0.0,228.8000030517578,223.9481964111328
2024-08-08,226.1504880844388,229.52732635939878,226.11132793796781,228.58767700195312,2239200.0,0.0,0.0,233.5399932861328,228.58767700195312
2024-08-09,228.5681374414793,233.28592002421925,228.1472479635264,232.8063201904297,1956400.0,0.0,0.0,237.85000610351562,232.8063201904297
2024-08-12,233.14887750191167,233.92213362208483,230.40824955529962,232.0232696533203,1747000.0,0.0,0.0,237.0500030517578,232.0232696533203
2024-08-13,233.6480730973642,234.1961957014639,231.45556774574464,233.92213439941406,1913200.0,0.0,0.0,238.99000549316406,233.92213439941406
2024-08-14,234.72473711079206,238.9139769195265,234.43109573564848,238.59097290039062,2132500.0,0.0,0.0,243.75999450683594,238.59097290039062
2024-08-15,242.51594851315133,245.05102300844183,240.14726731194955,244.20925903320312,2656800.0,0.0,0.0,249.5,244.20925903320312
2024-08-16,244.10159526662346,246.41155122005748,243.8471140362833,246.37240600585938,2149700.0,0.0,0.0,251.7100067138672,246.37240600585938
2024-08-19,246.6562639025105,248.72152131275388,246.49965316637312,248.6627960205078,1653400.0,0.0,0.0,254.0500030517578,248.6627960205078
2024-08-20,248.8291736768326,249.22068555733006,246.91072961786492,247.71334838867188,1659700.0,0.0,0.0,253.0800018310547,247.71334838867188
2024-08-21,244.34630383234207,244.5224946414283,238.1896918536748,241.07713317871094,3502500.0,0.0,0.0,246.3000030517578,241.07713317871094
2024-08-22,241.5371521782619,243.64155463385416,240.5485600550801,242.5061492919922,1981300.0,0.0,0.0,247.75999450683594,242.5061492919922
2024-08-23,242.74105944570337,246.8226311127051,242.74105944570337,245.97108459472656,1868200.0,0.0,0.0,251.3000030517578,245.97108459472656
2024-08-26,247.0673369459123,250.72803421261884,246.60730227828375,248.4963836669922,1931000.0,0.0,0.0,253.8800048828125,248.4963836669922
2024-08-27,248.32019536465,251.23699918865356,248.32019536465,249.6219940185547,2518100.0,0.0,0.0,255.02999877929688,249.6219940185547
2024-08-28,248.81940239786934,253.14567309513004,248.3691502731673,251.63832092285156,2557100.0,0.0,0.0,257.0899963378906,251.63832092285156
2024-08-29,252.52903838503943,256.02334271299486,251.3838354168094,254.33001708984375,2423500.0,0.0,0.0,259.8399963378906,254.33001708984375
2024-08-30,254.9662160493704,256.19950690188114,250.66932294666455,253.1652374267578,3442100.0,0.0,0.0,258.6499938964844,253.1652374267578
2024-09-03,250.34629827010838,252.02004360256592,247.4294796175318,248.91725158691406,2970300.0,0.0,0.0,254.30999755859375,248.91725158691406
2024-09-04,249.58284644264165,251.13911137445584,245.3446639303257,246.40176391601562,3062600.0,0.0,0.0,251.74000549316406,246.40176391601562
2024-09-05,247.35117995385235,247.8014170879564,243.10320021054284,246.49961853027344,2711200.0,0.0,0.0,251.83999633789062,246.49961853027344
2024-09-06,245.9612939717573,248.1929594501468,238.16031457542692,238.88461303710938,3653000.0,0.0,0.0,244.05999755859375,238.88461303710938
2024-09-09,242.98575659348808,247.7818441030177,242.28102329495522,245.59913635253906,3080800.0,0.0,0.0,250.9199981689453,245.59913635253906
2024-09-10,246.3821523458638,247.14561085984104,235.48816479879167,240.2157440185547,3630900.0,0.0,0.0,245.4199981689453,240.2157440185547
2024-09-11,239.21738371515343,249.23046278488204,238.33647458809435,248.7899932861328,3149900.0,0.0,0.0,254.17999267578125,248.7899932861328
2024-09-12,248.77044380426562,251.5502169361499,247.23372908442684,249.73944091796875,2279600.0,0.0,0.0,255.14999389648438,249.73944091796875
2024-09-13,250.79653190145032,254.6921149939838,250.32669977607875,253.50778198242188,2199200.0,0.0,0.0,259.0,253.50778198242188
2024-09-16,255.76878752215984,257.2761394106773,253.65458782500795,255.55345153808594,2170200.0,0.0,0.0,261.0899963378906,255.55345153808594
2024-09-17,255.97439676808432,261.5535388893746,255.8080183851078,259.7721252441406,2765700.0,0.0,0.0,265.3999938964844,259.7721252441406
2024-09-18,258.7933173132054,260.7019789603628,255.4654212480477,256.6203918457031,2577400.0,0.0,0.0,262.17999267578125,256.6203918457031
2024-09-19,262.1505212955974,264.37240395737246,260.70192453331725,263.051025390625,2973300.0,0.0,0.0,268.75,263.051025390625
2024-09-20,262.70849492853904,265.7329670064893,261.28926051731514,263.2859802246094,5847200.0,0.0,0.0,268.989990234375,263.2859802246094
2024-09-23,265.6056784409282,266.63343065497287,261.3870762614435,261.63177490234375,2534900.0,0.0,0.0,267.29998779296875,261.63177490234375
2024-09-24,262.0917974301132,262.8063281818798,257.4523209715878,260.56488037109375,2340300.0,0.0,0.0,266.2099914550781,260.56488037109375
2024-09-25,261.4262310886829,263.0216709741616,259.91887912768334,260.5257568359375,2116300.0,0.0,0.0,266.1700134277344,260.5257568359375
2024-09-26,262.60082122159963,263.2859595444444,260.6921597334741,262.4637756347656,1430600.0,0.0,0.0,268.1499938964844,262.4637756347656
2024-09-27,262.31699371792286,266.8977459915528,261.7493059043651,265.3121032714844,2231900.0,0.0,0.0,271.05999755859375,265.3121032714844
2024-09-30,264.3724166893582,265.7231579617314,261.6220063647767,265.4490966796875,2113100.0,0.0,0.0,271.20001220703125,265.4490966796875
2024-10-01,265.5274290240601,266.06575416899796,260.86835662328167,262.9042663574219,2429500.0,0.0,0.0,268.6000061035156,262.9042663574219
2024-10-02,262.90417765201397,265.63502234850324,260.6040048743414,265.17498779296875,2009500.0,0.0,0.0,270.9200134277344,265.17498779296875
2024-10-03,263.9222225929324,265.3512545201607,261.9646331532713,262.89447021484375,1614500.0,0.0,0.0,268.5899963378906,262.89447021484375
2024-10-04,267.1731598028748,271.6285075658825,264.9651171598759,270.82379150390625,2239600.0,0.7,0.0,275.9700012207031,270.82379150390625
2024-10-07,269.2339725413012,271.1574143997227,266.4861685093506,268.6844177246094,3287500.0,0.0,0.0,273.7900085449219,268.6844177246094
2024-10-08,266.1918136373925,267.41850402281824,261.19673398175826,264.0917053222656,3332800.0,0.0,0.0,269.1099853515625,264.0917053222656
2024-10-09,263.79729761600504,266.52545569053666,263.414585809271,266.358642578125,2087000.0,0.0,0.0,271.4200134277344,266.358642578125
2024-10-10,265.8777136230671,267.81097843152264,264.8473059115786,265.4263000488281,2052800.0,0.0,0.0,270.4700012207031,265.4263000488281
2024-10-11,266.3193611356433,271.94248999665194,265.9464425130544,271.0102233886719,1723200.0,0.0,0.0,276.1600036621094,271.0102233886719
2024-10-14,271.0101919845792,272.5214825620801,269.9797543391741,271.36346435546875,1399000.0,0.0,0.0,276.5199890136719,271.36346435546875
2024-10-15,275.3380119096042,276.1721673237378,271.7364359232364,272.1387939453125,2264600.0,0.0,0.0,277.30999755859375,272.1387939453125
2024-10-16,273.67947225523903,276.6137053844156,272.5116608867497,276.42724609375,2243600.0,0.0,0.0,281.67999267578125,276.42724609375
2024-10-17,278.70403042830435,281.0200072917981,277.21238583563854,280.4508361816406,3571900.0,0.0,0.0,285.7799987792969,280.4508361816406
2024-10-18,271.63830267943604,273.99357214105447,264.0328224099058,271.6285095214844,7884400.0,0.0,0.0,276.7900085449219,271.6285095214844
2024-10-21,269.87182312383504,271.20644758291826,264.50382602594135,265.6912536621094,4092700.0,0.0,0.0,270.739990234375,265.6912536621094
2024-10-22,265.5735372359549,267.7423172912948,263.57157028952923,267.3203430175781,2595400.0,0.0,0.0,272.3999938964844,267.3203430175781
2024-10-23,266.92781062292516,268.25264214328917,263.9444914127377,266.17218017578125,2051100.0,0.0,0.0,271.2300109863281,266.17218017578125
2024-10-24,265.19080312617723,266.1721552793235,263.6991286863606,264.9454650878906,3490600.0,0.0,0.0,269.9800109863281,264.9454650878906
2024-10-25,266.58433520560624,268.0760098065349,261.3831802115634,262.3645324707031,2993300.0,0.0,0.0,267.3500061035156,262.3645324707031
2024-10-28,264.2192581272616,266.8983604287398,262.688351083129,266.4076843261719,2336900.0,0.0,0.0,271.4700012207031,266.4076843261719
2024-10-29,265.2595348780565,266.73156343997357,264.5529599703964,265.3871154785156,1749000.0,0.0,0.0,270.42999267578125,265.3871154785156
2024-10-30,265.94644258306903,269.9405531703864,265.23004470535494,268.968994140625,2152900.0,0.0,0.0,274.0799865722656,268.968994140625
2024-10-31,268.5961300162615,268.96901872453867,263.63048989381247,265.0436096191406,2315400.0,0.0,0.0,270.0799865722656,265.0436096191406
2024-11-01,267.2221472469544,269.62647171296175,265.8973459580191,267.6048889160156,2508300.0,0.0,0.0,272.69000244140625,267.6048889160156
2024-11-04,267.2516591631125,267.7325421559557,264.6805209242399,265.1515808105469,1944000.0,0.0,0.0,270.19000244140625,265.1515808105469
2024-11-05,266.6530043005711,271.0298264531865,266.13288886504836,270.7943115234375,1859600.0,0.0,0.0,275.94000244140625,270.7943115234375
2024-11-06,282.6294588506404,291.2947863734801,281.4616472324265,289.65594482421875,5380500.0,0.0,0.0,295.1600036621094,289.65594482421875
2024-11-07,286.8688724619291,287.57544721965763,279.3418881685084,281.471435546875,3876900.0,0.0,0.0,286.82000732421875,281.471435546875
2024-11-08,281.33408114801426,284.69031932224107,280.61771310811395,282.2369384765625,1814400.0,0.0,0.0,287.6000061035156,282.2369384765625
2024-11-11,285.07301049837514,288.6942027600063,285.01413175822626,287.50677490234375,2299500.0,0.0,0.0,292.9700012207031,287.50677490234375
2024-11-12,286.55485357571104,288.0759375656367,282.21726350520726,283.12994384765625,2251400.0,0.0,0.0,288.510009765625,283.12994384765625
2024-11-13,282.550961522382,285.1907716019151,282.0799016467115,282.27618408203125,2118100.0,0.0,0.0,287.6400146484375,282.27618408203125
2024-11-14,282.9630905986951,285.14169368713686,282.00135465836746,282.923828125,2979400.0,0.0,0.0,288.29998779296875,282.923828125
2024-11-15,282.62947125558344,285.13190771959364,280.1662673218857,281.5205383300781,2614400.0,0.0,0.0,286.8699951171875,281.5205383300781
2024-11-18,281.5892498694478,282.15842106352693,278.32132972445856,280.2153625488281,2074400.0,0.0,0.0,285.5400085449219,280.2153625488281
2024-11-19,276.63340522729226,281.27518228832355,276.06420414064286,280.2251281738281,2512900.0,0.0,0.0,285.54998779296875,280.2251281738281
2024-11-20,280.81391116023514,282.95325165523525,279.77368027923535,282.3448181152344,2387400.0,0.0,0.0,287.7099914550781,282.3448181152344
2024-11-21,284.41550104745977,288.5862478865469,282.168196129762,287.53619384765625,2410300.0,0.0,0.0,293.0,287.53619384765625
2024-11-22,287.92875005785623,296.28989056615103,287.05536211068375,295.6814270019531,3788900.0,0.0,0.0,301.29998779296875,295.6814270019531
2024-11-25,297.3987693272187,300.0974878508722,296.85903760188484,299.51849365234375,3478400.0,0.0,0.0,305.2099914550781,299.51849365234375
2024-11-26,299.9110281789522,301.2456827295372,296.368361151065,299.8717956542969,2130500.0,0.0,0.0,305.57000732421875,299.8717956542969
2024-11-27,301.2751346484696,302.07985066481075,297.1436501452202,298.576416015625,1697000.0,0.0,0.0,304.25,298.576416015625
2024-11-29,301.5204341473157,302.0503726693926,298.9885588947078,298.99835205078125,1326600.0,0.0,0.0,304.67999267578125,298.99835205078125
2024-12-02,300.4998275862318,301.1279073252182,294.31732114159735,296.6235046386719,2166900.0,0.0,0.0,302.260009765625,296.6235046386719
2024-12-03,298.17406855902817,299.30261767390994,295.5244354130225,296.476318359375,2128700.0,0.0,0.0,302.1099853515625,296.476318359375
2024-12-04,296.3683969810391,297.8698648141621,295.1024441182896,296.95721435546875,1561200.0,0.0,0.0,302.6000061035156,296.95721435546875
2024-12-05,296.6431476336685,297.7716966960949,294.71970566953786,294.92578125,2793600.0,0.0,0.0,300.5299987792969,294.92578125
2024-12-06,296.01510473437634,299.0572727266263,295.0141062802223,298.3212585449219,1797600.0,0.0,0.0,303.989990234375,298.3212585449219
2024-12-09,298.3998046116847,299.38115692340256,290.6373042321771,291.1868591308594,2377900.0,0.0,0.0,296.7200012207031,291.1868591308594
2024-12-10,291.88359694750295,299.2928245162376,290.98076963499534,296.476318359375,2967800.0,0.0,0.0,302.1099853515625,296.476318359375
2024-12-11,297.7127873335072,298.4586245269235,293.9542218977968,296.7019958496094,2071200.0,0.0,0.0,302.3399963378906,296.7019958496094
2024-12-12,297.96799305626104,298.7727091013146,294.66084071449785,294.7000732421875,1668100.0,0.0,0.0,300.29998779296875,294.7000732421875
2024-12-13,296.8198083150323,298.64513916651197,295.6323804174406,296.50579833984375,1662000.0,0.0,0.0,302.1400146484375,296.50579833984375
2024-12-16,298.036699240428,298.52737538014,295.2201930417458,297.90911865234375,1813700.0,0.0,0.0,303.57000732421875,297.90911865234375
2024-12-17,296.69217109804015,297.3791295564251,294.11124019799837,295.72064208984375,3611500.0,0.0,0.0,301.3399963378906,295.72064208984375
2024-12-18,296.95715885595695,297.9286878756708,281.08868182585394,282.41351318359375,3541200.0,0.0,0.0,287.7799987792969,282.41351318359375
2024-12-19,287.5558368347333,291.3242260292771,285.7697984302717,287.6147155761719,3540200.0,0.0,0.0,293.0799865722656,287.6147155761719
2024-12-20,286.89830404584126,297.0749209432985,286.5548248072304,293.080810546875,6232400.0,0.0,0.0,298.6499938964844,293.080810546875
2024-12-23,290.95134326599185,294.1701776406008,289.68539040218496,293.2280578613281,1902400.0,0.0,0.0,298.79998779296875,293.2280578613281
2024-12-24,293.7089253212659,297.9581674158437,292.4429725244241,297.8011474609375,862900.0,0.0,0.0,303.4599914550781,297.8011474609375
2024-12-26,295.8580847817934,299.20449952176216,295.3968480299856,298.3212585449219,1228900.0,0.0,0.0,303.989990234375,298.3212585449219
2024-12-27,295.23981320435627,299.40073691846266,293.13970513641135,295.4360656738281,1676000.0,0.0,0.0,301.04998779296875,295.4360656738281
2024-12-30,291.80510763849816,294.1112914956082,288.6451520860632,291.78546142578125,2392800.0,0.0,0.0,297.3299865722656,291.78546142578125
2024-12-31,292.4920070710818,293.2967230512761,290.15641402502985,291.2555236816406,1231300.0,0.0,0.0,296.7900085449219,291.2555236816406
2025-01-02,294.405690015517,294.7393462037151,289.12600984947943,292.8649597167969,1930100.0,0.0,0.0,298.42999267578125,292.8649597167969
2025-01-03,295.7667559655325,298.4718198165292,292.6682342854452,298.1275329589844,1979600.0,0.7,0.0,303.0799865722656,298.1275329589844
2025-01-06,299.34724444382624,300.16366856104963,295.2650638199024,296.9471130371094,2714000.0,0.0,0.0,301.8800048828125,296.9471130371094
2025-01-07,299.0325262507059,299.4063217115448,291.9993659298413,297.0848693847656,2058800.0,0.0,0.0,302.0199890136719,297.0848693847656
2025-01-08,296.9667871333968,299.2292219192196,293.9666377661048,297.9012756347656,2061300.0,0.0,0.0,302.8500061035156,297.9012756347656
2025-01-10,295.5208213753161,296.3962927541879,288.3696274962536,288.50732421875,2685500.0,0.0,0.0,293.29998779296875,288.50732421875
2025-01-13,287.74006666563724,292.8452618815965,286.4023041522365,292.1665344238281,2202800.0,0.0,0.0,297.0199890136719,292.1665344238281
2025-01-14,294.7044044937119,295.6290468637843,291.88130641400636,295.45196533203125,2370900.0,0.0,0.0,300.3599853515625,295.45196533203125
2025-01-15,300.0161577439818,308.8297387596259,299.2390583071544,307.216552734375,3099500.0,0.0,0.0,312.32000732421875,307.216552734375
2025-01-16,307.59032452859594,308.8690698164527,305.0623125169625,306.3902587890625,2361000.0,0.0,0.0,311.4800109863281,306.3902587890625
2025-01-17,307.90508115893584,310.2461955360405,305.69184731789403,307.4526062011719,2183500.0,0.0,0.0,312.55999755859375,307.4526062011719
2025-01-21,311.7610414273457,314.4759512281051,309.85273961360974,312.7545471191406,2779100.0,0.0,0.0,317.95001220703125,312.7545471191406
2025-01-22,313.10863235426376,317.544946012176,312.4889221071873,316.9842529296875,2927400.0,0.0,0.0,322.25,316.9842529296875
2025-01-23,318.2630381179836,320.93859331763184,316.728531608367,320.5451354980469,3935800.0,0.0,0.0,325.8699951171875,320.5451354980469
2025-01-24,319.09913753055025,319.1680009004619,308.60350741909275,316.0891418457031,6260100.0,0.0,0.0,321.3399963378906,316.0891418457031
2025-01-27,312.9315915221981,313.6201351388169,306.74436505993566,311.2495422363281,3099100.0,0.0,0.0,316.4200134277344,311.2495422363281
2025-01-28,311.46594773494434,312.67582966607057,305.64267048768886,311.8594055175781,2431300.0,0.0,0.0,317.0400085449219,311.8594055175781
2025-01-29,311.4560876180027,314.2595229747274,309.0067852630585,310.0986328125,2155400.0,0.0,0.0,315.25,310.0986328125
2025-01-30,311.8200417859734,316.6301508459412,310.8363823481627,313.7381896972656,2517400.0,0.0,0.0,318.95001220703125,313.7381896972656
2025-01-31,315.6662102054479,316.38429253018955,310.3544542957426,312.26275634765625,2033400.0,0.0,0.0,317.45001220703125,312.26275634765625
2025-02-03,307.08864860518173,311.82004819681345,304.13767023107937,311.35772705078125,1997200.0,0.0,0.0,316.5299987792969,311.35772705078125
2025-02-04,310.0986801096171,312.1741873977064,307.99363421621274,310.669189453125,1884100.0,0.0,0.0,315.8299865722656,310.669189453125
2025-02-05,312.74468405679454,315.46940989270524,309.9510948557007,315.2923583984375,2065700.0,0.0,0.0,320.5299987792969,315.2923583984375
2025-02-06,317.8203865989286,317.96792951835795,312.0266178051267,314.9185791015625,1730400.0,0.0,0.0,320.1499938964844,314.9185791015625
2025-02-07,315.5874662296231,316.14815935280785,311.12167368418454,311.59381103515625,1607100.0,0.0,0.0,316.7699890136719,311.59381103515625
2025-02-10,313.2463900346317,313.2463900346317,301.0096630526301,305.1902160644531,3227000.0,0.0,0.0,310.260009765625,305.1902160644531
2025-02-11,303.48849075260716,305.43614753895474,301.3342738585723,304.5115051269531,1856100.0,0.0,0.0,309.57000732421875,304.5115051269531
2025-02-12,301.8359388342321,302.92778652534173,298.94397735655355,301.3932800292969,2238400.0,0.0,0.0,306.3999938964844,301.3932800292969
2025-02-13,302.5244822491778,304.5705109214274,300.8817876131433,302.4753112792969,1975200.0,0.0,0.0,307.5,302.4753112792969
2025-02-14,302.4064622638052,306.75425088457683,302.3966460807072,305.9574890136719,1725500.0,0.0,0.0,311.0400085449219,305.9574890136719
2025-02-18,308.2690384933291,308.56412431028457,303.9802678338574,307.73785400390625,2024500.0,0.0,0.0,312.8500061035156,307.73785400390625
2025-02-19,305.30824890307014,306.90177253435814,301.85559435600857,304.85577392578125,2148200.0,0.0,0.0,309.9200134277344,304.85577392578125
2025-02-20,304.65903594295077,304.89510462806066,293.8092723458044,298.894775390625,2830300.0,0.0,0.0,303.8599853515625,298.894775390625
2025-02-21,299.95711768657327,299.95711768657327,289.04833789371054,290.572998046875,3280200.0,0.0,0.0,295.3999938964844,290.572998046875
2025-02-24,292.2550660526013,294.09453457386894,287.64173051370534,290.7008972167969,2450600.0,0.0,0.0,295.5299987792969,290.7008972167969
2025-02-25,292.13701238951563,293.5338220261096,284.79892124907695,288.5466613769531,2511700.0,0.0,0.0,293.3399963378906,288.5466613769531
2025-02-26,290.31729192372217,294.4486439928873,288.8713111947876,291.2615966796875,1899400.0,0.0,0.0,296.1000061035156,291.2615966796875
2025-02-27,291.1632142663759,296.0815118046593,288.2515905290058,289.39263916015625,2031800.0,0.0,0.0,294.20001220703125,289.39263916015625
2025-02-28,291.4484718752057,296.15036292658823,290.1500341742621,296.0421447753906,3336300.0,0.0,0.0,300.9599914550781,296.0421447753906
2025-03-03,296.5045003727531,298.50132812194175,288.32044545218474,290.66156005859375,2342500.0,0.0,0.0,295.489990234375,290.66156005859375
2025-03-04,286.80559938518155,287.0023132681904,273.04418296242403,278.83795166015625,5901200.0,0.0,0.0,283.4700012207031,278.83795166015625
2025-03-05,278.3756658336922,281.44467897201355,276.04439739280997,279.536376953125,2569200.0,0.0,0.0,284.17999267578125,279.536376953125
2025-03-06,275.2279224914705,277.54937457527507,270.04404761275174,271.13592529296875,2944200.0,0.0,0.0,275.6400146484375,271.13592529296875
2025-03-07,269.18823368656274,269.6899095841521,260.38447009216253,268.7455749511719,3817000.0,0.0,0.0,273.2099914550781,268.7455749511719
2025-03-10,263.33549581790777,264.2011210449606,253.243169014262,257.0499267578125,4284100.0,0.0,0.0,261.32000732421875,257.0499267578125
2025-03-11,253.25297959947787,255.98755195054812,249.39703596062662,251.21681213378906,4925600.0,0.0,0.0,255.38999938964844,251.21681213378906
2025-03-12,255.92856459855346,258.5254405248885,250.83321473513902,256.4892578125,5514900.0,0.0,0.0,260.75,256.4892578125
2025-03-13,255.407192029517,257.2368143728048,249.37736929181233,252.23980712890625,4194000.0,0.0,0.0,256.42999267578125,252.23980712890625
2025-03-14,255.89902463258986,262.3026578767058,254.76782215960085,261.28948974609375,4336800.0,0.0,0.0,265.6300048828125,261.28948974609375
2025-03-17,260.85666780729076,262.0862421945498,257.0007093205278,260.0599060058594,2975800.0,0.0,0.0,264.3800048828125,260.0599060058594
2025-03-18,260.2763786588155,261.1616664395737,256.2040128408487,258.4270935058594,3251700.0,0.0,0.0,262.7200012207031,258.4270935058594
2025-03-19,258.7319666457919,267.5652400890352,256.9909000732561,266.2274475097656,2894200.0,0.0,0.0,270.6499938964844,266.2274475097656
2025-03-20,264.63393526390325,270.063725331664,263.8371734066478,266.4045104980469,2129500.0,0.0,0.0,270.8299865722656,266.4045104980469
2025-03-21,263.47321421440967,266.1389231667816,260.8271676460627,266.0897521972656,4229700.0,0.0,0.0,270.510009765625,266.0897521972656
2025-03-24,270.73258113254957,273.70322164421947,269.74892175557125,273.319580078125,2651400.0,0.0,0.0,277.8599853515625,273.319580078125
2025-03-25,274.34263524191465,275.21810662735635,271.6965887208219,274.7164306640625,2767600.0,0.0,0.0,279.2799987792969,274.7164306640625
2025-03-26,275.4246587338655,277.5198582622587,270.1129034620649,271.4900207519531,2578600.0,0.0,0.0,276.0,271.4900207519531
2025-03-27,270.36869373653104,270.99825036060264,266.11930659969624,267.5751037597656,2312000.0,0.0,0.0,272.0199890136719,267.5751037597656
2025-03-28,266.207777723423,268.1849429425609,258.7122970678756,261.1419372558594,3261500.0,0.0,0.0,265.4800109863281,261.1419372558594
2025-03-31,258.2007906010675,265.9225242197139,254.76782831210167,264.6535949707031,3946000.0,0.0,0.0,269.04998779296875,264.6535949707031
2025-04-01,261.3976750928173,266.4438533078435,260.7878109844504,266.06024169921875,2881400.0,0.0,0.0,270.4800109863281,266.06024169921875
2025-04-02,262.52887986918455,272.7884405268716,262.214101646823,270.75225830078125,2473700.0,0.0,0.0,275.25,270.75225830078125
2025-04-03,255.94820137022433,256.73511692411586,243.14093609547436,243.77049255371094,7736200.0,0.0,0.0,247.82000732421875,243.77049255371094
2025-04-04,234.80921687338483,235.84549123533586,225.63081047497568,230.62464904785156,9097500.0,0.82,0.0,233.67999267578125,230.62464904785156
2025-04-07,222.3443353552429,238.77664628609796,217.5478790645178,231.216796875,6283600.0,0.0,0.0,234.27999877929688,231.216796875
2025-04-08,242.6157940609983,243.77049459671102,224.38728664086608,228.36459350585938,4782100.0,0.0,0.0,231.38999938964844,228.36459350585938
2025-04-09,223.99252922812306,261.30815010788905,223.30166960481873,258.9296569824219,8640600.0,0.0,0.0,262.3599853515625,258.9296569824219
2025-04-10,251.68564754832153,252.15936738787192,235.40138311818498,243.6619415283203,4799900.0,0.0,0.0,246.88999938964844,243.6619415283203
2025-04-11,243.6619288818886,249.46505308749823,239.96095988530723,247.84649658203125,4413500.0,0.0,0.0,251.1300048828125,247.84649658203125
2025-04-14,253.1660029675431,254.25162654618794,248.86302420672112,252.04092407226562,3067000.0,0.0,0.0,255.3800048828125,252.04092407226562
2025-04-15,252.65282862200095,257.22229670862697,251.9619840555941,254.48849487304688,3509100.0,0.0,0.0,257.8599853515625,254.48849487304688
2025-04-16,251.82380042835496,255.5543759282582,246.36610608370836,249.6130828857422,4244900.0,0.0,0.0,252.9199981689453,249.6130828857422
2025-04-17,249.64269593285795,252.27778408890836,243.86919325138172,248.02413940429688,3907500.0,0.0,0.0,251.30999755859375,248.02413940429688
2025-04-21,245.59631952007464,246.9878724793999,236.14157516405524,239.33920288085938,4302900.0,0.0,0.0,242.50999450683594,239.33920288085938
2025-04-22,243.88892292798516,249.92891470686655,243.14872911198398,249.11962890625,2324100.0,0.0,0.0,252.4199981689453,249.11962890625
2025-04-23,258.44606963340505,266.6375659874879,255.87020959411257,256.73870849609375,3872900.0,0.0,0.0,260.1400146484375,256.73870849609375
2025-04-24,254.69577178326892,264.49593095164107,254.62667979672912,263.8248291015625,2696300.0,0.0,0.0,267.32000732421875,263.8248291015625
2025-04-25,263.50899404814453,265.3446602239292,260.5482188341204,261.3476257324219,1940100.0,0.0,0.0,264.80999755859375,261.3476257324219
2025-04-28,261.4759304375324,264.4959187420423,259.09743740476637,261.4858093261719,1561500.0,0.0,0.0,264.95001220703125,261.4858093261719
2025-04-29,261.9595098195938,263.9827242511596,258.4065736019583,263.5287170410156,1730800.0,0.0,0.0,267.0199890136719,263.5287170410156
2025-04-30,257.5479433998679,263.92350068011854,253.84697459478667,262.92669677734375,3522700.0,0.0,0.0,266.4100036621094,262.92669677734375
2025-05-01,264.49595210829136,269.0950271285815,263.03529197784513,265.0289001464844,2473800.0,0.0,0.0,268.5400085449219,265.0289001464844
2025-05-02,270.91094456118566,274.4638810053731,269.52925542138064,273.230224609375,3099300.0,0.0,0.0,276.8500061035156,273.230224609375
2025-05-05,271.85840097345556,277.9082571307794,270.4964394094723,274.3948059082031,2416300.0,0.0,0.0,278.0299987792969,274.3948059082031
2025-05-06,270.89118366546865,274.4835749882056,270.032533619609,271.76953125,3064000.0,0.0,0.0,275.3699951171875,271.76953125
2025-05-07,273.7137974373165,275.1645785062898,270.3089239903617,272.628173828125,2329200.0,0.0,0.0,276.239990234375,272.628173828125
2025-05-08,276.07259363288307,281.76714112394757,275.0856684450584,279.9512023925781,3418000.0,0.0,0.0,283.6600036621094,279.9512023925781
2025-05-09,281.2736838108281,283.2475342235357,279.27022684667264,280.79010009765625,2704600.0,0.0,0.0,284.510009765625,280.79010009765625
2025-05-12,293.4522992244318,295.2583889844666,290.87643922647936,295.01165771484375,4089000.0,0.0,0.0,298.9200134277344,295.01165771484375
2025-05-13,296.07752696762674,299.05802989641796,294.91296259000933,298.3474426269531,3531700.0,0.0,0.0,302.29998779296875,298.3474426269531
2025-05-14,299.18631780002113,299.6501737703818,295.53471324820646,296.17620849609375,1954400.0,0.0,0.0,300.1000061035156,296.17620849609375
2025-05-15,294.1530350954333,296.99538440617187,293.1167757135693,295.6334228515625,1955000.0,0.0,0.0,299.54998779296875,295.6334228515625
2025-05-16,296.43282493328684,297.7059668157239,293.93590549727435,295.80120849609375,2962200.0,0.0,0.0,299.7200012207031,295.80120849609375
2025-05-19,293.1265907340473,296.95586438118045,291.82384256405277,295.3866271972656,2751300.0,0.0,0.0,299.29998779296875,295.3866271972656
2025-05-20,292.61340055004854,294.3010640831031,290.34348496607834,292.297607421875,2706600.0,0.0,0.0,296.1700134277344,292.297607421875
2025-05-21,289.20855100756717,290.27441690493555,281.3822117694686,282.2605895996094,3447500.0,0.0,0.0,286.0,282.2605895996094
2025-05-22,281.89541853736466,285.2706854819025,281.3427428959367,283.4251403808594,2051800.0,0.0,0.0,287.17999267578125,283.4251403808594
2025-05-23,278.1352141561867,283.34617701566407,277.77990549015624,281.4907531738281,1724200.0,0.0,0.0,285.2200012207031,281.4907531738281
2025-05-27,286.731319304823,290.0177663056313,284.3824329837269,289.9190979003906,2604300.0,0.0,0.0,293.760009765625,289.9190979003906
2025-05-28,289.6230210399435,291.51793041624535,288.55715522228564,289.5243225097656,1676900.0,0.0,0.0,293.3599853515625,289.5243225097656
2025-05-29,292.3864432532723,292.73184294754327,288.97166068115445,291.5179443359375,2362200.0,0.0,0.0,295.3800048828125,291.5179443359375
2025-05-30,291.1133066368821,291.88310703310594,287.8169803187664,290.205322265625,5251700.0,0.0,0.0,294.04998779296875,290.205322265625
2025-06-02,288.52751926000036,291.883058114015,286.5339115567669,291.4685363769531,1751200.0,0.0,0.0,295.3299865722656,291.4685363769531
2025-06-03,291.3403100255633,294.35041962052674,288.8236328763613,293.5016784667969,2202400.0,0.0,0.0,297.3900146484375,293.5016784667969
2025-06-04,293.9161539389407,294.7451673870437,291.93242490185224,292.06072998046875,1842100.0,0.0,0.0,295.92999267578125,292.06072998046875
2025-06-05,292.62331056957316,294.5971608938199,290.29418164387357,292.0903625488281,1696900.0,0.0,0.0,295.9599914550781,292.0903625488281
2025-06-06,296.36370854146674,299.53172927123757,295.3175704796912,298.51519775390625,2099000.0,0.0,0.0,302.4700012207031,298.51519775390625
2025-06-09,299.8179802488641,299.8179802488641,295.66300395227375,297.61712646484375,2097800.0,0.0,0.0,301.55999755859375,297.61712646484375
2025-06-10,297.7552791164884,297.83421986288175,294.1036446356684,295.603759765625,2045300.0,0.0,0.0,299.5199890136719,295.603759765625
2025-06-11,296.25519701025286,299.4232485630546,294.7452026707047,295.1893310546875,2013500.0,0.0,0.0,299.1000061035156,295.1893310546875
2025-06-12,292.79106236602166,294.676062671973,290.1559592795807,294.0937805175781,1604500.0,0.0,0.0,297.989990234375,294.0937805175781
2025-06-13,288.72493429311055,289.4947346885923,282.4086194944703,284.0271911621094,3405600.0,0.0,0.0,287.7900085449219,284.0271911621094
2025-06-16,287.12611585565173,292.5739617545152,286.2280103887222,290.37310791015625,2307800.0,0.0,0.0,294.2200012207031,290.37310791015625
2025-06-17,288.27091914412574,290.73823163991773,287.1458403076962,288.98150634765625,2625800.0,0.0,0.0,292.80999755859375,288.98150634765625
2025-06-18,288.2610607396234,295.3274478439264,288.2610607396234,292.5443420410156,3691500.0,0.0,0.0,296.4200134277344,292.5443420410156
2025-06-20,293.68913967678543,295.8307802622944,292.7614578497605,294.6859436035156,5687000.0,0.0,0.0,298.5899963378906,294.6859436035156
2025-06-23,292.9390844798987,295.9491936696448,288.06367259119367,295.71234130859375,3101700.0,0.0,0.0,299.6300048828125,295.71234130859375
2025-06-24,299.13699820065165,305.1769748799424,298.1994073258819,304.34796142578125,2805900.0,0.0,0.0,308.3800048828125,304.34796142578125
2025-06-25,304.8513018934565,306.7066957410702,303.16363832419546,304.5552062988281,2467200.0,0.0,0.0,308.5899963378906,304.5552062988281
2025-06-26,305.53223700999376,308.1870677456148,304.14069922442025,307.34820556640625,3255200.0,0.0,0.0,311.4200134277344,307.34820556640625
2025-06-27,309.97343281631805,315.9344690585256,309.0062654609365,313.04278564453125,4605500.0,0.0,0.0,317.19000244140625,313.04278564453125
2025-06-30,314.4145625828829,315.94431444943814,313.4375164418136,314.8093566894531,3416600.0,0.0,0.0,318.9800109863281,314.8093566894531
2025-07-01,312.78614107999255,320.1387445668452,312.164373495004,318.31292724609375,3836200.0,0.0,0.0,322.5299987792969,318.31292724609375
2025-07-02,318.76692223984173,322.34946510245516,317.1385018800802,321.3526611328125,3040200.0,0.0,0.0,325.6099853515625,321.3526611328125
2025-07-03,321.88693314022925,325.65663867994505,320.74910993379973,324.6573181152344,1541800.0,0.82,0.0,328.1300048828125,324.6573181152344
2025-07-07,324.0537682098425,324.9343636246649,316.8706230236821,319.3144836425781,2160300.0,0.0,0.0,322.7300109863281,319.3144836425781
2025-07-08,321.0360888078066,321.0360888078066,313.5956849130109,313.6253662109375,2643900.0,0.0,0.0,316.9800109863281,313.6253662109375
2025-07-09,315.2875581407666,317.5335233855478,313.9518394344306,313.9914245605469,2424200.0,0.0,0.0,317.3500061035156,313.9914245605469
2025-07-10,314.4861380962284,322.6488267527418,314.1398361749099,321.79791259765625,2844400.0,0.0,0.0,325.239990234375,321.79791259765625
2025-07-11,319.5618210676677,320.9173171343292,315.8218270975864,316.0889587402344,2091200.0,0.0,0.0,319.4700012207031,316.0889587402344
2025-07-14,315.9108969161312,318.36463124307636,314.31792017505705,317.5236511230469,1890900.0,0.0,0.0,320.9200134277344,317.5236511230469
2025-07-15,315.23805349482456,316.06919012887937,307.14463179660044,307.3623046875,3006500.0,0.0,0.0,310.6499938964844,307.3623046875
2025-07-16,309.1333840969392,309.1828428585677,303.3650673057358,308.5990905761719,2921900.0,0.0,0.0,311.8999938964844,308.5990905761719
2025-07-17,307.62949444422793,313.62535802576843,307.29306615036506,312.0126037597656,3223300.0,0.0,0.0,315.3500061035156,312.0126037597656
2025-07-18,308.5595111150931,308.5595111150931,299.3084881200056,304.69091796875,5481100.0,0.0,0.0,307.95001220703125,304.69091796875
2025-07-21,304.70079103816363,305.8980071132125,299.76361083984375,299.76361083984375,2667200.0,0.0,0.0,302.9700012207031,299.76361083984375
2025-07-22,299.7735070420652,302.91984515751943,298.5367360663737,300.9212341308594,2296100.0,0.0,0.0,304.1400146484375,300.9212341308594
2025-07-23,304.7403529167146,306.3135218944583,302.00955307895435,305.39337158203125,2139100.0,0.0,0.0,308.6600036621094,305.39337158203125
2025-07-24,305.03719069629256,307.21391975792653,303.7509609200755,304.98773193359375,2288100.0,0.0,0.0,308.25,304.98773193359375
2025-07-25,306.14533892203724,309.34113564624613,304.25554933796633,308.3121337890625,2149300.0,0.0,0.0,311.6099853515625,308.3121337890625
2025-07-28,308.3022690970347,310.1821549060294,306.0167187922427,307.45135498046875,1653800.0,0.0,0.0,310.739990234375,307.45135498046875
2025-07-29,309.5984046502718,310.30088210140775,304.59195821730145,305.274658203125,1796400.0,0.0,0.0,308.5400085449219,305.274658203125
2025-07-30,305.28456159387935,305.4824570447064,298.18055575044406,300.198974609375,3132400.0,0.0,0.0,303.4100036621094,300.198974609375
2025-07-31,298.7049198210334,300.6936572109599,294.9154668395388,296.142333984375,2718200.0,0.0,0.0,299.30999755859375,296.142333984375
2025-08-01,290.9182502895496,291.788941993855,285.2884657054273,291.15570068359375,3012900.0,0.0,0.0,294.2699890136719,291.15570068359375
2025-08-04,292.4122529606047,295.9345743944028,292.40234913021493,295.4299621582031,1876000.0,0.0,0.0,298.5899963378906,295.4299621582031
2025-08-05,296.6766297851015,297.1713381788754,292.10552905776774,293.5006103515625,2181000.0,0.0,0.0,296.6400146484375,293.5006103515625
2025-08-06,294.06457118018545,294.8956777041802,291.32389739768115,292.4122619628906,3430500.0,0.0,0.0,295.5400085449219,292.4122619628906
2025-08-07,294.54937827872124,295.13313053732566,287.55419461602656,291.6108093261719,2842500.0,0.0,0.0,294.7300109863281,291.6108093261719
2025-08-08,293.85681506591396,294.97486097794166,291.4228579814742,294.2822570800781,1778100.0,0.0,0.0,297.42999267578125,294.2822570800781
2025-08-11,293.97550540826614,294.29212602087233,291.7691253391874,293.0949401855469,2316700.0,0.0,0.0,296.2300109863281,293.0949401855469
2025-08-12,295.73665391618033,301.841368412655,295.32111579945956,300.00103759765625,2170500.0,0.0,0.0,303.2099914550781,300.00103759765625
2025-08-13,301.4654234770038,304.3446301437409,299.2293317260534,303.6223449707031,2586800.0,0.0,0.0,306.8699951171875,303.6223449707031
2025-08-14,302.3064412241378,304.69093952240996,299.30850929291563,304.4732666015625,2108300.0,0.0,0.0,307.7300109863281,304.4732666015625
2025-08-15,306.18491548234323,306.5312174024051,301.02015856154196,302.2371520996094,2728000.0,0.0,0.0,305.4700012207031,302.2371520996094
2025-08-18,301.04983755482584,303.9884066458121,299.58552002175,303.8004150390625,2115100.0,0.0,0.0,307.04998779296875,303.8004150390625
2025-08-19,303.4145445980106,305.3043342164768,301.34666721100285,302.8604736328125,2215800.0,0.0,0.0,306.1000061035156,302.8604736328125
2025-08-20,302.4944129357931,305.7495725085885,300.65408196346954,305.1361389160156,2481700.0,0.0,0.0,308.3999938964844,305.1361389160156
2025-08-21,303.54319978772355,305.2548715906785,300.8024958254985,304.9085998535156,1848500.0,0.0,0.0,308.1700134277344,304.9085998535156
2025-08-22,306.9368984834718,318.3052885043183,306.8676320567995,315.78228759765625,2785200.0,0.0,0.0,319.1600036621094,315.78228759765625
2025-08-25,315.6833332544181,316.5639287318013,312.0719678422157,312.45782470703125,1599600.0,0.0,0.0,315.79998779296875,312.45782470703125
2025-08-26,311.686068612145,317.3950228570534,310.79559953350514,317.20703125,1848600.0,0.0,0.0,320.6000061035156,317.20703125
2025-08-27,316.5342358326523,320.09611215574245,316.12857132143944,319.0473327636719,1970100.0,0.0,0.0,322.4599914550781,319.0473327636719
2025-08-28,320.5611380400466,324.0735857822397,318.5922082784871,323.5293884277344,2194800.0,0.0,0.0,326.989990234375,323.5293884277344
2025-08-29,323.81634987996637,328.5457612797336,323.35132274633503,327.7740173339844,2981300.0,0.0,0.0,331.2799987792969,327.7740173339844
2025-09-02,323.20289575875927,327.8729442661183,319.29468731792576,327.675048828125,3225100.0,0.0,0.0,331.17999267578125,327.675048828125
2025-09-03,327.2495905189704,328.5556278774969,318.00844168443257,320.2840881347656,3439000.0,0.0,0.0,323.7099914550781,320.2840881347656
2025-09-04,321.56043629661957,327.53652178259,319.4035150783191,327.150634765625,2485100.0,0.0,0.0,330.6499938964844,327.150634765625
2025-09-05,327.19027281822343,328.9415298383723,321.78806506902265,322.767578125,2971800.0,0.0,0.0,326.2200012207031,322.767578125
2025-09-08,323.05449001050454,323.9845442208949,320.5710441726957,321.96612548828125,2264400.0,0.0,0.0,325.4100036621094,321.96612548828125
2025-09-09,319.37385622866026,323.1336279778945,317.4048962710974,320.9074401855469,2056000.0,0.0,0.0,324.3399963378906,320.9074401855469
2025-09-10,319.5717117433419,321.2141471990523,317.8402324020006,319.92791748046875,1846600.0,0.0,0.0,323.3500061035156,319.92791748046875
2025-09-11,320.0763343007303,327.19024349720206,319.0077774440231,325.8347473144531,2825900.0,0.0,0.0,329.32000732421875,325.8347473144531
2025-09-12,326.11179416769477,326.11179416769477,320.6205126282534,321.8671875,2000300.0,0.0,0.0,325.30999755859375,321.8671875
2025-09-15,322.5993536888326,326.7746940272268,322.54989492389535,323.79656982421875,1646300.0,0.0,0.0,327.260009765625,323.79656982421875
2025-09-16,324.33079360803606,324.5187852032269,320.27420915080745,323.578857421875,1987600.0,0.0,0.0,327.0400085449219,323.578857421875
2025-09-17,325.41919561215246,333.92818655286516,324.92448718762967,332.4440612792969,3586500.0,0.0,0.0,336.0,332.4440612792969
2025-09-18,334.91758213293986,338.84556798198776,331.45462338119603,338.0540466308594,3204000.0,0.0,0.0,341.6700134277344,338.0540466308594
2025-09-19,338.9049385022845,340.71555797778717,336.1246796835514,337.5098571777344,8632000.0,0.0,0.0,341.1199951171875,337.5098571777344
2025-09-22,335.9168940447969,341.8533946082417,334.7988482742116,337.371337890625,3328000.0,0.0,0.0,340.9800109863281,337.371337890625
2025-09-23,338.32116721880107,345.4944386840389,336.41160013062176,337.85614013671875,2697600.0,0.0,0.0,341.4700012207031,337.85614013671875
2025-09-24,339.34028615562204,341.3488010817391,334.92749561641705,336.87664794921875,2279100.0,0.0,0.0,340.4800109863281,336.87664794921875
2025-09-25,333.34445158961614,337.16358633235,330.4652447856458,336.579833984375,2223900.0,0.0,0.0,340.17999267578125,336.579833984375
2025-09-26,337.83638778042615,339.6964660523973,335.43208194203766,338.0639343261719,1728600.0,0.0,0.0,341.67999267578125,338.0639343261719
2025-09-29,340.121922269543,341.2003829373877,334.91758033965795,338.687255859375,1658100.0,0.0,0.0,342.30999755859375,338.687255859375
2025-09-30,337.9847493448019,339.33034155776335,324.67708270764024,328.6446533203125,3327300.0,0.0,0.0,332.1600036621094,328.6446533203125
2025-10-01,327.4969429478443,332.216449956522,324.9244533691521,325.082763671875,2598800.0,0.0,0.0,328.55999755859375,325.082763671875
2025-10-02,324.9739679649466,328.46660814635857,322.82692017094763,326.98248291015625,1907600.0,0.0,0.0,330.4800109863281,326.98248291015625
2025-10-03,328.4864090316657,328.5259941619427,325.2411228249203,326.7450256347656,2404000.0,0.0,0.0,330.239990234375,326.7450256347656
2025-10-06,328.4863442589557,330.46517765810603,322.79719823639846,328.4764404296875,2116200.0,0.0,0.0,331.989990234375,328.4764404296875
2025-10-07,329.1294867339395,331.39525962086464,322.2926131419699,324.4990234375,1708900.0,0.0,0.0,327.9700012207031,324.4990234375
2025-10-08,325.1916216888066,325.66652241182646,320.1554637798242,320.3929443359375,2184300.0,0.0,0.0,323.82000732421875,320.3929443359375
2025-10-09,323.0247968321972,324.83541622946404,320.6204911414414,321.0063781738281,2094800.0,0.0,0.0,324.44000244140625,321.0063781738281
2025-10-10,322.5736425518369,325.4502156128844,313.39834709795815,313.7058410644531,2684700.0,0.82,0.0,316.260009765625,313.7058410644531
2025-10-13,316.59232573138286,321.74038229283474,316.4831983747602,320.5104064941406,1693100.0,0.0,0.0,323.1199951171875,320.5104064941406
2025-10-14,319.0126203832759,333.6137409185364,317.9115994208766,330.161865234375,2810400.0,0.0,0.0,332.8500061035156,330.161865234375
2025-10-15,331.1636397047696,334.19895414724994,327.61256609492307,327.989501953125,2186000.0,0.0,0.0,330.6600036621094,327.989501953125
2025-10-16,328.34659829076753,329.8146563806786,317.4156091483223,320.5104064941406,3268000.0,0.0,0.0,323.1199951171875,320.5104064941406
2025-10-17,329.69566192130475,345.8838668020884,328.3268021324798,343.8206481933594,7025200.0,0.0,0.0,346.6199951171875,343.8206481933594
2025-10-20,344.5844146813416,347.3915456449276,339.88267540411414,346.65753173828125,3465400.0,0.0,0.0,349.4800109863281,346.65753173828125
2025-10-21,349.24643950173754,353.7894673585983,347.95695069827167,352.3511657714844,2658400.0,0.0,0.0,355.2200012207031,352.3511657714844
2025-10-22,352.41067426800413,354.8408996024201,346.35993324299557,349.15716552734375,2710000.0,0.0,0.0,352.0,349.15716552734375
2025-10-23,349.8713639579201,353.30341183011734,347.71887599256263,352.0635070800781,1892600.0,0.0,0.0,354.92999267578125,352.0635070800781
2025-10-24,355.5054840885042,359.3938387062296,353.9878418843979,354.6722717285156,2397500.0,0.0,0.0,357.55999755859375,354.6722717285156
2025-10-27,359.07640599861463,359.90961833580184,356.01136517110456,358.74908447265625,2179900.0,0.0,0.0,361.6700134277344,358.74908447265625
2025-10-28,358.3027257611935,359.60214355200924,356.5371025611538,358.1142578125,1416800.0,0.0,0.0,361.0299987792969,358.1142578125
2025-10-29,356.1006341457638,359.07640546174514,353.00583682052104,355.3269348144531,1840500.0,0.0,0.0,358.2200012207031,355.3269348144531
2025-10-30,355.693931538873,362.7961091746614,355.0690147371084,355.9815979003906,2045100.0,0.0,0.0,358.8800048828125,355.9815979003906
2025-10-31,354.1168244630618,359.06651492776365,353.124900585014,357.81671142578125,2155600.0,0.0,0.0,360.7300109863281,357.81671142578125
2025-11-03,358.0844750068441,360.6039698165983,355.9518449910809,358.699462890625,1822900.0,0.0,0.0,361.6199951171875,358.699462890625
2025-11-04,356.4180489286009,359.61204461277435,353.96799605653825,357.5785827636719,1887800.0,0.0,0.0,360.489990234375,357.5785827636719
2025-11-05,356.78509342547716,364.849439200938,353.5315843955799,362.8457336425781,2195800.0,0.0,0.0,365.79998779296875,362.8457336425781
2025-11-06,363.08380011194413,366.27779599295593,359.4831118360484,362.77630615234375,2354600.0,0.0,0.0,365.7300109863281,362.77630615234375
2025-11-07,361.1991400517432,367.0117988767935,358.0844848500607,365.5635986328125,2752200.0,0.0,0.0,368.5400085449219,365.5635986328125
2025-11-10,366.4959890445318,368.7972290819573,359.83026039743277,364.9089050292969,2876800.0,0.0,0.0,367.8800048828125,364.9089050292969
2025-11-11,364.9188760074882,370.06693288737836,363.3020353049998,367.1705322265625,2132900.0,0.0,0.0,370.1600036621094,367.1705322265625
2025-11-12,368.1128327648191,374.1834319454709,367.5177026922074,369.7594299316406,2961500.0,0.0,0.0,372.7699890136719,369.7594299316406
2025-11-13,368.09301440716746,370.8704193237527,360.4056046418607,361.7843933105469,2273500.0,0.0,0.0,364.7300109863281,361.7843933105469
2025-11-14,358.87800149604936,359.27479521388256,352.52969553515607,354.2953186035156,2943500.0,0.0,0.0,357.17999267578125,354.2953186035156
2025-11-17,353.34308815173557,355.3368646251713,336.65892300012183,338.4939880371094,3599000.0,0.0,0.0,341.25,338.4939880371094
2025-11-18,334.1295555056257,340.9539964488277,331.4017649133996,337.9087829589844,4216800.0,0.0,0.0,340.6600036621094,337.9087829589844
2025-11-19,338.95029897468373,342.5311599057269,337.9881316047362,341.8566589355469,2005000.0,0.0,0.0,344.6400146484375,341.8566589355469
2025-11-20,347.14355938127386,350.27804209435277,337.5715011547158,341.02337646484375,3095700.0,0.0,0.0,343.79998779296875,341.02337646484375
2025-11-21,342.8088754795695,353.4323710301206,341.519356361309,350.0400085449219,3044100.0,0.0,0.0,352.8900146484375,350.0400085449219
2025-11-24,350.7640784366107,353.51172665092713,347.3518582487232,353.055419921875,3330900.0,0.0,0.0,355.92999267578125,353.055419921875
2025-11-25,354.1663923304047,360.8519795466558,352.4404545483929,359.7112731933594,2059400.0,0.0,0.0,362.6400146484375,359.7112731933594
2025-11-26,359.78068386569976,363.76823703539435,359.78068386569976,361.030517578125,1679900.0,0.0,0.0,363.9700012207031,361.030517578125
2025-11-28,362.7365981004023,364.56173416556067,361.0701734675765,362.3199768066406,872300.0,0.0,0.0,365.2699890136719,362.3199768066406
2025-12-01,360.9213722439846,363.5698220572188,357.2314448407774,357.4000549316406,2229100.0,0.0,0.0,360.30999755859375,357.4000549316406
2025-12-02,359.1557556838884,360.72301223752567,354.4639754899425,357.78692626953125,2135400.0,0.0,0.0,360.70001220703125,357.78692626953125
2025-12-03,358.1043272722765,367.21021096304736,357.8861028206216,365.15692138671875,2651800.0,0.0,0.0,368.1300048828125,365.15692138671875
2025-12-04,366.00993739034465,370.04707434619905,365.1568974895005,368.1524963378906,2027200.0,0.0,0.0,371.1499938964844,368.1524963378906
2025-12-05,366.4662529229916,371.85239178763925,366.0793881183482,367.3589782714844,1978700.0,0.0,0.0,370.3500061035156,367.3589782714844
2025-12-08,366.92254000398935,367.0118095143107,357.786930194423,359.3541564941406,2581400.0,0.0,0.0,362.2799987792969,359.3541564941406
2025-12-09,360.0980800342922,365.0973842418934,359.57236165430413,360.9709777832031,2197600.0,0.0,0.0,363.9100036621094,360.9709777832031
2025-12-10,360.06831559255875,374.9273440316915,360.06831559255875,372.53680419921875,2804400.0,0.0,0.0,375.57000732421875,372.53680419921875
2025-12-11,373.45930019768355,382.80323545020536,372.56657485701095,381.78155517578125,2975800.0,0.0,0.0,384.8900146484375,381.78155517578125
2025-12-12,383.36865154116106,384.36057542335186,375.54238785165535,379.47039794921875,2477800.0,0.0,0.0,382.55999755859375,379.47039794921875
2025-12-15,381.29552349598504,382.63462675336274,376.8021096473539,379.4803161621094,2734700.0,0.0,0.0,382.57000732421875,379.4803161621094
2025-12-16,380.89874015101776,381.67243950610504,375.76058211925584,377.67498779296875,2584400.0,0.0,0.0,380.75,377.67498779296875
2025-12-17,378.4685067347652,381.2359825611483,371.52504026404716,372.57647705078125,2973900.0,0.0,0.0,375.6099853515625,372.57647705078125
2025-12-18,376.9310735219937,377.4667208918581,370.83074772842645,372.48724365234375,2884400.0,0.0,0.0,375.5199890136719,372.48724365234375
2025-12-19,372.5070709878668,374.50081723433834,369.7594226982394,373.46923828125,7934300.0,0.0,0.0,376.510009765625,373.46923828125
2025-12-22,375.27453298966185,379.33152813299563,374.0346281899204,377.7742004394531,2747400.0,0.0,0.0,380.8500061035156,377.7742004394531
2025-12-23,377.674990330258,381.4442886965471,377.03024590853914,379.1033630371094,1768200.0,0.0,0.0,382.19000244140625,379.1033630371094
2025-12-24,379.10337718912905,381.6228722343108,377.6650755037382,380.01593017578125,817100.0,0.0,0.0,383.1099853515625,380.01593017578125
2025-12-26,379.24222599347087,379.57950673548544,377.1988653178767,377.9725646972656,1114900.0,0.0,0.0,381.04998779296875,377.9725646972656
2025-12-29,377.9229378315347,378.30980261299095,371.94163900268313,372.288818359375,1736800.0,0.0,0.0,375.32000732421875,372.288818359375
2025-12-30,372.0011900118234,372.397953486676,369.938001779922,370.37445068359375,1319500.0,0.0,0.0,373.3900146484375,370.37445068359375
2025-12-31,370.25538322418396,371.34650545043723,366.8828483830382,366.96221923828125,1469300.0,0.0,0.0,369.95001220703125,366.96221923828125
2026-01-02,367.33003458353085,370.68023870516225,365.0932481753767,370.54107666015625,2076100.0,0.82,0.0,372.7300109863281,370.54107666015625
2026-01-05,370.11359455075444,381.44667043632586,370.0639003193659,377.5695495605469,2362000.0,0.0,0.0,379.79998779296875,377.5695495605469
2026-01-06,378.1361960868824,383.99162044381677,374.0006228800292,381.3074645996094,2544100.0,0.0,0.0,383.55999755859375,381.3074645996094
2026-01-07,381.64544531483835,382.72904037704086,374.30878135363463,375.9988098144531,2178600.0,0.0,0.0,378.2200012207031,375.9988098144531
2026-01-08,375.9491158286669,382.86823300031887,374.2988609515397,380.7308654785156,2707700.0,0.0,0.0,382.9800109863281,380.7308654785156
2026-01-09,380.75075966924896,382.62967484726096,371.63459888912604,373.4041442871094,2767700.0,0.0,0.0,375.6099853515625,373.4041442871094
2026-01-12,358.38290047267066,359.91386504710005,353.42221483182294,357.4782409667969,7015900.0,0.0,0.0,359.5899963378906,357.4782409667969
2026-01-13,357.4881927984241,358.17414308101064,353.859634123139,355.8975830078125,3775000.0,0.0,0.0,358.0,355.8975830078125
2026-01-14,354.3467478730277,356.285308301547,348.66033833284405,356.15606689453125,3583400.0,0.0,0.0,358.260009765625,356.15606689453125
2026-01-15,356.2653980586831,358.9793765278647,353.640917744862,355.2712707519531,2868300.0,0.0,0.0,357.3699951171875,355.2712707519531
2026-01-16,359.02906715552393,367.2306173537556,357.7864080345798,362.647705078125,3555100.0,0.0,0.0,364.7900085449219,362.647705078125
2026-01-20,353.9093267728209,359.03902739698503,349.2866407913532,350.1217041015625,3049600.0,0.0,0.0,352.19000244140625,350.1217041015625
2026-01-21,350.231039690484,360.50039180730136,350.2012170846747,357.49810791015625,2780300.0,0.0,0.0,359.6099853515625,357.49810791015625
2026-01-22,360.5997922470434,367.9265053053123,360.5997922470434,365.85870361328125,2628500.0,0.0,0.0,368.0199890136719,365.85870361328125
2026-01-23,360.5998188911587,361.613817850332,356.1461175117015,359.56591796875,2801800.0,0.0,0.0,361.69000244140625,359.56591796875
2026-01-26,360.0629572603808,362.7272110547247,358.54194375541107,361.1167297363281,2131200.0,0.0,0.0,363.25,361.1167297363281
2026-01-27,361.1267035097893,361.28576752315075,353.68066917994963,357.3390808105469,1916000.0,0.0,0.0,359.45001220703125,357.3390808105469
2026-01-28,357.13028006810157,359.44661365701097,354.45607521508254,354.89349365234375,2386500.0,0.0,0.0,356.989990234375,354.89349365234375
2026-01-29,358.15421713158395,360.1623736138545,353.5613540433259,356.3946228027344,4217500.0,0.0,0.0,358.5,356.3946228027344
2026-01-30,352.9151734065101,353.9192516363068,342.4768372916697,350.101806640625,5381200.0,0.0,0.0,352.1700134277344,350.101806640625
2026-02-02,348.2924878907997,353.2133995722573,344.9721065184461,350.7579040527344,2603200.0,0.0,0.0,352.8299865722656,350.7579040527344
2026-02-03,351.8514871967733,356.265415076565,344.862773110163,347.5767517089844,2854600.0,0.0,0.0,349.6300048828125,347.5767517089844
2026-02-04,347.5767347681018,355.2314968194633,345.49901233965977,351.593017578125,3241900.0,0.0,0.0,353.6700134277344,351.593017578125
2026-02-05,348.49130920128266,355.22157036779265,346.3042473673819,352.53741455078125,4074900.0,0.0,0.0,354.6199951171875,352.53741455078125
2026-02-06,356.0963993009822,359.267667710905,352.6070028843011,357.0408020019531,3301700.0,0.0,0.0,359.1499938964844,357.0408020019531
2026-02-09,356.8916933997402,359.6155924377481,353.59118355004665,357.5478210449219,2219700.0,0.0,0.0,359.6600036621094,357.5478210449219
2026-02-10,357.5080543993686,367.33003696727206,357.2197489879289,361.0670471191406,3506900.0,0.0,0.0,363.20001220703125,361.0670471191406
2026-02-11,365.4014436307579,367.3300531025327,351.8713850599483,351.9310302734375,3437100.0,0.0,0.0,354.010009765625,351.9310302734375
2026-02-12,354.4063721019071,356.95133548852965,338.3810453479579,340.8663635253906,4141900.0,0.0,0.0,342.8800048828125,340.8663635253906
2026-02-13,340.5880303189738,342.8446884428461,334.23554209933513,335.5179748535156,3814400.0,0.0,0.0,337.5,335.5179748535156
2026-02-17,336.74075704572743,344.59435678320733,336.0150331824299,342.5066833496094,3186000.0,0.0,0.0,344.5299987792969,342.5066833496094
2026-02-18,344.05752149074317,346.0060025485974,342.97392634954616,344.2066345214844,1900600.0,0.0,0.0,346.239990234375,344.2066345214844
2026-02-19,341.7312719680476,342.5961578967821,336.30334520476464,340.6377258300781,2786500.0,0.0,0.0,342.6499938964844,340.6377258300781
2026-02-20,339.5441585204952,344.2463914513861,336.51208246816316,344.14697265625,2738900.0,0.0,0.0,346.17999267578125,344.14697265625
2026-02-23,341.3336256877657,343.7990420558611,315.2874774404477,319.35345458984375,7092600.0,0.0,0.0,321.239990234375,319.35345458984375
2026-02-24,318.60785155120976,321.6896522767627,314.2138258349367,318.5979309082031,7925900.0,0.0,0.0,320.4800109863281,318.5979309082031
2026-02-25,321.56041091413744,327.19712610574146,320.42712155768345,325.1690979003906,3843800.0,0.0,0.0,327.0899963378906,325.1690979003906
2026-02-26,327.9029405902808,334.64312238027975,327.81347277508456,333.35076904296875,3215500.0,0.0,0.0,335.32000732421875,333.35076904296875
2026-02-27,319.0154341970581,319.6218676064142,305.84324789756397,307.0859069824219,9817300.0,0.0,0.0,308.8999938964844,307.0859069824219
2026-03-02,301.41940326085506,308.5970034319296,299.51066553545763,305.6245422363281,6280000.0,0.0,0.0,307.42999267578125,305.6245422363281
2026-03-03,298.34755461072956,307.59295748373404,297.9896833149493,306.0122985839844,5673100.0,0.0,0.0,307.82000732421875,306.0122985839844
2026-03-04,307.2946509851835,310.6249832460687,305.19705710947994,309.38232421875,4055200.0,0.0,0.0,311.2099914550781,309.38232421875
2026-03-05,305.05787215012936,307.6823826420231,303.0099724504044,305.40582275390625,4601800.0,0.0,0.0,307.2099914550781,305.40582275390625
2026-03-06,298.91420229121525,301.2205850087923,292.78045357276136,299.2323303222656,5500100.0,0.0,0.0,301.0,299.2323303222656
2026-03-09,292.8003212886472,304.5011890408295,290.7126478279949,303.58660888671875,4695000.0,0.0,0.0,305.3800048828125,303.58660888671875
2026-03-10,304.1532338312818,306.43971429244465,299.2521635998846,301.3696594238281,3488800.0,0.0,0.0,303.1499938964844,301.3696594238281
2026-03-11,300.6936761009347,305.047958390873,299.0831947801863,304.1929931640625,3512200.0,0.0,0.0,305.989990234375,304.1929931640625
2026-03-12,298.7750180657894,303.04975318923266,296.97565013508995,300.1170959472656,3602400.0,0.0,0.0,301.8900146484375,300.1170959472656
2026-03-13,302.5328362259841,303.9146574381859,298.07913486755376,298.19842529296875,2645800.0,0.0,0.0,299.9599914550781,298.19842529296875
2026-03-16,299.2422561590962,302.2445095616675,294.0926538965527,296.4487609863281,3604200.0,0.0,0.0,298.20001220703125,296.4487609863281
2026-03-17,302.0755051435172,304.49125752629703,298.07912434144697,298.506591796875,3616000.0,0.0,0.0,300.2699890136719,298.506591796875
2026-03-18,297.3931888569087,299.30192670605464,291.63718304104725,292.6611633300781,3303100.0,0.0,0.0,294.3900146484375,292.6611633300781
2026-03-19,290.56353616012655,295.87217248659397,289.56940882546917,293.1979675292969,3027200.0,0.0,0.0,294.92999267578125,293.1979675292969
2026-03-20,293.23773166307524,294.75874522252735,289.2612224526533,293.7646179199219,7116500.0,0.0,0.0,295.5,293.7646179199219
2026-03-23,303.1889408415584,303.1889408415584,296.2101481020495,300.136962890625,4319800.0,0.0,0.0,301.9100036621094,300.136962890625
2026-03-24,297.05517195966956,302.0556309956761,296.20023705595673,300.2264404296875,3639100.0,0.0,0.0,302.0,300.2264404296875
2026-03-25,303.2088318630197,304.58073241542246,295.1663455043708,298.4767761230469,2823800.0,0.0,0.0,300.239990234375,298.4767761230469
2026-03-26,296.81661370201715,300.9223645605019,294.1125860643122,297.6318054199219,2887500.0,0.0,0.0,299.3900146484375,297.6318054199219
2026-03-27,295.54412756707376,296.20025525688044,289.7881217315925,290.5535888671875,2751000.0,0.0,0.0,292.2699890136719,290.5535888671875
2026-03-30,292.9494246439427,299.6896065051081,291.97519930928115,295.742919921875,3851100.0,0.0,0.0,297.489990234375,295.742919921875
2026-03-31,301.2006768926614,302.6819167463937,295.8323656187341,300.70361328125,3516600.0,0.0,0.0,302.4800109863281,300.70361328125
2026-04-01,304.9684216926076,305.4456137196578,297.870368528087,299.6796875,3403300.0,0.0,0.0,301.45001220703125,299.6796875
2026-04-02,294.59358475392804,301.9235261579102,291.7812757361931,299.36053466796875,2105500.0,0.95,0.0,300.17999267578125,299.36053466796875
2026-04-06,297.94441222161663,304.955219510917,297.5953616145165,304.8953857421875,2185200.0,0.0,0.0,305.7300109863281,304.8953857421875
2026-04-07,301.70411810603224,306.28158415178285,300.88634933073007,306.19183349609375,2265500.0,0.0,0.0,307.0299987792969,306.19183349609375
2026-04-08,316.3839293268295,321.61959718803,314.0802379026427,315.4764099121094,3654200.0,0.0,0.0,316.3399963378906,315.4764099121094
2026-04-09,313.4519504483137,317.2814638305656,311.3277603488322,316.9024963378906,1996200.0,0.0,0.0,317.7699890136719,316.9024963378906
2026-04-10,316.50359531695193,317.13188032670456,312.2751799848947,312.6441650390625,1991300.0,0.0,0.0,313.5,312.6441650390625
2026-04-13,310.3304962178974,323.334906583854,309.1537248276165,322.9360046386719,2581800.0,0.0,0.0,323.82000732421875,322.9360046386719
2026-04-14,324.11277251588484,328.0121021388803,322.8661849292853,326.0674133300781,2288700.0,0.0,0.0,326.9599914550781,326.0674133300781
2026-04-15,327.98221132397043,331.49259129052257,326.3466736719022,328.1617126464844,2542300.0,0.0,0.0,329.05999755859375,328.1617126464844
2026-04-16,327.87248993738143,330.2659625986482,324.3421755871244,324.8707275390625,2018700.0,0.0,0.0,325.760009765625,324.8707275390625
2026-04-17,329.0991265103528,339.0518928684265,328.6304083552249,330.7845153808594,4775500.0,0.0,0.0,331.69000244140625,330.7845153808594
2026-04-20,330.77453886486524,333.8261829305984,328.6304142406011,328.969482421875,2280600.0,0.0,0.0,329.8699951171875,328.969482421875
2026-04-21,330.89420164588154,337.1670389948581,327.5533712124168,328.88970947265625,2916800.0,0.0,0.0,329.7900085449219,328.88970947265625
2026-04-22,330.2060889329563,333.58684918788316,327.1045935235446,331.9912109375,4339800.0,0.0,0.0,332.8999938964844,331.9912109375
2026-04-23,331.2931510976227,331.2931510976227,313.89077506412474,317.6803894042969,4580600.0,0.0,0.0,318.54998779296875,317.6803894042969
2026-04-24,315.645984808568,317.9496764195463,311.64692176945607,313.22259521484375,2968100.0,0.0,0.0,314.0799865722656,313.22259521484375
2026-04-27,312.1654850332777,318.08927203826494,312.1654850332777,317.9696044921875,2553000.0,0.0,0.0,318.8399963378906,317.9696044921875
2026-04-28,320.82181319194564,322.81635345317187,314.10019181631026,315.0376281738281,6101400.0,0.0,0.0,315.8999938964844,315.0376281738281
2026-04-29,316.0149527343594,316.68310665516026,313.15279242973156,314.7882995605469,3136000.0,0.0,0.0,315.6499938964844,314.7882995605469
2026-04-30,312.51452364076613,322.9659251539121,311.37765156250504,322.1680908203125,4587900.0,0.0,0.0,323.04998779296875,322.1680908203125
2026-05-01,323.58424451830973,324.1127964767318,318.5879113628868,318.80731201171875,2385600.0,0.0,0.0,319.67999267578125,318.80731201171875
2026-05-04,319.894331511301,322.0185217767253,316.59336978615266,318.3385925292969,2692000.0,0.0,0.0,319.2099914550781,318.3385925292969
2026-05-05,319.40565995107727,319.72479368084754,313.6414401070216,315.0874938964844,2658400.0,0.0,0.0,315.95001220703125,315.0874938964844
2026-05-06,319.1264331245516,323.89338300197886,319.1264331245516,321.021240234375,2933600.0,0.0,0.0,321.8999938964844,321.021240234375
2026-05-07,321.4500546249416,323.6540434358721,315.9351522462195,317.82000732421875,3350500.0,0.0,0.0,318.69000244140625,317.82000732421875
2026-05-08,318.2189109010829,319.1762816705063,312.75385982518293,315.1672668457031,6802200.0,0.0,0.0,316.0299987792969,315.1672668457031
2026-05-11,314.42930066271316,315.5362558734043,310.9587897328566,311.4674072265625,3081600.0,0.0,0.0,312.32000732421875,311.4674072265625
2026-05-12,311.4773595610905,314.09023280984707,310.23077192560817,313.45196533203125,2275500.0,0.0,0.0,314.30999755859375,313.45196533203125
2026-05-13,310.2706580463502,311.2479936673094,306.9198452332338,308.7647705078125,2967000.0,0.0,0.0,309.6099853515625,308.7647705078125
2026-05-14,312.1654857458775,313.8209578170227,310.1809279222681,311.9161682128906,3240500.0,0.0,0.0,312.7699890136719,311.9161682128906
2026-05-15,311.4374832251929,314.62872923518694,311.14826637907896,312.6242370605469,2649600.0,0.0,0.0,313.4800109863281,312.6242370605469
2026-05-18,313.43202570874683,314.7982808651839,309.5526304427589,311.3876037597656,2274200.0,0.0,0.0,312.239990234375,311.3876037597656
2026-05-19,309.89169560276986,312.13555328771196,306.7902002555873,308.4656066894531,2918400.0,0.0,0.0,309.30999755859375,308.4656066894531
2026-05-20,309.1537444856682,310.02136464103194,302.2127528084887,308.9742431640625,4577100.0,0.0,0.0,309.82000732421875,308.9742431640625
2026-05-21,307.70766829336867,309.90167462370357,304.77569184931536,308.85455322265625,1992700.0,0.0,0.0,309.70001220703125,308.85455322265625
2026-05-22,312.4247686415435,313.57162314374057,309.801943468406,310.9288635253906,2209200.0,0.0,0.0,311.7799987792969,310.9288635253906
2026-05-26,313.1827091563532,313.71126108933413,308.75482749979824,309.87176513671875,2410400.0,0.0,0.0,310.7200012207031,309.87176513671875
2026-05-27,312.9633025756987,316.6232667116763,310.82913000446604,311.6867980957031,3015600.0,0.0,0.0,312.5400085449219,311.6867980957031
2026-05-28,310.1510174656774,314.6387331524798,305.394049794004,314.259765625,3599800.0,0.0,0.0,315.1199951171875,314.259765625
2026-05-29,314.70854207186255,318.3685064039522,311.7366661296032,315.6060791015625,4530400.0,0.0,0.0,316.4700012207031,315.6060791015625
2026-06-01,312.3051145160641,313.9406216874882,309.7521054429128,312.68408203125,2621800.0,0.0,0.0,313.5400085449219,312.68408203125
2026-06-02,312.4746366499182,312.84365216304997,309.49280869819853,310.12109375,2116700.0,0.0,0.0,310.9700012207031,310.12109375
2026-06-03,307.8373271021028,309.51273356554276,299.2109468256847,299.7494812011719,3939200.0,0.0,0.0,300.57000732421875,299.7494812011719
2026-06-04,304.9352633254391,314.1001778530919,304.60617758804455,311.67681884765625,2992200.0,0.0,0.0,312.5299987792969,311.67681884765625
2026-06-05,313.06303029716327,313.6414335402777,307.46832944062595,309.8119201660156,2445700.0,0.0,0.0,310.6600036621094,309.8119201660156
2026-06-08,309.15373961029354,313.10292079468775,308.90442207834974,311.44744873046875,2500500.0,0.0,0.0,312.29998779296875,311.44744873046875
2026-06-09,314.14008639777563,321.6595115906065,313.7810837646271,317.5108642578125,2634300.0,0.0,0.0,318.3800048828125,317.5108642578125
2026-06-10,318.0095041869914,319.43559316984675,312.424785367517,312.484619140625,2525400.0,0.0,0.0,313.3399963378906,312.484619140625
2026-06-11,314.1101646376699,318.6577138592658,308.7947283953537,317.62054443359375,2589900.0,0.0,0.0,318.489990234375,317.62054443359375
2026-06-12,320.9214970360487,324.73107601578954,318.2089212224986,324.55157470703125,2223000.0,0.0,0.0,325.44000244140625,324.55157470703125
2026-06-15,328.7999602252156,339.0718299590927,328.7999602252156,334.4644470214844,3353000.0,0.0,0.0,335.3800048828125,334.4644470214844
2026-06-16,335.9104845916124,341.2558683157407,334.5342773766101,339.809814453125,3657300.0,0.0,0.0,340.739990234375,339.809814453125
2026-06-17,340.4580677861389,346.00288733115053,338.4036632977096,339.6103820800781,3982100.0,0.0,0.0,340.5400085449219,339.6103820800781
2026-06-18,345.40451262574146,347.24946843714247,337.0473841391201,337.0773010253906,4490800.0,0.0,0.0,338.0,337.0773010253906
2026-06-22,337.0573745831977,339.3211668561434,334.963101191721,337.1471252441406,3006200.0,0.0,0.0,338.07000732421875,337.1471252441406
2026-06-23,334.26500167857535,337.60586276898675,333.02839643115027,336.85791015625,3549800.0,0.0,0.0,337.7799987792969,336.85791015625
2026-06-24,335.92046114942104,343.57948831163696,335.29217610886286,341.6248474121094,2639300.0,0.0,0.0,342.55999755859375,341.6248474121094
2026-06-25,344.05819058720806,351.5576509155548,339.98934189829845,341.5251159667969,3523100.0,0.0,0.0,342.4599914550781,341.5251159667969
2026-06-26,341.05640235093034,343.0709074934189,337.3964380134669,339.43084716796875,5899700.0,0.0,0.0,340.3599853515625,339.43084716796875
2026-06-29,340.84696936514547,343.1107615079439,338.3637765856769,339.9494323730469,2604900.0,0.0,0.0,340.8800048828125,339.9494323730469
2026-06-30,341.0663618607955,343.20053440603346,335.6511927179315,337.32659912109375,3527300.0,0.0,0.0,338.25,337.32659912109375
2026-07-01,340.59764915887246,349.54316299263087,336.80803502909305,347.04998779296875,2918000.0,0.0,0.0,348.0,347.04998779296875
2026-07-02,349.4700012207031,352.0899963378906,346.0199890136719,351.9599914550781,2440600.0,0.95,0.0,351.9599914550781,351.9599914550781
2026-07-06,352.2099914550781,358.1700134277344,350.5899963378906,356.0299987792969,3525200.0,0.0,0.0,356.0299987792969,356.0299987792969
2026-07-07,358.5400085449219,359.5899963378906,349.239990234375,349.5799865722656,2909000.0,0.0,0.0,349.5799865722656,349.5799865722656
2026-07-08,345.45001220703125,346.80999755859375,333.55999755859375,336.3900146484375,3568800.0,0.0,0.0,336.3900146484375,336.3900146484375
2026-07-09,337.010009765625,348.510009765625,335.2900085449219,346.7200012207031,3474000.0,0.0,0.0,346.7200012207031,346.7200012207031
2026-07-10,351.2200012207031,352.989990234375,345.92999267578125,350.5799865722656,2792700.0,0.0,0.0,350.5799865722656,350.5799865722656
2026-07-13,356.6000061035156,357.5899963378906,352.70001220703125,354.42999267578125,2624600.0,0.0,0.0,354.42999267578125,354.42999267578125
2026-07-14,353.0899963378906,361.0,352.4700012207031,355.05999755859375,3530900.0,0.0,0.0,355.05999755859375,355.05999755859375
2026-07-15,356.1400146484375,362.7200012207031,356.1400146484375,358.44000244140625,2525600.0,0.0,0.0,358.44000244140625,358.44000244140625
2026-07-16,359.3500061035156,363.1400146484375,358.1600036621094,361.57000732421875,2441600.0,0.0,0.0,361.57000732421875,361.57000732421875
2026-07-17,356.5799865722656,358.79998779296875,351.82000732421875,355.3500061035156,2647200.0,0.0,0.0,355.3500061035156,355.3500061035156
2026-07-20,355.79998779296875,357.3999938964844,350.9599914550781,351.92999267578125,2311200.0,0.0,0.0,351.92999267578125,351.92999267578125
2026-07-21,353.57000732421875,354.8699951171875,348.239990234375,350.7900085449219,2456600.0,0.0,0.0,350.7900085449219,350.7900085449219
2026-07-22,348.82000732421875,349.70001220703125,345.0400085449219,348.739990234375,2465900.0,0.0,0.0,348.739990234375,348.739990234375
2026-07-23,343.3900146484375,344.9100036621094,338.20001220703125,340.8399963378906,4310600.0,0.0,0.0,340.8399963378906,340.8399963378906
2026-07-24,326.1199951171875,329.04998779296875,318.20001220703125,326.1700134277344,6365100.0,0.0,0.0,326.1700134277344,326.1700134277344
2026-07-27,331.5,336.6099853515625,329.7900085449219,335.3900146484375,3774200.0,0.0,0.0,335.3900146484375,335.3900146484375
2026-07-28,335.5,336.82000732421875,331.42999267578125,336.6300048828125,3535700.0,0.0,0.0,336.6300048828125,336.6300048828125
2026-07-29,333.6199951171875,336.3900146484375,330.0,331.5,3437900.0,0.0,0.0,331.5,331.5
2026-07-30,331.9700012207031,337.79998779296875,329.07000732421875,337.5199890136719,2859500.0,0.0,0.0,337.5199890136719,337.5199890136719
2026-07-31,338.2799987792969,340.29998779296875,336.0,336.25,2353700.0,0.0,0.0,336.25,336.25
2026-08-03,340.8999938964844,345.1600036621094,340.0,344.7200012207031,2864600.0,0.0,0.0,344.7200012207031,344.7200012207031
2026-08-04,345.0,348.5,344.1199951171875,346.7099914550781,2764800.0,0.0,0.0,346.7099914550781,346.7099914550781
2026-08-05,350.0,352.489990234375,346.6199951171875,348.989990234375,1983600.0,0.0,0.0,348.989990234375,348.989990234375
2026-08-06,349.79998779296875,350.0,342.07000732421875,342.6000061035156,2773700.0,0.0,0.0,342.6000061035156,342.6000061035156
2026-08-07,341.70001220703125,343.32000732421875,338.0,340.9100036621094,1793600.0,0.0,0.0,340.9100036621094,340.9100036621094
2026-08-10,339.5,342.0,336.57000732421875,338.8599853515625,2203900.0,0.0,0.0,338.8599853515625,338.8599853515625
2026-08-11,338.489990234375,343.5899963378906,338.1199951171875,340.80999755859375,2091600.0,0.0,0.0,340.80999755859375,340.80999755859375
2026-08-12,339.32000732421875,344.57000732421875,338.57000732421875,344.0799865722656,2113100.0,0.0,0.0,344.0799865722656,344.0799865722656
2026-08-13,345.3900146484375,347.1099853515625,340.0,343.6499938964844,1704200.0,0.0,0.0,343.6499938964844,343.6499938964844
2026-08-14,345.989990234375,345.989990234375,341.69000244140625,342.4800109863281,1529500.0,0.0,0.0,342.4800109863281,342.4800109863281
2026-08-17,340.6600036621094,343.0,336.07000732421875,336.2099914550781,2533200.0,0.0,0.0,336.2099914550781,336.2099914550781
2026-08-18,336.6700134277344,339.4100036621094,335.2200012207031,338.5199890136719,2875400.0,0.0,0.0,338.5199890136719,338.5199890136719
2026-08-19,340.0799865722656,345.20001220703125,338.4100036621094,339.8999938964844,2539400.0,0.0,0.0,339.8999938964844,339.8999938964844
2026-08-20,337.29998779296875,338.0,331.1499938964844,331.1499938964844,3884300.0,0.0,0.0,331.1499938964844,331.1499938964844
2026-08-21,334.25,337.1600036621094,333.4200134277344,336.0,2616300.0,0.0,0.0,336.0,336.0
2026-08-24,337.2200012207031,344.0,337.1199951171875,337.3299865722656,2403400.0,0.0,0.0,337.3299865722656,337.3299865722656
2026-08-25,338.1600036621094,338.739990234375,333.92999267578125,335.95001220703125,2016800.0,0.0,0.0,335.95001220703125,335.95001220703125
2026-08-26,336.260009765625,337.5,334.20001220703125,336.1499938964844,1650100.0,0.0,0.0,336.1499938964844,336.1499938964844
2026-08-27,334.3800048828125,336.0799865722656,331.94000244140625,334.1600036621094,2026000.0,0.0,0.0,334.1600036621094,334.1600036621094
2026-08-28,334.3699951171875,336.55999755859375,332.8500061035156,333.20001220703125,1945200.0,0.0,0.0,333.20001220703125,333.20001220703125
2026-08-31,331.9800109863281,332.8299865722656,329.6300048828125,330.1700134277344,2512700.0,0.0,0.0,330.1700134277344,330.1700134277344
2026-09-01,326.9599914550781,329.8800048828125,323.9200134277344,324.19000244140625,2560700.0,0.0,0.0,324.19000244140625,324.19000244140625
2026-09-02,326.05999755859375,332.7099914550781,325.489990234375,329.9800109863281,2288400.0,0.0,0.0,329.9800109863281,329.9800109863281
2026-09-03,332.9800109863281,335.0,328.3299865722656,329.82000732421875,2165500.0,0.0,0.0,329.82000732421875,329.82000732421875
2026-09-04,327.42999267578125,328.5400085449219,325.67999267578125,326.1600036621094,2034000.0,0.0,0.0,326.1600036621094,326.1600036621094
2026-09-08,324.44000244140625,328.0400085449219,322.6499938964844,326.1000061035156,2587400.0,0.0,0.0,326.1000061035156,326.1000061035156
2026-09-09,323.79998779296875,324.8699951171875,320.92999267578125,321.79998779296875,2702300.0,0.0,0.0,321.79998779296875,321.79998779296875
2026-09-10,320.6199951171875,321.95001220703125,318.3500061035156,320.7099914550781,2427600.0,0.0,0.0,320.7099914550781,320.7099914550781
2026-09-11,324.9700012207031,326.260009765625,322.2099914550781,324.69000244140625,1929300.0,0.0,0.0,324.69000244140625,324.69000244140625
2026-09-14,323.9100036621094,328.30999755859375,323.6700134277344,327.7799987792969,2437600.0,0.0,0.0,327.7799987792969,327.7799987792969
2026-09-15,326.6600036621094,327.0,322.010009765625,324.42999267578125,2059000.0,0.0,0.0,324.42999267578125,324.42999267578125
2026-09-16,322.32000732421875,322.32000732421875,309.5899963378906,312.42999267578125,4634700.0,0.0,0.0,312.42999267578125,312.42999267578125
2026-09-17,316.0899963378906,316.739990234375,310.9700012207031,311.1700134277344,4517300.0,0.0,0.0,311.1700134277344,311.1700134277344
2026-09-18,309.8599853515625,313.55999755859375,308.6700134277344,311.55999755859375,5715200.0,0.0,0.0,311.55999755859375,311.55999755859375
2026-09-21,315.17999267578125,315.30999755859375,310.739990234375,313.5899963378906,2489900.0,0.0,0.0,313.5899963378906,313.5899963378906
2026-09-22,316.1199951171875,316.739990234375,305.07000732421875,305.07000732421875,5099100.0,0.0,0.0,305.07000732421875,305.07000732421875
2026-09-23,304.8999938964844,305.6700134277344,301.2900085449219,301.9599914550781,3633500.0,0.0,0.0,301.9599914550781,301.9599914550781
2026-09-24,302.2799987792969,305.8900146484375,299.9100036621094,305.6600036621094,3951600.0,0.0,0.0,305.6600036621094,305.6600036621094
2026-09-25,307.0,310.0,304.489990234375,308.8900146484375,3123700.0,0.0,0.0,308.8900146484375,308.8900146484375
2026-09-28,307.70001220703125,308.8800048828125,304.19000244140625,306.3299865722656,3547100.0,0.0,0.0,306.3299865722656,306.3299865722656
2026-09-29,307.0799865722656,307.17999267578125,303.9700012207031,305.3999938964844,3111600.0,0.0,0.0,305.3999938964844,305.3999938964844
