Date,Open,High,Low,Close,Volume,Dividends,Stock_Splits,Close_unadjusted,Adj_Close
2016-01-04,19.257440765879462,19.27933301519259,18.88528087859544,19.272035598754883,35827100.0,0.21,0.0,26.40999984741211,19.272035598754883
2016-01-05,19.366898531417366,19.454464735544025,19.104197135357957,19.184467315673828,22024900.0,0.0,0.0,26.290000915527344,19.184467315673828
2016-01-06,19.031226932671338,19.075010040628737,18.84149827573607,18.980146408081055,30799800.0,0.0,0.0,26.010000228881836,18.980146408081055
2016-01-07,18.600686741211366,18.783117958436083,18.330689319149034,18.542308807373047,43235400.0,0.0,0.0,25.40999984741211,18.542308807373047
2016-01-08,18.64447152296752,18.702849462064037,18.038799882901237,18.082584381103516,28609700.0,0.0,0.0,24.780000686645508,18.082584381103516
2016-01-11,18.192042719809955,18.498527245952403,18.192042719809955,18.440149307250977,32346900.0,0.0,0.0,25.270000457763672,18.440149307250977
2016-01-12,18.615277647869938,18.659060741057715,18.26501011868884,18.49852180480957,30122400.0,0.0,0.0,25.350000381469727,18.49852180480957
2016-01-13,18.549605137594597,18.6225778985822,17.929338756959442,17.951231002807617,33431600.0,0.0,0.0,24.600000381469727,17.951231002807617
2016-01-14,18.016904526960015,18.17014605688521,17.84906677610543,17.995012283325195,42902400.0,0.0,0.0,24.65999984741211,17.995012283325195
2016-01-15,17.462315458799793,17.827177874932378,17.19961407379564,17.236101150512695,64092800.0,0.0,0.0,23.6200008392334,17.236101150512695
2016-01-19,17.367449311785077,17.535287069993224,17.214207775145827,17.4039363861084,52533500.0,0.0,0.0,23.850000381469727,17.4039363861084
2016-01-20,17.075561512857334,17.155831693162064,16.396917167691207,16.7106990814209,83632400.0,0.0,0.0,22.899999618530273,16.7106990814209
2016-01-21,16.849347195081865,17.112048591104813,16.688808226312133,16.7106990814209,46267900.0,0.0,0.0,22.899999618530273,16.7106990814209
2016-01-22,17.221505343696442,17.250693611576008,16.776372775856487,17.053668975830078,55049000.0,0.0,0.0,23.3700008392334,17.053668975830078
2016-01-25,17.060969776105885,17.163132221889494,16.885835944271093,16.90772819519043,64066100.0,0.0,0.0,23.170000076293945,16.90772819519043
2016-01-26,16.958808647085156,17.403941337594627,16.958808647085156,17.3090763092041,25162200.0,0.0,0.0,23.719999313354492,17.3090763092041
2016-01-27,17.287180777352145,17.440422316166725,17.002587160948565,17.09745216369629,24654000.0,0.0,0.0,23.43000030517578,17.09745216369629
2016-01-28,17.316369805809806,17.360154297542067,16.769076185713367,16.863941192626953,31833500.0,0.0,0.0,23.110000610351562,16.863941192626953
2016-01-29,17.075559587362445,17.36744922122924,16.92961546634883,17.360153198242188,39692600.0,0.0,0.0,23.790000915527344,17.360153198242188
2016-02-01,17.119346817214097,17.199617007845095,16.95151041120374,17.133941650390625,24006400.0,0.0,0.0,23.479999542236328,17.133941650390625
2016-02-02,16.951508041207386,16.966102872343402,16.586645613845164,16.659618377685547,36203700.0,0.0,0.0,22.829999923706055,16.659618377685547
2016-02-03,16.849350074558487,16.915025434787843,16.477190163872134,16.856647491455078,32231400.0,0.0,0.0,23.100000381469727,16.856647491455078
2016-02-04,16.907724135098366,17.199613784730868,16.732590345318865,17.177722930908203,29280500.0,0.0,0.0,23.540000915527344,17.177722930908203
2016-02-05,17.15583159022786,17.2652900406341,16.645023632545783,16.703401565551758,32641000.0,0.0,0.0,22.889999389648438,16.703401565551758
2016-02-08,16.513673331129,16.79826697921414,16.404214878099214,16.73259162902832,38842100.0,0.0,0.0,22.93000030517578,16.73259162902832
2016-02-09,16.491781222447415,16.681509842807138,16.44070070770434,16.52826690673828,30767200.0,0.0,0.0,22.649999618530273,16.52826690673828
2016-02-10,16.878541937690812,16.878541937690812,16.389626036424147,16.42611312866211,36896100.0,0.0,0.0,22.510000228881836,16.42611312866211
2016-02-11,17.57907145669567,18.221228701650542,17.57907145669567,18.00960922241211,92696000.0,0.0,0.0,24.68000030517578,18.00960922241211
2016-02-12,18.162850607018047,18.505822168531918,17.89285319884719,18.32339096069336,49753600.0,0.0,0.0,25.110000610351562,18.32339096069336
2016-02-16,18.44014946227843,18.958253498629336,18.38177152308622,18.85609245300293,40401700.0,0.0,0.0,25.84000015258789,18.85609245300293
2016-02-17,19.096903648063236,19.403388209231817,19.03122828553854,19.308523178100586,36904700.0,0.0,0.0,26.459999084472656,19.308523178100586
2016-02-18,19.29392232279519,19.396083339987165,19.17716647690737,19.286624908447266,31288200.0,0.0,0.0,26.43000030517578,19.286624908447266
2016-02-19,19.16987113505468,19.38149060666518,19.15527630478096,19.37419319152832,28791700.0,0.0,0.0,26.549999237060547,19.37419319152832
2016-02-22,19.607706593355008,19.636894862498945,19.279329866487945,19.432571411132812,24608100.0,0.0,0.0,26.6299991607666,19.432571411132812
2016-02-23,19.366895909883585,19.366895909883585,19.01662696527076,19.06041145324707,28097500.0,0.0,0.0,26.1200008392334,19.06041145324707
2016-02-24,18.892579798044547,19.213659187648144,18.71744596512622,19.206361770629883,22960800.0,0.0,0.0,26.31999969482422,19.206361770629883
2016-02-25,19.330412493586405,19.410682678222656,19.118792995690544,19.410682678222656,18655100.0,0.0,0.0,26.600000381469727,19.410682678222656
2016-02-26,19.556627880626245,19.5931149628148,19.206360242655357,19.272035598754883,18113000.0,0.0,0.0,26.40999984741211,19.272035598754883
2016-02-29,19.2793303431747,19.447166722461155,19.082304302182937,19.104196548461914,24763100.0,0.0,0.0,26.18000030517578,19.104196548461914
2016-03-01,19.301223079772114,19.6514906780957,19.147980135605724,19.57851791381836,25245400.0,0.0,0.0,26.829999923706055,19.57851791381836
2016-03-02,19.5566315533581,19.636901757407774,19.410687372715206,19.62960433959961,19020100.0,0.0,0.0,26.899999618530273,19.62960433959961
2016-03-03,19.66608782457021,19.680681265671964,19.403386398980324,19.607709884643555,19002200.0,0.0,0.0,26.8700008392334,19.607709884643555
2016-03-04,19.64418721269776,19.67337547431581,19.461756054107266,19.55661964416504,19429900.0,0.0,0.0,26.799999237060547,19.55661964416504
2016-03-07,19.39608585541501,19.833921030195775,19.21365464857633,19.804731369018555,21500100.0,0.0,0.0,27.139999389648438,19.804731369018555
2016-03-08,19.680677704182557,19.921486836782268,19.476355647334092,19.739055633544922,23821300.0,0.0,0.0,27.049999237060547,19.739055633544922
2016-03-09,19.87770813257759,20.286353728463553,19.790141915093425,20.147706985473633,38890200.0,0.0,0.0,27.610000610351562,20.147706985473633
2016-03-10,20.25716031987336,20.417699272472046,19.7244615576763,19.9798641204834,33327300.0,0.0,0.0,27.3799991607666,19.9798641204834
2016-03-11,20.300947587154607,20.366622943034017,20.191489124635545,20.330137252807617,21873100.0,0.0,0.0,27.860000610351562,20.330137252807617
2016-03-14,20.30094510883933,20.3301347709289,20.140406142865764,20.21337890625,18291700.0,0.0,0.0,27.700000762939453,20.21337890625
2016-03-15,20.05283814966182,20.20608108890526,20.03094729536966,20.184188842773438,16917200.0,0.0,0.0,27.65999984741211,20.184188842773438
2016-03-16,20.082024701447178,20.395806554882203,20.074727287199917,20.344724655151367,19087800.0,0.0,0.0,27.8799991607666,20.344724655151367
2016-03-17,20.37391401145029,20.753371195670976,20.337428332591905,20.570940017700195,28501900.0,0.0,0.0,28.190000534057617,20.570940017700195
2016-03-18,20.60012867422678,20.709587104723227,20.410400078507863,20.6731014251709,43132400.0,0.0,0.0,28.329999923706055,20.6731014251709
2016-03-21,20.50526468228356,20.68769586025434,20.461481589285615,20.570940017700195,23799200.0,0.0,0.0,28.190000534057617,20.570940017700195
2016-03-22,20.57823973271808,20.70958902639825,20.359321459571966,20.63661766052246,23599300.0,0.0,0.0,28.280000686645508,20.63661766052246
2016-03-23,20.622028583979684,20.636623417962507,20.23527383447468,20.308246612548828,19217500.0,0.0,0.0,27.829999923706055,20.308246612548828
2016-03-24,20.264458071942325,20.4395918572837,20.133107384976395,20.403104782104492,15871900.0,0.0,0.0,27.959999084472656,20.403104782104492
2016-03-28,20.42499885093395,20.45418851368362,20.279054712704774,20.359323501586914,12785900.0,0.0,0.0,27.899999618530273,20.359323501586914
2016-03-29,20.33743739449396,20.57094918364982,20.206086665133775,20.505273818969727,17139300.0,0.0,0.0,28.100000381469727,20.505273818969727
2016-03-30,20.680397228583278,20.928503727363747,20.62201931074313,20.767963409423828,19390200.0,0.0,0.0,28.459999084472656,20.767963409423828
2016-03-31,20.81904923050475,20.92121025802606,20.687698542640426,20.775264739990234,18377600.0,0.0,0.0,28.469999313354492,20.775264739990234
2016-04-01,20.65121075588233,20.943101781899824,20.519861464381936,20.93580436706543,23026400.0,0.0,0.0,28.690000534057617,20.93580436706543
2016-04-04,20.891620756846606,20.92107595898971,20.626516914717097,20.722248077392578,17890000.0,0.26,0.0,28.139999389648438,20.722248077392578
2016-04-05,20.354049458203228,20.493965534639255,20.22149753363945,20.309865951538086,24245700.0,0.0,0.0,27.579999923706055,20.309865951538086
2016-04-06,20.398240692115778,20.648616315105755,20.339328863445708,20.619159698486328,20395800.0,0.0,0.0,28.0,20.619159698486328
2016-04-07,20.54551343820948,20.54551343820948,20.2730468385285,20.324594497680664,17016800.0,0.0,0.0,27.600000381469727,20.324594497680664
2016-04-08,20.405599856475703,20.582336716002352,20.30986867841993,20.390872955322266,14495600.0,0.0,0.0,27.690000534057617,20.390872955322266
2016-04-11,20.53078730409517,20.75170767254043,20.331960798433514,20.339324951171875,18762900.0,0.0,0.0,27.6200008392334,20.339324951171875
2016-04-12,19.985852385200484,20.368779895252874,19.845937698678977,20.35405158996582,27741400.0,0.0,0.0,27.639999389648438,20.35405158996582
2016-04-13,20.58970051866008,20.825349208573286,20.412965054651636,20.788528442382812,25433300.0,0.0,0.0,28.229999542236328,20.788528442382812
2016-04-14,20.898986256460528,20.91371456175603,20.69279560059748,20.803255081176758,15049100.0,0.0,0.0,28.25,20.803255081176758
2016-04-15,20.69279722313986,20.714888278246793,20.420329172082564,20.545516967773438,23804400.0,0.0,0.0,27.899999618530273,20.545516967773438
2016-04-18,20.54551325155209,20.803252949539704,20.47187313718872,20.759069442749023,15762900.0,0.0,0.0,28.190000534057617,20.759069442749023
2016-04-19,20.862165451049805,20.943169719989122,20.766434282404756,20.862165451049805,20307700.0,0.0,0.0,28.329999923706055,20.862165451049805
2016-04-20,20.913710128441327,21.119902145164026,20.81061482236408,20.943166732788086,19937800.0,0.0,0.0,28.440000534057617,20.943166732788086
2016-04-21,20.92844082635445,20.994716789153255,20.736977089887713,20.795888900756836,17339900.0,0.0,0.0,28.239999771118164,20.795888900756836
2016-04-22,20.84007181714191,21.024171396461426,20.670700541264353,20.729612350463867,23147600.0,0.0,0.0,28.149999618530273,20.729612350463867
2016-04-25,20.700161412662897,20.825349208573286,20.60442882513627,20.788528442382812,16434800.0,0.0,0.0,28.229999542236328,20.788528442382812
2016-04-26,20.81798478050667,20.979991935900188,20.781164014802282,20.950536727905273,18151500.0,0.0,0.0,28.450000762939453,20.950536727905273
2016-04-27,20.943171445693444,21.097814439609103,20.84743886459169,21.090450286865234,20931000.0,0.0,0.0,28.639999389648438,21.090450286865234
2016-04-28,20.950537187834026,21.053632524932382,20.464514306415182,20.58970069885254,29616200.0,0.0,0.0,27.959999084472656,20.58970069885254
2016-04-29,20.412968368909198,20.49397266311152,19.98585724373404,20.24359703063965,33890100.0,0.0,0.0,27.489999771118164,20.24359703063965
2016-05-02,20.236226711392117,20.265683320153354,20.030036068337125,20.155223846435547,27361700.0,0.0,0.0,27.3700008392334,20.155223846435547
2016-05-03,20.00058013346804,20.02267259078334,19.595561581333406,19.779661178588867,35319600.0,0.0,0.0,26.860000610351562,19.779661178588867
2016-05-04,19.73546980988575,19.750198109946037,19.352543840294345,19.470367431640625,32850800.0,0.0,0.0,26.440000534057617,19.470367431640625
2016-05-05,19.485100187512515,19.566104457639096,19.301000595092773,19.301000595092773,23082200.0,0.0,0.0,26.209999084472656,19.301000595092773
2016-05-06,19.286274140146475,19.5440138563944,19.00644196665383,19.536649703979492,25625300.0,0.0,0.0,26.530000686645508,19.536649703979492
2016-05-09,19.529285310160795,19.647108938205964,19.43355273451882,19.521921157836914,16990400.0,0.0,0.0,26.510000228881836,19.521921157836914
2016-05-10,19.63974988656421,19.956401495887047,19.521926227918804,19.90485382080078,22642500.0,0.0,0.0,27.030000686645508,19.90485382080078
2016-05-11,19.949025727271046,19.963754027169067,19.647102602201592,19.66183090209961,19326100.0,0.0,0.0,26.700000762939453,19.66183090209961
2016-05-12,19.74284104054065,19.74284104054065,19.448281956533503,19.639745712280273,19681900.0,0.0,0.0,26.670000076293945,19.639745712280273
2016-05-13,19.55137660424085,19.801752168073868,19.485100637075142,19.536649703979492,20865100.0,0.0,0.0,26.530000686645508,19.536649703979492
2016-05-16,19.566105288213944,19.971125251471392,19.558741135656337,19.86066436767578,20885900.0,0.0,0.0,26.969999313354492,19.86066436767578
2016-05-17,19.809110991230686,19.926934589034126,19.551371344322625,19.625011444091797,25921300.0,0.0,0.0,26.649999618530273,19.625011444091797
2016-05-18,19.59556419912959,19.853302546064064,19.507195762631596,19.67656707763672,32345500.0,0.0,0.0,26.719999313354492,19.67656707763672
2016-05-19,20.611792905223336,20.832713287876306,20.177317697697962,20.302505493164062,50174600.0,0.0,0.0,27.56999969482422,20.302505493164062
2016-05-20,20.346683723966613,20.729611164133125,20.339320977235317,20.59705924987793,32703000.0,0.0,0.0,27.969999313354492,20.59705924987793
2016-05-23,20.457150414847682,20.803257197083653,20.457150414847682,20.574974060058594,19850000.0,0.0,0.0,27.940000534057617,20.574974060058594
2016-05-24,20.62651700081655,21.04626381622817,20.62651700081655,20.965259552001953,26514800.0,0.0,0.0,28.469999313354492,20.965259552001953
2016-05-25,21.04626484407157,21.35555220809569,21.00208133623052,21.296640396118164,25696800.0,0.0,0.0,28.920000076293945,21.296640396118164
2016-05-26,21.252462360732274,21.385014322955605,21.20827743694533,21.281917572021484,19366300.0,0.0,0.0,28.899999618530273,21.281917572021484
2016-05-27,21.31873285232288,21.38500881636865,21.200909228367827,21.296640396118164,16673300.0,0.0,0.0,28.920000076293945,21.296640396118164
2016-05-31,21.20827442939746,21.414466497456825,21.178819222285295,21.39237403869629,28606300.0,0.0,0.0,29.049999237060547,21.39237403869629
2016-06-01,21.237734052803294,21.385014322955605,21.20827743694533,21.281917572021484,22268700.0,0.0,0.0,28.899999618530273,21.281917572021484
2016-06-02,21.340821029668476,21.466008788830845,21.296637527778284,21.414461135864258,19538200.0,0.0,0.0,29.079999923706055,21.414461135864258
2016-06-03,21.4512882232666,21.510200048556637,21.28191690112884,21.4512882232666,18677700.0,0.0,0.0,29.1299991607666,21.4512882232666
2016-06-06,21.40709913390835,21.657474677369013,21.399734982092642,21.42919158935547,16167100.0,0.0,0.0,29.100000381469727,21.42919158935547
2016-06-07,21.281912896733104,21.613292729492695,21.22300108252789,21.407100677490234,21566600.0,0.0,0.0,29.06999969482422,21.407100677490234
2016-06-08,21.42182741981227,21.554379343248616,21.39973496438343,21.458646774291992,17772900.0,0.0,0.0,29.139999389648438,21.458646774291992
2016-06-09,21.333459002665258,21.495467533340054,21.230363686467363,21.458646774291992,18349900.0,0.0,0.0,29.139999389648438,21.458646774291992
2016-06-10,21.200911941353713,21.377647399902344,21.186183635332515,21.377647399902344,18244200.0,0.0,0.0,29.030000686645508,21.377647399902344
2016-06-13,21.33345928454969,21.495467817365146,21.22299981508265,21.237728118896484,17137000.0,0.0,0.0,28.84000015258789,21.237728118896484
2016-06-14,21.10517852506571,21.355554099284877,21.083086066904542,21.32609748840332,19279700.0,0.0,0.0,28.959999084472656,21.32609748840332
2016-06-15,20.979990924499702,21.252458959302682,20.92107910678129,21.097814559936523,30738600.0,0.0,0.0,28.649999618530273,21.097814559936523
2016-06-16,20.898980761392178,21.29663647240226,20.89161801524885,21.259817123413086,17504100.0,0.0,0.0,28.8700008392334,21.259817123413086
2016-06-17,21.26718414997659,21.355552571731792,21.12726947200278,21.31873321533203,32333500.0,0.0,0.0,28.950000762939453,21.31873321533203
2016-06-20,21.385009782445096,21.517560311956263,21.193546033726577,21.20827293395996,22100800.0,0.0,0.0,28.799999237060547,21.20827293395996
2016-06-21,21.33346085738631,21.355553314735854,21.15672541229533,21.186182022094727,19098600.0,0.0,0.0,28.770000457763672,21.186182022094727
2016-06-22,21.2598234530781,21.414466450356073,21.119907357039537,21.149362564086914,18273300.0,0.0,0.0,28.719999313354492,21.149362564086914
2016-06-23,21.377642482851034,21.524921295481814,21.3260934236336,21.51755714416504,19415600.0,0.0,0.0,29.219999313354492,21.51755714416504
2016-06-24,20.736974127499412,21.038897290643355,20.398231614535245,20.43505096435547,44408900.0,0.0,0.0,27.75,20.43505096435547
2016-06-27,20.236225981591456,20.287773640496184,19.978486282499443,20.111038208007812,29973100.0,0.0,0.0,27.309999465942383,20.111038208007812
2016-06-28,20.287773131367793,20.508693469860457,20.25095377723651,20.464509963989258,24646900.0,0.0,0.0,27.790000915527344,20.464509963989258
2016-06-29,20.71488297669283,20.862163194365866,20.545511709566615,20.81061553955078,25593000.0,0.0,0.0,28.260000228881836,20.81061553955078
2016-06-30,20.898983350887864,21.127267837524414,20.67070026881962,21.127267837524414,25184400.0,0.0,0.0,28.690000534057617,21.127267837524414
2016-07-01,21.193546033726577,21.304005510603446,21.053629947246034,21.20827293395996,20901300.0,0.0,0.0,28.799999237060547,21.20827293395996
2016-07-05,20.977906513354423,21.267719155265766,20.97047527460143,21.052217483520508,22116900.0,0.26,0.0,28.329999923706055,21.052217483520508
2016-07-06,21.14139178654031,21.37918576680146,20.93332134512984,21.342029571533203,24844000.0,0.0,0.0,28.719999313354492,21.342029571533203
2016-07-07,21.34203106028465,21.475790537853158,21.260290259720357,21.35689353942871,17394900.0,0.0,0.0,28.739999771118164,21.35689353942871
2016-07-08,21.483225080143843,21.7581753171223,21.46093135800043,21.74331283569336,24647400.0,0.0,0.0,29.260000228881836,21.74331283569336
2016-07-11,21.80275299748426,22.070271891336287,21.743304511890884,21.869632720947266,22045200.0,0.0,0.0,29.43000030517578,21.869632720947266
2016-07-12,22.085135873225397,22.099998350932083,21.936515348250214,22.003395080566406,22157500.0,0.0,0.0,29.610000610351562,22.003395080566406
2016-07-13,22.085143409621462,22.16688564753829,21.981108864901408,22.107437133789062,18038100.0,0.0,0.0,29.75,22.107437133789062
2016-07-14,22.174316677244214,22.28578246228938,22.025694685607753,22.1148681640625,19332200.0,0.0,0.0,29.760000228881836,22.1148681640625
2016-07-15,22.241190840243483,22.25605331914353,22.040551627184854,22.159448623657227,17800400.0,0.0,0.0,29.81999969482422,22.159448623657227
2016-07-18,22.107432799279962,22.293209545492402,22.100001559347774,22.226329803466797,17484900.0,0.0,0.0,29.90999984741211,22.226329803466797
2016-07-19,22.226327687166986,22.30063866204919,22.122293172750272,22.2337589263916,18516000.0,0.0,0.0,29.920000076293945,22.2337589263916
2016-07-20,22.322934081734008,22.805953329250194,22.278346642986744,22.76136589050293,50168800.0,0.0,0.0,30.6299991607666,22.76136589050293
2016-07-21,22.768800581975313,22.82824909195315,22.568162746652792,22.724214553833008,21582700.0,0.0,0.0,30.579999923706055,22.724214553833008
2016-07-22,22.813386217075188,22.939714467923565,22.69448920655485,22.820816040039062,19399600.0,0.0,0.0,30.709999084472656,22.820816040039062
2016-07-25,22.791094622033434,22.909991643644425,22.761369657948535,22.880268096923828,15174200.0,0.0,0.0,30.790000915527344,22.880268096923828
2016-07-26,22.887695051334585,23.14778278501514,22.82081530789204,22.9471435546875,21328200.0,0.0,0.0,30.8799991607666,22.9471435546875
2016-07-27,22.999165754683467,23.01402681977267,22.783664011200155,22.857975006103516,22723000.0,0.0,0.0,30.760000228881836,22.857975006103516
2016-07-28,22.776231668740937,22.843111419183888,22.568162593908887,22.679628372192383,22470500.0,0.0,0.0,30.520000457763672,22.679628372192383
2016-07-29,22.73907093552548,22.805950668479454,22.642466246874676,22.687053680419922,23807200.0,0.0,0.0,30.530000686645508,22.687053680419922
2016-08-01,22.813383891889423,22.850538672378573,22.56072741594392,22.835676193237305,22438700.0,0.0,0.0,30.729999542236328,22.835676193237305
2016-08-02,22.902555396072295,22.902555396072295,22.59045042822922,22.753934860229492,24485200.0,0.0,0.0,30.6200008392334,22.753934860229492
2016-08-03,22.67219717126221,22.843111459422254,22.67219717126221,22.828248977661133,15962500.0,0.0,0.0,30.719999313354492,22.828248977661133
2016-08-04,22.87283615562547,22.969439451215177,22.82081747006951,22.887697219848633,18586500.0,0.0,0.0,30.799999237060547,22.887697219848633
2016-08-05,22.96200030642887,23.08832852170864,22.805948555569973,23.066036224365234,18873300.0,0.0,0.0,31.040000915527344,23.066036224365234
2016-08-08,23.03632142877572,23.17751218278186,22.932286882331404,23.043752670288086,19019900.0,0.0,0.0,31.010000228881836,23.043752670288086
2016-08-09,23.118061811863715,23.222096349954946,22.917422559232676,22.99173355102539,19159500.0,0.0,0.0,30.940000534057617,22.99173355102539
2016-08-10,23.043747466486593,23.132919509769106,22.84310824305482,22.924850463867188,16684300.0,0.0,0.0,30.850000381469727,22.924850463867188
2016-08-11,22.99915885925293,23.051176114880565,22.9322791256277,22.99915885925293,24020900.0,0.0,0.0,30.950000762939453,22.99915885925293
2016-08-12,22.97686157422853,23.02887882177852,22.88768813745448,22.939706802368164,13430600.0,0.0,0.0,30.8700008392334,22.939706802368164
2016-08-15,23.02145419568065,23.21466218304389,22.954574453233217,23.177507400512695,21944700.0,0.0,0.0,31.190000534057617,23.177507400512695
2016-08-16,23.19980166730109,23.20723290790932,23.02145614479631,23.125492095947266,23399700.0,0.0,0.0,31.1200008392334,23.125492095947266
2016-08-17,23.014025747582295,23.014025747582295,22.53843767014069,22.828248977661133,55071200.0,0.0,0.0,30.719999313354492,22.828248977661133
2016-08-18,22.597888883424297,22.791096917341356,22.337801090945003,22.649906158447266,48710500.0,0.0,0.0,30.479999542236328,22.649906158447266
2016-08-19,22.568162593908887,22.776231668740937,22.471557879996062,22.679628372192383,25131300.0,0.0,0.0,30.520000457763672,22.679628372192383
2016-08-22,22.620176586562117,22.872833070007026,22.568159325387704,22.76136589050293,28680000.0,0.0,0.0,30.6299991607666,22.76136589050293
2016-08-23,22.909989992215568,23.08090427129076,22.880266447637542,23.021455764770508,23493600.0,0.0,0.0,30.979999542236328,23.021455764770508
2016-08-24,23.021457403554546,23.18494187114603,22.999165097875196,23.08090591430664,24474700.0,0.0,0.0,31.059999465942383,23.08090591430664
2016-08-25,23.080902023453074,23.326127266137263,23.05117848176981,23.25181770324707,22917100.0,0.0,0.0,31.290000915527344,23.25181770324707
2016-08-26,23.288970738334474,23.526764723425497,23.17750498499355,23.296401977539062,21106200.0,0.0,0.0,31.350000381469727,23.296401977539062
2016-08-29,23.35585182140445,23.556491039413025,23.340989342137732,23.467317581176758,21101700.0,0.0,0.0,31.579999923706055,23.467317581176758
2016-08-30,23.489604984120028,23.5267597549325,23.340983066142844,23.43758773803711,17794800.0,0.0,0.0,31.540000915527344,23.43758773803711
2016-08-31,23.37071630496793,23.467319593758322,23.22209433428286,23.363285064697266,20418800.0,0.0,0.0,31.440000534057617,23.363285064697266
2016-09-01,23.34842058177109,23.51190360161287,23.229523582365427,23.467317581176758,15980500.0,0.0,0.0,31.579999923706055,23.467317581176758
2016-09-02,23.51933576145552,23.742268707086566,23.51933576145552,23.653095245361328,18156500.0,0.0,0.0,31.829999923706055,23.653095245361328
2016-09-06,23.727403476117402,23.734834715179886,23.556489229772126,23.682817459106445,17656500.0,0.0,0.0,31.8700008392334,23.682817459106445
2016-09-07,23.623371124267578,23.727405645928147,23.593646165299383,23.623371124267578,14050500.0,0.0,0.0,31.790000915527344,23.623371124267578
2016-09-08,23.571352993946032,23.593646713690354,23.34842146595916,23.385576248168945,19913700.0,0.0,0.0,31.469999313354492,23.385576248168945
2016-09-09,23.14035074960333,23.28897271155962,22.924850463867188,22.924850463867188,25450500.0,0.0,0.0,30.850000381469727,22.924850463867188
2016-09-12,22.746506295873278,23.407871088957123,22.73907505560261,23.363285064697266,22612500.0,0.0,0.0,31.440000534057617,23.363285064697266
2016-09-13,23.229527899869026,23.296407651635672,22.962008892802448,23.08090591430664,23617900.0,0.0,0.0,31.059999465942383,23.08090591430664
2016-09-14,23.043749065667317,23.207232101273306,22.89512709339702,23.036317825317383,24262900.0,0.0,0.0,31.0,23.036317825317383
2016-09-15,22.761366777218626,23.326128267075507,22.746505714421325,23.266679763793945,25554500.0,0.0,0.0,31.309999465942383,23.266679763793945
2016-09-16,23.12549374809381,23.140354813007754,22.813388707071777,22.917423248291016,37416300.0,0.0,0.0,30.84000015258789,22.917423248291016
2016-09-19,22.924851636946336,23.22209415870493,22.902557916302886,23.051179885864258,16833500.0,0.0,0.0,31.020000457763672,23.051179885864258
2016-09-20,23.095765647791392,23.199800174885706,23.066042104634786,23.110628128051758,15878900.0,0.0,0.0,31.100000381469727,23.110628128051758
2016-09-21,23.118056281455228,23.318694068724486,23.014020350887677,23.3038330078125,21169400.0,0.0,0.0,31.360000610351562,23.3038330078125
2016-09-22,23.407874518388443,23.630806089713065,23.40044327702904,23.526771545410156,20261900.0,0.0,0.0,31.65999984741211,23.526771545410156
2016-09-23,23.56391778361555,23.630797514215494,23.266675323929064,23.288969039916992,20442200.0,0.0,0.0,31.34000015258789,23.288969039916992
2016-09-26,23.110624939849227,23.155210957115383,22.880262197049497,23.08833122253418,20361500.0,0.0,0.0,31.06999969482422,23.08833122253418
2016-09-27,23.10319789490271,23.489613894329914,23.006593186363816,23.393009185791016,18045400.0,0.0,0.0,31.479999542236328,23.393009185791016
2016-09-28,23.363285221778263,23.47475099185942,23.30383671657737,23.40787124633789,15841000.0,0.0,0.0,31.5,23.40787124633789
2016-09-29,23.41530146858771,23.45988749120879,23.222093480744224,23.326128005981445,15417100.0,0.0,0.0,31.389999389648438,23.326128005981445
2016-09-30,23.489618807037292,23.630808153101178,23.452462596995883,23.571359634399414,30380600.0,0.0,0.0,31.719999313354492,23.571359634399414
2016-10-03,23.45896459256307,23.661261982748066,23.376548248807442,23.601322174072266,14070500.0,0.26,0.0,31.5,23.601322174072266
2016-10-04,23.571353729286944,23.698726013105862,23.33908712787994,23.488937377929688,18460400.0,0.0,0.0,31.350000381469727,23.488937377929688
2016-10-05,23.533889651187636,23.73618704086126,23.533889651187636,23.66875457763672,11808600.0,0.0,0.0,31.59000015258789,23.66875457763672
2016-10-06,23.653772422779078,23.69872692789813,23.384042533908868,23.586339950561523,14077100.0,0.0,0.0,31.479999542236328,23.586339950561523
2016-10-07,23.58633481715471,23.676245236902368,23.399022752668266,23.578842163085938,13073200.0,0.0,0.0,31.469999313354492,23.578842163085938
2016-10-10,23.631290741567362,23.736185040374927,23.556365629957256,23.578842163085938,12759400.0,0.0,0.0,31.469999313354492,23.578842163085938
2016-10-11,23.61631468188954,23.623807338892536,23.114318095314285,23.256675720214844,19412000.0,0.0,0.0,31.040000915527344,23.256675720214844
2016-10-12,22.874560163370187,22.94948387975021,22.43250337715227,22.732202529907227,36899900.0,0.0,0.0,30.34000015258789,22.732202529907227
2016-10-13,22.544884251905938,22.66476388041828,22.37255746455418,22.60482406616211,24286600.0,0.0,0.0,30.170000076293945,22.60482406616211
2016-10-14,22.739686494105094,22.889535298657066,22.597328915064644,22.612314224243164,20545100.0,0.0,0.0,30.18000030517578,22.612314224243164
2016-10-17,22.574855731503447,22.792138473368187,22.55237919205402,22.642288208007812,13957500.0,0.0,0.0,30.219999313354492,22.642288208007812
2016-10-18,22.994435296425376,22.994435296425376,22.79963052822589,22.8071231842041,14444900.0,0.0,0.0,30.440000534057617,22.8071231842041
2016-10-19,22.80712134257187,22.814613997945063,22.619809245475697,22.739688873291016,14830900.0,0.0,0.0,30.350000381469727,22.739688873291016
2016-10-20,22.687246268878287,22.75467875169519,22.507426791059263,22.597335815429688,17315300.0,0.0,0.0,30.15999984741211,22.597335815429688
2016-10-21,22.48494181516079,22.627299393319802,22.41750935335272,22.58983612060547,15140500.0,0.0,0.0,30.149999618530273,22.58983612060547
2016-10-24,22.732190701165926,22.852070299888315,22.702220086946557,22.822099685668945,14115300.0,0.0,0.0,30.459999084472656,22.822099685668945
2016-10-25,22.85208219100921,22.859574848462866,22.649784726995257,22.732202529907227,15257800.0,0.0,0.0,30.34000015258789,22.732202529907227
2016-10-26,22.919508432926257,23.12180584180956,22.717211024042953,22.889537811279297,18008600.0,0.0,0.0,30.549999237060547,22.889537811279297
2016-10-27,22.927000627166947,22.979447784916275,22.74718118813589,22.762165069580078,16926200.0,0.0,0.0,30.3799991607666,22.762165069580078
2016-10-28,22.747184982528573,23.076853294537607,22.739692326017718,22.919511795043945,19946800.0,0.0,0.0,30.59000015258789,22.919511795043945
2016-10-31,22.732195821971214,23.054372852017455,22.717210511485842,22.986940383911133,23225400.0,0.0,0.0,30.68000030517578,22.986940383911133
2016-11-01,23.11431591997963,23.12180857627748,22.64978123305946,22.837093353271484,17542100.0,0.0,0.0,30.479999542236328,22.837093353271484
2016-11-02,22.799625845418326,22.986937919167634,22.649775614787792,22.769655227661133,19174000.0,0.0,0.0,30.389999389648438,22.769655227661133
2016-11-03,22.852077626070585,22.897032132734132,22.65727285842456,22.717212677001953,15937100.0,0.0,0.0,30.31999969482422,22.717212677001953
2016-11-04,22.462469087795537,22.85207864038076,22.200231833975554,22.61981201171875,18524000.0,0.0,0.0,30.190000534057617,22.61981201171875
2016-11-07,23.00941920697335,23.271656450214085,22.93449550525715,23.181747436523438,23061100.0,0.0,0.0,30.940000534057617,23.181747436523438
2016-11-08,23.18173961537726,23.37654431808703,23.024396750886574,23.226694107055664,19399800.0,0.0,0.0,31.0,23.226694107055664
2016-11-09,23.256666416790473,23.59382727258085,23.001921896907458,23.49642562866211,38564100.0,0.0,0.0,31.360000610351562,23.49642562866211
2016-11-10,23.533885753500197,23.79612290826633,23.084336549483616,23.226694107055664,38345000.0,0.0,0.0,31.0,23.226694107055664
2016-11-11,23.17424865180549,23.578841964569463,23.166755997799797,23.49642562866211,23150300.0,0.0,0.0,31.360000610351562,23.49642562866211
2016-11-14,23.548870276925886,23.728689666734255,23.4889304803231,23.503915786743164,22917600.0,0.0,0.0,31.3700008392334,23.503915786743164
2016-11-15,23.428994122134153,23.86355806854988,23.428994122134153,23.751171112060547,24160200.0,0.0,0.0,31.700000762939453,23.751171112060547
2016-11-16,23.691233722145217,23.89352969282041,23.608815945413728,23.653770446777344,27097100.0,0.0,0.0,31.56999969482422,23.653770446777344
2016-11-17,22.410019241613213,22.51491355895996,22.185245296133644,22.51491355895996,75252300.0,0.0,0.0,30.049999237060547,22.51491355895996
2016-11-18,22.559867071196088,22.747179148694354,22.484941954381235,22.612314224243164,38748600.0,0.0,0.0,30.18000030517578,22.612314224243164
2016-11-21,22.702225656552233,22.724703622731347,22.4849443664657,22.51491355895996,27481700.0,0.0,0.0,30.049999237060547,22.51491355895996
2016-11-22,22.537396228758713,22.61981402620507,22.365069405987413,22.395038604736328,26769300.0,0.0,0.0,29.889999389648438,22.395038604736328
2016-11-23,22.350078507498896,22.43998893943627,22.147781107448186,22.260168075561523,24496800.0,0.0,0.0,29.709999084472656,22.260168075561523
2016-11-25,22.177752195604636,22.589838230405384,22.140288919391384,22.544883728027344,17678900.0,0.0,0.0,30.09000015258789,22.544883728027344
2016-11-28,22.537390609591014,22.544883264679676,22.34258586451936,22.417510986328125,21468900.0,0.0,0.0,29.920000076293945,22.417510986328125
2016-11-29,22.432498274276128,22.55237790810826,22.320111296193254,22.350080490112305,23553700.0,0.0,0.0,29.829999923706055,22.350080490112305
2016-11-30,22.297633918077306,22.43999152291846,22.237694099577553,22.342588424682617,26224900.0,0.0,0.0,29.81999969482422,22.342588424682617
2016-12-01,22.35757124158932,22.365063896700395,22.027901562091095,22.065364837646484,25996200.0,0.0,0.0,29.450000762939453,22.065364837646484
2016-12-02,21.96047040392594,22.147782505632417,21.81811423556512,21.915515899658203,27069500.0,0.0,0.0,29.25,21.915515899658203
2016-12-05,21.975451139289603,22.17774850998873,21.9454819523773,22.125301361083984,20865800.0,0.0,0.0,29.530000686645508,22.125301361083984
2016-12-06,22.04288679713622,22.17025907543446,21.908021863752456,21.975454330444336,27352100.0,0.0,0.0,29.329999923706055,21.975454330444336
2016-12-07,22.08784519885027,22.507425383262216,21.96796555446917,22.439992904663086,30180100.0,0.0,0.0,29.950000762939453,22.439992904663086
2016-12-08,22.559872549044186,22.72470670279868,22.417514935437346,22.439992904663086,21369900.0,0.0,0.0,29.950000762939453,22.439992904663086
2016-12-09,22.462467714165857,22.52990018756958,22.275155605617286,22.52240753173828,21362000.0,0.0,0.0,30.059999465942383,22.52240753173828
2016-12-12,22.53739159648918,22.627302032412384,22.499929748483282,22.60482406616211,17287800.0,0.0,0.0,30.170000076293945,22.60482406616211
2016-12-13,22.702229043463436,22.956973648520123,22.62730533651109,22.919511795043945,25052900.0,0.0,0.0,30.59000015258789,22.919511795043945
2016-12-14,22.926995406359197,23.279141548971527,22.784637846972277,22.822099685668945,27556000.0,0.0,0.0,30.459999084472656,22.822099685668945
2016-12-15,22.91950705130295,23.076848518231028,22.859567240700187,22.94947624206543,20914100.0,0.0,0.0,30.6299991607666,22.94947624206543
2016-12-16,23.00192958758526,23.016913471528863,22.679752503008974,22.919511795043945,45875500.0,0.0,0.0,30.59000015258789,22.919511795043945
2016-12-19,22.9644559250575,23.12929143563419,22.882039598846617,23.03938102722168,18178500.0,0.0,0.0,30.75,23.03938102722168
2016-12-20,23.099325356179506,23.129295974557635,22.82210285249277,22.89702796936035,17475200.0,0.0,0.0,30.559999465942383,22.89702796936035
2016-12-21,22.99443263944997,22.99443263944997,22.784642583535017,22.79213523864746,14488900.0,0.0,0.0,30.420000076293945,22.79213523864746
2016-12-22,22.777145193417436,22.83708499277863,22.664758248249885,22.822099685668945,12935800.0,0.0,0.0,30.459999084472656,22.822099685668945
2016-12-23,22.88205015169685,22.927004662096703,22.7771543886597,22.874557495117188,9167500.0,0.0,0.0,30.530000686645508,22.874557495117188
2016-12-27,22.956969762940382,23.09183469915303,22.927000571047497,22.986940383911133,14175500.0,0.0,0.0,30.68000030517578,22.986940383911133
2016-12-28,23.001925294562415,23.054372451271693,22.739688081938183,22.79213523864746,12022200.0,0.0,0.0,30.420000076293945,22.79213523864746
2016-12-29,22.75466866183045,22.889532138584986,22.72469804761108,22.822099685668945,10995600.0,0.0,0.0,30.459999084472656,22.822099685668945
2016-12-30,22.897032801673625,22.927003426376917,22.574855731503447,22.642288208007812,20190000.0,0.0,0.0,30.219999313354492,22.642288208007812
2017-01-03,22.754673466676618,22.89702962704573,22.634792413562764,22.88204574584961,22370600.0,0.0,0.0,30.540000915527344,22.88204574584961
2017-01-04,22.851822004610508,22.987844986283317,22.685572494426484,22.74602699279785,22281000.0,0.26,0.0,30.100000381469727,22.74602699279785
2017-01-05,22.746022183013544,22.94249962151137,22.723351210412346,22.798919677734375,18372500.0,0.0,0.0,30.170000076293945,22.798919677734375
2017-01-06,22.7989168564932,22.934939792571036,22.693121880143085,22.844257354736328,15923200.0,0.0,0.0,30.229999542236328,22.844257354736328
2017-01-09,22.8367012051605,22.919826656122172,22.73090622491729,22.806474685668945,17177800.0,0.0,0.0,30.18000030517578,22.806474685668945
2017-01-10,22.81403448371729,23.08607895801722,22.746023004805135,22.957612991333008,21046000.0,0.0,0.0,30.3799991607666,22.957612991333008
2017-01-11,22.91982688224459,22.98028136317264,22.693122939101517,22.783803939819336,22291300.0,0.0,0.0,30.149999618530273,22.783803939819336
2017-01-12,22.7838037889355,22.791360779170027,22.519314896121127,22.700679779052734,18611100.0,0.0,0.0,30.040000915527344,22.700679779052734
2017-01-13,22.7460234060712,22.836704418654666,22.678011925959243,22.723352432250977,17136600.0,0.0,0.0,30.06999969482422,22.723352432250977
2017-01-17,22.67045600896549,22.85937647570687,22.549547025558912,22.662899017333984,21983500.0,0.0,0.0,29.989999771118164,22.662899017333984
2017-01-18,22.761140073951303,22.806480585592258,22.63267408984453,22.69312858581543,15724000.0,0.0,0.0,30.030000686645508,22.69312858581543
2017-01-19,22.678016895536302,22.814039885567787,22.61000540052056,22.655345916748047,16866000.0,0.0,0.0,29.979999542236328,22.655345916748047
2017-01-20,22.761140977727926,22.859378997075545,22.67045850949641,22.74602699279785,22754400.0,0.0,0.0,30.100000381469727,22.74602699279785
2017-01-23,22.776247488541994,22.89715645325945,22.738463977573495,22.874486923217773,17155300.0,0.0,0.0,30.270000457763672,22.874486923217773
2017-01-24,22.92738578051099,23.237215201219357,22.889602267292364,23.123863220214844,24934200.0,0.0,0.0,30.600000381469727,23.123863220214844
2017-01-25,23.456360449351802,23.463915997897356,23.161643608879615,23.19942855834961,23630500.0,0.0,0.0,30.700000762939453,23.19942855834961
2017-01-26,23.244772108603648,23.30522659434539,23.093635173574974,23.229658126831055,20116800.0,0.0,0.0,30.739999771118164,23.229658126831055
2017-01-27,23.244776494157904,23.411026000976562,23.14653703545,23.411026000976562,18461900.0,0.0,0.0,30.979999542236328,23.411026000976562
2017-01-30,23.380793911341456,23.4261344130795,23.1465315294397,23.29766845703125,15481800.0,0.0,0.0,30.829999923706055,23.29766845703125
2017-01-31,23.184317773871218,23.343010259471185,23.108749305864674,23.21454429626465,16603100.0,0.0,0.0,30.719999313354492,23.21454429626465
2017-02-01,23.312781046861645,23.312781046861645,22.987837680874915,23.04829216003418,19504600.0,0.0,0.0,30.5,23.04829216003418
2017-02-02,23.191876555602757,23.622614982746953,23.07096757399557,23.56216049194336,27456700.0,0.0,0.0,31.18000030517578,23.56216049194336
2017-02-03,23.63017759537113,23.690632100555533,23.516825578319008,23.66796112060547,21288800.0,0.0,0.0,31.31999969482422,23.66796112060547
2017-02-06,23.645284111064182,23.660396651573517,23.516818147968664,23.65283966064453,16774200.0,0.0,0.0,31.299999237060547,23.65283966064453
2017-02-07,23.713292549603846,23.909769976478586,23.67550903885232,23.766191482543945,18420200.0,0.0,0.0,31.450000762939453,23.766191482543945
2017-02-08,23.773749329958743,23.841760808965386,23.61505683984237,23.630170822143555,20434300.0,0.0,0.0,31.270000457763672,23.630170822143555
2017-02-09,23.690625978548297,23.94755791952429,23.65284102172905,23.803977966308594,18706900.0,0.0,0.0,31.5,23.803977966308594
2017-02-10,23.78886581310533,23.90221780958316,23.607502330471032,23.81153678894043,21557700.0,0.0,0.0,31.510000228881836,23.81153678894043
2017-02-13,23.932441403699194,24.18181632691658,23.841758958279886,24.15914535522461,26518800.0,0.0,0.0,31.969999313354492,24.15914535522461
2017-02-14,24.10624960473338,24.416080474853516,24.0080116029992,24.416080474853516,31463500.0,0.0,0.0,32.310001373291016,24.416080474853516
2017-02-15,24.446300409552425,24.81658568924314,24.400961355134974,24.801471710205078,41169400.0,0.0,0.0,32.81999969482422,24.801471710205078
2017-02-16,25.13397913678382,25.670515485411343,25.1264235860472,25.390911102294922,50143700.0,0.0,0.0,33.599998474121094,25.390911102294922
2017-02-17,25.330455085176023,25.51937554116687,25.262443605711425,25.496706008911133,31841200.0,0.0,0.0,33.7400016784668,25.496706008911133
2017-02-21,25.458910623433233,25.851865379087464,25.436241099180844,25.791412353515625,26992700.0,0.0,0.0,34.130001068115234,25.791412353515625
2017-02-22,25.723408808838254,25.806534266922608,25.436248921646108,25.761192321777344,26632700.0,0.0,0.0,34.09000015258789,25.761192321777344
2017-02-23,25.904771673846184,25.904771673846184,25.65539817410954,25.72340965270996,17450100.0,0.0,0.0,34.040000915527344,25.72340965270996
2017-02-24,25.678075089270713,25.935007095336914,25.542052092959302,25.935007095336914,21137300.0,0.0,0.0,34.31999969482422,25.935007095336914
2017-02-27,25.851874459652123,25.934999921370842,25.783862980309298,25.889657974243164,15625400.0,0.0,0.0,34.2599983215332,25.889657974243164
2017-02-28,25.81409629586332,25.91233576032122,25.723415265508784,25.82921028137207,23093100.0,0.0,0.0,34.18000030517578,25.82921028137207
2017-03-01,25.904767770523513,26.078574215713854,25.82920075355273,26.025676727294922,22754200.0,0.0,0.0,34.439998626708984,26.025676727294922
2017-03-02,26.00300994710717,26.093690953595942,25.851873014494405,25.987895965576172,16137700.0,0.0,0.0,34.38999938964844,25.987895965576172
2017-03-03,26.010567189742,26.025681172256878,25.86698867989677,25.912330627441406,14175000.0,0.0,0.0,34.290000915527344,25.912330627441406
2017-03-06,25.723409027480024,25.904771044208083,25.662953100105817,25.836759567260742,17605100.0,0.0,0.0,34.189998626708984,25.836759567260742
2017-03-07,25.69318334806602,25.882103813860624,25.68562779782115,25.84432029724121,21033700.0,0.0,0.0,34.20000076293945,25.84432029724121
2017-03-08,25.82919904888937,25.866982554881144,25.64027863623377,25.708290100097656,18686700.0,0.0,0.0,34.02000045776367,25.708290100097656
2017-03-09,25.723418488199872,25.77631600275864,25.594951036629755,25.7460880279541,17490200.0,0.0,0.0,34.06999969482422,25.7460880279541
2017-03-10,25.874546874564654,25.91988593899495,25.753637898254897,25.889657974243164,19038400.0,0.0,0.0,34.2599983215332,25.889657974243164
2017-03-13,25.859429304035697,25.942554754220254,25.693178403666586,25.76874542236328,16164800.0,0.0,0.0,34.099998474121094,25.76874542236328
2017-03-14,25.647836313907856,25.798973233120666,25.572269295649935,25.783859252929688,14578400.0,0.0,0.0,34.119998931884766,25.783859252929688
2017-03-15,25.746078646267875,25.957668627401087,25.730964664373033,25.87454605102539,14961700.0,0.0,0.0,34.2400016784668,25.87454605102539
2017-03-16,25.8821050269865,26.055911517740356,25.768751589117713,25.86699104309082,14521600.0,0.0,0.0,34.22999954223633,25.86699104309082
2017-03-17,25.957672063767248,25.98034448095961,25.83676307529945,25.86699104309082,26787200.0,0.0,0.0,34.22999954223633,25.86699104309082
2017-03-20,25.844316855460136,25.987895352572053,25.844316855460136,25.904769897460938,14974100.0,0.0,0.0,34.279998779296875,25.904769897460938
2017-03-21,26.03324126253646,26.048355246013724,25.526932905489648,25.602502822875977,21406000.0,0.0,0.0,33.880001068115234,25.602502822875977
2017-03-22,25.526927503297472,25.844315323756962,25.526927503297472,25.76874542236328,16646100.0,0.0,0.0,34.099998474121094,25.76874542236328
2017-03-23,25.753636311764698,25.88965637937378,25.625168910832222,25.662952423095703,16709300.0,0.0,0.0,33.959999084472656,25.662952423095703
2017-03-24,25.746082695055346,25.919889190132626,25.655401672123233,25.75364112854004,18125100.0,0.0,0.0,34.08000183105469,25.75364112854004
2017-03-27,25.557157674162696,25.715850156768447,25.504260179960777,25.685625076293945,17740600.0,0.0,0.0,33.9900016784668,25.685625076293945
2017-03-28,25.61760910917805,25.85186857594509,25.55715319343383,25.708290100097656,21179300.0,0.0,0.0,34.02000045776367,25.708290100097656
2017-03-29,25.693182014754758,25.73096552941345,25.42869452944653,25.496706008911133,16504100.0,0.0,0.0,33.7400016784668,25.496706008911133
2017-03-30,25.542045073422607,25.640284517693114,25.481592026508178,25.496706008911133,12801600.0,0.0,0.0,33.7400016784668,25.496706008911133
2017-03-31,25.481590642282622,25.60249961224078,25.436248697536854,25.542043685913086,14038500.0,0.0,0.0,33.79999923706055,25.542043685913086
2017-04-03,25.466476370139564,25.647838381658925,25.285111475923003,25.375795364379883,19367800.0,0.0,0.0,33.58000183105469,25.375795364379883
2017-04-04,25.34531142761592,25.47489508277512,25.101386858531352,25.467273712158203,18602600.0,0.29,0.0,33.40999984741211,25.467273712158203
2017-04-05,25.528242683188928,25.558731057194315,25.131864743032068,25.15473175048828,17572500.0,0.0,0.0,33.0,25.15473175048828
2017-04-06,25.154740452994123,25.368173683914367,25.07089085290126,25.215723037719727,15316800.0,0.0,0.0,33.08000183105469,25.215723037719727
2017-04-07,25.23096703276263,25.26908260401939,25.093759118105833,25.124250411987305,13942800.0,0.0,0.0,32.959999084472656,25.124250411987305
2017-04-10,25.124246580036914,25.322437052228647,25.055642633171992,25.1623592376709,14824100.0,0.0,0.0,33.0099983215332,25.1623592376709
2017-04-11,25.185229591310716,25.215720881065653,24.880322509380203,25.0937557220459,18945800.0,0.0,0.0,32.91999816894531,25.0937557220459
2017-04-12,25.048018968519845,25.12424427679994,24.773603206216904,24.865074157714844,25455100.0,0.0,0.0,32.619998931884766,24.865074157714844
2017-04-13,24.933681087639478,25.04039769514973,24.712623596191406,24.712623596191406,16234900.0,0.0,0.0,32.41999816894531,24.712623596191406
2017-04-17,24.75836476613073,24.903194057122803,24.735497748555655,24.857460021972656,11961200.0,0.0,0.0,32.61000061035156,24.857460021972656
2017-04-18,24.81934392401111,24.94892754942726,24.73549432741969,24.90319061279297,13349600.0,0.0,0.0,32.66999816894531,24.90319061279297
2017-04-19,25.002283142638703,25.07088708624309,24.857453887389116,24.8879451751709,16373800.0,0.0,0.0,32.650001525878906,24.8879451751709
2017-04-20,24.994662824706708,25.116625073148626,24.941304522751455,25.02515411376953,11927500.0,0.0,0.0,32.83000183105469,25.02515411376953
2017-04-21,25.109003317192936,25.109003317192936,24.903191457075412,25.017532348632812,13877700.0,0.0,0.0,32.81999969482422,25.017532348632812
2017-04-24,25.337685214791808,25.429156183765226,25.253835614978808,25.368173599243164,15400500.0,0.0,0.0,33.279998779296875,25.368173599243164
2017-04-25,25.452018929097104,25.551114158415906,25.421527641951446,25.474885940551758,15058800.0,0.0,0.0,33.41999816894531,25.474885940551758
2017-04-26,25.59684837271503,25.634961023697873,25.436770586092877,25.459640502929688,17949700.0,0.0,0.0,33.400001525878906,25.459640502929688
2017-04-27,25.924624180588097,26.00085240413297,25.6273413782866,25.726436614990234,26639000.0,0.0,0.0,33.75,25.726436614990234
2017-04-28,25.825538133391788,25.977991709754313,25.665460278915578,25.970367431640625,20461700.0,0.0,0.0,34.06999969482422,25.970367431640625
2017-05-01,26.00085495179154,26.02372196719089,25.77217607436894,25.89413833618164,13577300.0,0.0,0.0,33.970001220703125,25.89413833618164
2017-05-02,25.962739084633235,26.099946975708008,25.863643850454935,26.099946975708008,15983600.0,0.0,0.0,34.2400016784668,26.099946975708008
2017-05-03,26.038966696601054,26.176174599785668,26.008475405269007,26.10757064819336,14432200.0,0.0,0.0,34.25,26.10757064819336
2017-05-04,26.168557291219418,26.290519567661903,25.970366774619105,26.054216384887695,13638500.0,0.0,0.0,34.18000030517578,26.054216384887695
2017-05-05,26.107566395034482,26.221907264997693,25.97035851420227,26.214282989501953,15091800.0,0.0,0.0,34.38999938964844,26.214282989501953
2017-05-08,26.26764323101687,26.374359833383302,26.031343013722434,26.138059616088867,13232700.0,0.0,0.0,34.290000915527344,26.138059616088867
2017-05-09,26.02372219861982,26.11519316884037,25.795043319163575,25.84078025817871,18855900.0,0.0,0.0,33.900001525878906,25.84078025817871
2017-05-10,25.84078093062186,25.84078093062186,25.5968563984797,25.71881866455078,17481400.0,0.0,0.0,33.7400016784668,25.71881866455078
2017-05-11,25.703571756992982,25.7797970791197,25.520626912955358,25.634967803955078,17515600.0,0.0,0.0,33.630001068115234,25.634967803955078
2017-05-12,25.612100675719713,25.627346323370507,25.261459503181364,25.49776268005371,20194300.0,0.0,0.0,33.45000076293945,25.49776268005371
2017-05-15,25.917004645728515,26.267645775414064,25.894137630951946,26.09232521057129,31531000.0,0.0,0.0,34.22999954223633,26.09232521057129
2017-05-16,26.099945451395914,26.168549392926632,25.939867649284796,26.145679473876953,18950000.0,0.0,0.0,34.29999923706055,26.145679473876953
2017-05-17,26.06945805310114,26.15330765056908,25.764550954637663,25.779796600341797,38787800.0,0.0,0.0,33.81999969482422,25.779796600341797
2017-05-18,23.70643525854839,24.018963706119763,23.149982310814448,23.91986846923828,85500500.0,0.0,0.0,31.3799991607666,23.91986846923828
2017-05-19,24.19428212218217,24.224773408962037,23.645452045285722,23.790281295776367,39859200.0,0.0,0.0,31.209999084472656,23.790281295776367
2017-05-22,23.74454581820978,24.377225479811614,23.74454581820978,24.07994270324707,35085200.0,0.0,0.0,31.59000015258789,24.07994270324707
2017-05-23,24.262892002427105,24.29338329667041,24.026590287661207,24.20953369140625,29827500.0,0.0,0.0,31.760000228881836,24.20953369140625
2017-05-24,24.33911626223355,24.34673908500454,23.797907476731652,24.003719329833984,23446300.0,0.0,0.0,31.489999771118164,24.003719329833984
2017-05-25,24.049458660236592,24.15617674219951,23.91225219012144,23.96561050415039,21586500.0,0.0,0.0,31.440000534057617,23.96561050415039
2017-05-26,24.01896010149762,24.07994121738658,23.904620690943883,24.011337280273438,16403100.0,0.0,0.0,31.5,24.011337280273438
2017-05-30,23.935119138863964,24.24764765204693,23.92749631489548,24.1485538482666,17108300.0,0.0,0.0,31.68000030517578,24.1485538482666
2017-05-31,24.224770641925556,24.308618763183624,23.988467558086654,24.034204483032227,30196700.0,0.0,0.0,31.530000686645508,24.034204483032227
2017-06-01,24.02658921591932,24.255268096923828,23.988475099815325,24.255268096923828,15525500.0,0.0,0.0,31.81999969482422,24.255268096923828
2017-06-02,24.339118933766873,24.438214186761925,24.148552705289408,24.37723159790039,20085200.0,0.0,0.0,31.979999542236328,24.37723159790039
2017-06-05,24.430589759050495,24.430589759050495,24.06470295156041,24.20953369140625,15976000.0,0.0,0.0,31.760000228881836,24.20953369140625
2017-06-06,24.20190813130657,24.209530954005476,24.01134192554825,24.057077407836914,16186600.0,0.0,0.0,31.559999465942383,24.057077407836914
2017-06-07,24.095190048217773,24.179038184969947,23.9656049780684,24.095190048217773,14948400.0,0.0,0.0,31.610000610351562,24.095190048217773
2017-06-08,24.03420892425952,24.247642131161065,24.026586102026652,24.095190048217773,21828600.0,0.0,0.0,31.610000610351562,24.095190048217773
2017-06-09,24.118059012774157,24.262889739109742,23.698813933371692,23.912248611450195,25376600.0,0.0,0.0,31.3700008392334,23.912248611450195
2017-06-12,23.88938184971083,24.118060735922306,23.744551113027615,23.820777893066406,25784400.0,0.0,0.0,31.25,23.820777893066406
2017-06-13,23.85888649557986,24.24001887700385,23.843642305290437,24.163793563842773,27781000.0,0.0,0.0,31.700000762939453,24.163793563842773
2017-06-14,24.293380130686582,24.369605448551077,23.88175643547553,24.087568283081055,24940400.0,0.0,0.0,31.600000381469727,24.087568283081055
2017-06-15,23.82077362676787,24.118056416380448,23.797905160680504,24.07232093811035,19328000.0,0.0,0.0,31.579999923706055,24.07232093811035
2017-06-16,24.095189388347634,24.118056400515318,23.782660954882395,24.11043357849121,36367400.0,0.0,0.0,31.6299991607666,24.11043357849121
2017-06-19,24.21715182419885,24.40771801459279,24.072321112406154,24.384849548339844,18459200.0,0.0,0.0,31.989999771118164,24.384849548339844
2017-06-20,24.34674307666164,24.51444084340314,24.27051629035913,24.278139114379883,18190100.0,0.0,0.0,31.850000381469727,24.278139114379883
2017-06-21,24.18666583450254,24.29338391315734,24.01896807362353,24.27051544189453,20386100.0,0.0,0.0,31.84000015258789,24.27051544189453
2017-06-22,24.32387460459938,24.392478566881135,24.16379966187863,24.278139114379883,19436600.0,0.0,0.0,31.850000381469727,24.278139114379883
2017-06-23,24.278133364990644,24.621151641263047,24.201906596739665,24.461076736450195,25792200.0,0.0,0.0,32.09000015258789,24.461076736450195
2017-06-26,24.560169014996788,24.773602195722592,24.529677729804813,24.575414657592773,22175000.0,0.0,0.0,32.2400016784668,24.575414657592773
2017-06-27,24.4610810532938,24.590664692113055,24.20953369140625,24.20953369140625,23224200.0,0.0,0.0,31.760000228881836,24.20953369140625
2017-06-28,24.224776559783276,24.6059075167718,24.2095309144104,24.45345687866211,17732300.0,0.0,0.0,32.08000183105469,24.45345687866211
2017-06-29,24.232397091072475,24.415339002629068,23.820773428356258,23.94273567199707,27664500.0,0.0,0.0,31.40999984741211,23.94273567199707
2017-06-30,24.23240160989171,24.23240160989171,23.858890533447266,23.858890533447266,23604600.0,0.0,0.0,31.299999237060547,23.858890533447266
2017-07-03,23.69881434633863,24.118059433046707,23.653078862347982,23.881757736206055,14112100.0,0.0,0.0,31.329999923706055,23.881757736206055
2017-07-05,23.73557486463546,24.05871726757739,23.643247834871328,23.93561553955078,24270300.0,0.29,0.0,31.110000610351562,23.93561553955078
2017-07-06,23.8432861484163,23.866368270443434,23.597082716746367,23.63555145263672,20789100.0,0.0,0.0,30.719999313354492,23.63555145263672
2017-07-07,23.66633228846133,23.904841726551304,23.658638246266364,23.774045944213867,15860600.0,0.0,0.0,30.899999618530273,23.774045944213867
2017-07-10,23.758655231297027,23.9202271645389,23.712492450722923,23.835594177246094,15528800.0,0.0,0.0,30.979999542236328,23.835594177246094
2017-07-11,23.889452790447258,23.943311083891853,23.743270396420126,23.920228958129883,12806000.0,0.0,0.0,31.09000015258789,23.920228958129883
2017-07-12,24.04332784837974,24.189511692594603,23.966388905767268,23.974082946777344,18586200.0,0.0,0.0,31.15999984741211,23.974082946777344
2017-07-13,24.05102559281495,24.066413677204586,23.912535768285217,24.058719635009766,15934200.0,0.0,0.0,31.270000457763672,24.058719635009766
2017-07-14,24.135651217604913,24.197202068875196,24.058712286645044,24.17411994934082,13573100.0,0.0,0.0,31.420000076293945,24.17411994934082
2017-07-17,24.235668182373047,24.34338179358747,24.197199454793008,24.235668182373047,16427500.0,0.0,0.0,31.5,24.235668182373047
2017-07-18,24.1664311086399,24.243370056152344,23.98177851510306,24.243370056152344,15530700.0,0.0,0.0,31.510000228881836,24.243370056152344
2017-07-19,24.243370047415947,24.658838015852034,24.204899839929407,24.54343032836914,21567900.0,0.0,0.0,31.899999618530273,24.54343032836914
2017-07-20,24.55112399759358,24.658837641945883,24.435716311860634,24.51265525817871,16389500.0,0.0,0.0,31.860000610351562,24.51265525817871
2017-07-21,24.512658669008914,24.643452988214264,24.39724949972894,24.497270584106445,13973800.0,0.0,0.0,31.84000015258789,24.497270584106445
2017-07-24,24.51265525817871,24.566512080354865,24.358777365542558,24.51265525817871,15504100.0,0.0,0.0,31.860000610351562,24.51265525817871
2017-07-25,24.54343155649397,24.812717152421033,24.52804347272935,24.712696075439453,14990000.0,0.0,0.0,32.119998931884766,24.712696075439453
2017-07-26,24.712698977796208,24.7973319809528,24.2433741077635,24.358781814575195,21941500.0,0.0,0.0,31.65999984741211,24.358781814575195
2017-07-27,24.412633431061785,24.428021513346124,24.012552096598768,24.289531707763672,21437400.0,0.0,0.0,31.56999969482422,24.289531707763672
2017-07-28,24.197207477074343,24.312615165564324,24.051023622326564,24.25106430053711,15771000.0,0.0,0.0,31.520000457763672,24.25106430053711
2017-07-31,24.266449488173055,24.304918223916804,24.135653732160833,24.19720458984375,19256400.0,0.0,0.0,31.450000762939453,24.19720458984375
2017-08-01,24.30492287761281,24.35877970496138,24.181821138676526,24.351085662841797,12962800.0,0.0,0.0,31.649999618530273,24.351085662841797
2017-08-02,24.289533040870978,24.289533040870978,24.043329580762116,24.25106430053711,15845600.0,0.0,0.0,31.520000457763672,24.25106430053711
2017-08-03,24.30491958661221,24.40493918564664,24.181817864344477,24.281837463378906,14420800.0,0.0,0.0,31.559999465942383,24.281837463378906
2017-08-04,24.366472093429117,24.551124689301936,24.29722718654076,24.46649169921875,16929500.0,0.0,0.0,31.799999237060547,24.46649169921875
2017-08-07,24.45880183933882,24.528045286422834,24.381862882315016,24.497270584106445,11877400.0,0.0,0.0,31.84000015258789,24.497270584106445
2017-08-08,24.428017373434592,24.620363966926202,24.312609710837236,24.366466522216797,15375700.0,0.0,0.0,31.670000076293945,24.366466522216797
2017-08-09,24.27414844569472,24.374169532916213,24.12796603743037,24.328006744384766,16131300.0,0.0,0.0,31.6200008392334,24.328006744384766
2017-08-10,24.281834832574532,24.281834832574532,23.85097885131836,23.85097885131836,23517400.0,0.0,0.0,31.0,23.85097885131836
2017-08-11,24.027938598462868,24.274142028865242,23.881756228841585,24.21259117126465,20756600.0,0.0,0.0,31.469999313354492,24.21259117126465
2017-08-14,24.381862882315016,24.535739328874072,24.281841797937513,24.497270584106445,21761600.0,0.0,0.0,31.84000015258789,24.497270584106445
2017-08-15,24.50495886201021,24.78193698765558,24.49726482136892,24.689611434936523,25251500.0,0.0,0.0,32.09000015258789,24.689611434936523
2017-08-16,24.697307754087593,24.981982898529147,24.66653452183127,24.881961822509766,29052000.0,0.0,0.0,32.34000015258789,24.881961822509766
2017-08-17,24.227984651754564,24.44341343510915,23.73557768121669,23.88176155090332,53288800.0,0.0,0.0,31.040000915527344,23.88176155090332
2017-08-18,23.85098099704276,23.897143775172584,23.358574117022638,23.366268157958984,34802200.0,0.0,0.0,30.3700008392334,23.366268157958984
2017-08-21,23.36626888331717,23.697103848920626,23.358574842141977,23.604778289794922,24198400.0,0.0,0.0,30.68000030517578,23.604778289794922
2017-08-22,23.735577200269894,24.104882420690178,23.65863824581021,24.058719635009766,24747200.0,0.0,0.0,31.270000457763672,24.058719635009766
2017-08-23,24.012553865238438,24.1587377227302,23.781738483925892,23.789432525634766,22436600.0,0.0,0.0,30.920000076293945,23.789432525634766
2017-08-24,23.81250988486199,24.15873288753681,23.774039684017154,24.03563117980957,22576100.0,0.0,0.0,31.239999771118164,24.03563117980957
2017-08-25,24.15104395118155,24.46649232733198,24.127963293285152,24.18951416015625,19558300.0,0.0,0.0,31.440000534057617,24.18951416015625
2017-08-28,24.312609839045507,24.358772610830272,24.166426016324355,24.266447067260742,12958900.0,0.0,0.0,31.540000915527344,24.266447067260742
2017-08-29,24.051026604753062,24.335698840496324,23.997169774611827,24.220291137695312,16362700.0,0.0,0.0,31.479999542236328,24.220291137695312
2017-08-30,24.21259149233294,24.774244726310325,24.174122756130537,24.612672805786133,22988700.0,0.0,0.0,31.989999771118164,24.612672805786133
2017-08-31,24.69730746877998,24.881961535069,24.612675944843286,24.781940460205078,27800200.0,0.0,0.0,32.209999084472656,24.781940460205078
2017-09-01,24.789633544863445,24.889651674968277,24.643448233980717,24.85118293762207,14686600.0,0.0,0.0,32.29999923706055,24.85118293762207
2017-09-05,24.735782200963566,24.805027117505034,24.204903529153253,24.328006744384766,32475500.0,0.0,0.0,31.6200008392334,24.328006744384766
2017-09-06,24.42802057255289,24.55112229111,24.335693549890934,24.520347595214844,16962300.0,0.0,0.0,31.8700008392334,24.520347595214844
2017-09-07,24.589594975532975,24.59728901761405,24.42033045221481,24.435718536376953,14751700.0,0.0,0.0,31.760000228881836,24.435718536376953
2017-09-08,24.374169053089037,24.451108010785898,24.204903052658228,24.220291137695312,15339500.0,0.0,0.0,31.479999542236328,24.220291137695312
2017-09-11,24.397246779878394,24.85118496147554,24.36647208099282,24.766551971435547,22440800.0,0.0,0.0,32.189998626708984,24.766551971435547
2017-09-12,24.851180927506654,24.981978145875914,24.766547951204714,24.935813903808594,18923100.0,0.0,0.0,32.40999984741211,24.935813903808594
2017-09-13,24.881957532433134,24.920426267353502,24.589589864080917,24.75885581970215,22705100.0,0.0,0.0,32.18000030517578,24.75885581970215
2017-09-14,24.551124676771398,24.789635563704397,24.551124676771398,24.766551971435547,18194800.0,0.0,0.0,32.189998626708984,24.766551971435547
2017-09-15,24.774241736785473,25.005057061123708,24.71268941830803,24.958892822265625,29336100.0,0.0,0.0,32.439998626708984,24.958892822265625
2017-09-18,24.951205686155294,25.128164237868422,24.820408448381496,25.020450592041016,17290900.0,0.0,0.0,32.52000045776367,25.020450592041016
2017-09-19,24.974284268857563,25.12046957746179,24.928122958752212,24.99736785888672,12927700.0,0.0,0.0,32.4900016784668,24.99736785888672
2017-09-20,25.04353008691662,25.19740797451969,24.92042836382948,25.081998825073242,19865400.0,0.0,0.0,32.599998474121094,25.081998825073242
2017-09-21,25.174327443906815,25.312817249941148,25.005061473203387,25.158939361572266,19870000.0,0.0,0.0,32.70000076293945,25.158939361572266
2017-09-22,25.128159580900345,25.79752492375859,25.112771500780177,25.674423217773438,28234900.0,0.0,0.0,33.369998931884766,25.674423217773438
2017-09-25,25.628263904948472,26.03603778742006,25.543630925195558,25.94371223449707,32396900.0,0.0,0.0,33.720001220703125,25.94371223449707
2017-09-26,25.9744873046875,26.23607883567265,25.905242401339176,25.9744873046875,26138300.0,0.0,0.0,33.7599983215332,25.9744873046875
2017-09-27,25.989875271144975,26.097588912544786,25.62057009992707,25.75905990600586,22594600.0,0.0,0.0,33.47999954223633,25.75905990600586
2017-09-28,25.559026111849235,25.743677269027717,25.559026111849235,25.65904426574707,15496900.0,0.0,0.0,33.349998474121094,25.65904426574707
2017-09-29,25.62826441373146,25.90524107799909,25.574407595542493,25.874467849731445,14802700.0,0.0,0.0,33.630001068115234,25.874467849731445
2017-10-02,25.859079425352522,25.982181141720826,25.789834526459323,25.966793060302734,16555200.0,0.0,0.0,33.75,25.966793060302734
2017-10-03,25.94370595816203,26.0821957215311,25.859072998883637,26.043724060058594,13346900.0,0.0,0.0,33.849998474121094,26.043724060058594
2017-10-04,26.020454387706778,26.04373745233425,25.834207632719778,25.950611114501953,14652200.0,0.29,0.0,33.439998626708984,25.950611114501953
2017-10-05,26.059253740301696,26.129094040388306,25.92732626601551,26.067012786865234,14524800.0,0.0,0.0,33.59000015258789,26.067012786865234
2017-10-06,26.113573162103744,26.214455558361347,26.0126878055082,26.19117546081543,15464700.0,0.0,0.0,33.75,26.19117546081543
2017-10-09,26.206700376969465,26.299823741222706,26.08253490451902,26.198938369750977,8728400.0,0.0,0.0,33.7599983215332,26.198938369750977
2017-10-10,26.29206170350526,26.315341801835764,25.973887531523555,26.035968780517578,18011000.0,0.0,0.0,33.54999923706055,26.035968780517578
2017-10-11,25.904046165986642,26.098054893795897,25.803160798631115,26.067012786865234,12561400.0,0.0,0.0,33.59000015258789,26.067012786865234
2017-10-12,25.8109188079834,25.96612637606144,25.741075550365185,25.8109188079834,17905600.0,0.0,0.0,33.2599983215332,25.8109188079834
2017-10-13,25.919569999128885,26.051494527224722,25.8574857786095,25.973892211914062,13578800.0,0.0,0.0,33.470001220703125,25.973892211914062
2017-10-16,26.074777525896273,26.10581963960384,25.973895096855042,26.028217315673828,10509100.0,0.0,0.0,33.540000915527344,26.028217315673828
2017-10-17,26.067022368431115,26.12910364477366,25.966136963992714,26.07478141784668,9303100.0,0.0,0.0,33.599998474121094,26.07478141784668
2017-10-18,26.167896245179183,26.191176343509685,25.950604472855016,26.035968780517578,9971200.0,0.0,0.0,33.54999923706055,26.035968780517578
2017-10-19,26.00492579943427,26.29981986314696,25.958365604342433,26.19117546081543,13203100.0,0.0,0.0,33.75,26.19117546081543
2017-10-20,26.400714931015163,26.687847094272982,26.392952922086042,26.57920265197754,24361400.0,0.0,0.0,34.25,26.57920265197754
2017-10-23,26.734404587516252,26.91289227056166,26.59471805985665,26.65679931640625,22632000.0,0.0,0.0,34.349998474121094,26.65679931640625
2017-10-24,26.695604376213893,26.905131214774766,26.579197945601404,26.835290908813477,16280200.0,0.0,0.0,34.58000183105469,26.835290908813477
2017-10-25,26.951699181401487,26.951699181401487,26.509359402798548,26.618003845214844,17400900.0,0.0,0.0,34.29999923706055,26.618003845214844
2017-10-26,26.70335952560744,26.780961827796016,26.439507553692984,26.594715118408203,14616100.0,0.0,0.0,34.27000045776367,26.594715118408203
2017-10-27,26.501590892452114,26.866325253153157,26.45502773646693,26.71887969970703,20356600.0,0.0,0.0,34.43000030517578,26.71887969970703
2017-10-30,26.486070596500703,26.68007931146998,26.245498724217097,26.416227340698242,18345100.0,0.0,0.0,34.040000915527344,26.416227340698242
2017-10-31,26.36966706349294,26.57143780688781,26.354146009359614,26.50159454345703,13935100.0,0.0,0.0,34.150001525878906,26.50159454345703
2017-11-01,26.610241087653687,26.967216480219935,26.60247907979781,26.866331100463867,22051300.0,0.0,0.0,34.619998931884766,26.866331100463867
2017-11-02,26.812004905066267,26.88184816370388,26.509351771082684,26.548152923583984,19827600.0,0.0,0.0,34.209999084472656,26.548152923583984
2017-11-03,26.602480872289934,26.765450484519537,26.40847210756124,26.749929428100586,13414400.0,0.0,0.0,34.470001220703125,26.749929428100586
2017-11-06,26.67232321417432,26.819771764833668,26.586958887021797,26.703365325927734,12786900.0,0.0,0.0,34.40999984741211,26.703365325927734
2017-11-07,26.633520105377862,26.75768558296528,26.548155784473046,26.69560432434082,11332900.0,0.0,0.0,34.400001525878906,26.69560432434082
2017-11-08,26.625761130883525,26.77320671081543,26.47831259061312,26.77320671081543,13061300.0,0.0,0.0,34.5,26.77320671081543
2017-11-09,26.610245708158402,26.633525815091065,26.28430940940543,26.423995971679688,16785000.0,0.0,0.0,34.04999923706055,26.423995971679688
2017-11-10,26.43175408456815,26.45503418806909,26.129097937362506,26.377431869506836,19319400.0,0.0,0.0,33.9900016784668,26.377431869506836
2017-11-13,26.27654649963301,26.54815757506908,26.253266396120974,26.346389770507812,16441500.0,0.0,0.0,33.95000076293945,26.346389770507812
2017-11-14,26.276540829093314,26.50935069498884,26.229977671778986,26.416227340698242,17468500.0,0.0,0.0,34.040000915527344,26.416227340698242
2017-11-15,26.361906126304856,26.625758106975045,26.1911775034188,26.470550537109375,30829600.0,0.0,0.0,34.11000061035156,26.470550537109375
2017-11-16,27.968293096598554,28.457192857587586,27.80532650960221,27.844127655029297,61177100.0,0.0,0.0,35.880001068115234,27.844127655029297
2017-11-17,27.859663009643555,28.18559635098475,27.78981972787913,27.859663009643555,27988000.0,0.0,0.0,35.900001525878906,27.859663009643555
2017-11-20,27.882931985308684,28.356313710467735,27.882931985308684,28.325271606445312,26897800.0,0.0,0.0,36.5,28.325271606445312
2017-11-21,28.519279390705965,28.690007996951643,28.387354893398214,28.44167709350586,24146400.0,0.0,0.0,36.650001525878906,28.44167709350586
2017-11-22,28.480486804266015,28.496007860439743,28.216634769990137,28.28647804260254,17226400.0,0.0,0.0,36.45000076293945,28.28647804260254
2017-11-24,28.255434013769005,28.379599494398285,28.185590745893872,28.31751823425293,6155800.0,0.0,0.0,36.4900016784668,28.31751823425293
2017-11-27,28.33303274085763,28.783134401348192,28.325273694449052,28.61240577697754,20942200.0,0.0,0.0,36.869998931884766,28.61240577697754
2017-11-28,28.713295216017723,29.334122628620655,28.697774160660323,29.279800415039062,30966600.0,0.0,0.0,37.72999954223633,29.279800415039062
2017-11-29,29.29532811791201,29.51261702154424,28.891789468066943,29.085798263549805,36788600.0,0.0,0.0,37.47999954223633,29.085798263549805
2017-11-30,29.1944388529164,29.33412540401055,28.946107864379883,28.946107864379883,30749500.0,0.0,0.0,37.29999923706055,28.946107864379883
2017-12-01,28.783132829098957,29.225472458680397,28.50375980823951,29.178909301757812,26920900.0,0.0,0.0,37.599998474121094,29.178909301757812
2017-12-04,29.341878853929543,29.481565364278865,29.132349088405558,29.272035598754883,29414400.0,0.0,0.0,37.720001220703125,29.272035598754883
2017-12-05,29.287560316608676,29.349641573234955,28.84521767158134,28.95386505126953,23288200.0,0.0,0.0,37.310001373291016,28.95386505126953
2017-12-06,29.000417707944212,29.272031645984992,28.90729436706565,29.03145980834961,16581800.0,0.0,0.0,37.40999984741211,29.03145980834961
2017-12-07,28.91506286392032,29.318601420088598,28.91506286392032,29.023710250854492,17092000.0,0.0,0.0,37.400001525878906,29.023710250854492
2017-12-08,29.1711549705745,29.248757284316618,29.039227484806684,29.186676025390625,14044400.0,0.0,0.0,37.61000061035156,29.186676025390625
2017-12-11,29.17115040241553,29.520366680245335,29.15562935002998,29.458282470703125,16749500.0,0.0,0.0,37.959999084472656,29.458282470703125
2017-12-12,29.326363627558447,29.566932585132623,29.147875931173576,29.41948699951172,16658600.0,0.0,0.0,37.90999984741211,29.41948699951172
2017-12-13,29.559166901070977,29.776455706956426,29.489323647702374,29.605730056762695,20199500.0,0.0,0.0,38.150001525878906,29.605730056762695
2017-12-14,29.644539737402486,29.698861954506622,29.372925691542992,29.41172981262207,16738300.0,0.0,0.0,37.900001525878906,29.41172981262207
2017-12-15,29.497095126887988,29.70662497531333,29.256526121922715,29.636781692504883,47167700.0,0.0,0.0,38.189998626708984,29.636781692504883
2017-12-18,29.861820220947266,30.17999438621974,29.722133713233692,29.861820220947266,21591400.0,0.0,0.0,38.47999954223633,29.861820220947266
2017-12-19,30.00151627756398,30.15672388668286,29.706622116271994,29.722143173217773,19695200.0,0.0,0.0,38.29999923706055,29.722143173217773
2017-12-20,29.86959176862259,30.110160750713472,29.652299931468963,30.063600540161133,18939500.0,0.0,0.0,38.7400016784668,30.063600540161133
2017-12-21,30.172250781570234,30.25761513111947,29.869597513415314,29.900636672973633,16387500.0,0.0,0.0,38.529998779296875,29.900636672973633
2017-12-22,29.892865224609228,30.063593852895174,29.854064071000128,29.91614532470703,11441600.0,0.0,0.0,38.54999923706055,29.91614532470703
2017-12-26,29.916142422798323,30.017027780666563,29.768696869250874,29.861820220947266,8186100.0,0.0,0.0,38.47999954223633,29.861820220947266
2017-12-27,29.908385273304106,29.993749584579138,29.83854201501891,29.923906326293945,10543000.0,0.0,0.0,38.560001373291016,29.923906326293945
2017-12-28,30.055829923649487,30.055829923649487,29.838541109065357,29.947185516357422,8807700.0,0.0,0.0,38.59000015258789,29.947185516357422
2017-12-29,29.807507506250104,29.97047416367242,29.722143173217773,29.722143173217773,12583600.0,0.0,0.0,38.29999923706055,29.722143173217773
2018-01-02,30.009272567848193,30.22656438477987,29.823025822293783,30.156721115112305,20135700.0,0.0,0.0,38.86000061035156,30.156721115112305
2018-01-03,30.04807966817233,30.482657424476997,29.900631106278446,30.397293090820312,29536000.0,0.0,0.0,39.16999816894531,30.397293090820312
2018-01-04,30.530206756126987,30.913301579346417,30.436388772195265,30.483299255371094,20731400.0,0.29,0.0,38.9900016784668,30.483299255371094
2018-01-05,30.921102899547023,31.179105953198643,30.78037450344949,30.905466079711914,24588200.0,0.0,0.0,39.529998779296875,30.905466079711914
2018-01-08,30.89766212794625,31.241663361431655,30.764750594777553,31.22602653503418,16582000.0,0.0,0.0,39.939998626708984,31.22602653503418
2018-01-09,31.108749380179976,31.241657907727795,30.913293557960827,31.03056526184082,21449800.0,0.0,0.0,39.689998626708984,31.03056526184082
2018-01-10,30.99929151685551,31.46056733075741,30.983654694741343,31.202564239501953,19473000.0,0.0,0.0,39.90999984741211,31.202564239501953
2018-01-11,31.38238792198513,31.437115316374697,31.077477301123462,31.35111427307129,21685600.0,0.0,0.0,40.099998474121094,31.35111427307129
2018-01-12,31.444934016095797,32.000027842180494,31.312022504509503,31.95311737060547,23770500.0,0.0,0.0,40.869998931884766,31.95311737060547
2018-01-16,31.976563275705367,32.179835952231386,31.523104484536127,31.695106506347656,32845000.0,0.0,0.0,40.540000915527344,31.695106506347656
2018-01-17,31.929663739853652,32.30493856653404,31.82802587562171,32.21112060546875,24427100.0,0.0,0.0,41.20000076293945,32.21112060546875
2018-01-18,32.2423991441865,32.430035094779825,32.07821395939277,32.289306640625,19610200.0,0.0,0.0,41.29999923706055,32.289306640625
2018-01-19,32.2736627938814,32.46130168607748,32.13293437033909,32.2814826965332,24582000.0,0.0,0.0,41.290000915527344,32.2814826965332
2018-01-22,32.2111170419038,32.57075500488281,32.07038862466525,32.57075500488281,22995100.0,0.0,0.0,41.65999984741211,32.57075500488281
2018-01-23,32.476930147140386,32.93820586500482,32.476930147140386,32.91474914550781,23984500.0,0.0,0.0,42.099998474121094,32.91474914550781
2018-01-24,32.992954415215976,33.37604628466208,32.84440603192776,32.96949768066406,26696200.0,0.0,0.0,42.16999816894531,32.96949768066406
2018-01-25,33.04766607461539,33.204031306617125,32.69584504821619,32.758392333984375,19207500.0,0.0,0.0,41.900001525878906,32.758392333984375
2018-01-26,32.95385894438139,33.27440643310547,32.797493661058,33.27440643310547,23380400.0,0.0,0.0,42.560001373291016,33.27440643310547
2018-01-29,33.07112314126086,33.60276319407818,33.07112314126086,33.50112533569336,23625900.0,0.0,0.0,42.849998474121094,33.50112533569336
2018-01-30,33.376033166148936,33.508944668301474,32.81312245929878,33.03203201293945,28993900.0,0.0,0.0,42.25,33.03203201293945
2018-01-31,32.820937473565515,32.84439121511678,32.328388024057155,32.47693634033203,36512100.0,0.0,0.0,41.540000915527344,32.47693634033203
2018-02-01,32.125126542661405,32.92258684097116,31.79675913398334,32.6020393371582,26148500.0,0.0,0.0,41.70000076293945,32.6020393371582
2018-02-02,32.44566572851024,32.79748679674899,31.953116232975997,32.00002670288086,27224200.0,0.0,0.0,40.93000030517578,32.00002670288086
2018-02-05,31.953119905603405,32.37530523601504,30.27220147013547,30.319108963012695,52399600.0,0.0,0.0,38.779998779296875,30.319108963012695
2018-02-06,29.967286119097786,31.51529577115592,29.201096721968366,31.405838012695312,55171600.0,0.0,0.0,40.16999816894531,31.405838012695312
2018-02-07,31.515295951943315,32.21893508014127,31.296383416185275,31.53874969482422,32690800.0,0.0,0.0,40.34000015258789,31.53874969482422
2018-02-08,31.61694222331934,31.86712551229836,30.27220779066212,30.311298370361328,42982100.0,0.0,0.0,38.77000045776367,30.311298370361328
2018-02-09,30.491100792546085,31.210376610450428,29.8890966497774,30.905466079711914,51304200.0,0.0,0.0,39.529998779296875,30.905466079711914
2018-02-12,31.67947725388414,31.984387832704954,31.45274780414906,31.742021560668945,38210700.0,0.0,0.0,40.599998474121094,31.742021560668945
2018-02-13,31.663846476891564,32.29712448010041,31.444936887721855,32.23457717895508,30999100.0,0.0,0.0,41.22999954223633,32.23457717895508
2018-02-14,32.086030369999044,33.03985281023232,32.04693979975019,32.906944274902344,43835900.0,0.0,0.0,42.09000015258789,32.906944274902344
2018-02-15,35.2367757633962,35.28368623489536,33.82167452190631,34.462772369384766,72267500.0,0.0,0.0,44.08000183105469,34.462772369384766
2018-02-16,34.31423320583961,35.25242200965175,34.236052048196925,34.65823745727539,39267500.0,0.0,0.0,44.33000183105469,34.65823745727539
2018-02-20,34.40021783427193,34.93967472209324,34.25167251274917,34.44712829589844,29006900.0,0.0,0.0,44.060001373291016,34.44712829589844
2018-02-21,34.48622927780705,34.72859261340663,33.837314450088044,33.86077117919922,28499200.0,0.0,0.0,43.310001373291016,33.86077117919922
2018-02-22,34.00150803067191,34.0562354414296,33.42295728240745,33.571502685546875,25887600.0,0.0,0.0,42.939998626708984,33.571502685546875
2018-02-23,33.907677058994686,34.431500242064594,33.55585596326405,34.40022659301758,25781400.0,0.0,0.0,44.0,34.40022659301758
2018-02-26,34.63477475855374,35.533872828683904,34.50186621696935,35.46350860595703,27771100.0,0.0,0.0,45.36000061035156,35.46350860595703
2018-02-27,35.50259546791845,35.65896072235081,34.88495435324113,35.213321685791016,27419300.0,0.0,0.0,45.040000915527344,35.213321685791016
2018-02-28,35.39313494532024,35.87786447128138,35.010040283203125,35.010040283203125,26885200.0,0.0,0.0,44.779998779296875,35.010040283203125
2018-03-01,34.93187142689009,35.182054688302216,33.892044823429906,34.243865966796875,32154300.0,0.0,0.0,43.79999923706055,34.243865966796875
2018-03-02,33.84512412590845,34.572219877817226,33.69657582196712,34.44712829589844,28848100.0,0.0,0.0,44.060001373291016,34.44712829589844
2018-03-05,34.33767083710686,35.002222294781326,34.165671774552536,34.806766510009766,22101700.0,0.0,0.0,44.52000045776367,34.806766510009766
2018-03-06,34.90840997760631,35.01786475752675,34.50967844227435,34.626953125,21930000.0,0.0,0.0,44.290000915527344,34.626953125
2018-03-07,34.42367951985657,34.705136389746876,34.243860515742035,34.55659103393555,22034400.0,0.0,0.0,44.20000076293945,34.55659103393555
2018-03-08,34.595685731406256,34.720777357126984,34.35331940176376,34.66604995727539,20285600.0,0.0,0.0,44.34000015258789,34.66604995727539
2018-03-09,34.88495740210021,35.60423644238466,34.87714048078404,35.4713249206543,22230900.0,0.0,0.0,45.369998931884766,35.4713249206543
2018-03-12,35.596400840535516,35.86222078434946,35.49476599614938,35.612037658691406,18299800.0,0.0,0.0,45.54999923706055,35.612037658691406
2018-03-13,35.791869964581856,36.08896365569252,35.119501444793165,35.3071403503418,23411200.0,0.0,0.0,45.15999984741211,35.3071403503418
2018-03-14,35.447869487816085,35.77623385102276,35.252413657597074,35.40095901489258,21141100.0,0.0,0.0,45.279998779296875,35.40095901489258
2018-03-15,35.416583868635726,35.760587922298484,35.27585547984973,35.440040588378906,23520400.0,0.0,0.0,45.33000183105469,35.440040588378906
2018-03-16,35.44004746811926,35.651137109857395,35.15859063590994,35.18986129760742,56129000.0,0.0,0.0,45.0099983215332,35.18986129760742
2018-03-19,34.861503732143355,35.04132274700375,34.322046687562185,34.61132049560547,26734100.0,0.0,0.0,44.27000045776367,34.61132049560547
2018-03-20,34.78332749450926,34.9005992255639,34.54096114512456,34.68950653076172,22809700.0,0.0,0.0,44.369998931884766,34.68950653076172
2018-03-21,34.58785837105955,35.10386154423127,34.50185734512782,34.64258575439453,22528200.0,0.0,0.0,44.310001373291016,34.64258575439453
2018-03-22,34.21259480225302,34.41587058094966,33.6340470865594,33.67313766479492,29520800.0,0.0,0.0,43.06999969482422,33.67313766479492
2018-03-23,34.17349255966867,34.275130414325204,33.164939880371094,33.164939880371094,31759200.0,0.0,0.0,42.41999816894531,33.164939880371094
2018-03-26,33.81385048482411,34.525309416190716,33.48548620069425,34.44712829589844,29731900.0,0.0,0.0,44.060001373291016,34.44712829589844
2018-03-27,34.78332661638134,34.80678036551619,33.0242238531927,33.36822509765625,30942000.0,0.0,0.0,42.68000030517578,33.36822509765625
2018-03-28,33.235303544405724,33.49330663681602,32.53948136051449,32.57075500488281,36696800.0,0.0,0.0,41.65999984741211,32.57075500488281
2018-03-29,32.78966555077831,33.56367186919918,32.50821169013515,33.53239822387695,55021200.0,0.0,0.0,42.88999938964844,33.53239822387695
2018-04-02,33.243127341921316,33.3291283828018,31.687297650112605,32.06257247924805,36791800.0,0.0,0.0,41.0099983215332,32.06257247924805
2018-04-03,32.3205711438785,32.4456627363363,31.835841595906892,32.351844787597656,28003900.0,0.0,0.0,41.380001068115234,32.351844787597656
2018-04-04,31.8316971962614,32.745902802810505,31.674074917947088,32.47006607055664,30117600.0,0.33,0.0,41.20000076293945,32.47006607055664
2018-04-05,32.70648864320284,33.116305247210256,32.61191650578391,32.958683013916016,29331600.0,0.0,0.0,41.81999969482422,32.958683013916016
2018-04-06,32.627689348945715,32.84835874151257,31.878985758800333,32.09965515136719,32208700.0,0.0,0.0,40.72999954223633,32.09965515136719
2018-04-09,32.27302558963172,33.14782601539394,32.23362078799427,32.446407318115234,25725800.0,0.0,0.0,41.16999816894531,32.446407318115234
2018-04-10,33.17935907690305,33.660105633234295,32.903522367398885,33.50248336791992,22724400.0,0.0,0.0,42.5099983215332,33.50248336791992
2018-04-11,33.431558912848864,33.809853613423336,33.30546168145575,33.4394416809082,21693000.0,0.0,0.0,42.43000030517578,33.4394416809082
2018-04-12,33.71527068462233,34.39304427495201,33.675865872569446,34.156612396240234,22297000.0,0.0,0.0,43.34000015258789,34.156612396240234
2018-04-13,34.32212330328184,34.471865836832116,33.60494471508414,33.88866424560547,18272300.0,0.0,0.0,43.0,33.88866424560547
2018-04-16,33.98323180673266,34.39304851669373,33.91230193373181,34.125091552734375,15807900.0,0.0,0.0,43.29999923706055,34.125091552734375
2018-04-17,34.55854510092876,35.26784371906547,34.44821042841735,35.141746520996094,21474600.0,0.0,0.0,44.59000015258789,35.141746520996094
2018-04-18,35.15751627979284,35.40182796021964,34.91320159297106,35.17327880859375,17605300.0,0.0,0.0,44.630001068115234,35.17327880859375
2018-04-19,35.00777295765874,35.425472445329774,34.97625090717376,35.11811065673828,21472300.0,0.0,0.0,44.560001373291016,35.11811065673828
2018-04-20,35.07082406372284,35.267851165204426,34.37728782471705,34.74769973754883,23539200.0,0.0,0.0,44.09000015258789,34.74769973754883
2018-04-23,34.88167431636577,35.055059115750986,34.57431254028816,34.87379455566406,20716800.0,0.0,0.0,44.25,34.87379455566406
2018-04-24,35.01566425726911,35.39395601282042,34.14874602659681,34.47187042236328,21421500.0,0.0,0.0,43.7400016784668,34.47187042236328
2018-04-25,34.51913388918816,34.668876351024224,33.691620992407785,34.448204040527344,21706000.0,0.0,0.0,43.709999084472656,34.448204040527344
2018-04-26,34.6610053353066,35.06294228275758,34.23542609908608,34.84226989746094,20549300.0,0.0,0.0,44.209999084472656,34.84226989746094
2018-04-27,35.22056559521154,35.7328372909534,34.96049136968986,35.236328125,20077400.0,0.0,0.0,44.709999084472656,35.236328125
2018-04-30,35.401829174039676,35.606739049082364,34.897440260696236,34.90532302856445,19958500.0,0.0,0.0,44.290000915527344,34.90532302856445
2018-05-01,34.60582957679109,35.425462793997006,34.542782486602825,35.33089065551758,16865500.0,0.0,0.0,44.83000183105469,35.33089065551758
2018-05-02,35.39393050078671,35.5042651408269,34.519130131334514,34.5664176940918,23601600.0,0.0,0.0,43.86000061035156,34.5664176940918
2018-05-03,34.68464604729843,35.31513511217535,34.23542454273016,35.02353286743164,23750200.0,0.0,0.0,44.439998626708984,35.02353286743164
2018-05-04,34.68464496085014,35.858927650686226,34.59795557321993,35.7013053894043,19504100.0,0.0,0.0,45.29999923706055,35.7013053894043
2018-05-07,35.748592425613666,36.25298124892339,35.70130484603043,36.040191650390625,17822400.0,0.0,0.0,45.72999954223633,36.040191650390625
2018-05-08,36.111129362224084,36.15053418390744,35.76436272245731,36.024436950683594,20285300.0,0.0,0.0,45.709999084472656,36.024436950683594
2018-05-09,36.17417306775753,36.33179232654246,35.61461387605028,36.284507751464844,20438300.0,0.0,0.0,46.040000915527344,36.284507751464844
2018-05-10,36.2529861129363,36.54458537683672,35.9929088999261,36.489418029785156,18469400.0,0.0,0.0,46.29999923706055,36.489418029785156
2018-05-11,36.32391215082917,36.465771887229295,36.079597492274615,36.19781494140625,17551500.0,0.0,0.0,45.93000030517578,36.19781494140625
2018-05-14,36.05595296853977,36.434244573344,35.99290286454185,36.01654815673828,22037700.0,0.0,0.0,45.70000076293945,36.01654815673828
2018-05-15,35.63038811841208,35.89834515540274,35.409718678441756,35.843177795410156,24753600.0,0.0,0.0,45.47999954223633,35.843177795410156
2018-05-16,35.748595171380146,35.898334675303076,35.472755445549794,35.590972900390625,31253700.0,0.0,0.0,45.15999984741211,35.590972900390625
2018-05-17,33.99111597806375,34.80286666429841,33.90442357343773,34.251190185546875,48210400.0,0.0,0.0,43.459999084472656,34.251190185546875
2018-05-18,34.25118432245045,34.33787671223652,33.975347633489704,34.05415725708008,24456000.0,0.0,0.0,43.209999084472656,34.05415725708008
2018-05-21,34.27484467172596,34.62949114007476,34.21967430330281,34.47975158691406,21785900.0,0.0,0.0,43.75,34.47975158691406
2018-05-22,34.51126700522275,34.605839169918646,34.26695232283053,34.40093231201172,16381800.0,0.0,0.0,43.650001525878906,34.40093231201172
2018-05-23,34.203898831035225,34.440330701842605,33.80196194490776,34.42456817626953,20638800.0,0.0,0.0,43.68000030517578,34.42456817626953
2018-05-24,34.361532920377435,34.65313525987877,33.89654873744885,34.337890625,18377500.0,0.0,0.0,43.56999969482422,34.337890625
2018-05-25,34.251185338083054,34.37728254340341,34.054158266870346,34.093563079833984,15362000.0,0.0,0.0,43.2599983215332,34.093563079833984
2018-05-29,33.699523286199366,34.01476793692432,33.51037890088103,33.865028381347656,25197400.0,0.0,0.0,42.970001220703125,33.865028381347656
2018-05-30,33.95171437128841,34.156621250919656,33.75468725355269,33.77044677734375,22498800.0,0.0,0.0,42.849998474121094,33.77044677734375
2018-05-31,33.77832411312235,33.99111372682175,33.58129702707417,33.66010665893555,31439600.0,0.0,0.0,42.709999084472656,33.66010665893555
2018-06-01,33.817732161912616,34.432455767102084,33.79408987137303,34.4088134765625,18352700.0,0.0,0.0,43.65999984741211,34.4088134765625
2018-06-04,34.282706432185044,34.54278357922255,34.05415433443588,34.34575653076172,18087700.0,0.0,0.0,43.58000183105469,34.34575653076172
2018-06-05,34.47185735698879,34.479737116944804,34.19601765621654,34.41668701171875,16728800.0,0.0,0.0,43.66999816894531,34.41668701171875
2018-06-06,34.48761775698243,34.92107972548674,34.408808129833226,34.88167190551758,17730200.0,0.0,0.0,44.2599983215332,34.88167190551758
2018-06-07,34.86591638082599,34.98413083509713,34.164497390679614,34.40093231201172,19722000.0,0.0,0.0,43.650001525878906,34.40093231201172
2018-06-08,34.29848520826863,34.46398728585996,34.1329831306773,34.26696014404297,18812400.0,0.0,0.0,43.47999954223633,34.26696014404297
2018-06-11,34.37728581084612,34.6137177174945,34.235426065578125,34.43245315551758,15069000.0,0.0,0.0,43.689998626708984,34.43245315551758
2018-06-12,34.42456782233806,34.63735740579524,34.25906581511392,34.62947463989258,17564900.0,0.0,0.0,43.939998626708984,34.62947463989258
2018-06-13,34.69254082009311,35.09447488197359,34.550681032042185,34.68465805053711,24383200.0,0.0,0.0,44.0099983215332,34.68465805053711
2018-06-14,34.85802530158717,35.31512950034631,34.71616558517186,35.22055435180664,24020500.0,0.0,0.0,44.689998626708984,35.22055435180664
2018-06-15,34.96048695535667,35.09446393204905,34.35364316390317,34.87379455566406,49379800.0,0.0,0.0,44.25,34.87379455566406
2018-06-18,34.57431293462522,35.007771931637315,34.196021282338585,34.84226989746094,17625400.0,0.0,0.0,44.209999084472656,34.84226989746094
2018-06-19,34.377293615058875,34.692538233085656,34.23543383758637,34.534915924072266,22199200.0,0.0,0.0,43.81999969482422,34.534915924072266
2018-06-20,34.6373725017178,34.66889756627931,34.44034535780177,34.47187042236328,21276500.0,0.0,0.0,43.7400016784668,34.47187042236328
2018-06-21,34.432447838450706,34.50337770013169,33.93594181307811,34.01475143432617,20924400.0,0.0,0.0,43.15999984741211,34.01475143432617
2018-06-22,34.15661459062084,34.24330698654339,33.801965246571626,34.04627990722656,27460000.0,0.0,0.0,43.20000076293945,34.04627990722656
2018-06-25,33.64433923577289,33.74679414740049,32.95080615840195,33.329097747802734,28626700.0,0.0,0.0,42.290000915527344,33.329097747802734
2018-06-26,33.478844493295554,33.99899591738254,33.40791461699301,33.53401184082031,22171200.0,0.0,0.0,42.54999923706055,33.53401184082031
2018-06-27,33.67587159175553,34.006878683282636,33.32122221026041,33.36063003540039,20794800.0,0.0,0.0,42.33000183105469,33.36063003540039
2018-06-28,33.36062984739161,34.03840054261321,33.32122202247371,33.841373443603516,22197700.0,0.0,0.0,42.939998626708984,33.841373443603516
2018-06-29,33.928062637059604,34.28271198299016,33.86501553466898,33.91230010986328,20522900.0,0.0,0.0,43.029998779296875,33.91230010986328
2018-07-02,33.54189880903331,33.7546884645897,33.25817926829147,33.73892593383789,21810900.0,0.0,0.0,42.810001373291016,33.73892593383789
2018-07-03,33.841360100438614,34.069912166709834,33.58916575365443,33.628570556640625,13474700.0,0.0,0.0,42.66999816894531,33.628570556640625
2018-07-05,33.80331802368164,33.86685651759463,33.32676568511447,33.80331802368164,18118700.0,0.33,0.0,42.560001373291016,33.80331802368164
2018-07-06,33.66829100508547,34.05747523110906,33.604752516448244,33.92245101928711,20258300.0,0.0,0.0,42.709999084472656,33.92245101928711
2018-07-09,33.9542199207487,33.97804647395572,33.64446260975266,33.89067840576172,23210000.0,0.0,0.0,42.66999816894531,33.89067840576172
2018-07-10,34.04953663518725,34.18456086925102,33.922456607153215,34.041595458984375,20224600.0,0.0,0.0,42.86000061035156,34.041595458984375
2018-07-11,33.80331904759399,33.96216680210131,33.70800675909754,33.81126022338867,17721600.0,0.0,0.0,42.56999969482422,33.81126022338867
2018-07-12,33.962164437961604,34.653164847239395,33.954223262719715,34.61345291137695,17999500.0,0.0,0.0,43.58000183105469,34.61345291137695
2018-07-13,34.56580948481474,34.772313445153856,32.51664011843895,33.18381118774414,50831300.0,0.0,0.0,41.779998779296875,33.18381118774414
2018-07-16,33.39825507209924,34.10513800120269,33.35854312672335,33.75566864013672,24468000.0,0.0,0.0,42.5,33.75566864013672
2018-07-17,33.52532473616208,33.763599364477706,33.469727423882645,33.628578186035156,21188400.0,0.0,0.0,42.34000015258789,33.628578186035156
2018-07-18,33.54915917700367,33.73183651948727,33.47767647517734,33.52532958984375,20364000.0,0.0,0.0,42.209999084472656,33.52532958984375
2018-07-19,33.993929851026515,34.16072177330678,33.53326601380111,33.676231384277344,24498800.0,0.0,0.0,42.400001525878906,33.676231384277344
2018-07-20,33.5650368479023,33.65240491904253,33.24733835173252,33.36647415161133,20732100.0,0.0,0.0,42.0099983215332,33.36647415161133
2018-07-23,33.29499511236509,33.45384589278978,32.91375505724182,33.406192779541016,15656500.0,0.0,0.0,42.060001373291016,33.406192779541016
2018-07-24,33.533268009875606,34.05747338954989,33.414129184111644,33.66828918457031,17493900.0,0.0,0.0,42.38999938964844,33.66828918457031
2018-07-25,33.64446521495267,34.32752140482299,33.588867899947076,34.27986526489258,20658300.0,0.0,0.0,43.15999984741211,34.27986526489258
2018-07-26,34.613453064008596,34.81201577402289,34.32752227681577,34.57373809814453,23518700.0,0.0,0.0,43.529998779296875,34.57373809814453
2018-07-27,34.359292248023024,34.64522305385893,33.692121377681474,33.81126022338867,22050900.0,0.0,0.0,42.56999969482422,33.81126022338867
2018-07-30,33.723886609638335,33.843025435806204,33.42207350171182,33.493553161621094,15300400.0,0.0,0.0,42.16999816894531,33.493553161621094
2018-07-31,33.54915144312636,33.8509645325276,33.29498842758034,33.588863372802734,20900300.0,0.0,0.0,42.290000915527344,33.588863372802734
2018-08-01,33.35059844168177,33.628585059900935,32.82639294030642,33.247344970703125,21650000.0,0.0,0.0,41.86000061035156,33.247344970703125
2018-08-02,32.87404955243283,33.835092568811824,32.72314294790441,33.77949523925781,18033200.0,0.0,0.0,42.529998779296875,33.77949523925781
2018-08-03,33.922452762572505,34.05747698133339,33.72389005190913,34.017765045166016,13394300.0,0.0,0.0,42.83000183105469,34.017765045166016
2018-08-06,33.938333386316806,34.47842412600992,33.88273607750952,34.391056060791016,14345800.0,0.0,0.0,43.29999923706055,34.391056060791016
2018-08-07,34.391060616859576,34.661106022481285,34.343407505755245,34.61345291137695,18040500.0,0.0,0.0,43.58000183105469,34.61345291137695
2018-08-08,34.66111075289595,34.915270812894164,34.50225995794034,34.81996154785156,13917100.0,0.0,0.0,43.84000015258789,34.81996154785156
2018-08-09,34.85967262145439,35.03440879453896,34.708766036407525,34.77230453491211,14098900.0,0.0,0.0,43.779998779296875,34.77230453491211
2018-08-10,34.700821830452675,34.90732876770296,34.61345677373723,34.77230453491211,14322100.0,0.0,0.0,43.779998779296875,34.77230453491211
2018-08-13,35.010578351638145,35.2567941720358,34.708762185206375,34.74847412109375,18113200.0,0.0,0.0,43.75,34.74847412109375
2018-08-14,34.81996053157127,35.16942984641223,34.613456625034985,34.94704055786133,15981300.0,0.0,0.0,44.0,34.94704055786133
2018-08-15,34.67699135949045,35.34416218255649,34.16072710444386,34.83584213256836,27902200.0,0.0,0.0,43.86000061035156,34.83584213256836
2018-08-16,36.35285971739681,36.6070197326734,35.804827752549116,35.86836624145508,48648500.0,0.0,0.0,45.15999984741211,35.86836624145508
2018-08-17,35.82070429501398,36.5990726241611,35.67773893087071,36.43227767944336,23153900.0,0.0,0.0,45.869998931884766,36.43227767944336
2018-08-20,36.52759641828827,36.797641817345124,36.36080144399843,36.71027374267578,19288500.0,0.0,0.0,46.220001220703125,36.71027374267578
2018-08-21,36.73411211460557,36.87707755008645,36.31316001559378,36.36081314086914,18617300.0,0.0,0.0,45.779998779296875,36.36081314086914
2018-08-22,36.49583619509065,36.66262818770829,36.31315881796266,36.52760696411133,13202900.0,0.0,0.0,45.9900016784668,36.52760696411133
2018-08-23,36.44022368900429,36.734095605496975,36.41639410724875,36.55141830444336,15379000.0,0.0,0.0,46.02000045776367,36.55141830444336
2018-08-24,36.69438649487949,36.8850049846127,36.591133045542016,36.789695739746094,15575200.0,0.0,0.0,46.31999969482422,36.789695739746094
2018-08-27,36.93266387948406,37.218594665258756,36.80558386689825,37.004146575927734,17209900.0,0.0,0.0,46.59000015258789,37.004146575927734
2018-08-28,37.15506059414318,37.54424491500133,37.02798055607611,37.29008483886719,19147300.0,0.0,0.0,46.95000076293945,37.29008483886719
2018-08-29,37.38539389707219,37.822231336076015,37.25037268294415,37.711036682128906,20220600.0,0.0,0.0,47.47999954223633,37.711036682128906
2018-08-30,37.57600119267834,37.75867848759524,37.30595583718685,37.44892120361328,16238500.0,0.0,0.0,47.150001525878906,37.44892120361328
2018-08-31,37.258304311769415,37.9890166116092,37.17093624039252,37.94136047363281,24904200.0,0.0,0.0,47.77000045776367,37.94136047363281
2018-09-04,37.996963574187056,38.17169974355726,37.73485932013175,37.90959548950195,19122200.0,0.0,0.0,47.72999954223633,37.90959548950195
2018-09-05,37.77458020019041,37.846062914315596,37.13917695026549,37.544246673583984,20818100.0,0.0,0.0,47.27000045776367,37.544246673583984
2018-09-06,37.67927274837735,38.04463057309511,37.3854006768203,37.55219268798828,16537600.0,0.0,0.0,47.279998779296875,37.55219268798828
2018-09-07,37.33773607057125,37.71897919531234,37.234485627871365,37.3695068359375,17229700.0,0.0,0.0,47.04999923706055,37.3695068359375
2018-09-10,37.56807241999963,37.69515246126224,37.155061528439354,37.38539505004883,16597200.0,0.0,0.0,47.06999969482422,37.38539505004883
2018-09-11,37.258309362778874,37.46481326235247,36.885010472589116,37.35361862182617,17291500.0,0.0,0.0,47.029998779296875,37.35361862182617
2018-09-12,37.218593641649434,37.33772944589468,36.885006724144645,37.2424201965332,16649400.0,0.0,0.0,46.88999938964844,37.2424201965332
2018-09-13,37.20271088502641,37.64749246311982,37.170940123056894,37.52041244506836,17972100.0,0.0,0.0,47.2400016784668,37.52041244506836
2018-09-14,37.54423038788533,37.71896650880148,37.40920619540669,37.647483825683594,13937000.0,0.0,0.0,47.400001525878906,37.647483825683594
2018-09-17,37.51246546852363,37.79045507048121,37.38538545985989,37.41715621948242,14430200.0,0.0,0.0,47.11000061035156,37.41715621948242
2018-09-18,37.38538730626814,37.846054254067354,37.38538730626814,37.69514465332031,16469600.0,0.0,0.0,47.459999084472656,37.69514465332031
2018-09-19,37.663387362100266,37.82223819504351,37.42511262759921,37.55219268798828,12721900.0,0.0,0.0,47.279998779296875,37.55219268798828
2018-09-20,37.65543544123262,37.973137016482674,37.456872714158024,37.90959548950195,17007800.0,0.0,0.0,47.72999954223633,37.90959548950195
2018-09-21,38.06843455744093,38.63235180156771,37.98106649965281,38.56881332397461,59664600.0,0.0,0.0,48.560001373291016,38.56881332397461
2018-09-24,38.2908372037226,38.616479968894616,38.27495182129629,38.473514556884766,21819300.0,0.0,0.0,48.439998626708984,38.473514556884766
2018-09-25,38.57676120957562,38.822980048925594,38.46556658207124,38.497337341308594,15810800.0,0.0,0.0,48.470001220703125,38.497337341308594
2018-09-26,38.711792222782,38.96595228168207,38.33849331072325,38.44968795776367,20080100.0,0.0,0.0,48.40999984741211,38.44968795776367
2018-09-27,38.38615036010742,38.727675485546605,38.29083806340968,38.38615036010742,15910100.0,0.0,0.0,48.33000183105469,38.38615036010742
2018-09-28,38.33849596777788,38.75944802641273,38.171703985657714,38.64031219482422,15474300.0,0.0,0.0,48.650001525878906,38.64031219482422
2018-10-01,38.91828257907262,39.02947718738355,38.65617840534614,38.81502914428711,13669500.0,0.0,0.0,48.869998931884766,38.81502914428711
2018-10-02,38.71972750404606,39.0294848393062,38.65618598408171,38.926231384277344,15671600.0,0.0,0.0,49.0099983215332,38.926231384277344
2018-10-03,39.12479304273634,39.29158801326736,38.973886481597795,39.029483795166016,16737500.0,0.0,0.0,49.13999938964844,39.029483795166016
2018-10-04,38.88555887891925,38.99750529861111,38.4137825028527,38.68565368652344,22110900.0,0.33,0.0,48.380001068115234,38.68565368652344
2018-10-05,38.701653935895045,39.06148091139145,38.069952673955385,38.485755920410156,19103300.0,0.0,0.0,48.130001068115234,38.485755920410156
2018-10-08,38.317828525423536,38.78161006874563,37.702123173554575,37.997982025146484,23791400.0,0.0,0.0,47.52000045776367,37.997982025146484
2018-10-09,38.00597390634085,38.405784288020214,37.80606871550117,37.97399139404297,17008400.0,0.0,0.0,47.4900016784668,37.97399139404297
2018-10-10,37.934001922044864,37.989975122611305,36.41472454189615,36.486690521240234,33055800.0,0.0,0.0,45.630001068115234,36.486690521240234
2018-10-11,36.35076220653224,36.46270863470338,35.119345396026915,35.27927017211914,36496300.0,0.0,0.0,44.119998931884766,35.27927017211914
2018-10-12,35.92695979838545,36.66260940901941,35.55113707755969,36.550662994384766,35424000.0,0.0,0.0,45.709999084472656,36.550662994384766
2018-10-15,36.39874237498497,36.55866715907605,35.71906280517578,35.71906280517578,26160500.0,0.0,0.0,44.66999816894531,35.71906280517578
2018-10-16,36.21481672413141,36.734568269852346,35.86298171747248,36.638614654541016,22669400.0,0.0,0.0,45.81999969482422,36.638614654541016
2018-10-17,36.69460437149593,36.9664756125375,36.1588598069706,36.73458480834961,17803400.0,0.0,0.0,45.939998626708984,36.73458480834961
2018-10-18,37.02243913307592,37.174369023745726,36.10287712515002,36.35075759887695,19044600.0,0.0,0.0,45.459999084472656,36.35075759887695
2018-10-19,36.30278486377287,36.942480881792534,36.08688688575788,36.25480651855469,21356300.0,0.0,0.0,45.34000015258789,36.25480651855469
2018-10-22,36.59864275224394,37.006447999946786,36.310778789013156,36.59064483642578,19195400.0,0.0,0.0,45.7599983215332,36.59064483642578
2018-10-23,36.10288403786071,36.5986481305508,35.535150893475674,36.31877899169922,21836200.0,0.0,0.0,45.41999816894531,36.31877899169922
2018-10-24,36.374739636763415,36.52666644095946,35.15131813870589,35.23927688598633,29588800.0,0.0,0.0,44.06999969482422,35.23927688598633
2018-10-25,35.67907005448047,36.630620513653525,35.35122573291349,36.35874938964844,27054500.0,0.0,0.0,45.470001220703125,36.35874938964844
2018-10-26,35.63909908655391,36.07089505395536,35.007397917612316,35.38322067260742,31806600.0,0.0,0.0,44.25,35.38322067260742
2018-10-29,35.89497142511057,36.02291061042952,34.335710506947215,35.05537033081055,28214200.0,0.0,0.0,43.84000015258789,35.05537033081055
2018-10-30,35.11934961633892,35.74305601301862,34.983415523027666,35.64710235595703,25924600.0,0.0,0.0,44.58000183105469,35.64710235595703
2018-10-31,36.02291034081222,37.022436171857564,35.89497115645084,36.582645416259766,26023700.0,0.0,0.0,45.75,36.582645416259766
2018-11-01,36.518686725431,36.68660944042322,36.062903035406,36.5026969909668,24662100.0,0.0,0.0,45.650001525878906,36.5026969909668
2018-11-02,36.55866295340616,36.85452178723686,35.966942235433564,36.36675262451172,25581300.0,0.0,0.0,45.47999954223633,36.36675262451172
2018-11-05,36.5746467009546,37.13437866715952,36.26279211224129,36.894493103027344,17525200.0,0.0,0.0,46.13999938964844,36.894493103027344
2018-11-06,36.81453682222811,37.27831523025174,36.782551262968326,37.1823616027832,15446700.0,0.0,0.0,46.5,37.1823616027832
2018-11-07,37.56619267452148,38.32583320345426,37.38228021809556,38.30184555053711,19990400.0,0.0,0.0,47.900001525878906,38.30184555053711
2018-11-08,38.27785128386398,38.73363494873047,38.27785128386398,38.73363494873047,21002000.0,0.0,0.0,48.439998626708984,38.73363494873047
2018-11-09,38.44577252531068,38.581706607758434,37.34229488119845,37.67013931274414,22015400.0,0.0,0.0,47.11000061035156,37.67013931274414
2018-11-12,37.69411872701232,37.78207749070178,36.41472684692242,36.478694915771484,25913500.0,0.0,0.0,45.619998931884766,36.478694915771484
2018-11-13,36.542677173185744,36.830541196525004,36.00692956301284,36.078895568847656,26196700.0,0.0,0.0,45.119998931884766,36.078895568847656
2018-11-14,36.35075075895317,36.494682707077985,35.24727655707686,35.447181701660156,36613500.0,0.0,0.0,44.33000183105469,35.447181701660156
2018-11-15,37.42224203551242,37.6621275962553,36.10286992627135,37.39825439453125,45983300.0,0.0,0.0,46.77000045776367,37.39825439453125
2018-11-16,37.150378660362165,37.614160151364956,36.88650540365898,37.06241989135742,31327400.0,0.0,0.0,46.349998474121094,37.06241989135742
2018-11-19,37.06241659503723,37.246332032223044,36.182835083841624,36.582645416259766,28370400.0,0.0,0.0,45.75,36.582645416259766
2018-11-20,35.91895304303704,36.21481483782809,35.29525000053426,35.57511901855469,28430600.0,0.0,0.0,44.4900016784668,35.57511901855469
2018-11-21,35.9429482765619,36.12686065720527,35.503157535865974,35.89496994018555,20117400.0,0.0,0.0,44.88999938964844,35.89496994018555
2018-11-23,35.54314630837026,36.07889079737865,35.495167960721645,35.6151123046875,9372900.0,0.0,0.0,44.540000915527344,35.6151123046875
2018-11-26,36.09488350480397,36.49469391677621,36.05490307366902,36.438720703125,18275900.0,0.0,0.0,45.56999969482422,36.438720703125
2018-11-27,36.34276506300511,37.09440749813326,36.15085473365792,36.878509521484375,21472700.0,0.0,0.0,46.119998931884766,36.878509521484375
2018-11-28,37.02243818256074,37.96599086233713,36.87850621104835,37.814064025878906,24293800.0,0.0,0.0,47.290000915527344,37.814064025878906
2018-11-29,37.50221384122836,38.189885113810355,37.50221384122836,37.85404586791992,22650800.0,0.0,0.0,47.34000015258789,37.85404586791992
2018-11-30,37.798072257662625,38.30982903660335,37.518203172090594,38.2778434753418,41619100.0,0.0,0.0,47.869998931884766,38.2778434753418
2018-12-03,38.63767605599125,39.01349880073752,38.44576877592042,38.97351837158203,24690100.0,0.0,0.0,48.7400016784668,38.97351837158203
2018-12-04,38.94151955086035,39.29335147808649,37.78206919820781,37.862030029296875,30802700.0,0.0,0.0,47.349998474121094,37.862030029296875
2018-12-06,37.57416350169484,38.749603401830925,37.158360532487414,38.69363021850586,40133000.0,0.0,0.0,48.38999938964844,38.69363021850586
2018-12-07,38.509732733350155,38.7736090281113,37.07041608552918,37.13438415527344,38298000.0,0.0,0.0,46.439998626708984,37.13438415527344
2018-12-10,37.022441369256015,37.686128078391,36.638623762289626,37.47023010253906,28682000.0,0.0,0.0,46.86000061035156,37.47023010253906
2018-12-11,38.26984880340606,38.301834364829105,37.350283739515255,37.65414047241211,26048500.0,0.0,0.0,47.09000015258789,37.65414047241211
2018-12-12,38.317824901636236,38.54172078599844,37.870039233534,37.91801452636719,23157200.0,0.0,0.0,47.41999816894531,37.91801452636719
2018-12-13,38.12592748142882,38.35781829108016,37.68613656505302,37.9580078125,20051700.0,0.0,0.0,47.470001220703125,37.9580078125
2018-12-14,37.07840536255425,37.278310507133945,36.49468270641881,36.638614654541016,27364500.0,0.0,0.0,45.81999969482422,36.638614654541016
2018-12-17,36.638627585226814,36.77456471767804,35.111351863636685,35.34324264526367,36610300.0,0.0,0.0,44.20000076293945,35.34324264526367
2018-12-18,35.623105199299005,35.67108354429233,34.967416402612876,35.231292724609375,30513800.0,0.0,0.0,44.060001373291016,35.231292724609375
2018-12-19,35.0953631452751,35.91897175090975,34.03986373115494,34.49564743041992,34820100.0,0.0,0.0,43.13999938964844,34.49564743041992
2018-12-20,34.37569767698416,34.567604950442025,33.480120233143765,33.975887298583984,38810900.0,0.0,0.0,42.4900016784668,33.975887298583984
2018-12-21,34.311725665323785,34.751516460133054,33.37617086820104,33.46412658691406,77915100.0,0.0,0.0,41.849998474121094,33.46412658691406
2018-12-24,33.34418020389344,33.432138959456836,32.184729703877956,32.208717346191406,24069400.0,0.0,0.0,40.279998779296875,32.208717346191406
2018-12-26,32.52857048080017,33.98387991796829,32.30467765979305,33.95989227294922,33335900.0,0.0,0.0,42.470001220703125,33.95989227294922
2018-12-27,33.49611210072685,34.32771839719222,32.90439446500762,34.31172561645508,28404100.0,0.0,0.0,42.90999984741211,34.31172561645508
2018-12-28,34.51962212682327,34.80748604996101,33.951892195252015,34.19977569580078,22447300.0,0.0,0.0,42.77000045776367,34.19977569580078
2018-12-31,34.535618284387795,34.823482235685994,34.2957326750763,34.64756774902344,20581200.0,0.0,0.0,43.33000183105469,34.64756774902344
2019-01-02,33.80795685351116,34.54360936690156,33.75198365742074,34.34370422363281,23833500.0,0.0,0.0,42.95000076293945,34.34370422363281
2019-01-03,34.085844359705874,34.17448416470688,33.00605623992086,33.094696044921875,29606700.0,0.33,0.0,41.06999969482422,33.094696044921875
2019-01-04,33.72323435288074,34.649919475399116,33.46537473293163,34.585453033447266,27515000.0,0.0,0.0,42.91999816894531,34.585453033447266
2019-01-07,34.537100804508405,35.173692985252146,34.45651776483465,34.81913375854492,19488100.0,0.0,0.0,43.209999084472656,34.81913375854492
2019-01-08,35.10922635313871,35.40737591340838,34.730493753655175,35.10116958618164,22071400.0,0.0,0.0,43.560001373291016,35.10116958618164
2019-01-09,35.35097959399545,35.35097959399545,34.78691045132518,34.90778350830078,22640000.0,0.0,0.0,43.31999969482422,34.90778350830078
2019-01-10,34.7385586951169,34.883605113070004,34.31147928332668,34.84331512451172,23277600.0,0.0,0.0,43.2400016784668,34.84331512451172
2019-01-11,34.738559830981735,35.08505927698505,34.561280186813754,35.044769287109375,17378400.0,0.0,0.0,43.4900016784668,35.044769287109375
2019-01-14,34.71438041786202,34.96418015602903,34.64991398612301,34.81913375854492,16243600.0,0.0,0.0,43.209999084472656,34.81913375854492
2019-01-15,34.915842069844025,35.48796796081073,34.77079563636945,35.47185134887695,17744100.0,0.0,0.0,44.02000045776367,35.47185134887695
2019-01-16,35.552429877291004,35.64912954492986,35.26233702223302,35.423500061035156,17262500.0,0.0,0.0,43.959999084472656,35.423500061035156
2019-01-17,35.350981756497866,35.88281770665102,35.294575146173266,35.62495803833008,18826200.0,0.0,0.0,44.209999084472656,35.62495803833008
2019-01-18,35.84250967658307,36.543565104991664,35.705523141553144,36.28570556640625,24416500.0,0.0,0.0,45.029998779296875,36.28570556640625
2019-01-22,36.16484589777715,36.4549387294754,35.761939870180484,36.08426284790039,21338400.0,0.0,0.0,44.779998779296875,36.08426284790039
2019-01-23,36.37435399273998,36.97065623845834,36.277657411301206,36.6322135925293,24770400.0,0.0,0.0,45.459999084472656,36.6322135925293
2019-01-24,36.76920651545142,36.86590310551983,36.4468804499845,36.753089904785156,17360600.0,0.0,0.0,45.61000061035156,36.753089904785156
2019-01-25,37.16404785529008,37.59918706455585,37.02706129344461,37.1721076965332,24196600.0,0.0,0.0,46.130001068115234,37.1721076965332
2019-01-28,36.84978533686168,36.88201855718129,36.44687930465379,36.865901947021484,18296700.0,0.0,0.0,45.75,36.865901947021484
2019-01-29,36.91424814960142,37.107641304654415,36.78531835492316,37.035118103027344,14470100.0,0.0,0.0,45.959999084472656,37.035118103027344
2019-01-30,37.01901243927675,37.81676789303421,37.00289582593593,37.639488220214844,18329300.0,0.0,0.0,46.709999084472656,37.639488220214844
2019-01-31,37.64753331420397,38.17936905036843,37.486370317866275,38.10684585571289,23693600.0,0.0,0.0,47.290000915527344,38.10684585571289
2019-02-01,38.17132151369174,38.324427792831266,37.91346186600666,38.14714813232422,16266500.0,0.0,0.0,47.34000015258789,38.14714813232422
2019-02-04,38.05044379630814,38.251896797222216,37.969860751585195,38.15519714355469,15743100.0,0.0,0.0,47.349998474121094,38.15519714355469
2019-02-05,38.21160956582703,38.243842788632335,37.93763639376994,38.082679748535156,16946300.0,0.0,0.0,47.2599983215332,38.082679748535156
2019-02-06,37.96985973975162,38.348592355034725,37.83287317826636,38.259952545166016,18160500.0,0.0,0.0,47.47999954223633,38.259952545166016
2019-02-07,38.02626243014919,38.131018837782385,37.46219655965147,37.63141632080078,20331200.0,0.0,0.0,46.70000076293945,37.63141632080078
2019-02-08,37.389686349301485,38.034335477959196,37.30910328701333,38.026275634765625,18407100.0,0.0,0.0,47.189998626708984,38.026275634765625
2019-02-11,38.14714937526693,38.44529902625559,37.977929552321704,38.340545654296875,19363600.0,0.0,0.0,47.58000183105469,38.340545654296875
2019-02-12,38.09074080169988,38.799856356305106,38.002100973133054,38.5903434753418,23909200.0,0.0,0.0,47.88999938964844,38.5903434753418
2019-02-13,38.56616629383061,38.63868950333563,37.96986400746391,38.27607345581055,28325600.0,0.0,0.0,47.5,38.27607345581055
2019-02-14,39.36391759146628,40.03274307148572,38.952954796631104,39.001304626464844,47598600.0,0.0,0.0,48.400001525878906,39.001304626464844
2019-02-15,39.347808950656635,39.960224835095325,39.033539628533056,39.831295013427734,30189600.0,0.0,0.0,49.43000030517578,39.831295013427734
2019-02-19,39.64595934844474,40.234201863223014,39.64595934844474,40.008575439453125,20204500.0,0.0,0.0,49.650001525878906,40.008575439453125
2019-02-20,40.048868768843754,40.129448762921875,39.766832641710856,39.992462158203125,17550900.0,0.0,0.0,49.630001068115234,39.992462158203125
2019-02-21,39.9199343569149,40.064980788768914,39.64595810496058,39.81517791748047,17120600.0,0.0,0.0,49.40999984741211,39.81517791748047
2019-02-22,40.0488666958472,40.46788940600953,39.95217009317269,40.379249572753906,22008100.0,0.0,0.0,50.11000061035156,40.379249572753906
2019-02-25,40.56459557353086,41.09643162453826,40.56459557353086,40.92721176147461,24264300.0,0.0,0.0,50.790000915527344,40.92721176147461
2019-02-26,40.70156701276384,41.4267991179792,40.677393633899705,41.24146270751953,19382500.0,0.0,0.0,51.18000030517578,41.24146270751953
2019-02-27,41.26562519240853,41.62018438310222,41.00776563950131,41.571834564208984,19940900.0,0.0,0.0,51.59000015258789,41.571834564208984
2019-02-28,41.539620196056426,41.87000309021748,41.37845713389573,41.71689987182617,30708500.0,0.0,0.0,51.77000045776367,41.71689987182617
2019-03-01,41.902229034246425,41.97475224591671,41.313986572444854,41.42679977416992,23683700.0,0.0,0.0,51.40999984741211,41.42679977416992
2019-03-04,41.620198731869635,41.83776530707547,40.79826997089077,41.22534942626953,18725900.0,0.0,0.0,51.15999984741211,41.22534942626953
2019-03-05,41.19311884115546,41.507385107615534,41.072248855402144,41.338165283203125,14994200.0,0.0,0.0,51.29999923706055,41.338165283203125
2019-03-06,41.39457134981609,41.73301406814299,41.031955249440685,41.636314392089844,19686900.0,0.0,0.0,51.66999816894531,41.636314392089844
2019-03-07,41.53960696079085,41.87804959088738,41.26563076459032,41.33009719848633,22209200.0,0.0,0.0,51.290000915527344,41.33009719848633
2019-03-08,40.870787603070596,41.20117041611421,40.701564738689044,41.1528205871582,18182200.0,0.0,0.0,51.06999969482422,41.1528205871582
2019-03-11,41.20923225584964,41.97475440192794,41.17699903257849,41.837764739990234,17859300.0,0.0,0.0,51.91999816894531,41.837764739990234
2019-03-12,41.910289336172,42.12785898952631,41.64437292024748,42.02310562133789,19485300.0,0.0,0.0,52.150001525878906,42.02310562133789
2019-03-13,42.23260481549087,42.59522081326271,42.01503521682777,42.37765121459961,20568000.0,0.0,0.0,52.59000015258789,42.37765121459961
2019-03-14,42.409895325809046,42.67581174320242,42.31319565227557,42.49853515625,19215900.0,0.0,0.0,52.7400016784668,42.49853515625
2019-03-15,42.65969260188135,43.20764509036799,42.65163583319594,42.869205474853516,43670700.0,0.0,0.0,53.20000076293945,42.869205474853516
2019-03-18,42.92560631940017,43.46549889285093,42.780559911084964,43.11899948120117,19073800.0,0.0,0.0,53.5099983215332,43.11899948120117
2019-03-19,43.344640914339784,43.51386074616507,42.82086173134183,42.95785140991211,20596400.0,0.0,0.0,53.310001373291016,42.95785140991211
2019-03-20,42.83696154148285,43.40908726690314,42.59521858028413,42.91754150390625,21140800.0,0.0,0.0,53.2599983215332,42.91754150390625
2019-03-21,42.77250035897604,43.69918226963039,42.740267142797975,43.46549606323242,20082700.0,0.0,0.0,53.939998626708984,43.46549606323242
2019-03-22,43.44133391873036,43.62667034877531,42.46630193173884,42.49853515625,23938500.0,0.0,0.0,52.7400016784668,42.49853515625
2019-03-25,42.46629369480334,42.651630088899694,42.103677674210964,42.4904670715332,18774900.0,0.0,0.0,52.72999954223633,42.4904670715332
2019-03-26,42.861142176726965,43.10288825280953,42.70803899261319,42.893375396728516,17742700.0,0.0,0.0,53.22999954223633,42.893375396728516
2019-03-27,42.94977634673967,43.23986914074741,42.498523621775306,42.82084655761719,20447500.0,0.0,0.0,53.13999938964844,42.82084655761719
2019-03-28,42.86114495611179,43.264051010470936,42.72415837311571,42.99813461303711,13095000.0,0.0,0.0,53.36000061035156,42.99813461303711
2019-03-29,43.27210449551058,43.513847477823845,42.998128295841205,43.50579071044922,19582300.0,0.0,0.0,53.9900016784668,43.50579071044922
2019-04-01,43.900652213573714,44.335791578235394,43.8281289861301,44.303558349609375,19741700.0,0.0,0.0,54.97999954223633,44.303558349609375
2019-04-02,44.31966231132979,44.65004512560255,44.29548893372635,44.553348541259766,17264000.0,0.0,0.0,55.290000915527344,44.553348541259766
2019-04-03,44.69033427056909,44.96431048265041,44.37606807193177,44.82732391357422,21110400.0,0.0,0.0,55.630001068115234,44.82732391357422
2019-04-04,44.90031603737312,45.15170053983463,44.4867511781153,44.71380615234375,16412100.0,0.35,0.0,55.13999938964844,44.71380615234375
2019-04-05,44.80300997307394,45.09493958277338,44.70570113430487,44.770572662353516,13817500.0,0.0,0.0,55.209999084472656,44.770572662353516
2019-04-08,44.76246141388292,45.054391000968266,44.42998673823392,44.99762725830078,13862800.0,0.0,0.0,55.4900016784668,44.99762725830078
2019-04-09,44.665148538710646,44.94085635333785,44.48674645311263,44.746238708496094,15508400.0,0.0,0.0,55.18000030517578,44.746238708496094
2019-04-10,44.68946489422204,45.2814316616737,44.68946489422204,45.26521301269531,13460200.0,0.0,0.0,55.81999969482422,45.26521301269531
2019-04-11,45.354417971653035,45.37063662203903,44.85165218325239,45.086814880371094,13186000.0,0.0,0.0,55.599998474121094,45.086814880371094
2019-04-12,45.354417528585,45.703110774999246,45.24089007038339,45.64634704589844,14331700.0,0.0,0.0,56.290000915527344,45.64634704589844
2019-04-15,45.7355531021642,45.90584430818301,45.60580697947487,45.865299224853516,12198400.0,0.0,0.0,56.560001373291016,45.865299224853516
2019-04-16,45.91395357491145,46.65188525162378,45.90584579533952,46.181556701660156,19718300.0,0.0,0.0,56.95000076293945,46.181556701660156
2019-04-17,46.36805755857112,46.48158501087503,45.64634467458961,45.66256332397461,26093600.0,0.0,0.0,56.310001373291016,45.66256332397461
2019-04-18,45.92205977183741,45.97882350323593,45.500384129026045,45.73554992675781,18332000.0,0.0,0.0,56.400001525878906,45.73554992675781
2019-04-22,45.540924897692406,45.897725903185375,45.49226894964702,45.6868896484375,11951500.0,0.0,0.0,56.34000015258789,45.6868896484375
2019-04-23,45.759878285493535,45.97882544157143,45.57336843255121,45.9707145690918,18796600.0,0.0,0.0,56.689998626708984,45.9707145690918
2019-04-24,45.9301732649169,46.34374118043535,45.88152039960302,46.124794006347656,13212000.0,0.0,0.0,56.880001068115234,46.124794006347656
2019-04-25,45.78420000099495,46.04369221257238,45.41928811177945,45.67878341674805,15526900.0,0.0,0.0,56.33000183105469,45.67878341674805
2019-04-26,45.42740839983391,45.71122709839327,45.151697481208316,45.313880920410156,18010900.0,0.0,0.0,55.880001068115234,45.313880920410156
2019-04-29,45.143582572361126,45.58958776364439,45.04627375489547,45.516605377197266,16259500.0,0.0,0.0,56.130001068115234,45.516605377197266
2019-04-30,45.41118106502937,45.50848987259061,45.03005051977697,45.370635986328125,20846000.0,0.0,0.0,55.95000076293945,45.370635986328125
2019-05-01,45.41118481830154,45.695003486059335,45.013835590049155,45.07060241699219,17648500.0,0.0,0.0,55.58000183105469,45.07060241699219
2019-05-02,44.989503292506456,45.3219778714046,44.45430023639259,44.55160903930664,24220600.0,0.0,0.0,54.939998626708984,44.55160903930664
2019-05-03,44.30833548532598,44.59215720946264,43.93531582966291,44.55160903930664,26887100.0,0.0,0.0,54.939998626708984,44.55160903930664
2019-05-06,43.67583623892852,44.40565711162686,43.43256261469574,44.26780319213867,17025900.0,0.0,0.0,54.59000015258789,44.26780319213867
2019-05-07,43.675835570701736,43.98398380649106,42.92979296195787,43.343360900878906,25289700.0,0.0,0.0,53.45000076293945,43.343360900878906
2019-05-08,43.116292891793485,43.74069699950595,43.08385868503026,43.35956954956055,21525100.0,0.0,0.0,53.470001220703125,43.35956954956055
2019-05-09,42.83247262074577,43.14872855175179,42.354033288523794,42.9135627746582,24322800.0,0.0,0.0,52.91999816894531,42.9135627746582
2019-05-10,42.66218875925828,43.42444685431354,42.126985608817016,43.2703742980957,21795900.0,0.0,0.0,53.36000061035156,43.2703742980957
2019-05-13,42.02968593648638,42.37837620872509,41.40528160950511,41.59989929199219,28869900.0,0.0,0.0,51.29999923706055,41.59989929199219
2019-05-14,41.72152560879505,42.5243287305331,41.66476187668797,42.183746337890625,25478300.0,0.0,0.0,52.02000045776367,42.183746337890625
2019-05-15,41.97290835751853,42.743277295993586,41.91614462353114,42.524330139160156,30577200.0,0.0,0.0,52.439998626708984,42.524330139160156
2019-05-16,44.00831001153966,45.73555796694512,43.886671655221235,45.354427337646484,46057800.0,0.0,0.0,55.93000030517578,45.354427337646484
2019-05-17,45.23277899231605,46.08424111172804,45.02194272710176,45.69499969482422,27299300.0,0.0,0.0,56.349998474121094,45.69499969482422
2019-05-20,45.24900505024393,45.72744448123164,45.046276530221874,45.41929626464844,21004100.0,0.0,0.0,56.0099983215332,45.41929626464844
2019-05-21,45.96260515383878,46.01936888560963,45.5166030784715,45.83285903930664,18562300.0,0.0,0.0,56.52000045776367,45.83285903930664
2019-05-22,45.58958032308918,45.654451826348264,45.143575204597234,45.159793853759766,19479200.0,0.0,0.0,55.689998626708984,45.159793853759766
2019-05-23,44.527279371938704,44.608369519568114,43.74069194769188,43.94342041015625,22734200.0,0.0,0.0,54.189998626708984,43.94342041015625
2019-05-24,44.251569378052025,44.33265952721852,43.83800466787745,44.089385986328125,13057600.0,0.0,0.0,54.369998931884766,44.089385986328125
2019-05-28,44.38943113706409,44.62459383239716,43.643388691929694,43.73258972167969,29769200.0,0.0,0.0,53.93000030517578,43.73258972167969
2019-05-29,43.42443836689639,43.42443836689639,42.8649088941484,43.1244010925293,19762100.0,0.0,0.0,53.18000030517578,43.1244010925293
2019-05-30,43.335254115049146,43.61096506920676,43.2541639316937,43.440673828125,12954300.0,0.0,0.0,53.56999969482422,43.440673828125
2019-05-31,42.80814117386535,42.88112354118557,42.175626292626525,42.19184494018555,20480400.0,0.0,0.0,52.029998779296875,42.19184494018555
2019-06-03,42.208067606204175,42.62974320271251,41.75395780488059,41.98912048339844,22380500.0,0.0,0.0,51.779998779296875,41.98912048339844
2019-06-04,42.55675454900375,43.497414404449614,42.499990832214046,43.164939880371094,21689300.0,0.0,0.0,53.22999954223633,43.164939880371094
2019-06-05,43.667709712267076,44.42997071325628,43.58661956438735,44.39753341674805,22521900.0,0.0,0.0,54.75,44.39753341674805
2019-06-06,44.51106714677271,44.843541749455404,43.95964540182707,44.681358337402344,15927300.0,0.0,0.0,55.099998474121094,44.681358337402344
2019-06-07,44.93275162070566,45.654464698268875,44.624603386519695,45.354427337646484,17394900.0,0.0,0.0,55.93000030517578,45.354427337646484
2019-06-10,45.52470368413215,45.93827148574576,45.378738941608624,45.75175857543945,16871000.0,0.0,0.0,56.41999816894531,45.75175857543945
2019-06-11,46.01126106081655,46.676210283803016,46.003150188633754,46.31129837036133,26723700.0,0.0,0.0,57.11000061035156,46.31129837036133
2019-06-12,45.4517333886167,45.8896277325283,45.127369613912784,45.29766082763672,23183000.0,0.0,0.0,55.86000061035156,45.29766082763672
2019-06-13,45.3463132308986,45.630135010941196,45.23278575623823,45.549041748046875,15785300.0,0.0,0.0,56.16999816894531,45.549041748046875
2019-06-14,45.40306795476729,45.42739438045303,44.32455104629995,44.39753341674805,22530500.0,0.0,0.0,54.75,44.39753341674805
2019-06-17,44.59215465159881,44.98139293431886,44.48673498334414,44.92462921142578,20392600.0,0.0,0.0,55.400001525878906,44.92462921142578
2019-06-18,45.46795510403173,45.93828678511225,45.2084628294328,45.45173645019531,21173200.0,0.0,0.0,56.04999923706055,45.45173645019531
2019-06-19,45.44362299075014,45.71122301212857,45.22467583140878,45.516605377197266,21096300.0,0.0,0.0,56.130001068115234,45.516605377197266
2019-06-20,46.222098439655255,46.65999274623436,45.96260620465833,46.55457305908203,20969800.0,0.0,0.0,57.40999984741211,46.55457305908203
2019-06-21,46.554585343143664,47.15466322828243,46.205891980348156,46.246437072753906,57588800.0,0.0,0.0,57.029998779296875,46.246437072753906
2019-06-24,46.424832434853606,46.457269741414265,45.97071942317984,46.36806869506836,17794100.0,0.0,0.0,57.18000030517578,46.36806869506836
2019-06-25,46.27075819631913,46.38428567178616,45.41929594353299,45.4760627746582,25520600.0,0.0,0.0,56.08000183105469,45.4760627746582
2019-06-26,45.8490751094673,46.26263985957427,45.703110352161026,45.897727966308594,19286100.0,0.0,0.0,56.599998474121094,45.897727966308594
2019-06-27,46.173446970936155,46.424831451368085,44.98140536730698,45.19224166870117,23959900.0,0.0,0.0,55.72999954223633,45.19224166870117
2019-06-28,45.33820357691801,45.394967311901446,43.81368432484047,44.381324768066406,103123400.0,0.0,0.0,54.72999954223633,44.381324768066406
2019-07-01,44.81109582985125,44.884078196568865,43.975855594497915,44.38942337036133,28410000.0,0.0,0.0,54.7400016784668,44.38942337036133
2019-07-02,44.46241526197476,45.34630853556345,44.42186708803028,45.257110595703125,20307100.0,0.0,0.0,55.810001373291016,45.257110595703125
2019-07-03,45.510076851206136,46.13842147592651,45.3223899808995,46.08945846557617,13866800.0,0.35,0.0,56.47999954223633,46.08945846557617
2019-07-05,45.697771637118485,46.29347435812414,45.461121715469844,46.1873893737793,14273900.0,0.0,0.0,56.599998474121094,46.1873893737793
2019-07-08,45.90178055530832,46.08946746225149,45.66513062845722,45.85281753540039,15835100.0,0.0,0.0,56.189998626708984,45.85281753540039
2019-07-09,45.999699678035114,46.26082953678788,45.730410873095956,45.9752197265625,19564000.0,0.0,0.0,56.34000015258789,45.9752197265625
2019-07-10,46.26083239302506,47.04422513056509,46.18738942115924,46.61988830566406,19362600.0,0.0,0.0,57.130001068115234,46.61988830566406
2019-07-11,46.81573555370386,47.01974346910093,46.448520683406386,46.75861358642578,15994600.0,0.0,0.0,57.29999923706055,46.75861358642578
2019-07-12,46.987108741827214,47.32168162827848,46.97894668125468,47.289039611816406,13660400.0,0.0,0.0,57.95000076293945,47.289039611816406
2019-07-15,47.3298274041678,47.51751427722096,47.223742436646226,47.370628356933594,8809700.0,0.0,0.0,58.04999923706055,47.370628356933594
2019-07-16,47.43591507919181,47.54199693985507,46.88917231960166,47.019737243652344,11501100.0,0.0,0.0,57.619998931884766,47.019737243652344
2019-07-17,46.97894110744687,47.158469063774234,46.668848213676064,46.6851692199707,9266900.0,0.0,0.0,57.209999084472656,46.6851692199707
2019-07-18,46.55460432932229,47.15846911117625,46.43220145135996,47.11766815185547,10287400.0,0.0,0.0,57.7400016784668,47.11766815185547
2019-07-19,47.17479392991814,47.386960803280644,46.77493702526729,46.807579040527344,13882400.0,0.0,0.0,57.36000061035156,46.807579040527344
2019-07-22,46.88917958724737,47.33799638867941,46.81573661152839,47.1095085144043,10485600.0,0.0,0.0,57.72999954223633,47.1095085144043
2019-07-23,47.37880220576548,47.411441108352626,46.90550231974166,47.09318923950195,12692200.0,0.0,0.0,57.709999084472656,47.09318923950195
2019-07-24,46.98709758704316,47.068699495911964,46.603561766950556,46.70148468017578,18177000.0,0.0,0.0,57.22999954223633,46.70148468017578
2019-07-25,46.80756567754652,46.92180958542756,45.99969315152438,46.20370101928711,15127200.0,0.0,0.0,56.619998931884766,46.20370101928711
2019-07-26,46.252666439734185,46.38323135739324,45.99969554987024,46.1302604675293,15243000.0,0.0,0.0,56.529998779296875,46.1302604675293
2019-07-29,46.26083133969749,46.63620825008333,46.13842846465058,46.45668029785156,12051100.0,0.0,0.0,56.93000030517578,46.45668029785156
2019-07-30,46.39139623101416,46.43220030223876,45.983380422076785,46.08130645751953,9623400.0,0.0,0.0,56.470001220703125,46.08130645751953
2019-07-31,45.967058544165,46.37507431773118,44.80013318273264,45.20814895629883,17441200.0,0.0,0.0,55.400001525878906,45.20814895629883
2019-08-01,45.567196465933236,46.424028869111524,45.01229482878839,45.199981689453125,19020600.0,0.0,0.0,55.38999938964844,45.199981689453125
2019-08-02,44.24524523275183,44.32684716766103,42.9069535775895,43.45369338989258,29021900.0,0.0,0.0,53.25,43.45369338989258
2019-08-05,42.75188908036938,42.87429504851161,41.568642802342374,41.91953659057617,29931800.0,0.0,0.0,51.369998931884766,41.91953659057617
2019-08-06,42.39285238010677,43.02935618418341,42.107239384059206,42.92327117919922,20708400.0,0.0,0.0,52.599998474121094,42.92327117919922
2019-08-07,42.29492293541369,42.83350371290759,41.78898105889382,42.711097717285156,24128600.0,0.0,0.0,52.34000015258789,42.711097717285156
2019-08-08,43.078299197647404,43.54343685573339,42.915092291865186,43.38022994995117,26093500.0,0.0,0.0,53.15999984741211,43.38022994995117
2019-08-09,43.07014425193947,43.143587216022624,42.466282647623125,42.7845344543457,17425000.0,0.0,0.0,52.43000030517578,42.7845344543457
2019-08-12,42.653979933907685,42.72742291590335,41.895070157590595,42.05827713012695,16388300.0,0.0,0.0,51.540000915527344,42.05827713012695
2019-08-13,42.00115105569726,43.306800482676756,41.78082213122313,43.02119064331055,21499500.0,0.0,0.0,52.720001220703125,43.02119064331055
2019-08-14,42.53156467228424,42.53156467228424,40.90766358680583,41.29935836791992,28688100.0,0.0,0.0,50.61000061035156,41.29935836791992
2019-08-15,38.64725049806608,39.12054712681754,37.53744721283784,37.741455078125,61129100.0,0.0,0.0,46.25,37.741455078125
2019-08-16,37.88019247861193,38.6472643186676,37.863874582916964,38.32085037231445,24471800.0,0.0,0.0,46.959999084472656,38.32085037231445
2019-08-19,39.087908458199294,39.65912799394663,38.75333568172742,39.5775260925293,26384800.0,0.0,0.0,48.5,39.5775260925293
2019-08-20,39.61017603215895,39.650976991040025,39.10423418070998,39.112396240234375,18201600.0,0.0,0.0,47.93000030517578,39.112396240234375
2019-08-21,39.57754167988879,39.928435597424034,39.46329772774507,39.79787063598633,18365400.0,0.0,0.0,48.77000045776367,39.79787063598633
2019-08-22,40.181393146689395,40.254836107516454,39.12054968742891,39.31639862060547,21515100.0,0.0,0.0,48.18000030517578,39.31639862060547
2019-08-23,39.08790227124572,39.59384082836028,37.88833521022146,38.035221099853516,25871100.0,0.0,0.0,46.61000061035156,38.035221099853516
2019-08-26,38.39428434114368,38.57381228078329,38.0841914761971,38.43508529663086,14820100.0,0.0,0.0,47.099998474121094,38.43508529663086
2019-08-27,38.79414500836471,38.88390898705225,38.10051624490603,38.18212127685547,20859000.0,0.0,0.0,46.790000915527344,38.18212127685547
2019-08-28,37.96995509537436,38.320848985485235,37.73330826139236,38.247406005859375,11187600.0,0.0,0.0,46.869998931884766,38.247406005859375
2019-08-29,38.834948097517824,39.09607798824854,38.44325326142175,38.57381820678711,14733400.0,0.0,0.0,47.27000045776367,38.57381820678711
2019-08-30,38.77782224422462,38.81862320189305,37.986270591220354,38.19844055175781,19248400.0,0.0,0.0,46.810001373291016,38.19844055175781
2019-09-03,38.051553880813046,38.32900474569259,37.700660048379696,37.94546890258789,17009400.0,0.0,0.0,46.5,37.94546890258789
2019-09-04,38.36980373767406,38.68805554313853,38.263718764881474,38.6146125793457,13691300.0,0.0,0.0,47.31999969482422,38.6146125793457
2019-09-05,39.18583065087065,39.748891231416316,38.98998173294745,39.51224136352539,18434200.0,0.0,0.0,48.41999816894531,39.51224136352539
2019-09-06,39.6999431967831,39.977394097528844,39.38985028114636,39.85498809814453,17939100.0,0.0,0.0,48.84000015258789,39.85498809814453
2019-09-09,39.9610626008994,39.993701494309306,39.544884802564326,39.6428108215332,21175100.0,0.0,0.0,48.58000183105469,39.6428108215332
2019-09-10,39.63464650813315,40.27115003064607,39.128707890569366,40.15690612792969,16119200.0,0.0,0.0,49.209999084472656,40.15690612792969
2019-09-11,40.76077272022544,40.85869562542094,40.25483407831679,40.826053619384766,18656000.0,0.0,0.0,50.029998779296875,40.826053619384766
2019-09-12,41.03007089559224,41.046391902352596,40.320124222542205,40.74446105957031,16546700.0,0.0,0.0,49.93000030517578,40.74446105957031
2019-09-13,40.809732616366674,40.981101591600094,40.605724748010104,40.826053619384766,15867800.0,0.0,0.0,50.029998779296875,40.826053619384766
2019-09-16,40.63837123160915,40.94846409729302,40.63021228565766,40.76893615722656,13025600.0,0.0,0.0,49.959999084472656,40.76893615722656
2019-09-17,40.78525567555585,40.81789768399886,40.13243107126207,40.32011795043945,16070600.0,0.0,0.0,49.40999984741211,40.32011795043945
2019-09-18,40.36908164636264,40.589410537712155,39.8060178863872,40.262996673583984,12563800.0,0.0,0.0,49.34000015258789,40.262996673583984
2019-09-19,40.27115176359495,40.73628945204911,40.01818400038378,40.140586853027344,15349400.0,0.0,0.0,49.189998626708984,40.140586853027344
2019-09-20,40.22219472492255,40.6954913920088,39.87945986476547,40.475162506103516,48301300.0,0.0,0.0,49.599998474121094,40.475162506103516
2019-09-23,40.52412652899501,40.597569492794996,40.21403366929361,40.328277587890625,16450000.0,0.0,0.0,49.41999816894531,40.328277587890625
2019-09-24,40.597574009361075,40.96478886921441,39.92842831492329,40.083473205566406,26717200.0,0.0,0.0,49.119998931884766,40.083473205566406
2019-09-25,40.02635470988872,40.61389853658957,39.6428219233825,40.483333587646484,14013500.0,0.0,0.0,49.61000061035156,40.483333587646484
2019-09-26,40.336446223922195,40.38540924541061,39.381687538837994,39.84682846069336,20172900.0,0.0,0.0,48.83000183105469,39.84682846069336
2019-09-27,39.985553044794656,40.369088937479205,39.659139121712414,39.85498809814453,16065300.0,0.0,0.0,48.84000015258789,39.85498809814453
2019-09-30,39.944744192084684,40.52412583383834,39.944744192084684,40.32011795043945,14903600.0,0.0,0.0,49.40999984741211,40.32011795043945
2019-10-01,40.5159719853038,40.69549682849896,38.647258791176995,38.95735168457031,24185600.0,0.0,0.0,47.7400016784668,38.95735168457031
2019-10-02,38.63909698779241,38.663580053823736,37.54561446344137,37.99443435668945,30722400.0,0.0,0.0,46.560001373291016,37.99443435668945
2019-10-03,38.08486758149704,38.7097505890681,37.57509691273473,38.69330596923828,15915500.0,0.35,0.0,47.060001373291016,38.69330596923828
2019-10-04,38.849535481139526,39.161977067988495,38.60287239109723,39.071533203125,16718800.0,0.0,0.0,47.52000045776367,39.071533203125
2019-10-07,39.030409900569786,39.57306976819948,38.90707682936247,39.27707290649414,14625200.0,0.0,0.0,47.77000045776367,39.27707290649414
2019-10-08,39.05508944268744,39.08797869181817,38.10954391737317,38.142433166503906,23022400.0,0.0,0.0,46.38999938964844,38.142433166503906
2019-10-09,38.57819600116771,38.78374905693648,38.3644222032241,38.512420654296875,16768600.0,0.0,0.0,46.84000015258789,38.512420654296875
2019-10-10,37.86287576510758,38.010874229938544,37.4517696153529,37.945098876953125,24698500.0,0.0,0.0,46.150001525878906,37.945098876953125
2019-10-11,38.372644387601596,38.89063898582469,38.19998056702418,38.282203674316406,25153600.0,0.0,0.0,46.560001373291016,38.282203674316406
2019-10-14,38.273979197964685,38.273979197964685,37.821763092633525,37.86287307739258,15076900.0,0.0,0.0,46.04999923706055,37.86287307739258
2019-10-15,38.02731205128349,38.298643567110766,37.85464825202456,38.11775588989258,18794400.0,0.0,0.0,46.36000061035156,38.11775588989258
2019-10-16,38.11776572357287,38.54531652953124,38.08487647623194,38.471317291259766,16454200.0,0.0,0.0,46.790000915527344,38.471317291259766
2019-10-17,38.767307862498946,38.89063781498807,38.31508862723325,38.66864013671875,14352400.0,0.0,0.0,47.029998779296875,38.66864013671875
2019-10-18,38.72619895404816,38.86597667919485,38.364426662976804,38.40553665161133,17226200.0,0.0,0.0,46.709999084472656,38.40553665161133
2019-10-21,38.759084695268385,39.038636983795826,38.619310119250066,38.964637756347656,13277700.0,0.0,0.0,47.38999938964844,38.964637756347656
2019-10-22,39.055085232211574,39.375747535437476,38.9728652547402,39.096195220947266,15067100.0,0.0,0.0,47.54999923706055,39.096195220947266
2019-10-23,39.03042376619106,39.219532242463835,38.51242907418826,38.68509292602539,15647100.0,0.0,0.0,47.04999923706055,38.68509292602539
2019-10-24,38.83308449640247,38.83308449640247,37.90398376838103,38.158870697021484,18338800.0,0.0,0.0,46.40999984741211,38.158870697021484
2019-10-25,38.26575921947404,38.635755362672995,38.199980733353854,38.5617561340332,15701200.0,0.0,0.0,46.900001525878906,38.5617561340332
2019-10-28,38.767318581782035,39.13731167804439,38.693319335231244,38.78376007080078,13859700.0,0.0,0.0,47.16999816894531,38.78376007080078
2019-10-29,38.643976271033424,38.9975277942196,38.56997704207607,38.84130859375,13713900.0,0.0,0.0,47.2400016784668,38.84130859375
2019-10-30,38.890646538961626,39.12086814760145,38.775537302887436,39.10442352294922,12062000.0,0.0,0.0,47.560001373291016,39.10442352294922
2019-10-31,39.13730413340875,39.17841725750492,38.726197984375084,39.06330490112305,12488300.0,0.0,0.0,47.5099983215332,39.06330490112305
2019-11-01,38.52064168453921,39.04686014589467,38.34797786915998,38.66864013671875,24404100.0,0.0,0.0,47.029998779296875,38.66864013671875
2019-11-04,39.05508750705112,39.36752908532509,38.90708902978931,39.03864288330078,15018900.0,0.0,0.0,47.47999954223633,39.03864288330078
2019-11-05,39.12909287364483,39.40042136678975,38.857761244008145,39.26886749267578,18988900.0,0.0,0.0,47.7599983215332,39.26886749267578
2019-11-06,39.30997731079018,39.87730275695843,39.29353268585163,39.688194274902344,15904500.0,0.0,0.0,48.27000045776367,39.688194274902344
2019-11-07,39.967741973287595,40.271959658008484,39.63063504251819,39.811519622802734,16717800.0,0.0,0.0,48.41999816894531,39.811519622802734
2019-11-08,39.811518179821405,40.165069720800474,39.50730050612698,40.14862823486328,14407000.0,0.0,0.0,48.83000183105469,40.14862823486328
2019-11-11,39.47441308689425,39.85263314725318,39.104420042866444,39.54841232299805,19590400.0,0.0,0.0,48.099998474121094,39.54841232299805
2019-11-12,39.70463327642424,40.074629443909856,39.5648555524892,39.770408630371094,15632900.0,0.0,0.0,48.369998931884766,39.770408630371094
2019-11-13,39.66352535746771,40.1650722590137,39.58952612010991,39.84440994262695,25187000.0,0.0,0.0,48.459999084472656,39.84440994262695
2019-11-14,37.459987720360985,37.82175994724149,36.670661650772715,36.9255485534668,65568900.0,0.0,0.0,44.90999984741211,36.9255485534668
2019-11-15,37.05709893027873,37.533983451660355,36.84332516529091,37.073543548583984,32385000.0,0.0,0.0,45.09000015258789,37.073543548583984
2019-11-18,36.98310513518679,37.15576894795657,36.5391097853582,37.12288284301758,22742800.0,0.0,0.0,45.150001525878906,37.12288284301758
2019-11-19,37.320215468579455,37.492879297310665,37.065331665164145,37.38599395751953,19612600.0,0.0,0.0,45.470001220703125,37.38599395751953
2019-11-20,37.56687348732048,37.60798660563578,36.94199360870906,37.06532669067383,18660800.0,0.0,0.0,45.08000183105469,37.06532669067383
2019-11-21,37.106430834582156,37.122875452022946,36.74465552386488,36.86798858642578,19868800.0,0.0,0.0,44.84000015258789,36.86798858642578
2019-11-22,37.12288690434273,37.139328390365606,36.7446668595047,36.876220703125,18725700.0,0.0,0.0,44.849998474121094,36.876220703125
2019-11-25,36.99954886694261,37.45176494801823,36.94199426406883,37.369544982910156,19653300.0,0.0,0.0,45.45000076293945,37.369544982910156
2019-11-26,37.435324880150155,37.632657211493665,37.20510644065856,37.25444030761719,29422000.0,0.0,0.0,45.310001373291016,37.25444030761719
2019-11-27,37.29555639823977,37.3448871367799,36.94200480174168,37.19689178466797,14889900.0,0.0,0.0,45.2400016784668,37.19689178466797
2019-11-29,37.19688569774429,37.443548759555426,37.12288646555185,37.25444030761719,9808900.0,0.0,0.0,45.310001373291016,37.25444030761719
2019-12-02,37.20510383016934,37.27088231483218,36.72821922583613,36.75288772583008,17630100.0,0.0,0.0,44.70000076293945,36.75288772583008
2019-12-03,36.50622999722124,36.58022923499703,35.96356996569593,36.407562255859375,19625500.0,0.0,0.0,44.279998779296875,36.407562255859375
2019-12-04,36.60489345186458,36.629558818184364,36.06223343739114,36.08689880371094,17202200.0,0.0,0.0,43.88999938964844,36.08689880371094
2019-12-05,36.218448175862505,36.259558160145694,35.684012107199536,35.782676696777344,22632800.0,0.0,0.0,43.52000045776367,35.782676696777344
2019-12-06,36.08689779949867,36.226675523233816,35.88956860144925,36.0457878112793,16541000.0,0.0,0.0,43.84000015258789,36.0457878112793
2019-12-09,36.086887969625465,36.48154939471173,35.97177877936991,36.09511184692383,17508500.0,0.0,0.0,43.900001525878906,36.09511184692383
2019-12-10,36.05400277202881,36.32533429644476,36.0128927904026,36.25955581665039,21862400.0,0.0,0.0,44.099998474121094,36.25955581665039
2019-12-11,36.47334075010062,36.5473399878764,36.30067690745421,36.407562255859375,16440500.0,0.0,0.0,44.279998779296875,36.407562255859375
2019-12-12,36.62956093892779,37.632661047224445,36.51445170744942,37.550437927246094,27061600.0,0.0,0.0,45.66999816894531,37.550437927246094
2019-12-13,37.74775808302379,37.862867277312276,37.16398823399485,37.24620819091797,21796900.0,0.0,0.0,45.29999923706055,37.24620819091797
2019-12-16,37.65732227654098,38.30687073877552,37.65732227654098,37.805320739746094,21871300.0,0.0,0.0,45.97999954223633,37.805320739746094
2019-12-17,38.00265196371336,38.249315016380805,37.764209653655456,38.183536529541016,22510000.0,0.0,0.0,46.439998626708984,38.183536529541016
2019-12-18,38.24932351297623,38.446652744347986,38.027325775314324,38.34798812866211,21921200.0,0.0,0.0,46.63999938964844,38.34798812866211
2019-12-19,38.767319900124235,39.457978512588,38.73443064798508,39.36753463745117,30764700.0,0.0,0.0,47.880001068115234,39.36753463745117
2019-12-20,39.67174243148398,39.77040702667124,38.98930473491897,39.013973236083984,52575300.0,0.0,0.0,47.45000076293945,39.013973236083984
2019-12-23,39.096196163026484,39.71285541839438,38.98930768054519,39.54841232299805,20253500.0,0.0,0.0,48.099998474121094,39.54841232299805
2019-12-24,39.597746593964494,39.67174583081841,39.17841967611974,39.28530502319336,7044700.0,0.0,0.0,47.779998779296875,39.28530502319336
2019-12-26,39.285302750670716,39.46619046062571,39.17841740978005,39.342857360839844,11091700.0,0.0,0.0,47.849998474121094,39.342857360839844
2019-12-27,39.457960574534134,39.48262593417948,39.20307369106781,39.27707290649414,11056800.0,0.0,0.0,47.77000045776367,39.27707290649414
2019-12-30,39.26064321775445,39.36753171101516,38.882426255744505,39.12908935546875,12128600.0,0.0,0.0,47.59000015258789,39.12908935546875
2019-12-31,39.08797236778264,39.44974464021534,38.98108389364694,39.43330001831055,14892600.0,0.0,0.0,47.959999084472656,39.43330001831055
2020-01-02,39.8060172603246,40.10418701171875,39.65693080485328,40.10418701171875,16708100.0,0.35,0.0,48.41999816894531,40.10418701171875
2020-01-03,39.681785786212856,39.87228448366676,39.325635085892756,39.44987487792969,15577400.0,0.0,0.0,47.630001068115234,39.44987487792969
2020-01-06,39.04401093122223,39.607225604371926,38.93633670147508,39.590660095214844,22183600.0,0.0,0.0,47.79999923706055,39.590660095214844
2020-01-07,39.52440672357444,39.52440672357444,39.01088534681868,39.33390808105469,16501900.0,0.0,0.0,47.4900016784668,39.33390808105469
2020-01-08,38.90322025668477,39.58239053365082,38.77069930409502,39.358760833740234,25175900.0,0.0,0.0,47.52000045776367,39.358760833740234
2020-01-09,39.58238542053208,39.65692864420637,38.98603963113777,39.1931037902832,18203600.0,0.0,0.0,47.31999969482422,39.1931037902832
2020-01-10,39.325628485379966,39.39189053922451,38.97776218134198,39.03573989868164,13502600.0,0.0,0.0,47.130001068115234,39.03573989868164
2020-01-13,39.18481899737707,39.7397493760838,39.176534662428836,39.731468200683594,18237400.0,0.0,0.0,47.970001220703125,39.731468200683594
2020-01-14,39.72319578713635,39.74804563989077,39.44158834579514,39.582393646240234,17948700.0,0.0,0.0,47.790000915527344,39.582393646240234
2020-01-15,39.69005562442151,40.08762158152853,39.55753469190193,39.76459884643555,16289400.0,0.0,0.0,48.0099983215332,39.76459884643555
2020-01-16,40.07106133086645,40.650841671588395,39.94682155801579,40.62599182128906,20094900.0,0.0,0.0,49.04999923706055,40.62599182128906
2020-01-17,40.841341916356406,41.03184059174617,40.47690692035095,40.60114669799805,27176200.0,0.0,0.0,49.02000045776367,40.60114669799805
2020-01-21,40.55145101154413,40.750234028068355,40.31125578811245,40.41893005371094,21771800.0,0.0,0.0,48.79999923706055,40.41893005371094
2020-01-22,40.81649221321174,41.023556403675755,40.61771235971361,40.64255905151367,15186000.0,0.0,0.0,49.06999969482422,40.64255905151367
2020-01-23,40.58457565307617,40.73366210211665,40.09590410556536,40.58457565307617,16767700.0,0.0,0.0,49.0,40.58457565307617
2020-01-24,40.76679969045972,40.98214506288815,40.20358482774062,40.46034240722656,14066700.0,0.0,0.0,48.849998474121094,40.46034240722656
2020-01-27,39.66521479463029,39.814301260675215,39.15169650022484,39.31734848022461,20666000.0,0.0,0.0,47.470001220703125,39.31734848022461
2020-01-28,39.358750838614334,39.73146691048101,39.34218532880382,39.56581497192383,14035100.0,0.0,0.0,47.77000045776367,39.56581497192383
2020-01-29,39.731484222130966,39.7397654008705,38.87009629395133,38.969486236572266,14273600.0,0.0,0.0,47.04999923706055,38.969486236572266
2020-01-30,38.547066015049246,39.151693002414675,38.31515199994926,39.12684631347656,14822600.0,0.0,0.0,47.2400016784668,39.12684631347656
2020-01-31,38.919784853651024,38.92806603069018,37.967288357165735,38.0749626159668,20069900.0,0.0,0.0,45.970001220703125,38.0749626159668
2020-02-03,38.43111673281501,38.78726740910626,38.273745918912546,38.538787841796875,15374900.0,0.0,0.0,46.529998779296875,38.538787841796875
2020-02-04,39.11027717127173,39.51612113082155,39.01916844088965,39.44157791137695,13947300.0,0.0,0.0,47.619998931884766,39.44157791137695
2020-02-05,40.029642229582684,40.25326872690659,39.880555791667994,40.129032135009766,17042300.0,0.0,0.0,48.45000076293945,40.129032135009766
2020-02-06,40.32781982421875,40.4354940858695,39.93854130210236,40.32781982421875,9814800.0,0.0,0.0,48.689998626708984,40.32781982421875
2020-02-07,40.25326755869343,40.39407281688119,39.648640648941374,39.731468200683594,16807500.0,0.0,0.0,47.970001220703125,39.731468200683594
2020-02-10,39.748038423598516,40.49346752036911,39.65692968565415,40.47690200805664,19012700.0,0.0,0.0,48.869998931884766,40.47690200805664
2020-02-11,40.90759463265507,41.17263650267352,40.46861962785233,40.6922492980957,23168300.0,0.0,0.0,49.130001068115234,40.6922492980957
2020-02-12,40.94073381377195,41.64475082886916,40.91588712086584,41.354862213134766,31686200.0,0.0,0.0,49.93000030517578,41.354862213134766
2020-02-13,39.05230167864751,39.48299234926748,38.580195648559794,39.1931037902832,47044700.0,0.0,0.0,47.31999969482422,39.1931037902832
2020-02-14,39.060588777746595,39.110285320914606,38.497373926704334,38.903221130371094,26747200.0,0.0,0.0,46.970001220703125,38.903221130371094
2020-02-18,38.7789844089435,38.80383110271162,38.34000930144506,38.58848571777344,18546300.0,0.0,0.0,46.59000015258789,38.58848571777344
2020-02-19,38.67129706112575,38.770690121689476,38.016976789928485,38.339996337890625,27626400.0,0.0,0.0,46.290000915527344,38.339996337890625
2020-02-20,38.17434791979323,38.89493029787232,38.01698029869843,38.8038215637207,20416700.0,0.0,0.0,46.849998474121094,38.8038215637207
2020-02-21,38.70443631900046,38.80382624116992,38.14122149412573,38.34828567504883,20028700.0,0.0,0.0,46.29999923706055,38.34828567504883
2020-02-24,37.271551218899816,37.83476602341596,36.443294525146484,36.443294525146484,35295900.0,0.0,0.0,44.0,36.443294525146484
2020-02-25,36.484706783766875,36.6172277285883,34.84475890677105,35.39969253540039,48024700.0,0.0,0.0,42.7400016784668,35.39969253540039
2020-02-26,35.59019298822965,35.92977812390592,34.737086400907366,34.91930389404297,38513200.0,0.0,0.0,42.15999984741211,34.91930389404297
2020-02-27,34.190439205379825,34.869609518930766,33.138552705234126,33.16340255737305,51442900.0,0.0,0.0,40.040000915527344,33.16340255737305
2020-02-28,32.05353690305992,33.58581062894656,31.763645144413285,33.07229232788086,80188000.0,0.0,0.0,39.93000030517578,33.07229232788086
2020-03-02,33.254504307052784,34.11588878412645,32.23574589170196,34.09932327270508,48864300.0,0.0,0.0,41.16999816894531,34.09932327270508
2020-03-03,34.17387369047018,34.70396068893212,32.890076300687255,33.16340255737305,49294700.0,0.0,0.0,40.040000915527344,33.16340255737305
2020-03-04,33.72661702154029,34.331244090519526,32.96461914258162,34.28154754638672,30022100.0,0.0,0.0,41.38999938964844,34.28154754638672
2020-03-05,33.27106925940347,33.55267665648084,32.542205657184326,32.77411651611328,30255900.0,0.0,0.0,39.56999969482422,32.77411651611328
2020-03-06,31.473758863066404,33.08886027873882,31.308106868719413,32.865230560302734,48605600.0,0.0,0.0,39.68000030517578,32.865230560302734
2020-03-09,30.562666722297333,32.765828929778614,30.05742974171082,31.440616607666016,61535300.0,0.0,0.0,37.959999084472656,31.440616607666016
2020-03-10,32.50907482459817,33.2545071035039,31.36607971679222,33.196529388427734,50536500.0,0.0,0.0,40.08000183105469,33.196529388427734
2020-03-11,32.31856933224556,32.434524737877155,30.123688321483456,30.68690299987793,63594300.0,0.0,0.0,37.04999923706055,30.68690299987793
2020-03-12,28.574850304733406,29.66814867232459,27.332465508875433,27.498117446899414,51855300.0,0.0,0.0,33.20000076293945,27.498117446899414
2020-03-13,29.138066735316983,31.20870818518574,27.605793326233346,31.17557716369629,53859600.0,0.0,0.0,37.63999938964844,31.17557716369629
2020-03-16,27.522969395007344,30.637216314845517,26.83551798613547,27.9205322265625,44211300.0,0.0,0.0,33.709999084472656,27.9205322265625
2020-03-17,28.740503964558098,30.024301031945456,27.829419830618473,29.403108596801758,41572400.0,0.0,0.0,35.5,29.403108596801758
2020-03-18,27.961946978815,31.23356183044085,27.589233962435763,30.744890213012695,56904300.0,0.0,0.0,37.119998931884766,30.744890213012695
2020-03-19,30.68691124615348,32.567054404333156,29.94148208411597,31.23356056213379,58319700.0,0.0,0.0,37.709999084472656,31.23356056213379
2020-03-20,31.697386190571642,31.86303817242352,29.320290203575787,29.485939025878906,48582500.0,0.0,0.0,35.599998474121094,29.485939025878906
2020-03-23,29.411395938429873,29.66815666955585,27.94538426454731,28.657682418823242,39823400.0,0.0,0.0,34.599998474121094,28.657682418823242
2020-03-24,30.15682053036271,32.03696325751205,29.436238224391598,31.970701217651367,48235600.0,0.0,0.0,38.599998474121094,31.970701217651367
2020-03-25,32.012128216890055,33.088861479908864,31.059631584479703,31.2004337310791,42873900.0,0.0,0.0,37.66999816894531,31.2004337310791
2020-03-26,31.448906352797078,33.8922609691704,30.95195046167575,33.61065673828125,38473300.0,0.0,0.0,40.58000183105469,33.61065673828125
2020-03-27,32.47593547278369,33.254498577710095,31.813330927828652,32.152915954589844,31278600.0,0.0,0.0,38.81999969482422,32.152915954589844
2020-03-30,32.674734478246805,33.53612238990213,32.2688872177104,33.39531707763672,27120300.0,0.0,0.0,40.31999969482422,33.39531707763672
2020-03-31,33.23793162060321,33.47812358549259,32.39310967777327,32.55876159667969,26014200.0,0.0,0.0,39.310001373291016,32.55876159667969
2020-04-01,31.614555748160495,32.18605487565986,31.366079377727427,31.747079849243164,26790700.0,0.0,0.0,38.33000183105469,31.747079849243164
2020-04-02,31.63838663328964,33.402578357327315,31.329026981765594,33.27716064453125,28180500.0,0.36,0.0,39.79999923706055,33.27716064453125
2020-04-03,33.29388148043892,33.68685398314302,32.223662294612154,32.65843963623047,21235200.0,0.0,0.0,39.060001373291016,32.65843963623047
2020-04-06,33.82898746411086,34.849042010212045,33.26043278492375,34.6400146484375,31641400.0,0.0,0.0,41.43000030517578,34.6400146484375
2020-04-07,35.668437894664436,35.73532819828938,33.93769115718429,33.979496002197266,30366100.0,0.0,0.0,40.63999938964844,33.979496002197266
2020-04-08,34.42263029748482,35.28382534425203,34.171798058326445,34.89921569824219,22683500.0,0.0,0.0,41.7400016784668,34.89921569824219
2020-04-09,35.19185278434551,35.28382534960201,34.155075488960726,34.447715759277344,27643900.0,0.0,0.0,41.20000076293945,34.447715759277344
2020-04-13,34.313939406049755,34.66510391380659,33.887521715767804,34.464439392089844,19592000.0,0.0,0.0,41.220001220703125,34.464439392089844
2020-04-14,35.04135757564739,35.802217278893636,34.72363499498801,35.76877212524414,22882400.0,0.0,0.0,42.779998779296875,35.76877212524414
2020-04-15,35.28381802525773,35.425955095145206,34.4727908703572,34.71526336669922,18428800.0,0.0,0.0,41.52000045776367,34.71526336669922
2020-04-16,34.915934449403984,34.94101990551789,34.01293776692621,34.69854736328125,26178000.0,0.0,0.0,41.5,34.69854736328125
2020-04-17,35.325631874346314,35.651714119788686,34.89921736634592,35.51793670654297,30701500.0,0.0,0.0,42.47999954223633,35.51793670654297
2020-04-20,35.04970977340053,36.19518211962869,34.941017831543185,35.56809997558594,23438800.0,0.0,0.0,42.540000915527344,35.56809997558594
2020-04-21,34.97446198553303,35.108239378218954,33.78718483462891,33.904239654541016,31661000.0,0.0,0.0,40.54999923706055,33.904239654541016
2020-04-22,34.50624359820167,35.19185321550742,34.37246618969092,34.91593551635742,18330700.0,0.0,0.0,41.7599983215332,34.91593551635742
2020-04-23,35.02463151115808,35.57646373340304,34.723631537296264,34.79888153076172,16100200.0,0.0,0.0,41.619998931884766,34.79888153076172
2020-04-24,34.982821627292694,35.66843116251866,34.82396197042484,35.55137634277344,14639200.0,0.0,0.0,42.52000045776367,35.55137634277344
2020-04-27,35.701876350886515,36.13665367439411,35.601544103770806,36.00287628173828,17937900.0,0.0,0.0,43.060001373291016,36.00287628173828
2020-04-28,36.37077563143831,36.47947079650191,35.459415838610546,35.52630615234375,16427700.0,0.0,0.0,42.4900016784668,35.52630615234375
2020-04-29,36.24535157533206,36.354046721464954,35.894187057909846,36.23699188232422,17430100.0,0.0,0.0,43.34000015258789,36.23699188232422
2020-04-30,36.09484645407563,36.09484645407563,35.258736933921874,35.434322357177734,26679900.0,0.0,0.0,42.380001068115234,35.434322357177734
2020-05-01,34.882494218137424,34.9577442111964,34.08818944462708,34.21360397338867,22095300.0,0.0,0.0,40.91999816894531,34.21360397338867
2020-05-04,34.238685848701955,34.62329546654117,33.85407623086274,34.57312774658203,15997700.0,0.0,0.0,41.349998474121094,34.57312774658203
2020-05-05,34.790521630550025,35.05807645249784,34.6065764943965,34.665103912353516,15060200.0,0.0,0.0,41.459999084472656,34.665103912353516
2020-05-06,34.74871143944944,34.85740337635214,34.25540671437589,34.405906677246094,16040300.0,0.0,0.0,41.150001525878906,34.405906677246094
2020-05-07,34.77380417200775,34.92430418018567,34.46444446164448,34.58985900878906,20173600.0,0.0,0.0,41.369998931884766,34.58985900878906
2020-05-08,35.13332763539292,35.96943727967307,34.86577280438368,35.94435501098633,21959100.0,0.0,0.0,42.9900016784668,35.94435501098633
2020-05-11,35.76876452499845,36.49618210953692,35.62662743644789,36.22026443481445,26182700.0,0.0,0.0,43.31999969482422,36.22026443481445
2020-05-12,36.73865833259798,37.03965832887912,36.11157607018071,36.136661529541016,25817100.0,0.0,0.0,43.220001220703125,36.136661529541016
2020-05-13,36.29551389491025,36.42929128964286,34.53968519035668,35.07479476928711,36986700.0,0.0,0.0,41.95000076293945,35.07479476928711
2020-05-14,36.31224563302601,37.27377309313733,36.1701053211505,36.66341018676758,50417700.0,0.0,0.0,43.849998474121094,36.66341018676758
2020-05-15,35.89419255743406,37.10655235765284,35.8273022451021,37.01457977294922,30573000.0,0.0,0.0,44.27000045776367,37.01457977294922
2020-05-18,37.8005091137464,37.87575909510076,37.06473506217554,37.67509460449219,26966500.0,0.0,0.0,45.060001373291016,37.67509460449219
2020-05-19,37.482788484954206,37.608202989790435,37.13162085450298,37.29884338378906,24345400.0,0.0,0.0,44.61000061035156,37.29884338378906
2020-05-20,37.6667384917855,38.31054329472276,37.650015916312505,37.992820739746094,20184500.0,0.0,0.0,45.439998626708984,37.992820739746094
2020-05-21,38.001174815237135,38.17675703275367,37.25703792142518,37.32392501831055,18674900.0,0.0,0.0,44.63999938964844,37.32392501831055
2020-05-22,37.34900899862143,37.583121822247975,36.88914942180841,37.541316986083984,12592800.0,0.0,0.0,44.900001525878906,37.541316986083984
2020-05-26,38.277095574485905,38.29381814883642,37.35737631174178,37.491153717041016,21776900.0,0.0,0.0,44.84000015258789,37.491153717041016
2020-05-27,37.65837399460584,38.44431580454082,37.45770630403481,38.42759323120117,22157200.0,0.0,0.0,45.959999084472656,38.42759323120117
2020-05-28,38.377422282704444,38.84564149989377,37.93428213707343,38.1265869140625,20013000.0,0.0,0.0,45.599998474121094,38.1265869140625
2020-05-29,38.494487294622004,39.98276138305664,37.96773734610102,39.98276138305664,43553600.0,0.0,0.0,47.81999969482422,39.98276138305664
2020-06-01,39.42256714256585,39.5396219709799,38.65334468662306,38.71187210083008,18712400.0,0.0,0.0,46.29999923706055,38.71187210083008
2020-06-02,38.795485403114085,39.21354018896874,38.36070804308466,39.205177307128906,17285900.0,0.0,0.0,46.88999938964844,39.205177307128906
2020-06-03,39.280420087279936,39.46436517993929,38.912533091465534,39.24697494506836,17492000.0,0.0,0.0,46.939998626708984,39.24697494506836
2020-06-04,39.10484568235958,39.50617790051309,38.90417797853035,39.18009567260742,14100700.0,0.0,0.0,46.86000061035156,39.18009567260742
2020-06-05,39.52290068108931,40.375732845177815,39.464373264980736,39.99112319946289,22591100.0,0.0,0.0,47.83000183105469,39.99112319946289
2020-06-08,39.68175972876028,40.267037070116146,39.397482345216275,40.2419548034668,17820900.0,0.0,0.0,48.130001068115234,40.2419548034668
2020-06-09,40.14997038357963,40.33391545670288,39.70683345960523,40.175052642822266,18597300.0,0.0,0.0,48.04999923706055,40.175052642822266
2020-06-10,39.84897546768799,39.99111572990621,39.397475608177466,39.64830780029297,18462400.0,0.0,0.0,47.41999816894531,39.64830780029297
2020-06-11,39.28880016852818,39.297159862988856,36.4878304773564,36.51291275024414,35582000.0,0.0,0.0,43.66999816894531,36.51291275024414
2020-06-12,37.591487667276596,38.34398759942832,36.88079576763725,37.6834602355957,26125600.0,0.0,0.0,45.06999969482422,37.6834602355957
2020-06-15,36.88914638285792,38.26036530890413,36.73028674271988,37.91756057739258,21300100.0,0.0,0.0,45.349998474121094,37.91756057739258
2020-06-16,39.63995163471887,39.70684192630088,38.38578737309793,38.862369537353516,28074600.0,0.0,0.0,46.47999954223633,38.862369537353516
2020-06-17,39.088125046062245,39.1466524647676,38.37743313920861,38.603179931640625,20399100.0,0.0,0.0,46.16999816894531,38.603179931640625
2020-06-18,38.28545591553033,38.502842988649945,37.91756568324443,38.31890106201172,22423500.0,0.0,0.0,45.83000183105469,38.31890106201172
2020-06-19,38.678424549151735,38.88745192675946,37.666732807011456,37.89248275756836,36103200.0,0.0,0.0,45.31999969482422,37.89248275756836
2020-06-22,37.7168964913141,38.00953351285992,37.466064302917076,37.75870132446289,18398600.0,0.0,0.0,45.15999984741211,37.75870132446289
2020-06-23,38.39414526885341,38.5864532534039,37.89248086347295,38.01789855957031,23222400.0,0.0,0.0,45.470001220703125,38.01789855957031
2020-06-24,37.86740881380204,38.01790881391053,37.11490881325958,37.41590881347656,22840100.0,0.0,0.0,44.75,37.41590881347656
2020-06-25,37.432618537122195,37.892478073108094,36.95603643025445,37.808868408203125,19114900.0,0.0,0.0,45.220001220703125,37.808868408203125
2020-06-26,37.72526895742889,38.887460935853184,37.31557698852664,38.72024154663086,106928300.0,0.0,0.0,46.310001373291016,38.72024154663086
2020-06-29,38.7453236229901,38.83729620030481,38.185128465484745,38.586463928222656,23875400.0,0.0,0.0,46.150001525878906,38.586463928222656
2020-06-30,38.58645905534717,39.30551062730944,38.54465102402536,38.996150970458984,21888800.0,0.0,0.0,46.63999938964844,38.996150970458984
2020-07-01,38.91254364210577,39.063043633359705,38.46104366834397,38.51121139526367,17129500.0,0.0,0.0,46.060001373291016,38.51121139526367
2020-07-02,38.82300216281731,38.949407841180644,38.32581142368745,38.45221710205078,19632000.0,0.36,0.0,45.630001068115234,38.45221710205078
2020-07-06,38.82300431175563,39.17693830198602,38.654464469485454,39.11794662475586,16152900.0,0.0,0.0,46.41999816894531,39.11794662475586
2020-07-07,38.86513631739511,39.00839630051555,38.393228642715876,38.45221710205078,17102800.0,0.0,0.0,45.630001068115234,38.45221710205078
2020-07-08,38.418521965498904,38.82301577763128,38.19099359343112,38.60391616821289,15020800.0,0.0,0.0,45.810001373291016,38.60391616821289
2020-07-09,39.26962558039892,39.775245022476035,38.94940346984262,39.35389709472656,26027700.0,0.0,0.0,46.70000076293945,39.35389709472656
2020-07-10,39.379182705733605,39.539293784447594,38.96626347629173,39.320194244384766,13775700.0,0.0,0.0,46.65999984741211,39.320194244384766
2020-07-13,39.49715774429993,39.59828357147112,38.57861904258924,38.70502471923828,17965500.0,0.0,0.0,45.93000030517578,38.70502471923828
2020-07-14,38.334235546314204,39.18535693849835,38.266818335440846,38.98310852050781,19303500.0,0.0,0.0,46.2599983215332,38.98310852050781
2020-07-15,39.18536542414417,39.46345665727352,38.75559186296183,39.101097106933594,15705000.0,0.0,0.0,46.400001525878906,39.101097106933594
2020-07-16,38.511206903895975,38.62075828132119,38.089858914169824,38.57862091064453,17709400.0,0.0,0.0,45.779998779296875,38.57862091064453
2020-07-17,38.79773217961528,39.5477312515735,38.66290092189954,39.39604568481445,20389700.0,0.0,0.0,46.75,39.39604568481445
2020-07-20,39.3286247599194,39.69098433378718,38.983119493514124,39.58143615722656,15966500.0,0.0,0.0,46.970001220703125,39.58143615722656
2020-07-21,39.84266521589661,39.88480258692869,39.480305684505204,39.623565673828125,16044700.0,0.0,0.0,47.02000045776367,39.623565673828125
2020-07-22,39.62356065479826,39.699403412567065,39.21063825925038,39.522438049316406,27218300.0,0.0,0.0,46.900001525878906,39.522438049316406
2020-07-23,39.58985756605368,40.196599712770706,39.33704940979829,39.95221710205078,23750200.0,0.0,0.0,47.40999984741211,39.95221710205078
2020-07-24,40.01963590890197,40.14603838471783,38.856714486540575,39.101097106933594,16983600.0,0.0,0.0,46.400001525878906,39.101097106933594
2020-07-27,39.320187422923134,39.8258036366621,38.89041396270796,39.766815185546875,15576000.0,0.0,0.0,47.189998626708984,39.766815185546875
2020-07-28,39.58986506455994,39.674136609026576,38.94098863800512,38.999977111816406,13975300.0,0.0,0.0,46.279998779296875,38.999977111816406
2020-07-29,39.101105253219266,39.505599046436316,39.07582218108445,39.36233901977539,11618200.0,0.0,0.0,46.709999084472656,39.36233901977539
2020-07-30,38.873570051384654,39.151658078886456,38.24154800795378,39.134803771972656,15385100.0,0.0,0.0,46.439998626708984,39.134803771972656
2020-07-31,39.09266187797504,39.699403948313524,38.64603408432571,39.690975189208984,17701100.0,0.0,0.0,47.099998474121094,39.690975189208984
2020-08-03,39.72468469750314,39.91007882645208,39.33704535027334,39.741539001464844,14141100.0,0.0,0.0,47.15999984741211,39.741539001464844
2020-08-04,39.61513504321897,40.17131423950195,39.53086673439394,40.17131423950195,12839500.0,0.0,0.0,47.66999816894531,40.17131423950195
2020-08-05,40.17132117197138,40.221884094770125,39.648850494906256,39.88480758666992,13075600.0,0.0,0.0,47.33000183105469,39.88480758666992
2020-08-06,39.800535689006345,40.30615526853323,39.690984297914284,40.255592346191406,14190900.0,0.0,0.0,47.77000045776367,40.255592346191406
2020-08-07,39.88480212274702,40.112327207595925,39.631990758017054,39.96907043457031,17054300.0,0.0,0.0,47.43000030517578,39.96907043457031
2020-08-10,39.74154537768458,40.44941018449852,39.74154537768458,40.22188186645508,14999200.0,0.0,0.0,47.72999954223633,40.22188186645508
2020-08-11,40.365131669847685,40.82861373487999,39.682546888133544,39.766815185546875,18859600.0,0.0,0.0,47.189998626708984,39.766815185546875
2020-08-12,39.84267318680305,40.558966847458855,39.83424763968907,40.53368377685547,26823700.0,0.0,0.0,48.099998474121094,40.53368377685547
2020-08-13,36.90166164886307,36.943795809405074,35.71346031964819,35.999977111816406,91849500.0,0.0,0.0,42.720001220703125,35.999977111816406
2020-08-14,35.80615346467992,36.134804381254504,35.62075932112297,35.814579010009766,32539500.0,0.0,0.0,42.5,35.814579010009766
2020-08-17,35.856713632080755,36.0336790179785,35.27525455786099,35.46907424926758,30511700.0,0.0,0.0,42.09000015258789,35.46907424926758
2020-08-18,35.50278661778984,35.63761786150063,35.233124130368246,35.376380920410156,23344600.0,0.0,0.0,41.97999954223633,35.376380920410156
2020-08-19,35.47750348844157,35.68817750729129,35.207841001484354,35.28368377685547,20097400.0,0.0,0.0,41.869998931884766,35.28368377685547
2020-08-20,35.28368401800109,35.747166219712064,35.1657070809798,35.65447235107422,18443900.0,0.0,0.0,42.310001373291016,35.65447235107422
2020-08-21,35.43535729395584,35.646031241261916,35.23311210473443,35.60389709472656,17389600.0,0.0,0.0,42.25,35.60389709472656
2020-08-24,35.452217179848674,35.789296834486144,35.39322872248159,35.54491424560547,17742900.0,0.0,0.0,42.18000030517578,35.54491424560547
2020-08-25,35.58705208142444,35.64604054489581,35.20783823437264,35.35952377319336,15417400.0,0.0,0.0,41.959999084472656,35.35952377319336
2020-08-26,35.098280907043716,35.62917693972191,34.92974110627299,35.60389709472656,21625800.0,0.0,0.0,42.25,35.60389709472656
2020-08-27,35.730308455119314,35.78929691261517,35.41008310397764,35.637611389160156,22456800.0,0.0,0.0,42.290000915527344,35.637611389160156
2020-08-28,35.51120847619539,35.64603970590363,35.39323155202944,35.561771392822266,16573600.0,0.0,0.0,42.20000076293945,35.561771392822266
2020-08-31,35.47750269870837,35.68817671286847,35.342671458231116,35.57862854003906,21298000.0,0.0,0.0,42.220001220703125,35.57862854003906
2020-09-01,35.39322296275374,35.452211410521315,34.971875070340005,35.41850280761719,23325100.0,0.0,0.0,42.029998779296875,35.41850280761719
2020-09-02,35.42694348846074,35.97469400416436,35.41851472758339,35.74716567993164,30045700.0,0.0,0.0,42.41999816894531,35.74716567993164
2020-09-03,35.18255608373405,35.24997330308454,34.272442910282145,34.508399963378906,39288100.0,0.0,0.0,40.95000076293945,34.508399963378906
2020-09-04,34.71908255873778,34.91290229047327,34.078631674660656,34.39885711669922,34867400.0,0.0,0.0,40.81999969482422,34.39885711669922
2020-09-08,33.749970303386,34.22188116676843,33.682556302691225,33.70783615112305,29101800.0,0.0,0.0,40.0,33.70783615112305
2020-09-09,33.79211118849274,34.112336595827436,33.47188899578845,33.8173942565918,23351600.0,0.0,0.0,40.130001068115234,33.8173942565918
2020-09-10,33.733117418392474,34.24716245565894,33.219072381126004,33.34547805786133,25108800.0,0.0,0.0,39.56999969482422,33.34547805786133
2020-09-11,33.51402288921666,33.749976758723754,33.30334887297665,33.606719970703125,21853000.0,0.0,0.0,39.880001068115234,33.606719970703125
2020-09-14,33.89323558494507,34.247166376920816,33.7499755872666,34.01963806152344,19866700.0,0.0,0.0,40.369998931884766,34.01963806152344
2020-09-15,34.13761624032049,34.41570748529494,34.028068066206664,34.21345901489258,19024100.0,0.0,0.0,40.599998474121094,34.21345901489258
2020-09-16,34.31458276909726,34.69379340424937,34.036491541046836,34.061771392822266,24310200.0,0.0,0.0,40.41999816894531,34.061771392822266
2020-09-17,33.42132464768047,34.04492112854332,33.29491895647184,34.01963806152344,22225900.0,0.0,0.0,40.369998931884766,34.01963806152344
2020-09-18,33.859533817737486,33.977510772248685,33.353917379937776,33.54773712158203,44450800.0,0.0,0.0,39.810001373291016,33.54773712158203
2020-09-21,33.12638545361269,33.26121670349136,32.60391154753113,32.89885711669922,28495000.0,0.0,0.0,39.040000915527344,32.89885711669922
2020-09-22,33.01684206035424,33.25279600116919,32.7640338073909,33.13481903076172,17656800.0,0.0,0.0,39.31999969482422,33.13481903076172
2020-09-23,33.05895785008443,33.19378905766378,32.17412784943063,32.25839614868164,24843200.0,0.0,0.0,38.279998779296875,32.25839614868164
2020-09-24,32.02244755420952,32.15727878374731,31.685367873050023,31.896041870117188,30910400.0,0.0,0.0,37.849998474121094,31.896041870117188
2020-09-25,31.82019489216222,32.47749986198611,31.70221798375604,32.40165710449219,22966600.0,0.0,0.0,38.45000076293945,32.40165710449219
2020-09-28,33.033685578966754,33.109528351537776,32.6881803293944,32.97469711303711,24275700.0,0.0,0.0,39.130001068115234,32.97469711303711
2020-09-29,32.92413218001185,33.18536909503468,32.72188694194201,32.915706634521484,16353700.0,0.0,0.0,39.060001373291016,32.915706634521484
2020-09-30,32.940982312912446,33.45502731772236,32.88199385806177,33.193790435791016,27113200.0,0.0,0.0,39.38999938964844,33.193790435791016
2020-10-01,33.25332415977863,33.43192504860507,32.80257679660646,32.99818420410156,20763500.0,0.36,0.0,38.79999923706055,32.99818420410156
2020-10-02,32.36033541131617,32.78556978792816,32.292299598084284,32.54743957519531,24493000.0,0.0,0.0,38.27000045776367,32.54743957519531
2020-10-05,32.72603565853728,32.989682127279615,32.5559412672287,32.80257797241211,26929100.0,0.0,0.0,38.56999969482422,32.80257797241211
2020-10-06,32.7430454220962,33.46594252980684,32.65799984858225,32.80257797241211,28430800.0,0.0,0.0,38.56999969482422,32.80257797241211
2020-10-07,33.15127762910405,33.661560920235516,32.981183198726896,33.50847625732422,20593700.0,0.0,0.0,39.400001525878906,33.50847625732422
2020-10-08,33.84865218493949,34.171831185721004,33.72958709104117,33.84014892578125,19031300.0,0.0,0.0,39.790000915527344,33.84014892578125
2020-10-09,34.146332879827156,34.2143687152556,33.78063093708886,33.89118957519531,16167500.0,0.0,0.0,39.849998474121094,33.89118957519531
2020-10-12,33.95921126938615,34.46949112884677,33.70407133965584,34.324913024902344,22757200.0,0.0,0.0,40.36000061035156,34.324913024902344
2020-10-13,34.47800816520733,34.53754072552326,33.77211745820244,33.8571662902832,23438300.0,0.0,0.0,39.810001373291016,33.8571662902832
2020-10-14,33.891178073008945,34.37594499643539,33.81463575645315,33.92519760131836,16439100.0,0.0,0.0,39.88999938964844,33.92519760131836
2020-10-15,33.56800970613166,34.018757200873154,33.465951098646364,33.99324417114258,15451400.0,0.0,0.0,39.970001220703125,33.99324417114258
2020-10-16,33.9166968904187,34.27389223167054,33.636040627194234,34.15482711791992,21292500.0,0.0,0.0,40.15999984741211,34.15482711791992
2020-10-19,34.146316411708,34.34192380511464,33.304351049906955,33.42341613769531,19600500.0,0.0,0.0,39.29999923706055,33.42341613769531
2020-10-20,33.542489609395794,33.60202216817007,33.19379751759736,33.33837890625,16564900.0,0.0,0.0,39.20000076293945,33.33837890625
2020-10-21,33.43192411027761,33.65304453385011,33.15126789591357,33.21930694580078,17016300.0,0.0,0.0,39.060001373291016,33.21930694580078
2020-10-22,33.04071077911614,33.134262863926985,32.64099265894379,33.01519775390625,20399000.0,0.0,0.0,38.81999969482422,33.01519775390625
2020-10-23,33.108749838717095,33.14276936851757,32.87061961867561,33.01519775390625,15556100.0,0.0,0.0,38.81999969482422,33.01519775390625
2020-10-26,32.65800406106428,32.683517087553206,31.594918033611425,32.03715896606445,29146500.0,0.0,0.0,37.66999816894531,32.03715896606445
2020-10-27,31.790518005267906,31.89257333153031,31.118647015123056,31.35677719116211,37911500.0,0.0,0.0,36.869998931884766,31.35677719116211
2020-10-28,30.889025731034337,31.05061363077519,30.344726232664186,30.3702392578125,34561500.0,0.0,0.0,35.709999084472656,30.3702392578125
2020-10-29,30.200139189916193,30.676402783814407,30.004531797140224,30.35322380065918,35332000.0,0.0,0.0,35.689998626708984,30.35322380065918
2020-10-30,30.27668471871325,30.557340949715726,30.183135885993078,30.531827926635742,29151200.0,0.0,0.0,35.900001525878906,30.531827926635742
2020-11-02,30.778461386397144,30.914536249958168,30.336217268753654,30.531827926635742,23483100.0,0.0,0.0,35.900001525878906,30.531827926635742
2020-11-03,30.92305017400469,31.748006057204233,30.87202087131928,31.195199966430664,27342900.0,0.0,0.0,36.68000030517578,31.195199966430664
2020-11-04,31.492855532236852,31.722482474993953,31.042108150684406,31.101640701293945,30121900.0,0.0,0.0,36.56999969482422,31.101640701293945
2020-11-05,31.484350963992746,31.722481156533668,31.390798889985795,31.662948608398438,23149700.0,0.0,0.0,37.22999954223633,31.662948608398438
2020-11-06,31.943601362040155,31.977617639937897,31.535376828745484,31.9180850982666,19475300.0,0.0,0.0,37.529998779296875,31.9180850982666
2020-11-09,33.9507035036404,34.214349926312636,32.41986073792702,32.48789978027344,42649500.0,0.0,0.0,38.20000076293945,32.48789978027344
2020-11-10,32.496408224885485,33.193792298838986,32.46238869828272,32.93014907836914,31514500.0,0.0,0.0,38.720001220703125,32.93014907836914
2020-11-11,33.1767834860636,33.55099180085393,32.69201657306768,33.448936462402344,27332800.0,0.0,0.0,39.33000183105469,33.448936462402344
2020-11-12,33.151280832115425,33.4999729881519,32.658010505072426,32.88763427734375,29368300.0,0.0,0.0,38.66999816894531,32.88763427734375
2020-11-13,35.03932099882805,35.31147080025618,34.49502139597179,35.209415435791016,49106400.0,0.0,0.0,41.400001525878906,35.209415435791016
2020-11-16,35.498561755027204,36.22145878693683,35.1668762668288,36.17893600463867,34572600.0,0.0,0.0,42.540000915527344,36.17893600463867
2020-11-17,35.651650105513156,36.0173519446117,35.39651011746977,35.61763381958008,23140900.0,0.0,0.0,41.880001068115234,35.61763381958008
2020-11-18,35.63464230349255,35.92380181135365,35.090339572480424,35.1413688659668,21327700.0,0.0,0.0,41.31999969482422,35.1413688659668
2020-11-19,34.869223425077564,35.18389599636854,34.67361597566527,35.01380157470703,22177700.0,0.0,0.0,41.16999816894531,35.01380157470703
2020-11-20,34.91174767796559,35.20090723358629,34.801185812624375,34.843711853027344,19776300.0,0.0,0.0,40.970001220703125,34.843711853027344
2020-11-23,34.89472304213473,35.549584205073344,34.88621978424617,35.413509368896484,19651400.0,0.0,0.0,41.63999938964844,35.413509368896484
2020-11-24,35.83874688332211,36.32351373387394,35.63463623271097,36.238468170166016,22849700.0,0.0,0.0,42.61000061035156,36.238468170166016
2020-11-25,36.38305823055699,36.400067997742994,35.89829122074058,36.144927978515625,22617700.0,0.0,0.0,42.5,36.144927978515625
2020-11-27,36.45108874677747,36.55314408166689,36.26398459591304,36.31501388549805,10769500.0,0.0,0.0,42.70000076293945,36.31501388549805
2020-11-30,36.093896165982684,36.61268267408024,36.06838313911924,36.5871696472168,34741600.0,0.0,0.0,43.02000045776367,36.5871696472168
2020-12-01,36.57866442642053,37.480162590528685,36.57866442642053,37.029415130615234,23942500.0,0.0,0.0,43.540000915527344,37.029415130615234
2020-12-02,36.901841548621775,37.38660851605769,36.86782201722391,37.32707595825195,17422200.0,0.0,0.0,43.88999938964844,37.32707595825195
2020-12-03,37.23351161043581,37.539680803652594,37.080427013827425,37.51416778564453,27710700.0,0.0,0.0,44.11000061035156,37.51416778564453
2020-12-04,37.32707757931855,37.85436736176078,37.32707757931855,37.74380874633789,17319800.0,0.0,0.0,44.380001068115234,37.74380874633789
2020-12-07,37.66725856254532,37.837352947160824,37.34407955620392,37.718284606933594,14086800.0,0.0,0.0,44.349998474121094,37.718284606933594
2020-12-08,37.599230886128886,37.87138068613674,37.361100622192396,37.73530578613281,13348500.0,0.0,0.0,44.369998931884766,37.73530578613281
2020-12-09,37.820333987244716,38.12650315624329,37.72678193624185,38.0074348449707,22679800.0,0.0,0.0,44.689998626708984,38.0074348449707
2020-12-10,37.87987606074882,37.93940860923844,37.51417426615221,37.692771911621094,17741500.0,0.0,0.0,44.31999969482422,37.692771911621094
2020-12-11,37.369592902476995,37.70127841527994,37.182491997629846,37.692771911621094,14577700.0,0.0,0.0,44.31999969482422,37.692771911621094
2020-12-14,37.65025362605059,38.194553131169656,37.54819827991101,37.62474060058594,16112300.0,0.0,0.0,44.2400016784668,37.62474060058594
2020-12-15,37.75230655977149,38.1009986107241,37.539689376403295,38.032962799072266,18159400.0,0.0,0.0,44.720001220703125,38.032962799072266
2020-12-16,38.01595303508912,38.39015810987607,37.871371663372756,38.032962799072266,16192000.0,0.0,0.0,44.720001220703125,38.032962799072266
2020-12-17,38.19455379661787,38.21156356198431,37.9309072998595,38.118011474609375,16141600.0,0.0,0.0,44.81999969482422,38.118011474609375
2020-12-18,38.18605489337126,38.75586749890219,38.07549302801399,38.64530563354492,41027000.0,0.0,0.0,45.439998626708984,38.64530563354492
2020-12-21,37.820344821603136,38.23707267545768,37.480156037644555,38.169036865234375,19865300.0,0.0,0.0,44.880001068115234,38.169036865234375
2020-12-22,37.794817726975005,38.3306137727225,37.794817726975005,38.0074348449707,16024000.0,0.0,0.0,44.689998626708984,38.0074348449707
2020-12-23,37.97343572682432,38.101004108684855,37.71829247454081,37.74380874633789,12032600.0,0.0,0.0,44.380001068115234,37.74380874633789
2020-12-24,37.80332906636308,37.922394148593234,37.616224940412735,37.8798713684082,5720500.0,0.0,0.0,44.540000915527344,37.8798713684082
2020-12-28,38.21155902456558,38.56025106246984,38.03296137584695,38.20305252075195,13458400.0,0.0,0.0,44.91999816894531,38.20305252075195
2020-12-29,38.24557241300227,38.483702573074865,37.87136416799664,37.96491622924805,11829000.0,0.0,0.0,44.63999938964844,37.96491622924805
2020-12-30,38.04996964834479,38.322119362666356,37.79482645242288,37.8288459777832,11043100.0,0.0,0.0,44.47999954223633,37.8288459777832
2020-12-31,37.743802974114715,38.13501780950783,37.55669881619595,38.058475494384766,15105500.0,0.0,0.0,44.75,38.058475494384766
2021-01-04,37.98989179383038,38.041331664925586,37.166817879794976,37.68981170654297,24392500.0,0.36,0.0,43.959999084472656,37.68981170654297
2021-01-05,37.44974581925537,37.78411802415364,37.19253668245606,37.70695495605469,17763700.0,0.0,0.0,43.97999954223633,37.70695495605469
2021-01-06,37.83556172607607,38.47001072163809,37.62979245120167,38.06705093383789,21823100.0,0.0,0.0,44.400001525878906,38.06705093383789
2021-01-07,37.89558711038176,38.675790230128186,37.869863900096306,38.547183990478516,18218800.0,0.0,0.0,44.959999084472656,38.547183990478516
2021-01-08,38.13563785097695,38.932988462588455,37.93844407087616,38.632911682128906,20936300.0,0.0,0.0,45.060001373291016,38.632911682128906
2021-01-11,38.71007159167796,39.395963655760205,38.5986131092048,38.89011764526367,25058200.0,0.0,0.0,45.36000061035156,38.89011764526367
2021-01-12,38.83867829266868,39.37881977656847,38.54717372824882,39.2587890625,20145000.0,0.0,0.0,45.790000915527344,39.2587890625
2021-01-13,38.83010229406843,39.41311136618618,38.735791522021245,38.89011764526367,19367300.0,0.0,0.0,45.36000061035156,38.89011764526367
2021-01-14,38.47001826164182,39.09589515910851,38.45287054615875,38.7100830078125,22333500.0,0.0,0.0,45.150001525878906,38.7100830078125
2021-01-15,38.547182571255824,39.13876732715242,38.478594977735774,38.95014572143555,30271700.0,0.0,0.0,45.43000030517578,38.95014572143555
2021-01-19,38.864403497678,39.121612651155885,38.38427734608526,38.74436950683594,28868800.0,0.0,0.0,45.189998626708984,38.74436950683594
2021-01-20,38.86441361641908,39.0101643087872,38.70151193601625,38.87298583984375,16499400.0,0.0,0.0,45.34000015258789,38.87298583984375
2021-01-21,38.75294049944674,38.78723592141995,38.34140524754254,38.675777435302734,17488400.0,0.0,0.0,45.11000061035156,38.675777435302734
2021-01-22,38.36711819179432,38.48714887625065,37.921287599105916,38.3842658996582,14643400.0,0.0,0.0,44.77000045776367,38.3842658996582
2021-01-25,38.61576085428589,38.72721606626773,38.33282853789042,38.60718536376953,16581300.0,0.0,0.0,45.029998779296875,38.60718536376953
2021-01-26,38.487161614914825,38.88154921454787,38.384278604269674,38.804386138916016,13087800.0,0.0,0.0,45.2599983215332,38.804386138916016
2021-01-27,38.78723402982972,39.833218184270144,38.65005561921829,39.18162155151367,29634500.0,0.0,0.0,45.70000076293945,39.18162155151367
2021-01-28,39.361684339866855,39.670336712637805,38.83869040495971,38.87298583984375,21166000.0,0.0,0.0,45.34000015258789,38.87298583984375
2021-01-29,38.45286810898218,38.898698871507946,38.135643569132114,38.22138214111328,22608100.0,0.0,0.0,44.58000183105469,38.22138214111328
2021-02-01,38.512884601401694,39.12161703321412,38.28997084890985,38.92442321777344,16776900.0,0.0,0.0,45.400001525878906,38.92442321777344
2021-02-02,39.02730235700258,39.387394522292105,38.95013928292742,39.293087005615234,16520900.0,0.0,0.0,45.83000183105469,39.293087005615234
2021-02-03,39.224490472883275,39.57601036596961,39.044444416310334,39.24163818359375,13173600.0,0.0,0.0,45.77000045776367,39.24163818359375
2021-02-04,39.32737781803577,40.57055918207372,39.24164252558837,40.51054382324219,22285700.0,0.0,0.0,47.25,40.51054382324219
2021-02-05,40.78490560625811,41.44507790367529,40.7248902401831,41.222164154052734,25488600.0,0.0,0.0,48.08000183105469,41.222164154052734
2021-02-08,41.63369499782935,42.3024394450605,41.63369499782935,41.95949172973633,25215400.0,0.0,0.0,48.939998626708984,41.95949172973633
2021-02-09,41.813737887342775,41.86518102189521,41.50508562121126,41.58224868774414,24795000.0,0.0,0.0,48.5,41.58224868774414
2021-02-10,39.56744310644813,40.64772285191095,39.29308624186736,40.50197219848633,44540900.0,0.0,0.0,47.2400016784668,40.50197219848633
2021-02-11,40.596286637897414,41.07641286810549,40.467683675397076,40.79348373413086,18589900.0,0.0,0.0,47.58000183105469,40.79348373413086
2021-02-12,40.66487631746505,40.8877900749997,40.21904553180349,40.54484558105469,15239800.0,0.0,0.0,47.290000915527344,40.54484558105469
2021-02-16,40.519115499910306,40.519115499910306,39.78178349122947,39.87609100341797,18539000.0,0.0,0.0,46.5099983215332,39.87609100341797
2021-02-17,39.71320599099194,39.78179686355807,39.32739050928944,39.65319061279297,13296300.0,0.0,0.0,46.25,39.65319061279297
2021-02-18,39.7732143321604,39.78178982501033,39.173057385763045,39.7303466796875,16867500.0,0.0,0.0,46.34000015258789,39.7303466796875
2021-02-19,39.90181356948893,39.96182892655493,39.07874301207672,39.16447830200195,25117700.0,0.0,0.0,45.68000030517578,39.16447830200195
2021-02-22,38.830114979831144,39.164487265898394,38.42715182965142,38.95014572143555,21435800.0,0.0,0.0,45.43000030517578,38.95014572143555
2021-02-23,38.80438863642285,39.25021940536875,38.667210189869664,39.01873016357422,19714900.0,0.0,0.0,45.5099983215332,39.01873016357422
2021-02-24,38.787236525066504,39.26735935779783,38.61576268312324,39.215919494628906,17823600.0,0.0,0.0,45.7400016784668,39.215919494628906
2021-02-25,39.08731332777374,39.64460249690128,38.78723655706908,39.02729797363281,21916700.0,0.0,0.0,45.52000045776367,39.02729797363281
2021-02-26,39.07874502880884,39.25021561750836,38.375701878655086,38.47001266479492,22144900.0,0.0,0.0,44.869998931884766,38.47001266479492
2021-03-01,38.77009703374713,39.627463154648446,38.77009703374713,39.3702507019043,17394100.0,0.0,0.0,45.91999816894531,39.3702507019043
2021-03-02,39.37881787814035,39.507424077351786,38.941559417294684,39.02729797363281,14833000.0,0.0,0.0,45.52000045776367,39.02729797363281
2021-03-03,38.950133618828495,39.03586890173695,38.581466015257604,38.69292449951172,16851100.0,0.0,0.0,45.130001068115234,38.69292449951172
2021-03-04,38.70149799178998,38.98443032175316,37.85270754308343,38.204227447509766,24653500.0,0.0,0.0,44.560001373291016,38.204227447509766
2021-03-05,38.96729824009566,40.07330153077854,38.812972047414654,39.65319061279297,33197600.0,0.0,0.0,46.25,39.65319061279297
2021-03-08,39.644600045133934,41.49651022981892,39.61030462471964,40.73345184326172,34824500.0,0.0,0.0,47.5099983215332,40.73345184326172
2021-03-09,40.99924976678959,41.47080050362972,40.913514458488606,41.05926513671875,26512700.0,0.0,0.0,47.88999938964844,41.05926513671875
2021-03-10,41.55652491028894,41.830881727997614,41.316460241850415,41.402198791503906,19841500.0,0.0,0.0,48.290000915527344,41.402198791503906
2021-03-11,41.59082155061961,42.07952315993737,41.35076012685002,41.83945846557617,21976600.0,0.0,0.0,48.79999923706055,41.83945846557617
2021-03-12,41.84803330932241,42.002359442384275,41.55652875471573,41.856605529785156,15196500.0,0.0,0.0,48.81999969482422,41.856605529785156
2021-03-15,41.92519446926643,42.38816957680625,41.92519446926643,42.362449645996094,15523600.0,0.0,0.0,49.40999984741211,42.362449645996094
2021-03-16,42.1738338084694,42.64538774110949,42.1738338084694,42.58536911010742,17282300.0,0.0,0.0,49.66999816894531,42.58536911010742
2021-03-17,42.533930543898094,42.533930543898094,41.916625937243474,42.371028900146484,18326900.0,0.0,0.0,49.41999816894531,42.371028900146484
2021-03-18,41.59939704180658,42.49963065153415,41.59939704180658,41.83945846557617,18416900.0,0.0,0.0,48.79999923706055,41.83945846557617
2021-03-19,41.7622966480502,42.19955513511073,41.42792443476374,41.9937858581543,65366800.0,0.0,0.0,48.97999954223633,41.9937858581543
2021-03-22,41.95949283142655,43.19410202253607,41.95949283142655,43.125511169433594,28813900.0,0.0,0.0,50.29999923706055,43.125511169433594
2021-03-23,42.88544850804788,43.451309947721626,42.78256550190496,42.87687301635742,28328200.0,0.0,0.0,50.0099983215332,42.87687301635742
2021-03-24,42.8168556934597,43.2541141730516,42.542498842598434,42.56822204589844,26444700.0,0.0,0.0,49.650001525878906,42.56822204589844
2021-03-25,43.36556060279772,44.06860024638948,43.116923753807995,43.3055419921875,34537700.0,0.0,0.0,50.5099983215332,43.3055419921875
2021-03-26,43.38271211199481,45.13173928779189,43.34841996252937,45.07172393798828,31997000.0,0.0,0.0,52.56999969482422,45.07172393798828
2021-03-29,44.925978996906395,45.388954143926206,44.82309272370938,45.02886199951172,25032800.0,0.0,0.0,52.52000045776367,45.02886199951172
2021-03-30,44.67734596118726,44.83167211381179,43.87999526282449,44.385841369628906,22465100.0,0.0,0.0,51.77000045776367,44.385841369628906
2021-03-31,44.43727881656805,44.62589710181277,44.197214126251474,44.33439254760742,22212400.0,0.0,0.0,51.709999084472656,44.33439254760742
2021-04-01,44.3686974474626,44.64305434877537,44.025749685525504,44.56589126586914,17896200.0,0.0,0.0,51.97999954223633,44.56589126586914
2021-04-05,44.58315602635005,45.6970847660371,44.58315602635005,45.25669479370117,19860900.0,0.37,0.0,52.40999984741211,45.25669479370117
2021-04-06,44.885383379545665,45.092627847506144,44.71268020525178,44.928558349609375,15126100.0,0.0,0.0,52.029998779296875,44.928558349609375
2021-04-07,44.91128933820631,45.02354689969102,44.53998194690616,44.70404815673828,15783600.0,0.0,0.0,51.77000045776367,44.70404815673828
2021-04-08,44.85084023524748,44.90265217360951,44.42772093442719,44.82493591308594,15111300.0,0.0,0.0,51.90999984741211,44.82493591308594
2021-04-09,44.75586534203503,45.032189145721716,44.62633711791458,44.980377197265625,13135800.0,0.0,0.0,52.09000015258789,44.980377197265625
2021-04-12,44.963105527345625,45.04082180124621,44.44499923070136,44.531349182128906,16441700.0,0.0,0.0,51.56999969482422,44.531349182128906
2021-04-13,44.59177629411187,44.79902070315321,44.3327232533388,44.609046936035156,13353200.0,0.0,0.0,51.65999984741211,44.609046936035156
2021-04-14,44.47952616826689,44.62632500201731,44.160027474629395,44.35863494873047,15376600.0,0.0,0.0,51.369998931884766,44.35863494873047
2021-04-15,44.69540600964152,44.85083852476091,44.35863665822913,44.5917854309082,17869800.0,0.0,0.0,51.63999938964844,44.5917854309082
2021-04-16,45.29123581011656,45.92159960282911,45.127166310534996,45.59346389770508,28327900.0,0.0,0.0,52.79999923706055,45.59346389770508
2021-04-19,45.360314878638896,45.73162555242425,45.3257768788284,45.63663864135742,20245600.0,0.0,0.0,52.849998474121094,45.63663864135742
2021-04-20,45.41212282255865,45.58482598256739,44.55724399223674,44.7213134765625,21257500.0,0.0,0.0,51.790000915527344,44.7213134765625
2021-04-21,44.76448878970361,44.96309627233806,44.453623758088355,44.84220504760742,14015500.0,0.0,0.0,51.93000030517578,44.84220504760742
2021-04-22,44.7385915966978,44.98037408468273,44.36728089355561,44.47090148925781,15564800.0,0.0,0.0,51.5,44.47090148925781
2021-04-23,44.470895902709415,45.014909726374434,44.19457215285647,44.82493591308594,14016800.0,0.0,0.0,51.90999984741211,44.82493591308594
2021-04-26,44.600422400658616,44.704042979391936,44.47089420671286,44.5917854309082,13778200.0,0.0,0.0,51.63999938964844,44.5917854309082
2021-04-27,44.53997507207378,44.61768803259975,44.34136430393403,44.35863494873047,13601000.0,0.0,0.0,51.369998931884766,44.35863494873047
2021-04-28,44.52270989106627,44.704046742624406,43.970059071875305,44.13412857055664,14984000.0,0.0,0.0,51.11000061035156,44.13412857055664
2021-04-29,44.19457692181566,44.557250647368534,44.02187373601174,44.43635940551758,13916600.0,0.0,0.0,51.459999084472656,44.43635940551758
2021-04-30,44.229104355959635,44.237738030226275,43.52965815498457,43.9614143371582,19930200.0,0.0,0.0,50.90999984741211,43.9614143371582
2021-05-03,44.220469631622436,44.384539097358605,43.875066644779004,44.18592834472656,13465900.0,0.0,0.0,51.16999816894531,44.18592834472656
2021-05-04,44.134125503481755,44.23774608373691,43.43467917517203,43.788719177246094,18164800.0,0.0,0.0,50.709999084472656,43.788719177246094
2021-05-05,44.03050647484714,44.255018288984836,43.76281639787925,44.151397705078125,16205300.0,0.0,0.0,51.130001068115234,44.151397705078125
2021-05-06,44.099589041095506,45.515749204465806,43.99596844949357,45.28260040283203,27106800.0,0.0,0.0,52.439998626708984,45.28260040283203
2021-05-07,45.317132762994824,46.35334835682417,45.09262097645043,46.13747024536133,24146000.0,0.0,0.0,53.43000030517578,46.13747024536133
2021-05-10,46.603769876692105,46.75056541802604,45.90432357788086,45.90432357788086,23845600.0,0.0,0.0,53.15999984741211,45.90432357788086
2021-05-11,45.85251883031051,45.86115580117736,44.99764318068911,45.6193733215332,20220900.0,0.0,0.0,52.83000183105469,45.6193733215332
2021-05-12,45.058089889690194,45.273968050030206,44.444996704894,44.5572509765625,22123300.0,0.0,0.0,51.599998474121094,44.5572509765625
2021-05-13,44.99763945553276,45.60209889864185,44.79903196454701,45.325775146484375,15864000.0,0.0,0.0,52.4900016784668,45.325775146484375
2021-05-14,45.70571770638089,45.9561371264312,45.42075699514319,45.679813385009766,14789400.0,0.0,0.0,52.900001525878906,45.679813385009766
2021-05-17,45.55892293855084,45.8956956166751,45.489843644039624,45.71435546875,15731000.0,0.0,0.0,52.939998626708984,45.71435546875
2021-05-18,45.59346524696618,46.05976284793555,45.54165659844016,45.70572280883789,20177200.0,0.0,0.0,52.93000030517578,45.70572280883789
2021-05-19,44.79903723109422,45.47257604440401,44.78176658279918,45.308509826660156,29187900.0,0.0,0.0,52.470001220703125,45.308509826660156
2021-05-20,43.529669127118886,45.740262522906185,43.261979040843215,45.63663864135742,48830800.0,0.0,0.0,52.849998474121094,45.63663864135742
2021-05-21,45.567562170752346,45.70572406067118,45.10990152802859,45.27396774291992,24468400.0,0.0,0.0,52.43000030517578,45.27396774291992
2021-05-24,45.73162512073531,46.43107149141106,45.58482956431888,46.102935791015625,21128900.0,0.0,0.0,53.38999938964844,46.102935791015625
2021-05-25,46.08566408328594,46.267004223090204,45.887056591156494,46.03385543823242,20657200.0,0.0,0.0,53.310001373291016,46.03385543823242
2021-05-26,46.06839420383894,46.29290931627171,45.61073359670611,45.68844985961914,18671200.0,0.0,0.0,52.90999984741211,45.68844985961914
2021-05-27,45.70572330510276,46.068397024879545,45.40349520528878,45.697086334228516,56216100.0,0.0,0.0,52.91999816894531,45.697086334228516
2021-05-28,45.921595835243814,45.9561371264312,45.62800144822869,45.679813385009766,14863500.0,0.0,0.0,52.900001525878906,45.679813385009766
2021-06-01,45.73162464674886,46.04248969716056,45.273964041442206,45.43803024291992,15741700.0,0.0,0.0,52.619998931884766,45.43803024291992
2021-06-02,45.46393402422249,45.757528403282166,45.248055901209156,45.73162078857422,14529300.0,0.0,0.0,52.959999084472656,45.73162078857422
2021-06-03,45.59346447101204,46.24973588951228,45.43803194000089,46.05112838745117,17593100.0,0.0,0.0,53.33000183105469,46.05112838745117
2021-06-04,46.14611443919391,46.77647827306872,46.14611443919391,46.690128326416016,11676700.0,0.0,0.0,54.06999969482422,46.690128326416016
2021-06-07,46.90599512771121,47.00961569740819,46.44833459201425,46.56058883666992,14899800.0,0.0,0.0,53.91999816894531,46.56058883666992
2021-06-08,46.60377765575622,46.96645137891047,46.53469506427582,46.741939544677734,15329700.0,0.0,0.0,54.130001068115234,46.741939544677734
2021-06-09,46.7851078225201,46.992348979227124,46.577863371774264,46.64694595336914,14860900.0,0.0,0.0,54.02000045776367,46.64694595336914
2021-06-10,47.00098636937357,47.562270820716876,46.862824498986754,47.51909255981445,22183500.0,0.0,0.0,55.029998779296875,47.51909255981445
2021-06-11,47.65725605379986,47.79541792889361,47.09597487737352,47.29458236694336,17134000.0,0.0,0.0,54.77000045776367,47.29458236694336
2021-06-14,46.966440156768456,47.08733136893418,46.22381894599219,46.776466369628906,15131400.0,0.0,0.0,54.16999816894531,46.776466369628906
2021-06-15,46.828285709983945,46.90600197210645,46.39652943020091,46.448341369628906,12542600.0,0.0,0.0,53.790000915527344,46.448341369628906
2021-06-16,46.50014853427688,46.560594147998565,45.878421751133956,46.17201614379883,15477900.0,0.0,0.0,53.470001220703125,46.17201614379883
2021-06-17,46.1202080733053,46.24109931088568,45.7748017138992,45.87842559814453,18288400.0,0.0,0.0,53.130001068115234,45.87842559814453
2021-06-18,45.60209346343257,45.62799778272267,44.79902662505342,44.96309280395508,35758300.0,0.0,0.0,52.06999969482422,44.96309280395508
2021-06-21,45.222153949786296,46.12020784455661,45.1530746546712,45.921600341796875,17682200.0,0.0,0.0,53.18000030517578,45.921600341796875
2021-06-22,46.02522198995157,46.07703393300879,45.60210265078817,45.99068069458008,16451200.0,0.0,0.0,53.2599983215332,45.99068069458008
2021-06-23,45.999311218432865,46.01658186369805,45.412122455571655,45.55891799926758,14749800.0,0.0,0.0,52.7599983215332,45.55891799926758
2021-06-24,45.714348997292035,45.80933589608257,45.42939159495908,45.57618713378906,13974300.0,0.0,0.0,52.779998779296875,45.57618713378906
2021-06-25,45.56756226458985,45.93887296214372,45.46394167044716,45.8179817199707,16682700.0,0.0,0.0,53.060001373291016,45.8179817199707
2021-06-28,45.90432394579263,46.01658149209041,45.697079498322786,45.73162078857422,14008700.0,0.0,0.0,52.959999084472656,45.73162078857422
2021-06-29,45.671179212967466,45.93023232466456,45.56755862709643,45.68844985961914,10926100.0,0.0,0.0,52.90999984741211,45.68844985961914
2021-06-30,45.72298790577097,45.826608484283085,45.43802719731416,45.76616287231445,15826400.0,0.0,0.0,53.0,45.76616287231445
2021-07-01,45.8093411595622,46.284272414045695,45.76616618988898,46.14611053466797,15074800.0,0.0,0.0,53.439998626708984,46.14611053466797
2021-07-02,46.250455792922935,46.62435522174317,45.94612059132735,46.55479431152344,15066000.0,0.37,0.0,53.540000915527344,46.55479431152344
2021-07-06,46.276549036876425,46.39828313066818,45.51135903975,46.0678596496582,19394500.0,0.0,0.0,52.97999954223633,46.0678596496582
2021-07-07,46.14611120001128,46.346103370974575,45.79829670972436,46.31132125854492,14411600.0,0.0,0.0,53.2599983215332,46.31132125854492
2021-07-08,46.2243692944756,46.71130891747632,46.006986067297476,46.31132125854492,15691800.0,0.0,0.0,53.2599983215332,46.31132125854492
2021-07-09,46.39828666835706,46.89392026915952,46.337419616820306,46.72871017456055,14673400.0,0.0,0.0,53.7400016784668,46.72871017456055
2021-07-12,46.98955920921581,46.98955920921581,46.19828439452456,46.28523635864258,14000600.0,0.0,0.0,53.22999954223633,46.28523635864258
2021-07-13,46.38089356168528,46.58958295560637,46.25915946398356,46.363502502441406,9927400.0,0.0,0.0,53.31999969482422,46.363502502441406
2021-07-14,46.520014501350516,47.12868825168509,46.38088935701734,47.03303909301758,17113700.0,0.0,0.0,54.09000015258789,47.03303909301758
2021-07-15,46.81565409691491,46.84173902393779,46.2939356544275,46.65044403076172,14952400.0,0.0,0.0,53.650001525878906,46.65044403076172
2021-07-16,46.85043633204983,47.311287734671765,46.65044415134587,46.69392013549805,14144900.0,0.0,0.0,53.70000076293945,46.69392013549805
2021-07-19,46.667825263435304,46.693913503825414,45.850465599642604,46.137413024902344,19925300.0,0.0,0.0,53.060001373291016,46.137413024902344
2021-07-20,46.32872556446068,46.893923443568475,46.25046744761507,46.5895881652832,17250200.0,0.0,0.0,53.58000183105469,46.5895881652832
2021-07-21,46.79824875039754,46.86781295722426,46.45043435027186,46.85042190551758,14068600.0,0.0,0.0,53.880001068115234,46.85042190551758
2021-07-22,46.876524934160926,47.43302553574909,46.76348471289919,47.42433166503906,15729800.0,0.0,0.0,54.540000915527344,47.42433166503906
2021-07-23,47.72866589793304,48.11995641181493,47.39824242876554,48.02430725097656,13042500.0,0.0,0.0,55.22999954223633,48.02430725097656
2021-07-26,47.9373641161292,48.3895217580921,47.9373641161292,48.23300552368164,10097400.0,0.0,0.0,55.470001220703125,48.23300552368164
2021-07-27,48.15473482463835,48.18081975122272,47.64171026078142,48.067779541015625,14738700.0,0.0,0.0,55.279998779296875,48.067779541015625
2021-07-28,48.22430139953922,48.276474575841746,47.31129237477941,47.624324798583984,18835700.0,0.0,0.0,54.77000045776367,47.624324798583984
2021-07-29,47.82431057329906,48.1286457683272,47.73735860814955,47.88517761230469,10680200.0,0.0,0.0,55.06999969482422,47.88517761230469
2021-07-30,47.893876023238874,48.25038439667235,47.83300566567249,48.14603805541992,13438800.0,0.0,0.0,55.369998931884766,48.14603805541992
2021-08-02,48.34602700239857,48.64166831550912,48.05038568928802,48.215599060058594,12468800.0,0.0,0.0,55.45000076293945,48.215599060058594
2021-08-03,48.29385681821654,49.05904336226483,48.05908254322285,48.911224365234375,17357400.0,0.0,0.0,56.25,48.911224365234375
2021-08-04,49.01557238586536,49.01557238586536,48.2329947063298,48.42428970336914,11662400.0,0.0,0.0,55.689998626708984,48.42428970336914
2021-08-05,48.27646715910321,48.676451498290234,48.2590761030075,48.48515319824219,10785200.0,0.0,0.0,55.7599983215332,48.48515319824219
2021-08-06,48.232998273672735,48.65037373036206,47.95474796921319,48.33734130859375,18386100.0,0.0,0.0,55.59000015258789,48.33734130859375
2021-08-09,48.53734080336543,48.754724093712646,48.17213846774489,48.23300552368164,8707200.0,0.0,0.0,55.470001220703125,48.23300552368164
2021-08-10,48.25907192758757,48.40689091610451,48.041688720706546,48.35472106933594,10441900.0,0.0,0.0,55.61000061035156,48.35472106933594
2021-08-11,48.598197965198565,48.70254099456042,48.34603260365274,48.572113037109375,12604500.0,0.0,0.0,55.86000061035156,48.572113037109375
2021-08-12,48.563410429149485,49.08513215173497,48.39820037468335,49.032958984375,11209700.0,0.0,0.0,56.38999938964844,49.032958984375
2021-08-13,49.03295957971969,49.23295174818738,48.91991937423629,49.10252380371094,10841700.0,0.0,0.0,56.470001220703125,49.10252380371094
2021-08-16,48.954700320720484,49.067740523512626,48.632974084932506,48.93730926513672,14407400.0,0.0,0.0,56.279998779296875,48.93730926513672
2021-08-17,48.58081487366148,48.7112461695055,48.372128780717816,48.70254898071289,11987500.0,0.0,0.0,56.0099983215332,48.70254898071289
2021-08-18,48.511242976297844,48.815578175093236,47.85039609176373,47.954742431640625,17111700.0,0.0,0.0,55.150001525878906,47.954742431640625
2021-08-19,47.61561239804029,49.98943974781183,47.467793421250924,49.79814147949219,39881600.0,0.0,0.0,57.27000045776367,49.79814147949219
2021-08-20,49.78075856780202,50.728549562297125,49.43294408070105,50.62420654296875,21876500.0,0.0,0.0,58.220001220703125,50.62420654296875
2021-08-23,50.30247458045944,51.04157950101955,50.206828752226485,50.9024543762207,16225400.0,0.0,0.0,58.540000915527344,50.9024543762207
2021-08-24,50.858985457431615,51.67634526447361,50.80681228451209,51.58069610595703,17658300.0,0.0,0.0,59.31999969482422,51.58069610595703
2021-08-25,51.77198674102631,52.40674532417169,51.45025719793535,51.606773376464844,18069600.0,0.0,0.0,59.349998474121094,51.606773376464844
2021-08-26,51.667659176866,51.850263662810534,51.29376296680345,51.47636413574219,13729400.0,0.0,0.0,59.20000076293945,51.47636413574219
2021-08-27,51.53721890269609,51.60677981460686,51.180710522015254,51.3198356628418,14795200.0,0.0,0.0,59.02000045776367,51.3198356628418
2021-08-30,51.28506171997754,51.493751122971744,51.12854549698327,51.41549301147461,11798600.0,0.0,0.0,59.130001068115234,51.41549301147461
2021-08-31,51.398093761869546,51.45896080366835,50.93724235482004,51.3198356628418,19873900.0,0.0,0.0,59.02000045776367,51.3198356628418
2021-09-01,51.31982818358684,51.42417119474875,51.00679583309661,51.33721923828125,11629700.0,0.0,0.0,59.040000915527344,51.33721923828125
2021-09-02,51.60677422417296,51.92850377254875,51.35461221418187,51.76329040527344,12855700.0,0.0,0.0,59.529998779296875,51.76329040527344
2021-09-03,51.58938972227753,51.87633386096001,51.54591042268502,51.66764450073242,9732200.0,0.0,0.0,59.41999816894531,51.66764450073242
2021-09-07,51.51113727455863,51.624174178279084,51.085064637672765,51.19810485839844,15503600.0,0.0,0.0,58.880001068115234,51.19810485839844
2021-09-08,50.911156406172985,51.24157987441245,50.8589865491387,51.02419662475586,13124500.0,0.0,0.0,58.68000030517578,51.02419662475586
2021-09-09,50.82420004239949,51.250269317395315,50.650292794297066,50.954627990722656,14958800.0,0.0,0.0,58.599998474121094,50.954627990722656
2021-09-10,51.08505618523944,51.258963422887994,50.27639034962761,50.337257385253906,13622100.0,0.0,0.0,57.88999938964844,50.337257385253906
2021-09-13,50.57204775575675,50.89377409175996,50.19814823675069,50.519874572753906,13553200.0,0.0,0.0,58.099998474121094,50.519874572753906
2021-09-14,50.64160340824087,50.84159560031382,50.137272675792,50.31987380981445,12810300.0,0.0,0.0,57.869998931884766,50.31987380981445
2021-09-15,50.24160701368129,51.824156535387786,49.615545617217954,50.05031204223633,37524600.0,0.0,0.0,57.560001373291016,50.05031204223633
2021-09-16,50.70246456690752,51.14592488619615,49.67641548007763,49.85032272338867,24029600.0,0.0,0.0,57.33000183105469,49.85032272338867
2021-09-17,49.902493825070444,49.95466699447268,49.102525129598554,49.432945251464844,40262700.0,0.0,0.0,56.849998474121094,49.432945251464844
2021-09-20,49.02426671044191,49.04165776679454,48.076475699754766,48.59819412231445,21897000.0,0.0,0.0,55.88999938964844,48.59819412231445
2021-09-21,48.65906205164495,49.01557042088698,48.02430340967768,48.05038833618164,18700600.0,0.0,0.0,55.2599983215332,48.05038833618164
2021-09-22,48.48514857416803,48.80687810574788,48.14603130515554,48.27646255493164,17940600.0,0.0,0.0,55.52000045776367,48.27646255493164
2021-09-23,48.43298370492128,49.476423859342425,48.34602842380004,49.293819427490234,16262500.0,0.0,0.0,56.689998626708984,49.293819427490234
2021-09-24,49.0851412743,49.398173702628,48.885149071091625,49.328609466552734,13156400.0,0.0,0.0,56.72999954223633,49.328609466552734
2021-09-27,49.093829329522904,49.27643045208105,48.73732095438345,48.8851432800293,13859500.0,0.0,0.0,56.220001220703125,48.8851432800293
2021-09-28,48.50253962860514,48.685144041692574,48.180813414029764,48.27646255493164,17803200.0,0.0,0.0,55.52000045776367,48.27646255493164
2021-09-29,48.363410384236595,48.676442703390904,48.11994227689621,48.241676330566406,14051700.0,0.0,0.0,55.47999954223633,48.241676330566406
2021-09-30,48.519937328670785,48.60689261276634,47.31128707428441,47.328678131103516,18538000.0,0.0,0.0,54.43000030517578,47.328678131103516
2021-10-01,47.47650390128409,48.18082687626225,46.989567509007685,47.94605255126953,18338000.0,0.0,0.0,55.13999938964844,47.94605255126953
2021-10-04,47.7096764583796,47.86724996888136,47.228203327140804,47.47331619262695,17084100.0,0.37,0.0,54.22999954223633,47.47331619262695
2021-10-05,47.3857888541842,48.173653267074876,47.3857888541842,47.876014709472656,14135000.0,0.0,0.0,54.689998626708984,47.876014709472656
2021-10-06,47.578368637121166,47.604633117658416,46.37906199418331,47.219451904296875,26339200.0,0.0,0.0,53.939998626708984,47.219451904296875
2021-10-07,47.70094079104275,48.50631382890173,47.578380975382295,48.1649055480957,14725500.0,0.0,0.0,55.02000045776367,48.1649055480957
2021-10-08,48.32247039755436,48.41000976782121,47.92853655252772,48.21742248535156,9255500.0,0.0,0.0,55.08000183105469,48.21742248535156
2021-10-11,48.36623531119332,48.48003915284342,48.059844206072974,48.08610534667969,8117600.0,0.0,0.0,54.93000030517578,48.08610534667969
2021-10-12,48.13862360881025,48.199901820467296,47.33324757938432,47.51708221435547,14241900.0,0.0,0.0,54.279998779296875,47.51708221435547
2021-10-13,47.552110153738276,47.92853544815535,47.34201433417372,47.81473159790039,13737100.0,0.0,0.0,54.619998931884766,47.81473159790039
2021-10-14,48.22616347911456,48.891471215484046,48.12986819135048,48.716392517089844,14455900.0,0.0,0.0,55.650001525878906,48.716392517089844
2021-10-15,48.926501455274305,48.926501455274305,48.11237259892266,48.366241455078125,15202200.0,0.0,0.0,55.25,48.366241455078125
2021-10-18,48.18239641343034,48.576330184971724,47.77095410321908,48.31370544433594,10989600.0,0.0,0.0,55.189998626708984,48.31370544433594
2021-10-19,48.40125885969889,48.83020646418967,48.173651145982404,48.79519271850586,13258400.0,0.0,0.0,55.7400016784668,48.79519271850586
2021-10-20,48.847715614758755,49.22414093570276,48.847715614758755,49.197879791259766,11613600.0,0.0,0.0,56.20000076293945,49.197879791259766
2021-10-21,49.057809710260386,49.12784053466341,48.611350264466765,48.75141525268555,12619900.0,0.0,0.0,55.689998626708984,48.75141525268555
2021-10-22,48.62887229501634,48.900249745963116,48.09487333573503,48.24369430541992,15026600.0,0.0,0.0,55.11000061035156,48.24369430541992
2021-10-25,48.243682094942024,48.51505613779035,47.98106065307698,48.26994323730469,10218900.0,0.0,0.0,55.13999938964844,48.26994323730469
2021-10-26,48.63762403547192,49.32919316847337,48.49755902050048,48.856475830078125,15250000.0,0.0,0.0,55.810001373291016,48.856475830078125
2021-10-27,49.13660445572017,49.6530948098063,48.96152235715629,49.18037414550781,16279000.0,0.0,0.0,56.18000030517578,49.18037414550781
2021-10-28,49.22413132868557,49.62681771548074,48.926492838573395,49.232887268066406,11209200.0,0.0,0.0,56.2400016784668,49.232887268066406
2021-10-29,49.30292356431056,49.53053126172868,48.900237132771174,48.99653244018555,13550400.0,0.0,0.0,55.970001220703125,48.99653244018555
2021-11-01,48.908989275131816,49.24164487778621,48.58508961274906,49.11033248901367,14341400.0,0.0,0.0,56.099998474121094,49.11033248901367
2021-11-02,49.34669350989252,50.65980405925196,49.26790674335444,50.44095230102539,22097900.0,0.0,0.0,57.619998931884766,50.44095230102539
2021-11-03,50.40593826690228,50.71232939088698,50.00324849613451,50.46721649169922,13219400.0,0.0,0.0,57.650001525878906,50.46721649169922
2021-11-04,50.423448955128784,50.50223572978483,49.51302808505275,50.00325393676758,18070400.0,0.0,0.0,57.119998931884766,50.00325393676758
2021-11-05,50.23086150988857,50.59853089758438,49.836927637776526,49.9594841003418,15637700.0,0.0,0.0,57.06999969482422,49.9594841003418
2021-11-08,49.985744177883085,50.35341689714028,49.539288025299086,49.8982048034668,15045300.0,0.0,0.0,57.0,49.8982048034668
2021-11-09,49.95947514488445,50.44970424668294,49.81065756399231,50.28337478637695,14459800.0,0.0,0.0,57.439998626708984,50.28337478637695
2021-11-10,50.68606947641357,51.32511622149876,50.50223145815691,50.572265625,17876300.0,0.0,0.0,57.77000045776367,50.572265625
2021-11-11,50.39717589706395,50.5722579481815,49.62681687579415,49.68809509277344,17440700.0,0.0,0.0,56.7599983215332,49.68809509277344
2021-11-12,49.871947328913194,50.02952088598822,49.29417873277586,49.74063491821289,16663600.0,0.0,0.0,56.81999969482422,49.74063491821289
2021-11-15,49.83692490779917,50.51098875439729,49.7493855363087,50.13456344604492,19041800.0,0.0,0.0,57.27000045776367,50.13456344604492
2021-11-16,50.108303977244205,50.8436460763455,49.83692657349278,49.8982048034668,21136900.0,0.0,0.0,57.0,49.8982048034668
2021-11-17,49.55678605899455,50.020750655955545,49.259147573918426,49.68809509277344,31496300.0,0.0,0.0,56.7599983215332,49.68809509277344
2021-11-18,46.160214273613164,47.21070342261108,44.71579461572736,46.948081970214844,70834000.0,0.0,0.0,53.630001068115234,46.948081970214844
2021-11-19,46.878046555275716,47.00060300717399,46.203982730422325,46.61542510986328,30030800.0,0.0,0.0,53.25,46.61542510986328
2021-11-22,46.70296335830245,48.61135093629085,46.659193675019054,47.79722213745117,39949300.0,0.0,0.0,54.599998474121094,47.79722213745117
2021-11-23,47.805981603060104,48.65512754690925,47.68342514506394,48.410011291503906,25653100.0,0.0,0.0,55.29999923706055,48.410011291503906
2021-11-24,48.2787051223983,48.80394807080309,48.2787051223983,48.620113372802734,19328700.0,0.0,0.0,55.540000915527344,48.620113372802734
2021-11-26,47.674670556813155,48.31371734836303,47.674670556813155,47.85850524902344,16730300.0,0.0,0.0,54.66999816894531,47.85850524902344
2021-11-29,48.26995067026871,49.18912752804444,47.99857658563219,48.81270217895508,25724500.0,0.0,0.0,55.7599983215332,48.81270217895508
2021-11-30,48.655123058663335,48.67262826012255,47.40329077132832,48.007320404052734,45141300.0,0.0,0.0,54.84000015258789,48.007320404052734
2021-12-01,48.61134850933811,49.35544644565734,48.08610565733492,48.17364501953125,24120500.0,0.0,0.0,55.029998779296875,48.17364501953125
2021-12-02,48.278695362132694,49.55678872710155,48.21741714185423,49.15410232543945,22384700.0,0.0,0.0,56.150001525878906,49.15410232543945
2021-12-03,49.28541457680928,49.74062662811145,48.73390721896454,49.22413635253906,26235400.0,0.0,0.0,56.22999954223633,49.22413635253906
2021-12-06,49.635577716531046,50.0470167369626,49.43423450665759,49.863182067871094,23172800.0,0.0,0.0,56.959999084472656,49.863182067871094
2021-12-07,49.98573383808094,50.96619199367865,49.906947081638485,50.84363555908203,24254800.0,0.0,0.0,58.08000183105469,50.84363555908203
2021-12-08,50.84364312547611,50.88741281014395,49.574302233631606,49.91571044921875,23631300.0,0.0,0.0,57.02000045776367,49.91571044921875
2021-12-09,50.073278093418516,50.62478540569331,49.83691781672932,50.379669189453125,16480200.0,0.0,0.0,57.54999923706055,50.379669189453125
2021-12-10,50.69483587629003,51.946668564339504,50.69483587629003,51.867881774902344,19901500.0,0.0,0.0,59.25,51.867881774902344
2021-12-13,51.73656100436693,52.09547780073041,51.246335139722134,51.307613372802734,18496300.0,0.0,0.0,58.61000061035156,51.307613372802734
2021-12-14,51.0712473758119,51.237573512944905,50.22210146961033,50.572265625,19114200.0,0.0,0.0,57.77000045776367,50.572265625
2021-12-15,50.7035724342257,52.55068176028542,50.686067232702705,52.46314239501953,27953900.0,0.0,0.0,59.93000030517578,52.46314239501953
2021-12-16,52.568195355433154,53.18973359105236,52.41062181127433,52.79580307006836,24599300.0,0.0,0.0,60.310001373291016,52.79580307006836
2021-12-17,52.760782629464245,53.22474729141841,52.34058765156772,52.92710876464844,62171000.0,0.0,0.0,60.459999084472656,52.92710876464844
2021-12-20,52.23554364346075,52.88334641131644,51.91164392923956,52.839576721191406,21342100.0,0.0,0.0,60.36000061035156,52.839576721191406
2021-12-21,52.90959617879017,53.60992442783153,52.52441831334748,53.42608642578125,20761100.0,0.0,0.0,61.029998779296875,53.42608642578125
2021-12-22,53.37357418953435,53.92507828123985,53.06717968806253,53.863800048828125,17095500.0,0.0,0.0,61.529998779296875,53.863800048828125
2021-12-23,54.091407599117524,55.06311005194444,54.091407599117524,54.520355224609375,17771400.0,0.0,0.0,62.279998779296875,54.520355224609375
2021-12-27,54.634154696821625,55.56208738627549,54.5203508435365,55.518314361572266,14779700.0,0.0,0.0,63.41999816894531,55.518314361572266
2021-12-28,55.51830964684235,55.885982318765805,55.351983521098795,55.61460494995117,12865000.0,0.0,0.0,63.529998779296875,55.61460494995117
2021-12-29,55.719661406631715,56.2799213977829,55.63211869588124,55.99103546142578,15069900.0,0.0,0.0,63.959999084472656,55.99103546142578
2021-12-30,56.061074072129216,56.14861345040307,55.56209226925913,55.69340133666992,9076700.0,0.0,0.0,63.619998931884766,55.69340133666992
2021-12-31,55.6321218888254,55.86848221229788,55.430778651662884,55.47454833984375,10359100.0,0.0,0.0,63.369998931884766,55.47454833984375
2022-01-03,55.06310228119517,55.45703276428253,54.712938141325594,55.290706634521484,17184300.0,0.0,0.0,63.15999984741211,55.290706634521484
2022-01-04,54.982499087183996,55.3083106842954,53.81134892176666,53.934627532958984,29682500.0,0.37,0.0,61.25,53.934627532958984
2022-01-05,53.88180849820797,54.27806369475846,53.054078033595665,53.08049392700195,30317900.0,0.0,0.0,60.279998779296875,53.08049392700195
2022-01-06,52.83392440687467,53.8289642570828,52.75467338590074,53.64404296875,19616600.0,0.0,0.0,60.91999816894531,53.64404296875
2022-01-07,53.60001914511774,54.15477633100514,53.42390537954024,53.8289680480957,20152400.0,0.0,0.0,61.130001068115234,53.8289680480957
2022-01-10,53.60001989095987,54.50700462062293,53.29182331622871,54.43655776977539,24715300.0,0.0,0.0,61.81999969482422,54.43655776977539
2022-01-11,54.24283209880053,54.973703057872235,54.101941756690294,54.920867919921875,22804200.0,0.0,0.0,62.369998931884766,54.920867919921875
2022-01-12,54.947290000837725,55.31712590828218,54.524615593628496,54.70072937011719,13405400.0,0.0,0.0,62.119998931884766,54.70072937011719
2022-01-13,54.665507122399134,54.72714643784878,53.899412729083636,54.15477752685547,14871600.0,0.0,0.0,61.5,54.15477752685547
2022-01-14,54.12835687326117,54.1547727606745,53.66165492138604,54.031494140625,18831900.0,0.0,0.0,61.36000061035156,54.031494140625
2022-01-18,52.81632518058871,53.02766240617277,52.384849910362654,52.59618377685547,26545800.0,0.0,0.0,59.72999954223633,52.59618377685547
2022-01-19,51.072800354294046,52.38484446208539,50.87907486424798,51.86531066894531,24333900.0,0.0,0.0,58.900001525878906,51.86531066894531
2022-01-20,51.94456403969005,52.252760643105525,51.09041436866565,51.14324951171875,17726500.0,0.0,0.0,58.08000183105469,51.14324951171875
2022-01-21,51.134439328153185,51.372192420948885,49.84881447889422,49.91045379638672,25914000.0,0.0,0.0,56.68000030517578,49.91045379638672
2022-01-24,49.45256318525153,50.19223841200258,48.31663277290328,50.104183197021484,34180100.0,0.0,0.0,56.900001525878906,50.104183197021484
2022-01-25,49.39091184903976,49.919249728595034,48.49273476652354,49.40852355957031,25156400.0,0.0,0.0,56.11000061035156,49.40852355957031
2022-01-26,49.40852728390737,49.70791966731384,48.30782048595574,48.72168731689453,28632700.0,0.0,0.0,55.33000183105469,48.72168731689453
2022-01-27,48.88019174738525,49.7783690031134,47.90276681762231,48.09648895263672,25967400.0,0.0,0.0,54.619998931884766,48.09648895263672
2022-01-28,47.990825725204054,49.01228169801906,47.06623250690369,48.96825408935547,30976600.0,0.0,0.0,55.61000061035156,48.96825408935547
2022-01-31,48.809753773630426,49.18839726817603,48.316635805152316,49.021087646484375,29925300.0,0.0,0.0,55.66999816894531,49.021087646484375
2022-02-01,48.82736290609411,48.87139051401824,48.2021621399345,48.75691604614258,22438500.0,0.0,0.0,55.369998931884766,48.75691604614258
2022-02-02,48.63363434815713,49.5934509206678,48.580799206509326,49.46136474609375,23316700.0,0.0,0.0,56.16999816894531,49.46136474609375
2022-02-03,49.197193149244676,49.443753771445756,48.483937249792504,48.607215881347656,19260500.0,0.0,0.0,55.20000076293945,48.607215881347656
2022-02-04,48.33424154066795,48.97705397629137,47.893958774425265,48.56319046020508,19675900.0,0.0,0.0,55.150001525878906,48.56319046020508
2022-02-07,48.72170429082508,48.897814752579194,48.16694693084273,48.580810546875,14450200.0,0.0,0.0,55.16999816894531,48.580810546875
2022-02-08,48.483941980411025,48.86258544804114,48.17574201236104,48.730499267578125,15219900.0,0.0,0.0,55.34000015258789,48.730499267578125
2022-02-09,49.15318013968177,49.64629817139675,48.85378764883549,49.567047119140625,19136700.0,0.0,0.0,56.290000915527344,49.567047119140625
2022-02-10,48.642435311911086,49.33807944127583,48.20215260161138,48.31662368774414,19730600.0,0.0,0.0,54.869998931884766,48.31662368774414
2022-02-11,48.31662094837102,48.51034640482833,47.34800038426506,47.46247482299805,20132500.0,0.0,0.0,53.900001525878906,47.46247482299805
2022-02-14,47.03100179321336,47.24233898479909,46.40580111337042,46.82847213745117,21868400.0,0.0,0.0,53.18000030517578,46.82847213745117
2022-02-15,47.30398533532922,47.81471163906799,47.23353847462528,47.78829574584961,17678000.0,0.0,0.0,54.27000045776367,47.78829574584961
2022-02-16,47.66501635825101,47.93798954151024,47.01339634322703,47.77068328857422,20388700.0,0.0,0.0,54.25,47.77068328857422
2022-02-17,48.87138919617824,50.245072696370634,48.78333398270444,49.1091423034668,32884700.0,0.0,0.0,55.77000045776367,49.1091423034668
2022-02-18,48.83616556103007,50.7998263732093,48.765722062366564,50.37715530395508,35626200.0,0.0,0.0,57.209999084472656,50.37715530395508
2022-02-22,50.1305972356567,50.31551519573264,49.0827254361354,49.57583999633789,25188300.0,0.0,0.0,56.29999923706055,49.57583999633789
2022-02-23,49.84881334253309,50.18342917207215,47.87634515046538,47.937984466552734,22033700.0,0.0,0.0,54.439998626708984,47.937984466552734
2022-02-24,47.612182390521674,48.28141413699152,46.85489542645428,48.193355560302734,27739300.0,0.0,0.0,54.72999954223633,48.193355560302734
2022-02-25,48.41350012071515,49.50540302922684,47.982024823620385,49.346900939941406,18963700.0,0.0,0.0,56.040000915527344,49.346900939941406
2022-02-28,48.79213816041539,49.3116719817294,48.210965017851514,49.1091423034668,23868700.0,0.0,0.0,55.77000045776367,49.1091423034668
2022-03-01,48.897803461312186,49.179584165961295,47.77948482013373,48.09648895263672,17799600.0,0.0,0.0,54.619998931884766,48.09648895263672
2022-03-02,48.228574725416586,49.64628577335031,48.175739584076304,49.443756103515625,18660000.0,0.0,0.0,56.150001525878906,49.443756103515625
2022-03-03,49.96329461425281,50.19224019679947,49.17078421487737,49.373313903808594,16794600.0,0.0,0.0,56.06999969482422,49.373313903808594
2022-03-04,49.02107098049751,50.1041693072391,48.651235149192736,49.760746002197266,16729000.0,0.0,0.0,56.5099983215332,49.760746002197266
2022-03-07,49.58464607221228,49.69911717226356,48.88899849917338,48.95063781738281,21350900.0,0.0,0.0,55.59000015258789,48.95063781738281
2022-03-08,49.0475095343275,49.18839991016135,47.612186521144714,47.902774810791016,23642400.0,0.0,0.0,54.400001525878906,47.902774810791016
2022-03-09,48.99466890591885,49.531814453446366,48.65124886316287,49.24122619628906,19150900.0,0.0,0.0,55.91999816894531,49.24122619628906
2022-03-10,47.9027737103066,48.57200214037013,47.524130204122145,48.17574691772461,18550900.0,0.0,0.0,54.709999084472656,48.17574691772461
2022-03-11,48.68646815578323,49.49658681763979,48.07887580029995,48.15812683105469,20330300.0,0.0,0.0,54.689998626708984,48.15812683105469
2022-03-14,48.19334832016926,48.783328938531454,47.550535922822,47.81470489501953,17977500.0,0.0,0.0,54.29999923706055,47.81470489501953
2022-03-15,47.920370810503094,49.07391277453419,47.920370810503094,48.95943832397461,18829100.0,0.0,0.0,55.599998474121094,48.95943832397461
2022-03-16,49.250030326299054,49.31166964462757,48.07887655987551,49.14436340332031,21821800.0,0.0,0.0,55.810001373291016,49.14436340332031
2022-03-17,48.86258326954002,49.5758392067852,48.7393012723618,49.46136474609375,18830500.0,0.0,0.0,56.16999816894531,49.46136474609375
2022-03-18,49.33808721587208,49.6815072465668,48.906611972878046,49.285255432128906,51807200.0,0.0,0.0,55.970001220703125,49.285255432128906
2022-03-21,49.36449971690854,49.795974900904184,48.88899357369285,49.31166458129883,29174600.0,0.0,0.0,56.0,49.31166458129883
2022-03-22,49.62867434843301,49.94567848013796,49.3909212496543,49.46136474609375,29287900.0,0.0,0.0,56.16999816894531,49.46136474609375
2022-03-23,49.2236220011187,49.390928268141344,47.9468011154659,47.97321701049805,19742100.0,0.0,0.0,54.47999954223633,47.97321701049805
2022-03-24,48.14052019412565,48.15813190938286,47.26876212298654,47.99082565307617,20551500.0,0.0,0.0,54.5,47.99082565307617
2022-03-25,48.087681860830365,48.589603920510434,47.902763914441024,48.404685974121094,18090600.0,0.0,0.0,54.970001220703125,48.404685974121094
2022-03-28,48.254989912507114,48.571994037741895,47.92037407374919,48.55438232421875,17164600.0,0.0,0.0,55.13999938964844,48.55438232421875
2022-03-29,49.021087646484375,49.58465247864136,48.46633371092426,49.021087646484375,20036500.0,0.0,0.0,55.66999816894531,49.021087646484375
2022-03-30,49.09152105423669,50.13939267105457,48.95063072458815,49.355690002441406,16125400.0,0.0,0.0,56.04999923706055,49.355690002441406
2022-03-31,49.346879473150096,50.086554448346206,49.065098850131584,49.100318908691406,27587700.0,0.0,0.0,55.7599983215332,49.100318908691406
2022-04-01,49.46135492441789,49.47896663480329,48.33423233247473,49.01226806640625,17465100.0,0.0,0.0,55.65999984741211,49.01226806640625
2022-04-04,48.8361652147447,49.41733835073468,48.42230168518994,49.19719696044922,19629200.0,0.0,0.0,55.869998931884766,49.19719696044922
2022-04-05,48.94008258822402,49.28585436494411,48.47018457439173,48.69183349609375,16063600.0,0.38,0.0,54.91999816894531,48.69183349609375
2022-04-06,48.48792257114976,48.549984005925204,47.7343175019653,48.2042121887207,19644100.0,0.0,0.0,54.369998931884766,48.2042121887207
2022-04-07,48.25740308813653,48.62977164998542,47.64565328705873,48.434722900390625,15739000.0,0.0,0.0,54.630001068115234,48.434722900390625
2022-04-08,48.62091889825363,48.68298034018435,47.88504268379655,48.12442398071289,18148200.0,0.0,0.0,54.279998779296875,48.12442398071289
2022-04-11,47.80523561245434,47.83183578166022,46.80338496750783,46.8831787109375,20992100.0,0.0,0.0,52.880001068115234,46.8831787109375
2022-04-12,45.836999353273946,46.94524400213408,45.6419472128044,45.943389892578125,25254200.0,0.0,0.0,51.81999969482422,45.943389892578125
2022-04-13,45.96111985240367,46.42215000850385,45.579883442207255,46.235965728759766,17004600.0,0.0,0.0,52.150001525878906,46.235965728759766
2022-04-14,46.17390896793162,46.439887020455856,45.32277446492186,45.367103576660156,18024800.0,0.0,0.0,51.16999816894531,45.367103576660156
2022-04-18,45.10999101429404,45.71287637223912,45.03906173355026,45.313907623291016,13990700.0,0.0,0.0,51.11000061035156,45.313907623291016
2022-04-19,45.216375465116315,46.04977410907645,45.14544619392287,45.95225143432617,15490900.0,0.0,0.0,51.83000183105469,45.95225143432617
2022-04-20,46.298025493598324,47.583586468436856,46.23596406924449,47.007301330566406,19526200.0,0.0,0.0,53.02000045776367,47.007301330566406
2022-04-21,47.291016155856255,47.72544954967854,46.75019222190997,46.79452133178711,17147300.0,0.0,0.0,52.779998779296875,46.79452133178711
2022-04-22,46.918636092958025,46.95410072757537,45.473487744284846,45.53554916381836,17693000.0,0.0,0.0,51.36000061035156,45.53554916381836
2022-04-25,45.61534799932605,46.085242623200564,44.80854607311621,46.04977798461914,18677000.0,0.0,0.0,51.939998626708984,46.04977798461914
2022-04-26,45.99658709731245,46.049780676199624,45.101123522309784,45.127723693847656,19238300.0,0.0,0.0,50.900001525878906,45.127723693847656
2022-04-27,45.13659240485196,45.31391224269353,43.66484350032774,43.718040466308594,33668600.0,0.0,0.0,49.310001373291016,43.718040466308594
2022-04-28,43.91307899223976,45.02132349240405,43.62936867076521,44.888336181640625,20170700.0,0.0,0.0,50.630001068115234,44.888336181640625
2022-04-29,44.78194734010526,44.89720572814627,43.327930932551126,43.42545700073242,20281400.0,0.0,0.0,48.97999954223633,43.42545700073242
2022-05-02,43.74462783277046,44.2499870633697,43.38112376546059,44.205657958984375,22499200.0,0.0,0.0,49.86000061035156,44.205657958984375
2022-05-03,44.12587039527837,44.64896201727627,43.91308592951044,44.25885772705078,15828200.0,0.0,0.0,49.91999816894531,44.25885772705078
2022-05-04,44.35638379108749,45.80153579431162,44.03720878354406,45.73060989379883,23942300.0,0.0,0.0,51.58000183105469,45.73060989379883
2022-05-05,45.34937077439084,45.40256435110754,43.58504386791378,43.984012603759766,24846500.0,0.0,0.0,49.61000061035156,43.984012603759766
2022-05-06,43.57617986844491,44.18792968193412,43.31019845362039,43.73576736450195,21743900.0,0.0,0.0,49.33000183105469,43.73576736450195
2022-05-09,43.443190928874124,43.81555951343063,43.15061271349889,43.4077262878418,22421200.0,0.0,0.0,48.959999084472656,43.4077262878418
2022-05-10,44.07267182837204,44.54256985338701,43.57618039648422,43.930816650390625,21741100.0,0.0,0.0,49.54999923706055,43.930816650390625
2022-05-11,43.52298974440946,44.01061677801331,43.07082735596453,43.13288879394531,23872100.0,0.0,0.0,48.650001525878906,43.13288879394531
2022-05-12,43.11515194706273,43.248139279311594,42.08670102003747,42.8137092590332,25951000.0,0.0,0.0,48.290000915527344,42.8137092590332
2022-05-13,43.18607366864308,44.001743432298476,43.02648617971255,43.93968200683594,18954500.0,0.0,0.0,49.560001373291016,43.93968200683594
2022-05-16,44.028340718971755,44.028340718971755,43.336797180494386,43.44318771362305,20254500.0,0.0,0.0,49.0,43.44318771362305
2022-05-17,44.04608119974945,44.96814167663634,43.895358149635875,44.86174774169922,18780600.0,0.0,0.0,50.599998474121094,44.86174774169922
2022-05-18,44.746484142048516,44.746484142048516,42.742776052016815,42.87576675415039,40672700.0,0.0,0.0,48.36000061035156,42.87576675415039
2022-05-19,38.17680777107913,38.948144996446956,36.36815193454634,36.98876953125,97674600.0,0.0,0.0,41.720001220703125,36.98876953125
2022-05-20,37.11289396600571,38.12361245268607,36.811451313654196,38.07041549682617,46148700.0,0.0,0.0,42.939998626708984,38.07041549682617
2022-05-23,38.425057345185046,38.85062287059246,38.07041771629846,38.433921813964844,27366600.0,0.0,0.0,43.349998474121094,38.433921813964844
2022-05-24,38.47825781396487,39.063410887536946,37.680320267232744,38.806297302246094,30053900.0,0.0,0.0,43.77000045776367,38.806297302246094
2022-05-25,38.788555427031085,39.3825728238801,38.29206070001138,39.01020431518555,25504600.0,0.0,0.0,44.0,39.01020431518555
2022-05-26,39.054548589431995,40.366710111241424,39.054548589431995,39.8879508972168,28294700.0,0.0,0.0,44.9900016784668,39.8879508972168
2022-05-27,40.003193431410786,40.46422355970812,39.85247379940079,40.44649124145508,23882100.0,0.0,0.0,45.619998931884766,40.44649124145508
2022-05-31,40.13618370845109,40.437626351419496,39.66628911697741,39.941131591796875,64821200.0,0.0,0.0,45.04999923706055,39.941131591796875
2022-06-01,40.38443746286233,40.606086409839726,39.69289383056311,40.10072708129883,20666000.0,0.0,0.0,45.22999954223633,40.10072708129883
2022-06-02,40.05639741028611,40.60608584414573,39.808151675400055,40.59722137451172,20546800.0,0.0,0.0,45.790000915527344,40.59722137451172
2022-06-03,40.384424323513876,40.55287963294911,40.003187988183036,40.118446350097656,17947000.0,0.0,0.0,45.25,40.118446350097656
2022-06-06,40.42876232175327,40.86319570023763,40.01206464510674,40.18938446044922,12641900.0,0.0,0.0,45.33000183105469,40.18938446044922
2022-06-07,39.73721770594023,40.47309373631776,39.64855949167276,40.402164459228516,14667200.0,0.0,0.0,45.56999969482422,40.402164459228516
2022-06-08,40.295764595903066,40.455352050310076,39.790405450978646,39.82586669921875,16263800.0,0.0,0.0,44.91999816894531,39.82586669921875
2022-06-09,39.746085296974265,40.136186172134444,39.222993719187585,39.24072265625,18417700.0,0.0,0.0,44.2599983215332,39.24072265625
2022-06-10,38.832886907202614,39.00134223705975,38.38072463578859,38.55804443359375,20262400.0,0.0,0.0,43.4900016784668,38.55804443359375
2022-06-13,38.1768115837904,38.86835513890217,38.02608855797975,38.33639907836914,29050800.0,0.0,0.0,43.2400016784668,38.33639907836914
2022-06-14,38.6821655027678,38.744226921838276,37.742372984981934,38.04381561279297,22499100.0,0.0,0.0,42.90999984741211,38.04381561279297
2022-06-15,38.45164559482959,39.39143803521755,38.2122644058036,38.832881927490234,22525100.0,0.0,0.0,43.79999923706055,38.832881927490234
2022-06-16,37.95516719210969,38.487123316140206,37.95516719210969,38.40732955932617,27049000.0,0.0,0.0,43.31999969482422,38.40732955932617
2022-06-17,38.4427864535343,39.010207106678244,38.33639592659328,38.469383239746094,59678600.0,0.0,0.0,43.38999938964844,38.469383239746094
2022-06-21,38.84175594893656,39.25845359715536,38.74422988804685,39.13433074951172,23277900.0,0.0,0.0,44.13999938964844,39.13433074951172
2022-06-22,38.54031289021593,39.116598017048034,38.27433149711537,38.628971099853516,19942300.0,0.0,0.0,43.56999969482422,38.628971099853516
2022-06-23,38.48712334574608,38.531452459100294,37.87537346443095,38.06155776977539,33801700.0,0.0,0.0,42.93000030517578,38.06155776977539
2022-06-24,38.513716292426146,39.205263243672505,38.33639985671119,39.09886932373047,30543800.0,0.0,0.0,44.099998474121094,39.09886932373047
2022-06-27,39.26732750901416,39.26732750901416,38.68217443544209,38.806297302246094,22755300.0,0.0,0.0,43.77000045776367,38.806297302246094
2022-06-28,38.93041619381705,39.42691099242984,38.114749791196886,38.17681121826172,20091300.0,0.0,0.0,43.060001373291016,38.17681121826172
2022-06-29,38.247744420382034,38.354134975374684,37.848775611541136,38.01723098754883,13450800.0,0.0,0.0,42.880001068115234,38.01723098754883
2022-06-30,37.56505451284401,38.247733528656774,37.40546703475303,37.80443572998047,24947900.0,0.0,0.0,42.63999938964844,37.80443572998047
2022-07-01,37.69804460153842,37.85763207707355,36.85577812112384,37.76897048950195,24338500.0,0.0,0.0,42.599998474121094,37.76897048950195
2022-07-05,37.14276884337446,37.545328432317746,36.51656541752204,37.536380767822266,24442600.0,0.38,0.0,41.959999084472656,37.536380767822266
2022-07-06,37.67951490229198,38.40412220499283,37.58111106226089,38.189422607421875,17250400.0,0.0,0.0,42.689998626708984,38.189422607421875
2022-07-07,38.3593955466539,38.78879134525959,38.27888362113193,38.663551330566406,22316700.0,0.0,0.0,43.220001220703125,38.663551330566406
2022-07-08,38.493584128274215,39.01243957590668,38.41307219372899,38.81563186645508,11817000.0,0.0,0.0,43.38999938964844,38.81563186645508
2022-07-11,38.77090347445411,39.07505929011803,38.52936767267381,38.690391540527344,15245200.0,0.0,0.0,43.25,38.690391540527344
2022-07-12,38.985610175676065,39.209254097989394,38.1625987670446,38.341514587402344,17385300.0,0.0,0.0,42.86000061035156,38.341514587402344
2022-07-13,37.437984456105006,38.511475771475595,37.393256362242646,38.1983757019043,16854200.0,0.0,0.0,42.70000076293945,38.1983757019043
2022-07-14,37.38431799904164,37.99262972651737,36.99070252094831,37.86738967895508,17336200.0,0.0,0.0,42.33000183105469,37.86738967895508
2022-07-15,38.01946155463573,38.58304511672012,38.01946155463573,38.52936935424805,19897800.0,0.0,0.0,43.06999969482422,38.52936935424805
2022-07-18,38.73511692927043,38.75300884806409,37.938945311893015,38.10891342163086,16743800.0,0.0,0.0,42.599998474121094,38.10891342163086
2022-07-19,38.30571397038243,39.44182500784304,38.15363780780611,39.38814926147461,22861400.0,0.0,0.0,44.029998779296875,39.38814926147461
2022-07-20,39.43289107706261,39.64758729366041,39.057167579214195,39.47761917114258,15599200.0,0.0,0.0,44.130001068115234,39.47761917114258
2022-07-21,39.62075262581255,39.97858080458919,39.42394490933767,39.88018035888672,15364600.0,0.0,0.0,44.58000183105469,39.88018035888672
2022-07-22,40.05909104434121,40.184331072232226,39.58496710660097,39.7728271484375,14854600.0,0.0,0.0,44.459999084472656,39.7728271484375
2022-07-25,39.95174163929438,39.95174163929438,39.45972579746887,39.66547775268555,12954700.0,0.0,0.0,44.34000015258789,39.66547775268555
2022-07-26,39.692315787590104,39.84439540403582,39.13767990783455,39.20924758911133,19513000.0,0.0,0.0,43.83000183105469,39.20924758911133
2022-07-27,39.53128590539547,40.068033195739,39.20924162623058,39.93384552001953,22349000.0,0.0,0.0,44.63999938964844,39.93384552001953
2022-07-28,40.14854768542685,41.034175481685075,39.99646808238646,40.81053161621094,17576200.0,0.0,0.0,45.619998931884766,40.81053161621094
2022-07-29,40.35429545044592,40.69423504625006,40.103815439081934,40.586883544921875,23701700.0,0.0,0.0,45.369998931884766,40.586883544921875
2022-08-01,40.30957008514785,40.64056203858084,40.04119472624789,40.50637435913086,14153400.0,0.0,0.0,45.279998779296875,40.50637435913086
2022-08-02,40.721069604990184,40.8820934380805,40.16643385353133,40.184322357177734,15005400.0,0.0,0.0,44.91999816894531,40.184322357177734
2022-08-03,40.16644065758154,40.98944846609413,40.068036808186626,40.89104461669922,14943800.0,0.0,0.0,45.709999084472656,40.89104461669922
2022-08-04,41.06102401992735,41.08786019762515,40.26484881869458,40.59584426879883,15249300.0,0.0,0.0,45.380001068115234,40.59584426879883
2022-08-05,40.175390605555975,40.318522566999995,39.84439858456701,40.26484680175781,19533900.0,0.0,0.0,45.0099983215332,40.26484680175781
2022-08-08,40.69423231001639,40.721068477276894,40.13064890980791,40.273780822753906,15465600.0,0.0,0.0,45.02000045776367,40.273780822753906
2022-08-09,40.390077686986324,40.41691385499002,40.005410020441005,40.184322357177734,12826200.0,0.0,0.0,44.91999816894531,40.184322357177734
2022-08-10,40.89104963023808,41.20415313602288,40.6405695556383,41.16836929321289,18935400.0,0.0,0.0,46.02000045776367,41.16836929321289
2022-08-11,41.248879947555245,41.535143856042275,40.944724118220904,41.06101989746094,15849000.0,0.0,0.0,45.900001525878906,41.06101989746094
2022-08-12,41.23098729600632,41.6961669921875,41.12363918535986,41.6961669921875,16967600.0,0.0,0.0,46.61000061035156,41.6961669921875
2022-08-15,41.499348870028186,41.705100785716766,41.17730120632987,41.67826461791992,15456100.0,0.0,0.0,46.59000015258789,41.67826461791992
2022-08-16,41.66037486172899,42.053986797470095,41.54407910768999,41.839290618896484,21153700.0,0.0,0.0,46.77000045776367,41.839290618896484
2022-08-17,41.472518549520835,42.13450247376037,41.35622278511433,41.74089050292969,27975600.0,0.0,0.0,46.65999984741211,41.74089050292969
2022-08-18,44.54985554195958,44.72877130970529,43.932599726398045,44.16518783569336,39999900.0,0.0,0.0,49.369998931884766,44.16518783569336
2022-08-19,43.843134951927354,44.245694528620014,43.42268687185637,43.565818786621094,23130400.0,0.0,0.0,48.70000076293945,43.565818786621094
2022-08-22,43.36007412295642,43.386910295045375,42.51022674394861,42.68019485473633,20534100.0,0.0,0.0,47.709999084472656,42.68019485473633
2022-08-23,42.57284330255689,42.975402913929585,42.3939275405541,42.41181945800781,13764600.0,0.0,0.0,47.40999984741211,42.41181945800781
2022-08-24,42.125565566704765,42.41182948859822,41.92875784070234,42.10767364501953,14946500.0,0.0,0.0,47.06999969482422,42.10767364501953
2022-08-25,42.26868721476019,42.42971105810488,41.90191144103825,42.28657913208008,23039300.0,0.0,0.0,47.27000045776367,42.28657913208008
2022-08-26,42.1166176847833,42.28658580735159,41.04312636387107,41.05207061767578,20309800.0,0.0,0.0,45.88999938964844,41.05207061767578
2022-08-29,40.89999228257221,41.15047232646132,40.69424033044406,40.89104461669922,13425700.0,0.0,0.0,45.709999084472656,40.89104461669922
2022-08-30,40.926828307852126,41.03417641019909,40.22011285795413,40.47059631347656,14279100.0,0.0,0.0,45.2400016784668,40.47059631347656
2022-08-31,40.95366860741933,40.998400116061816,39.88912490490697,40.00542068481445,23006100.0,0.0,0.0,44.720001220703125,40.00542068481445
2022-09-01,39.87122821194506,40.5600517296702,39.7191520208739,40.515323638916016,16236400.0,0.0,0.0,45.290000915527344,40.515323638916016
2022-09-02,40.89104953251435,41.07890958801523,39.61180616166256,39.88912582397461,14720900.0,0.0,0.0,44.59000015258789,39.88912582397461
2022-09-06,39.951744556891995,40.06804033573679,39.343432900290736,39.781776428222656,14366100.0,0.0,0.0,44.470001220703125,39.781776428222656
2022-09-07,40.03224507980741,40.40796507159041,39.67441359117543,40.273780822753906,18297400.0,0.0,0.0,45.02000045776367,40.273780822753906
2022-09-08,40.04119202370672,40.676343129362024,39.915952018024726,40.586883544921875,14231500.0,0.0,0.0,45.369998931884766,40.586883544921875
2022-09-09,40.846317370491874,41.05206932687926,40.61372924099931,40.94472122192383,15499300.0,0.0,0.0,45.77000045776367,40.94472122192383
2022-09-12,41.2488768817456,41.80351273664922,41.12363685765782,41.508304595947266,17923000.0,0.0,0.0,46.400001525878906,41.508304595947266
2022-09-13,40.89998752134022,41.06995561525948,39.379208690761196,39.459720611572266,23028600.0,0.0,0.0,44.11000061035156,39.459720611572266
2022-09-14,39.397106314133666,39.60285827211085,38.96771047845936,39.325538635253906,27551500.0,0.0,0.0,43.959999084472656,39.325538635253906
2022-09-15,39.19134920009625,39.245021539660115,38.54725382505536,38.72616958618164,18148600.0,0.0,0.0,43.290000915527344,38.72616958618164
2022-09-16,38.56514694977228,38.98559848970188,38.27888308802195,38.73511505126953,32696100.0,0.0,0.0,43.29999923706055,38.73511505126953
2022-09-19,38.37728693034882,38.8603550642185,38.25204350486545,38.73511505126953,13667500.0,0.0,0.0,43.29999923706055,38.73511505126953
2022-09-20,38.47568677716956,38.484634442264294,37.80475522150777,38.09102249145508,16813900.0,0.0,0.0,42.58000183105469,38.09102249145508
2022-09-21,37.85843832435898,38.35045421152468,37.18750663844165,37.20539855957031,21415900.0,0.0,0.0,41.59000015258789,37.20539855957031
2022-09-22,36.981750951771225,37.16961098596094,36.80283517098045,36.81178283691406,16691000.0,0.0,0.0,41.150001525878906,36.81178283691406
2022-09-23,36.90123560165216,36.90123560165216,35.8903644345094,36.373435974121094,19067700.0,0.0,0.0,40.65999984741211,36.373435974121094
2022-09-26,36.373440334859055,36.84756426620801,36.11401261627632,36.301876068115234,22694800.0,0.0,0.0,40.58000183105469,36.301876068115234
2022-09-27,36.80283144115332,37.08909529639294,35.988767962965476,36.24819564819336,15027900.0,0.0,0.0,40.52000045776367,36.24819564819336
2022-09-28,36.54340700146431,37.18750243922483,36.31081887812559,36.98175048828125,23217700.0,0.0,0.0,41.34000015258789,36.98175048828125
2022-09-29,36.722322607306076,36.76705069859917,35.91720672642656,36.29292678833008,19496400.0,0.0,0.0,40.56999969482422,36.29292678833008
2022-09-30,36.37343583571237,36.71337544516791,35.74723236962091,35.783016204833984,27989900.0,0.0,0.0,40.0,35.783016204833984
2022-10-03,36.38238389658511,37.151719371524955,36.20347152686072,36.9370231628418,22203600.0,0.0,0.0,41.290000915527344,36.9370231628418
2022-10-04,37.5238955587612,37.95727987290861,37.37040334345328,37.758644104003906,22889400.0,0.38,0.0,41.81999969482422,37.758644104003906
2022-10-05,37.55098454129976,38.14688845994618,37.379437643770515,37.912139892578125,14289700.0,0.0,0.0,41.9900016784668,37.912139892578125
2022-10-06,37.60515752624167,38.002425642989294,37.35234741173631,37.4877815246582,18198800.0,0.0,0.0,41.52000045776367,37.4877815246582
2022-10-07,37.24400736358763,37.24400736358763,36.1876335352341,36.35918045043945,19055400.0,0.0,0.0,40.27000045776367,36.35918045043945
2022-10-10,36.68421919146617,36.84673877000443,35.75424528222323,36.016082763671875,16628400.0,0.0,0.0,39.88999938964844,36.016082763671875
2022-10-11,35.94385010062274,36.21471488924945,35.45629141455507,35.73618698120117,19386400.0,0.0,0.0,39.58000183105469,35.73618698120117
2022-10-12,35.84453198961748,35.98899343895456,35.438233087034256,35.45629119873047,17279900.0,0.0,0.0,39.27000045776367,35.45629119873047
2022-10-13,35.23959695688705,36.83770366188093,34.85135616980891,36.66615676879883,26328300.0,0.0,0.0,40.61000061035156,36.66615676879883
2022-10-14,36.87381278242767,36.982157986440356,36.04315703371194,36.29596710205078,19571000.0,0.0,0.0,40.20000076293945,36.29596710205078
2022-10-17,37.05439406944746,37.49680570522387,36.97313429737372,37.28914260864258,27845200.0,0.0,0.0,41.29999923706055,37.28914260864258
2022-10-18,37.848932307322315,38.11980052521225,37.25302842758289,37.73155975341797,18223300.0,0.0,0.0,41.790000915527344,37.73155975341797
2022-10-19,37.587106794268216,38.13786724340531,37.4426453194317,37.812828063964844,19071700.0,0.0,0.0,41.880001068115234,37.812828063964844
2022-10-20,37.52389779184339,38.48095358428707,37.43360723504418,37.65932846069336,16830500.0,0.0,0.0,41.709999084472656,37.65932846069336
2022-10-21,37.78572947063246,38.79696297915657,37.74961669436774,38.643470764160156,25035000.0,0.0,0.0,42.79999923706055,38.643470764160156
2022-10-24,38.93240148704395,39.48316190582466,38.73376912273758,39.311614990234375,18785300.0,0.0,0.0,43.540000915527344,39.311614990234375
2022-10-25,39.131039680597304,40.08809910961675,39.0046363199073,40.05198287963867,19165200.0,0.0,0.0,44.36000061035156,40.05198287963867
2022-10-26,40.566623910106124,40.837488725162714,39.97974727395602,40.070037841796875,20051000.0,0.0,0.0,44.380001068115234,40.070037841796875
2022-10-27,40.42215571992815,40.71107860047887,40.051973063958016,40.106143951416016,18102500.0,0.0,0.0,44.41999816894531,40.106143951416016
2022-10-28,40.34992691856034,41.270869975002164,40.31381413840726,41.20766830444336,17978300.0,0.0,0.0,45.63999938964844,41.20766830444336
2022-10-31,40.909717364480215,41.20766759998781,40.683996132276754,41.018062591552734,17793700.0,0.0,0.0,45.43000030517578,41.018062591552734
2022-11-01,41.153495610553016,41.34310061392924,40.68399504678861,41.04514694213867,12088700.0,0.0,0.0,45.459999084472656,41.04514694213867
2022-11-02,41.054182667709064,41.72231564895641,40.22352666425332,40.24158477783203,15308800.0,0.0,0.0,44.56999969482422,40.24158477783203
2022-11-03,39.7540227076469,39.86237138002627,39.17617689855441,39.59150314331055,17895600.0,0.0,0.0,43.849998474121094,39.59150314331055
2022-11-04,40.17836828468266,40.702043052635595,39.57343720194226,40.19642639160156,19648700.0,0.0,0.0,44.52000045776367,40.19642639160156
2022-11-07,40.47632846533047,40.61175912290028,40.09711504682396,40.22351837158203,21383000.0,0.0,0.0,44.54999923706055,40.22351837158203
2022-11-08,40.34993898707983,40.94584309074755,39.8894690432504,40.2777099609375,17503100.0,0.0,0.0,44.61000061035156,40.2777099609375
2022-11-09,40.18740135245,40.37700978004765,39.62761373498587,39.64567184448242,19311700.0,0.0,0.0,43.90999984741211,39.64567184448242
2022-11-10,41.26183948822776,41.361157375583545,40.313811058051265,41.22572326660156,27190100.0,0.0,0.0,45.65999984741211,41.22572326660156
2022-11-11,40.79234062931153,40.918743966006076,39.65470371059541,40.440216064453125,25961800.0,0.0,0.0,44.790000915527344,40.440216064453125
2022-11-14,40.47634036252571,41.02709737596509,40.34090622091551,40.39508056640625,21091300.0,0.0,0.0,44.7400016784668,40.39508056640625
2022-11-15,40.665931210856805,40.84650885522827,40.13322905428863,40.539527893066406,19318000.0,0.0,0.0,44.900001525878906,40.539527893066406
2022-11-16,40.57564560005632,40.61176182216832,39.997799823194335,40.07905960083008,24939600.0,0.0,0.0,44.38999938964844,40.07905960083008
2022-11-17,41.70424768679877,42.300151517239854,40.77427744462477,42.06540298461914,38887800.0,0.0,0.0,46.59000015258789,42.06540298461914
2022-11-18,42.35433265900001,43.37459361188121,42.30918910056796,43.14887237548828,30843200.0,0.0,0.0,47.790000915527344,43.14887237548828
2022-11-21,42.98634925366754,43.60031124140444,42.94120569897004,42.99537658691406,17049500.0,0.0,0.0,47.619998931884766,42.99537658691406
2022-11-22,43.3384747377238,43.71768473844727,43.12178084857287,43.68157196044922,16367800.0,0.0,0.0,48.380001068115234,43.68157196044922
2022-11-23,43.699633919535025,44.23233618952927,43.62740146871345,43.85312271118164,12065600.0,0.0,0.0,48.56999969482422,43.85312271118164
2022-11-25,44.015642918337896,44.2865077243734,43.65448754746864,43.69963455200195,8492600.0,0.0,0.0,48.400001525878906,43.69963455200195
2022-11-28,43.60031822242819,43.76283780074684,43.26624828686599,43.41071319580078,14976600.0,0.0,0.0,48.08000183105469,43.41071319580078
2022-11-29,43.5642002583375,43.70866171727977,43.194017554533374,43.591285705566406,13779300.0,0.0,0.0,48.279998779296875,43.591285705566406
2022-11-30,43.49196320505992,44.99075541882567,43.30235820605311,44.89143753051758,29919700.0,0.0,0.0,49.720001220703125,44.89143753051758
2022-12-01,45.03590101611296,45.55957248152742,44.864350676081756,45.11716079711914,18559500.0,0.0,0.0,49.970001220703125,45.11716079711914
2022-12-02,44.449029319608734,44.99978973534333,44.16913372223605,44.87338638305664,12325100.0,0.0,0.0,49.70000076293945,44.87338638305664
2022-12-05,44.7379466081703,44.81920638785144,44.394849377935195,44.53931427001953,13795900.0,0.0,0.0,49.33000183105469,44.53931427001953
2022-12-06,44.63862458349633,44.63862458349633,43.573220212657674,43.87117385864258,15443800.0,0.0,0.0,48.59000015258789,43.87117385864258
2022-12-07,43.699631420151945,43.83506209134726,43.39265041018355,43.50099563598633,15171700.0,0.0,0.0,48.18000030517578,43.50099563598633
2022-12-08,43.9343728794973,44.42193148312336,43.89825666199195,44.23232650756836,16015800.0,0.0,0.0,48.9900016784668,44.23232650756836
2022-12-09,44.33165292728642,44.39485460289541,43.73574895423524,43.753807067871094,14303200.0,0.0,0.0,48.459999084472656,43.753807067871094
2022-12-12,44.060787418335416,44.53028803278547,43.67254659185235,44.512229919433594,15425300.0,0.0,0.0,49.29999923706055,44.512229919433594
2022-12-13,45.442202895728805,45.78529670978435,44.44902734683766,44.819210052490234,22705900.0,0.0,0.0,49.63999938964844,44.819210052490234
2022-12-14,44.90950152470908,45.19842444987327,44.0788455316873,44.512229919433594,19050400.0,0.0,0.0,49.29999923706055,44.512229919433594
2022-12-15,44.205249762146735,44.28650955173363,43.1037323795869,43.473915100097656,19372500.0,0.0,0.0,48.150001525878906,43.473915100097656
2022-12-16,42.805772008079636,43.33847422486287,42.50782178878459,43.166927337646484,66125400.0,0.0,0.0,47.810001373291016,43.166927337646484
2022-12-19,43.031493856979935,43.30235863599798,42.56199329937347,42.79674530029297,17986300.0,0.0,0.0,47.400001525878906,42.79674530029297
2022-12-20,42.80576954003333,42.94120364187032,42.24598191128955,42.7696533203125,15086200.0,0.0,0.0,47.369998931884766,42.7696533203125
2022-12-21,43.05857576833722,43.30235508271933,42.81479645395511,43.031490325927734,15599400.0,0.0,0.0,47.65999984741211,43.031490325927734
2022-12-22,42.877998577693724,42.877998577693724,42.15568801751163,42.72450637817383,23118500.0,0.0,0.0,47.31999969482422,42.72450637817383
2022-12-23,42.66131726607682,42.87801118670038,42.444623345453266,42.868980407714844,9554400.0,0.0,0.0,47.47999954223633,42.868980407714844
2022-12-27,43.04051923394202,43.07663545463136,42.63422380600029,42.91411590576172,12066200.0,0.0,0.0,47.529998779296875,42.91411590576172
2022-12-28,43.05857839842648,43.13081084157351,42.417530964542614,42.4987907409668,9847400.0,0.0,0.0,47.06999969482422,42.4987907409668
2022-12-29,42.67034146517337,43.10372927457272,42.67034146517337,42.88703536987305,11396500.0,0.0,0.0,47.5,42.88703536987305
2022-12-30,42.67936892075553,43.040520808161006,42.39044603313815,43.01343536376953,13199800.0,0.0,0.0,47.63999938964844,43.01343536376953
2023-01-03,43.212065138662105,43.3836120030353,42.71547920980747,43.28429412841797,17718900.0,0.0,0.0,47.939998626708984,43.28429412841797
2023-01-04,43.939567764863924,44.12158821429217,42.92935756870092,43.27519607543945,18339800.0,0.38,0.0,47.54999923706055,43.27519607543945
2023-01-05,43.2206005188406,43.2206005188406,42.556225232415926,42.66543960571289,17372100.0,0.0,0.0,46.880001068115234,42.66543960571289
2023-01-06,43.193293236835785,44.22170597249906,43.029475156048655,43.97597885131836,20823000.0,0.0,0.0,48.31999969482422,43.97597885131836
2023-01-09,43.921369691929364,44.7859643079234,43.88496837586509,44.21260452270508,13938000.0,0.0,0.0,48.58000183105469,44.21260452270508
2023-01-10,44.41282547261209,44.78596588145625,44.221705537491076,44.42192840576172,12474400.0,0.0,0.0,48.810001373291016,44.42192840576172
2023-01-11,44.44012610650341,44.80416354374798,44.32181229031701,44.78596115112305,12530900.0,0.0,0.0,49.209999084472656,44.78596115112305
2023-01-12,44.785964748401035,44.98618761160618,44.458328598338696,44.594844818115234,14241700.0,0.0,0.0,49.0,44.594844818115234
2023-01-13,44.194406278425724,44.61305096236245,44.066989509106214,44.48563766479492,12649300.0,0.0,0.0,48.880001068115234,44.48563766479492
2023-01-17,44.522040542135336,44.54024293838932,43.639246890205605,43.75756072998047,19290800.0,0.0,0.0,48.08000183105469,43.75756072998047
2023-01-18,43.85766446134522,43.93047403932153,42.67453659324426,42.68363952636719,19882200.0,0.0,0.0,46.900001525878906,42.68363952636719
2023-01-19,42.7291377894492,42.82014627741557,42.219481230284224,42.28318786621094,19118600.0,0.0,0.0,46.459999084472656,42.28318786621094
2023-01-20,41.91915215103849,42.61992864654424,41.56421070130071,42.57442092895508,21847200.0,0.0,0.0,46.779998779296875,42.57442092895508
2023-01-23,42.6836364578952,43.566429961008616,42.60172742443606,43.22969436645508,15180500.0,0.0,0.0,47.5,43.22969436645508
2023-01-24,43.22059042952258,43.702941647853315,42.829247695942534,43.51182174682617,14872700.0,0.0,0.0,47.810001373291016,43.51182174682617
2023-01-25,43.66654968261719,43.75756166583362,42.983975431378745,43.66654968261719,14638700.0,0.0,0.0,47.97999954223633,43.66654968261719
2023-01-26,43.8212612394224,44.11249259516578,43.53002988367902,43.994178771972656,12952700.0,0.0,0.0,48.34000015258789,43.994178771972656
2023-01-27,43.775754860707075,44.34911812878772,43.657444505640186,44.148895263671875,13414800.0,0.0,0.0,48.5099983215332,44.148895263671875
2023-01-30,43.81216203764039,44.13979820869036,43.79395964238741,43.884971618652344,19261900.0,0.0,0.0,48.220001220703125,43.884971618652344
2023-01-31,43.79395620861694,44.312712281521094,43.73024956610251,44.29450988769531,16821600.0,0.0,0.0,48.66999816894531,44.29450988769531
2023-02-01,44.039688378221854,44.50384079473587,43.23880031661572,44.20350646972656,19639400.0,0.0,0.0,48.56999969482422,44.20350646972656
2023-02-02,44.167095156468044,45.10449931316783,44.01238002164229,44.88607406616211,17883800.0,0.0,0.0,49.31999969482422,44.88607406616211
2023-02-03,44.867878504238426,44.867878504238426,44.14889948507706,44.258113861083984,17980000.0,0.0,0.0,48.630001068115234,44.258113861083984
2023-02-06,43.74844921260446,43.93956912814577,43.247895564959954,43.293399810791016,13991600.0,0.0,0.0,47.56999969482422,43.293399810791016
2023-02-07,42.993065683936734,43.82125539227865,42.74733860936261,43.53912353515625,16675200.0,0.0,0.0,47.84000015258789,43.53912353515625
2023-02-08,43.120490291506655,43.26610598824456,42.56532936277086,42.73824691772461,18905500.0,0.0,0.0,46.959999084472656,42.73824691772461
2023-02-09,42.98396864899468,43.147786721183444,42.255890256906646,42.5289192199707,18598400.0,0.0,0.0,46.72999954223633,42.5289192199707
2023-02-10,42.50161549950894,43.06587579463904,42.447008320592545,43.011268615722656,17397300.0,0.0,0.0,47.2599983215332,43.011268615722656
2023-02-13,43.18419448128782,43.675648731683104,43.1295872962155,43.557334899902344,19422100.0,0.0,0.0,47.86000061035156,43.557334899902344
2023-02-14,43.48452638600861,43.68474926443121,42.938468408904,43.411720275878906,19134400.0,0.0,0.0,47.70000076293945,43.411720275878906
2023-02-15,43.22970079152802,44.15800215145107,43.074985634083525,44.094295501708984,27071200.0,0.0,0.0,48.45000076293945,44.094295501708984
2023-02-16,45.49584591665555,47.088519004891154,45.32292490229737,46.40594482421875,48125300.0,0.0,0.0,50.9900016784668,46.40594482421875
2023-02-17,46.71537174278942,46.815479691673175,46.050996582529734,46.20571517944336,25321400.0,0.0,0.0,50.77000045776367,46.20571517944336
2023-02-21,46.1511100451926,46.1966142915625,45.15910219862248,45.222808837890625,25100500.0,0.0,0.0,49.689998626708984,45.222808837890625
2023-02-22,45.36843447174231,45.36843447174231,44.49474025128129,44.876983642578125,20301900.0,0.0,0.0,49.310001373291016,44.876983642578125
2023-02-23,45.086295421807435,45.21370869843061,44.18529608150567,44.78596115112305,14066200.0,0.0,0.0,49.209999084472656,44.78596115112305
2023-02-24,44.42192777347289,44.50383681189485,43.83946157149911,44.1215934753418,17251600.0,0.0,0.0,48.47999954223633,44.1215934753418
2023-02-27,44.54934780417123,44.90428586713479,44.18530680680989,44.349124908447266,14776400.0,0.0,0.0,48.72999954223633,44.349124908447266
2023-02-28,44.421931408724454,44.53114231164039,44.03058857887767,44.06698989868164,16622400.0,0.0,0.0,48.41999816894531,44.06698989868164
2023-03-01,44.0851872687356,44.22170348563164,43.70294741622927,43.994178771972656,13449300.0,0.0,0.0,48.34000015258789,43.994178771972656
2023-03-02,43.97597526292032,44.258107150532425,43.793954802259336,44.16709518432617,18281800.0,0.0,0.0,48.529998779296875,44.16709518432617
2023-03-03,44.58574058880205,44.92247616402042,44.43102199148464,44.849666595458984,15969900.0,0.0,0.0,49.279998779296875,44.849666595458984
2023-03-06,45.01349371983623,45.33203043882698,44.8132743094656,44.977088928222656,13878400.0,0.0,0.0,49.41999816894531,44.977088928222656
2023-03-07,45.11360462054641,45.28652217101173,44.25811285838621,44.512939453125,17506600.0,0.0,0.0,48.90999984741211,44.512939453125
2023-03-08,44.61304869292013,44.840573418931506,44.35822211074797,44.6949577331543,12055500.0,0.0,0.0,49.11000061035156,44.6949577331543
2023-03-09,44.86787492104408,45.22281293534075,44.33091643302426,44.42192840576172,12497700.0,0.0,0.0,48.810001373291016,44.42192840576172
2023-03-10,44.494727757719005,44.749554299196646,43.95776935121166,44.19439697265625,16338200.0,0.0,0.0,48.560001373291016,44.19439697265625
2023-03-13,44.16709892795863,44.48563562905262,43.79395851426417,44.05788803100586,20280800.0,0.0,0.0,48.40999984741211,44.05788803100586
2023-03-14,44.303618506876006,44.831474108567775,44.14889987537443,44.64035415649414,17679600.0,0.0,0.0,49.04999923706055,44.64035415649414
2023-03-15,44.02147800061617,44.69495264044238,44.02147800061617,44.64944839477539,17354900.0,0.0,0.0,49.060001373291016,44.64944839477539
2023-03-16,44.30361738563787,45.768877257957044,44.14889875805192,45.614158630371094,21425100.0,0.0,0.0,50.119998931884766,45.614158630371094
2023-03-17,45.7415669020881,46.00549640312785,45.268318552863775,45.677860260009766,47642700.0,0.0,0.0,50.189998626708984,45.677860260009766
2023-03-20,45.705166656020815,46.451447456475606,45.51404325356155,46.360435485839844,22699700.0,0.0,0.0,50.939998626708984,46.360435485839844
2023-03-21,46.606166023767,46.7153803965555,45.805281453829714,46.11471176147461,23334000.0,0.0,0.0,50.66999816894531,46.11471176147461
2023-03-22,46.17842158420977,46.187521046007596,44.977087793533364,45.013492584228516,21399400.0,0.0,0.0,49.459999084472656,45.013492584228516
2023-03-23,45.104504969064685,45.73247199135407,44.96798873859867,45.259220123291016,17775400.0,0.0,0.0,49.72999954223633,45.259220123291016
2023-03-24,45.413935917134694,46.00549811150814,45.049894973095846,45.969093322753906,19438800.0,0.0,0.0,50.5099983215332,45.969093322753906
2023-03-27,46.14201460991889,46.36953933336844,45.94179174232272,45.99639892578125,15857200.0,0.0,0.0,50.540000915527344,45.99639892578125
2023-03-28,45.796171900996356,46.05099845716718,45.75066765478749,45.85987854003906,11124300.0,0.0,0.0,50.38999938964844,45.85987854003906
2023-03-29,46.169313318059835,46.66076752042512,46.08740428433229,46.56975555419922,18463400.0,0.0,0.0,51.16999816894531,46.56975555419922
2023-03-30,46.942905084952606,47.03391359043273,46.53335986678814,46.80638885498047,11754600.0,0.0,0.0,51.43000030517578,46.80638885498047
2023-03-31,46.81547680734162,47.6436665019091,46.76997256578868,47.579959869384766,20588800.0,0.0,0.0,52.279998779296875,47.579959869384766
2023-04-03,47.37974838448693,47.83479781912635,47.316041741377546,47.60727310180664,16884600.0,0.0,0.0,52.310001373291016,47.60727310180664
2023-04-04,47.708138595933264,47.79066290602467,47.15797886054408,47.51558303833008,13599900.0,0.39,0.0,51.81999969482422,47.51558303833008
2023-04-05,47.74481684438062,47.94654371301079,47.38721266659462,47.51558303833008,13797900.0,0.0,0.0,51.81999969482422,47.51558303833008
2023-04-06,46.690327827698944,47.27716915716118,46.51611143950462,47.01125717163086,14749000.0,0.0,0.0,51.27000045776367,47.01125717163086
2023-04-10,46.86454972532429,47.13046172226854,46.65365508914318,47.06627655029297,10177700.0,0.0,0.0,51.33000183105469,47.06627655029297
2023-04-11,46.87372022471064,47.03876881863597,46.32356057684602,46.415252685546875,15957900.0,0.0,0.0,50.619998931884766,46.415252685546875
2023-04-12,46.598643501296,46.71784604880225,45.89260302426668,45.9476203918457,16100700.0,0.0,0.0,50.11000061035156,45.9476203918457
2023-04-13,46.0393151041909,46.60781744109258,45.929283860654834,46.58030700683594,15451700.0,0.0,0.0,50.79999923706055,46.58030700683594
2023-04-14,46.323568376826636,46.62615518475294,46.0301493821822,46.3419075012207,12360100.0,0.0,0.0,50.540000915527344,46.3419075012207
2023-04-17,46.36024076273149,46.47027199735063,45.89260189439788,46.10349655151367,12042300.0,0.0,0.0,50.279998779296875,46.10349655151367
2023-04-18,46.195193328160805,46.479440982922355,45.91094217556928,46.13100814819336,15203600.0,0.0,0.0,50.310001373291016,46.13100814819336
2023-04-19,45.14070808562179,45.17738632384578,44.0037106833124,44.049556732177734,30466700.0,0.0,0.0,48.040000915527344,44.049556732177734
2023-04-20,43.65527644546011,43.691954685389355,42.50910768139249,42.71083450317383,39769400.0,0.0,0.0,46.58000183105469,42.71083450317383
2023-04-21,42.70166575660005,43.20597934348535,42.39907900360074,43.12345504760742,20861000.0,0.0,0.0,47.029998779296875,43.12345504760742
2023-04-24,43.14179039621096,43.50856578978077,43.09594434647207,43.453548431396484,17359900.0,0.0,0.0,47.38999938964844,43.453548431396484
2023-04-25,43.435218974884656,43.49023634550855,42.92173750704894,43.1784782409668,20281600.0,0.0,0.0,47.09000015258789,43.1784782409668
2023-04-26,42.875883345295144,42.9584076434545,42.5732965839307,42.67416000366211,22390500.0,0.0,0.0,46.540000915527344,42.67416000366211
2023-04-27,42.894220586206615,42.91255970697461,42.151505433165916,42.69249725341797,22845400.0,0.0,0.0,46.560001373291016,42.69249725341797
2023-04-28,42.811698948526846,43.33435168044633,42.738345958732275,43.3251838684082,19665000.0,0.0,0.0,47.25,43.3251838684082
2023-05-01,43.279340665079026,43.5727596392561,43.215155483092175,43.407711029052734,13122300.0,0.0,0.0,47.34000015258789,43.407711029052734
2023-05-02,43.01342693518828,43.16930772661937,42.23403347152264,42.50911331176758,20175100.0,0.0,0.0,46.36000061035156,42.50911331176758
2023-05-03,42.56412326715379,42.68332580283636,42.05064187866818,42.142333984375,20765700.0,0.0,0.0,45.959999084472656,42.142333984375
2023-05-04,41.968119655487946,42.114829130556615,41.775564125303404,41.903934478759766,17748900.0,0.0,0.0,45.70000076293945,41.903934478759766
2023-05-05,42.289050161470094,42.50911614704198,42.10566242313189,42.40825271606445,14317400.0,0.0,0.0,46.25,42.40825271606445
2023-05-08,42.582464357261955,42.65582084348379,42.26153847461591,42.49077224731445,12000000.0,0.0,0.0,46.34000015258789,42.49077224731445
2023-05-09,42.16067795769985,42.65582378029818,42.10566058924558,42.60997772216797,15221900.0,0.0,0.0,46.470001220703125,42.60997772216797
2023-05-10,42.820872165580894,43.03176683014929,42.31655853310603,42.830039978027344,15625100.0,0.0,0.0,46.709999084472656,42.830039978027344
2023-05-11,42.9400766903709,42.95841231610756,42.36240654042133,42.51828384399414,12521900.0,0.0,0.0,46.369998931884766,42.51828384399414
2023-05-12,42.43575758405991,42.92173559164187,42.43575758405991,42.830039978027344,14097500.0,0.0,0.0,46.709999084472656,42.830039978027344
2023-05-15,42.91256131761363,43.334350617619585,42.692498855797375,43.18764114379883,13204400.0,0.0,0.0,47.099998474121094,43.18764114379883
2023-05-16,43.31601306964277,43.39853736361509,42.91255941118713,43.02259063720703,16496300.0,0.0,0.0,46.91999816894531,43.02259063720703
2023-05-17,43.23349367951601,43.79282118229393,43.105119820463855,43.673622131347656,29326000.0,0.0,0.0,47.630001068115234,43.673622131347656
2023-05-18,41.95894623450536,44.2421160418227,41.90393237026638,44.19626998901367,41475700.0,0.0,0.0,48.20000076293945,44.19626998901367
2023-05-19,44.40716740168667,45.241578207073765,44.37966046785045,45.04902267456055,28564100.0,0.0,0.0,49.130001068115234,45.04902267456055
2023-05-22,45.03067868421563,45.140709905494276,44.71892064240159,44.764766693115234,18667500.0,0.0,0.0,48.81999969482422,44.764766693115234
2023-05-23,44.572214034043306,45.25074402282193,44.56304272461594,44.847293853759766,17645900.0,0.0,0.0,48.90999984741211,44.847293853759766
2023-05-24,44.88396635909517,44.929812406883286,44.168754721849474,44.38882064819336,15452900.0,0.0,0.0,48.40999984741211,44.38882064819336
2023-05-25,43.80198090899796,45.14070503318482,43.75613486323275,44.95731735229492,21717000.0,0.0,0.0,49.029998779296875,44.95731735229492
2023-05-26,45.03068247694743,45.929278438371554,45.03068247694743,45.7183837890625,19825600.0,0.0,0.0,49.86000061035156,45.7183837890625
2023-05-30,45.837594643666165,46.296062268237286,45.6083608313806,46.00263977050781,19074800.0,0.0,0.0,50.16999816894531,46.00263977050781
2023-05-31,45.76423253681397,45.87426377383527,45.48915269534574,45.544166564941406,51990300.0,0.0,0.0,49.66999816894531,45.544166564941406
2023-06-01,45.62669210097115,45.92928238324962,45.1682245201832,45.60835647583008,17817000.0,0.0,0.0,49.7400016784668,45.60835647583008
2023-06-02,45.72755537299746,46.07599171260459,45.59918501046589,45.86509704589844,19155400.0,0.0,0.0,50.02000045776367,45.86509704589844
2023-06-05,46.04848558054896,46.378582803006395,45.88343696932025,46.03931427001953,13964100.0,0.0,0.0,50.209999084472656,46.03931427001953
2023-06-06,45.65420344868307,45.76423469088341,45.058194182590135,45.672542572021484,16029600.0,0.0,0.0,49.810001373291016,45.672542572021484
2023-06-07,45.57167036455301,45.97512050679505,45.52582431395291,45.645023345947266,15950600.0,0.0,0.0,49.779998779296875,45.645023345947266
2023-06-08,45.77339573432692,45.84675221683206,45.452469867940934,45.5533332824707,13289100.0,0.0,0.0,49.68000030517578,45.5533332824707
2023-06-09,45.41579349266118,45.81924716735672,45.269084019452734,45.534996032714844,12173400.0,0.0,0.0,49.65999984741211,45.534996032714844
2023-06-12,45.77339561050591,46.31438742511428,45.544161850041846,46.28688049316406,15495000.0,0.0,0.0,50.47999954223633,46.28688049316406
2023-06-13,46.47944357616531,46.708677373933035,46.25938108909319,46.58030700683594,24035500.0,0.0,0.0,50.79999923706055,46.58030700683594
2023-06-14,46.5803031557486,46.96541772303022,46.42442586511239,46.727012634277344,16630700.0,0.0,0.0,50.959999084472656,46.727012634277344
2023-06-15,46.68116186182367,47.74480634815317,46.60780887888518,47.61643600463867,22496900.0,0.0,0.0,51.93000030517578,47.61643600463867
2023-06-16,47.86401073397074,48.05656625669899,47.61643784853598,47.744808197021484,37134400.0,0.0,0.0,52.06999969482422,47.744808197021484
2023-06-20,47.625609513042455,47.753983369743224,47.19465237938039,47.26800537109375,20138000.0,0.0,0.0,51.54999923706055,47.26800537109375
2023-06-21,47.11212620319167,47.13046532484787,46.598641290307555,46.62614822387695,16939600.0,0.0,0.0,50.849998474121094,46.62614822387695
2023-06-22,46.44276495110172,46.892061198446605,46.241038106595106,46.873722076416016,14993800.0,0.0,0.0,51.119998931884766,46.873722076416016
2023-06-23,46.43359687936887,46.50695337260698,45.929283230762266,46.149349212646484,16544600.0,0.0,0.0,50.33000183105469,46.149349212646484
2023-06-26,46.13100988616332,46.58030616286252,46.01180733409145,46.03931427001953,13032100.0,0.0,0.0,50.209999084472656,46.03931427001953
2023-06-27,46.131012708260826,46.80037500682373,46.07599533520883,46.63532638549805,12981000.0,0.0,0.0,50.86000061035156,46.63532638549805
2023-06-28,46.56196498635486,46.782030957565425,46.250206900874026,46.64448928833008,11387600.0,0.0,0.0,50.869998931884766,46.64448928833008
2023-06-29,46.63531574929927,47.011258968170104,46.59863750896321,46.956241607666016,14246000.0,0.0,0.0,51.209999084472656,46.956241607666016
2023-06-30,47.57059677182717,47.9190296119309,47.24049955671414,47.44222640991211,18188300.0,0.0,0.0,51.7400016784668,47.44222640991211
2023-07-03,47.09379367467635,47.52475434935706,47.06628673725598,47.51558303833008,7338300.0,0.0,0.0,51.81999969482422,47.51558303833008
2023-07-05,47.090595710330774,47.644927373955994,47.053639326261155,47.58949279785156,14950500.0,0.39,0.0,51.5099983215332,47.58949279785156
2023-07-06,47.18297998925265,47.293845609689,46.79494855554818,47.21993637084961,13931100.0,0.0,0.0,51.11000061035156,47.21993637084961
2023-07-07,47.11830715725912,47.71883601116205,46.87809773031062,47.10906982421875,15580400.0,0.0,0.0,50.9900016784668,47.10906982421875
2023-07-10,47.18297679231549,47.580249056678824,47.13678308062647,47.48786163330078,19046500.0,0.0,0.0,51.400001525878906,47.48786163330078
2023-07-11,47.64492301387111,48.18077996077891,47.61720749053258,48.15306091308594,14998300.0,0.0,0.0,52.119998931884766,48.15306091308594
2023-07-12,47.6356818407345,47.9775195236521,46.68407449869023,46.87809371948242,26332500.0,0.0,0.0,50.7400016784668,46.87809371948242
2023-07-13,46.831900991919895,47.69111747237761,46.794948135009555,47.607967376708984,17864800.0,0.0,0.0,51.529998779296875,47.607967376708984
2023-07-14,46.58245075123419,47.09059218324474,46.24985389258343,46.54549789428711,19566600.0,0.0,0.0,50.380001068115234,46.54549789428711
2023-07-17,46.379195642352556,47.072111901378676,46.3237610728629,46.94276809692383,16140700.0,0.0,0.0,50.810001373291016,46.94276809692383
2023-07-18,47.09982916195965,47.46014506605242,46.979722685810565,47.34004211425781,16430800.0,0.0,0.0,51.2400016784668,47.34004211425781
2023-07-19,48.236211810975504,48.44870571693764,47.76503028459938,48.43946838378906,21745000.0,0.0,0.0,52.43000030517578,48.43946838378906
2023-07-20,48.09763385463063,48.84598124165883,47.96828651149841,48.384037017822266,22784400.0,0.0,0.0,52.369998931884766,48.384037017822266
2023-07-21,48.735114128158315,48.9660862330311,48.53185754807678,48.62424850463867,51284800.0,0.0,0.0,52.630001068115234,48.62424850463867
2023-07-24,48.67966836739196,49.25248159337649,48.66119018032597,49.06770324707031,18390200.0,0.0,0.0,53.11000061035156,49.06770324707031
2023-07-25,49.141618375585956,49.66823443500407,49.06770914279522,49.52041244506836,16136600.0,0.0,0.0,53.599998474121094,49.52041244506836
2023-07-26,49.46498604866198,49.5666143371069,48.92912908208135,49.169342041015625,13563700.0,0.0,0.0,53.220001220703125,49.169342041015625
2023-07-27,49.52041513792553,49.78834361061432,48.83673971892831,48.96608352661133,15795500.0,0.0,0.0,53.0,48.96608352661133
2023-07-28,48.09763161310614,48.43022847831026,47.82970312992224,48.12534713745117,27491300.0,0.0,0.0,52.09000015258789,48.12534713745117
2023-07-31,47.89437277648865,48.20849496021119,47.80198535012796,48.07915115356445,14193500.0,0.0,0.0,52.040000915527344,48.07915115356445
2023-08-01,48.56881599271214,48.762831723197195,48.32860654416228,48.6519660949707,15286200.0,0.0,0.0,52.65999984741211,48.6519660949707
2023-08-02,48.39326654023458,49.06770452613214,48.33783197759155,48.57804489135742,17693700.0,0.0,0.0,52.58000183105469,48.57804489135742
2023-08-03,48.494901487943885,49.215533279773986,48.26392939832097,49.10466766357422,15186400.0,0.0,0.0,53.150001525878906,49.10466766357422
2023-08-04,48.855220609511456,49.2617302453199,48.54109840591028,48.62424850463867,12266700.0,0.0,0.0,52.630001068115234,48.62424850463867
2023-08-07,48.938369865754694,49.03075729637149,48.6704413828696,48.97532272338867,11327900.0,0.0,0.0,53.0099983215332,48.97532272338867
2023-08-08,48.65195815962641,49.08618679219154,48.37479237208973,49.021514892578125,12224800.0,0.0,0.0,53.060001373291016,49.021514892578125
2023-08-09,48.873694238866975,49.3818321172857,48.65195948817017,48.956844329833984,18765500.0,0.0,0.0,52.9900016784668,48.956844329833984
2023-08-10,49.34487492715181,50.0193129764205,49.12314018009911,49.307918548583984,16329500.0,0.0,0.0,53.369998931884766,49.307918548583984
2023-08-11,49.289447821453706,49.84378301083166,49.141625809157205,49.695960998535156,14344500.0,0.0,0.0,53.790000915527344,49.695960998535156
2023-08-14,49.705189570143496,50.01007439920811,49.63128033920168,49.77910232543945,20707300.0,0.0,0.0,53.880001068115234,49.77910232543945
2023-08-15,49.53889425680011,49.640522543128725,49.13238463584016,49.28944396972656,20173400.0,0.0,0.0,53.349998474121094,49.28944396972656
2023-08-16,49.14162063955204,49.44650549028982,48.84597664606023,48.92912673950195,26470200.0,0.0,0.0,52.959999084472656,48.92912673950195
2023-08-17,50.29648268437677,51.58992784015829,50.23181077902314,50.56441116333008,45278000.0,0.0,0.0,54.72999954223633,50.56441116333008
2023-08-18,50.4720207428477,51.23884622846103,50.46277988585654,50.85081481933594,28839800.0,0.0,0.0,55.040000915527344,50.85081481933594
2023-08-21,50.99863240925818,51.54372662098576,50.952438701353266,51.22036361694336,18283200.0,0.0,0.0,55.439998626708984,51.22036361694336
2023-08-22,51.257324014677884,51.57144618717304,51.07254564420645,51.23884582519531,15661300.0,0.0,0.0,55.459999084472656,51.23884582519531
2023-08-23,51.37743110018739,51.922525361219314,51.18341539482543,51.719268798828125,18250000.0,0.0,0.0,55.97999954223633,51.719268798828125
2023-08-24,52.03338087597527,52.18120284056341,51.00786445474035,51.03558349609375,17586400.0,0.0,0.0,55.2400016784668,51.03558349609375
2023-08-25,51.04483226324342,51.61764206381261,51.04483226324342,51.4605827331543,15731800.0,0.0,0.0,55.70000076293945,51.4605827331543
2023-08-28,51.6361206485824,51.99643655047325,51.44210493592647,51.92252731323242,15189900.0,0.0,0.0,56.20000076293945,51.92252731323242
2023-08-29,52.061111519390494,52.47686201695193,51.83938027026084,52.255130767822266,17859100.0,0.0,0.0,56.560001373291016,52.255130767822266
2023-08-30,52.31979905564642,52.57848666984968,52.236648961887596,52.48609924316406,12145400.0,0.0,0.0,56.810001373291016,52.48609924316406
2023-08-31,52.75402470234394,53.15129698478611,52.5600089898083,52.9849967956543,22619700.0,0.0,0.0,57.349998474121094,52.9849967956543
2023-09-01,53.02195171756465,53.761061690950775,53.02195171756465,53.43770217895508,14080400.0,0.0,0.0,57.84000015258789,53.43770217895508
2023-09-05,53.4192266082705,53.4192266082705,52.87413231535531,52.90184783935547,13885000.0,0.0,0.0,57.2599983215332,52.90184783935547
2023-09-06,52.75402511468391,53.09586635299038,52.72630959106346,52.8094596862793,11380400.0,0.0,0.0,57.15999984741211,52.8094596862793
2023-09-07,52.63392486327074,52.74479048779525,52.34751818186487,52.46762466430664,14762000.0,0.0,0.0,56.790000915527344,52.46762466430664
2023-09-08,52.43989293826835,52.726299550439265,52.255118116845885,52.35674285888672,13992000.0,0.0,0.0,56.66999816894531,52.35674285888672
2023-09-11,52.402943598950685,52.63391566555487,52.14425248779325,52.51380920410156,15842300.0,0.0,0.0,56.84000015258789,52.51380920410156
2023-09-12,52.3382735392479,52.53228923616011,52.05186689783879,52.098060607910156,13916100.0,0.0,0.0,56.38999938964844,52.098060607910156
2023-09-13,52.0333896365142,52.22740533688504,51.8116584144773,51.99643325805664,13092200.0,0.0,0.0,56.279998779296875,51.99643325805664
2023-09-14,52.125779742326145,52.17197697995396,51.81166108232521,52.079586029052734,15760300.0,0.0,0.0,56.369998931884766,52.079586029052734
2023-09-15,52.02415425691301,52.09806349224824,51.312759804495336,51.77470397949219,44029200.0,0.0,0.0,56.040000915527344,51.77470397949219
2023-09-18,51.746979787113716,51.996430039731145,51.580683143056106,51.83937072753906,11825000.0,0.0,0.0,56.11000061035156,51.83937072753906
2023-09-19,51.904049865907936,51.931765389725726,51.23884909944503,51.589927673339844,10748500.0,0.0,0.0,55.84000015258789,51.589927673339844
2023-09-20,51.69155306808613,51.78394049188009,51.220368043415725,51.27580261230469,12219900.0,0.0,0.0,55.5,51.27580261230469
2023-09-21,49.34487285585386,49.982354499795825,48.827494150684515,49.28020095825195,37436100.0,0.0,0.0,53.34000015258789,49.28020095825195
2023-09-22,49.335639341490776,49.73291161427531,49.15086096646354,49.492698669433594,17869500.0,0.0,0.0,53.56999969482422,49.492698669433594
2023-09-25,49.39107533604232,49.59433192137446,49.11390950790604,49.40955352783203,14224400.0,0.0,0.0,53.47999954223633,49.40955352783203
2023-09-26,49.13237540760318,49.24324100625004,48.578043890015024,48.69814682006836,15618400.0,0.0,0.0,52.709999084472656,48.69814682006836
2023-09-27,48.86445697432858,49.307922983970755,48.53185658600831,49.15086364746094,15845500.0,0.0,0.0,53.20000076293945,49.15086364746094
2023-09-28,49.30791732131308,50.065505441325925,49.289439132489086,49.77910232543945,17204400.0,0.0,0.0,53.880001068115234,49.77910232543945
2023-09-29,50.037788682743034,50.07474505947702,49.42802256404856,49.66823196411133,13951200.0,0.0,0.0,53.7599983215332,49.66823196411133
2023-10-02,49.74214822164629,50.25952695930642,49.714432699320426,50.25028610229492,13934000.0,0.0,0.0,54.38999938964844,50.25028610229492
2023-10-03,50.12001182079265,50.14792751251063,49.645423762737785,49.92459487915039,15700600.0,0.39,0.0,53.650001525878906,49.92459487915039
2023-10-04,49.93390037627122,50.11070567863225,49.52445483668383,49.73848342895508,17009000.0,0.0,0.0,53.45000076293945,49.73848342895508
2023-10-05,49.69194775797901,49.75708672949372,48.92888819182869,49.38486099243164,14929400.0,0.0,0.0,53.06999969482422,49.38486099243164
2023-10-06,49.31042624441259,50.01765100366504,49.07778600718624,49.73848342895508,15665500.0,0.0,0.0,53.45000076293945,49.73848342895508
2023-10-09,49.64541907900984,50.21306175577665,49.552364415523556,50.175838470458984,10163600.0,0.0,0.0,53.91999816894531,50.175838470458984
2023-10-10,50.21306122408415,50.33403512518166,49.92458964044649,50.129310607910156,13105600.0,0.0,0.0,53.869998931884766,50.129310607910156
2023-10-11,50.18514313288102,50.37125599878134,49.64541617675083,49.93389129638672,12658000.0,0.0,0.0,53.65999984741211,49.93389129638672
2023-10-12,50.26889588513403,50.45500875895771,49.794307879393266,50.11069869995117,11846100.0,0.0,0.0,53.849998474121094,50.11069869995117
2023-10-13,50.13861713927443,50.36194974445704,49.72916811342671,50.0362548828125,14413800.0,0.0,0.0,53.77000045776367,50.0362548828125
2023-10-16,50.31541931264215,50.799311327119995,50.287503626167045,50.399169921875,11736600.0,0.0,0.0,54.15999984741211,50.399169921875
2023-10-17,50.054872186540045,50.23167748145855,49.47792186664316,50.194454193115234,17105900.0,0.0,0.0,53.939998626708984,50.194454193115234
2023-10-18,50.05486652487901,50.42708871678595,49.87805770015104,50.0362548828125,13087300.0,0.0,0.0,53.77000045776367,50.0362548828125
2023-10-19,50.02695346114356,50.185150663329544,49.50584161819727,49.61750793457031,16325600.0,0.0,0.0,53.31999969482422,49.61750793457031
2023-10-20,49.68264624598374,49.868759137305,49.133615168980505,49.25458908081055,23888700.0,0.0,0.0,52.93000030517578,49.25458908081055
2023-10-23,49.152225994499794,49.180141685300214,48.53805594823389,48.575279235839844,17760000.0,0.0,0.0,52.20000076293945,48.575279235839844
2023-10-24,48.6311046852147,49.36624855161999,48.444995369503495,49.32902526855469,14824200.0,0.0,0.0,53.0099983215332,49.32902526855469
2023-10-25,49.42209578018956,49.66404008073242,48.69625932875243,48.76139831542969,14384700.0,0.0,0.0,52.400001525878906,48.76139831542969
2023-10-26,48.26818257223084,48.51013034240957,47.74707085149026,47.80290222167969,17594500.0,0.0,0.0,51.369998931884766,47.80290222167969
2023-10-27,48.05416791572183,48.52875599824432,47.830835270847565,47.9797248840332,13333900.0,0.0,0.0,51.560001373291016,47.9797248840332
2023-10-30,47.78429678451358,48.054160274817725,47.54235253273567,47.98902130126953,13322400.0,0.0,0.0,51.56999969482422,47.98902130126953
2023-10-31,48.15652533846565,48.54735920252215,48.0913863611229,48.51013946533203,13509300.0,0.0,0.0,52.130001068115234,48.51013946533203
2023-11-01,48.42639317519534,48.649725817540514,48.203056983041805,48.565975189208984,14300700.0,0.0,0.0,52.189998626708984,48.565975189208984
2023-11-02,48.68694426716687,49.13361305725552,48.55666631378368,49.08708572387695,17459700.0,0.0,0.0,52.75,49.08708572387695
2023-11-03,49.56166546300135,49.738474282657705,48.975414728857274,49.32902526855469,17644900.0,0.0,0.0,53.0099983215332,49.32902526855469
2023-11-06,49.29180518777824,49.59888839638284,49.208054576375595,49.58958435058594,15429600.0,0.0,0.0,53.290000915527344,49.58958435058594
2023-11-07,49.636121293558446,49.729175968782414,49.29181473545979,49.440704345703125,15153100.0,0.0,0.0,53.130001068115234,49.440704345703125
2023-11-08,49.68264320005338,49.785005461494876,49.10569646715611,49.319725036621094,13633800.0,0.0,0.0,53.0,49.319725036621094
2023-11-09,48.50082645497213,48.91957951243967,48.1565199631911,48.38916015625,21039400.0,0.0,0.0,52.0,48.38916015625
2023-11-10,48.62179966013724,48.97541374252072,48.324020501227224,48.93819046020508,17369000.0,0.0,0.0,52.59000015258789,48.93819046020508
2023-11-13,48.83583158156102,48.984721171299,48.472913428437664,48.60319137573242,14931600.0,0.0,0.0,52.22999954223633,48.60319137573242
2023-11-14,48.82653075282731,49.66403341911552,48.82653075282731,49.47792053222656,18331000.0,0.0,0.0,53.16999816894531,49.47792053222656
2023-11-15,49.570972443510776,49.71986202411666,49.3569438932528,49.58027648925781,32188200.0,0.0,0.0,53.279998779296875,49.58027648925781
2023-11-16,44.117889202090986,44.72275516691298,42.991911439694725,44.70414352416992,79057800.0,0.0,0.0,48.040000915527344,44.70414352416992
2023-11-17,44.7134402637065,45.001915354370475,44.41566112809538,44.44357681274414,32593700.0,0.0,0.0,47.7599983215332,44.44357681274414
2023-11-20,44.257477361391466,45.01122941305514,44.24816976456633,44.918174743652344,27421000.0,0.0,0.0,48.27000045776367,44.918174743652344
2023-11-21,44.918169144612904,44.99261216089422,44.35052650251134,44.480804443359375,21510500.0,0.0,0.0,47.79999923706055,44.480804443359375
2023-11-22,44.741371154785156,44.9926194816972,44.620397240110606,44.741371154785156,17308400.0,0.0,0.0,48.08000183105469,44.741371154785156
2023-11-24,44.750666962267054,45.039142074971856,44.71344368001981,45.00191879272461,8209500.0,0.0,0.0,48.36000061035156,45.00191879272461
2023-11-27,44.974005681921454,45.01122541649296,44.5831682955545,44.60177993774414,17651600.0,0.0,0.0,47.93000030517578,44.60177993774414
2023-11-28,44.620394337304326,44.8437269577656,44.49011638373392,44.52733612060547,16360900.0,0.0,0.0,47.849998474121094,44.52733612060547
2023-11-29,44.769282499030176,45.07636572977215,44.69483592805765,44.71344757080078,16700500.0,0.0,0.0,48.04999923706055,44.71344757080078
2023-11-30,44.84372948329668,45.132204646597636,44.61108925315958,45.020538330078125,37165000.0,0.0,0.0,48.380001068115234,45.020538330078125
2023-12-01,44.92747735788962,45.39275778968154,44.68553309527333,45.104286193847656,18744700.0,0.0,0.0,48.470001220703125,45.104286193847656
2023-12-04,44.722755167076286,44.8344214737272,44.462195718480324,44.71344757080078,17812900.0,0.0,0.0,48.04999923706055,44.71344757080078
2023-12-05,44.43427870784513,44.62969562612472,44.28538912013576,44.60177993774414,20985000.0,0.0,0.0,47.93000030517578,44.60177993774414
2023-12-06,44.732062892199416,44.8623408523072,44.34122901187607,44.38775634765625,19535500.0,0.0,0.0,47.70000076293945,44.38775634765625
2023-12-07,44.583171991524615,45.001925100987016,44.480809725899576,44.90886688232422,20478500.0,0.0,0.0,48.2599983215332,44.90886688232422
2023-12-08,44.92748010813836,45.21595527143932,44.86234112768463,45.020538330078125,16039900.0,0.0,0.0,48.380001068115234,45.020538330078125
2023-12-11,45.54165031685813,46.00693077859484,45.4578996917532,45.96040344238281,25618900.0,0.0,0.0,49.38999938964844,45.96040344238281
2023-12-12,46.137204093347925,46.146508139014166,45.69983940107556,45.904563903808594,18712200.0,0.0,0.0,49.33000183105469,45.904563903808594
2023-12-13,45.82081726535634,46.24887439925912,45.4206758206796,46.239566802978516,18689200.0,0.0,0.0,49.689998626708984,46.239566802978516
2023-12-14,46.528046705969466,46.53735075339503,45.75567942674241,46.00693130493164,28418700.0,0.0,0.0,49.439998626708984,46.00693130493164
2023-12-15,46.05346336648399,46.46290891001207,45.997628431081296,46.407073974609375,58860100.0,0.0,0.0,49.869998931884766,46.407073974609375
2023-12-18,46.4535943778273,46.80720848297259,45.96970587580677,46.75137710571289,20453100.0,0.0,0.0,50.2400016784668,46.75137710571289
2023-12-19,46.872346656487686,46.95609727075593,46.37915056680119,46.69554138183594,17035800.0,0.0,0.0,50.18000030517578,46.69554138183594
2023-12-20,46.63971342157273,46.83513391725741,46.332630156596714,46.34193420410156,17812200.0,0.0,0.0,49.79999923706055,46.34193420410156
2023-12-21,46.46290706483537,46.50943440091904,45.951099268298556,46.248878479003906,18772300.0,0.0,0.0,49.70000076293945,46.248878479003906
2023-12-22,46.37915709923018,46.89096490304222,46.37915709923018,46.61179733276367,12903800.0,0.0,0.0,50.09000015258789,46.61179733276367
2023-12-26,46.63040347072027,46.90026696170423,46.57456854333494,46.788597106933594,9721200.0,0.0,0.0,50.279998779296875,46.788597106933594
2023-12-27,46.807210603323604,47.049158415101836,46.788598960124666,46.9374885559082,10414300.0,0.0,0.0,50.439998626708984,46.9374885559082
2023-12-28,47.06777058886986,47.114297922487694,46.91887744159996,46.97471237182617,8549900.0,0.0,0.0,50.47999954223633,46.97471237182617
2023-12-29,46.94679340057277,47.077071345520984,46.73276484104245,47.011932373046875,12492900.0,0.0,0.0,50.52000045776367,47.011932373046875
2024-01-02,46.98401641952358,47.3283229220582,46.76068026529631,47.00262451171875,20242900.0,0.0,0.0,50.5099983215332,47.00262451171875
2024-01-03,47.04951728279825,47.52779823154447,46.833823285739626,47.368370056152344,20303900.0,0.39,0.0,50.5099983215332,47.368370056152344
2024-01-04,47.30272406947117,47.368369912836904,46.88071609852858,46.965118408203125,18134100.0,0.0,0.0,50.08000183105469,46.965118408203125
2024-01-05,47.0589010654543,47.237082144021336,46.76818117970029,46.9744987487793,13989300.0,0.0,0.0,50.09000015258789,46.9744987487793
2024-01-08,46.65564887427117,47.359000364838074,46.599379467150776,47.32148742675781,18070300.0,0.0,0.0,50.459999084472656,47.32148742675781
2024-01-09,46.85258014297084,46.927606009058955,46.35554630114274,46.80569076538086,20489200.0,0.0,0.0,49.90999984741211,46.80569076538086
2024-01-10,46.89009169623803,47.19018799689955,46.72128707993717,47.11516571044922,15174200.0,0.0,0.0,50.2400016784668,47.11516571044922
2024-01-11,47.31210676800562,47.35899614771531,46.927608130497624,47.30272674560547,16458300.0,0.0,0.0,50.439998626708984,47.30272674560547
2024-01-12,47.35899821079029,47.659094546921644,47.17143710635056,47.20895004272461,18785700.0,0.0,0.0,50.34000015258789,47.20895004272461
2024-01-16,47.12454473786304,47.443397521972656,46.95574011230911,47.443397521972656,17015900.0,0.0,0.0,50.59000015258789,47.443397521972656
2024-01-17,47.11516667348688,47.29334773769979,46.80569034479955,47.17143249511719,17370600.0,0.0,0.0,50.29999923706055,47.17143249511719
2024-01-18,47.17142948705452,47.64033038370005,47.1526730218971,47.593441009521484,18487500.0,0.0,0.0,50.75,47.593441009521484
2024-01-19,47.59344308084085,48.193635682279385,47.57468661486713,48.08110046386719,23015300.0,0.0,0.0,51.27000045776367,48.08110046386719
2024-01-22,48.343689363179365,48.55938338040745,48.212397663773615,48.36244583129883,20298700.0,0.0,0.0,51.56999969482422,48.36244583129883
2024-01-23,48.19363702457881,48.59689211067001,48.109234714061344,48.54062271118164,15044300.0,0.0,0.0,51.7599983215332,48.54062271118164
2024-01-24,48.76569231921023,48.76569231921023,48.02482805808522,48.11861038208008,19458500.0,0.0,0.0,51.310001373291016,48.11861038208008
2024-01-25,48.53124563529541,49.29086642007054,48.53124563529541,49.075172424316406,18936600.0,0.0,0.0,52.33000183105469,49.075172424316406
2024-01-26,49.15957128841408,49.34713237400915,48.75631978391537,48.89698791503906,13160300.0,0.0,0.0,52.13999938964844,48.89698791503906
2024-01-29,48.615647151197145,49.13143744370601,48.6062707069392,49.03765869140625,13492400.0,0.0,0.0,52.290000915527344,49.03765869140625
2024-01-30,49.047030432932864,49.159565640388486,48.765690625578934,48.99076461791992,14322100.0,0.0,0.0,52.2400016784668,48.99076461791992
2024-01-31,48.625026358238266,48.70942867107567,46.95574014593217,47.05889892578125,29311800.0,0.0,0.0,50.18000030517578,47.05889892578125
2024-02-01,47.1057883045953,47.32148230908415,46.72128967443164,47.05889892578125,20635700.0,0.0,0.0,50.18000030517578,47.05889892578125
2024-02-02,47.021385991757896,47.24646001846774,46.53372858174515,47.05889892578125,20533100.0,0.0,0.0,50.18000030517578,47.05889892578125
2024-02-05,46.83382763045913,47.030768756852375,46.196122024591745,46.430572509765625,19602000.0,0.0,0.0,49.5099983215332,46.430572509765625
2024-02-06,47.180814230552095,47.462154081212,46.6931568199408,46.871337890625,19265800.0,0.0,0.0,49.97999954223633,46.871337890625
2024-02-07,47.171430329435225,47.21831970445113,46.38367666590594,46.67439651489258,16794400.0,0.0,0.0,49.77000045776367,46.67439651489258
2024-02-08,46.796315119900385,46.88071743197562,46.468082316305455,46.843204498291016,19599000.0,0.0,0.0,49.95000076293945,46.843204498291016
2024-02-09,46.824447577816485,47.1339203341407,46.54310773276805,47.01200866699219,24076900.0,0.0,0.0,50.130001068115234,47.01200866699219
2024-02-12,46.91822377034557,47.07765193953525,46.4493228617395,46.880714416503906,19046300.0,0.0,0.0,49.9900016784668,46.880714416503906
2024-02-13,46.533733765273986,46.83383011602886,46.08358923914168,46.552490234375,23633700.0,0.0,0.0,49.63999938964844,46.552490234375
2024-02-14,46.48683717719876,47.20894502724512,46.46808071100442,47.15267562866211,31176400.0,0.0,0.0,50.279998779296875,47.15267562866211
2024-02-15,45.258312084078476,46.59936890842353,45.19266624602773,46.0085563659668,42766500.0,0.0,0.0,49.060001373291016,46.0085563659668
2024-02-16,45.717847747584216,46.027324126426926,45.38023845336698,45.427127838134766,24912300.0,0.0,0.0,48.439998626708984,45.427127838134766
2024-02-20,44.98636040804498,45.455261380144904,44.87382159899102,45.277076721191406,26402500.0,0.0,0.0,48.279998779296875,45.277076721191406
2024-02-21,45.43650103050545,45.50214687479712,44.920710720743585,45.46463394165039,15981300.0,0.0,0.0,48.47999954223633,45.46463394165039
2024-02-22,45.26769428809236,45.67094935695269,45.15515907135437,45.549034118652344,22020300.0,0.0,0.0,48.56999969482422,45.549034118652344
2024-02-23,45.59592892250334,46.08358635633172,45.483393692367706,45.82100296020508,13141900.0,0.0,0.0,48.86000061035156,45.82100296020508
2024-02-26,45.811622104921064,45.85851506260325,45.35210117005102,45.38961410522461,13018700.0,0.0,0.0,48.400001525878906,45.38961410522461
2024-02-27,45.15516195581316,45.43650180434481,45.03324670972501,45.30521011352539,12515400.0,0.0,0.0,48.310001373291016,45.30521011352539
2024-02-28,45.20204668218985,45.464630036803925,45.02386205376182,45.07075500488281,14635100.0,0.0,0.0,48.060001373291016,45.07075500488281
2024-02-29,45.192668469509016,45.464631856202644,45.13640264980001,45.361473083496094,22962500.0,0.0,0.0,48.369998931884766,45.361473083496094
2024-03-01,45.1176506913617,45.408366995381,44.695639114234844,45.38961410522461,18508100.0,0.0,0.0,48.400001525878906,45.38961410522461
2024-03-04,45.361479630365,46.39306392888556,45.23018792885506,46.07421112060547,25214500.0,0.0,0.0,49.130001068115234,46.07421112060547
2024-03-05,45.9898016285208,46.01793453804781,45.54903363297096,45.905399322509766,18101300.0,0.0,0.0,48.95000076293945,45.905399322509766
2024-03-06,45.93353615285741,46.33679125183918,45.92415970802471,46.111717224121094,20903600.0,0.0,0.0,49.16999816894531,46.111717224121094
2024-03-07,46.36492316942009,46.40243610280698,45.792867033706024,45.85851287841797,21224700.0,0.0,0.0,48.900001525878906,45.85851287841797
2024-03-08,45.830375994446584,46.68377554577286,45.811619527914885,46.42119216918945,19316200.0,0.0,0.0,49.5,46.42119216918945
2024-03-11,46.62751548445388,47.17143877135431,46.49622377994104,47.09641647338867,17715100.0,0.0,0.0,50.220001220703125,47.09641647338867
2024-03-12,47.39650607931684,47.405882523692526,46.7869334494236,46.95573806762695,17590400.0,0.0,0.0,50.06999969482422,46.95573806762695
2024-03-13,46.91822593453303,47.03076473353915,46.73066842438319,46.99325180053711,16669900.0,0.0,0.0,50.11000061035156,46.99325180053711
2024-03-14,47.14329782473986,47.218320109923546,46.514968746355095,46.693153381347656,17239400.0,0.0,0.0,49.790000915527344,46.693153381347656
2024-03-15,46.693156459873265,46.85258106229338,45.858513359132,45.88664627075195,57049200.0,0.0,0.0,48.93000030517578,45.88664627075195
2024-03-18,46.158615986172144,46.57124758188532,45.93354193014539,46.20550537109375,17406700.0,0.0,0.0,49.27000045776367,46.20550537109375
2024-03-19,46.06482355174229,46.51496798779359,45.92415542778062,46.083580017089844,19601100.0,0.0,0.0,49.13999938964844,46.083580017089844
2024-03-20,45.989801267922154,46.49621510001764,45.89601894118412,46.46807861328125,18554100.0,0.0,0.0,49.54999923706055,46.46807861328125
2024-03-21,46.61813299966092,47.068277495976936,46.477464856866796,46.77756118774414,26102900.0,0.0,0.0,49.880001068115234,46.77756118774414
2024-03-22,46.936983794605034,46.98387317353465,46.62751103172533,46.68377685546875,15022900.0,0.0,0.0,49.779998779296875,46.68377685546875
2024-03-25,46.477464922707085,46.66502244669828,46.22425797240242,46.59000015258789,16191200.0,0.0,0.0,49.68000030517578,46.59000015258789
2024-03-26,46.46807861328125,46.71190908537017,46.40243277327961,46.46807861328125,13842900.0,0.0,0.0,49.54999923706055,46.46807861328125
2024-03-27,46.67439651489258,46.796311751877944,46.33678729089003,46.67439651489258,17231000.0,0.0,0.0,49.77000045776367,46.67439651489258
2024-03-28,46.78693429885883,47.07765416380499,46.711912010200905,46.80569076538086,18139700.0,0.0,0.0,49.90999984741211,46.80569076538086
2024-04-01,46.85257881133722,47.07765282577437,46.76817650310205,46.92760467529297,15138100.0,0.0,0.0,50.040000915527344,46.92760467529297
2024-04-02,46.852577573786455,46.97449281077927,46.092960397164326,46.28989791870117,16414400.0,0.0,0.0,49.36000061035156,46.28989791870117
2024-04-03,46.138630882471475,46.53572753813032,46.00626653280454,46.081905364990234,22210000.0,0.4,0.0,48.7400016784668,46.081905364990234
2024-04-04,46.412817351682776,46.847729827201384,45.42008109872662,45.486263275146484,17374000.0,0.0,0.0,48.11000061035156,45.486263275146484
2024-04-05,45.34443612475605,46.01571445563761,45.278253957297736,45.902259826660156,18661300.0,0.0,0.0,48.54999923706055,45.902259826660156
2024-04-08,45.56188912680053,46.00625816845616,45.53352637321651,45.60916519165039,15375700.0,0.0,0.0,48.2400016784668,45.60916519165039
2024-04-09,46.17644401485767,47.46227513377391,45.8738959406018,47.28263473510742,26686600.0,0.0,0.0,50.0099983215332,47.28263473510742
2024-04-10,47.0179018542056,47.0557212617595,46.148077120409226,46.52626037597656,20026400.0,0.0,0.0,49.209999084472656,46.52626037597656
2024-04-11,46.63026895069673,46.88554458006079,46.327720858115136,46.82881546020508,15703900.0,0.0,0.0,49.529998779296875,46.82881546020508
2024-04-12,46.52626280179965,46.54517250656254,45.798255398387155,45.84553146362305,16418100.0,0.0,0.0,48.4900016784668,45.84553146362305
2024-04-15,47.00845087276086,47.074633035561824,45.57134578243345,45.60916519165039,20310800.0,0.0,0.0,48.2400016784668,45.60916519165039
2024-04-16,45.826625645252065,45.86444145132744,45.23098251800795,45.306617736816406,14233400.0,0.0,0.0,47.91999816894531,45.306617736816406
2024-04-17,45.38225852104692,45.64698720828918,45.10807317688438,45.183712005615234,14407600.0,0.0,0.0,47.790000915527344,45.183712005615234
2024-04-18,45.76990168932566,45.76990168932566,45.268807037387184,45.486263275146484,13080900.0,0.0,0.0,48.11000061035156,45.486263275146484
2024-04-19,45.750985175608825,45.78880458698278,45.41061768655844,45.6848030090332,20964400.0,0.0,0.0,48.31999969482422,45.6848030090332
2024-04-22,45.8455361921138,45.94008111902212,45.382257394284395,45.51462173461914,20135700.0,0.0,0.0,48.13999938964844,45.51462173461914
2024-04-23,45.514619264508006,45.81716734218445,45.43898404841769,45.6848030090332,16261700.0,0.0,0.0,48.31999969482422,45.6848030090332
2024-04-24,45.42952691419834,45.74153164476388,45.306615631855166,45.713165283203125,14828500.0,0.0,0.0,48.349998474121094,45.713165283203125
2024-04-25,46.11971069742864,46.26153167223038,45.2404293096351,45.4767951965332,18790900.0,0.0,0.0,48.099998474121094,45.4767951965332
2024-04-26,45.04188242634656,45.64697851431465,45.013519674303424,45.24988555908203,14658900.0,0.0,0.0,47.86000061035156,45.24988555908203
2024-04-29,45.37280166181811,45.675349738027414,44.985161713758835,45.174251556396484,11599500.0,0.0,0.0,47.779998779296875,45.174251556396484
2024-04-30,45.01352024431442,45.089155452939615,44.408424148683935,44.417877197265625,18535400.0,0.0,0.0,46.97999954223633,44.417877197265625
2024-05-01,44.15315430891015,44.975706695645435,44.13424460262619,44.285518646240234,18266400.0,0.0,0.0,46.84000015258789,44.285518646240234
2024-05-02,44.46515618358102,44.55024805994161,44.058606508375725,44.23824691772461,15441700.0,0.0,0.0,46.790000915527344,44.23824691772461
2024-05-03,44.531341299231485,44.81498331030243,44.285522310515724,44.55025100708008,17935300.0,0.0,0.0,47.119998931884766,44.55025100708008
2024-05-06,44.6447959540285,44.852795510310614,44.408430034926965,44.540794372558594,14163000.0,0.0,0.0,47.11000061035156,44.540794372558594
2024-05-07,44.635333038218974,44.87169892417437,44.44623960812322,44.701515197753906,14308200.0,0.0,0.0,47.279998779296875,44.701515197753906
2024-05-08,44.85279460767015,45.51461988916708,44.673157811164856,45.38225555419922,15130200.0,0.0,0.0,48.0,45.38225555419922
2024-05-09,45.38225852104692,45.4673504000402,45.0513476619941,45.183712005615234,12449300.0,0.0,0.0,47.790000915527344,45.183712005615234
2024-05-10,45.38225861027392,45.476803539715505,45.098620215291284,45.438987731933594,12096900.0,0.0,0.0,48.060001373291016,45.438987731933594
2024-05-13,45.675345056845075,46.15752987680493,45.599706242216044,46.02516555786133,15149100.0,0.0,0.0,48.68000030517578,46.02516555786133
2024-05-14,46.308807853455974,46.49790129951698,45.71316476069395,46.28044509887695,17379700.0,0.0,0.0,48.95000076293945,46.28044509887695
2024-05-15,46.50735570613113,47.01790694339891,46.072443292158255,46.961177825927734,37342100.0,0.0,0.0,49.66999816894531,46.961177825927734
2024-05-16,47.34882473453043,47.37718749194345,45.54298557053407,45.70371627807617,47829400.0,0.0,0.0,48.34000015258789,45.70371627807617
2024-05-17,45.62806824111884,45.91171018463797,45.48625087601641,45.54297637939453,22020300.0,0.0,0.0,48.16999816894531,45.54297637939453
2024-05-20,45.38225232574713,45.44843448852292,44.44624178459935,44.55970001220703,22040700.0,0.0,0.0,47.130001068115234,44.55970001220703
2024-05-21,44.55024201821576,44.57860837759419,44.06805718866956,44.38005828857422,25172200.0,0.0,0.0,46.939998626708984,44.38005828857422
2024-05-22,44.531337087387634,45.230981784980216,44.474611575865026,44.84334182739258,19940600.0,0.0,0.0,47.43000030517578,44.84334182739258
2024-05-23,44.57862081281257,44.61643662477044,43.973520934929155,44.05861282348633,18837500.0,0.0,0.0,46.599998474121094,44.05861282348633
2024-05-24,44.08697020893543,44.24769729532168,43.850604300726815,43.88842010498047,11941100.0,0.0,0.0,46.41999816894531,43.88842010498047
2024-05-28,43.633146254278884,44.33278729328522,43.4724155680267,43.75605392456055,18178800.0,0.0,0.0,46.279998779296875,43.75605392456055
2024-05-29,43.39677946404708,43.80332908916344,43.349503400048704,43.56696319580078,16001100.0,0.0,0.0,46.08000183105469,43.56696319580078
2024-05-30,43.585876211919974,43.92624372945486,43.49133128223045,43.60478591918945,19894200.0,0.0,0.0,46.119998931884766,43.60478591918945
2024-05-31,43.623690445253985,44.03024008661704,43.50077916592953,43.96405792236328,39269100.0,0.0,0.0,46.5,43.96405792236328
2024-06-03,44.17206672472663,44.21933919000742,43.756060374276736,44.10588455200195,23295000.0,0.0,0.0,46.650001525878906,44.10588455200195
2024-06-04,44.105881345820265,45.004068940837115,43.97351340333519,44.833885192871094,23330300.0,0.0,0.0,47.41999816894531,44.833885192871094
2024-06-05,44.92843415641342,45.03243573746849,43.15096144199549,43.51023864746094,28746400.0,0.0,0.0,46.02000045776367,43.51023864746094
2024-06-06,43.43460067470031,43.86006005706568,43.28332662837682,43.70878601074219,15456100.0,0.0,0.0,46.22999954223633,43.70878601074219
2024-06-07,43.44405513619033,43.76551291921729,43.29278109751044,43.34005355834961,15734600.0,0.0,0.0,45.84000015258789,43.34005355834961
2024-06-10,43.30223391758513,43.358963034286106,42.80113934336127,43.34950637817383,13400400.0,0.0,0.0,45.849998474121094,43.34950637817383
2024-06-11,43.198229743070705,43.42514258957429,42.88622863661779,43.273868560791016,17450700.0,0.0,0.0,45.77000045776367,43.273868560791016
2024-06-12,43.48187754420985,43.56696942224775,42.91459715507125,43.13205337524414,16803100.0,0.0,0.0,45.619998931884766,43.13205337524414
2024-06-13,42.94295757381209,43.06586885909787,42.659319198016746,43.037506103515625,16149000.0,0.0,0.0,45.52000045776367,43.037506103515625
2024-06-14,42.848410447468474,43.217140677707796,42.51749962716587,43.188777923583984,15274200.0,0.0,0.0,45.68000030517578,43.188777923583984
2024-06-17,42.92404903946624,43.21714044827617,42.49858969658054,43.1982307434082,16382000.0,0.0,0.0,45.689998626708984,43.1982307434082
2024-06-18,43.01860160686961,43.48188044187314,43.01860160686961,43.46297073364258,17627000.0,0.0,0.0,45.970001220703125,43.46297073364258
2024-06-20,43.40624257906819,44.313886954472224,43.3589701107643,44.17206954956055,25613200.0,0.0,0.0,46.720001220703125,44.17206954956055
2024-06-21,44.531335250142156,45.230979918869245,44.4840627902711,44.710975646972656,64967000.0,0.0,0.0,47.290000915527344,44.710975646972656
2024-06-24,44.900065283015905,45.17424696966469,44.45569626328946,44.701515197753906,19136200.0,0.0,0.0,47.279998779296875,44.701515197753906
2024-06-25,44.692068517172814,45.212072819035804,44.427339841313334,44.79607009887695,17615800.0,0.0,0.0,47.380001068115234,44.79607009887695
2024-06-26,44.49351772471406,44.82442853766546,44.24769517224385,44.30442428588867,13981300.0,0.0,0.0,46.86000061035156,44.30442428588867
2024-06-27,44.22878875558142,44.91897679294261,44.21933570593325,44.86225128173828,16541900.0,0.0,0.0,47.45000076293945,44.86225128173828
2024-06-28,44.95679524117542,45.24989026719311,44.75824874290096,44.918975830078125,23921100.0,0.0,0.0,47.5099983215332,44.918975830078125
2024-07-01,44.89061686500665,45.23098438030295,44.76770557189235,44.928436279296875,17776000.0,0.0,0.0,47.52000045776367,44.928436279296875
2024-07-02,44.814973419805675,45.18370362483094,44.39896715226358,44.701515197753906,19794200.0,0.0,0.0,47.279998779296875,44.701515197753906
2024-07-03,44.578610217957205,44.928430740370096,44.47460864480968,44.521881103515625,8118300.0,0.0,0.0,47.09000015258789,44.521881103515625
2024-07-05,44.2739566119454,44.58863069685184,44.159530002666365,44.483741760253906,14692600.0,0.4,0.0,46.650001525878906,44.483741760253906
2024-07-08,44.19766943053135,44.607702051218446,43.81624619010458,43.921138763427734,19320900.0,0.0,0.0,46.060001373291016,43.921138763427734
2024-07-09,43.86392358278372,43.959278483375954,43.53017779315462,43.67321014404297,17343400.0,0.0,0.0,45.79999923706055,43.67321014404297
2024-07-10,43.92114000200171,44.14045918988206,43.701820814121355,44.12138748168945,18737300.0,0.0,0.0,46.27000045776367,44.12138748168945
2024-07-11,44.035565700379216,44.73166666596955,44.035565700379216,44.58863067626953,19741200.0,0.0,0.0,46.7599983215332,44.58863067626953
2024-07-12,44.607703566182295,45.637553989178514,44.4837429185507,45.17984390258789,20936100.0,0.0,0.0,47.380001068115234,45.17984390258789
2024-07-15,45.20844760916218,45.28473443893466,44.61723922865047,45.19891357421875,15925900.0,0.0,0.0,47.400001525878906,45.19891357421875
2024-07-16,45.246592626805835,45.74244612522268,45.027273439775456,45.21798324584961,17037300.0,0.0,0.0,47.41999816894531,45.21798324584961
2024-07-17,45.25612054065426,46.47668423226,45.15122797896762,46.26689910888672,26638700.0,0.0,0.0,48.52000045776367,46.26689910888672
2024-07-18,45.914085227329196,46.381329317990996,45.751977536396204,45.8091926574707,18462500.0,0.0,0.0,48.040000915527344,45.8091926574707
2024-07-19,45.85687163421931,45.866405669271316,44.9509855269143,45.12262725830078,18289200.0,0.0,0.0,47.31999969482422,45.12262725830078
2024-07-22,45.12262526362169,45.17984038407338,44.59816605759437,44.645843505859375,19899400.0,0.0,0.0,46.81999969482422,44.645843505859375
2024-07-23,44.57909592827974,44.60770167073978,44.18813501858211,44.20720672607422,16372000.0,0.0,0.0,46.36000061035156,44.20720672607422
2024-07-24,44.37885513333445,44.85563697970661,44.09278675302251,44.67445755004883,25318200.0,0.0,0.0,46.849998474121094,44.67445755004883
2024-07-25,45.17030540244154,45.95222724074218,44.874703023057364,45.04634475708008,20631200.0,0.0,0.0,47.2400016784668,45.04634475708008
2024-07-26,45.122626942252516,45.78058448292134,45.04634374970188,45.65662384033203,16104900.0,0.0,0.0,47.880001068115234,45.65662384033203
2024-07-29,45.59940507410194,45.97129424726637,45.23704993516091,45.761512756347656,11475700.0,0.0,0.0,47.9900016784668,45.761512756347656
2024-07-30,45.9522299135949,46.295513401607714,45.666161552769736,45.9045524597168,20166000.0,0.0,0.0,48.13999938964844,45.9045524597168
2024-07-31,46.162013748498914,46.505297226641815,45.9999096824628,46.200157165527344,19953600.0,0.0,0.0,48.45000076293945,46.200157165527344
2024-08-01,46.36225958125543,46.45761812043211,45.00820106295348,45.18937683105469,18837500.0,0.0,0.0,47.38999938964844,45.18937683105469
2024-08-02,45.46590993729147,45.532659094173724,44.19766868141629,44.4932746887207,24000200.0,0.0,0.0,46.65999984741211,44.4932746887207
2024-08-05,44.38838921110134,44.512353509789534,42.61476015893501,42.66244125366211,29669600.0,0.0,0.0,44.7400016784668,42.66244125366211
2024-08-06,42.67197013909707,43.61599968236391,42.56707756345005,43.062931060791016,20524000.0,0.0,0.0,45.15999984741211,43.062931060791016
2024-08-07,43.31086009065655,44.06417626201847,42.996185971483584,43.0247917175293,18301100.0,0.0,0.0,45.119998931884766,43.0247917175293
2024-08-08,43.177361266334294,44.12139088819424,43.177361266334294,43.70182418823242,18369100.0,0.0,0.0,45.83000183105469,43.70182418823242
2024-08-09,43.57786261450037,43.921146134787726,43.13922417749182,43.358543395996094,21217600.0,0.0,0.0,45.470001220703125,43.358543395996094
2024-08-12,43.415748955456976,43.61600007328536,42.4335796247889,42.77686309814453,20289500.0,0.0,0.0,44.86000061035156,42.77686309814453
2024-08-13,42.89129055477895,43.28225148767658,42.80546968474988,43.263179779052734,20976900.0,0.0,0.0,45.369998931884766,43.263179779052734
2024-08-14,43.043857205333886,43.61599750644106,42.94850230726079,43.329925537109375,30675600.0,0.0,0.0,45.439998626708984,43.329925537109375
2024-08-15,46.486224819696005,47.94517594232688,45.92362215842717,46.27643966674805,45976400.0,0.0,0.0,48.529998779296875,46.27643966674805
2024-08-16,46.38133193974347,47.42071638723401,46.247833620579684,47.16325378417969,27424900.0,0.0,0.0,49.459999084472656,47.16325378417969
2024-08-19,47.03929682996008,47.66864869652746,47.01068744678202,47.65911102294922,16436600.0,0.0,0.0,49.97999954223633,47.65911102294922
2024-08-20,47.65910725997121,48.0309964739131,47.29675208129812,47.90703582763672,18697300.0,0.0,0.0,50.2400016784668,47.90703582763672
2024-08-21,47.954714514771524,48.202639451269086,47.70678594071749,48.10728454589844,21177600.0,0.0,0.0,50.45000076293945,48.10728454589844
2024-08-22,48.36474796596193,48.56499545312992,47.84982273819581,47.88796615600586,19143100.0,0.0,0.0,50.220001220703125,47.88796615600586
2024-08-23,48.16449294947294,48.412421507648745,47.98331718584926,48.38381576538086,16474100.0,0.0,0.0,50.7400016784668,48.38381576538086
2024-08-26,48.43149948120117,48.650818687928925,48.364750315569104,48.43149948120117,12016800.0,0.0,0.0,50.790000915527344,48.43149948120117
2024-08-27,48.31706593351906,48.479173637275046,48.059606962208825,48.35520935058594,10243900.0,0.0,0.0,50.709999084472656,48.35520935058594
2024-08-28,48.1072851580822,48.22171177349439,47.115578124359146,47.5351448059082,14571400.0,0.0,0.0,49.849998474121094,47.5351448059082
2024-08-29,47.64956916374177,48.46009668209868,47.56374830341113,48.05006408691406,16324100.0,0.0,0.0,50.38999938964844,48.05006408691406
2024-08-30,48.20263782547611,48.336136143514935,47.74492774753314,48.1931037902832,15615800.0,0.0,0.0,50.540000915527344,48.1931037902832
2024-09-03,47.97378441617277,48.15496018457465,47.582823498790354,47.73539352416992,14918600.0,0.0,0.0,50.060001373291016,47.73539352416992
2024-09-04,47.506539348036085,47.716324508854434,47.2776861158311,47.392112731933594,16411700.0,0.0,0.0,49.70000076293945,47.392112731933594
2024-09-05,47.20139306715863,47.344429046626985,46.66739619970695,46.848575592041016,16312000.0,0.0,0.0,49.130001068115234,46.848575592041016
2024-09-06,46.600650755153275,46.94393422315617,45.96176490780283,46.247833251953125,21040500.0,0.0,0.0,48.5,46.247833251953125
2024-09-09,46.219229845559255,46.86765339844634,46.018978720729024,46.43854904174805,18677600.0,0.0,0.0,48.70000076293945,46.43854904174805
2024-09-10,46.52436828613281,46.69601002280983,46.19061884812465,46.52436828613281,11754700.0,0.0,0.0,48.790000915527344,46.52436828613281
2024-09-11,46.48622246481484,46.92486081916165,45.628013825826535,46.829505920410156,15106600.0,0.0,0.0,49.11000061035156,46.829505920410156
2024-09-12,46.81043240121629,47.33489159916123,46.591113232532265,47.3062858581543,13229500.0,0.0,0.0,49.61000061035156,47.3062858581543
2024-09-13,47.430253418806394,47.73539346921424,47.36350062257062,47.487464904785156,10168900.0,0.0,0.0,49.79999923706055,47.487464904785156
2024-09-16,47.563751080561595,48.69849040002759,47.468392542650825,48.66034698486328,16668200.0,0.0,0.0,51.029998779296875,48.66034698486328
2024-09-17,48.65081043971165,49.03223365900633,48.22170613514354,48.259849548339844,13230300.0,0.0,0.0,50.61000061035156,48.259849548339844
2024-09-18,48.050072269883366,48.765245015247906,47.93564564914091,48.22171401977539,12697700.0,0.0,0.0,50.56999969482422,48.22171401977539
2024-09-19,49.0227019357548,49.318307945628874,48.774777013402165,49.051307678222656,16274000.0,0.0,0.0,51.439998626708984,49.051307678222656
2024-09-20,49.06085192613515,49.89998898070136,49.03224254227666,49.556705474853516,44096600.0,0.0,0.0,51.970001220703125,49.556705474853516
2024-09-23,49.642518851902004,50.004870375506655,49.48041115971575,49.7664794921875,18343400.0,0.0,0.0,52.189998626708984,49.7664794921875
2024-09-24,49.78555167665619,50.12883513393585,49.59483824066125,50.08115768432617,26479300.0,0.0,0.0,52.52000045776367,50.08115768432617
2024-09-25,50.1288370690019,50.281407096176096,49.93812362564506,50.20512390136719,22422200.0,0.0,0.0,52.650001525878906,50.20512390136719
2024-09-26,50.53886804900424,50.81540235096513,50.31001119693683,50.39583206176758,18374000.0,0.0,0.0,52.849998474121094,50.39583206176758
2024-09-27,50.57701314487007,50.74865488023608,50.405371409504056,50.55794143676758,13868300.0,0.0,0.0,53.02000045776367,50.55794143676758
2024-09-30,50.55793997391487,50.834474277065084,50.20512247811827,50.748653411865234,17807500.0,0.0,0.0,53.220001220703125,50.748653411865234
2024-10-01,50.6437644816219,50.729585352994334,49.8809143125094,50.29094696044922,16621800.0,0.0,0.0,52.7400016784668,50.29094696044922
2024-10-02,50.348601355500314,50.77137453885981,50.089171107067365,50.55998611450195,11071300.0,0.4,0.0,52.619998931884766,50.55998611450195
2024-10-03,50.14681646119551,50.59841764094867,50.117992101757984,50.37742233276367,11029100.0,0.0,0.0,52.43000030517578,50.37742233276367
2024-10-04,50.732932564470325,50.83862676196378,50.35820125725222,50.68489074707031,11724100.0,0.0,0.0,52.75,50.68489074707031
2024-10-07,50.52155143023971,50.780977995733195,50.31976991823059,50.454288482666016,10941700.0,0.0,0.0,52.5099983215332,50.454288482666016
2024-10-08,50.57920318283723,50.70411485674351,50.1564300027741,50.665679931640625,12365000.0,0.0,0.0,52.72999954223633,50.665679931640625
2024-10-09,50.5888100342257,51.578485458180296,50.48311583062746,51.46318435668945,10586100.0,0.0,0.0,53.560001373291016,51.46318435668945
2024-10-10,51.59770575879585,51.703399968210555,51.328664953370385,51.4439697265625,9377500.0,0.0,0.0,53.540000915527344,51.4439697265625
2024-10-11,51.42475026320641,52.203040957863955,51.42475026320641,52.12617111206055,12704500.0,0.0,0.0,54.25,52.12617111206055
2024-10-14,52.183820663002315,52.27990429968356,51.68417768847712,52.1453857421875,11428600.0,0.0,0.0,54.27000045776367,52.1453857421875
2024-10-15,52.289507769895145,52.47207179912146,51.809082287266826,51.96282196044922,20066300.0,0.0,0.0,54.08000183105469,51.96282196044922
2024-10-16,52.84681115198781,54.20161107308816,52.68346822234351,54.172786712646484,32382300.0,0.0,0.0,56.380001068115234,54.172786712646484
2024-10-17,54.17278769504239,54.364958653969396,53.66353410408239,54.1920051574707,18383400.0,0.0,0.0,56.400001525878906,54.1920051574707
2024-10-18,54.20160643778464,54.64359703175327,54.009435498776945,54.53790283203125,17679800.0,0.0,0.0,56.7599983215332,54.53790283203125
2024-10-21,54.47064112766464,54.826158631872595,54.29768765679472,54.37455749511719,14083600.0,0.0,0.0,56.59000015258789,54.37455749511719
2024-10-22,53.807661341142456,54.672428793124666,53.67314277424657,54.38417053222656,14956300.0,0.0,0.0,56.599998474121094,54.38417053222656
2024-10-23,53.961397198443166,54.374563461372055,53.798054272118556,54.076698303222656,18723000.0,0.0,0.0,56.279998779296875,54.076698303222656
2024-10-24,54.172781594356856,54.33612450856838,53.625096805574096,53.769222259521484,14699600.0,0.0,0.0,55.959999084472656,53.769222259521484
2024-10-25,54.0478708562818,54.412995276810534,53.4905754951929,53.557838439941406,14680500.0,0.0,0.0,55.7400016784668,53.557838439941406
2024-10-28,53.71157115751611,53.788437329801496,53.04858163660717,53.115840911865234,12912300.0,0.0,0.0,55.279998779296875,53.115840911865234
2024-10-29,53.20232556768948,53.91335701030986,53.106241921688195,53.50019073486328,18810100.0,0.0,0.0,55.68000030517578,53.50019073486328
2024-10-30,53.394490273132966,53.84609142024492,53.20231933827539,53.4137077331543,13284300.0,0.0,0.0,55.59000015258789,53.4137077331543
2024-10-31,53.25997407789358,53.33684025602856,52.56816014789944,52.62581253051758,22023400.0,0.0,0.0,54.77000045776367,52.62581253051758
2024-11-01,52.59698718811463,53.62509750076182,52.3952056854032,53.327232360839844,19235600.0,0.0,0.0,55.5,53.327232360839844
2024-11-04,53.27918940103602,53.72117998730671,52.962106807392445,53.64431381225586,13269900.0,0.0,0.0,55.83000183105469,53.64431381225586
2024-11-05,53.71157180434411,54.067085644326006,53.32722994222188,53.96139144897461,10183600.0,0.0,0.0,56.15999984741211,53.96139144897461
2024-11-06,54.95107120698473,55.81583863350237,54.73007590139821,55.60445022583008,20506000.0,0.0,0.0,57.869998931884766,55.60445022583008
2024-11-07,55.53719165771142,56.01761719742407,55.28737198981747,55.80623245239258,17880200.0,0.0,0.0,58.08000183105469,55.80623245239258
2024-11-08,55.8158383665291,55.9215325698597,55.40267211643088,55.78701400756836,17517700.0,0.0,0.0,58.060001373291016,55.78701400756836
2024-11-11,56.69020774451848,57.05533214273189,56.07526370459416,56.334693908691406,17827000.0,0.0,0.0,58.630001068115234,56.334693908691406
2024-11-12,56.45960187443958,56.72864264081629,56.14252295757264,56.41156005859375,16609400.0,0.0,0.0,58.709999084472656,56.41156005859375
2024-11-13,55.87349137653245,56.9592504502662,55.575626224291995,56.86316680908203,36350600.0,0.0,0.0,59.18000030517578,56.86316680908203
2024-11-14,56.68060266074451,56.68060266074451,55.268150503925916,55.652488708496094,33747700.0,0.0,0.0,57.91999816894531,55.652488708496094
2024-11-15,55.200888098323524,55.825439019865904,54.989499715307836,55.21049499511719,28173700.0,0.0,0.0,57.459999084472656,55.21049499511719
2024-11-18,55.2969817655827,55.71975860835953,54.989509697393835,55.06637954711914,23769300.0,0.0,0.0,57.310001373291016,55.06637954711914
2024-11-19,54.46103918500837,54.80694615821622,54.14395657111585,54.77811813354492,17476200.0,0.0,0.0,57.0099983215332,54.77811813354492
2024-11-20,54.61477414935286,55.24893569946289,54.393778846397716,55.24893569946289,15345000.0,0.0,0.0,57.5,55.24893569946289
2024-11-21,55.04715699842056,55.66210107797848,54.86459295486967,55.30658721923828,16162400.0,0.0,0.0,57.560001373291016,55.30658721923828
2024-11-22,55.33541163843714,56.40195688118723,55.210499976715774,56.25782775878906,14952100.0,0.0,0.0,58.54999923706055,56.25782775878906
2024-11-25,56.353914800561064,56.651776276279286,55.979179817136625,56.440391540527344,52408200.0,0.0,0.0,58.7400016784668,56.440391540527344
2024-11-26,56.69020836543456,57.30515241209423,56.63255598655185,57.257110595703125,14209700.0,0.0,0.0,59.59000015258789,57.257110595703125
2024-11-27,57.27633267434644,57.52615233894013,56.62295365574027,56.9688606262207,12703300.0,0.0,0.0,59.290000915527344,56.9688606262207
2024-11-29,56.757472099019054,57.257115092509444,56.728647739991736,56.891990661621094,11618400.0,0.0,0.0,59.209999084472656,56.891990661621094
2024-12-02,56.930424813363544,57.36280851970077,56.824730611219344,57.10337829589844,15977400.0,0.0,0.0,59.43000030517578,57.10337829589844
2024-12-03,57.1033825848367,57.19946623108126,56.853559240031,57.151424407958984,11746000.0,0.0,0.0,59.47999954223633,57.151424407958984
2024-12-04,57.30515572367757,57.497326665702914,56.94964186341199,57.28593826293945,16872100.0,0.0,0.0,59.619998931884766,57.28593826293945
2024-12-05,57.449281354822986,57.87205446929831,57.362804619435344,57.6702766418457,19121700.0,0.0,0.0,60.02000045776367,57.6702766418457
2024-12-06,57.65105857372487,57.72792841119385,57.430063289034926,57.54536437988281,14622700.0,0.0,0.0,59.88999938964844,57.54536437988281
2024-12-09,57.48772377167516,57.53576559418834,56.55569702042366,56.642173767089844,16517500.0,0.0,0.0,58.95000076293945,56.642173767089844
2024-12-10,56.20978469828292,56.55569165211389,55.85427084700365,56.421173095703125,14480200.0,0.0,0.0,58.720001220703125,56.421173095703125
2024-12-11,56.574912339959916,56.65177851999881,56.02722752026743,56.2962646484375,26842900.0,0.0,0.0,58.59000015258789,56.2962646484375
2024-12-12,56.39234932939819,57.40124590934656,56.33470060964529,56.546085357666016,17704600.0,0.0,0.0,58.849998474121094,56.546085357666016
2024-12-13,56.32508850097656,56.63256054907747,56.09448629757885,56.32508850097656,14129700.0,0.0,0.0,58.619998931884766,56.32508850097656
2024-12-16,56.180963336999895,56.20018079827722,55.58523303347066,56.06565856933594,26883200.0,0.0,0.0,58.349998474121094,56.06565856933594
2024-12-17,56.094489151229354,56.757475101420255,55.89270763129636,56.229007720947266,24912500.0,0.0,0.0,58.52000045776367,56.229007720947266
2024-12-18,56.41156797344663,56.41156797344663,55.22972154411286,55.27776336669922,24195100.0,0.0,0.0,57.529998779296875,55.27776336669922
2024-12-19,55.14323829401187,55.863876543887315,55.095196477091314,55.373844146728516,21947800.0,0.0,0.0,57.630001068115234,55.373844146728516
2024-12-20,55.31619842811785,56.478827398229654,55.02794382652859,56.229007720947266,69544600.0,0.0,0.0,58.52000045776367,56.229007720947266
2024-12-23,55.8542718884348,56.709428726153,55.844661325451554,56.67099380493164,18671200.0,0.0,0.0,58.97999954223633,56.67099380493164
2024-12-24,56.49803848061552,57.50693130493164,56.49803848061552,57.50693130493164,9922300.0,0.0,0.0,59.849998474121094,57.50693130493164
2024-12-26,57.28594040607654,57.70871722742007,57.07455566076077,57.6318473815918,8524500.0,0.0,0.0,59.97999954223633,57.6318473815918
2024-12-27,57.23789793274853,57.670281647214544,56.82473167952056,57.27633285522461,13021400.0,0.0,0.0,59.61000061035156,57.27633285522461
2024-12-30,56.77668857813043,57.06494315948564,56.12330957220217,56.872772216796875,12948100.0,0.0,0.0,59.189998626708984,56.872772216796875
2024-12-31,56.901598899560504,57.05533491701692,56.46921520504067,56.882381439208984,14173000.0,0.0,0.0,59.20000076293945,56.882381439208984
2025-01-02,56.94964343257929,57.343592225175826,56.277046949636066,56.78629684448242,16144300.0,0.0,0.0,59.099998474121094,56.78629684448242
2025-01-03,56.92173358595559,57.2409732039413,56.45738270231007,56.94108200073242,18859000.0,0.4,0.0,58.86000061035156,56.94108200073242
2025-01-06,56.98945056194829,57.63760953363573,56.679883309609814,56.8540153503418,18543300.0,0.0,0.0,58.77000045776367,56.8540153503418
2025-01-07,57.04749351946926,57.318363931827164,56.73792627953663,57.00879669189453,16863800.0,0.0,0.0,58.93000030517578,57.00879669189453
2025-01-08,56.970097960187395,57.30868965465049,56.37031191415637,57.26999282836914,14400300.0,0.0,0.0,59.20000076293945,57.26999282836914
2025-01-10,56.8733623235596,57.13456037803802,56.631512683153574,56.82499313354492,17274500.0,0.0,0.0,58.7400016784668,56.82499313354492
2025-01-13,56.99912108455287,57.008797136688344,56.273572168362534,56.844337463378906,19340700.0,0.0,0.0,58.7599983215332,56.844337463378906
2025-01-14,57.04749929445426,57.40543575992333,56.834670411580944,57.3957633972168,16715500.0,0.0,0.0,59.33000183105469,57.3957633972168
2025-01-15,57.908479853553956,58.37283073123338,57.64728179292189,58.024566650390625,19185100.0,0.0,0.0,59.97999954223633,58.024566650390625
2025-01-16,58.21804940342795,58.47924747437049,57.83108847825391,57.86978530883789,18445700.0,0.0,0.0,59.81999969482422,57.86978530883789
2025-01-17,58.7791308483467,58.962938923946425,58.23739005373461,58.26641082763672,23876400.0,0.0,0.0,60.22999954223633,58.26641082763672
2025-01-21,58.498588184008135,59.33055148030996,58.31478010811256,59.04032897949219,18623800.0,0.0,0.0,61.029998779296875,59.04032897949219
2025-01-22,59.050008026708795,59.74653246914274,59.0016388375628,59.62077331542969,19436600.0,0.0,0.0,61.630001068115234,59.62077331542969
2025-01-23,59.78523214757878,60.28827985741767,59.378926510977806,60.20121383666992,14212000.0,0.0,0.0,62.22999954223633,60.20121383666992
2025-01-24,60.0367578476646,60.25925908061267,59.84327739152153,60.20121383666992,17232900.0,0.0,0.0,62.22999954223633,60.20121383666992
2025-01-27,59.38860001553347,59.45631762293625,56.8443406405927,57.15391159057617,33730300.0,0.0,0.0,59.08000183105469,57.15391159057617
2025-01-28,57.095859441667685,57.618255513036495,56.99911737826658,57.49249267578125,25473300.0,0.0,0.0,59.43000030517578,57.49249267578125
2025-01-29,57.99554627021042,58.5663115865304,57.56988852834502,57.608585357666016,17925300.0,0.0,0.0,59.54999923706055,57.608585357666016
2025-01-30,58.498592376708984,59.08870609151213,58.28576351161076,58.498592376708984,17079000.0,0.0,0.0,60.470001220703125,58.498592376708984
2025-01-31,58.556633897212386,59.195116801830345,58.48891629295992,58.624351501464844,16554200.0,0.0,0.0,60.599998474121094,58.624351501464844
2025-02-03,58.2277234289525,59.26283968947425,57.608588883257205,59.05001449584961,20375700.0,0.0,0.0,61.040000915527344,59.05001449584961
2025-02-04,58.85652596090595,59.58207484913687,58.75011153351221,59.34022521972656,12742700.0,0.0,0.0,61.34000015258789,59.34022521972656
2025-02-05,59.446643109434056,60.66556368890855,59.30153184720325,60.530128479003906,18997400.0,0.0,0.0,62.56999969482422,60.530128479003906
2025-02-06,60.77197860760471,60.85904462757164,60.04642967132449,60.23991012573242,15521800.0,0.0,0.0,62.27000045776367,60.23991012573242
2025-02-07,60.69458864004117,61.18796029296532,60.18186488231023,60.23991012573242,23861000.0,0.0,0.0,62.27000045776367,60.23991012573242
2025-02-10,61.06219741173642,61.091221878598525,60.34632452823843,60.762306213378906,15816200.0,0.0,0.0,62.810001373291016,60.762306213378906
2025-02-11,60.49142984566447,60.75262789568772,60.15284183100429,60.394691467285156,17702500.0,0.0,0.0,62.43000030517578,60.394691467285156
2025-02-12,59.43697133547979,60.52046047337368,59.204797727597494,60.49143600463867,30116300.0,0.0,0.0,62.529998779296875,60.49143600463867
2025-02-13,63.945043334310135,64.33200423440957,60.67523885883378,61.758724212646484,43257700.0,0.0,0.0,63.84000015258789,61.758724212646484
2025-02-14,61.7103538307236,62.948622782591215,61.37176212709365,62.75514602661133,23693300.0,0.0,0.0,64.87000274658203,62.75514602661133
2025-02-18,63.17112764722019,64.09015330843356,62.329488259941684,62.48426818847656,22047500.0,0.0,0.0,64.58999633789062,62.48426818847656
2025-02-19,62.41655654253629,62.84221430279345,62.19405899015884,62.72612380981445,14164100.0,0.0,0.0,64.83999633789062,62.72612380981445
2025-02-20,62.84220722420047,63.10340895881481,62.17469988092497,62.56166076660156,14836600.0,0.0,0.0,64.66999816894531,62.56166076660156
2025-02-21,62.57134097410799,62.84221139787199,61.79742284168745,61.894161224365234,18905800.0,0.0,0.0,63.97999954223633,61.894161224365234
2025-02-24,62.329494368300765,62.474605639730555,61.0912252960095,61.17829132080078,17287500.0,0.0,0.0,63.2400016784668,61.17829132080078
2025-02-25,62.493948818483545,62.53264564861829,61.25567977683418,62.174705505371094,22100100.0,0.0,0.0,64.2699966430664,62.174705505371094
2025-02-26,61.961877358005424,62.668074135312246,61.85545924139417,61.99089813232422,13452300.0,0.0,0.0,64.08000183105469,61.99089813232422
2025-02-27,62.65840388776641,63.1614552914399,61.67166056620006,61.729705810546875,24695600.0,0.0,0.0,63.810001373291016,61.729705810546875
2025-02-28,61.845792122480276,62.068297045559966,60.78165515015445,62.01992416381836,26711800.0,0.0,0.0,64.11000061035156,62.01992416381836
2025-03-03,62.29079011673267,62.76481332497985,61.129911154584434,61.410457611083984,21810700.0,0.0,0.0,63.47999954223633,61.410457611083984
2025-03-04,61.66199024007687,61.82644623565739,60.568828755945034,61.197635650634766,24588300.0,0.0,0.0,63.2599983215332,61.197635650634766
2025-03-05,61.16861632143071,62.08764577887193,60.75263460585556,61.87481689453125,14931500.0,0.0,0.0,63.959999084472656,61.87481689453125
2025-03-06,61.72002777019312,61.93285294527815,60.713932375914695,61.342742919921875,23155100.0,0.0,0.0,63.40999984741211,61.342742919921875
2025-03-07,60.849369446886456,62.07796234125163,60.16251368103761,61.85546112060547,21154800.0,0.0,0.0,63.939998626708984,61.85546112060547
2025-03-10,61.410462662996025,61.61361548324283,59.669145921691054,60.03675842285156,27417600.0,0.0,0.0,62.060001373291016,60.03675842285156
2025-03-11,60.249578393794145,60.34632045959077,58.55663099084415,58.69206619262695,25787400.0,0.0,0.0,60.66999816894531,58.69206619262695
2025-03-12,58.97261760307157,59.18544647537447,58.285765484699375,58.48891830444336,18935300.0,0.0,0.0,60.459999084472656,58.48891830444336
2025-03-13,58.440543107615596,58.517936758803295,57.29901258492385,57.724666595458984,16463300.0,0.0,0.0,59.66999816894531,57.724666595458984
2025-03-14,58.35347874903347,58.643697568547836,57.96651786279264,58.527610778808594,16250700.0,0.0,0.0,60.5,58.527610778808594
2025-03-17,58.430872570312744,59.21446301621989,58.37282733011008,58.9048957824707,15335800.0,0.0,0.0,60.88999938964844,58.9048957824707
2025-03-18,58.69206191029918,58.81782474149257,57.7246634649117,58.33412551879883,16669000.0,0.0,0.0,60.29999923706055,58.33412551879883
2025-03-19,58.653372428717724,59.57240174711826,58.52760958969472,59.12739562988281,15488800.0,0.0,0.0,61.119998931884766,59.12739562988281
2025-03-20,58.50826443811377,59.030660545944976,58.37282923023145,58.643699645996094,16528600.0,0.0,0.0,60.619998931884766,58.643699645996094
2025-03-21,58.20836268760544,58.4308675775369,57.49248990460474,58.33412551879883,65935200.0,0.0,0.0,60.29999923706055,58.33412551879883
2025-03-24,59.05001359925164,59.37892928294973,58.89522996517801,58.982295989990234,28335600.0,0.0,0.0,60.970001220703125,58.982295989990234
2025-03-25,58.85653286372336,59.21446932393705,58.72109764582265,59.001644134521484,20877600.0,0.0,0.0,60.9900016784668,59.001644134521484
2025-03-26,59.040335181572225,59.82392937349703,59.02098676679636,59.78523254394531,30621200.0,0.0,0.0,61.79999923706055,59.78523254394531
2025-03-27,59.87229669908639,59.95936271769757,59.33055586357918,59.39827346801758,25720200.0,0.0,0.0,61.400001525878906,59.39827346801758
2025-03-28,59.64979549593477,59.76588229068615,58.53728566770828,58.875877380371094,24931700.0,0.0,0.0,60.86000061035156,58.875877380371094
2025-03-31,58.65337733899712,59.8819739868221,58.276092480675416,59.69816589355469,29335700.0,0.0,0.0,61.709999084472656,59.69816589355469
2025-04-01,59.3789269046506,60.01740983092285,59.069359648902406,59.78523254394531,17381400.0,0.0,0.0,61.79999923706055,59.78523254394531
2025-04-02,59.20479459446634,59.852949880031254,59.1080525210242,59.80458068847656,18610700.0,0.0,0.0,61.81999969482422,59.80458068847656
2025-04-03,57.827648097566644,58.35352822149402,55.76306792595986,55.811763763427734,40006300.0,0.41,0.0,57.310001373291016,55.811763763427734
2025-04-04,55.178750163872024,55.96757585271042,53.01678593777675,53.114173889160156,42924400.0,0.0,0.0,54.540000915527344,53.114173889160156
2025-04-07,51.98450744353391,54.652874556577565,50.74770813801006,52.987579345703125,46816200.0,0.0,0.0,54.40999984741211,52.987579345703125
2025-04-08,53.30895472284621,54.40941088967704,51.34176236549902,51.79947280883789,37377000.0,0.0,0.0,53.189998626708984,51.79947280883789
2025-04-09,51.692349810355005,56.90248513569581,51.29306473133896,56.610328674316406,53380800.0,0.0,0.0,58.130001068115234,56.610328674316406
2025-04-10,56.3084321790545,56.42529402189877,53.562154724902626,55.11058807373047,31964600.0,0.0,0.0,56.59000015258789,55.11058807373047
2025-04-11,55.18849221390597,56.288952019171276,54.80868845575382,55.831241607666016,23036900.0,0.0,0.0,57.33000183105469,55.831241607666016
2025-04-14,56.3766002425523,56.68823429097258,55.60725206021496,55.909149169921875,15657700.0,0.0,0.0,57.40999984741211,55.909149169921875
2025-04-15,56.35712205588578,56.396077240270266,55.5683000044396,55.70463943481445,18543600.0,0.0,0.0,57.20000076293945,55.70463943481445
2025-04-16,55.091110032183245,55.58777936142653,53.97117259288412,54.302284240722656,20551300.0,0.0,0.0,55.7599983215332,54.302284240722656
2025-04-17,54.73078385261427,54.93529300466928,54.234114523370984,54.302284240722656,15910400.0,0.0,0.0,55.7599983215332,54.302284240722656
2025-04-21,53.7179718637168,53.88352954680872,52.42274350586467,52.94862365722656,15578800.0,0.0,0.0,54.369998931884766,52.94862365722656
2025-04-22,53.77640316833022,53.834832230784556,53.16287200776332,53.60110855102539,19961800.0,0.0,0.0,55.040000915527344,53.60110855102539
2025-04-23,54.68208830432717,55.49038792301828,54.049079580014386,54.175682067871094,30231500.0,0.0,0.0,55.630001068115234,54.175682067871094
2025-04-24,53.854311430301614,55.09111072709426,53.71797199387851,54.81843185424805,22782300.0,0.0,0.0,56.290000915527344,54.81843185424805
2025-04-25,54.740518851668654,55.29561722470154,54.604179421796836,55.227447509765625,16493500.0,0.0,0.0,56.709999084472656,55.227447509765625
2025-04-28,55.05215637283652,55.83124524697686,54.94503146689367,55.35405349731445,23140600.0,0.0,0.0,56.84000015258789,55.35405349731445
2025-04-29,55.20796799561133,55.987056793419626,55.149538936255205,55.84097671508789,13466000.0,0.0,0.0,57.34000015258789,55.84097671508789
2025-04-30,55.60725207534841,56.39607785029805,54.98398397833823,56.22078323364258,19921200.0,0.0,0.0,57.72999954223633,56.22078323364258
2025-05-01,56.26947430279629,56.9414382257081,56.17209005757731,56.6005859375,16420800.0,0.0,0.0,58.119998931884766,56.6005859375
2025-05-02,57.516019238497336,57.86660478105057,57.20438516846925,57.778961181640625,18753200.0,0.0,0.0,59.33000183105469,57.778961181640625
2025-05-05,57.457576797791845,58.09058548578963,57.340714969920285,57.76921081542969,14758500.0,0.0,0.0,59.31999969482422,57.76921081542969
2025-05-06,57.09725328069834,57.95424501103023,57.04856115976573,57.67182922363281,13766500.0,0.0,0.0,59.220001220703125,57.67182922363281
2025-05-07,57.652357677757834,58.33405858721041,57.52575517808081,58.0126838684082,14078300.0,0.0,0.0,59.56999969482422,58.0126838684082
2025-05-08,58.39248548480739,58.70411953785068,57.8763422810115,58.14902114868164,16196700.0,0.0,0.0,59.709999084472656,58.14902114868164
2025-05-09,59.074183263346285,59.2397409349931,57.886076176722256,58.20745086669922,17480700.0,0.0,0.0,59.77000045776367,58.20745086669922
2025-05-12,59.99935215584186,60.23307584034607,59.52216041794171,60.05778121948242,23700000.0,0.0,0.0,61.66999816894531,60.05778121948242
2025-05-13,60.067517491121606,60.612878906795714,59.99934777853368,60.16490173339844,18591200.0,0.0,0.0,61.779998779296875,60.16490173339844
2025-05-14,60.01882908292792,60.25255276483945,59.2592178292881,59.68771743774414,34509200.0,0.0,0.0,61.290000915527344,59.68771743774414
2025-05-15,61.42118545029595,64.03112355950067,61.27510535542651,62.580078125,60718000.0,0.0,0.0,64.26000213623047,62.580078125
2025-05-16,62.239225717879194,62.356087564621674,61.33353804693992,61.95680618286133,30289900.0,0.0,0.0,63.619998931884766,61.95680618286133
2025-05-19,61.771770577577925,62.45346773481872,61.52830624571453,62.248958587646484,16249000.0,0.0,0.0,63.91999816894531,62.248958587646484
2025-05-20,62.07366549201971,62.180786673677055,61.42117917390796,61.762027740478516,14995200.0,0.0,0.0,63.41999816894531,61.762027740478516
2025-05-21,61.343273753900746,62.239220698286886,61.323796161852684,61.54778289794922,15595900.0,0.0,0.0,63.20000076293945,61.54778289794922
2025-05-22,61.75229396130635,62.05419107497834,61.30432047518992,61.7036018371582,15641100.0,0.0,0.0,63.36000061035156,61.7036018371582
2025-05-23,61.0705919973423,61.56726131378654,60.89529738153502,61.46013641357422,15645400.0,0.0,0.0,63.11000061035156,61.46013641357422
2025-05-27,62.09314147968978,62.31713193387487,61.68412318589969,62.083404541015625,17429400.0,0.0,0.0,63.75,62.083404541015625
2025-05-28,62.21974093848544,62.31712889533275,61.59647287454543,61.684120178222656,13814500.0,0.0,0.0,63.34000015258789,61.684120178222656
2025-05-29,62.063926151319855,62.07366680483974,60.85634516281251,61.401702880859375,13982800.0,0.0,0.0,63.04999923706055,61.401702880859375
2025-05-30,61.27510221753816,61.52830720701579,60.671311705275336,61.3919677734375,25829000.0,0.0,0.0,63.040000915527344,61.3919677734375
2025-06-02,61.090070762086626,62.21000819401898,61.070593169404134,62.180789947509766,15816000.0,0.0,0.0,63.849998474121094,62.180789947509766
2025-06-03,62.13209448123727,62.774840145302896,62.054187829668784,62.67745590209961,15156900.0,0.0,0.0,64.36000061035156,62.67745590209961
2025-06-04,62.96962213811262,63.193605176100014,62.66772129612557,62.7066764831543,14770900.0,0.0,0.0,64.38999938964844,62.7066764831543
2025-06-05,62.794324629128695,63.21308358303823,62.5995487029255,62.9306640625,17025200.0,0.0,0.0,64.62000274658203,62.9306640625
2025-06-06,63.61235552502613,64.4303994818391,63.52471193855039,64.3330078125,20943800.0,0.0,0.0,66.05999755859375,64.3330078125
2025-06-09,64.38170946758937,64.62517380306507,63.875299489032464,64.17720031738281,13689800.0,0.0,0.0,65.9000015258789,64.17720031738281
2025-06-10,64.28432964207745,64.35249936350297,63.1156962934283,63.44681167602539,17214900.0,0.0,0.0,65.1500015258789,63.44681167602539
2025-06-11,63.40785264892383,63.44680783451442,62.20026790041224,62.511905670166016,20442600.0,0.0,0.0,64.19000244140625,62.511905670166016
2025-06-12,62.63850569152558,63.50523815574283,62.43399653558082,63.39811325073242,15160800.0,0.0,0.0,65.0999984741211,63.39811325073242
2025-06-13,62.90144129866063,63.02804750656302,62.258699325244415,62.414512634277344,14635000.0,0.0,0.0,64.08999633789062,62.414512634277344
2025-06-16,63.48575976004803,63.894778042832854,63.15464441450207,63.797393798828125,16957700.0,0.0,0.0,65.51000213623047,63.797393798828125
2025-06-17,63.923986557672,64.42065581428265,63.32019241375433,63.622093200683594,18845200.0,0.0,0.0,65.33000183105469,63.622093200683594
2025-06-18,63.972694120592344,64.60569547809932,63.670793278304195,64.11876678466797,22664200.0,0.0,0.0,65.83999633789062,64.11876678466797
2025-06-20,64.75176610658266,64.9075868320748,64.0018992974899,64.58621215820312,50421700.0,0.0,0.0,66.31999969482422,64.58621215820312
2025-06-23,64.61543547576869,65.72563229111564,64.47909603738869,65.6185073852539,34030000.0,0.0,0.0,67.37999725341797,65.6185073852539
2025-06-24,66.00804082243879,66.26124577863987,65.59902257545765,66.11516571044922,23162700.0,0.0,0.0,67.88999938964844,66.11516571044922
2025-06-25,66.07621801993032,66.73844129817479,66.00804830437319,66.40733337402344,19395700.0,0.0,0.0,68.19000244140625,66.40733337402344
2025-06-26,66.92347030506653,67.35196986558074,66.63131016290846,67.14745330810547,23154000.0,0.0,0.0,68.94999694824219,67.14745330810547
2025-06-27,67.06955068456264,67.4103992320204,66.55340010705108,66.85530090332031,26224600.0,0.0,0.0,68.6500015258789,66.85530090332031
2025-06-30,67.03060603719507,67.95576758710264,66.95269566269234,67.56622314453125,32561200.0,0.0,0.0,69.37999725341797,67.56622314453125
2025-07-01,67.5662198219983,67.73178121716077,66.8455674681414,67.29354095458984,21939500.0,0.0,0.0,69.0999984741211,67.29354095458984
2025-07-02,66.8845260289144,67.13773103140431,66.39759733255653,66.796875,16655200.0,0.0,0.0,68.58999633789062,66.796875
2025-07-03,66.79687641123826,68.06070790638601,66.79687641123826,67.96273803710938,17973500.0,0.41,0.0,69.37000274658203,67.96273803710938
2025-07-07,67.6786205292804,67.89415872756186,67.21815391924673,67.53166198730469,23985200.0,0.0,0.0,68.93000030517578,67.53166198730469
2025-07-08,67.40430143478252,67.52186228784707,66.9634258119248,67.19855499267578,21182600.0,0.0,0.0,68.58999633789062,67.19855499267578
2025-07-09,67.14957457271163,67.91375002496427,66.92423714402643,67.86476135253906,23765900.0,0.0,0.0,69.2699966430664,67.86476135253906
2025-07-10,67.85497681192662,67.98233690930202,67.16917269817053,67.36511993408203,15005300.0,0.0,0.0,68.76000213623047,67.36511993408203
2025-07-11,66.90465503442219,67.11039403157885,66.31682826045704,66.57154846191406,14699400.0,0.0,0.0,67.94999694824219,66.57154846191406
2025-07-14,66.4539749490598,66.64991467822976,65.8367506003935,66.44417572021484,16451400.0,0.0,0.0,67.81999969482422,66.44417572021484
2025-07-15,66.30702605824196,66.50296581590844,65.78777897326542,65.81716918945312,13944600.0,0.0,0.0,67.18000030517578,65.81716918945312
2025-07-16,65.78776535424485,66.18944401669462,65.62121584724424,66.00330352783203,15156100.0,0.0,0.0,67.37000274658203,66.00330352783203
2025-07-17,66.17965120105147,67.08098584465993,66.14046176333532,66.91443634033203,20400000.0,0.0,0.0,68.30000305175781,66.91443634033203
2025-07-18,67.3847043027179,67.44348473040732,66.58133940093367,66.66951751708984,16145100.0,0.0,0.0,68.05000305175781,66.66951751708984
2025-07-21,66.52255202822275,67.22794698533998,66.41478293896199,66.95362091064453,14674200.0,0.0,0.0,68.33999633789062,66.95362091064453
2025-07-22,66.95362398760585,67.20835161707599,66.69890383275731,66.77728271484375,14527200.0,0.0,0.0,68.16000366210938,66.77728271484375
2025-07-23,66.96342418758235,67.4336900122989,66.6793063418651,67.22795104980469,13042300.0,0.0,0.0,68.62000274658203,67.22795104980469
2025-07-24,66.97322748547961,67.19855744515824,66.54215107618529,66.90464782714844,13534000.0,0.0,0.0,68.29000091552734,66.90464782714844
2025-07-25,66.99281536901972,67.4238917583592,66.68910653541518,67.2965316772461,11590000.0,0.0,0.0,68.69000244140625,67.2965316772461
2025-07-28,66.37559526015988,66.58133421567223,66.00330678941681,66.54214477539062,20558400.0,0.0,0.0,67.91999816894531,66.54214477539062
2025-07-29,66.84587149901233,67.32592913677881,66.45398450967082,66.58134460449219,15261800.0,0.0,0.0,67.95999908447266,66.58134460449219
2025-07-30,66.46376767515258,67.18876112785009,65.98371009943143,66.89484405517578,15518200.0,0.0,0.0,68.27999877929688,66.89484405517578
2025-07-31,66.92423589468098,67.74719923340514,66.5029587334033,66.69890594482422,18529200.0,0.0,0.0,68.08000183105469,66.69890594482422
2025-08-01,66.1404678713481,66.2384377373754,65.17054601619924,65.74858093261719,21650000.0,0.0,0.0,67.11000061035156,65.74858093261719
2025-08-04,66.39518336287831,67.12017676470686,66.23843308317291,67.10057830810547,17052200.0,0.0,0.0,68.48999786376953,67.10057830810547
2025-08-05,67.29652379006023,67.47287252188352,66.07188189534882,66.15025329589844,15434500.0,0.0,0.0,67.5199966430664,66.15025329589844
2025-08-06,66.58134236815063,67.94314381753952,66.39519437267568,67.80598449707031,23107800.0,0.0,0.0,69.20999908447266,67.80598449707031
2025-08-07,68.3840171274768,68.71711618731997,67.80598217561311,68.48198699951172,22579600.0,0.0,0.0,69.9000015258789,68.48198699951172
2025-08-08,68.81508196488103,70.55897099705717,68.79549098148856,70.3336410522461,31662400.0,0.0,0.0,71.79000091552734,70.3336410522461
2025-08-11,70.83329660182024,71.07822500296814,68.91305135915371,69.23635864257812,28911400.0,0.0,0.0,70.66999816894531,69.23635864257812
2025-08-12,69.35393356567488,70.04952939417282,69.12859612634232,69.93196105957031,21912100.0,0.0,0.0,71.37999725341797,69.93196105957031
2025-08-13,70.40222867156182,70.56877821041766,68.82488898093291,68.97184753417969,38096400.0,0.0,0.0,70.4000015258789,68.97184753417969
2025-08-14,66.62052670343014,69.17757987045802,66.1110789057081,67.89415740966797,39317300.0,0.0,0.0,69.30000305175781,67.89415740966797
2025-08-15,67.06139610979044,67.257343323854,64.5239413532983,64.85704040527344,40877300.0,0.0,0.0,66.19999694824219,64.85704040527344
2025-08-18,64.73948128115016,65.74858516801719,64.4161739752737,65.59182739257812,20903400.0,0.0,0.0,66.94999694824219,65.59182739257812
2025-08-19,65.40568542480469,66.15026241773613,65.13136679850132,65.40568542480469,18746600.0,0.0,0.0,66.76000213623047,65.40568542480469
2025-08-20,65.46446308890283,65.8269598152877,65.19014447417769,65.74858093261719,14946400.0,0.0,0.0,67.11000061035156,65.74858093261719
2025-08-21,65.73877927039442,65.85634759004856,65.12156241010833,65.660400390625,12456600.0,0.0,0.0,67.0199966430664,65.660400390625
2025-08-22,65.96412204436466,66.65971784097638,65.65061397441822,65.9543228149414,16830600.0,0.0,0.0,67.31999969482422,65.9543228149414
2025-08-25,65.91512866399289,66.13066684817822,65.74857914880292,65.77796936035156,11724500.0,0.0,0.0,67.13999938964844,65.77796936035156
2025-08-26,65.8073575230219,67.3553067297753,65.74857710175472,67.00260925292969,28307900.0,0.0,0.0,68.38999938964844,67.00260925292969
2025-08-27,66.93403689464655,67.3553140670691,66.7674873664991,67.05160522460938,13876700.0,0.0,0.0,68.44000244140625,67.05160522460938
2025-08-28,66.97322916146457,68.16848107196623,66.96342993156571,68.02152252197266,15256000.0,0.0,0.0,69.43000030517578,68.02152252197266
2025-08-29,67.70801398701128,68.05091228497011,67.4336953486442,67.68841552734375,14953000.0,0.0,0.0,69.08999633789062,67.68841552734375
2025-09-02,66.72829991598296,66.93403889359566,66.0131056346055,66.42459106445312,18928800.0,0.0,0.0,67.80000305175781,66.42459106445312
2025-09-03,66.66951427903035,66.74788568726916,65.96411928252937,66.2972183227539,14320100.0,0.0,0.0,67.66999816894531,66.2972183227539
2025-09-04,66.71848685479142,67.02220311798008,66.04248963266855,66.6107177734375,14388500.0,0.0,0.0,67.98999786376953,66.6107177734375
2025-09-05,66.34620387530516,66.7184923394645,65.13136114654506,65.54283905029297,21050800.0,0.0,0.0,66.9000015258789,65.54283905029297
2025-09-08,65.36650407778157,65.65062196867719,65.00400729119968,65.52325439453125,14038000.0,0.0,0.0,66.87999725341797,65.52325439453125
2025-09-09,65.38609595310128,66.07190008774317,65.28812606947328,65.97392272949219,11649400.0,0.0,0.0,67.33999633789062,65.97392272949219
2025-09-10,66.21884797157098,66.93404228923102,65.75838879333858,66.74789428710938,14689500.0,0.0,0.0,68.12999725341797,66.74789428710938
2025-09-11,66.92423590626002,67.17896354384035,66.14046948430627,66.31681823730469,17560800.0,0.0,0.0,67.69000244140625,66.31681823730469
2025-09-12,65.52324955735905,65.97391696235088,64.78846428244626,65.18035125732422,18529200.0,0.0,0.0,66.52999877929688,65.18035125732422
2025-09-15,65.16075184999303,65.8367491327955,65.0039940904542,65.660400390625,16203100.0,0.0,0.0,67.0199966430664,65.660400390625
2025-09-16,65.660405748391,66.01310326151147,65.19994661007115,65.57223510742188,18019300.0,0.0,0.0,66.93000030517578,65.57223510742188
2025-09-17,65.64081167202707,66.50295695536305,65.03338654479528,66.34620666503906,18652100.0,0.0,0.0,67.72000122070312,66.34620666503906
2025-09-18,66.5225525209434,67.3651067843384,66.11107461778437,67.28672790527344,20279000.0,0.0,0.0,68.68000030517578,67.28672790527344
2025-09-19,67.52185918333116,67.52185918333116,65.81715962067676,66.82626342773438,47822500.0,0.0,0.0,68.20999908447266,66.82626342773438
2025-09-22,66.48337182640252,66.620531145497,65.93473455002463,66.37560272216797,20396700.0,0.0,0.0,67.75,66.37560272216797
2025-09-23,66.20905028281135,66.83606642104901,65.70939422825191,66.16986083984375,22240000.0,0.0,0.0,67.54000091552734,66.16986083984375
2025-09-24,66.32661131218343,66.48336908446764,65.53304564520506,65.9543228149414,17433100.0,0.0,0.0,67.31999969482422,65.9543228149414
2025-09-25,65.95432472222505,66.85565951505835,65.7485857461189,66.47357177734375,22351700.0,0.0,0.0,67.8499984741211,66.47357177734375
2025-09-26,66.49316143379549,66.53235087281159,65.49384942543813,65.8563461303711,15077400.0,0.0,0.0,67.22000122070312,65.8563461303711
2025-09-29,66.34620666503906,66.57153660887134,66.07188805100587,66.34620666503906,14358300.0,0.0,0.0,67.72000122070312,66.34620666503906
2025-09-30,66.33641707433993,67.3749112568156,66.31682608818609,67.03201293945312,20498900.0,0.0,0.0,68.41999816894531,67.03201293945312
2025-10-01,66.52256102084775,67.42389582139863,66.31682204297998,67.35531616210938,15530700.0,0.0,0.0,68.75,67.35531616210938
2025-10-02,67.7765937178026,68.08030257136771,66.875258912329,66.92424011230469,15708300.0,0.0,0.0,68.30999755859375,66.92424011230469
2025-10-03,66.97352214989179,67.59447355340285,66.67783780895184,66.94395446777344,11113200.0,0.41,0.0,67.91999816894531,66.94395446777344
2025-10-06,67.4564916582984,67.95915733581076,66.83554020291947,67.91973876953125,21952700.0,0.0,0.0,68.91000366210938,67.91973876953125
2025-10-07,67.92957954286472,68.22527138425926,67.45648162034051,67.99857330322266,16493200.0,0.0,0.0,68.98999786376953,67.99857330322266
2025-10-08,68.8067815832105,69.74313396485377,68.00842422686887,69.3193130493164,34246300.0,0.0,0.0,70.33000183105469,69.3193130493164
2025-10-09,69.29960442466901,69.60515466849144,68.0379999281618,68.95463562011719,21209500.0,0.0,0.0,69.95999908447266,68.95463562011719
2025-10-10,69.39817482548754,69.79242059900807,66.91438434167407,66.96366882324219,20961500.0,0.0,0.0,67.94000244140625,66.96366882324219
2025-10-13,67.56490246014897,67.90001286691354,66.16530291257145,66.49056243896484,14127900.0,0.0,0.0,67.45999908447266,66.49056243896484
2025-10-14,66.1455884060617,68.16613164640593,65.84989658365583,67.6733169555664,15402000.0,0.0,0.0,68.66000366210938,67.6733169555664
2025-10-15,68.3139766589345,69.28975525559441,67.83102032063451,68.52095794677734,16260500.0,0.0,0.0,69.5199966430664,68.52095794677734
2025-10-16,68.77722420156466,69.06305765434197,67.5846134281011,68.09713745117188,13950600.0,0.0,0.0,69.08999633789062,68.09713745117188
2025-10-17,68.06756914522802,69.75299464530661,67.95914930138471,69.1221923828125,16286900.0,0.0,0.0,70.12999725341797,69.1221923828125
2025-10-20,69.11233746053142,69.95012096143492,69.11233746053142,69.63471984863281,12183500.0,0.0,0.0,70.6500015258789,69.63471984863281
2025-10-21,69.56573256306795,70.21624412885718,69.36860214937698,69.70372009277344,15763300.0,0.0,0.0,70.72000122070312,69.70372009277344
2025-10-22,69.84169989850143,69.95011973410193,68.84621209878571,69.64457702636719,14967200.0,0.0,0.0,70.66000366210938,69.64457702636719
2025-10-23,69.58543713305477,70.21623937464263,69.22075905199183,69.26017761230469,14614100.0,0.0,0.0,70.2699966430664,69.26017761230469
2025-10-24,69.62486389321651,69.92055573674232,69.05319700626978,69.61500549316406,13075600.0,0.0,0.0,70.62999725341797,69.61500549316406
2025-10-27,69.5263063880754,70.4330837305815,69.41788654062832,70.36408996582031,15986800.0,0.0,0.0,71.38999938964844,70.36408996582031
2025-10-28,70.17681642980213,71.6355513784921,70.00926122184123,71.576416015625,19896800.0,0.0,0.0,72.62000274658203,71.576416015625
2025-10-29,71.63554508532428,71.77353259972945,69.90083523597352,70.30494689941406,18020600.0,0.0,0.0,71.33000183105469,70.30494689941406
2025-10-30,70.34437346364739,72.05936652578251,70.31479826485153,71.86224365234375,18101800.0,0.0,0.0,72.91000366210938,71.86224365234375
2025-10-31,71.67497705228202,72.4240575632776,71.38914360045796,72.05937194824219,24008000.0,0.0,0.0,73.11000061035156,72.05937194824219
2025-11-03,73.53781602043888,73.76450658951667,72.56204494188442,73.38011169433594,21733400.0,0.0,0.0,74.44999694824219,73.38011169433594
2025-11-04,72.83802774835132,72.9267308014119,70.94562075215595,71.28073120117188,22345000.0,0.0,0.0,72.31999969482422,71.28073120117188
2025-11-05,71.18215915999,71.53698635897365,70.3148004425829,71.06388092041016,16113500.0,0.0,0.0,72.0999984741211,71.06388092041016
2025-11-06,70.67948921050757,71.19202075191123,69.67415044814832,70.01911926269531,16469900.0,0.0,0.0,71.04000091552734,70.01911926269531
2025-11-07,70.36409194650736,70.56121484572922,69.52630834517959,70.04869079589844,16913700.0,0.0,0.0,71.06999969482422,70.04869079589844
2025-11-10,70.72877173780944,71.45813542837428,70.12753716917643,71.05402374267578,22201200.0,0.0,0.0,72.08999633789062,71.05402374267578
2025-11-11,70.70905681699263,71.2117299575186,70.07825455112935,70.67948913574219,21412900.0,0.0,0.0,71.70999908447266,70.67948913574219
2025-11-12,70.87661983061163,73.14356313281154,70.68934782225914,72.89715576171875,57591600.0,0.0,0.0,73.95999908447266,72.89715576171875
2025-11-13,76.82981386591706,78.35754254610198,75.54850007198539,76.26800537109375,57638500.0,0.0,0.0,77.37999725341797,76.26800537109375
2025-11-14,75.47949748220017,77.53945921570397,74.75012634845021,76.87908935546875,38819600.0,0.0,0.0,78.0,76.87908935546875
2025-11-17,76.77068181039895,78.24912607305102,76.35671922159791,76.66226196289062,28720100.0,0.0,0.0,77.77999877929688,76.66226196289062
2025-11-18,76.435561783377,77.07621486756051,75.35136344451627,76.25814819335938,26025500.0,0.0,0.0,77.37000274658203,76.25814819335938
2025-11-19,76.1891638465189,77.7957372347099,76.05117631721447,77.26349639892578,24759700.0,0.0,0.0,78.38999938964844,77.26349639892578
2025-11-20,77.98301305736068,78.90949972513482,74.23761774244404,74.35589599609375,27381900.0,0.0,0.0,75.44000244140625,74.35589599609375
2025-11-21,74.5530124087932,75.83433372596963,74.38545720386035,75.00640106201172,24428800.0,0.0,0.0,76.0999984741211,75.00640106201172
2025-11-24,75.39080130556013,75.77519622405185,74.59244378557835,75.14439392089844,26691500.0,0.0,0.0,76.23999786376953,75.14439392089844
2025-11-25,75.39079127852777,75.95259974004522,74.9866871317022,75.22323608398438,18818800.0,0.0,0.0,76.31999969482422,75.22323608398438
2025-11-26,75.36122440026013,75.49921191720398,74.25731674495364,74.9768295288086,15972600.0,0.0,0.0,76.06999969482422,74.9768295288086
2025-11-28,75.0458287276595,75.85404460824536,74.72056919138859,75.83433532714844,7320900.0,0.0,0.0,76.94000244140625,75.83433532714844
2025-12-01,75.56820948252822,75.71605540663191,74.83884578197437,74.947265625,15529600.0,0.0,0.0,76.04000091552734,74.947265625
2025-12-02,75.06554666663006,75.89347184086554,74.67129336090807,75.76534271240234,14619100.0,0.0,0.0,76.87000274658203,75.76534271240234
2025-12-03,75.48935664787744,76.70168419102045,74.56287006994296,76.6326904296875,16088400.0,0.0,0.0,77.75,76.6326904296875
2025-12-04,76.57355384718932,76.74110904778897,76.06102232567099,76.64254760742188,12572600.0,0.0,0.0,77.76000213623047,76.64254760742188
2025-12-05,76.84953308105469,77.06637277354668,76.28772456857831,76.84953308105469,12579400.0,0.0,0.0,77.97000122070312,76.84953308105469
2025-12-08,77.08608490480772,78.23926965414361,76.99738185628492,77.72674560546875,17454500.0,0.0,0.0,78.86000061035156,77.72674560546875
2025-12-09,77.65775426308015,78.7320868785388,77.38177918827452,78.3674087524414,15737500.0,0.0,0.0,79.51000213623047,78.3674087524414
2025-12-10,77.69717159218698,79.65857209831351,77.6676039117551,79.09676361083984,21302700.0,0.0,0.0,80.25,79.09676361083984
2025-12-11,79.08690589717128,79.21504253982948,77.69717226651954,78.13084411621094,18652300.0,0.0,0.0,79.2699966430664,78.13084411621094
2025-12-12,78.31811733990313,78.41667878365172,76.60312415545805,76.68197631835938,16672300.0,0.0,0.0,77.80000305175781,76.68197631835938
2025-12-15,77.08608508563434,77.57889985349014,76.42571510144914,77.1255111694336,17646000.0,0.0,0.0,78.25,77.1255111694336
2025-12-16,76.98751986985913,77.4803346136069,76.26800703529463,76.4355697631836,17737200.0,0.0,0.0,77.55000305175781,76.4355697631836
2025-12-17,76.78053434086522,77.07621865893567,74.82898475467472,74.9078369140625,26094400.0,0.0,0.0,76.0,74.9078369140625
2025-12-18,75.23309941538753,76.69182682313395,75.16410565312594,75.84418487548828,19249400.0,0.0,0.0,76.94999694824219,75.84418487548828
2025-12-19,75.86390059633123,78.03228239634069,75.68648699307549,77.29306030273438,84881900.0,0.0,0.0,78.41999816894531,77.29306030273438
2025-12-22,77.88443721572833,78.01257385915144,76.83967238646578,76.98751831054688,18016100.0,0.0,0.0,78.11000061035156,76.98751831054688
2025-12-23,76.49469956073816,76.99737266832065,76.47498276135926,76.8988037109375,16712600.0,0.0,0.0,78.0199966430664,76.8988037109375
2025-12-24,76.8988037109375,77.16492786426292,76.73124851499523,76.8988037109375,9104400.0,0.0,0.0,78.0199966430664,76.8988037109375
2025-12-26,76.9776536931149,77.15506728373191,76.8100985019087,77.03679656982422,10158000.0,0.0,0.0,78.16000366210938,77.03679656982422
2025-12-29,76.9086681133447,77.17479228744111,76.40599496652861,76.672119140625,17941800.0,0.0,0.0,77.79000091552734,76.672119140625
2025-12-30,76.69183032475466,76.69183032475466,76.06102803534573,76.2975845336914,13952200.0,0.0,0.0,77.41000366210938,76.2975845336914
2025-12-31,76.22857738848123,76.70168282904636,75.7751887478074,75.92303466796875,13570500.0,0.0,0.0,77.02999877929688,75.92303466796875
2026-01-02,75.95276419258126,76.2500307433969,74.92222351776539,75.34831237792969,15749800.0,0.41,0.0,76.04000091552734,75.34831237792969
2026-01-05,75.75458319290247,76.07167206760414,74.52586474843287,74.89250183105469,16328800.0,0.0,0.0,75.58000183105469,74.89250183105469
2026-01-06,74.84295137305166,75.0411366387789,74.12949953642337,74.54568481445312,17017200.0,0.0,0.0,75.2300033569336,74.54568481445312
2026-01-07,74.43667664871427,74.69430612592657,73.52503964629042,74.04031372070312,20347400.0,0.0,0.0,74.72000122070312,74.04031372070312
2026-01-08,73.63404620323485,73.78268325948578,72.88096488888766,73.2872314453125,17192200.0,0.0,0.0,73.95999908447266,73.2872314453125
2026-01-09,72.78187314621508,73.65387323348591,72.67287313530622,73.20796203613281,19104100.0,0.0,0.0,73.87999725341797,73.20796203613281
2026-01-12,72.24678429757594,73.3764137841549,72.13778429799426,73.33677673339844,20985700.0,0.0,0.0,74.01000213623047,73.33677673339844
2026-01-13,73.3169599234513,74.81322657168356,73.18814516883334,74.78350067138672,17809900.0,0.0,0.0,75.47000122070312,74.78350067138672
2026-01-14,74.24840557343859,74.42676852029035,73.1485019945185,73.73313903808594,17801300.0,0.0,0.0,74.41000366210938,73.73313903808594
2026-01-15,74.53577245267239,75.358224282117,74.22859474576923,74.56549835205078,18213000.0,0.0,0.0,75.25,74.56549835205078
2026-01-16,74.95194606675923,75.29876080720676,73.92140543800491,74.50604248046875,25743300.0,0.0,0.0,75.19000244140625,74.50604248046875
2026-01-20,73.84213280010205,74.18895510741427,72.54405150585806,72.68277740478516,23999700.0,0.0,0.0,73.3499984741211,72.68277740478516
2026-01-21,73.27732096984141,73.68359509001787,72.34587669137879,73.01969146728516,18210200.0,0.0,0.0,73.69000244140625,73.01969146728516
2026-01-22,73.43586961775733,74.09977324444186,73.2079584533758,73.65386962890625,12879800.0,0.0,0.0,74.33000183105469,73.65386962890625
2026-01-23,73.27732129739609,74.38713609796598,73.03950654012925,73.9114990234375,13125500.0,0.0,0.0,74.58999633789062,73.9114990234375
2026-01-26,75.77440512762657,76.71576059352164,74.95195326416324,76.30949401855469,24714400.0,0.0,0.0,77.01000213623047,76.30949401855469
2026-01-27,76.48785020754165,78.1922055847266,76.3491243103284,77.96429443359375,17756700.0,0.0,0.0,78.68000030517578,77.96429443359375
2026-01-28,78.21201909761052,78.32101909513113,77.31029321993906,78.24174499511719,14022900.0,0.0,0.0,78.95999908447266,78.24174499511719
2026-01-29,78.39039042473792,78.7570275065103,76.92384965764347,77.7165756225586,22642900.0,0.0,0.0,78.43000030517578,77.7165756225586
2026-01-30,77.3796556873686,78.08320387063449,77.01302620706878,77.6075668334961,26458400.0,0.0,0.0,78.31999969482422,77.6075668334961
2026-02-02,77.40938994232417,80.42173771525579,77.29047879181573,79.90646362304688,28238600.0,0.0,0.0,80.63999938964844,79.90646362304688
2026-02-03,80.07492246096292,82.4927298140506,80.07492246096292,82.35400390625,34962100.0,0.0,0.0,83.11000061035156,82.35400390625
2026-02-04,83.21608544635383,83.47371493232188,80.40191536582748,80.42173767089844,39765700.0,0.0,0.0,81.16000366210938,80.42173767089844
2026-02-05,80.1244616310624,82.55217230375463,80.07491342958129,81.6108169555664,24236500.0,0.0,0.0,82.36000061035156,81.6108169555664
2026-02-06,82.79990594891265,84.22680961332497,82.05672821703038,84.04844665527344,23936600.0,0.0,0.0,84.81999969482422,84.04844665527344
2026-02-09,83.95926793820938,86.4563417606582,83.54308266780562,85.99061584472656,22908400.0,0.0,0.0,86.77999877929688,85.99061584472656
2026-02-10,86.17888830561324,87.38779192129651,85.34652534071877,85.50507354736328,32113800.0,0.0,0.0,86.29000091552734,85.50507354736328
2026-02-11,85.27716076787651,86.34733846238255,84.35562012427316,84.76189422607422,34455800.0,0.0,0.0,85.54000091552734,84.76189422607422
2026-02-12,78.88583822992165,79.63892710209126,73.4160459836293,74.3177719116211,68098600.0,0.0,0.0,75.0,74.3177719116211
2026-02-13,73.7034142306288,76.5968587702626,72.7521475891036,76.15094757080078,42886400.0,0.0,0.0,76.8499984741211,76.15094757080078
2026-02-17,76.25003642846055,76.86439944194349,75.78431804146012,76.15094757080078,24792700.0,0.0,0.0,76.8499984741211,76.15094757080078
2026-02-18,75.85367145215216,77.88501923852941,75.79421209704266,77.46884155273438,20648800.0,0.0,0.0,78.18000030517578,77.46884155273438
2026-02-19,77.28057552724893,78.43993857305722,77.1616719245984,77.84539031982422,18443200.0,0.0,0.0,78.55999755859375,77.84539031982422
2026-02-20,77.41930184557714,78.60839079832336,77.41930184557714,78.47956848144531,29461600.0,0.0,0.0,79.19999694824219,78.47956848144531
2026-02-23,78.13274815562582,78.75702226847515,76.24012619125975,77.03284454345703,24485900.0,0.0,0.0,77.73999786376953,77.03284454345703
2026-02-24,77.03284389538318,77.99402159883124,76.76530324926611,77.42920684814453,19485100.0,0.0,0.0,78.13999938964844,77.42920684814453
2026-02-25,77.73638788487294,78.69756562961048,77.54812133321965,78.40029907226562,22721800.0,0.0,0.0,79.12000274658203,78.40029907226562
2026-02-26,78.22193512559274,78.61829053037826,77.01303148501054,77.38957214355469,19608000.0,0.0,0.0,78.0999984741211,77.38957214355469
2026-02-27,76.94366480816811,78.80656082445549,76.36893891506014,78.73719787597656,27498000.0,0.0,0.0,79.45999908447266,78.73719787597656
2026-03-02,78.0336595647268,78.79665202073983,76.98330415359351,78.69756317138672,18540400.0,0.0,0.0,79.41999816894531,78.69756317138672
2026-03-03,77.66701911000752,78.71738203520657,76.86438963735063,78.24174499511719,17521100.0,0.0,0.0,78.95999908447266,78.24174499511719
2026-03-04,78.47956177505064,80.22355422071684,77.81565818016443,80.1343765258789,20388100.0,0.0,0.0,80.87000274658203,80.1343765258789
2026-03-05,79.26237374010199,80.4316402446663,78.33092953341104,79.28219604492188,26844800.0,0.0,0.0,80.01000213623047,79.28219604492188
2026-03-06,77.80574857352924,78.79665218916763,77.63729677326943,77.9246597290039,20621200.0,0.0,0.0,78.63999938964844,77.9246597290039
2026-03-09,76.47793947286904,76.85448011593519,74.51594703585307,75.51676177978516,32855900.0,0.0,0.0,76.20999908447266,75.51676177978516
2026-03-10,76.43830621941424,78.29129874865149,76.39866916659692,76.99320983886719,24836000.0,0.0,0.0,77.69999694824219,76.99320983886719
2026-03-11,76.93375738005554,77.78593510833497,76.41849081783751,77.38957214355469,14719900.0,0.0,0.0,78.0999984741211,77.38957214355469
2026-03-12,76.25002978416606,77.41929634665205,76.25002978416606,77.03284454345703,19969500.0,0.0,0.0,77.73999786376953,77.03284454345703
2026-03-13,77.35984037543096,78.53901802719754,77.23102563464744,77.61747741699219,19080400.0,0.0,0.0,78.33000183105469,77.61747741699219
2026-03-16,78.20211149883647,78.4498374026417,77.47875609332219,78.18229675292969,14715100.0,0.0,0.0,78.9000015258789,78.18229675292969
2026-03-17,78.45974960935872,79.32183848777741,78.10302369828855,78.5489273071289,16210500.0,0.0,0.0,79.2699966430664,78.5489273071289
2026-03-18,79.01465240090921,79.30201535739545,76.82475631181896,76.89411926269531,18827600.0,0.0,0.0,77.5999984741211,76.89411926269531
2026-03-19,76.84457846729909,78.16247453136907,76.22030435063972,77.79584503173828,17519600.0,0.0,0.0,78.51000213623047,77.79584503173828
2026-03-20,77.73639058731511,78.32102768907566,76.01222030279207,76.94367218017578,90380800.0,0.0,0.0,77.6500015258789,76.94367218017578
2026-03-23,77.92465676791845,78.78674560236311,77.70665677116271,78.10301971435547,20072200.0,0.0,0.0,78.81999969482422,78.10301971435547
2026-03-24,77.65711808774198,80.20374004502051,77.41929577982887,80.12446594238281,23528000.0,0.0,0.0,80.86000061035156,80.12446594238281
2026-03-25,80.26319573820521,81.92791417443445,80.15419573178583,81.08564758300781,23146000.0,0.0,0.0,81.83000183105469,81.08564758300781
2026-03-26,81.32346579842631,82.3540065465525,81.06582872139596,81.41265106201172,26649600.0,0.0,0.0,82.16000366210938,81.41265106201172
2026-03-27,81.23428266458014,81.37300856755496,78.67774949262456,79.1930160522461,20557400.0,0.0,0.0,79.91999816894531,79.1930160522461
2026-03-30,79.13355822291923,79.65873589558417,75.89329937610874,76.3392105102539,24306300.0,0.0,0.0,77.04000091552734,76.3392105102539
2026-03-31,77.18148279086817,77.47875690253713,75.61585324806843,76.88420867919922,25105700.0,0.0,0.0,77.58999633789062,76.88420867919922
2026-04-01,77.290485695693,78.40030051958831,77.10221158056919,77.22112274169922,21309000.0,0.0,0.0,77.93000030517578,77.22112274169922
2026-04-02,76.4440283426143,78.8051904172119,76.25473404598225,78.7254867553711,12634900.0,0.42,0.0,79.0199966430664,78.7254867553711
2026-04-06,78.82511777668516,80.1800495836353,78.7254844018829,80.14019775390625,16388600.0,0.0,0.0,80.44000244140625,80.14019775390625
2026-04-07,79.72175917431441,80.58851938868159,79.12399691656029,80.37930297851562,13428100.0,0.0,0.0,80.68000030517578,80.37930297851562
2026-04-08,82.00322741592719,83.42789809638369,81.19624872592752,83.38804626464844,19621900.0,0.0,0.0,83.69999694824219,83.38804626464844
2026-04-09,83.53748944186032,84.45405877666501,81.8438283840273,82.86002349853516,17611700.0,0.0,0.0,83.16999816894531,82.86002349853516
2026-04-10,83.57734066117534,84.24484174134838,81.31580431455932,81.91356658935547,17571100.0,0.0,0.0,82.22000122070312,81.91356658935547
2026-04-13,81.73423338065093,82.08292739146817,80.94717684140096,82.04307556152344,19997500.0,0.0,0.0,82.3499984741211,82.04307556152344
2026-04-14,81.72426863112378,82.34196059464594,81.05676758082427,82.30210876464844,17856800.0,0.0,0.0,82.61000061035156,82.30210876464844
2026-04-15,82.22240412553427,82.35192447172362,80.57855226226977,82.05303955078125,15066400.0,0.0,0.0,82.36000061035156,82.05303955078125
2026-04-16,81.77408745258181,84.21495319618265,81.69438379050712,84.18506622314453,14609000.0,0.0,0.0,84.5,84.18506622314453
2026-04-17,84.87249618195321,86.05805583971323,84.28469118106489,85.92854309082031,20321900.0,0.0,0.0,86.25,85.92854309082031
2026-04-20,85.8787280845626,88.02071651796375,85.5399989188413,87.38310241699219,16695600.0,0.0,0.0,87.70999908447266,87.38310241699219
2026-04-21,87.59231979635177,89.46531788943159,86.83515779370563,89.36568450927734,18653400.0,0.0,0.0,89.69999694824219,89.36568450927734
2026-04-22,89.59482952370088,90.11288812962029,89.14650972244291,89.46531677246094,16986100.0,0.0,0.0,89.80000305175781,89.46531677246094
2026-04-23,88.98710164548342,89.66456757117065,87.94101198343594,88.25981903076172,21156700.0,0.0,0.0,88.58999633789062,88.25981903076172
2026-04-24,87.08422554237958,89.39557857084196,87.08422554237958,88.67826080322266,18969900.0,0.0,0.0,89.01000213623047,88.67826080322266
2026-04-27,88.94724823158846,89.16642949790442,87.31336119299971,87.9310531616211,13810500.0,0.0,0.0,88.26000213623047,87.9310531616211
2026-04-28,88.21997388074324,88.21997388074324,85.46029351773731,86.53627014160156,16889300.0,0.0,0.0,86.86000061035156,86.53627014160156
2026-04-29,86.99455376819888,89.2959418524616,86.51633940734666,89.23616790771484,15427900.0,0.0,0.0,89.56999969482422,89.23616790771484
2026-04-30,89.48524234572787,91.32834591239926,88.9871058357648,91.15898132324219,21686700.0,0.0,0.0,91.5,91.15898132324219
2026-05-01,91.40804938930371,92.57368699597781,90.82025195722291,91.50767517089844,16095700.0,0.0,0.0,91.8499984741211,91.50767517089844
2026-05-04,91.50767541105674,92.75301668665892,90.85013917003795,92.2847671508789,12684800.0,0.0,0.0,92.62999725341797,92.2847671508789
2026-05-05,93.47033297670633,94.36698020093444,93.03197042242597,93.94854736328125,13456200.0,0.0,0.0,94.30000305175781,93.94854736328125
2026-05-06,92.2947272538162,93.07181895359831,90.66084019248986,91.29845428466797,27026600.0,0.0,0.0,91.63999938964844,91.29845428466797
2026-05-07,91.65711336703644,92.38439598056665,91.26856751627469,91.81652069091797,17062300.0,0.0,0.0,92.16000366210938,91.81652069091797
2026-05-08,92.98216062608438,96.65840281603927,92.79286632436386,96.2100830078125,24652500.0,0.0,0.0,96.56999969482422,96.2100830078125
2026-05-11,95.99090387763549,98.46166430961999,94.974708742496,98.3520736694336,31852500.0,0.0,0.0,98.72000122070312,98.3520736694336
2026-05-12,99.14908329127454,99.55755886015953,97.40560558214602,98.9199447631836,28810800.0,0.0,0.0,99.29000091552734,98.9199447631836
2026-05-13,99.0295380234399,101.62981116947924,98.91994738502753,101.4903335571289,45241600.0,0.0,0.0,101.87000274658203,101.4903335571289
2026-05-14,117.11189435958173,118.91514605987985,113.54523519019843,115.09941864013672,70932300.0,0.0,0.0,115.52999877929688,115.09941864013672
2026-05-15,114.182843340767,118.38711640346052,113.57511623354583,117.76942443847656,38519600.0,0.0,0.0,118.20999908447266,117.76942443847656
2026-05-18,118.35723173463485,118.9450291377703,115.5975513545026,118.43692779541016,24763500.0,0.0,0.0,118.87999725341797,118.43692779541016
2026-05-19,116.60379086055624,118.05834850384714,114.36217664845788,114.9499740600586,32525500.0,0.0,0.0,115.37999725341797,114.9499740600586
2026-05-20,115.25882260163759,116.48423410107117,113.4256763800439,113.92381286621094,26154800.0,0.0,0.0,114.3499984741211,113.92381286621094
2026-05-21,113.7046298192243,118.15797115211657,113.146719395743,117.75946044921875,22700600.0,0.0,0.0,118.19999694824219,117.75946044921875
2026-05-22,118.01849814442764,120.33981604836205,117.2414064240279,119.96123504638672,22237200.0,0.0,0.0,120.41000366210938,119.96123504638672
2026-05-26,120.0907470750127,120.31988560607661,116.66356555858108,117.88898468017578,26607200.0,0.0,0.0,118.33000183105469,117.88898468017578
2026-05-27,117.50043579365371,119.94130151480374,116.33479064917161,119.22398376464844,21705100.0,0.0,0.0,119.66999816894531,119.22398376464844
2026-05-28,120.08077784445092,120.27007213788391,117.52035665852203,118.19782257080078,20631300.0,0.0,0.0,118.63999938964844,118.19782257080078
2026-05-29,117.38088315730684,120.97742925252889,116.57390446922955,119.97119140625,42179300.0,0.0,0.0,120.41999816894531,119.97119140625
2026-06-01,119.35350357607003,121.49548435800466,117.85909413697546,120.87779998779297,23966800.0,0.0,0.0,121.33000183105469,120.87779998779297
2026-06-02,122.03347533485748,127.74212286136571,122.03347533485748,127.52294158935547,26451500.0,0.0,0.0,128.0,127.52294158935547
2026-06-03,125.68980476552466,128.93764925828725,124.45442077836663,126.02853393554688,29972500.0,0.0,0.0,126.5,126.02853393554688
2026-06-04,125.59016968918104,129.88410380965527,123.6773273878104,129.51548767089844,23339500.0,0.0,0.0,130.0,129.51548767089844
2026-06-05,128.18048613177464,128.35980797247962,121.09698458746,121.1866455078125,33169300.0,0.0,0.0,121.63999938964844,121.1866455078125
2026-06-08,123.09948898605293,125.96876007990703,121.54530554418845,123.68729400634766,24288200.0,0.0,0.0,124.1500015258789,123.68729400634766
2026-06-09,122.80060822902054,123.75702936669221,116.66356309442796,119.91141510009766,22744100.0,0.0,0.0,120.36000061035156,119.91141510009766
2026-06-10,119.27380044260487,120.49921193154478,117.91886860375652,118.35723114013672,19740500.0,0.0,0.0,118.80000305175781,118.35723114013672
2026-06-11,116.74326755978973,122.09325617395892,116.06580163248876,121.37593841552734,24625500.0,0.0,0.0,121.83000183105469,121.37593841552734
2026-06-12,121.89400000215892,122.33236255436663,120.28004260713928,120.6486587524414,18222800.0,0.0,0.0,121.0999984741211,120.6486587524414
2026-06-15,122.10321400670519,122.13310097995415,119.08450809320625,119.72212219238281,23148000.0,0.0,0.0,120.16999816894531,119.72212219238281
2026-06-16,119.84167688789378,120.31988365861034,118.75573539433903,119.12435913085938,16644300.0,0.0,0.0,119.56999969482422,119.12435913085938
2026-06-17,118.51663000765573,119.21402563786691,116.50416197970115,116.89270782470703,18472000.0,0.0,0.0,117.33000183105469,116.89270782470703
2026-06-18,118.15797574441675,119.87156651280579,116.86282541086113,119.09447479248047,52284400.0,0.0,0.0,119.54000091552734,119.09447479248047
2026-06-22,119.15424968420149,121.63496733435197,119.15424968420149,121.07705688476562,20174100.0,0.0,0.0,121.52999877929688,121.07705688476562
2026-06-23,118.0981980260692,121.88403072745592,117.21151569647581,120.69847106933594,22654400.0,0.0,0.0,121.1500015258789,120.69847106933594
2026-06-24,120.12063335816455,122.43198637664679,118.58637205092795,119.28376770019531,21752900.0,0.0,0.0,119.7300033569336,119.28376770019531
2026-06-25,120.3597346796789,120.68850658293373,117.12184753777049,118.52659606933594,26918700.0,0.0,0.0,118.97000122070312,118.52659606933594
2026-06-26,116.74326456107165,116.74326456107165,112.4393657219936,113.3459701538086,51641400.0,0.0,0.0,113.7699966430664,113.3459701538086
2026-06-29,114.5514734620213,117.73954403771249,114.30240521076543,117.2613296508789,22447200.0,0.0,0.0,117.69999694824219,117.2613296508789
2026-06-30,116.3447584894191,118.65611152085707,115.76691833131969,117.02222442626953,32465500.0,0.0,0.0,117.45999908447266,117.02222442626953
2026-07-01,116.105656418323,116.99233878090456,114.5614302267925,116.57390594482422,32016000.0,0.0,0.0,117.01000213623047,116.57390594482422
2026-07-02,116.59382534656903,116.70341598217635,111.48294770808097,112.27000427246094,24251000.0,0.0,0.0,112.69000244140625,112.27000427246094
2026-07-06,113.05000305175781,115.4800033569336,112.68000030517578,113.9800033569336,22920000.0,0.42,0.0,113.9800033569336,113.9800033569336
2026-07-07,112.79000091552734,114.02999877929688,111.66999816894531,111.79000091552734,16650900.0,0.0,0.0,111.79000091552734,111.79000091552734
2026-07-08,111.68000030517578,114.05000305175781,111.33000183105469,113.81999969482422,18314100.0,0.0,0.0,113.81999969482422,113.81999969482422
2026-07-09,115.27999877929688,119.4800033569336,115.27999877929688,118.30999755859375,21293400.0,0.0,0.0,118.30999755859375,118.30999755859375
2026-07-10,117.62999725341797,121.61000061035156,117.02999877929688,121.30999755859375,26178700.0,0.0,0.0,121.30999755859375,121.30999755859375
2026-07-13,119.97000122070312,120.33999633789062,117.26000213623047,119.25,17569200.0,0.0,0.0,119.25,119.25
2026-07-14,119.75,120.05999755859375,116.55999755859375,117.08999633789062,21935600.0,0.0,0.0,117.08999633789062,117.08999633789062
2026-07-15,117.19999694824219,117.5,110.22000122070312,111.7699966430664,23829100.0,0.0,0.0,111.7699966430664,111.7699966430664
2026-07-16,110.22000122070312,111.23999786376953,107.52999877929688,109.66000366210938,25222400.0,0.0,0.0,109.66000366210938,109.66000366210938
2026-07-17,109.1500015258789,113.2300033569336,108.91000366210938,111.94000244140625,28459500.0,0.0,0.0,111.94000244140625,111.94000244140625
2026-07-20,112.27999877929688,113.2300033569336,110.6500015258789,110.69999694824219,15821200.0,0.0,0.0,110.69999694824219,110.69999694824219
2026-07-21,112.69999694824219,113.18000030517578,110.93000030517578,112.18000030517578,17031500.0,0.0,0.0,112.18000030517578,112.18000030517578
2026-07-22,111.5199966430664,113.77999877929688,111.36000061035156,112.20999908447266,13726600.0,0.0,0.0,112.20999908447266,112.20999908447266
2026-07-23,112.0,113.9000015258789,111.83000183105469,112.76000213623047,15175500.0,0.0,0.0,112.76000213623047,112.76000213623047
2026-07-24,112.37000274658203,114.56999969482422,112.19999694824219,114.16999816894531,19131700.0,0.0,0.0,114.16999816894531,114.16999816894531
2026-07-27,115.16000366210938,115.37999725341797,112.73999786376953,114.56999969482422,15974600.0,0.0,0.0,114.56999969482422,114.56999969482422
2026-07-28,114.12999725341797,117.06999969482422,111.7300033569336,115.58000183105469,27972100.0,0.0,0.0,115.58000183105469,115.58000183105469
2026-07-29,117.0199966430664,117.27999877929688,112.3499984741211,112.4800033569336,22761500.0,0.0,0.0,112.4800033569336,112.4800033569336
2026-07-30,112.69000244140625,114.33000183105469,111.66000366210938,113.55999755859375,25570000.0,0.0,0.0,113.55999755859375,113.55999755859375
2026-07-31,115.33000183105469,117.25,113.88999938964844,115.98999786376953,18812000.0,0.0,0.0,115.98999786376953,115.98999786376953
2026-08-03,114.5999984741211,116.2699966430664,113.81999969482422,115.86000061035156,17712400.0,0.0,0.0,115.86000061035156,115.86000061035156
2026-08-04,119.38999938964844,121.9000015258789,118.7300033569336,121.73999786376953,26637900.0,0.0,0.0,121.73999786376953,121.73999786376953
2026-08-05,124.0,124.20999908447266,114.87999725341797,121.5,18468700.0,0.0,0.0,121.5,121.5
2026-08-06,121.4800033569336,122.19000244140625,119.9000015258789,120.87999725341797,14049700.0,0.0,0.0,120.87999725341797,120.87999725341797
2026-08-07,121.87999725341797,122.58999633789062,119.44999694824219,121.43000030517578,15964600.0,0.0,0.0,121.43000030517578,121.43000030517578
2026-08-10,123.05000305175781,124.70999908447266,122.2699966430664,122.56999969482422,21131900.0,0.0,0.0,122.56999969482422,122.56999969482422
2026-08-11,123.0,123.16000366210938,120.12000274658203,120.43000030517578,16377800.0,0.0,0.0,120.43000030517578,120.43000030517578
2026-08-12,122.75,124.44999694824219,122.26000213623047,123.87999725341797,36223000.0,0.0,0.0,123.87999725341797,123.87999725341797
2026-08-13,113.93000030517578,115.94999694824219,111.4800033569336,113.47000122070312,61560400.0,0.0,0.0,113.47000122070312,113.47000122070312
2026-08-14,112.80000305175781,113.68000030517578,110.05999755859375,111.68000030517578,29415200.0,0.0,0.0,111.68000030517578,111.68000030517578
2026-08-17,110.95999908447266,113.8499984741211,110.80999755859375,112.9000015258789,22793800.0,0.0,0.0,112.9000015258789,112.9000015258789
2026-08-18,111.75,112.75,110.36000061035156,111.61000061035156,20060500.0,0.0,0.0,111.61000061035156,111.61000061035156
2026-08-19,112.30000305175781,112.37999725341797,110.51000213623047,110.55000305175781,18019600.0,0.0,0.0,110.55000305175781,110.55000305175781
2026-08-20,110.12999725341797,111.58000183105469,109.2300033569336,109.58999633789062,12637900.0,0.0,0.0,109.58999633789062,109.58999633789062
2026-08-21,110.8499984741211,112.19000244140625,110.44999694824219,111.04000091552734,18407800.0,0.0,0.0,111.04000091552734,111.04000091552734
2026-08-24,109.97000122070312,111.22000122070312,109.30000305175781,110.2300033569336,12632700.0,0.0,0.0,110.2300033569336,110.2300033569336
2026-08-25,112.2300033569336,112.5,110.61000061035156,111.11000061035156,11818200.0,0.0,0.0,111.11000061035156,111.11000061035156
2026-08-26,111.51000213623047,112.94999694824219,111.19000244140625,112.36000061035156,10311500.0,0.0,0.0,112.36000061035156,112.36000061035156
2026-08-27,112.1500015258789,112.56999969482422,111.61000061035156,112.1500015258789,13545800.0,0.0,0.0,112.1500015258789,112.1500015258789
2026-08-28,112.30999755859375,112.5,109.70999908447266,109.93000030517578,13040600.0,0.0,0.0,109.93000030517578,109.93000030517578
2026-08-31,110.27999877929688,111.37999725341797,109.61000061035156,110.48999786376953,20842200.0,0.0,0.0,110.48999786376953,110.48999786376953
2026-09-01,110.05000305175781,110.72000122070312,108.93000030517578,109.73999786376953,14168800.0,0.0,0.0,109.73999786376953,109.73999786376953
2026-09-02,110.31999969482422,110.51000213623047,108.4000015258789,109.45999908447266,11367100.0,0.0,0.0,109.45999908447266,109.45999908447266
2026-09-03,108.80000305175781,109.66999816894531,107.5999984741211,108.61000061035156,14215100.0,0.0,0.0,108.61000061035156,108.61000061035156
2026-09-04,109.63999938964844,110.36000061035156,109.0,109.19999694824219,12374300.0,0.0,0.0,109.19999694824219,109.19999694824219
2026-09-08,109.37000274658203,109.63999938964844,108.4800033569336,109.16999816894531,14683500.0,0.0,0.0,109.16999816894531,109.16999816894531
2026-09-09,109.27999877929688,110.43000030517578,108.9800033569336,109.43000030517578,10834200.0,0.0,0.0,109.43000030517578,109.43000030517578
2026-09-10,108.73999786376953,109.88999938964844,107.36000061035156,107.44000244140625,11544000.0,0.0,0.0,107.44000244140625,107.44000244140625
2026-09-11,108.88999938964844,112.22000122070312,108.36000061035156,112.12999725341797,14156800.0,0.0,0.0,112.12999725341797,112.12999725341797
2026-09-14,109.97000122070312,111.73999786376953,109.38999938964844,110.05999755859375,12540800.0,0.0,0.0,110.05999755859375,110.05999755859375
2026-09-15,110.91999816894531,111.69000244140625,109.62000274658203,110.06999969482422,15604300.0,0.0,0.0,110.06999969482422,110.06999969482422
2026-09-16,110.66000366210938,110.98999786376953,107.55000305175781,107.73999786376953,15554800.0,0.0,0.0,107.73999786376953,107.73999786376953
2026-09-17,109.72000122070312,111.44000244140625,109.31999969482422,110.23999786376953,16153200.0,0.0,0.0,110.23999786376953,110.23999786376953
2026-09-18,110.3499984741211,110.80999755859375,108.08999633789062,109.51000213623047,41295900.0,0.0,0.0,109.51000213623047,109.51000213623047
2026-09-21,109.80999755859375,111.5,108.83000183105469,111.45999908447266,21567200.0,0.0,0.0,111.45999908447266,111.45999908447266
2026-09-22,110.27999877929688,110.43000030517578,104.51000213623047,106.44000244140625,32892700.0,0.0,0.0,106.44000244140625,106.44000244140625
2026-09-23,106.22000122070312,106.87999725341797,105.91000366210938,106.43000030517578,17630900.0,0.0,0.0,106.43000030517578,106.43000030517578
2026-09-24,105.6500015258789,107.05999755859375,105.05999755859375,106.97000122070312,32360400.0,0.0,0.0,106.97000122070312,106.97000122070312
2026-09-25,106.98999786376953,108.63999938964844,106.52999877929688,106.69999694824219,19950000.0,0.0,0.0,106.69999694824219,106.69999694824219
2026-09-28,106.5199966430664,107.68000030517578,105.9800033569336,106.73999786376953,19356400.0,0.0,0.0,106.73999786376953,106.73999786376953
2026-09-29,107.2699966430664,107.4000015258789,106.05999755859375,106.94000244140625,11743600.0,0.0,0.0,106.94000244140625,106.94000244140625
