Date,Open,High,Low,Close,Volume,Dividends,Stock_Splits,Close_unadjusted,Adj_Close
2016-01-04,56.78117643282258,57.14902169976669,55.538117621909834,56.349910736083984,11397300.0,0.0,0.0,88.8499984741211,56.349910736083984
2016-01-05,56.47675851819354,56.85728594966961,55.70935532175849,56.83191680908203,7883400.0,0.0,0.0,89.61000061035156,56.83191680908203
2016-01-06,55.45567068137883,55.67130110704781,54.00966361449476,54.586795806884766,14511400.0,0.0,0.0,86.06999969482422,54.586795806884766
2016-01-07,53.62279050914822,54.38384530092412,52.43046520638603,52.65243911743164,15368800.0,0.0,0.0,83.0199966430664,52.65243911743164
2016-01-08,52.88710460965381,53.17249897168644,51.51086140298922,52.08799362182617,11891600.0,0.0,0.0,82.12999725341797,52.08799362182617
2016-01-11,52.54463017978784,52.620737603515565,50.591249852129906,51.2254638671875,14366400.0,0.0,0.0,80.7699966430664,51.2254638671875
2016-01-12,52.132385284855864,52.25923097934728,50.54051173800361,52.100677490234375,13477500.0,0.0,0.0,82.1500015258789,52.100677490234375
2016-01-13,52.74124026004117,53.43253121972938,50.743465128008886,51.58062744140625,15550100.0,0.0,0.0,81.33000183105469,51.58062744140625
2016-01-14,51.97383610383431,54.65021999609154,51.33962209481293,54.20627212524414,16433400.0,0.0,0.0,85.47000122070312,54.20627212524414
2016-01-15,51.77722097039718,53.15346393388115,51.28887840997859,53.064674377441406,17870300.0,0.0,0.0,83.66999816894531,53.064674377441406
2016-01-19,53.38178890794568,53.749634173303036,51.23814742265973,51.69478225708008,13155600.0,0.0,0.0,81.51000213623047,51.69478225708008
2016-01-20,50.72443923708175,50.93372618542055,47.77534308864636,50.09022521972656,26151100.0,0.0,0.0,78.9800033569336,50.09022521972656
2016-01-21,49.97605676393715,51.78356539342613,49.48136586232142,51.403038024902344,16107800.0,0.0,0.0,81.05000305175781,51.403038024902344
2016-01-22,53.565722208591005,54.02870062976924,51.827976932557796,52.98224639892578,15724600.0,0.0,0.0,83.54000091552734,52.98224639892578
2016-01-25,52.18947535497001,53.45790346954844,51.24449776443646,51.30157470703125,12370300.0,0.0,0.0,80.88999938964844,51.30157470703125
2016-01-26,51.98652135591108,53.59108197091235,51.59330694154104,53.35008239746094,12191400.0,0.0,0.0,84.12000274658203,53.35008239746094
2016-01-27,53.242263416685034,54.605824485754454,52.23386547825831,52.82368469238281,12380600.0,0.0,0.0,83.29000091552734,52.82368469238281
2016-01-28,54.38384966940178,54.98001236867068,53.08370905379115,54.49166488647461,13017400.0,0.0,0.0,85.91999816894531,54.49166488647461
2016-01-29,53.30569162892956,54.992698447558205,52.608052318817506,54.84048843383789,20248900.0,0.0,0.0,86.47000122070312,54.84048843383789
2016-02-01,54.00332392056437,54.599481799684206,53.426186848889074,54.09211349487305,10958300.0,0.0,0.0,85.29000091552734,54.09211349487305
2016-02-02,52.455831903808736,52.665123655342605,51.34595756155525,51.523536682128906,13326200.0,0.0,0.0,81.23999786376953,51.523536682128906
2016-02-03,52.25290234182588,53.673540653375056,50.641997853776154,53.66720199584961,13964100.0,0.0,0.0,84.62000274658203,53.66720199584961
2016-02-04,53.64816344378175,54.662909781038714,53.166164256120744,53.77500915527344,12825000.0,0.0,0.0,84.79000091552734,53.77500915527344
2016-02-05,53.23592599987553,53.45789993752685,52.17044626048028,52.563655853271484,15090100.0,0.0,0.0,82.87999725341797,52.563655853271484
2016-02-08,51.85333420431782,54.986347844997866,51.434750672355484,54.53605651855469,17712800.0,0.0,0.0,85.98999786376953,54.53605651855469
2016-02-09,53.958935977432695,54.40922740101741,52.11337065163905,52.58903121948242,12605600.0,0.0,0.0,82.91999816894531,52.58903121948242
2016-02-10,52.49389773187577,53.2105627452946,51.68844797224312,52.665138244628906,12110300.0,0.0,0.0,83.04000091552734,52.665138244628906
2016-02-11,51.75186570585833,53.05834994404065,51.14302079622108,52.6334228515625,12741400.0,0.0,0.0,82.98999786376953,52.6334228515625
2016-02-12,53.1471335269388,54.27603363858498,52.76660126752077,54.18090057373047,9835100.0,0.0,0.0,85.43000030517578,54.18090057373047
2016-02-16,54.7396656363786,54.84242439490263,53.50652623380363,54.469913482666016,10631500.0,1.07,0.0,84.80999755859375,54.469913482666016
2016-02-17,54.85527807157264,56.94261733030752,54.60479285248631,56.71782302856445,12710500.0,0.0,0.0,88.30999755859375,56.71782302856445
2016-02-18,57.000439176187285,57.32156841098271,55.62600644326634,55.70307922363281,9517800.0,0.0,0.0,86.7300033569336,55.70307922363281
2016-02-19,55.44614947000667,55.58102309886424,54.46349524544361,55.55533218383789,9783300.0,0.0,0.0,86.5,55.55533218383789
2016-02-22,55.55534064061317,57.70048092142142,55.55534064061317,57.045379638671875,10299900.0,0.0,0.0,88.81999969482422,57.045379638671875
2016-02-23,56.76920905818429,56.8270148514885,54.39927443358993,54.53415298461914,10655800.0,0.0,0.0,84.91000366210938,54.53415298461914
2016-02-24,53.5193803175648,54.90665556800426,53.24320907835099,54.765357971191406,9775200.0,0.0,0.0,85.2699966430664,54.765357971191406
2016-02-25,55.022262234506364,55.047953152106544,53.78270363553638,54.784629821777344,9452600.0,0.0,0.0,85.30000305175781,54.784629821777344
2016-02-26,55.85717909015049,55.94067086620518,54.12950350071054,54.174461364746094,9369900.0,0.0,0.0,84.3499984741211,54.174461364746094
2016-02-29,54.55341417487411,54.720397782207975,53.35238955266723,53.59002685546875,11549600.0,0.0,0.0,83.44000244140625,53.59002685546875
2016-03-01,54.02676764735997,55.574607536081736,53.545073942979215,55.31770324707031,11614700.0,0.0,0.0,86.12999725341797,55.31770324707031
2016-03-02,54.84884566167923,55.99206435698623,54.20658752723343,55.966373443603516,9637600.0,0.0,0.0,87.13999938964844,55.966373443603516
2016-03-03,55.87648081555465,56.24256790765485,55.26633729540189,56.21687698364258,8526100.0,0.0,0.0,87.52999877929688,56.21687698364258
2016-03-04,56.14621705035575,56.916929917990494,55.683790309783255,56.47377014160156,9328600.0,0.0,0.0,87.93000030517578,56.47377014160156
2016-03-07,56.48017404769987,58.291341538674814,56.229693802142485,58.23353576660156,12784300.0,0.0,0.0,90.66999816894531,58.23353576660156
2016-03-08,58.0472910328789,58.49687468719672,56.73066473818746,56.993988037109375,10508400.0,0.0,0.0,88.73999786376953,56.993988037109375
2016-03-09,57.610548156155005,60.78330465810197,57.46283154090535,59.61439514160156,19323100.0,0.0,0.0,92.81999969482422,59.61439514160156
2016-03-10,59.59513474725766,60.340151658496396,59.10059322424325,60.33373260498047,12090900.0,0.0,0.0,93.94000244140625,60.33373260498047
2016-03-11,60.98241772080401,61.746706591820725,59.974072483431385,60.74478530883789,14098800.0,0.0,0.0,94.58000183105469,60.74478530883789
2016-03-14,60.096108700369115,60.905355527221374,59.78782256155427,60.539268493652344,6898900.0,0.0,0.0,94.26000213623047,60.539268493652344
2016-03-15,59.826354920396064,60.62917770542542,59.248321535166646,60.54568099975586,7006300.0,0.0,0.0,94.2699966430664,60.54568099975586
2016-03-16,60.83470278857806,61.74670833603187,60.192444532617635,61.27143859863281,9969200.0,0.0,0.0,95.4000015258789,61.27143859863281
2016-03-17,61.81733356084767,62.77429662525902,61.200766458271524,62.22837829589844,10679400.0,0.0,0.0,96.88999938964844,62.22837829589844
2016-03-18,62.844934772275955,62.883473578447926,61.566842918461155,62.7421760559082,14436300.0,0.0,0.0,97.69000244140625,62.7421760559082
2016-03-21,62.311890504953794,62.645867524216136,61.59898838700052,61.93938446044922,8040100.0,0.0,0.0,96.44000244140625,61.93938446044922
2016-03-22,61.496235053576726,62.24125706786485,61.22006377587229,61.335670471191406,7567100.0,0.0,0.0,95.5,61.335670471191406
2016-03-23,60.83467183228299,60.89247269388694,59.75567831532382,60.108917236328125,10302800.0,0.0,0.0,93.58999633789062,60.108917236328125
2016-03-24,59.434589998276614,60.97601106240713,59.248334483440104,60.91820526123047,8159100.0,0.0,0.0,94.8499984741211,60.91820526123047
2016-03-28,60.950307146932964,61.065913824600024,60.37227375859768,60.80900955200195,5054000.0,0.0,0.0,94.68000030517578,60.80900955200195
2016-03-29,60.23738154579796,61.264993419318806,59.691463197368755,61.220035552978516,6616600.0,0.0,0.0,95.31999969482422,61.220035552978516
2016-03-30,61.881596950419045,62.09996735828921,61.1173127729805,61.175113677978516,6182900.0,0.0,0.0,95.25,61.175113677978516
2016-03-31,61.13656495288612,61.785242263376176,60.98241944342565,61.27143859863281,5943900.0,0.0,0.0,95.4000015258789,61.27143859863281
2016-04-01,60.173181460083306,60.873240652329976,59.935544125995996,60.539268493652344,7555900.0,0.0,0.0,94.26000213623047,60.539268493652344
2016-04-04,60.65487348801179,60.68056440719851,59.75571091664386,60.00619125366211,6552000.0,0.0,0.0,93.43000030517578,60.00619125366211
2016-04-05,59.730008960648725,59.95479833694406,59.36392200495606,59.518062591552734,6662000.0,0.0,0.0,92.66999816894531,59.518062591552734
2016-04-06,59.82634177334607,61.01451825407526,59.61439542866434,60.9117546081543,6836400.0,0.0,0.0,94.83999633789062,60.9117546081543
2016-04-07,60.60989907344371,61.03378687430708,60.42364363517145,60.87964630126953,6817700.0,0.0,0.0,94.79000091552734,60.87964630126953
2016-04-08,61.81735443285,62.21555629814665,61.50264927320345,61.868736267089844,7108500.0,0.0,0.0,96.33000183105469,61.868736267089844
2016-04-11,62.215543034481776,62.491714209592516,61.11085833403882,61.16865921020508,6644200.0,0.0,0.0,95.23999786376953,61.16865921020508
2016-04-12,61.45769611893889,62.90277724277192,61.29070759483982,62.62660598754883,8783400.0,0.0,0.0,97.51000213623047,62.62660598754883
2016-04-13,62.81285705225057,62.883505849776846,62.31831546956662,62.68440246582031,6406800.0,0.0,0.0,97.5999984741211,62.68440246582031
2016-04-14,62.71651659211766,63.11471355521568,62.53026111903833,62.928462982177734,6162200.0,0.0,0.0,97.9800033569336,62.928462982177734
2016-04-15,62.75507008766509,62.812875893908775,62.27337626915365,62.4467887878418,6551600.0,0.0,0.0,97.2300033569336,62.4467887878418
2016-04-18,62.44678772078653,63.429442309751956,61.34852152130924,63.39090347290039,7770200.0,0.0,0.0,98.69999694824219,63.39090347290039
2016-04-19,63.583571476722824,64.56622588826546,63.04407685863743,64.54695892333984,10584800.0,0.0,0.0,100.5,64.54695892333984
2016-04-20,64.27720500485702,65.8571596668417,64.12305950121844,65.31124114990234,10150500.0,0.0,0.0,101.69000244140625,65.31124114990234
2016-04-21,65.27912534259865,66.02414723271511,64.93872926868183,65.12498474121094,8278600.0,0.0,0.0,101.4000015258789,65.12498474121094
2016-04-22,65.34334170878756,65.83145926658044,65.18920112739428,65.51675415039062,5754000.0,0.0,0.0,102.01000213623047,65.51675415039062
2016-04-25,65.16992676512693,65.36260124497407,64.75888199473813,65.19561767578125,6612100.0,0.0,0.0,101.51000213623047,65.19561767578125
2016-04-26,65.54244602523276,66.13974629943773,65.32407570668559,65.69658660888672,5650700.0,0.0,0.0,102.29000091552734,65.69658660888672
2016-04-27,66.08836592176067,66.7563149989728,65.75438893313415,66.6985092163086,8383600.0,0.0,0.0,103.8499984741211,66.6985092163086
2016-04-28,66.23609587003072,66.96185087579934,65.54246063891112,65.76725006103516,7598000.0,0.0,0.0,102.4000015258789,65.76725006103516
2016-04-29,64.95801200214136,65.91497561398623,64.61761584558165,65.62596130371094,8826900.0,0.0,0.0,102.18000030517578,65.62596130371094
2016-05-02,65.40117538054749,66.69853521896215,65.38190841216175,66.35171508789062,6844500.0,0.0,0.0,103.30999755859375,66.35171508789062
2016-05-03,65.6773404467181,65.73514134637706,64.90020842881282,65.07361602783203,7033600.0,0.0,0.0,101.31999969482422,65.07361602783203
2016-05-04,64.90662906248583,65.70303296635078,64.47631713219845,64.60476684570312,7444100.0,0.0,0.0,100.58999633789062,64.60476684570312
2016-05-05,65.41399623227626,65.89568987890574,64.77816199073686,65.13782501220703,6474300.0,0.0,0.0,101.41999816894531,65.13782501220703
2016-05-06,64.76529660025365,65.95989691343124,64.76529660025365,65.42040252685547,5966800.0,0.0,0.0,101.86000061035156,65.42040252685547
2016-05-09,65.26627793137487,65.3818845996273,63.634941568275536,64.45060729980469,9342100.0,0.0,0.0,100.3499984741211,64.45060729980469
2016-05-10,64.63686772750042,65.05433655605478,64.48915107896116,65.04148864746094,6698100.0,0.0,0.0,101.2699966430664,65.04148864746094
2016-05-11,65.02223266619187,65.34336183469347,64.32217343087866,64.9580078125,6850700.0,0.0,0.0,101.13999938964844,64.9580078125
2016-05-12,65.60667693538034,65.78008449554378,64.91946084873638,65.58740997314453,6532400.0,0.0,0.0,102.12000274658203,65.58740997314453
2016-05-13,65.27271273584103,65.53604100486356,64.4570468074867,64.70110321044922,5665200.0,0.0,0.0,100.73999786376953,64.70110321044922
2016-05-16,65.4268393624821,65.89568506694144,65.12497724863087,65.69658660888672,6779400.0,0.0,0.0,102.29000091552734,65.69658660888672
2016-05-17,65.59925850572135,66.3197019330472,65.12545145055043,65.39156341552734,7028000.0,1.07,0.0,100.75,65.39156341552734
2016-05-18,65.48890526868496,65.72904971678146,64.54129634609369,64.9437026977539,5927500.0,0.0,0.0,100.05999755859375,64.9437026977539
2016-05-19,64.42444509438074,64.95666375426056,63.94414646212344,64.80738067626953,6241100.0,0.0,0.0,99.8499984741211,64.80738067626953
2016-05-20,65.09947114185805,65.16437490638653,64.57373925994587,64.7684555053711,4707100.0,0.0,0.0,99.79000091552734,64.7684555053711
2016-05-23,64.37252708385951,64.98912018823674,64.30113146733088,64.50233459472656,4231200.0,0.0,0.0,99.37999725341797,64.50233459472656
2016-05-24,64.8658371140673,65.39805609884506,64.65814202127211,65.0280990600586,4383300.0,0.0,0.0,100.19000244140625,65.0280990600586
2016-05-25,65.43697279662766,66.18987032004767,65.43697279662766,66.0535659790039,5428200.0,0.0,0.0,101.7699966430664,66.0535659790039
2016-05-26,66.10548441275884,66.44299187316855,65.53432441677835,65.8783187866211,4147200.0,0.0,0.0,101.5,65.8783187866211
2016-05-27,65.80043791187771,66.2742447955305,65.46942723135291,66.21582794189453,5008900.0,0.0,0.0,102.0199966430664,66.21582794189453
2016-05-31,66.30022359494981,66.38459801335016,65.27472703974108,65.55381774902344,8141800.0,0.0,0.0,101.0,65.55381774902344
2016-06-01,65.06053161191832,65.80044549767666,64.83336593678906,65.63818359375,4815200.0,0.0,0.0,101.12999725341797,65.63818359375
2016-06-02,65.16439723986021,65.27473417255783,64.72304455722823,65.24877166748047,6714100.0,0.0,0.0,100.52999877929688,65.24877166748047
2016-06-03,65.32663802068576,65.64466993913686,64.9047561155666,65.3331298828125,4957800.0,0.0,0.0,100.66000366210938,65.3331298828125
2016-06-06,65.7744680456953,66.2288042445056,65.50186929751264,65.66413116455078,5948200.0,0.0,0.0,101.16999816894531,65.66413116455078
2016-06-07,66.09900064024261,67.30622948898066,65.94972247558697,67.0595932006836,9807000.0,0.0,0.0,103.31999969482422,67.0595932006836
2016-06-08,67.20887506532043,67.55286947085156,66.63771005824404,66.91030883789062,6318100.0,0.0,0.0,103.08999633789062,66.91030883789062
2016-06-09,66.22881222824255,66.93627167692867,66.22232036626346,66.72857666015625,4247500.0,0.0,0.0,102.80999755859375,66.72857666015625
2016-06-10,66.50789699542501,66.83242073995088,65.72255012789314,66.18986511230469,8108400.0,0.0,0.0,101.9800033569336,66.18986511230469
2016-06-13,65.87833364755082,66.9168088526121,65.80044615023107,66.26776123046875,6360100.0,0.0,0.0,102.0999984741211,66.26776123046875
2016-06-14,66.04708733441787,66.2353117388283,65.24226471862701,65.73554229736328,6924000.0,0.0,0.0,101.27999877929688,65.73554229736328
2016-06-15,65.31365966796875,65.96919914516414,65.06702335710807,65.31365966796875,5627000.0,0.0,0.0,100.62999725341797,65.31365966796875
2016-06-16,64.88529931434186,65.7225714409569,64.10643910380088,65.59925079345703,8043000.0,0.0,0.0,101.06999969482422,65.59925079345703
2016-06-17,65.83939268123495,66.03410399767995,65.16438255684345,65.92376708984375,8762200.0,0.0,0.0,101.56999969482422,65.92376708984375
2016-06-20,66.77401845244562,67.11152599338311,66.59228590817487,66.5987777709961,6627000.0,0.0,0.0,102.61000061035156,66.5987777709961
2016-06-21,66.65067159457129,67.14394399777046,66.37806795383288,67.00764465332031,4938700.0,0.0,0.0,103.23999786376953,67.00764465332031
2016-06-22,67.17642208325208,67.20887644180601,66.32617136900933,66.39107513427734,4866400.0,0.0,0.0,102.29000091552734,66.39107513427734
2016-06-23,67.14398399795036,67.79303171161577,66.89734764942028,67.78654479980469,5593600.0,0.0,0.0,104.44000244140625,67.78654479980469
2016-06-24,65.85237976560647,66.8584056923091,65.6641553363338,66.1379623413086,11481400.0,0.0,0.0,101.9000015258789,66.1379623413086
2016-06-27,65.71606439859679,65.81342252140712,64.59320995895197,65.13841247558594,8248700.0,0.0,0.0,100.36000061035156,65.13841247558594
2016-06-28,65.69658537434074,66.20284160609306,65.32013665519801,65.96269226074219,7171100.0,0.0,0.0,101.62999725341797,65.96269226074219
2016-06-29,66.54033754835343,67.9422823151177,66.39755127929888,67.12448120117188,8887500.0,0.0,0.0,103.41999816894531,67.12448120117188
2016-06-30,67.21537948411995,68.1500097741836,67.0336469170167,68.0396728515625,7649700.0,0.0,0.0,104.83000183105469,68.0396728515625
2016-07-01,68.00720293099658,68.07210669699747,67.358155367308,67.59830474853516,6117800.0,0.0,0.0,104.1500015258789,67.59830474853516
2016-07-05,67.1764220327368,67.41657141107173,66.75454013105211,67.22185516357422,7766600.0,0.0,0.0,103.56999969482422,67.22185516357422
2016-07-06,67.02064550787624,67.89036677153783,66.50140553278557,67.87738800048828,6166900.0,0.0,0.0,104.58000183105469,67.87738800048828
2016-07-07,68.07859878190679,68.14999441029335,66.29371797592292,66.88435363769531,7707400.0,0.0,0.0,103.05000305175781,66.88435363769531
2016-07-08,67.42305761119657,68.1305220146025,66.85189755070722,68.0007095336914,9043600.0,0.0,0.0,104.7699966430664,68.0007095336914
2016-07-11,68.02669593724377,68.79906437662729,68.02020902479832,68.40314483642578,7206100.0,0.0,0.0,105.38999938964844,68.40314483642578
2016-07-12,68.99375779495199,69.64280535670379,68.9158703048794,69.3052978515625,8377200.0,0.0,0.0,106.77999877929688,69.3052978515625
2016-07-13,69.30529114024166,69.57788990133818,68.70816862969518,69.22091674804688,5959900.0,0.0,0.0,106.6500015258789,69.22091674804688
2016-07-14,69.57788063984646,69.82452182577535,69.07811631102635,69.25335693359375,4750900.0,0.0,0.0,106.69999694824219,69.25335693359375
2016-07-15,69.6622837146973,69.79858312355586,69.05217735441953,69.46756744384766,6164300.0,0.0,0.0,107.02999877929688,69.46756744384766
2016-07-18,69.23390883216321,69.2858338305013,68.81202688638693,68.85746002197266,4931500.0,0.0,0.0,106.08999633789062,68.85746002197266
2016-07-19,68.78606330821754,68.97428274497022,68.57187642273212,68.82500457763672,4630800.0,0.0,0.0,106.04000091552734,68.82500457763672
2016-07-20,68.75362251680271,68.88343007504251,68.15000796248988,68.53294372558594,6802000.0,0.0,0.0,105.58999633789062,68.53294372558594
2016-07-21,68.4096367007128,68.70170621968828,68.06564217112431,68.40314483642578,5701000.0,0.0,0.0,105.38999938964844,68.40314483642578
2016-07-22,68.59134028247493,68.79903528526252,68.27979530237381,68.57836151123047,5255400.0,0.0,0.0,105.66000366210938,68.57836151123047
2016-07-25,68.05914247824289,68.22140440386299,66.7091220686418,66.89734649658203,7784000.0,0.0,0.0,103.06999969482422,66.89734649658203
2016-07-26,66.57280755879452,66.95574819143432,66.25477564316611,66.64420318603516,6101100.0,0.0,0.0,102.68000030517578,66.64420318603516
2016-07-27,66.64418072419734,67.05957062349944,66.07302085061652,66.37158203125,5412200.0,0.0,0.0,102.26000213623047,66.37158203125
2016-07-28,66.26126250386514,66.34564185518094,65.54082427360787,66.0665512084961,8226200.0,0.0,0.0,101.79000091552734,66.0665512084961
2016-07-29,65.24876591254636,66.63124071289258,64.80741326884164,66.51441192626953,10157600.0,0.0,0.0,102.4800033569336,66.51441192626953
2016-08-01,65.76798900511993,66.26775343658223,64.00907075020226,64.32710266113281,11550600.0,0.0,0.0,99.11000061035156,64.32710266113281
2016-08-02,64.5932158522717,64.95019401786607,63.548253757743275,64.6386489868164,9752700.0,0.0,0.0,99.58999633789062,64.6386489868164
2016-08-03,64.67757427115296,65.32012980935441,64.44391681147268,65.3006591796875,6611700.0,0.0,0.0,100.61000061035156,65.3006591796875
2016-08-04,65.0864794432495,65.60571939953799,64.9047469441003,65.15787506103516,6088100.0,0.0,0.0,100.38999938964844,65.15787506103516
2016-08-05,65.54731123275816,65.59923622563129,64.72302301621691,65.23577117919922,6710500.0,0.0,0.0,100.51000213623047,65.23577117919922
2016-08-08,65.54730961973117,65.9951540065212,65.37206896289668,65.68360900878906,5447500.0,0.0,0.0,101.19999694824219,65.68360900878906
2016-08-09,66.105507245003,66.202865390357,65.40453454066326,65.76151275634766,4957300.0,0.0,0.0,101.31999969482422,65.76151275634766
2016-08-10,65.97566067319995,66.07950566882216,64.86579035686819,64.99559783935547,5081300.0,0.0,0.0,100.13999938964844,64.99559783935547
2016-08-11,65.32662234389906,66.11196911021267,65.15786863198016,65.81340789794922,4836600.0,0.0,0.0,101.4000015258789,65.81340789794922
2016-08-12,66.03409032125349,66.41703091574587,65.7225502987289,66.30669403076172,5199000.0,0.0,0.0,102.16000366210938,66.30669403076172
2016-08-15,66.59875356358569,66.89082291045327,66.47543297400938,66.70259857177734,4886300.0,0.0,0.0,102.7699966430664,66.70259857177734
2016-08-16,66.70264649159536,66.80649652623251,66.4170688000276,66.60529327392578,5384300.0,0.0,0.0,102.62000274658203,66.60529327392578
2016-08-17,66.57246167016714,67.0971727292722,66.257634033901,67.0447006225586,5311600.0,1.07,0.0,102.22000122070312,67.0447006225586
2016-08-18,67.31362624115721,67.9498369141698,66.93977115549225,67.91704559326172,6944400.0,0.0,0.0,103.55000305175781,67.91704559326172
2016-08-19,67.60223602668313,67.64158762393829,66.9791457180594,67.11032104492188,5057200.0,0.0,0.0,102.31999969482422,67.11032104492188
2016-08-22,66.7364334639576,67.16276057534127,66.4019300376085,66.86105346679688,5494900.0,0.0,0.0,101.94000244140625,66.86105346679688
2016-08-23,66.92009576282084,67.0119194683398,66.57247673421097,66.69053649902344,4929700.0,0.0,0.0,101.68000030517578,66.69053649902344
2016-08-24,66.50687959443847,67.09061806934733,66.42817142779317,67.03158569335938,5178300.0,0.0,0.0,102.19999694824219,67.03158569335938
2016-08-25,67.09061787982887,67.09061787982887,66.59214283384857,66.82826232910156,4490100.0,0.0,0.0,101.88999938964844,66.82826232910156
2016-08-26,66.97256525939927,67.21524504535071,66.15270720363738,66.45441436767578,4776200.0,0.0,0.0,101.31999969482422,66.45441436767578
2016-08-29,66.40193329963361,67.05126439515388,66.24452197527224,66.9332046508789,4026900.0,0.0,0.0,102.05000305175781,66.9332046508789
2016-08-30,66.93320803832563,67.31361834111664,66.48720509338332,66.70364379882812,3712800.0,0.0,0.0,101.69999694824219,66.70364379882812
2016-08-31,66.37569386394168,66.4609622884733,65.53616017142309,65.96904754638672,6249100.0,0.0,0.0,100.58000183105469,65.96904754638672
2016-09-01,65.81820309559006,65.96905917819605,65.24102483121807,65.72637939453125,6045000.0,0.0,0.0,100.20999908447266,65.72637939453125
2016-09-02,66.17238759713608,66.54624269639608,65.75918090974876,66.19862365722656,4676600.0,0.0,0.0,100.93000030517578,66.19862365722656
2016-09-06,66.3822519933298,67.30049381649565,66.22484068204906,67.18243408203125,5429000.0,0.0,0.0,102.43000030517578,67.18243408203125
2016-09-07,67.39231379638252,67.58908167768602,67.0578103997726,67.47757720947266,5284300.0,0.0,0.0,102.87999725341797,67.47757720947266
2016-09-08,67.77928281644371,68.44172933146915,67.20866498030628,68.29087829589844,5788800.0,0.0,0.0,104.12000274658203,68.29087829589844
2016-09-09,67.78585277005932,67.82520935349876,66.39537692091936,66.4216079711914,7808700.0,0.0,0.0,101.2699966430664,66.4216079711914
2016-09-12,66.37570928927046,67.2611600340123,65.9625026113365,67.06439208984375,8149100.0,0.0,0.0,102.25,67.06439208984375
2016-09-13,66.67084347379499,66.67084347379499,65.04424324612543,65.21477508544922,9300400.0,0.0,0.0,99.43000030517578,65.21477508544922
2016-09-14,65.01147649165418,65.55585852388025,64.38838126814115,64.55235290527344,8201400.0,0.0,0.0,98.41999816894531,64.55235290527344
2016-09-15,64.60479490960662,65.84441950805859,64.55888307277563,65.26068115234375,6701600.0,0.0,0.0,99.5,65.26068115234375
2016-09-16,64.49330103664785,64.80812365818781,63.968589995394126,64.17191314697266,12725600.0,0.0,0.0,97.83999633789062,64.17191314697266
2016-09-19,64.49330058255784,64.83435925416066,64.27029664018977,64.30309295654297,6182000.0,0.0,0.0,98.04000091552734,64.30309295654297
2016-09-20,64.38834543188085,64.59167355149141,64.06696260309664,64.080078125,5771900.0,0.0,0.0,97.69999694824219,64.080078125
2016-09-21,64.50644376633763,65.3853343805057,64.44085610952328,65.34597778320312,6361600.0,0.0,0.0,99.62999725341797,65.34597778320312
2016-09-22,65.92970529360511,66.08056138239924,65.48370229701733,65.57553100585938,5416700.0,0.0,0.0,99.9800033569336,65.57553100585938
2016-09-23,65.15574478199402,65.94937163461711,64.84748241423314,65.07704162597656,7396800.0,0.0,0.0,99.22000122070312,65.07704162597656
2016-09-26,65.25414621986043,65.77229715324604,64.7097642301158,64.78846740722656,5781800.0,0.0,0.0,98.77999877929688,64.78846740722656
2016-09-27,64.43428003719433,65.36564254996178,64.13913315191927,64.91963958740234,6476100.0,0.0,0.0,98.9800033569336,64.91963958740234
2016-09-28,65.2738176108327,67.08406562251577,64.76878724371228,66.9988021850586,10190900.0,0.0,0.0,102.1500015258789,66.9988021850586
2016-09-29,66.90040720491506,67.07749431633763,65.9034621620597,66.4216079711914,8148400.0,0.0,0.0,101.2699966430664,66.4216079711914
2016-09-30,66.78890860300368,67.94982524736864,66.39537779155873,67.50382232666016,9431500.0,0.0,0.0,102.91999816894531,67.50382232666016
2016-10-03,67.26115691771452,67.44480432162099,66.84138999335218,67.19556427001953,4334700.0,0.0,0.0,102.44999694824219,67.19556427001953
2016-10-04,67.36608590948698,67.50382144148581,66.08710953805813,66.4216079711914,6505400.0,0.0,0.0,101.2699966430664,66.4216079711914
2016-10-05,66.89386080229781,67.47104410820229,66.73644944796783,67.05127716064453,5912800.0,0.0,0.0,102.2300033569336,67.05127716064453
2016-10-06,67.11031737693236,67.35955248595603,66.46754630079444,67.01849365234375,4362900.0,0.0,0.0,102.18000030517578,67.01849365234375
2016-10-07,67.22834781565585,67.8645583468465,67.02502465769346,67.0774917602539,5844500.0,0.0,0.0,102.2699966430664,67.0774917602539
2016-10-10,67.6940232879309,68.48764509714754,67.6940232879309,68.19905853271484,5982700.0,0.0,0.0,103.9800033569336,68.19905853271484
2016-10-11,68.0678816373785,68.27776506007552,67.34640768460844,67.58252716064453,5337300.0,0.0,0.0,103.04000091552734,67.58252716064453
2016-10-12,67.38577279046018,67.44480517332785,66.6380626342465,66.9988021850586,4935100.0,0.0,0.0,102.1500015258789,66.9988021850586
2016-10-13,66.56589173345787,66.71674776733546,65.33282742895173,66.10677337646484,7883000.0,0.0,0.0,100.79000091552734,66.10677337646484
2016-10-14,66.55932964664828,66.87415220086012,65.98870688661971,66.2969741821289,5114700.0,0.0,0.0,101.08000183105469,66.2969741821289
2016-10-17,66.20517314599212,66.56590765447602,65.99528970345109,66.48064422607422,4540800.0,0.0,0.0,101.36000061035156,66.48064422607422
2016-10-18,66.89384004883097,67.06437188212492,66.32322218990974,66.76266479492188,4720900.0,0.0,0.0,101.79000091552734,66.76266479492188
2016-10-19,67.20867202669376,68.01540939823295,67.0578159712918,67.0774917602539,5905700.0,0.0,0.0,102.2699966430664,67.0774917602539
2016-10-20,66.66430655491969,67.04472194354653,66.04121635259621,66.8151626586914,4820900.0,0.0,0.0,101.87000274658203,66.8151626586914
2016-10-21,66.28387547614324,66.61181866374183,66.00184413464781,66.44129180908203,5622400.0,0.0,0.0,101.30000305175781,66.44129180908203
2016-10-24,66.61181623491386,66.62493676418832,65.62798670799087,66.02152252197266,6077300.0,0.0,0.0,100.66000366210938,66.02152252197266
2016-10-25,66.08056580703165,66.68398019457844,65.92970970813649,66.09368133544922,4730700.0,0.0,0.0,100.7699966430664,66.09368133544922
2016-10-26,65.79850257775627,66.59212426955203,65.50335579297789,66.36912536621094,6353700.0,0.0,0.0,101.19000244140625,66.36912536621094
2016-10-27,66.57904073725133,66.88730819623292,65.53617858886719,65.53617858886719,9897800.0,0.0,0.0,99.91999816894531,65.53617858886719
2016-10-28,66.32324747610781,68.88776119707991,66.21174296335651,68.0941390991211,17435400.0,0.0,0.0,103.81999969482422,68.0941390991211
2016-10-31,68.09410431504256,69.16975727057704,68.06786826685702,68.7040786743164,12340800.0,0.0,0.0,104.75,68.7040786743164
2016-11-01,69.20258024100528,70.00931776643166,69.16322365155821,69.83879089355469,12755600.0,0.0,0.0,106.4800033569336,69.83879089355469
2016-11-02,69.29441037171821,69.55676597496708,68.3761682623556,69.1238784790039,8405200.0,0.0,0.0,105.38999938964844,69.1238784790039
2016-11-03,69.21570218953848,69.64858968550165,68.83528681502845,69.1238784790039,5703200.0,0.0,0.0,105.38999938964844,69.1238784790039
2016-11-04,69.03202985949041,69.18944116303389,68.46140700362447,68.72376251220703,7085400.0,0.0,0.0,104.77999877929688,68.72376251220703
2016-11-07,69.52396418918529,70.16673511647522,69.37966836852735,70.08146667480469,7333800.0,0.0,0.0,106.8499984741211,70.08146667480469
2016-11-08,69.89780196250855,70.96033955736236,69.79941801787139,70.37004089355469,8050000.0,0.0,0.0,107.29000091552734,70.37004089355469
2016-11-09,69.55016962233294,71.00623771106001,69.32061046510442,70.5995864868164,9161800.0,0.0,0.0,107.63999938964844,70.5995864868164
2016-11-10,70.5340188296314,71.16366912648989,70.33725092260624,70.69799041748047,8739500.0,0.0,0.0,107.79000091552734,70.69799041748047
2016-11-11,70.49468045580358,70.60617995546467,69.48461468495299,69.94373321533203,7939500.0,0.0,0.0,106.63999938964844,69.94373321533203
2016-11-14,69.62231742077216,70.00273259746412,69.2550177656149,69.91090393066406,7656000.0,0.0,0.0,106.58999633789062,69.91090393066406
2016-11-15,70.50122404937639,71.53096544338533,70.44219667838982,71.46537780761719,12156500.0,0.0,0.0,108.95999908447266,71.46537780761719
2016-11-16,71.67736450426128,72.20732857045988,71.37263693513626,71.7767333984375,7723700.0,1.08,0.0,108.3499984741211,71.7767333984375
2016-11-17,72.2073154544983,72.93601212257471,71.2732550946641,71.62435913085938,6638100.0,0.0,0.0,108.12000274658203,71.62435913085938
2016-11-18,71.9224927200348,72.65118971247658,71.644263786321,72.33983612060547,6815500.0,0.0,0.0,109.19999694824219,72.33983612060547
2016-11-21,73.10827060288781,73.53223986988067,72.91615873907664,72.98902893066406,8476800.0,0.0,0.0,110.18000030517578,72.98902893066406
2016-11-22,73.3931256800752,73.53224012246206,72.41269358796627,73.28050994873047,6440500.0,0.0,0.0,110.62000274658203,73.28050994873047
2016-11-23,73.13475607838986,73.84358004218824,72.89627277710147,73.5322265625,4472700.0,0.0,0.0,111.0,73.5322265625
2016-11-25,73.2274990228785,73.67796691929972,72.94927018941254,73.5322265625,3238600.0,0.0,0.0,111.0,73.5322265625
2016-11-28,73.49912096391857,73.90984343460285,73.12152314804098,73.20101928710938,6406700.0,0.0,0.0,110.5,73.20101928710938
2016-11-29,72.27359941319688,72.68432196835971,71.80988447520157,72.43258666992188,7461900.0,0.0,0.0,109.33999633789062,72.43258666992188
2016-11-30,74.22780360157758,74.84388462006812,73.73096423357268,73.9031982421875,17301900.0,0.0,0.0,111.55999755859375,73.9031982421875
2016-12-01,74.7180062852033,76.12240718296017,74.54576724724475,75.04923248291016,11792300.0,0.0,0.0,113.29000091552734,75.04923248291016
2016-12-02,74.98962043540395,75.39371686180706,74.38016535280337,74.85713195800781,6167400.0,0.0,0.0,113.0,74.85713195800781
2016-12-05,75.11550908427989,75.83758513461264,74.87702571482257,75.02276611328125,6909800.0,0.0,0.0,113.25,75.02276611328125
2016-12-06,74.45304137283009,75.18173816390178,74.33379971217386,74.69815063476562,6033600.0,0.0,0.0,112.76000213623047,74.69815063476562
2016-12-07,74.88365377171887,75.83758727649014,74.73791336914404,75.81108856201172,6434100.0,0.0,0.0,114.44000244140625,75.81108856201172
2016-12-08,76.00317157649677,76.44701350363302,75.6520675336328,76.29464721679688,5519700.0,0.0,0.0,115.16999816894531,76.29464721679688
2016-12-09,76.1754397688755,76.83789251419272,76.16219293777904,76.7186508178711,5771600.0,0.0,0.0,115.80999755859375,76.7186508178711
2016-12-12,78.01704062030382,78.82523360243395,77.22209952050068,77.6063232421875,10044700.0,0.0,0.0,117.1500015258789,77.6063232421875
2016-12-13,78.10315093330031,78.37475383076215,76.86436293608452,77.78517150878906,8644200.0,0.0,0.0,117.41999816894531,77.78517150878906
2016-12-14,77.3148095149422,78.08987751489451,76.68548183377274,76.8179702758789,7878400.0,0.0,0.0,115.95999908447266,76.8179702758789
2016-12-15,76.59937562259428,77.76529335961733,76.42051568338874,77.5400619506836,7458300.0,0.0,0.0,117.05000305175781,77.5400619506836
2016-12-16,78.06339698871868,78.55361545767602,77.78516816305832,78.2223892211914,13752300.0,0.0,0.0,118.08000183105469,78.2223892211914
2016-12-19,78.41448173050264,78.46747407416302,77.78514900372664,77.93751525878906,5772500.0,0.0,0.0,117.6500015258789,77.93751525878906
2016-12-20,78.07002437801813,78.58673650786939,77.95078272850542,78.13626861572266,4319100.0,0.0,0.0,117.94999694824219,78.13626861572266
2016-12-21,78.39461377621781,78.83183478165219,78.07663945782068,78.1097640991211,5024600.0,0.0,0.0,117.91000366210938,78.1097640991211
2016-12-22,78.12966492249673,78.82523715262413,78.01704413409398,78.67949676513672,4992500.0,0.0,0.0,118.7699966430664,78.67949676513672
2016-12-23,78.44101094922266,78.63311774619275,78.20252762057676,78.4476318359375,2682900.0,0.0,0.0,118.41999816894531,78.4476318359375
2016-12-27,78.50062567229925,78.7656076980492,78.24226958707379,78.31513977050781,2986900.0,0.0,0.0,118.22000122070312,78.31513977050781
2016-12-28,78.37474101308182,78.73909185094381,78.00376929024829,78.1097640991211,4086700.0,0.0,0.0,117.91000366210938,78.1097640991211
2016-12-29,78.17602323566,78.4476261404972,77.8249242090084,78.05015563964844,3214500.0,0.0,0.0,117.81999969482422,78.05015563964844
2016-12-30,77.79840811224437,78.32836697688249,77.71228606933418,77.97064208984375,5020500.0,0.0,0.0,117.69999694824219,77.97064208984375
2017-01-03,78.42112158346949,78.83184393437232,77.23533105561036,78.07002258300781,7404800.0,0.0,0.0,117.8499984741211,78.07002258300781
2017-01-04,78.44100525426306,78.59999244378024,77.90441527671118,78.05015563964844,6679900.0,0.0,0.0,117.81999969482422,78.05015563964844
2017-01-05,78.16940468999333,78.48738415321957,77.32146619353946,77.71231079101562,5928600.0,0.0,0.0,117.30999755859375,77.71231079101562
2017-01-06,77.80502866113832,77.89115070367674,77.09620482898535,77.40093231201172,4762500.0,0.0,0.0,116.83999633789062,77.40093231201172
2017-01-09,77.03660152934454,77.08297300199821,76.254907380246,76.73849487304688,6891800.0,0.0,0.0,115.83999633789062,76.73849487304688
2017-01-10,76.55303397185843,77.1028709371735,76.10919186670135,76.15556335449219,6184400.0,0.0,0.0,114.95999908447266,76.15556335449219
2017-01-11,76.28140644953486,77.14259166778726,76.08929461788101,76.7981185913086,6158200.0,0.0,0.0,115.93000030517578,76.7981185913086
2017-01-12,77.17570135124875,77.50030159843354,76.45363069161783,76.95046997070312,4940000.0,0.0,0.0,116.16000366210938,76.95046997070312
2017-01-13,76.75174124431882,77.42744051936019,76.58612813185553,77.0962142944336,4953000.0,0.0,0.0,116.37999725341797,77.0962142944336
2017-01-17,77.109464373325,77.35456853941669,76.9173525608598,77.02996826171875,4669700.0,0.0,0.0,116.27999877929688,77.02996826171875
2017-01-18,76.63250184859749,76.87098514186756,76.4470159658566,76.80474090576172,4855300.0,0.0,0.0,115.94000244140625,76.80474090576172
2017-01-19,76.77161229967558,76.8179837679683,76.3741418494364,76.56625366210938,3427800.0,0.0,0.0,115.58000183105469,76.56625366210938
2017-01-20,77.05646483926958,77.34131958035954,76.40725924767706,76.57949829101562,6730900.0,0.0,0.0,115.5999984741211,76.57949829101562
2017-01-23,76.26154681717226,76.81800458749836,76.17542474263676,76.4404067993164,5104100.0,0.0,0.0,115.38999938964844,76.4404067993164
2017-01-24,76.74513666804654,77.57982840236399,76.58614945097595,77.08961486816406,5024400.0,0.0,0.0,116.37000274658203,77.08961486816406
2017-01-25,77.44068505724638,77.79178401372644,77.06970828370181,77.6659164428711,5276800.0,0.0,0.0,117.23999786376953,77.6659164428711
2017-01-26,77.83818264095788,78.05016727662408,77.17573002273697,77.20885467529297,6937300.0,0.0,0.0,116.55000305175781,77.20885467529297
2017-01-27,75.2082235994641,75.98329172988893,74.75775574471865,75.38046264648438,11698900.0,0.0,0.0,113.79000091552734,75.38046264648438
2017-01-30,74.95649478411865,75.3870898820168,73.34673514873185,74.07543182373047,8252900.0,0.0,0.0,111.81999969482422,74.07543182373047
2017-01-31,74.12181648033331,74.3271751564686,73.37324690755631,73.76409149169922,7951000.0,0.0,0.0,111.3499984741211,73.76409149169922
2017-02-01,73.66471503916624,74.04893869725434,73.42623173787787,73.5322265625,5889300.0,0.0,0.0,111.0,73.5322265625
2017-02-02,73.64483488217486,74.35365877483657,73.34010737313544,74.33378601074219,6289000.0,0.0,0.0,112.20999908447266,74.33378601074219
2017-02-03,74.4663063783122,75.7050896252286,74.28744132874805,75.23474884033203,6623500.0,0.0,0.0,113.56999969482422,75.23474884033203
2017-02-06,75.04259710207145,75.18833741938337,74.49276047007105,74.84386444091797,5637300.0,0.0,0.0,112.9800033569336,74.84386444091797
2017-02-07,74.84389055067795,74.9233816212263,73.60510247547772,73.79058837890625,6038400.0,0.0,0.0,111.38999938964844,73.79058837890625
2017-02-08,73.61833624706824,74.05555727399461,73.08175139957761,73.91644287109375,5188800.0,0.0,0.0,111.58000183105469,73.91644287109375
2017-02-09,73.91646772687099,74.61203997527434,73.91646772687099,74.36693572998047,4607800.0,0.0,0.0,112.26000213623047,74.36693572998047
2017-02-10,74.69152862220766,75.15524340797342,74.43979846052225,74.89026641845703,6194300.0,0.0,0.0,113.05000305175781,74.89026641845703
2017-02-13,75.0956252537973,75.5129685618325,74.89026657027217,75.45997619628906,4858500.0,0.0,0.0,113.91000366210938,75.45997619628906
2017-02-14,75.3596644564864,75.62049355714792,74.75774918477119,75.25265502929688,5811200.0,1.08,0.0,112.5199966430664,75.25265502929688
2017-02-15,75.04529814352793,75.73415444965457,75.04529814352793,75.28606414794922,7048100.0,0.0,0.0,112.56999969482422,75.28606414794922
2017-02-16,75.56695997192995,75.56695997192995,73.85485061096037,74.02204895019531,9478200.0,0.0,0.0,110.68000030517578,74.02204895019531
2017-02-17,73.84819099133166,73.94851105577459,73.07907730058979,73.78800201416016,8111000.0,0.0,0.0,110.33000183105469,73.78800201416016
2017-02-21,74.05550906101561,75.1121989496651,73.96856263741564,74.71761322021484,6619100.0,0.0,0.0,111.72000122070312,74.71761322021484
2017-02-22,74.36314492337698,74.75773060748057,73.77460342506781,73.82141876220703,5732000.0,0.0,0.0,110.37999725341797,73.82141876220703
2017-02-23,74.4634567439546,74.79116919271192,74.06887107635421,74.24944305419922,8659700.0,0.0,0.0,111.0199966430664,74.24944305419922
2017-02-24,74.16917994399783,74.24943187651925,73.2128052957089,73.64752197265625,6189400.0,0.0,0.0,110.12000274658203,73.64752197265625
2017-02-27,74.00199154147855,75.08543359575911,73.81473020382457,74.73766326904297,7275800.0,0.0,0.0,111.75,74.73766326904297
2017-02-28,74.677458658504,75.41313023186495,74.56375992519885,75.23924255371094,7030200.0,0.0,0.0,112.5,75.23924255371094
2017-03-01,75.52013709335452,76.50326404619776,75.49338474945203,76.16217803955078,7353800.0,0.0,0.0,113.87999725341797,76.16217803955078
2017-03-02,76.02176223563704,76.42303734847363,75.78099614743711,75.81443786621094,5892500.0,0.0,0.0,113.36000061035156,75.81443786621094
2017-03-03,75.814433031879,76.16889277732392,75.71411298444433,75.9415054321289,4905600.0,0.0,0.0,113.55000305175781,75.9415054321289
2017-03-06,75.7408521083947,75.90805045741986,75.35295071405906,75.68734741210938,4731900.0,0.0,0.0,113.16999816894531,75.68734741210938
2017-03-07,75.93480879590092,76.16219611931868,74.69754193600713,74.77779388427734,6660300.0,0.0,0.0,111.80999755859375,74.77779388427734
2017-03-08,74.69085211672423,74.85136111477362,73.16600387903236,73.30644989013672,9071600.0,0.0,0.0,109.61000061035156,73.30644989013672
2017-03-09,73.10580324232016,73.68096596131058,72.57077159610046,73.59402465820312,7247400.0,0.0,0.0,110.04000091552734,73.59402465820312
2017-03-10,74.50359772715986,74.51028709092934,73.19276306526598,73.97525024414062,6560300.0,0.0,0.0,110.61000061035156,73.97525024414062
2017-03-13,73.90837898054133,74.10901399040333,73.10582363362326,73.13257598876953,6369300.0,0.0,0.0,109.3499984741211,73.13257598876953
2017-03-14,72.5440351166949,72.61091344929025,71.64116487043337,71.80167388916016,9935700.0,0.0,0.0,107.36000061035156,71.80167388916016
2017-03-15,72.28319797181813,72.88511310290532,71.92204889316581,72.81822967529297,9472100.0,0.0,0.0,108.87999725341797,72.81822967529297
2017-03-16,72.77143745448801,72.81825280719482,71.85519339401297,72.1360855102539,8894700.0,0.0,0.0,107.86000061035156,72.1360855102539
2017-03-17,72.2297074083277,72.51059949031801,72.01569366455078,72.01569366455078,14353400.0,0.0,0.0,107.68000030517578,72.01569366455078
2017-03-20,71.74149274697143,72.12939428941573,71.57429433410654,72.00232696533203,5301900.0,0.0,0.0,107.66000366210938,72.00232696533203
2017-03-21,72.26982046263316,72.38351922999584,71.82841942739356,72.2564468383789,7406300.0,0.0,0.0,108.04000091552734,72.2564468383789
2017-03-22,71.99561854956508,72.79816867795981,71.90867213228799,72.49052429199219,8106800.0,0.0,0.0,108.38999938964844,72.49052429199219
2017-03-23,72.42363797538135,72.80485000968754,72.06248892669834,72.14274597167969,5451200.0,0.0,0.0,107.87000274658203,72.14274597167969
2017-03-24,72.18288885089761,72.51059626531108,72.02906408760727,72.22301483154297,6339900.0,0.0,0.0,107.98999786376953,72.22301483154297
2017-03-27,71.56090070215124,71.79497739423054,70.7717242099345,71.0793685913086,6479400.0,0.0,0.0,106.27999877929688,71.0793685913086
2017-03-28,71.07938044873562,72.05581845750471,70.97237612985863,71.67460632324219,6331500.0,0.0,0.0,107.16999816894531,71.67460632324219
2017-03-29,71.52747670213536,72.28321676978385,71.48066135212541,72.27652740478516,4919900.0,0.0,0.0,108.06999969482422,72.27652740478516
2017-03-30,72.33001309317599,72.68447280750837,71.69465625018418,72.08255767822266,6797700.0,0.0,0.0,107.77999877929688,72.08255767822266
2017-03-31,72.02904755475745,72.32331828525238,71.59433592423926,71.808349609375,6159000.0,0.0,0.0,107.37000274658203,71.808349609375
2017-04-03,71.70803060245952,72.2096256625187,71.14624148189905,72.09593200683594,5800900.0,0.0,0.0,107.80000305175781,72.09593200683594
2017-04-04,72.14943363848138,72.71122277489872,71.56758661798256,72.67109680175781,4687400.0,0.0,0.0,108.66000366210938,72.67109680175781
2017-04-05,73.33321300965893,74.01538017841608,72.60422539450208,72.65773010253906,6398800.0,0.0,0.0,108.63999938964844,72.65773010253906
2017-04-06,72.97874408071155,73.3332037975723,72.73128866399314,73.09243774414062,3934500.0,0.0,0.0,109.29000091552734,73.09243774414062
2017-04-07,73.15262569544825,73.28638744688931,72.67778295843296,72.80485534667969,4889400.0,0.0,0.0,108.86000061035156,72.80485534667969
2017-04-10,72.97874894990281,73.70104205590052,72.87842890386466,73.18607330322266,4812100.0,0.0,0.0,109.43000030517578,73.18607330322266
2017-04-11,73.2529559789787,73.25964534310864,72.26982865395983,72.87843322753906,3956500.0,0.0,0.0,108.97000122070312,72.87843322753906
2017-04-12,73.13926230121879,73.13926230121879,72.53065772763956,72.87843322753906,5053300.0,0.0,0.0,108.97000122070312,72.87843322753906
2017-04-13,72.65772817072936,72.72460650275252,70.84529832970617,70.95899200439453,6894800.0,0.0,0.0,106.0999984741211,70.95899200439453
2017-04-17,71.00579833984375,71.21312777605203,70.65802799594476,71.00579833984375,5278800.0,0.0,0.0,106.16999816894531,71.00579833984375
2017-04-18,70.76502663054396,71.34687871400546,70.43731929968082,70.67808532714844,4252700.0,0.0,0.0,105.68000030517578,70.67808532714844
2017-04-19,70.81854572994608,70.98574411066699,69.44083270560255,69.7083511352539,6667900.0,0.0,0.0,104.2300033569336,69.7083511352539
2017-04-20,69.82204076187536,70.68478496867961,69.79528841021212,70.14305877685547,4988100.0,0.0,0.0,104.87999725341797,70.14305877685547
2017-04-21,70.08956841294649,70.51090652656849,69.74848226240105,70.1497573852539,5432600.0,0.0,0.0,104.88999938964844,70.1497573852539
2017-04-24,70.75166046187006,71.16631424230273,70.47076843439429,70.84529113769531,4538200.0,0.0,0.0,105.93000030517578,70.84529113769531
2017-04-25,71.09272873990786,71.54081901943373,71.01247170824392,71.38031005859375,4619000.0,0.0,0.0,106.7300033569336,71.38031005859375
2017-04-26,71.1596390500372,71.88193735237827,70.87205760202121,70.94562530517578,6687400.0,0.0,0.0,106.08000183105469,70.94562530517578
2017-04-27,70.86533545286967,70.8787141758848,70.00259150795442,70.53762817382812,5781800.0,0.0,0.0,105.47000122070312,70.53762817382812
2017-04-28,71.59436476558976,71.96219822439912,70.88544000221953,71.36028289794922,6848400.0,0.0,0.0,106.69999694824219,71.36028289794922
2017-05-01,71.06599258228705,71.3803263164548,70.73159586125566,70.8386001586914,4955500.0,0.0,0.0,105.91999816894531,70.8386001586914
2017-05-02,70.96566054850867,71.24655252209197,70.28348849553414,70.46406555175781,5112200.0,0.0,0.0,105.36000061035156,70.46406555175781
2017-05-03,70.46407488229848,71.73478339615986,70.31025015116464,71.3736343383789,5663000.0,0.0,0.0,106.72000122070312,71.3736343383789
2017-05-04,71.052611983664,71.1128060451577,69.64814681284064,70.09623718261719,8039900.0,0.0,0.0,104.80999755859375,70.09623718261719
2017-05-05,70.16981104066201,70.81854153583748,70.02267565794311,70.75166320800781,5060000.0,0.0,0.0,105.79000091552734,70.75166320800781
2017-05-08,70.84530574354207,71.37365329604819,70.77173803987095,71.3469009399414,5175100.0,0.0,0.0,106.68000030517578,71.3469009399414
2017-05-09,71.23319216442817,71.39370116457899,70.10292959516198,70.27681732177734,5024000.0,0.0,0.0,105.08000183105469,70.27681732177734
2017-05-10,70.77171414019375,71.44719687193094,70.58445281317476,71.22649383544922,5582800.0,0.0,0.0,106.5,71.22649383544922
2017-05-11,71.61438371306406,71.61438371306406,70.64463042175939,71.03253173828125,4632100.0,0.0,0.0,106.20999908447266,71.03253173828125
2017-05-12,70.93225004592549,71.08607482436189,70.54435362235056,70.86537170410156,4488200.0,0.0,0.0,105.95999908447266,70.86537170410156
2017-05-15,71.66123429554045,72.03575707370042,71.3469004913747,71.4605941772461,6647500.0,0.0,0.0,106.8499984741211,71.4605941772461
2017-05-16,71.94211735587137,72.00231142480595,71.52077928328744,71.72810363769531,5001400.0,0.0,0.0,107.25,71.72810363769531
2017-05-17,71.72812124322274,71.7956799019738,70.68094914659335,70.73499298095703,6384300.0,1.08,0.0,104.69999694824219,70.73499298095703
2017-05-18,70.63362365858065,71.39704592929681,70.15394555663421,71.052490234375,5618100.0,0.0,0.0,105.16999816894531,71.052490234375
2017-05-19,71.28896473192603,71.96456146240234,71.05250690713812,71.96456146240234,8383500.0,0.0,0.0,106.5199966430664,71.96456146240234
2017-05-22,72.34965281990469,72.34965281990469,71.44435565731597,71.69432830810547,4491100.0,0.0,0.0,106.12000274658203,71.69432830810547
2017-05-23,71.66055225763341,71.99159324588467,71.59975101983798,71.79566955566406,3457100.0,0.0,0.0,106.2699966430664,71.79566955566406
2017-05-24,71.68079789069192,71.85645444909262,71.43083044868362,71.76187133789062,3457200.0,0.0,0.0,106.22000122070312,71.76187133789062
2017-05-25,71.68079441642492,72.09290873285603,70.74847301359651,71.01195526123047,5293800.0,0.0,0.0,105.11000061035156,71.01195526123047
2017-05-26,70.97142988121638,71.13357163338529,70.66740829720715,70.74848175048828,3752500.0,0.0,0.0,104.72000122070312,70.74848175048828
2017-05-30,70.49850542309368,70.74172061573674,70.0931484868196,70.30258178710938,4288000.0,0.0,0.0,104.05999755859375,70.30258178710938
2017-05-31,69.95803527277315,70.18773566000421,69.63374661236021,69.9107437133789,8037900.0,0.0,0.0,103.4800033569336,69.9107437133789
2017-06-01,70.05261588161117,70.45121541731052,69.8769593154148,70.4444580078125,4769400.0,0.0,0.0,104.2699966430664,70.4444580078125
2017-06-02,70.14046262007868,70.22153609518641,69.43108388747154,69.6607894897461,5864000.0,0.0,0.0,103.11000061035156,69.6607894897461
2017-06-05,69.45133097671074,69.97829548813301,69.33647563996026,69.71481323242188,4523300.0,0.0,0.0,103.19000244140625,69.71481323242188
2017-06-06,69.6607613889901,70.56605830105848,69.4243036249717,70.37689208984375,4683900.0,0.0,0.0,104.16999816894531,70.37689208984375
2017-06-07,70.24179664027746,70.5525705343515,69.28245046886698,70.10667419433594,7197100.0,0.0,0.0,103.7699966430664,70.10667419433594
2017-06-08,70.10665732711641,70.76198685768031,69.88371436514157,70.26204681396484,6493600.0,0.0,0.0,104.0,70.26204681396484
2017-06-09,70.26879340534731,71.94426983881893,70.26879340534731,71.88346862792969,6595600.0,0.0,0.0,106.4000015258789,71.88346862792969
2017-06-12,71.883484613522,73.25494498875106,71.883484613522,72.99146270751953,8690600.0,0.0,0.0,108.04000091552734,72.99146270751953
2017-06-13,73.19413602554711,73.29547655037949,72.39693695466183,73.05226135253906,6099700.0,0.0,0.0,108.12999725341797,73.05226135253906
2017-06-14,72.90364328636043,72.95768710569966,71.43759451161601,72.01860809326172,6202300.0,0.0,0.0,106.5999984741211,72.01860809326172
2017-06-15,71.95105474063575,72.15373582983185,71.525430638597,71.8362045288086,5441400.0,0.0,0.0,106.33000183105469,71.8362045288086
2017-06-16,72.24831613481345,73.20766225673849,71.75512825275676,73.2009048461914,11633900.0,0.0,0.0,108.3499984741211,73.2009048461914
2017-06-19,73.17387313878183,73.2211646991574,72.38342627776426,72.59961700439453,4577800.0,0.0,0.0,107.45999908447266,72.59961700439453
2017-06-20,71.78216386546042,72.01862172731474,71.19439276222698,71.93755340576172,5171200.0,0.0,0.0,106.4800033569336,71.93755340576172
2017-06-21,71.5389379627444,72.22129210933525,70.2080115681203,70.59310150146484,6989400.0,0.0,0.0,104.48999786376953,70.59310150146484
2017-06-22,70.58633515497041,71.032226231438,70.28907100106333,70.5660629272461,4197400.0,0.0,0.0,104.44999694824219,70.5660629272461
2017-06-23,70.43094749450684,71.22139430127572,70.42419008509023,70.9376449584961,5773300.0,0.0,0.0,105.0,70.9376449584961
2017-06-26,70.95788588648034,71.06598377974257,70.28228951676519,70.35660552978516,3602500.0,0.0,0.0,104.13999938964844,70.35660552978516
2017-06-27,70.75525303836896,70.86334584288547,70.2823321997254,70.30935668945312,4170300.0,0.0,0.0,104.06999969482422,70.30935668945312
2017-06-28,70.55255817947842,70.87008942884336,70.28907589902525,70.45121765136719,4162300.0,0.0,0.0,104.27999877929688,70.45121765136719
2017-06-29,70.51877580582732,71.03898810787759,70.29583283077054,70.34312438964844,4288600.0,0.0,0.0,104.12000274658203,70.34312438964844
2017-06-30,70.62011023625901,70.74847523687093,70.18772883402119,70.48499298095703,5497000.0,0.0,0.0,104.33000183105469,70.48499298095703
2017-07-03,70.4242004826499,72.26182438139737,70.4242004826499,71.81593322753906,4419100.0,0.0,0.0,106.30000305175781,71.81593322753906
2017-07-05,71.60647984539236,71.81591828951971,70.44445290675017,70.68091583251953,4482700.0,0.0,0.0,104.62000274658203,70.68091583251953
2017-07-06,70.71470569079878,71.0254795557607,70.06613347421818,70.14044952392578,5084800.0,0.0,0.0,103.81999969482422,70.14044952392578
2017-07-07,69.98506963506036,70.09992500773909,69.45810495879665,69.91751098632812,6457000.0,0.0,0.0,103.48999786376953,69.91751098632812
2017-07-10,69.88369632879864,69.97827941659342,69.3161926476382,69.61345672607422,4629000.0,0.0,0.0,103.04000091552734,69.61345672607422
2017-07-11,69.68779331928633,69.92425110858163,69.28243637272392,69.66752624511719,4322400.0,0.0,0.0,103.12000274658203,69.66752624511719
2017-07-12,70.26203728114785,70.7687346653869,69.9039719543217,70.1877212524414,3978100.0,0.0,0.0,103.88999938964844,70.1877212524414
2017-07-13,70.12696385038201,70.40395591319204,69.89725821240718,70.34990692138672,4439100.0,0.0,0.0,104.12999725341797,70.34990692138672
2017-07-14,70.51877923690317,70.69443581602192,70.07964552069669,70.55931854248047,3644300.0,0.0,0.0,104.44000244140625,70.55931854248047
2017-07-17,70.47825434999164,70.91739327831594,70.31611256954987,70.40393829345703,5572400.0,0.0,0.0,104.20999908447266,70.40393829345703
2017-07-18,70.66739909334554,70.66739909334554,69.93100131759357,70.0728759765625,4339400.0,0.0,0.0,103.72000122070312,70.0728759765625
2017-07-19,69.9647997069696,70.58635265142269,69.9310229611761,70.57283782958984,4932000.0,0.0,0.0,104.45999908447266,70.57283782958984
2017-07-20,70.93764809159765,71.18762070712108,70.14044384020205,70.68767547607422,5367800.0,0.0,0.0,104.62999725341797,70.68767547607422
2017-07-21,70.38364554492229,70.51876278694485,69.6877819551606,69.75534057617188,5304100.0,0.0,0.0,103.25,69.75534057617188
2017-07-24,69.70808609453086,69.9715684646609,69.53242946297911,69.72159576416016,4080400.0,0.0,0.0,103.19999694824219,69.72159576416016
2017-07-25,70.56608500162758,71.03900586299936,70.47825927158743,70.52555084228516,7093800.0,0.0,0.0,104.38999938964844,70.52555084228516
2017-07-26,70.68768405447564,71.66730240630714,70.39717725419375,71.01873016357422,5881400.0,0.0,0.0,105.12000274658203,71.01873016357422
2017-07-27,70.85657488666477,71.82943571330975,70.67416605886555,71.68756103515625,5888400.0,0.0,0.0,106.11000061035156,71.68756103515625
2017-07-28,72.09292314786171,73.7278659227523,71.85646533403767,73.04551696777344,7812600.0,0.0,0.0,108.12000274658203,73.04551696777344
2017-07-31,73.22793027496056,74.3156414392871,73.06578850050518,73.7684097290039,7561200.0,0.0,0.0,109.19000244140625,73.7684097290039
2017-08-01,74.0048670813945,74.97097062006888,73.92379361749107,74.84260559082031,8162900.0,0.0,0.0,110.77999877929688,74.84260559082031
2017-08-02,74.57911987479996,75.12635155660683,74.21429703546409,74.62641143798828,6212300.0,0.0,0.0,110.45999908447266,74.62641143798828
2017-08-03,74.4710213766974,74.61964831076388,73.67381711946167,73.9305419921875,5605400.0,0.0,0.0,109.43000030517578,73.9305419921875
2017-08-04,73.93054764762286,74.45075484263316,73.93054764762286,74.38995361328125,4643500.0,0.0,0.0,110.11000061035156,74.38995361328125
2017-08-07,74.18726689180214,74.51155555350431,74.03188254791479,74.16699981689453,4762800.0,0.0,0.0,109.77999877929688,74.16699981689453
2017-08-08,74.31562809069128,74.79530107165856,74.16023860038685,74.55208587646484,4107300.0,0.0,0.0,110.3499984741211,74.55208587646484
2017-08-09,74.81556774097857,75.26822139060396,74.49128425206919,74.91690826416016,3966800.0,0.0,0.0,110.88999938964844,74.91690826416016
2017-08-10,75.1466237785991,75.28849846814737,74.33590463981702,74.38995361328125,4950700.0,0.0,0.0,110.11000061035156,74.38995361328125
2017-08-11,74.45073445103779,74.64665806038802,73.7278463807281,73.79541015625,3383000.0,0.0,0.0,109.2300033569336,73.79541015625
2017-08-14,73.81571792591623,74.19405053635145,73.18065519748977,73.44413757324219,4286100.0,0.0,0.0,108.70999908447266,73.44413757324219
2017-08-15,73.47114833455805,73.57248888038113,72.64691945497533,73.34954071044922,5310700.0,0.0,0.0,108.56999969482422,73.34954071044922
2017-08-16,73.44504448198911,73.64293661879344,72.80360656929932,72.90596008300781,4186600.0,1.08,0.0,106.83999633789062,72.90596008300781
2017-08-17,72.74903007158858,72.92645154348632,72.27136288515067,72.27818298339844,5870300.0,0.0,0.0,105.91999816894531,72.27818298339844
2017-08-18,72.22360068884092,73.24717783152528,71.9915923688001,72.66033172607422,5467400.0,0.0,0.0,106.4800033569336,72.66033172607422
2017-08-21,72.66032008551478,72.66032008551478,71.85510598735526,72.18264770507812,3560400.0,0.0,0.0,105.77999877929688,72.18264770507812
2017-08-22,72.32595358952662,72.96057157486561,72.2031241341003,72.57843780517578,5630900.0,0.0,0.0,106.36000061035156,72.57843780517578
2017-08-23,72.47607615397482,73.05610209006551,72.40783872729037,72.74903106689453,4185800.0,0.0,0.0,106.61000061035156,72.74903106689453
2017-08-24,72.67397870217356,73.4723676412488,72.55797453964453,73.31542205810547,5059700.0,0.0,0.0,107.44000244140625,73.31542205810547
2017-08-25,73.57471958545243,74.18204156384185,73.3700020889737,73.85449981689453,4384200.0,0.0,0.0,108.2300033569336,73.85449981689453
2017-08-28,74.06604223708442,74.10015835126524,73.19941067920765,73.53378295898438,3681600.0,0.0,0.0,107.76000213623047,73.53378295898438
2017-08-29,73.30861740702173,73.73169796190743,73.04248768568232,73.60204315185547,3230600.0,0.0,0.0,107.86000061035156,73.60204315185547
2017-08-30,73.4109392995526,73.58835555382561,73.0833923884197,73.51329803466797,3126000.0,0.0,0.0,107.7300033569336,73.51329803466797
2017-08-31,73.69756732061443,73.85451813433276,73.35637487931528,73.43826293945312,5508200.0,0.0,0.0,107.62000274658203,73.43826293945312
2017-09-01,73.4791491197011,74.48908027733088,73.36314502636337,74.21612548828125,3660300.0,0.0,0.0,108.76000213623047,74.21612548828125
2017-09-05,74.6256066326664,75.23975403083935,74.17523013861187,74.6801986694336,5198500.0,0.0,0.0,109.44000244140625,74.6801986694336
2017-09-06,75.06230626651121,76.58402622063393,74.9258314284992,76.28377532958984,8577300.0,0.0,0.0,111.79000091552734,76.28377532958984
2017-09-07,76.54992323325438,77.02077038761982,75.9903679335635,76.29061889648438,5937800.0,0.0,0.0,111.80000305175781,76.29061889648438
2017-09-08,76.14731158429709,76.256495643022,75.42398541688304,75.5945816040039,4033100.0,0.0,0.0,110.77999877929688,75.5945816040039
2017-09-11,76.31108708349726,76.81605033574712,76.09954427289577,76.78192901611328,5973400.0,0.0,0.0,112.5199966430664,76.78192901611328
2017-09-12,76.98664756839354,77.07535571199237,76.33155883073891,76.76145935058594,5110100.0,0.0,0.0,112.48999786376953,76.76145935058594
2017-09-13,76.76145625909948,78.01022155535894,76.6181560915884,77.91468811035156,5889400.0,0.0,0.0,114.18000030517578,77.91468811035156
2017-09-14,77.96928841696577,78.70626004153736,77.91469638368406,78.09893798828125,5819100.0,0.0,0.0,114.44999694824219,78.09893798828125
2017-09-15,78.35824368732803,78.41283571792329,77.53937884694676,78.22176361083984,8387600.0,0.0,0.0,114.62999725341797,78.22176361083984
2017-09-18,78.07846552638799,78.62437543459694,78.01022808940756,78.6039047241211,4954600.0,0.0,0.0,115.19000244140625,78.6039047241211
2017-09-19,78.64483690184929,79.44322575366853,78.60389548570947,79.38863372802734,6188000.0,0.0,0.0,116.33999633789062,79.38863372802734
2017-09-20,79.49780388568719,79.94135490568478,79.29308642840178,79.40909576416016,5378200.0,0.0,0.0,116.37000274658203,79.40909576416016
2017-09-21,79.30673692341136,79.51144917422619,79.04060735302525,79.47733306884766,4334500.0,0.0,0.0,116.47000122070312,79.47733306884766
2017-09-22,79.4363991377145,80.40538408552513,79.34086049758989,80.03689575195312,5307100.0,0.0,0.0,117.29000091552734,80.03689575195312
2017-09-25,79.99596350165947,80.74658565697709,79.85265812814966,80.51457214355469,5980300.0,0.0,0.0,117.98999786376953,80.51457214355469
2017-09-26,80.3780944407188,80.54186531099387,80.0096060779633,80.19384765625,4874700.0,0.0,0.0,117.5199966430664,80.19384765625
2017-09-27,80.15289769169863,80.24843112301869,79.68205063292005,80.14607238769531,3926800.0,0.0,0.0,117.44999694824219,80.14607238769531
2017-09-28,79.95499354219984,80.61008206143711,79.85263482221697,80.26206970214844,4949000.0,0.0,0.0,117.62000274658203,80.26206970214844
2017-09-29,79.95503330290752,80.1938669641829,79.65478750281135,80.18022155761719,4874800.0,0.0,0.0,117.5,80.18022155761719
2017-10-02,79.44322862801259,80.37809757775935,78.83590663778176,80.13243865966797,4285600.0,0.0,0.0,117.43000030517578,80.13243865966797
2017-10-03,79.8935888035852,80.69197752197239,79.8458220906778,80.39855194091797,3892200.0,0.0,0.0,117.81999969482422,80.39855194091797
2017-10-04,80.39855784269746,80.43267915707087,79.9277107764889,80.23478698730469,3443400.0,0.0,0.0,117.58000183105469,80.23478698730469
2017-10-05,80.14606217172378,80.99222275010337,80.06417935884767,80.91716003417969,5470900.0,0.0,0.0,118.58000183105469,80.91716003417969
2017-10-06,80.48725911675909,80.62373915644785,79.70252101481879,79.85946655273438,3533300.0,0.0,0.0,117.02999877929688,79.85946655273438
2017-10-09,80.07102498169559,80.5759934509216,79.84584196831916,80.3235092163086,2951900.0,0.0,0.0,117.70999908447266,80.3235092163086
2017-10-10,80.79436679774054,81.76335202945788,80.71930404819507,81.06732177734375,5683100.0,0.0,0.0,118.80000305175781,81.06732177734375
2017-10-11,81.34707467411397,81.55861225268444,80.91717421264376,81.42896270751953,3926100.0,0.0,0.0,119.33000183105469,81.42896270751953
2017-10-12,80.85574252670882,81.6473110905077,80.73291310150489,81.2992935180664,3929700.0,0.0,0.0,119.13999938964844,81.2992935180664
2017-10-13,81.7428658906374,81.8861660564944,81.25154806130928,81.3129653930664,4640100.0,0.0,0.0,119.16000366210938,81.3129653930664
2017-10-16,81.77698420576587,82.49349026053495,81.49720917141744,81.9748764038086,5500700.0,0.0,0.0,120.12999725341797,81.9748764038086
2017-10-17,82.04309544472471,82.39110781129189,81.7701405877886,82.03627014160156,4844300.0,0.0,0.0,120.22000122070312,82.03627014160156
2017-10-18,81.47671418575614,81.8997892637636,80.51454949638924,80.62373352050781,5505100.0,0.0,0.0,118.1500015258789,80.62373352050781
2017-10-19,80.56234923325084,81.02637111362652,80.48728648744132,80.65788269042969,4576600.0,0.0,0.0,118.19999694824219,80.65788269042969
2017-10-20,80.93764391747091,81.05364805872303,80.56915558098028,80.95811462402344,4924300.0,0.0,0.0,118.63999938964844,80.95811462402344
2017-10-23,81.01269809305936,81.40848239856406,80.82845134117422,81.15599822998047,3872400.0,0.0,0.0,118.93000030517578,81.15599822998047
2017-10-24,81.53133685882587,81.83158262570198,81.25155659644231,81.3607406616211,4472400.0,0.0,0.0,119.2300033569336,81.3607406616211
2017-10-25,81.20378908550849,81.50404005566867,80.62376306184854,80.8216552734375,4553100.0,0.0,0.0,118.44000244140625,80.8216552734375
2017-10-26,81.0536636004284,81.20378908550849,80.61693775629506,80.8216552734375,4092900.0,0.0,0.0,118.44000244140625,80.8216552734375
2017-10-27,79.24531692849612,79.42956367480856,76.81602956547476,77.47794342041016,14534100.0,0.0,0.0,113.54000091552734,77.47794342041016
2017-10-30,77.22547325297163,78.54247589816985,77.00028505830981,78.0579833984375,7517800.0,0.0,0.0,114.38999938964844,78.0579833984375
2017-10-31,78.09894525001673,79.41594823984296,77.66904466186205,79.08158111572266,7154800.0,0.0,0.0,115.88999938964844,79.08158111572266
2017-11-01,79.361333796891,79.81853024516032,78.71306528084591,79.08837890625,5030300.0,0.0,0.0,115.9000015258789,79.08837890625
2017-11-02,79.29992137523516,79.47734284604579,78.27634437669832,78.69942474365234,4329600.0,0.0,0.0,115.33000183105469,78.69942474365234
2017-11-03,78.80175645833992,78.9859979641678,78.28996813459803,78.4673843383789,4101800.0,0.0,0.0,114.98999786376953,78.4673843383789
2017-11-06,78.72672886008618,79.94819816216784,78.46741932847074,79.8663101196289,5950300.0,0.0,0.0,117.04000091552734,79.8663101196289
2017-11-07,80.09830289822658,80.52138322669383,79.48416091991723,80.00276947021484,5219500.0,0.0,0.0,117.23999786376953,80.00276947021484
2017-11-08,79.68887803508524,79.94136222803978,79.08838142152246,79.61381530761719,5092800.0,0.0,0.0,116.66999816894531,79.61381530761719
2017-11-09,79.08837660033639,80.18019092488579,78.89730974431292,80.00276947021484,5103300.0,0.0,0.0,117.23999786376953,80.00276947021484
2017-11-10,79.64111613292566,80.05054590357,79.22486105768569,79.96183776855469,5156900.0,0.0,0.0,117.18000030517578,79.96183776855469
2017-11-13,79.9891463740173,80.36445488695294,79.62065796056903,79.9959716796875,4279200.0,0.0,0.0,117.2300033569336,79.9959716796875
2017-11-14,79.71617877140015,80.01642969907198,79.3272197088171,79.78441619873047,6996500.0,0.0,0.0,116.91999816894531,79.78441619873047
2017-11-15,79.29993607781597,79.99597148133108,79.20440262340139,79.46370697021484,5372600.0,0.0,0.0,116.44999694824219,79.46370697021484
2017-11-16,79.38106253686259,79.77366280949455,78.78182832919516,78.9126968383789,5888700.0,1.08,0.0,114.56999969482422,78.9126968383789
2017-11-17,78.9815503339392,79.20195734891418,78.4511977605336,79.00910186767578,4337500.0,0.0,0.0,114.70999908447266,79.00910186767578
2017-11-20,79.0504266869836,79.22950902914368,78.82313572934252,79.0159912109375,4634200.0,0.0,0.0,114.72000122070312,79.0159912109375
2017-11-21,79.30526540011732,79.80118244197031,79.15373460900479,79.325927734375,4596000.0,0.0,0.0,115.16999816894531,79.325927734375
2017-11-22,79.5463514484344,80.43486879273622,79.42926135974581,79.83563995361328,3951000.0,0.0,0.0,115.91000366210938,79.83563995361328
2017-11-24,80.27644527122969,80.48307388962853,80.11113607060939,80.24889373779297,1744200.0,0.0,0.0,116.51000213623047,80.24889373779297
2017-11-27,79.79430910295602,79.91828838805745,79.37415737316331,79.61522674560547,4490300.0,0.0,0.0,115.58999633789062,79.61522674560547
2017-11-28,79.84253946288398,80.45554681720074,79.71856015218401,80.20758819580078,4004700.0,0.0,0.0,116.44999694824219,80.20758819580078
2017-11-29,80.03536590368081,80.75857916232529,79.78052343066537,80.71036529541016,3661000.0,0.0,0.0,117.18000030517578,80.71036529541016
2017-11-30,80.76549546266001,82.06727556114355,80.74483312060775,81.95706939697266,7896600.0,0.0,0.0,118.98999786376953,81.95706939697266
2017-12-01,82.52183704588607,82.96954025172182,81.63331983105073,82.3152084350586,6831800.0,0.0,0.0,119.51000213623047,82.3152084350586
2017-12-04,82.5218425370952,84.23689007411643,82.21878617006529,83.23127746582031,7366400.0,0.0,0.0,120.83999633789062,83.23127746582031
2017-12-05,83.0246502544944,83.61699511388366,82.75602935952926,82.92133331298828,4380700.0,0.0,0.0,120.38999938964844,82.92133331298828
2017-12-06,82.64580298356206,83.25881003016512,82.32207909840653,82.38407135009766,4852500.0,0.0,0.0,119.61000061035156,82.38407135009766
2017-12-07,82.30833436914446,82.72159692168786,81.93639649537987,82.39787292480469,4908500.0,0.0,0.0,119.62999725341797,82.39787292480469
2017-12-08,82.625169640677,82.81802514930614,82.03282471850552,82.59761810302734,4122200.0,0.0,0.0,119.91999816894531,82.59761810302734
2017-12-11,82.85244754762913,83.41724080714705,82.73535747972211,82.94198608398438,5929700.0,0.0,0.0,120.41999816894531,82.94198608398438
2017-12-12,82.52183529022489,83.16239395450532,82.34964215740668,82.43229675292969,4300200.0,0.0,0.0,119.68000030517578,82.43229675292969
2017-12-13,82.26012110744102,82.76981141755894,81.74354159916895,82.60450744628906,4399800.0,0.0,0.0,119.93000030517578,82.60450744628906
2017-12-14,82.52184260665031,82.84556656583685,82.3083247845987,82.32898712158203,3736900.0,0.0,0.0,119.52999877929688,82.32898712158203
2017-12-15,82.9557636967226,82.97642603146268,82.31520504519338,82.46673583984375,11226900.0,0.0,0.0,119.7300033569336,82.46673583984375
2017-12-18,82.59759096048315,83.54121110895497,82.39096237838902,82.44606018066406,4654100.0,0.0,0.0,119.69999694824219,82.44606018066406
2017-12-19,82.87311650706519,83.16928892627473,82.31521239956821,82.5425033569336,4599300.0,0.0,0.0,119.83999633789062,82.5425033569336
2017-12-20,82.84556485966657,83.54811583213834,82.41164002719945,83.26571655273438,6286700.0,0.0,0.0,120.88999938964844,83.26571655273438
2017-12-21,83.61011242032009,86.33765151169402,83.3897053802571,85.97260284423828,10109000.0,0.0,0.0,124.81999969482422,85.97260284423828
2017-12-22,85.99325039628478,86.54427052915135,85.8003949262567,86.08279418945312,4735100.0,0.0,0.0,124.9800033569336,86.08279418945312
2017-12-26,86.25498888502318,86.88176917395694,86.13100961563049,86.77156829833984,3348500.0,0.0,0.0,125.9800033569336,86.77156829833984
2017-12-27,86.75779686808661,86.923100822239,86.18611434361716,86.47540283203125,3452300.0,0.0,0.0,125.55000305175781,86.47540283203125
2017-12-28,86.57182863781956,86.70958105404202,86.29631855045683,86.49606323242188,2191800.0,0.0,0.0,125.58000183105469,86.49606323242188
2017-12-29,86.34451467679949,86.77155548719566,86.22742462158203,86.22742462158203,3829000.0,0.0,0.0,125.19000244140625,86.22742462158203
2018-01-02,86.58558973372041,87.98379705807208,86.46849967072636,87.87359619140625,5626000.0,0.0,0.0,127.58000183105469,87.87359619140625
2018-01-03,87.79095966984092,88.81034548463035,87.40524867474565,88.51416778564453,5805500.0,0.0,0.0,128.50999450683594,88.51416778564453
2018-01-04,88.1284794353263,88.40399486678596,87.62567822394115,88.23868560791016,4598300.0,0.0,0.0,128.11000061035156,88.23868560791016
2018-01-05,88.14223853442161,88.23178234376905,87.54300442577623,88.09402465820312,4189200.0,0.0,0.0,127.9000015258789,88.09402465820312
2018-01-08,88.06644729622955,88.59680503402753,87.90802731801388,88.52792358398438,4826100.0,0.0,0.0,128.52999877929688,88.52792358398438
2018-01-09,88.45906958381673,88.81035037427617,88.01826074723688,88.05269622802734,4422300.0,0.0,0.0,127.83999633789062,88.05269622802734
2018-01-10,88.37640282433509,88.68634836501217,88.02513261287905,88.61747741699219,5292200.0,0.0,0.0,128.66000366210938,88.61747741699219
2018-01-11,88.7965588253196,91.8271644515792,88.68635269130971,91.31058502197266,11641300.0,0.0,0.0,132.57000732421875,91.31058502197266
2018-01-12,91.04884768545003,92.1922126737038,90.99374461868457,92.02001953125,7232900.0,0.0,0.0,133.60000610351562,92.02001953125
2018-01-16,92.06823846849596,92.21288534870217,90.64248455424064,90.92487335205078,6254200.0,0.0,0.0,132.00999450683594,90.92487335205078
2018-01-17,91.04884163375436,91.46899329380908,90.20165437194508,91.16593170166016,5632700.0,0.0,0.0,132.36000061035156,91.16593170166016
2018-01-18,91.15906353475569,91.26237522730483,90.24987860097725,90.63558959960938,5890000.0,0.0,0.0,131.58999633789062,90.63558959960938
2018-01-19,90.80090837873722,90.91799847923451,89.68509994236736,90.43585968017578,6048900.0,0.0,0.0,131.3000030517578,90.43585968017578
2018-01-22,90.43584597195347,91.30369567871094,90.42206757697244,91.30369567871094,5248800.0,0.0,0.0,132.55999755859375,91.30369567871094
2018-01-23,91.17972744716913,91.3037014803681,90.04324626032866,90.24299621582031,5747300.0,0.0,0.0,131.02000427246094,90.24299621582031
2018-01-24,90.49094168054609,91.37945365257609,90.27742386997178,90.4978256225586,6868200.0,0.0,0.0,131.38999938964844,90.4978256225586
2018-01-25,90.75265891206482,90.8284243058683,89.7746032437689,89.98812103271484,4597200.0,0.0,0.0,130.64999389648438,89.98812103271484
2018-01-26,90.02947660847536,90.74579553141619,89.79528592285408,90.3600845336914,6310500.0,0.0,0.0,131.19000244140625,90.3600845336914
2018-01-29,89.58176943658259,90.62870681036559,88.38331174841092,88.4935073852539,6350700.0,0.0,0.0,128.47999572753906,88.4935073852539
2018-01-30,87.89426641788934,88.16977123675129,86.22743809115372,86.25498962402344,8084000.0,0.0,0.0,125.2300033569336,86.25498962402344
2018-01-31,86.38585272371012,86.66136279712988,85.44223768501315,86.33763885498047,9626800.0,0.0,0.0,125.3499984741211,86.33763885498047
2018-02-01,86.50982859484967,86.5304909299337,85.44911826955749,86.48916625976562,7844500.0,0.0,0.0,125.56999969482422,86.48916625976562
2018-02-02,85.37335741416797,85.37335741416797,81.02720420629578,81.67465209960938,13182600.0,0.0,0.0,118.58000183105469,81.67465209960938
2018-02-05,80.5794974355305,81.48179303014153,74.40120695293706,77.56956481933594,15414700.0,0.0,0.0,112.62000274658203,77.56956481933594
2018-02-06,76.59150325283538,81.02031083201929,76.28844691290479,80.71036529541016,18416300.0,0.0,0.0,117.18000030517578,80.71036529541016
2018-02-07,80.86191057281076,82.1499120717228,79.36727517587902,79.40859985351562,11535700.0,0.0,0.0,115.29000091552734,79.40859985351562
2018-02-08,79.32594091466859,79.82185803892001,77.28717460212675,77.34916687011719,9927500.0,0.0,0.0,112.30000305175781,77.34916687011719
2018-02-09,78.06548355947278,78.94711689706195,75.42059931145891,78.17568969726562,10922400.0,0.0,0.0,113.5,78.17568969726562
2018-02-12,79.07110287603825,79.79431101065498,77.76932297880983,78.50630950927734,8358200.0,0.0,0.0,113.9800033569336,78.50630950927734
2018-02-13,78.0655023797049,78.25147396833538,77.0461216339555,78.03106689453125,7065900.0,0.0,0.0,113.29000091552734,78.03106689453125
2018-02-14,77.48688691488643,78.55448612545787,76.72923840492403,78.26519775390625,7031900.0,0.0,0.0,113.62999725341797,78.26519775390625
2018-02-15,78.50870317121462,78.620001071029,77.10352937205131,78.27914428710938,5405000.0,1.12,0.0,112.52999877929688,78.27914428710938
2018-02-16,78.15393212821668,78.5643560769558,77.36091534018962,78.00785064697266,5950400.0,0.0,0.0,112.13999938964844,78.00785064697266
2018-02-20,78.10521931606552,78.43912355433898,76.92265219883483,77.2009048461914,6810900.0,0.0,0.0,110.9800033569336,77.2009048461914
2018-02-21,77.31222052258032,77.95219804380113,75.86531066894531,75.86531066894531,6892300.0,0.0,0.0,109.05999755859375,75.86531066894531
2018-02-22,76.20619183286684,77.52093078347647,75.75403172704392,76.44270324707031,8176700.0,0.0,0.0,109.88999938964844,76.44270324707031
2018-02-23,76.83922644221855,78.4252606984419,76.69314489832759,78.32091522216797,6460200.0,0.0,0.0,112.58999633789062,78.32091522216797
2018-02-26,78.73130128038443,79.76083467742039,78.50174240501963,79.7190933227539,7405800.0,0.0,0.0,114.5999984741211,79.7190933227539
2018-02-27,79.9069125027752,80.72775501069214,79.0304183959961,79.0304183959961,6059700.0,0.0,0.0,113.61000061035156,79.0304183959961
2018-02-28,80.0112540690595,80.31733256112912,77.82697919273957,77.85480499267578,7441000.0,0.0,0.0,111.91999816894531,77.85480499267578
2018-03-01,77.58351349684922,79.2321563919404,77.1939628950301,77.93828582763672,7516700.0,0.0,0.0,112.04000091552734,77.93828582763672
2018-03-02,77.56263890808084,78.03566687335199,76.40093967081572,77.66002655029297,6607300.0,0.0,0.0,111.63999938964844,77.66002655029297
2018-03-05,77.49309805414299,78.83566269368448,77.22875554748691,78.71044921875,7814900.0,0.0,0.0,113.1500015258789,78.71044921875
2018-03-06,79.19737412813946,80.35907348300886,78.62000068569694,79.0582504272461,7957900.0,0.0,0.0,113.6500015258789,79.0582504272461
2018-03-07,78.57129738272603,80.05299062394681,78.34869630380845,79.1904067993164,6660000.0,0.0,0.0,113.83999633789062,79.1904067993164
2018-03-08,79.71910004173029,79.82344547634784,78.32784173277433,78.84956359863281,6095100.0,0.0,0.0,113.3499984741211,78.84956359863281
2018-03-09,79.51736551429566,81.6599045451371,79.4686716866506,81.5416488647461,8833300.0,0.0,0.0,117.22000122070312,81.5416488647461
2018-03-12,81.7364192172943,82.32770289061193,81.08252616524271,81.24252319335938,6877000.0,0.0,0.0,116.79000091552734,81.24252319335938
2018-03-13,81.5486073869197,82.20945295488488,80.69298119936624,81.01296997070312,6793100.0,0.0,0.0,116.45999908447266,81.01296997070312
2018-03-14,81.3747020138292,81.70164326313356,79.89996627420685,80.08778381347656,5051000.0,0.0,0.0,115.12999725341797,80.08778381347656
2018-03-15,80.24777861000233,80.83906232194076,79.82344440687763,80.40081787109375,4519700.0,0.0,0.0,115.58000183105469,80.40081787109375
2018-03-16,80.27560424804688,80.82515190846217,79.69127300755335,80.27560424804688,14909400.0,0.0,0.0,115.4000015258789,80.27560424804688
2018-03-19,80.04605479585334,80.15735801944516,78.75914178964427,79.22521209716797,4803500.0,0.0,0.0,113.88999938964844,79.22521209716797
2018-03-20,79.68432734525706,80.48429668311122,79.60780770833071,79.64954376220703,4587200.0,0.0,0.0,114.5,79.64954376220703
2018-03-21,79.98343341545893,82.1607505106078,79.85821996961222,81.41642761230469,6829600.0,0.0,0.0,117.04000091552734,81.41642761230469
2018-03-22,80.3799277594423,80.51209365179048,78.93997603691824,79.09300994873047,6297200.0,0.0,0.0,113.69999694824219,79.09300994873047
2018-03-23,79.55911009599457,80.53298668836396,78.39740534841782,78.5921859741211,6227200.0,0.0,0.0,112.9800033569336,78.5921859741211
2018-03-26,79.46865794104063,80.40775605874884,78.77998669568504,80.24080657958984,6868700.0,0.0,0.0,115.3499984741211,80.24080657958984
2018-03-27,80.51909770601826,81.29124671334989,79.28783608491771,79.7608642578125,5530800.0,0.0,0.0,114.66000366210938,79.7608642578125
2018-03-28,79.94866582504221,80.1782247395344,77.95220806906754,77.98003387451172,6985300.0,0.0,0.0,112.0999984741211,77.98003387451172
2018-03-29,78.11219312908571,79.60083899476786,78.10523535198563,79.32954406738281,6627800.0,0.0,0.0,114.04000091552734,79.32954406738281
2018-04-02,79.22518141759839,79.57299589578865,76.89482547516923,78.077392578125,6228600.0,0.0,0.0,112.23999786376953,78.077392578125
2018-04-03,78.2721975069822,79.98345005871411,77.97307673006333,79.87910461425781,6717300.0,0.0,0.0,114.83000183105469,79.87910461425781
2018-04-04,78.64087784580313,79.85127108563358,78.2095858604708,79.63562774658203,5727200.0,0.0,0.0,114.4800033569336,79.63562774658203
2018-04-05,79.9138784160778,82.00772373726315,79.78866495118761,81.59034729003906,7204900.0,0.0,0.0,117.29000091552734,81.59034729003906
2018-04-06,80.95731432693076,81.39556406510778,78.87738476337397,79.83039855957031,7094500.0,0.0,0.0,114.76000213623047,79.83039855957031
2018-04-09,80.20603390966626,81.50685687419578,79.91386566671504,80.67906188964844,6933800.0,0.0,0.0,115.9800033569336,80.67906188964844
2018-04-10,81.805977880398,83.35723304755405,81.805977880398,82.6755142211914,7612800.0,0.0,0.0,118.8499984741211,82.6755142211914
2018-04-11,82.564230478808,83.04421101226734,81.91033734015699,82.95378112792969,6246800.0,0.0,0.0,119.25,82.95378112792969
2018-04-12,83.27377178923568,83.94157519153828,82.53640652763214,82.93987274169922,6702000.0,0.0,0.0,119.2300033569336,82.93987274169922
2018-04-13,83.1415852583752,84.02503716151276,82.93289971883301,83.41983795166016,5508100.0,0.0,0.0,119.91999816894531,83.41983795166016
2018-04-16,83.89286338753438,84.66501206699132,83.31548999528664,83.9624252319336,4598000.0,0.0,0.0,120.69999694824219,83.9624252319336
2018-04-17,84.1293717569279,84.86673678808518,83.86502934407679,84.49109649658203,6488300.0,0.0,0.0,121.45999908447266,84.49109649658203
2018-04-18,85.1867412154635,86.87712018572395,85.14500516666638,86.13279724121094,9132500.0,0.0,0.0,123.81999969482422,86.13279724121094
2018-04-19,86.2371318187446,86.95362887148913,85.70845226918202,86.05626678466797,7159400.0,0.0,0.0,123.70999908447266,86.05626678466797
2018-04-20,85.82671272396273,85.88236432328331,84.4911061836405,85.08238983154297,7561200.0,0.0,0.0,122.30999755859375,85.08238983154297
2018-04-23,84.86676304143049,85.98672648647364,84.72763932327082,85.96585845947266,6113100.0,0.0,0.0,123.58000183105469,85.96585845947266
2018-04-24,86.5084460297788,86.98147408873521,84.69285342902182,85.24240112304688,7980500.0,0.0,0.0,122.54000091552734,85.24240112304688
2018-04-25,85.10326465242541,85.49282057155811,84.25460157752518,85.36760711669922,5331100.0,0.0,0.0,122.72000122070312,85.36760711669922
2018-04-26,85.33284424840839,86.46672339461675,85.07546480617387,86.41107177734375,6268400.0,0.0,0.0,124.22000122070312,86.41107177734375
2018-04-27,87.30144471035989,88.37967184760231,86.73102910860523,88.08055114746094,8836600.0,0.0,0.0,126.62000274658203,88.08055114746094
2018-04-30,88.35881559225571,88.97097266370655,86.9884305737338,87.03016662597656,7631600.0,0.0,0.0,125.11000061035156,87.03016662597656
2018-05-01,86.2788886981573,86.89799826065553,85.6180430820348,86.85626220703125,7093700.0,0.0,0.0,124.86000061035156,86.85626220703125
2018-05-02,86.39714000034648,87.97622117384218,86.32062036776848,87.29450225830078,5909100.0,0.0,0.0,125.48999786376953,87.29450225830078
2018-05-03,86.66842218208518,87.73273910372743,86.13974791681039,87.65621948242188,6727700.0,0.0,0.0,126.01000213623047,87.65621948242188
2018-05-04,87.0996951038726,88.2335683155246,86.7518806491935,87.32229614257812,5403100.0,0.0,0.0,125.52999877929688,87.32229614257812
2018-05-07,88.0596717157389,89.3187584953184,86.56407362590322,86.9118881225586,6999700.0,0.0,0.0,124.94000244140625,86.9118881225586
2018-05-08,86.90492998864606,88.17097453896776,86.00061017817569,88.04576110839844,8937000.0,0.0,0.0,126.56999969482422,88.04576110839844
2018-05-09,89.33269858711975,90.72395695592297,89.10313968253215,89.54138946533203,11442700.0,0.0,0.0,128.72000122070312,89.54138946533203
2018-05-10,90.21614826263412,90.27875234012193,89.31182822368396,89.61095428466797,5446000.0,0.0,0.0,128.82000732421875,89.61095428466797
2018-05-11,90.00744937266452,90.96045784884292,89.4022554486047,90.32048034667969,8092300.0,0.0,0.0,129.83999633789062,90.32048034667969
2018-05-14,90.60568395161329,91.18305733805322,90.29265300135131,90.70307159423828,6212400.0,0.0,0.0,130.38999938964844,90.70307159423828
2018-05-15,90.59874536515596,90.61961339074067,89.91006867748503,90.25093078613281,5201700.0,0.0,0.0,129.74000549316406,90.25093078613281
2018-05-16,89.93790192113777,90.23702802101393,89.24923575031468,90.12572479248047,5405100.0,0.0,0.0,129.55999755859375,90.12572479248047
2018-05-17,90.35026599831076,90.91864807841945,90.08362911518094,90.84146118164062,5241600.0,1.12,0.0,129.4600067138672,90.84146118164062
2018-05-18,90.46253751700752,90.62392440365632,89.67664237469867,89.71874237060547,6385800.0,0.0,0.0,127.86000061035156,89.71874237060547
2018-05-21,90.37131295563464,90.80637122602863,90.00643918952123,90.7782974243164,5081200.0,0.0,0.0,129.3699951171875,90.7782974243164
2018-05-22,90.58182127393852,91.49402707942693,89.88714995147308,89.97836303710938,5444200.0,0.0,0.0,128.22999572753906,89.97836303710938
2018-05-23,89.1784293146411,90.37130886497846,88.79951866482294,90.30815887451172,6017200.0,0.0,0.0,128.6999969482422,90.30815887451172
2018-05-24,89.39593816655182,89.39593816655182,88.30830884698103,88.84159851074219,5906200.0,0.0,0.0,126.61000061035156,88.84159851074219
2018-05-25,87.38911000818793,87.54348378959652,85.05948244736163,85.74012756347656,8936600.0,0.0,0.0,122.19000244140625,85.74012756347656
2018-05-29,84.97527974117288,85.9085355551628,84.24551615866633,85.17877197265625,7385700.0,0.0,0.0,121.38999938964844,85.17877197265625
2018-05-30,86.06288663368817,88.18200302580254,85.84535755894078,87.82414245605469,7125300.0,0.0,0.0,125.16000366210938,87.82414245605469
2018-05-31,87.06631411456154,87.58556689905768,86.63126130114118,87.22068786621094,7460700.0,0.0,0.0,124.30000305175781,87.22068786621094
2018-06-01,88.05571728886227,88.09782263557761,86.61022708467725,86.90493774414062,5749900.0,0.0,0.0,123.8499984741211,86.90493774414062
2018-06-04,87.38207560674454,87.99957061965712,85.72607501421913,85.78923034667969,5760500.0,0.0,0.0,122.26000213623047,85.78923034667969
2018-06-05,85.61381253281591,86.80669194831383,85.29103345984011,86.11903381347656,5672600.0,0.0,0.0,122.7300033569336,86.11903381347656
2018-06-06,86.39268980358084,86.79265573701606,85.64888946770405,86.57512664794922,6213400.0,0.0,0.0,123.37999725341797,86.57512664794922
2018-06-07,87.3890957388944,89.80292824639521,87.29787731636972,89.08719635009766,8607200.0,0.0,0.0,126.95999908447266,89.08719635009766
2018-06-08,89.19945804629758,89.38189486665395,88.18901567229254,88.72230529785156,5108800.0,0.0,0.0,126.44000244140625,88.72230529785156
2018-06-11,88.95388472056302,89.9502958228186,88.31534496877772,89.50822448730469,6085100.0,0.0,0.0,127.55999755859375,89.50822448730469
2018-06-12,89.56434946482499,90.08360761989053,88.64513072699198,89.17140197753906,4543000.0,0.0,0.0,127.08000183105469,89.17140197753906
2018-06-13,88.9819635779651,89.69067720488715,88.4767421945557,89.1644058227539,6317900.0,0.0,0.0,127.06999969482422,89.1644058227539
2018-06-14,89.38191752247008,89.78890195443763,88.68022244121923,88.77144622802734,5056800.0,0.0,0.0,126.51000213623047,88.77144622802734
2018-06-15,89.18542326762046,89.19946016398559,86.89789632927624,87.03823852539062,13223800.0,0.0,0.0,124.04000091552734,87.03823852539062
2018-06-18,87.2557843626481,89.1012458965713,87.08036058815402,88.39253234863281,7696800.0,0.0,0.0,125.97000122070312,88.39253234863281
2018-06-19,87.23471349426016,88.33637432035627,86.92596601189955,88.09078216552734,5947800.0,0.0,0.0,125.54000091552734,88.09078216552734
2018-06-20,88.49779062074296,88.73636439228753,87.22070571418767,87.9153823852539,7980700.0,0.0,0.0,125.29000091552734,87.9153823852539
2018-06-21,87.36101466407138,87.42416463510894,85.71905117500845,86.0207748413086,7290800.0,0.0,0.0,122.58999633789062,86.0207748413086
2018-06-22,87.99958019578604,88.81354368296297,87.58557732584889,87.78205108642578,8535200.0,0.0,0.0,125.0999984741211,87.78205108642578
2018-06-25,87.31192841370407,87.45928375393915,85.55769052494003,86.03484344482422,5801900.0,0.0,0.0,122.61000061035156,86.03484344482422
2018-06-26,86.3295254641118,87.43820472657418,86.00674644216213,87.12244415283203,4592800.0,0.0,0.0,124.16000366210938,87.12244415283203
2018-06-27,87.81713451099183,89.40997988145267,87.75397917415415,88.41357421875,6339500.0,0.0,0.0,126.0,88.41357421875
2018-06-28,88.79246972352023,89.01701186836486,87.71185897848444,88.17498016357422,3814800.0,0.0,0.0,125.66000366210938,88.17498016357422
2018-06-29,88.23115300045019,89.62753030379103,88.23115300045019,88.71532440185547,5669700.0,0.0,0.0,126.43000030517578,88.71532440185547
2018-07-02,87.90835293808155,87.91537138739868,86.70143662393093,87.18560791015625,5073500.0,0.0,0.0,124.25,87.18560791015625
2018-07-03,88.03467250871083,88.8977598951483,87.39613270870383,87.5224380493164,3919600.0,0.0,0.0,124.7300033569336,87.5224380493164
2018-07-05,88.49078659804361,88.58902350275598,86.88390386594868,86.99617767333984,5926900.0,0.0,0.0,123.9800033569336,86.99617767333984
2018-07-06,86.67336847617591,87.37506351205447,86.44181318300227,87.1084213256836,4020000.0,0.0,0.0,124.13999938964844,87.1084213256836
2018-07-09,87.71188616572566,88.6100550235013,87.49436240115743,88.40656280517578,4602200.0,0.0,0.0,125.98999786376953,88.40656280517578
2018-07-10,89.34682189019928,90.17481681612924,88.9398375224146,89.52925872802734,5092100.0,0.0,0.0,127.58999633789062,89.52925872802734
2018-07-11,88.57496866100621,88.89072929261606,86.2874412953059,86.67337036132812,6631800.0,0.0,0.0,123.5199966430664,86.67337036132812
2018-07-12,87.31892463370576,87.67678521737925,86.72247962056765,87.19261932373047,3745200.0,0.0,0.0,124.26000213623047,87.19261932373047
2018-07-13,87.15050692877473,87.62765968854886,86.75054103848669,87.03823852539062,3352800.0,0.0,0.0,124.04000091552734,87.03823852539062
2018-07-16,86.31550647611054,86.92597772127496,85.52258767205737,86.2944564819336,4317800.0,0.0,0.0,122.9800033569336,86.2944564819336
2018-07-17,85.8593854306349,86.28040128541087,85.4664380133116,85.54362487792969,4135200.0,0.0,0.0,121.91000366210938,85.54362487792969
2018-07-18,85.07350821589309,85.37523730810499,83.97184717753957,85.2770004272461,6061300.0,0.0,0.0,121.52999877929688,85.2770004272461
2018-07-19,84.9752781355452,85.7050417042627,84.91212814429998,85.375244140625,4471400.0,0.0,0.0,121.66999816894531,85.375244140625
2018-07-20,85.08052281102918,85.85238627716986,84.91211750197317,85.79624938964844,5394700.0,0.0,0.0,122.2699966430664,85.79624938964844
2018-07-23,85.85239197031967,86.35761328449884,85.01737846547614,85.13666534423828,5359400.0,0.0,0.0,121.33000183105469,85.13666534423828
2018-07-24,85.51558443323685,87.12246686722827,85.5085659831995,86.90493774414062,4423500.0,0.0,0.0,123.8499984741211,86.90493774414062
2018-07-25,86.74355471451804,87.8732843127347,86.49795713389865,87.6417236328125,4278800.0,0.0,0.0,124.9000015258789,87.6417236328125
2018-07-26,87.50136125820838,87.978514055442,86.86984006339112,86.97509002685547,5544100.0,0.0,0.0,123.94999694824219,86.97509002685547
2018-07-27,86.16114172292791,89.14334588932708,85.6629388457858,88.39253234863281,7580900.0,0.0,0.0,125.97000122070312,88.39253234863281
2018-07-30,88.94685657343369,90.10465435345084,88.56794064432765,89.69766998291016,5729300.0,0.0,0.0,127.83000183105469,89.69766998291016
2018-07-31,89.81696207737053,90.20289647769998,88.50479046975852,88.60302734375,5894400.0,0.0,0.0,126.2699966430664,88.60302734375
2018-08-01,87.92939778373535,88.35743215737615,87.5364503011174,87.98553466796875,4661000.0,0.0,0.0,125.38999938964844,87.98553466796875
2018-08-02,87.31891912572944,87.57854282454623,86.51898733084728,86.84176635742188,4639600.0,0.0,0.0,123.76000213623047,86.84176635742188
2018-08-03,87.11542599014234,87.18559441192531,86.54003636591018,87.04525756835938,5299400.0,0.0,0.0,124.05000305175781,87.04525756835938
2018-08-06,87.30488783728674,87.66977222364132,86.68739818419694,87.22068786621094,4455900.0,0.0,0.0,124.30000305175781,87.22068786621094
2018-08-07,88.0907911709281,88.20305958739516,87.53645147706918,87.83818054199219,4542000.0,0.0,0.0,125.18000030517578,87.83818054199219
2018-08-08,87.37507168031664,87.56453235568021,86.53303969994828,86.92598724365234,5957200.0,0.0,0.0,123.87999725341797,86.92598724365234
2018-08-09,86.98211520731786,87.26981273907339,85.78923579866826,85.97869110107422,5218300.0,0.0,0.0,122.52999877929688,85.97869110107422
2018-08-10,85.72606868921554,86.67335577816844,85.25593436889552,86.54705047607422,6128000.0,0.0,0.0,123.33999633789062,86.54705047607422
2018-08-13,86.52602154606176,86.78565066175975,85.78924489909522,85.9155502319336,4360000.0,0.0,0.0,122.44000244140625,85.9155502319336
2018-08-14,86.25236007932698,86.76459985592389,85.60680187462275,86.01378631591797,3622200.0,0.0,0.0,122.58000183105469,86.01378631591797
2018-08-15,85.396288953436,85.41734430274842,82.40005332233258,82.75791931152344,9476700.0,0.0,0.0,117.94000244140625,82.75791931152344
2018-08-16,83.38131370692125,83.8134518001406,83.01293643974823,83.35298156738281,5455200.0,1.12,0.0,117.66000366210938,83.35298156738281
2018-08-17,83.70011046368407,84.00473232215056,82.94917901907242,83.45216369628906,6112900.0,0.0,0.0,117.80000305175781,83.45216369628906
2018-08-20,83.59386896024085,83.8205639819057,83.11922710313563,83.41676330566406,5403600.0,0.0,0.0,117.75,83.41676330566406
2018-08-21,83.86304802918625,84.2526825402179,83.44508137629265,83.55134582519531,4875800.0,0.0,0.0,117.94000244140625,83.55134582519531
2018-08-22,83.97640685469369,84.6281542812521,83.89139420585937,84.24560546875,3636900.0,0.0,0.0,118.91999816894531,84.24560546875
2018-08-23,83.87012361601428,84.17474545008763,83.38131045312517,83.66468048095703,3962500.0,0.0,0.0,118.0999984741211,83.66468048095703
2018-08-24,84.23144503280488,84.68483504725722,84.10392875343796,84.30937194824219,4415400.0,0.0,0.0,119.01000213623047,84.30937194824219
2018-08-27,84.55729979785058,85.35073484755632,84.42269780959523,85.25863647460938,3901900.0,0.0,0.0,120.3499984741211,85.25863647460938
2018-08-28,85.43574537565489,85.9599764690832,84.83358738126414,84.91151428222656,4685700.0,0.0,0.0,119.86000061035156,84.91151428222656
2018-08-29,85.01068064453978,85.59867248282455,84.92566801815516,85.16653442382812,4101700.0,0.0,0.0,120.22000122070312,85.16653442382812
2018-08-30,85.06736808936816,85.31531486297553,84.6919050600721,84.87609100341797,3353000.0,0.0,0.0,119.80999755859375,84.87609100341797
2018-08-31,84.5856423491003,84.5856423491003,83.65760525621445,83.91972351074219,5287000.0,0.0,0.0,118.45999908447266,83.91972351074219
2018-09-04,84.25266290948186,84.7485563490394,83.84177668537237,84.21015930175781,4590900.0,0.0,0.0,118.87000274658203,84.21015930175781
2018-09-05,83.63636166419131,84.2597769459732,83.06962688646725,84.24560546875,4619400.0,0.0,0.0,118.91999816894531,84.24560546875
2018-09-06,83.5159162757882,83.95514010938209,81.56775467643726,81.63151550292969,8191100.0,0.0,0.0,115.2300033569336,81.63151550292969
2018-09-07,81.1285665851085,81.7165587331205,80.32805086643764,81.18524169921875,6637800.0,0.0,0.0,114.5999984741211,81.18524169921875
2018-09-10,81.77318824804087,81.97863136850196,81.02934265343455,81.10018920898438,5870900.0,0.0,0.0,114.4800033569336,81.10018920898438
2018-09-11,81.00103002853868,81.9928226581501,80.5901490660606,81.48275756835938,5605300.0,0.0,0.0,115.0199966430664,81.48275756835938
2018-09-12,82.47454058830763,83.23255239597142,82.00698458036757,82.02823638916016,5067800.0,0.0,0.0,115.79000091552734,82.02823638916016
2018-09-13,82.1840832248884,82.54537475339662,81.52525018400986,82.3895263671875,6297700.0,0.0,0.0,116.30000305175781,82.3895263671875
2018-09-14,82.4816182081494,83.31755683566723,82.424943120391,83.15461730957031,4947800.0,0.0,0.0,117.37999725341797,83.15461730957031
2018-09-17,83.31756052076591,84.07557228735092,83.0837798270479,83.24671936035156,5560200.0,0.0,0.0,117.51000213623047,83.24671936035156
2018-09-18,83.94804655396847,84.23141656845067,83.57966931852503,83.68592834472656,4966300.0,0.0,0.0,118.12999725341797,83.68592834472656
2018-09-19,83.82762790115405,85.03902961455171,83.67885983861407,84.66356658935547,4855300.0,0.0,0.0,119.51000213623047,84.66356658935547
2018-09-20,85.14529605283528,85.94581147613822,84.38019850915576,84.59980773925781,5846700.0,0.0,0.0,119.41999816894531,84.59980773925781
2018-09-21,84.94693977120264,85.90330901121641,84.5927285412098,85.81121063232422,13703600.0,0.0,0.0,121.12999725341797,85.81121063232422
2018-09-24,86.36376580708767,87.12177745733402,86.12289941284588,86.86674499511719,6534100.0,0.0,0.0,122.62000274658203,86.86674499511719
2018-09-25,87.49017952792991,88.01441066923745,87.09346465394958,87.39808654785156,5396400.0,0.0,0.0,123.37000274658203,87.39808654785156
2018-09-26,87.12888039838056,87.43350228480766,86.24335228723601,86.39212036132812,4231400.0,0.0,0.0,121.94999694824219,86.39212036132812
2018-09-27,86.54087359743806,87.13594575461295,86.22208030909432,86.76048278808594,4533400.0,0.0,0.0,122.47000122070312,86.76048278808594
2018-09-28,86.42046471141359,87.28474108068934,86.25753055284623,86.62590789794922,5202900.0,0.0,0.0,122.27999877929688,86.62590789794922
2018-10-01,87.21387909845524,88.46778432522595,87.21387909845524,88.12065887451172,5348200.0,0.0,0.0,124.38999938964844,88.12065887451172
2018-10-02,88.60240255015637,89.09121580851762,88.0710856710106,88.36862182617188,5445400.0,0.0,0.0,124.73999786376953,88.36862182617188
2018-10-03,88.64490652283277,89.14788585517394,88.39695972588076,88.77242279052734,4479500.0,0.0,0.0,125.30999755859375,88.77242279052734
2018-10-04,88.404042602985,88.97077734841281,87.9789901927055,88.51738739013672,4824300.0,0.0,0.0,124.94999694824219,88.51738739013672
2018-10-05,88.50322050364983,89.19039117294456,88.36861850311406,88.78659057617188,4318000.0,0.0,0.0,125.33000183105469,88.78659057617188
2018-10-08,87.87981932658109,88.87869230971577,87.72396550109629,88.43946838378906,6267700.0,0.0,0.0,124.83999633789062,88.43946838378906
2018-10-09,88.9141160135891,90.28137175512275,88.60240836116635,89.84214782714844,6797900.0,0.0,0.0,126.81999969482422,89.84214782714844
2018-10-10,90.13259191538944,90.39470476635424,86.75341375630188,86.85259246826172,6504400.0,0.0,0.0,122.5999984741211,86.85259246826172
2018-10-11,86.73215771786977,86.73215771786977,83.26797249164997,83.89846801757812,8589900.0,0.0,0.0,118.43000030517578,83.89846801757812
2018-10-12,84.67772546481397,84.78398990183727,82.30451159385136,83.43090057373047,7450700.0,0.0,0.0,117.7699966430664,83.43090057373047
2018-10-15,83.38132321536041,84.20309588136885,82.82167421589637,82.84292602539062,6047300.0,0.0,0.0,116.94000244140625,82.84292602539062
2018-10-16,82.94917783887679,83.36714987353935,82.41786102851812,83.24671936035156,4846100.0,0.0,0.0,117.51000213623047,83.24671936035156
2018-10-17,83.03419099824445,83.3742361371468,82.19116659094203,83.09086608886719,6978700.0,0.0,0.0,117.29000091552734,83.09086608886719
2018-10-18,83.18296050559809,83.69302552041403,82.21242523475007,83.2183837890625,7391600.0,0.0,0.0,117.47000122070312,83.2183837890625
2018-10-19,83.14754837984772,84.48646643396059,83.14754837984772,83.69303131103516,7944400.0,0.0,0.0,118.13999938964844,83.69303131103516
2018-10-22,83.66469818347763,83.9409825327431,82.51705716493943,83.0342025756836,5644900.0,0.0,0.0,117.20999908447266,83.0342025756836
2018-10-23,81.97866131399967,81.97866131399967,79.37875175868297,80.33512115478516,8095300.0,0.0,0.0,113.4000015258789,80.33512115478516
2018-10-24,80.56180551392072,80.88767920704483,77.97606237377875,78.07524108886719,8035200.0,0.0,0.0,110.20999908447266,78.07524108886719
2018-10-25,78.88990733845868,80.33508947130937,78.231074386789,79.04576110839844,5734000.0,0.0,0.0,111.58000183105469,79.04576110839844
2018-10-26,78.37277181770672,79.67627190495145,77.68560659775171,79.0103530883789,8035500.0,0.0,0.0,111.52999877929688,79.0103530883789
2018-10-29,79.37165911141233,79.39291092205721,76.18375779864238,77.16846466064453,8598300.0,0.0,0.0,108.93000030517578,77.16846466064453
2018-10-30,77.65729910278155,78.74118497993688,76.61591685850719,78.52865600585938,7523800.0,0.0,0.0,110.8499984741211,78.52865600585938
2018-10-31,79.1378786824849,79.69753311919096,78.67032263203312,79.09537506103516,7429800.0,0.0,0.0,111.6500015258789,79.09537506103516
2018-11-01,79.18037005121585,79.33622384552723,77.99730592870166,78.75531768798828,10572000.0,0.0,0.0,111.16999816894531,78.75531768798828
2018-11-02,81.36232047063896,82.9633567833538,80.13675261110969,81.27731323242188,9890400.0,0.0,0.0,114.7300033569336,81.27731323242188
2018-11-05,82.6162407633603,84.77692632507022,82.60206928547481,84.25978088378906,8758700.0,0.0,0.0,118.94000244140625,84.25978088378906
2018-11-06,84.13224372307764,84.60688542255372,83.4875767601918,84.2314224243164,5273200.0,0.0,0.0,118.9000015258789,84.2314224243164
2018-11-07,85.01070747341689,85.80414268890947,84.31645098425649,85.62703704833984,4848800.0,0.0,0.0,120.87000274658203,85.62703704833984
2018-11-08,85.47117770669085,86.33545404169553,84.27394192411863,84.55731201171875,9532400.0,0.0,0.0,119.36000061035156,84.55731201171875
2018-11-09,83.74970100103775,85.27281031490061,83.14754301318523,84.66356658935547,6565700.0,0.0,0.0,119.51000213623047,84.66356658935547
2018-11-12,85.64828486688849,85.98124432040801,83.00586645467105,83.1617202758789,10550800.0,0.0,0.0,117.38999938964844,83.1617202758789
2018-11-13,83.097956888901,83.50883780886228,81.49692061269188,81.7165298461914,6846200.0,0.0,0.0,115.3499984741211,81.7165298461914
2018-11-14,82.80040483574454,83.44507178813414,81.42606911031213,81.9786376953125,6783500.0,0.0,0.0,115.72000122070312,81.9786376953125
2018-11-15,81.30623758807181,83.75271985725844,80.63381053042758,83.65972137451172,7218100.0,1.12,0.0,116.94999694824219,83.65972137451172
2018-11-16,84.05313723452193,85.31929698553728,83.8886052879284,85.16907501220703,6706900.0,0.0,0.0,119.05999755859375,85.16907501220703
2018-11-19,84.51097090249509,85.46953732261974,84.33928940100132,85.4266128540039,5328300.0,0.0,0.0,119.41999816894531,85.4266128540039
2018-11-20,85.29786784676267,85.48385936180279,82.29341639535232,83.05168151855469,7983500.0,0.0,0.0,116.0999984741211,83.05168151855469
2018-11-21,83.46657580119378,85.26209588190076,83.46657580119378,84.10323333740234,5624400.0,0.0,0.0,117.56999969482422,84.10323333740234
2018-11-23,82.05016207390901,82.42214495071586,80.19741904907134,81.2632827758789,5577800.0,0.0,0.0,113.5999984741211,81.2632827758789
2018-11-26,81.9786532990961,82.57954679753261,81.56375129513481,82.25048828125,6953000.0,0.0,0.0,114.9800033569336,82.25048828125
2018-11-27,81.94289062841395,82.73692516519534,81.70682512663414,82.4150161743164,6339200.0,0.0,0.0,115.20999908447266,82.4150161743164
2018-11-28,82.25049552994159,84.61113434374757,81.83559348941522,84.510986328125,6841700.0,0.0,0.0,118.13999938964844,84.510986328125
2018-11-29,84.37504745614774,85.64836775365897,84.22482547075927,85.01885986328125,6656900.0,0.0,0.0,118.8499984741211,85.01885986328125
2018-11-30,84.4466020447408,85.2764006115837,84.19622656509041,85.08325958251953,6712500.0,0.0,0.0,118.94000244140625,85.08325958251953
2018-12-03,86.39231901850935,87.57979579200548,85.88442410161294,86.32078552246094,8237600.0,0.0,0.0,120.66999816894531,86.32078552246094
2018-12-04,86.27074333604614,86.62126141627269,83.74557233672292,83.86717987060547,8288100.0,0.0,0.0,117.23999786376953,83.86717987060547
2018-12-06,82.5079885886512,83.08026745774318,80.85554140419042,82.91574096679688,10715700.0,0.0,0.0,115.91000366210938,82.91574096679688
2018-12-07,84.11752845760608,85.6269088633747,82.40070252706089,82.61530303955078,9114400.0,0.0,0.0,115.48999786376953,82.61530303955078
2018-12-10,82.47939541720906,82.95152093598846,79.88268596212352,82.22187042236328,7674300.0,0.0,0.0,114.94000244140625,82.22187042236328
2018-12-11,83.16611420003466,83.4236391555004,81.51366149285346,82.60099029541016,5929400.0,0.0,0.0,115.47000122070312,82.60099029541016
2018-12-12,83.77415390080422,84.21051531097281,82.6725206241209,82.70829010009766,7891400.0,0.0,0.0,115.62000274658203,82.70829010009766
2018-12-13,82.3720861351282,83.20903957562508,81.77119270716318,82.93721008300781,7030500.0,0.0,0.0,115.94000244140625,82.93721008300781
2018-12-14,82.27195744200056,82.84423105403394,81.05586578332147,81.42784881591797,6195400.0,0.0,0.0,113.83000183105469,81.42784881591797
2018-12-17,81.14884736915864,82.24332581365877,80.01859944363102,80.4406509399414,7132400.0,0.0,0.0,112.44999694824219,80.4406509399414
2018-12-18,80.56942487470856,81.00578640847176,77.93695115228053,78.5020751953125,9658600.0,0.0,0.0,109.73999786376953,78.5020751953125
2018-12-19,78.62367837741776,80.1115938508898,76.6135524855247,77.13575744628906,10472400.0,0.0,0.0,107.83000183105469,77.13575744628906
2018-12-20,76.40609423696974,77.30743160388425,74.53189146194943,75.09701538085938,11612800.0,0.0,0.0,104.9800033569336,75.09701538085938
2018-12-21,74.12415969269786,76.49910836125477,73.61626465193213,74.54621124267578,19912800.0,0.0,0.0,104.20999908447266,74.54621124267578
2018-12-24,73.89521976359279,74.50326257277283,72.18554382055883,72.24276733398438,5619500.0,0.0,0.0,100.98999786376953,72.24276733398438
2018-12-26,72.85799650178846,76.82101440429688,71.69198436662259,76.82101440429688,10779400.0,0.0,0.0,107.38999938964844,76.82101440429688
2018-12-27,75.44753372788104,78.20876936710064,75.02547680452724,78.20161437988281,10655100.0,0.0,0.0,109.31999969482422,78.20161437988281
2018-12-28,78.43766634094904,78.94556119288939,77.343188164182,77.72232055664062,6445400.0,0.0,0.0,108.6500015258789,77.72232055664062
2018-12-31,78.08001951176075,78.85974405725304,77.15722248705633,77.82249450683594,6309600.0,0.0,0.0,108.79000091552734,77.82249450683594
2019-01-02,76.78522005883616,79.88982385102557,76.6135385849037,79.18163299560547,6384800.0,0.0,0.0,110.69000244140625,79.18163299560547
2019-01-03,79.44632537643744,79.610857358558,77.30744235481157,77.66511535644531,6496200.0,0.0,0.0,108.56999969482422,77.66511535644531
2019-01-04,78.88834026769658,79.39623517144722,78.30891186974901,79.27462768554688,7952500.0,0.0,0.0,110.81999969482422,79.27462768554688
2019-01-07,79.446322458772,80.78402140051172,78.63082848160863,80.30474090576172,5712700.0,0.0,0.0,112.26000213623047,80.30474090576172
2019-01-08,81.12024115842054,81.39922567441897,79.88269012111034,79.9542236328125,5674900.0,0.0,0.0,111.7699966430664,79.9542236328125
2019-01-09,80.61233282661858,81.54943422787487,80.440645877679,81.02722930908203,7097000.0,0.0,0.0,113.2699966430664,81.02722930908203
2019-01-10,80.48359186078306,81.28477600607037,79.91131279329986,81.15601348876953,6078300.0,0.0,0.0,113.44999694824219,81.15601348876953
2019-01-11,80.83407856757746,80.86984804204126,79.88266730645802,80.50502014160156,4491700.0,0.0,0.0,112.54000091552734,80.50502014160156
2019-01-14,79.64661445137499,80.36196039237598,79.46062843622735,79.91844940185547,6121700.0,0.0,0.0,111.72000122070312,79.91844940185547
2019-01-15,80.10444184740622,80.8841663128908,79.76822837782794,80.20458984375,4226100.0,0.0,0.0,112.12000274658203,80.20458984375
2019-01-16,79.71098892139204,80.34764629637203,79.56076694660915,79.68952941894531,5624100.0,0.0,0.0,111.4000015258789,79.68952941894531
2019-01-17,79.22455815645043,80.32619149363492,78.80965622601937,80.09012603759766,4442700.0,0.0,0.0,111.95999908447266,80.09012603759766
2019-01-18,81.5422976886039,82.01442871851768,80.87702561950739,81.81413269042969,9382000.0,0.0,0.0,114.37000274658203,81.81413269042969
2019-01-22,80.91994347227713,81.15600351025591,80.08298448390089,80.36196899414062,7242000.0,0.0,0.0,112.33999633789062,80.36196899414062
2019-01-23,80.39058699518958,80.59803800424962,78.98850939453366,79.6823959350586,6082300.0,0.0,0.0,111.38999938964844,79.6823959350586
2019-01-24,79.4248533640732,81.42066905386594,79.33901535009676,81.19891357421875,8470700.0,0.0,0.0,113.51000213623047,81.19891357421875
2019-01-25,81.59237369468923,82.10742375533877,80.82695359279546,80.99148559570312,6261800.0,0.0,0.0,113.22000122070312,80.99148559570312
2019-01-28,80.05437042192933,80.52649592591452,79.45347696689942,80.2403564453125,6886600.0,0.0,0.0,112.16999816894531,80.2403564453125
2019-01-29,80.85555964609492,81.08447015384529,79.95422213410292,79.99714660644531,5359900.0,0.0,0.0,111.83000183105469,79.99714660644531
2019-01-30,80.49788669727556,81.29907620383392,80.1044496611635,80.84125518798828,7941700.0,0.0,0.0,113.01000213623047,80.84125518798828
2019-01-31,81.40635383193296,82.55806100101184,81.10590444955847,82.01439666748047,11225600.0,0.0,0.0,114.6500015258789,82.01439666748047
2019-02-01,83.44511813734643,85.30501678279842,83.40934865164922,84.6755142211914,10934300.0,0.0,0.0,118.37000274658203,84.6755142211914
2019-02-04,84.05314427080822,85.6626725653556,83.20188089301985,85.655517578125,7987900.0,0.0,0.0,119.73999786376953,85.655517578125
2019-02-05,85.56969909989611,85.74138062903705,84.90442703461038,85.46955108642578,6887400.0,0.0,0.0,119.4800033569336,85.46955108642578
2019-02-06,85.1261724626984,85.54822397540124,84.9044169531533,85.04032897949219,4990400.0,0.0,0.0,118.87999725341797,85.04032897949219
2019-02-07,84.41797854484352,84.77565152601758,83.34495960132138,84.57535552978516,7281900.0,0.0,0.0,118.2300033569336,84.57535552978516
2019-02-08,84.2248269597217,84.33212993908359,82.92289760568282,84.1103744506836,5671000.0,0.0,0.0,117.58000183105469,84.1103744506836
2019-02-11,83.64541685436623,83.95301588523992,83.25912931854874,83.65972137451172,4859600.0,0.0,0.0,116.94999694824219,83.65972137451172
2019-02-12,84.64688831639788,85.03317578770762,84.13183835465155,84.92587280273438,5400700.0,0.0,0.0,118.72000122070312,84.92587280273438
2019-02-13,85.24063126851442,86.12050378488581,84.91156730852175,85.53392028808594,5935900.0,0.0,0.0,119.56999969482422,85.53392028808594
2019-02-14,85.52669393893089,86.36483386761516,85.01369340682297,85.37496185302734,5406500.0,1.19,0.0,118.16000366210938,85.37496185302734
2019-02-15,86.42985211788192,86.60325940259962,85.68563459957717,86.2347640991211,6209800.0,0.0,0.0,119.3499984741211,86.2347640991211
2019-02-19,85.9096267307729,86.60326139814487,85.59170877436638,86.20586395263672,4277800.0,0.0,0.0,119.30999755859375,86.20586395263672
2019-02-20,86.2058690316762,87.22464862699294,85.98188437420316,86.90673065185547,5940600.0,0.0,0.0,120.27999877929688,86.90673065185547
2019-02-21,86.75499780907396,86.93563201834682,85.54113570225951,86.08303833007812,5139400.0,0.0,0.0,119.13999938964844,86.08303833007812
2019-02-22,86.9067292140575,87.0367860642331,85.87350132447324,86.263671875,4517600.0,0.0,0.0,119.38999938964844,86.263671875
2019-02-25,86.27812327781861,87.00788148817163,86.24922114386625,86.42985534667969,5196600.0,0.0,0.0,119.62000274658203,86.42985534667969
2019-02-26,86.56715370083843,87.40529924259297,86.47322587806374,86.66108703613281,5445600.0,0.0,0.0,119.94000244140625,86.66108703613281
2019-02-27,86.91396964554883,87.63650658946808,86.62495376547726,86.76223754882812,5289800.0,0.0,0.0,120.08000183105469,86.76223754882812
2019-02-28,86.70443465728017,86.8200432161659,85.61340231100394,86.40097045898438,6406500.0,0.0,0.0,119.58000183105469,86.40097045898438
2019-03-01,86.98620554665095,88.17839237786653,86.82724656748643,88.1711654663086,7743600.0,0.0,0.0,122.02999877929688,88.1711654663086
2019-03-04,88.63359036870256,88.75642030507362,87.10181583862015,88.23619842529297,7499500.0,0.0,0.0,122.12000274658203,88.23619842529297
2019-03-05,88.05557997100898,89.12493156866228,87.85326499474537,89.08158111572266,7345200.0,0.0,0.0,123.29000091552734,89.08158111572266
2019-03-06,88.99485305641515,90.10033343771104,88.36624959157056,89.25496673583984,7599900.0,0.0,0.0,123.52999877929688,89.25496673583984
2019-03-07,89.17549152561149,89.2332957932593,87.9327273337753,88.10614013671875,7201100.0,0.0,0.0,121.94000244140625,88.10614013671875
2019-03-08,86.7766647317172,88.09890834012224,86.12638053803292,87.87492370605469,7014100.0,0.0,0.0,121.62000274658203,87.87492370605469
2019-03-11,88.77811985328063,89.73908983781526,88.69141343201721,89.32002258300781,6088600.0,0.0,0.0,123.62000274658203,89.32002258300781
2019-03-12,89.47896001989729,90.28820326882433,89.14659373351259,89.5223159790039,6184300.0,0.0,0.0,123.9000015258789,89.5223159790039
2019-03-13,90.02808932861858,90.26652780926567,89.52231574468713,90.07866668701172,4707000.0,0.0,0.0,124.66999816894531,90.07866668701172
2019-03-14,90.14370761317866,90.64948125178087,89.94139815773778,90.0280990600586,5146400.0,0.0,0.0,124.5999984741211,90.0280990600586
2019-03-15,90.02087208470012,90.62057905042475,89.84746476765994,90.54109954833984,10449700.0,0.0,0.0,125.30999755859375,90.54109954833984
2019-03-18,90.46883591156617,91.13356847281396,90.43993377683559,90.95293426513672,5586900.0,0.0,0.0,125.87999725341797,90.95293426513672
2019-03-19,91.44427081389857,91.7043845460509,90.12925384024805,90.51942443847656,5096800.0,0.0,0.0,125.27999877929688,90.51942443847656
2019-03-20,90.34601119250175,91.28530581917389,90.08589747741867,90.09312438964844,6708500.0,0.0,0.0,124.69000244140625,90.09312438964844
2019-03-21,90.2231742868586,91.01073677106167,89.96306059184217,90.93848419189453,5050400.0,0.0,0.0,125.86000061035156,90.93848419189453
2019-03-22,90.20872388425066,90.24485293146347,88.65526856691696,88.93705749511719,5786800.0,0.0,0.0,123.08999633789062,88.93705749511719
2019-03-25,88.82147416316008,89.12493838197518,88.37349923596645,88.79257202148438,3837500.0,0.0,0.0,122.88999938964844,88.79257202148438
2019-03-26,89.42837812990423,90.25207516096843,89.14658921632372,89.68849182128906,4079800.0,0.0,0.0,124.12999725341797,89.68849182128906
2019-03-27,89.58012706939697,89.94139551851734,88.16394989782832,88.72030639648438,3727800.0,0.0,0.0,122.79000091552734,88.72030639648438
2019-03-28,88.58301808007191,88.98764247085418,88.40961077689023,88.88648223876953,4057700.0,0.0,0.0,123.0199966430664,88.88648223876953
2019-03-29,89.79688759350479,89.93417137239948,88.50354584436843,89.0020980834961,5318600.0,0.0,0.0,123.18000030517578,89.0020980834961
2019-04-01,89.50062857920497,90.51217561209513,89.19715895682003,90.27374267578125,5506300.0,0.0,0.0,124.94000244140625,90.27374267578125
2019-04-02,90.46161543060074,90.63502825131202,89.67405287514966,90.26653289794922,4362700.0,0.0,0.0,124.93000030517578,90.26653289794922
2019-04-03,90.47606628701861,90.56999409409988,89.26220414445727,89.51509094238281,3595400.0,0.0,0.0,123.88999938964844,89.51509094238281
2019-04-04,89.60180260875953,90.19428264689523,89.26943629590477,90.172607421875,3715400.0,0.0,0.0,124.80000305175781,90.172607421875
2019-04-05,90.49773476320814,91.50206048045705,90.46160571797597,91.34310150146484,5551400.0,0.0,0.0,126.41999816894531,91.34310150146484
2019-04-08,91.59601628686404,92.00786217085209,91.20585114415537,91.53099060058594,5483100.0,0.0,0.0,126.68000030517578,91.53099060058594
2019-04-09,91.24918569461637,91.24918569461637,90.40381884524987,90.70728302001953,4143400.0,0.0,0.0,125.54000091552734,90.70728302001953
2019-04-10,91.14079260627263,91.45148365450704,90.41102888599764,90.671142578125,3970000.0,0.0,0.0,125.48999786376953,90.671142578125
2019-04-11,90.5627824167028,91.22752062774079,90.13648824456162,91.03243255615234,3248300.0,0.0,0.0,125.98999786376953,91.03243255615234
2019-04-12,87.84603031686916,88.14949446661862,85.98188394694768,86.53101348876953,42693700.0,0.0,0.0,119.76000213623047,86.53101348876953
2019-04-15,86.71888135101003,87.44141829299069,86.22033460955656,86.80558776855469,13369100.0,0.0,0.0,120.13999938964844,86.80558776855469
2019-04-16,87.01512128212565,87.6581786983428,86.74778063787613,87.54979705810547,11942900.0,0.0,0.0,121.16999816894531,87.54979705810547
2019-04-17,88.29400972557173,88.53967514573473,86.74055975219314,86.8995132446289,11898100.0,0.0,0.0,120.2699966430664,86.8995132446289
2019-04-18,87.08015830481511,87.29692161353282,86.05415707026049,86.60328674316406,9546500.0,0.0,0.0,119.86000061035156,86.60328674316406
2019-04-22,87.2680194403503,88.15674239075139,87.02958090335002,88.07726287841797,7946200.0,0.0,0.0,121.9000015258789,88.07726287841797
2019-04-23,87.95443243650392,88.35182448351468,87.67986484536641,88.1639633178711,9079200.0,0.0,0.0,122.0199966430664,88.1639633178711
2019-04-24,87.67984249232669,87.73764676125272,85.32437090251621,85.46165466308594,22115000.0,0.0,0.0,118.27999877929688,85.46165466308594
2019-04-25,85.29548491109888,85.76512949522973,84.82583481444884,85.18710327148438,10636400.0,0.0,0.0,117.9000015258789,85.18710327148438
2019-04-26,85.54835457033711,85.62060714474889,83.5613784551636,84.60905456542969,11626700.0,0.0,0.0,117.0999984741211,84.60905456542969
2019-04-29,84.54404444400772,85.33883393368025,84.32005425588142,85.05704498291016,9404000.0,0.0,0.0,117.72000122070312,85.05704498291016
2019-04-30,87.4992035048221,88.09168344764102,86.45152737225199,86.74776458740234,21431500.0,0.0,0.0,120.05999755859375,86.74776458740234
2019-05-01,86.55993046888113,86.80559039056554,85.085954401216,85.12207794189453,10097000.0,0.0,0.0,117.80999755859375,85.12207794189453
2019-05-02,84.73912862621826,85.60617623292714,84.01659171022047,84.0888442993164,9495600.0,0.0,0.0,116.37999725341797,84.0888442993164
2019-05-03,85.03536511856638,85.65674726136855,84.61629241527768,84.73189544677734,7364900.0,0.0,0.0,117.2699966430664,84.73189544677734
2019-05-06,84.89807090375139,86.58880430808124,84.87639568254481,85.54835510253906,11035000.0,0.0,0.0,118.4000015258789,85.54835510253906
2019-05-07,84.75357352230208,85.45442962646484,84.17554184539493,85.45442962646484,9165200.0,0.0,0.0,118.2699966430664,85.45442962646484
2019-05-08,85.52669564126595,85.60617514201441,84.82583395967637,84.89808654785156,6229000.0,0.0,0.0,117.5,84.89808654785156
2019-05-09,87.51366214475227,88.38070412891507,86.60326420261838,87.56423950195312,16496300.0,0.0,0.0,121.19000244140625,87.56423950195312
2019-05-10,87.54980808096995,88.34459768857882,86.58161113466024,88.14228820800781,8787900.0,0.0,0.0,121.98999786376953,88.14228820800781
2019-05-13,88.0844611826194,88.33734795221662,86.71164020299692,87.02233123779297,7701200.0,0.0,0.0,120.44000244140625,87.02233123779297
2019-05-14,87.18851978684789,88.33012932526272,87.07291675812617,87.8893814086914,6858500.0,0.0,0.0,121.63999938964844,87.8893814086914
2019-05-15,87.57148482233526,88.50355824180195,87.3330517946968,88.25067138671875,6945000.0,0.0,0.0,122.13999938964844,88.25067138671875
2019-05-16,88.27985665899324,88.68846215198252,87.94422021005109,88.14122772216797,8543300.0,1.19,0.0,120.80000305175781,88.14122772216797
2019-05-17,87.60126852425782,88.36739880210858,87.46993206424784,87.93690490722656,6870900.0,0.0,0.0,120.5199966430664,87.93690490722656
2019-05-20,88.07556581202482,88.44038880299506,87.95152733111664,88.17041778564453,4569700.0,0.0,0.0,120.83999633789062,88.17041778564453
2019-05-21,88.3089984325203,88.97297854308236,88.214146516763,88.53518676757812,4859400.0,0.0,0.0,121.33999633789062,88.53518676757812
2019-05-22,88.21417310763253,88.6081824843025,87.80556769844405,87.973388671875,5763300.0,0.0,0.0,120.56999969482422,87.973388671875
2019-05-23,86.68920485548007,86.73298738338849,85.26639795044365,86.00334167480469,11000200.0,0.0,0.0,117.87000274658203,86.00334167480469
2019-05-24,86.31710481516296,86.77677968882085,85.64582641383348,86.61625671386719,4890800.0,0.0,0.0,118.70999908447266,86.61625671386719
2019-05-28,86.74028445004265,87.06133036027204,86.22223663738039,86.32438659667969,8145100.0,0.0,0.0,118.30999755859375,86.32438659667969
2019-05-29,85.3977291873964,85.6312155772194,84.50756058658534,85.20072174072266,7451300.0,0.0,0.0,116.7699966430664,85.20072174072266
2019-05-30,85.03293057974108,85.17885752741945,83.79982727486077,84.18653869628906,5807900.0,0.0,0.0,115.37999725341797,84.18653869628906
2019-05-31,83.34015378147103,84.05520363058176,82.97533083938212,83.07018280029297,6899800.0,0.0,0.0,113.8499984741211,83.07018280029297
2019-06-03,83.69037093614061,84.71187616830588,83.52255551971861,84.6316146850586,6100800.0,0.0,0.0,115.98999786376953,84.6316146850586
2019-06-04,85.0766927585347,85.86471149920122,84.85050435893339,85.58744812011719,5235600.0,0.0,0.0,117.30000305175781,85.58744812011719
2019-06-05,86.00333451768331,86.1200749266291,84.83589702769835,85.84281158447266,5105700.0,0.0,0.0,117.6500015258789,85.84281158447266
2019-06-06,86.25143147074414,88.40388997372231,86.17846800230124,88.05365753173828,7370100.0,0.0,0.0,120.68000030517578,88.05365753173828
2019-06-07,88.09741780810035,89.10433240880727,87.94419288337424,88.63735961914062,5343100.0,0.0,0.0,121.4800033569336,88.63735961914062
2019-06-10,89.16270728452443,89.57131268469938,88.80518243028216,89.22837829589844,5708800.0,0.0,0.0,122.29000091552734,89.22837829589844
2019-06-11,90.01640265876088,90.11125460694672,88.39658812251382,88.41117858886719,5625100.0,0.0,0.0,121.16999816894531,88.41117858886719
2019-06-12,87.83474247632145,87.98067494825717,87.2364332582715,87.69611358642578,4000100.0,0.0,0.0,120.19000244140625,87.69611358642578
2019-06-13,88.4622525698639,88.93652343893558,87.89312975368011,88.22147369384766,3993300.0,0.0,0.0,120.91000366210938,88.22147369384766
2019-06-14,88.28712536331354,88.4038713416213,87.82745059892464,88.14849090576172,3366800.0,0.0,0.0,120.80999755859375,88.14849090576172
2019-06-17,88.08283212450078,88.90003176739285,87.83474968522637,88.57169342041016,4219100.0,0.0,0.0,121.38999938964844,88.57169342041016
2019-06-18,88.98030294411319,90.38122710865615,88.91463749425863,89.69535827636719,4884300.0,0.0,0.0,122.93000030517578,89.69535827636719
2019-06-19,89.38892764178472,90.09668510989297,89.17732964650186,89.66619110107422,3847100.0,0.0,0.0,122.88999938964844,89.66619110107422
2019-06-20,90.70225499638683,90.9868163734527,90.18420721847833,90.68036651611328,7771700.0,0.0,0.0,124.27999877929688,90.68036651611328
2019-06-21,91.05977301509175,92.08127240066077,90.64387524618033,91.15462493896484,14287900.0,0.0,0.0,124.93000030517578,91.15462493896484
2019-06-24,90.87008186538638,91.48298161992003,90.7825223718436,91.14005279541016,5542600.0,0.0,0.0,124.91000366210938,91.14005279541016
2019-06-25,91.08896678088364,91.28597423783937,90.10394619636975,90.21339416503906,4713300.0,0.0,0.0,123.63999938964844,90.21339416503906
2019-06-26,90.89196824360727,91.11815663824744,90.38851090920933,90.42499542236328,5054800.0,0.0,0.0,123.93000030517578,90.42499542236328
2019-06-27,90.41769428317814,90.62199418957107,89.66616009890916,89.8266830444336,3551700.0,0.0,0.0,123.11000061035156,89.8266830444336
2019-06-28,90.04558490690822,90.82630563870933,89.8339869708633,90.797119140625,7048300.0,0.0,0.0,124.44000244140625,90.797119140625
2019-07-01,91.46840057274964,91.8186274494726,90.73875475169501,91.08898162841797,5526900.0,0.0,0.0,124.83999633789062,91.08898162841797
2019-07-02,90.87738647455028,91.0014249243349,89.30134887697282,89.69535827636719,5747700.0,0.0,0.0,122.93000030517578,89.69535827636719
2019-07-03,89.69535066361954,90.0163965692309,89.25756433481186,90.00180053710938,2725800.0,0.0,0.0,123.3499984741211,90.00180053710938
2019-07-05,89.84857485942005,90.28636118461748,89.48375199396301,90.14043426513672,3458900.0,0.0,0.0,123.54000091552734,90.14043426513672
2019-07-08,90.22799426044973,90.54173658240887,90.0528752759893,90.18421173095703,3505200.0,0.0,0.0,123.5999984741211,90.18421173095703
2019-07-09,90.4031079191236,90.57822133729563,89.79750062144949,90.00180053710938,3955600.0,0.0,0.0,123.3499984741211,90.00180053710938
2019-07-10,90.55633374039702,91.6581003726163,90.55633374039702,91.52676391601562,4743500.0,0.0,0.0,125.44000244140625,91.52676391601562
2019-07-11,91.70187401485761,91.70187401485761,90.91385530379215,91.51946258544922,3548000.0,0.0,0.0,125.43000030517578,91.51946258544922
2019-07-12,91.48298445267274,92.11777827531479,91.3005730105434,91.9207763671875,3974400.0,0.0,0.0,125.9800033569336,91.9207763671875
2019-07-15,91.9791330737079,92.22721550079166,91.40271231577582,91.7310562133789,3739200.0,0.0,0.0,125.72000122070312,91.7310562133789
2019-07-16,91.57054544971996,91.77484537757232,90.66578624062144,91.03060913085938,4697600.0,0.0,0.0,124.76000213623047,91.03060913085938
2019-07-17,90.95766607869146,91.41004300138442,90.51987405875315,90.5782470703125,3874200.0,0.0,0.0,124.13999938964844,90.5782470703125
2019-07-18,90.56364437047355,91.24221522963099,90.00911196906115,90.97224426269531,5770700.0,0.0,0.0,124.68000030517578,90.97224426269531
2019-07-19,90.97222091645087,91.50486469648105,90.91384792775489,91.23489379882812,4880900.0,0.0,0.0,125.04000091552734,91.23489379882812
2019-07-22,91.475682551395,91.7529459107516,90.81900031422951,91.43190002441406,3275800.0,0.0,0.0,125.30999755859375,91.43190002441406
2019-07-23,91.38085826837391,92.09591375695587,91.04522179553157,91.8040542602539,4295300.0,0.0,0.0,125.81999969482422,91.8040542602539
2019-07-24,91.84053006979147,92.62125094849853,91.68730510108333,92.32939147949219,4796900.0,0.0,0.0,126.54000091552734,92.32939147949219
2019-07-25,92.66500665742572,92.66500665742572,91.44649963818789,91.66539001464844,4586800.0,0.0,0.0,125.62999725341797,91.66539001464844
2019-07-26,91.38083339750176,91.38813141379117,89.96532440890135,90.27177429199219,6971700.0,0.0,0.0,123.72000122070312,90.27177429199219
2019-07-29,90.09667125670788,90.94305754094283,90.02370221891098,90.64390563964844,4377500.0,0.0,0.0,124.2300033569336,90.64390563964844
2019-07-30,90.54903818668355,91.02330904656986,90.02369234599442,90.72415161132812,3871700.0,0.0,0.0,124.33999633789062,90.72415161132812
2019-07-31,90.26446935338343,90.97952459251364,89.36700825504948,89.8266830444336,7199500.0,0.0,0.0,123.11000061035156,89.8266830444336
2019-08-01,89.01679800106575,90.29367830026136,87.78369467362339,88.09744262695312,7928400.0,0.0,0.0,120.73999786376953,88.09744262695312
2019-08-02,88.8562506671268,89.41078294665846,85.9741524368297,88.09012603759766,9026200.0,0.0,0.0,120.7300033569336,88.09012603759766
2019-08-05,86.96648941469401,87.95880820202065,85.69690164555917,86.63814544677734,8620300.0,0.0,0.0,118.73999786376953,86.63814544677734
2019-08-06,86.62356202857157,87.21457342545827,85.84284113923422,87.1051254272461,6788000.0,0.0,0.0,119.37999725341797,87.1051254272461
2019-08-07,85.76985510622194,87.41155794738671,85.33206322850735,86.90080261230469,6853700.0,0.0,0.0,119.0999984741211,86.90080261230469
2019-08-08,87.18537396965623,89.98721670058016,87.13429898697885,89.91425323486328,8868100.0,0.0,0.0,123.2300033569336,89.91425323486328
2019-08-09,89.82669959728234,90.39582246046797,88.936530783887,89.3232421875,5051700.0,0.0,0.0,122.41999816894531,89.3232421875
2019-08-12,89.7537359278484,89.84858788258376,88.22148078418611,88.6884536743164,3936500.0,0.0,0.0,121.55000305175781,88.6884536743164
2019-08-13,88.29443666121242,89.52753423374993,87.77638882973716,89.30134582519531,5806400.0,0.0,0.0,122.38999938964844,89.30134582519531
2019-08-14,87.57207676155112,87.98797459878949,85.86470845081101,85.90848541259766,7175600.0,0.0,0.0,117.73999786376953,85.90848541259766
2019-08-15,85.54368263198894,85.98146905287861,84.24491383775515,85.33208465576172,6272600.0,0.0,0.0,116.94999694824219,85.33208465576172
2019-08-16,85.80386166043643,85.98814830248033,85.03722855465597,85.36894226074219,6239100.0,1.19,0.0,115.80999755859375,85.36894226074219
2019-08-19,86.34198379019422,86.8506167707124,86.21667021133635,86.47467041015625,6443700.0,0.0,0.0,117.30999755859375,86.47467041015625
2019-08-20,86.34195904975225,86.3861916597202,85.25835852520378,85.60481262207031,5150900.0,0.0,0.0,116.12999725341797,85.60481262207031
2019-08-21,86.8284883098282,87.14546153489808,86.48940158923884,86.89482879638672,4578400.0,0.0,0.0,117.87999725341797,86.89482879638672
2019-08-22,87.46979473063334,87.52876216854763,86.57784263541824,86.78424835205078,4362100.0,0.0,0.0,117.7300033569336,86.78424835205078
2019-08-23,85.86282607782384,87.02751326387586,84.2927004465821,84.90453338623047,7653400.0,0.0,0.0,115.18000030517578,84.90453338623047
2019-08-26,85.4500159940326,85.67116218085019,84.91190222954758,85.31732940673828,3966400.0,0.0,0.0,115.73999786376953,85.31732940673828
2019-08-27,85.7080382102818,86.26827123696626,84.80135098349854,85.38369750976562,4237100.0,0.0,0.0,115.83000183105469,85.38369750976562
2019-08-28,85.8112113378162,86.39355201902231,85.4205190389084,86.12081146240234,4153500.0,0.0,0.0,116.83000183105469,86.12081146240234
2019-08-29,86.3861938838393,86.86533457498389,85.9365341014578,86.62944793701172,4467300.0,0.0,0.0,117.5199966430664,86.62944793701172
2019-08-30,86.9685380028243,87.70568443042451,86.41567818212414,86.7768783569336,4881100.0,0.0,0.0,117.72000122070312,86.7768783569336
2019-09-03,85.3394422161422,85.75224805329196,84.44012826945065,85.70801544189453,5672500.0,0.0,0.0,116.2699966430664,85.70801544189453
2019-09-04,86.59995843293612,87.3813317891688,86.37143923284542,86.43041229248047,4595600.0,0.0,0.0,117.25,86.43041229248047
2019-09-05,86.9906646400531,87.7720381717005,86.43780473581614,86.7179183959961,5394300.0,0.0,0.0,117.63999938964844,86.7179183959961
2019-09-06,86.61470155139406,87.30762096347904,86.53361499789558,87.17493438720703,4578200.0,0.0,0.0,118.26000213623047,87.17493438720703
2019-09-09,87.52875779076831,88.18481760559031,87.41081729685783,88.00790405273438,5048000.0,0.0,0.0,119.38999938964844,88.00790405273438
2019-09-10,88.6271305318589,90.88279713321077,88.3912438652076,89.82130432128906,8728800.0,0.0,0.0,121.8499984741211,89.82130432128906
2019-09-11,90.08666180153523,90.65426768483924,88.73031511100754,89.40111541748047,5509500.0,0.0,0.0,121.27999877929688,89.40111541748047
2019-09-12,88.48705064521337,90.06454342202368,88.13321791419945,89.50431060791016,5818300.0,0.0,0.0,121.41999816894531,89.50431060791016
2019-09-13,90.11615329318576,90.16775331960093,89.37163380578298,89.56329345703125,4885400.0,0.0,0.0,121.5,89.56329345703125
2019-09-16,92.040100411458,92.34232751249043,90.6468941584507,91.49461364746094,10683900.0,0.0,0.0,124.12000274658203,91.49461364746094
2019-09-17,91.49464233091796,91.86321564829744,90.34468975638585,91.3250961303711,7246500.0,0.0,0.0,123.88999938964844,91.3250961303711
2019-09-18,91.07444103476023,91.5609547399803,90.68374871404706,91.5388412475586,4801500.0,0.0,0.0,124.18000030517578,91.5388412475586
2019-09-19,91.97375252564471,92.12118517790469,90.97860602480756,91.15552520751953,4034500.0,0.0,0.0,123.66000366210938,91.15552520751953
2019-09-20,91.40616504420316,92.01062494292333,91.16290535199128,91.64205169677734,10420700.0,0.0,0.0,124.31999969482422,91.64205169677734
2019-09-23,91.0744411790997,92.14330122370234,91.0744411790997,92.06958770751953,4705500.0,0.0,0.0,124.9000015258789,92.06958770751953
2019-09-24,91.90005453953718,91.93691411482537,90.83119434395877,91.21450805664062,6232100.0,0.0,0.0,123.73999786376953,91.21450805664062
2019-09-25,91.0228236455862,91.51671029538237,90.6026504977928,91.04493713378906,3762500.0,0.0,0.0,123.51000213623047,91.04493713378906
2019-09-26,90.86066850416024,91.03758206868842,88.49442919166556,88.57551574707031,7834400.0,0.0,0.0,120.16000366210938,88.57551574707031
2019-09-27,88.0963582184215,88.6418449201387,87.31497929544271,87.42555236816406,6850700.0,0.0,0.0,118.5999984741211,87.42555236816406
2019-09-30,87.38132538866756,88.03001212519665,87.2854983917651,87.42555236816406,6108300.0,0.0,0.0,118.5999984741211,87.42555236816406
2019-10-01,87.91944284854966,88.05950245497603,85.42051716746019,85.51634979248047,7116600.0,0.0,0.0,116.01000213623047,85.51634979248047
2019-10-02,84.8160629751014,84.85292254468968,82.28028318368409,82.774169921875,9702400.0,0.0,0.0,112.29000091552734,82.774169921875
2019-10-03,82.60461911719271,83.43759810147733,81.39569953941472,83.40811157226562,5315300.0,0.0,0.0,113.1500015258789,83.40811157226562
2019-10-04,83.73984666392228,84.03470640769301,82.96584616350368,83.92413330078125,4757300.0,0.0,0.0,113.8499984741211,83.92413330078125
2019-10-07,84.00520464683707,84.5875509886519,83.46709091415988,83.48920440673828,4694000.0,0.0,0.0,113.26000213623047,83.48920440673828
2019-10-08,82.64150128931587,83.11327463778474,82.2729280093257,82.34664154052734,5323900.0,0.0,0.0,111.70999908447266,82.34664154052734
2019-10-09,82.99530881566928,84.41063414957253,82.78154131305,83.40074157714844,4601700.0,0.0,0.0,113.13999938964844,83.40074157714844
2019-10-10,83.6882310966157,84.6170371486978,83.51869057160485,84.4696044921875,3555500.0,0.0,0.0,114.58999633789062,84.4696044921875
2019-10-11,85.28046595455855,86.26823939790853,85.03720630096441,85.61955261230469,5134200.0,0.0,0.0,116.1500015258789,85.61955261230469
2019-10-14,85.19938350539097,85.79647029843268,85.10355087264446,85.64167022705078,2571300.0,0.0,0.0,116.18000030517578,85.64167022705078
2019-10-15,85.39840875546349,86.70316102434074,85.36155481009348,85.73749542236328,3742700.0,0.0,0.0,116.30999755859375,85.73749542236328
2019-10-16,85.6785188015615,85.9954919424685,84.83079941318411,84.85291290283203,3608900.0,0.0,0.0,115.11000061035156,84.85291290283203
2019-10-17,85.22150585283289,85.55321952254933,84.71287297688508,85.02984619140625,3722400.0,0.0,0.0,115.3499984741211,85.02984619140625
2019-10-18,84.87502933923062,85.1993755292745,84.58016967773438,84.58016967773438,5679900.0,0.0,0.0,114.73999786376953,84.58016967773438
2019-10-21,85.17727523797676,86.06184873555921,85.17727523797676,85.95864868164062,3926300.0,0.0,0.0,116.61000061035156,85.95864868164062
2019-10-22,85.9733955143494,87.39608850489417,85.87019545277468,86.83586120605469,4095000.0,0.0,0.0,117.80000305175781,86.83586120605469
2019-10-23,86.54099010718254,86.99801728440278,86.08395730598147,86.96853637695312,4148500.0,0.0,0.0,117.9800033569336,86.96853637695312
2019-10-24,87.32973538678903,87.58036246465282,86.4746428585886,86.67367553710938,3873900.0,0.0,0.0,117.58000183105469,86.67367553710938
2019-10-25,86.81374745553167,87.6098670860421,86.75478000525756,87.47718048095703,3369100.0,0.0,0.0,118.66999816894531,87.47718048095703
2019-10-28,87.77937616055763,88.09634927070867,86.71788376861382,87.33708953857422,5076300.0,0.0,0.0,118.4800033569336,87.33708953857422
2019-10-29,86.96117630196584,87.77203635325107,86.75477617516397,87.07911682128906,4548400.0,0.0,0.0,118.12999725341797,87.07911682128906
2019-10-30,87.11596695959282,87.11596695959282,85.15515471943101,85.77436065673828,4690900.0,0.0,0.0,116.36000061035156,85.77436065673828
2019-10-31,85.40579013561293,85.77436336919526,85.00773036846628,85.61219024658203,7177700.0,0.0,0.0,116.13999938964844,85.61219024658203
2019-11-01,85.1330263364222,85.96600527163909,84.04942035363995,85.66377258300781,7684700.0,0.0,0.0,116.20999908447266,85.66377258300781
2019-11-04,86.41567089630725,89.83602958207888,86.26086521045985,89.61488342285156,10348800.0,0.0,0.0,121.56999969482422,89.61488342285156
2019-11-05,89.36426100553335,90.2635748940085,88.98831476488786,89.88763427734375,6971200.0,0.0,0.0,121.94000244140625,89.88763427734375
2019-11-06,89.88764487229527,90.03507192083723,88.31015183217433,88.38386535644531,6104700.0,0.0,0.0,119.9000015258789,88.38386535644531
2019-11-07,89.29054381852045,89.93186322847136,88.69345701807087,89.85077667236328,5440700.0,0.0,0.0,121.88999938964844,89.85077667236328
2019-11-08,89.17259871276904,89.34213923116644,88.57551194314073,89.14311218261719,4249800.0,0.0,0.0,120.93000030517578,89.14311218261719
2019-11-11,88.6049896265329,89.48219558870736,88.46493564338145,89.05464935302734,3870800.0,0.0,0.0,120.80999755859375,89.05464935302734
2019-11-12,89.40848181417029,89.96871461706405,88.81139506802137,89.16522216796875,4503600.0,0.0,0.0,120.95999908447266,89.16522216796875
2019-11-13,88.79665367960492,90.23409251797504,88.73031320385493,90.13825988769531,5076400.0,0.0,0.0,122.27999877929688,90.13825988769531
2019-11-14,89.82130295868761,90.62479559551751,89.4895892719851,89.90238952636719,4882800.0,0.0,0.0,121.95999908447266,89.90238952636719
2019-11-15,90.23735443337107,90.36390273290633,89.41105912328287,89.80559539794922,5589600.0,1.19,0.0,120.63999938964844,89.80559539794922
2019-11-18,89.19516121544197,89.32915517538082,87.94455281581084,88.24976348876953,4885300.0,0.0,0.0,118.55000305175781,88.24976348876953
2019-11-19,88.21258916957461,88.43591445188964,86.4111182474793,86.6865463256836,8723000.0,0.0,0.0,116.44999694824219,86.6865463256836
2019-11-20,86.65676426324578,87.8999275060406,86.44088469806749,87.34906005859375,5903100.0,0.0,0.0,117.33999633789062,87.34906005859375
2019-11-21,87.55004645233689,88.54755296555393,87.24483567538749,88.41355895996094,5810900.0,0.0,0.0,118.7699966430664,88.41355895996094
2019-11-22,88.62943024705548,89.10585207156534,88.28700241565127,88.30933380126953,4786800.0,0.0,0.0,118.62999725341797,88.30933380126953
2019-11-25,88.16046037480253,88.74854484858398,87.82547820793552,88.12323760986328,7390000.0,0.0,0.0,118.37999725341797,88.12323760986328
2019-11-26,88.09344293163514,88.25721397760987,87.2448163110347,87.68402099609375,10053100.0,0.0,0.0,117.79000091552734,87.68402099609375
2019-11-27,87.83289428937294,88.29443032366066,87.55746634968405,87.89244842529297,4106100.0,0.0,0.0,118.06999969482422,87.89244842529297
2019-11-29,87.30437347343982,87.70635541491237,87.00660844130509,87.19271087646484,3271000.0,0.0,0.0,117.12999725341797,87.19271087646484
2019-12-02,87.82548646838839,87.89248063630434,86.8875283617857,86.94708251953125,5195200.0,0.0,0.0,116.80000305175781,86.94708251953125
2019-12-03,86.50042619619911,86.87263113797175,86.12822125442649,86.26966094970703,6135800.0,0.0,0.0,115.88999938964844,86.26966094970703
2019-12-04,86.82797479545968,87.31928808111141,86.6716493898606,87.05130004882812,5706700.0,0.0,0.0,116.94000244140625,87.05130004882812
2019-12-05,87.55747243829529,87.6467979689919,86.49296632212943,86.59718322753906,5517500.0,0.0,0.0,116.33000183105469,86.59718322753906
2019-12-06,87.16293231309771,88.80063712210368,87.08105246807315,87.84779357910156,6735300.0,0.0,0.0,118.01000213623047,87.84779357910156
2019-12-09,86.73863804576126,87.7584816415476,86.67908957079163,87.31928253173828,4736100.0,0.0,0.0,117.30000305175781,87.31928253173828
2019-12-10,87.862693181373,87.90735595470922,87.13317471303151,87.75847625732422,4886800.0,0.0,0.0,117.88999938964844,87.75847625732422
2019-12-11,87.16294572332676,87.58726478572902,86.4483129561272,86.52275848388672,7039600.0,0.0,0.0,116.2300033569336,86.52275848388672
2019-12-12,86.79076060956501,88.50290590964602,86.79076060956501,88.44335174560547,6462000.0,0.0,0.0,118.80999755859375,88.44335174560547
2019-12-13,88.62199470988762,88.98675394531544,87.76592224848252,87.81058502197266,4863400.0,0.0,0.0,117.95999908447266,87.81058502197266
2019-12-16,88.48056298668688,88.93465348937049,88.29446050786234,88.85276794433594,5619300.0,0.0,0.0,119.36000061035156,88.85276794433594
2019-12-17,89.02395899401365,89.24728419006355,88.08600680115364,88.28699493408203,6755500.0,0.0,0.0,118.5999984741211,88.28699493408203
2019-12-18,88.34653469562743,89.06116725550311,88.22742642928411,88.24976348876953,7496700.0,0.0,0.0,118.55000305175781,88.24976348876953
2019-12-19,88.26467594141226,88.39122425322141,87.73614562791835,87.9371337890625,6220300.0,0.0,0.0,118.12999725341797,87.9371337890625
2019-12-20,88.88253143527876,89.28451340961765,87.90735073332115,89.0909652709961,12171100.0,0.0,0.0,119.68000030517578,89.0909652709961
2019-12-23,88.81554308417554,89.6269528260188,88.6964404538205,89.57484436035156,5875000.0,0.0,0.0,120.33000183105469,89.57484436035156
2019-12-24,89.64929049819501,89.90983284479384,89.3961881619296,89.58229064941406,1640100.0,0.0,0.0,120.33999633789062,89.58229064941406
2019-12-26,89.82792632825031,90.38623366038324,89.58226973905683,89.77581787109375,3648600.0,0.0,0.0,120.5999984741211,89.77581787109375
2019-12-27,89.99169690323963,90.28946194798667,89.50782941545017,89.55249786376953,4138300.0,0.0,0.0,120.30000305175781,89.55249786376953
2019-12-30,89.65673411044789,90.32669850635016,89.1877522180398,89.217529296875,4580200.0,0.0,0.0,119.8499984741211,89.217529296875
2019-12-31,88.95696112440218,89.79814205948992,88.77085869527164,89.70881652832031,4215700.0,0.0,0.0,120.51000213623047,89.70881652832031
2020-01-02,89.93215584610718,90.5425717209434,89.90237876935947,90.39369201660156,5205000.0,0.0,0.0,121.43000030517578,90.39369201660156
2020-01-03,90.6542248483616,91.35397188018484,89.8800379721605,90.0810317993164,6360900.0,0.0,0.0,121.01000213623047,90.0810317993164
2020-01-06,90.2522396734955,90.57233610442754,89.57482973046008,89.77581787109375,9953000.0,0.0,0.0,120.5999984741211,89.77581787109375
2020-01-07,88.59965560344946,89.12819158142821,87.66914331452341,88.62943267822266,7856900.0,0.0,0.0,119.05999755859375,88.62943267822266
2020-01-08,88.24978781251926,88.65176412373538,87.57981782816522,87.61703491210938,7295900.0,0.0,0.0,117.69999694824219,87.61703491210938
2020-01-09,87.53516493585292,87.78082158701481,86.48554983995703,87.47561645507812,7345300.0,0.0,0.0,117.51000213623047,87.47561645507812
2020-01-10,87.48306620020992,87.60962022450721,86.64933058261614,86.67910766601562,6393800.0,0.0,0.0,116.44000244140625,86.67910766601562
2020-01-13,86.70141766943503,87.0289598266266,86.41109827715941,86.84285736083984,6846700.0,0.0,0.0,116.66000366210938,86.84285736083984
2020-01-14,86.72376987332582,87.0066436446384,86.13568525875148,86.57489013671875,7189100.0,0.0,0.0,116.30000305175781,86.57489013671875
2020-01-15,86.57485719796051,86.65674272575913,86.09098971898565,86.44830322265625,5808800.0,0.0,0.0,116.12999725341797,86.44830322265625
2020-01-16,86.76840437733009,87.30438034145736,86.68651884506642,87.0140609741211,7022000.0,0.0,0.0,116.88999938964844,87.0140609741211
2020-01-17,87.10340100097618,87.31183485712195,85.99422619886292,86.03889465332031,7885900.0,0.0,0.0,115.58000183105469,86.03889465332031
2020-01-21,85.6815773334315,85.71880009974682,84.24486601637058,84.34908294677734,8470300.0,0.0,0.0,113.30999755859375,84.34908294677734
2020-01-22,84.19274870938732,84.51284515613403,83.7163268834475,84.04386901855469,5589900.0,0.0,0.0,112.9000015258789,84.04386901855469
2020-01-23,83.67166442418339,84.48306839722137,83.26968244216044,84.1927490234375,8007800.0,0.0,0.0,113.0999984741211,84.1927490234375
2020-01-24,83.96198459970498,84.10342428345146,82.88258694894854,83.26223754882812,6920000.0,0.0,0.0,111.8499984741211,83.26223754882812
2020-01-27,82.07118285956537,82.50294191929663,81.87019470659874,82.17539978027344,7609800.0,0.0,0.0,110.38999938964844,82.17539978027344
2020-01-28,82.61460936713333,83.09103122667283,82.4582782975188,82.71882629394531,5771900.0,0.0,0.0,111.12000274658203,82.71882629394531
2020-01-29,82.96445772203305,83.25477704693293,82.01905991417364,82.1604995727539,4772800.0,0.0,0.0,110.37000274658203,82.1604995727539
2020-01-30,81.74363165497941,83.06124007399958,81.18532435050543,82.92724609375,8382700.0,0.0,0.0,111.4000015258789,82.92724609375
2020-01-31,81.7436459874082,81.88508568008069,79.20521128461192,79.75607299804688,13699600.0,0.0,0.0,107.13999938964844,79.75607299804688
2020-02-03,79.61463614102283,79.83796138168135,78.46080420934523,79.11588287353516,8785500.0,0.0,0.0,106.27999877929688,79.11588287353516
2020-02-04,80.15804550272408,80.64935300525043,79.35408157561267,79.5401840209961,9909000.0,0.0,0.0,106.8499984741211,79.5401840209961
2020-02-05,80.59723318972486,82.36893185491557,80.47813059474963,82.09349822998047,6914100.0,0.0,0.0,110.27999877929688,82.09349822998047
2020-02-06,82.3540666045,82.3838436825382,81.22256603603334,81.50543975830078,6274000.0,0.0,0.0,109.48999786376953,81.50543975830078
2020-02-07,81.08855498359267,81.46820554954891,80.74612717721094,81.09600067138672,4830100.0,0.0,0.0,108.94000244140625,81.09600067138672
2020-02-10,80.79825497684061,81.73621308459614,80.63448388253758,81.72876739501953,6011800.0,0.0,0.0,109.79000091552734,81.72876739501953
2020-02-11,82.46573113963149,82.90493595163358,81.92975508130888,82.78582763671875,6072700.0,0.0,0.0,111.20999908447266,82.78582763671875
2020-02-12,83.75356774924994,83.82056192078662,83.08359763689623,83.40369415283203,5725700.0,0.0,0.0,112.04000091552734,83.40369415283203
2020-02-13,82.90492430210716,83.6195570529871,82.80070738089942,83.12080383300781,5991900.0,0.0,0.0,111.66000366210938,83.12080383300781
2020-02-14,83.47476462520154,83.57267266698656,82.52584953712677,82.90240478515625,5148700.0,1.29,0.0,110.08000183105469,82.90240478515625
2020-02-18,82.08902536074739,83.04547294460741,81.96099798458378,83.02288055419922,4975800.0,0.0,0.0,110.23999786376953,83.02288055419922
2020-02-19,83.23377460024994,83.67058009373588,82.75931702711847,83.39945983886719,5887500.0,0.0,0.0,110.73999786376953,83.39945983886719
2020-02-20,83.42958430173005,83.64798704677584,82.6162235434445,82.69906616210938,4466600.0,0.0,0.0,109.80999755859375,82.69906616210938
2020-02-21,82.0815074491374,82.23213298864489,81.07234219043298,82.09657287597656,6443900.0,0.0,0.0,109.01000213623047,82.09657287597656
2020-02-24,79.61131827843778,80.55270649818912,78.63980494616108,78.85820770263672,9539800.0,0.0,0.0,104.70999908447266,78.85820770263672
2020-02-25,78.92598141342073,79.01635099465219,75.31104877395984,75.84575653076172,12871900.0,0.0,0.0,100.70999908447266,75.84575653076172
2020-02-26,75.95870111868949,76.52353381246573,73.8048053200941,73.83493041992188,11990400.0,0.0,0.0,98.04000091552734,73.83493041992188
2020-02-27,72.26095018700521,73.95544881224713,70.85263722910152,70.89028930664062,15783700.0,0.0,0.0,94.12999725341797,70.89028930664062
2020-02-28,68.25439020698312,70.37063423652121,67.86277534592412,70.29531860351562,20835100.0,0.0,0.0,93.33999633789062,70.29531860351562
2020-03-02,70.8074415653528,72.81071810857021,69.44431349750035,72.74293518066406,15050800.0,0.0,0.0,96.58999633789062,72.74293518066406
2020-03-03,72.89355619428846,74.16631460699521,70.31792000920413,71.08609008789062,16525500.0,0.0,0.0,94.38999938964844,71.08609008789062
2020-03-04,72.57727119973104,74.57300970986199,72.05009032783889,74.20398712158203,14753000.0,0.0,0.0,98.52999877929688,74.20398712158203
2020-03-05,72.08020292796536,73.34542875676551,71.50031038991305,73.19480895996094,12814400.0,0.0,0.0,97.19000244140625,73.19480895996094
2020-03-06,70.732135563043,72.34379154562896,70.35558031952708,71.78649139404297,16861900.0,0.0,0.0,95.31999969482422,71.78649139404297
2020-03-09,61.92827805370194,66.28125576185829,60.24883913468081,60.753421783447266,30595500.0,0.0,0.0,80.66999816894531,60.753421783447266
2020-03-10,64.94824364397644,64.9934341781358,61.03207159958621,63.99932861328125,22642900.0,0.0,0.0,84.9800033569336,63.99932861328125
2020-03-11,61.9282730092484,63.89388593979074,61.56677747574454,62.530757904052734,18412800.0,0.0,0.0,83.02999877929688,62.530757904052734
2020-03-12,58.16273485425419,58.84052980565073,54.871639424837845,57.43221664428711,25768200.0,0.0,0.0,76.26000213623047,57.43221664428711
2020-03-13,60.233781869804446,62.88472836995266,55.81302105244292,62.82447814941406,23497500.0,0.0,0.0,83.41999816894531,62.82447814941406
2020-03-16,54.65321166987955,59.11162305713691,52.484256176402404,52.491783142089844,17535300.0,0.0,0.0,69.69999694824219,52.491783142089844
2020-03-17,53.01898205462393,54.96200858611203,49.32120662270408,53.23738479614258,22684200.0,0.0,0.0,70.69000244140625,53.23738479614258
2020-03-18,49.86343652533572,49.87850195025468,41.09723234550819,41.45872497558594,24947300.0,0.0,0.0,55.04999923706055,41.45872497558594
2020-03-19,41.61687856345891,44.04942763236993,38.86049467242513,43.221004486083984,29871000.0,0.0,0.0,57.38999938964844,43.221004486083984
2020-03-20,44.832661253805874,45.67614697143547,42.445302661537,44.72722625732422,26960400.0,0.0,0.0,59.38999938964844,44.72722625732422
2020-03-23,43.87621675283808,44.73476514167857,39.8922643651821,40.83365249633789,23764000.0,0.0,0.0,54.220001220703125,40.83365249633789
2020-03-24,46.301230375699774,50.94792337163743,45.427622363814436,50.119503021240234,29198800.0,0.0,0.0,66.55000305175781,50.119503021240234
2020-03-25,51.42991229722048,55.08249675792718,50.187278930277046,52.1679573059082,22560100.0,0.0,0.0,69.2699966430664,52.1679573059082
2020-03-26,52.943668107644406,58.064815833769586,51.12866912491341,57.52257537841797,24129100.0,0.0,0.0,76.37999725341797,57.52257537841797
2020-03-27,54.31431878397497,55.38373406799493,51.588057335156044,51.798927307128906,20411500.0,0.0,0.0,68.77999877929688,51.798927307128906
2020-03-30,51.21903968527674,54.924341457829605,50.47345625563001,54.1862907409668,18486800.0,0.0,0.0,71.94999694824219,54.1862907409668
2020-03-31,55.180421919318384,56.51343115950146,53.32777017069593,54.570404052734375,18514200.0,0.0,0.0,72.45999908447266,54.570404052734375
2020-04-01,52.34871344070031,54.44235975044563,50.917802314842554,51.63325500488281,14362000.0,0.0,0.0,68.55999755859375,51.63325500488281
2020-04-02,54.03568316655142,59.26979930736974,52.40143461562284,57.326778411865234,23220600.0,0.0,0.0,76.12000274658203,57.326778411865234
2020-04-03,58.742616572495294,59.48819432786713,54.999656622846615,56.56612777709961,14905400.0,0.0,0.0,75.11000061035156,56.56612777709961
2020-04-06,57.989494184140696,60.964277626445416,56.867361424979066,60.542537689208984,17334900.0,0.0,0.0,80.38999938964844,60.542537689208984
2020-04-07,63.45708805498849,64.5340362271175,60.888978665382105,60.94169616699219,16394800.0,0.0,0.0,80.91999816894531,60.94169616699219
2020-04-08,61.973454602690026,64.9934288715137,61.393556385502976,64.75243377685547,12284800.0,0.0,0.0,85.9800033569336,64.75243377685547
2020-04-09,66.83101500554481,67.71215853662156,61.39355702113502,63.49473571777344,17023800.0,0.0,0.0,84.30999755859375,63.49473571777344
2020-04-13,65.65616764844518,65.79172775594715,62.809411136680176,63.94660949707031,13854700.0,0.0,0.0,84.91000366210938,63.94660949707031
2020-04-14,64.36080375129966,65.58084447171052,63.509791204542495,63.72066116333008,14797600.0,0.0,0.0,84.61000061035156,63.72066116333008
2020-04-15,60.59526733311361,62.79434851224315,59.7367218625524,62.124080657958984,13982300.0,0.0,0.0,82.48999786376953,62.124080657958984
2020-04-16,61.23541967420315,61.89816066463965,59.35264321642268,60.24131393432617,12291900.0,0.0,0.0,79.98999786376953,60.24131393432617
2020-04-17,61.25048787652479,65.89717900571229,61.24295516153486,65.64865112304688,16130100.0,0.0,0.0,87.16999816894531,65.64865112304688
2020-04-20,62.25212277473112,65.52061990633838,61.82284423181197,62.93745040893555,15749000.0,0.0,0.0,83.56999969482422,62.93745040893555
2020-04-21,60.45972064889176,63.103140577396225,59.68401761685524,61.483951568603516,19620600.0,0.0,0.0,81.63999938964844,61.483951568603516
2020-04-22,63.97672974089885,64.20266517177883,62.48557428357635,63.592647552490234,10320700.0,0.0,0.0,84.44000244140625,63.592647552490234
2020-04-23,64.99342468812144,66.86113511506086,64.30809152024484,65.36997985839844,14226500.0,0.0,0.0,86.80000305175781,65.36997985839844
2020-04-24,66.63521040918933,66.86867279345144,64.59427617843012,65.52813720703125,9175500.0,0.0,0.0,87.01000213623047,65.52813720703125
2020-04-27,65.33233980121052,68.2468796798424,64.66960458986257,67.5615463256836,12037100.0,0.0,0.0,89.70999908447266,67.5615463256836
2020-04-28,67.44103800194075,68.5029206684321,66.89879759957229,67.712158203125,10645200.0,0.0,0.0,89.91000366210938,67.712158203125
2020-04-29,69.64765952760315,71.65093041110717,69.50456669814682,71.25931549072266,12342800.0,0.0,0.0,94.62000274658203,71.25931549072266
2020-04-30,70.58150648745536,72.10278694317662,68.2167403286376,69.2861557006836,12222000.0,0.0,0.0,92.0,69.2861557006836
2020-05-01,68.91713846534324,69.32381879534049,65.55073385518004,67.35820007324219,13250100.0,0.0,0.0,89.44000244140625,67.35820007324219
2020-05-04,66.84608189233985,68.99997813400822,66.0402539799518,68.86441802978516,11192400.0,0.0,0.0,91.44000244140625,68.86441802978516
2020-05-05,71.16895232289562,71.77144310647999,69.79829124873024,69.9564437866211,13608700.0,0.0,0.0,92.88999938964844,69.9564437866211
2020-05-06,69.92630218946084,70.38570001085216,67.60672068895654,67.81759643554688,11145900.0,0.0,0.0,90.05000305175781,67.81759643554688
2020-05-07,70.02421086562714,70.83756576969604,69.21838292895886,69.76815032958984,9749600.0,0.0,0.0,92.63999938964844,69.76815032958984
2020-05-08,71.54549698708045,71.96723702540827,70.84510399727058,71.89945983886719,8585900.0,0.0,0.0,95.47000122070312,71.89945983886719
2020-05-11,70.95052681893887,71.24423940171695,70.1748240620749,70.31791687011719,7101000.0,0.0,0.0,93.37000274658203,70.31791687011719
2020-05-12,70.13717357232882,70.81497412099804,68.53305039529225,68.60836029052734,8749100.0,0.0,0.0,91.0999984741211,68.60836029052734
2020-05-13,67.70463169291705,67.77994158997276,65.76160532168473,66.80089569091797,12215100.0,0.0,0.0,88.69999694824219,66.80089569091797
2020-05-14,65.73901004251208,68.48033154464385,64.78255657996559,67.81759643554688,10678200.0,0.0,0.0,90.05000305175781,67.81759643554688
2020-05-15,68.26948748281939,69.33137060345861,66.89882621097081,67.14735412597656,10113000.0,0.0,0.0,89.16000366210938,67.14735412597656
2020-05-18,70.6090066375917,71.37317336347445,69.89068804962051,70.7236328125,12304300.0,1.29,0.0,92.55000305175781,70.7236328125
2020-05-19,70.70833324401404,70.78474873656054,68.41583348684877,68.48461151123047,7749300.0,0.0,0.0,89.62000274658203,68.48461151123047
2020-05-20,69.53916397915091,71.42665650569133,68.91254756990656,71.06749725341797,9160000.0,0.0,0.0,93.0,71.06749725341797
2020-05-21,70.89173116158253,71.35023577433351,69.75312458820851,70.33389282226562,8830900.0,0.0,0.0,92.04000091552734,70.33389282226562
2020-05-22,69.88303379602236,69.99765995296345,68.36998718081139,68.98896026611328,8563100.0,0.0,0.0,90.27999877929688,68.98896026611328
2020-05-26,70.67778152316949,72.09148885360663,70.32626551555639,71.29676055908203,9430000.0,0.0,0.0,93.30000305175781,71.29676055908203
2020-05-27,72.35131345835822,72.35895675885813,70.38740499924569,71.75526428222656,7822600.0,0.0,0.0,93.9000015258789,71.75526428222656
2020-05-28,71.53364199553673,71.75525102805945,69.37869223288529,69.43982696533203,9633300.0,0.0,0.0,90.87000274658203,69.43982696533203
2020-05-29,68.92018644125122,70.21926730887319,68.20951128116597,70.0740737915039,17010000.0,0.0,0.0,91.69999694824219,70.0740737915039
2020-06-01,69.49332098111834,71.71704302781094,68.85906122620396,70.90702819824219,7344000.0,0.0,0.0,92.79000091552734,70.90702819824219
2020-06-02,71.66356080428005,72.76396285014584,71.28912070872349,72.35895538330078,7880300.0,0.0,0.0,94.69000244140625,72.35895538330078
2020-06-03,73.33708529431274,74.6820204317634,73.1689676733652,74.26172637939453,8440200.0,0.0,0.0,97.18000030517578,74.26172637939453
2020-06-04,73.9560503197852,74.04010912095258,72.71810403010046,73.57396697998047,6371700.0,0.0,0.0,96.27999877929688,73.57396697998047
2020-06-05,75.71365437854742,77.9832309002719,75.69073030541978,77.03565979003906,12760100.0,0.0,0.0,100.80999755859375,77.03565979003906
2020-06-08,78.42642833025957,79.16002768142785,77.08149910151576,78.89257049560547,11090700.0,0.0,0.0,103.23999786376953,78.89257049560547
2020-06-09,76.95157860505726,78.65567278391624,76.28675735704194,77.5858383178711,10745400.0,0.0,0.0,101.52999877929688,77.5858383178711
2020-06-10,77.18083924276502,77.56292260535297,74.55210384251853,74.56739044189453,10486300.0,0.0,0.0,97.58000183105469,74.56739044189453
2020-06-11,70.53259561328478,71.97687035057461,68.10254503734589,68.29358673095703,14944800.0,0.0,0.0,89.37000274658203,68.29358673095703
2020-06-12,71.54128405349084,71.56420812022843,68.7826419735763,70.60135650634766,9532400.0,0.0,0.0,92.38999938964844,70.60135650634766
2020-06-15,68.07960564041917,70.36446817498773,67.40714107155638,69.71492767333984,12289500.0,0.0,0.0,91.2300033569336,69.71492767333984
2020-06-16,72.58820609107809,73.03906755581114,69.9136221661144,71.85460662841797,8726700.0,0.0,0.0,94.02999877929688,71.85460662841797
2020-06-17,71.70175499479345,71.83166192031209,69.92124537987824,69.95181274414062,6019900.0,0.0,0.0,91.54000091552734,69.95181274414062
2020-06-18,69.53916591152758,71.2432601249459,68.8514147529702,70.25748443603516,7064100.0,0.0,0.0,91.94000244140625,70.25748443603516
2020-06-19,72.14497889125722,72.14497889125722,69.19529504683408,69.25642395019531,14838800.0,0.0,0.0,90.62999725341797,69.25642395019531
2020-06-22,69.01952414703878,70.06643444341522,68.46167998747791,69.9900131225586,5939200.0,0.0,0.0,91.58999633789062,69.9900131225586
2020-06-23,70.68541146999004,71.1362669717153,69.67671177735318,69.87539672851562,6317700.0,0.0,0.0,91.44000244140625,69.87539672851562
2020-06-24,68.76736355562169,68.87434643320874,66.37552374938308,66.97157287597656,8974500.0,0.0,0.0,87.63999938964844,66.97157287597656
2020-06-25,66.71940746647363,68.40057807634503,66.60478710022852,68.17132568359375,7398000.0,0.0,0.0,89.20999908447266,68.17132568359375
2020-06-26,67.84271348153776,67.88092414565413,65.85588138019101,66.0698471069336,13766000.0,0.0,0.0,86.45999908447266,66.0698471069336
2020-06-29,66.41373666007776,67.68225046433574,66.17684099731427,66.99449920654297,7022200.0,0.0,0.0,87.66999816894531,66.99449920654297
2020-06-30,66.17684490925643,68.76736994163595,65.9934465063803,68.18660736083984,8263600.0,0.0,0.0,89.2300033569336,68.18660736083984
2020-07-01,68.22480494297967,69.36341174193838,66.90279976066206,66.95629119873047,6379400.0,0.0,0.0,87.62000274658203,66.95629119873047
2020-07-02,68.29358703316362,69.05011051077508,67.36894593160964,67.48356628417969,5832800.0,0.0,0.0,88.30999755859375,67.48356628417969
2020-07-06,68.39291089096288,68.96603584256313,67.10911076617319,67.68223571777344,6747500.0,0.0,0.0,88.56999969482422,67.68223571777344
2020-07-07,67.10913190745215,67.3078169190343,65.83297467909406,65.95523834228516,5898000.0,0.0,0.0,86.30999755859375,65.95523834228516
2020-07-08,66.01636906824601,67.09384704952892,65.6342856700827,65.98580169677734,6736400.0,0.0,0.0,86.3499984741211,65.98580169677734
2020-07-09,65.6954148878818,65.96287207807634,63.18894893955095,63.22715377807617,8833600.0,0.0,0.0,82.73999786376953,63.22715377807617
2020-07-10,63.04373622078857,65.275101000524,63.04373622078857,65.12991333007812,6218100.0,0.0,0.0,85.2300033569336,65.12991333007812
2020-07-13,65.74888511509427,66.42899282081069,64.80895777262938,65.25981903076172,7074000.0,0.0,0.0,85.4000015258789,65.25981903076172
2020-07-14,65.25220418426478,67.70517897274692,64.98474696373809,67.5141372680664,7440500.0,0.0,0.0,88.3499984741211,67.5141372680664
2020-07-15,68.91255648979798,68.92019978959469,67.4071470869674,67.9267807006836,5935200.0,0.0,0.0,88.88999938964844,67.9267807006836
2020-07-16,67.58289375843373,68.37762769604669,66.74994916001957,67.52175903320312,4795700.0,0.0,0.0,88.36000061035156,67.52175903320312
2020-07-17,67.55997743744166,68.09489176919831,66.41372744356687,66.62769317626953,5964000.0,0.0,0.0,87.19000244140625,66.62769317626953
2020-07-20,66.35261149778717,66.85695860622114,64.80135366635528,65.16050720214844,14974800.0,0.0,0.0,85.2699966430664,65.16050720214844
2020-07-21,66.0774830347567,70.09700075203338,65.99342424718057,69.8371810913086,15115000.0,0.0,0.0,91.38999938964844,69.8371810913086
2020-07-22,68.73678798404791,69.73020696324708,67.9344164978906,69.56973266601562,10317500.0,0.0,0.0,91.04000091552734,69.56973266601562
2020-07-23,69.1570797233567,69.8295442560745,68.79027717724692,69.54680633544922,6586300.0,0.0,0.0,91.01000213623047,69.54680633544922
2020-07-24,69.90598908798623,70.86883516377968,68.75973876240585,68.87435913085938,6620500.0,0.0,0.0,90.12999725341797,68.87435913085938
2020-07-27,68.59160028472165,69.6079375005209,67.85800099875118,69.56973266601562,7599700.0,0.0,0.0,91.04000091552734,69.56973266601562
2020-07-28,69.13415383115998,69.66906812372265,67.83506710187719,68.09488677978516,6787300.0,0.0,0.0,89.11000061035156,68.09488677978516
2020-07-29,68.3776432569425,68.83614214025734,67.68989201690543,68.82849884033203,6386900.0,0.0,0.0,90.06999969482422,68.82849884033203
2020-07-30,67.57526262663839,67.6287540633138,65.48908493603858,65.9246597290039,10112800.0,0.0,0.0,86.2699966430664,65.9246597290039
2020-07-31,63.616872931774274,64.26641341129816,62.28722460743812,64.14414978027344,19119800.0,0.0,0.0,83.94000244140625,64.14414978027344
2020-08-03,64.17470618742406,65.06113630890972,64.0371559821781,64.8089599609375,11220100.0,0.0,0.0,84.80999755859375,64.8089599609375
2020-08-04,64.5568100856579,66.26854198595949,64.40397323644278,66.09278106689453,9077900.0,0.0,0.0,86.48999786376953,66.09278106689453
2020-08-05,67.35364101222945,67.57525001714102,66.03163611102404,66.63532257080078,7324200.0,0.0,0.0,87.19999694824219,66.63532257080078
2020-08-06,66.04693304830606,67.17025911404592,65.79475661923595,66.84166717529297,7035600.0,0.0,0.0,87.47000122070312,66.84166717529297
2020-08-07,66.39079503749392,66.56655592850284,65.51964554147986,66.32966613769531,7185000.0,0.0,0.0,86.80000305175781,66.32966613769531
2020-08-10,67.20082073185026,68.59160387749999,66.9410010250124,68.56867980957031,8150200.0,0.0,0.0,89.7300033569336,68.56867980957031
2020-08-11,70.26511522506462,71.07513577041698,68.14073304957866,68.48461151123047,9074300.0,0.0,0.0,89.62000274658203,68.48461151123047
2020-08-12,69.38635294847563,70.04353691191386,68.35472302740904,69.3252182006836,9057400.0,0.0,0.0,90.72000122070312,69.3252182006836
2020-08-13,68.67569237260949,69.7531648420649,68.59163353377085,68.63748168945312,7314600.0,0.0,0.0,89.81999969482422,68.63748168945312
2020-08-14,68.01085628660853,69.2258788982098,67.89623008189704,69.04248046875,6343000.0,0.0,0.0,90.3499984741211,69.04248046875
2020-08-17,69.04246232496229,69.98238996043412,68.56103938784514,69.36341094970703,10473800.0,0.0,0.0,90.7699966430664,69.36341094970703
2020-08-18,68.9680856443046,69.27816026626886,67.68903152506547,67.92933654785156,7981500.0,1.29,0.0,87.62999725341797,67.92933654785156
2020-08-19,67.67350589953243,68.13861470662,66.82079951999597,66.96808624267578,9120300.0,0.0,0.0,86.38999938964844,66.96808624267578
2020-08-20,66.21617910101818,67.3556998946885,65.68130645959555,65.74331665039062,7872300.0,0.0,0.0,84.80999755859375,65.74331665039062
2020-08-21,65.63478575564567,65.96036140738342,64.73557596786793,65.9526138305664,9003600.0,0.0,0.0,85.08000183105469,65.9526138305664
2020-08-24,66.35570073110964,67.70451824955815,65.80532120297363,67.59599304199219,8738700.0,0.0,0.0,87.19999694824219,67.59599304199219
2020-08-25,68.22389682208058,68.24715137922023,66.47973406644203,66.76654815673828,6835800.0,0.0,0.0,86.12999725341797,66.76654815673828
2020-08-26,66.44098321403526,66.54175494924087,65.62704401234075,65.72006225585938,7486500.0,0.0,0.0,84.77999877929688,65.72006225585938
2020-08-27,66.01462716639385,66.37895842950576,65.09215694424324,65.82083129882812,7438200.0,0.0,0.0,84.91000366210938,65.82083129882812
2020-08-28,65.9293577294807,66.45648273556456,65.36347118349542,66.37895965576172,7307900.0,0.0,0.0,85.62999725341797,66.37895965576172
2020-08-31,66.53399938938263,66.58826199631883,65.01464048098855,65.06114959716797,9437500.0,0.0,0.0,83.93000030517578,65.06114959716797
2020-09-01,64.54178547596113,64.82859961081542,63.913882764740734,64.40225219726562,8990600.0,0.0,0.0,83.08000183105469,64.40225219726562
2020-09-02,64.38672543388216,65.0843916130313,64.10765896222252,64.48750305175781,10821900.0,0.0,0.0,83.19000244140625,64.48750305175781
2020-09-03,64.37899531478766,65.49525558991428,63.34024629658613,63.782100677490234,16179900.0,0.0,0.0,82.27999877929688,63.782100677490234
2020-09-04,63.92162277758447,64.83633943077788,62.71233856000606,63.51077651977539,10516600.0,0.0,0.0,81.93000030517578,63.51077651977539
2020-09-08,62.40228136476215,62.4642974737208,60.49533037064638,61.216251373291016,14942500.0,0.0,0.0,78.97000122070312,61.216251373291016
2020-09-09,61.991412797541386,62.844113290789004,61.766608918690544,62.03792190551758,9269800.0,0.0,0.0,80.02999877929688,62.03792190551758
2020-09-10,62.50304492165803,62.70459429229069,60.50307594017396,60.58059310913086,11845900.0,0.0,0.0,78.1500015258789,60.58059310913086
2020-09-11,60.650346336327374,60.99918240779713,59.74338319602977,60.2239990234375,13732400.0,0.0,0.0,77.69000244140625,60.2239990234375
2020-09-14,60.061215732220866,60.44880745350366,59.627108982741525,59.9139289855957,8182800.0,0.0,0.0,77.29000091552734,59.9139289855957
2020-09-15,60.12320887451228,60.8363819343433,58.88291690073017,59.185237884521484,11732000.0,0.0,0.0,76.3499984741211,59.185237884521484
2020-09-16,59.185263472963065,61.611591794681495,58.882942358464796,60.89841842651367,13019000.0,0.0,0.0,78.55999755859375,60.89841842651367
2020-09-17,60.09996560311174,61.12320741278707,59.20075597118118,61.076698303222656,10515100.0,0.0,0.0,78.79000091552734,61.076698303222656
2020-09-18,60.37128991926296,61.35577629362628,60.07672231315519,60.62710189819336,14517800.0,0.0,0.0,78.20999908447266,60.62710189819336
2020-09-21,59.09998841681761,59.4178164908007,57.890704048684555,59.14650344848633,16199100.0,0.0,0.0,76.30000305175781,59.14650344848633
2020-09-22,59.03022989396654,60.099981088845,58.41008067381072,58.54961395263672,9155000.0,0.0,0.0,75.52999877929688,58.54961395263672
2020-09-23,58.59610373413762,58.84416807166963,55.69691980229451,55.774436950683594,16649200.0,0.0,0.0,71.94999694824219,55.774436950683594
2020-09-24,55.23181178454506,56.61163715373586,54.65042429207616,55.658164978027344,15203500.0,0.0,0.0,71.80000305175781,55.658164978027344
2020-09-25,55.04578059928831,56.185301261747554,54.85973230578188,55.68143081665039,11070500.0,0.0,0.0,71.83000183105469,55.68143081665039
2020-09-28,57.08450700987437,57.95271457598317,56.704668787155605,57.30931091308594,12863800.0,0.0,0.0,73.93000030517578,57.30931091308594
2020-09-29,57.36357905394873,57.47210427091634,55.12329920997628,55.735694885253906,10553000.0,0.0,0.0,71.9000015258789,55.735694885253906
2020-09-30,56.00701688395606,56.503133930624045,55.510899837288086,55.8132209777832,10466500.0,0.0,0.0,72.0,55.8132209777832
2020-10-01,55.43336234042731,55.72017639136483,54.286088394138574,54.588409423828125,14930700.0,0.0,0.0,70.41999816894531,54.588409423828125
2020-10-02,53.42564066287375,55.557395098832274,53.34812350258402,55.18531036376953,9854800.0,0.0,0.0,71.19000244140625,55.18531036376953
2020-10-05,55.44112575062743,56.379103065103685,54.81322895796097,56.35584259033203,12049800.0,0.0,0.0,72.69999694824219,56.35584259033203
2020-10-06,57.23954610887504,57.6116367866141,56.00700719758949,56.04576873779297,15294500.0,0.0,0.0,72.30000305175781,56.04576873779297
2020-10-07,55.94498927341769,57.3015603377441,55.472126886432335,57.19303512573242,15410300.0,0.0,0.0,73.77999877929688,57.19303512573242
2020-10-08,57.66589956516465,58.565115255758286,57.355824985160616,58.309303283691406,11590900.0,0.0,0.0,75.22000122070312,58.309303283691406
2020-10-09,58.80540102150219,58.98368985464677,57.34805866034908,57.36355972290039,12260900.0,0.0,0.0,74.0,57.36355972290039
2020-10-12,57.07676110112572,58.10000312265851,56.74343194714711,57.75892639160156,9056900.0,0.0,0.0,74.51000213623047,57.75892639160156
2020-10-13,57.937203262390476,57.937203262390476,56.41784457096832,56.898460388183594,10440300.0,0.0,0.0,73.4000015258789,56.898460388183594
2020-10-14,56.805433500443804,57.696895513161245,56.518619453295905,56.54962158203125,7057500.0,0.0,0.0,72.94999694824219,56.54962158203125
2020-10-15,55.673683456279626,57.146533414058915,55.34035428643579,56.98374557495117,10052100.0,0.0,0.0,73.51000213623047,56.98374557495117
2020-10-16,56.99147231705541,57.38681744703046,56.022493214102234,56.503108978271484,9305600.0,0.0,0.0,72.88999938964844,56.503108978271484
2020-10-19,56.67368019664823,56.85196913387057,55.18532892737536,55.25509262084961,8357100.0,0.0,0.0,71.27999877929688,55.25509262084961
2020-10-20,55.74346132220344,56.03802899178637,55.069049390837336,55.56516647338867,7753200.0,0.0,0.0,71.68000030517578,55.56516647338867
2020-10-21,55.138799307809066,55.48763542550925,54.82873064431646,54.937255859375,9800600.0,0.0,0.0,70.87000274658203,54.937255859375
2020-10-22,54.94499498908386,56.96822405249014,54.704690037566095,56.898460388183594,9810100.0,0.0,0.0,73.4000015258789,56.898460388183594
2020-10-23,57.30930817047521,57.64263726422597,55.68142423683335,56.25505828857422,8727200.0,0.0,0.0,72.56999969482422,56.25505828857422
2020-10-26,55.603904037219024,55.72793029726453,54.44887659292134,54.99150848388672,9710900.0,0.0,0.0,70.94000244140625,54.99150848388672
2020-10-27,54.58842869250188,54.72796197962499,53.86750769472938,53.88301467895508,14251700.0,0.0,0.0,69.51000213623047,53.88301467895508
2020-10-28,52.47217915847005,52.774500285774494,51.4179290017535,51.844276428222656,15961900.0,0.0,0.0,66.87999725341797,51.844276428222656
2020-10-29,51.26287460162001,53.59617822280254,50.510951693698566,53.332618713378906,12292200.0,0.0,0.0,68.80000305175781,53.332618713378906
2020-10-30,54.18531867103289,54.34810646880659,52.77448517614774,53.875244140625,17191600.0,0.0,0.0,69.5,53.875244140625
2020-11-02,54.805462067762285,56.65040227930939,53.79772723206273,55.929481506347656,11475500.0,0.0,0.0,72.1500015258789,55.929481506347656
2020-11-03,56.71241723596548,56.82094243280927,55.07677987958881,55.61165237426758,8608000.0,0.0,0.0,71.73999786376953,55.61165237426758
2020-11-04,54.86747690355793,57.04574023789262,54.177564190956986,55.63490676879883,10925700.0,0.0,0.0,71.7699966430664,55.63490676879883
2020-11-05,55.73569148335216,56.56513754193866,55.627166273008534,55.92173385620117,10627700.0,0.0,0.0,72.13999938964844,55.92173385620117
2020-11-06,56.20080099526334,56.797689658766735,54.90624603312059,55.15430450439453,8366900.0,0.0,0.0,71.1500015258789,55.15430450439453
2020-11-09,62.01467707146946,65.32470785791973,60.66585950113553,61.54956817626953,24015200.0,0.0,0.0,79.4000015258789,61.54956817626953
2020-11-10,62.89838125944811,64.45650156568338,61.78986874930939,64.39448547363281,15039700.0,0.0,0.0,83.06999969482422,64.39448547363281
2020-11-11,65.19293132940432,65.49525242202222,63.41001282347577,63.921630859375,11640600.0,0.0,0.0,82.45999908447266,63.921630859375
2020-11-12,62.77433791238614,63.75106448266353,61.94489212793749,62.534027099609375,8920700.0,0.0,0.0,80.66999816894531,62.534027099609375
2020-11-13,62.906136886638755,64.61153807670745,62.81311274540254,64.36347961425781,10890300.0,0.0,0.0,83.02999877929688,64.36347961425781
2020-11-16,66.85182696909592,69.13086847385205,66.30920085566879,68.9603271484375,18980200.0,0.0,0.0,88.95999908447266,68.9603271484375
2020-11-17,67.961350533681,68.85019472448386,66.72640495829508,68.46476745605469,14329000.0,1.29,0.0,87.04000091552734,68.46476745605469
2020-11-18,68.72435061393296,69.14124223334841,66.27018836222207,66.29378509521484,10583700.0,0.0,0.0,84.27999877929688,66.29378509521484
2020-11-19,65.71958298314384,67.61526136107202,65.33414964389857,67.4343490600586,8820200.0,0.0,0.0,85.7300033569336,67.4343490600586
2020-11-20,67.42646819839527,67.89055322811343,66.76572974785732,67.48152923583984,8294600.0,0.0,0.0,85.79000091552734,67.48152923583984
2020-11-23,68.7872711146991,72.03589061719256,68.24452826898262,71.60326385498047,13379300.0,0.0,0.0,91.02999877929688,71.60326385498047
2020-11-24,73.4596242553543,75.37103779561818,73.15285469961354,75.2137222290039,17257400.0,0.0,0.0,95.62000274658203,75.2137222290039
2020-11-25,74.4743259279233,74.4743259279233,72.47638702392578,72.47638702392578,10556600.0,0.0,0.0,92.13999938964844,72.47638702392578
2020-11-27,71.83923674114973,72.83033541468942,71.21783017530647,71.82350158691406,4627700.0,0.0,0.0,91.30999755859375,71.82350158691406
2020-11-30,70.8009325461032,71.46166493857616,68.3546383764999,68.57488250732422,14288400.0,0.0,0.0,87.18000030517578,68.57488250732422
2020-12-01,70.22671466255734,70.56494841198919,68.48835246238039,68.7872543334961,9913600.0,0.0,0.0,87.44999694824219,68.7872543334961
2020-12-02,68.63781918118434,71.82350387840458,68.51196194809552,70.6908187866211,10509600.0,0.0,0.0,89.87000274658203,70.6908187866211
2020-12-03,71.2493041476364,71.66619577338875,70.0615518922486,70.6357650756836,8249800.0,0.0,0.0,89.80000305175781,70.6357650756836
2020-12-04,71.75271964851252,73.50681147173403,71.51674031746214,73.37309265136719,10791100.0,0.0,0.0,93.27999877929688,73.37309265136719
2020-12-07,72.22467529759676,72.66516366583143,70.69868916306392,71.3908920288086,9398400.0,0.0,0.0,90.76000213623047,71.3908920288086
2020-12-08,71.06050623689909,72.72807845853477,70.9425225901347,72.0044174194336,7627300.0,0.0,0.0,91.54000091552734,72.0044174194336
2020-12-09,72.5235767640171,73.16858015645147,70.29753220307163,71.1391830444336,11129400.0,0.0,0.0,90.44000244140625,71.1391830444336
2020-12-10,72.01229600328922,74.37992689536031,71.40661851837525,73.42815399169922,11992100.0,0.0,0.0,93.3499984741211,73.42815399169922
2020-12-11,72.7831587315814,73.3731011261435,71.60327394245721,72.72023010253906,9584500.0,0.0,0.0,92.44999694824219,72.72023010253906
2020-12-14,73.46747137019584,73.70344465438853,70.19525568547502,70.35257720947266,12198400.0,0.0,0.0,89.44000244140625,70.35257720947266
2020-12-15,70.336864650054,71.17065399206474,69.82558003493139,70.29753875732422,11775300.0,0.0,0.0,89.37000274658203,70.29753875732422
2020-12-16,70.16380600322451,70.28179567051185,69.10191100004594,69.76264953613281,9892900.0,0.0,0.0,88.69000244140625,69.76264953613281
2020-12-17,70.43124845100157,70.43911602900789,68.86593649514913,69.54240417480469,11748900.0,0.0,0.0,88.41000366210938,69.54240417480469
2020-12-18,69.20416260912621,69.77836971420697,67.85122740085477,68.58275604248047,27427600.0,0.0,0.0,87.19000244140625,68.58275604248047
2020-12-21,66.34884197027671,68.30744870125676,65.70383863712004,67.7175064086914,11430500.0,0.0,0.0,86.08999633789062,67.7175064086914
2020-12-22,67.20621526451761,67.4893879918503,66.30950362836482,66.35669708251953,8585800.0,0.0,0.0,84.36000061035156,66.35669708251953
2020-12-23,66.86012139008294,68.16586311192547,66.86012139008294,67.40287017822266,7223100.0,0.0,0.0,85.69000244140625,67.40287017822266
2020-12-24,67.59164248663248,67.59164248663248,66.71066000132856,67.11968994140625,3335600.0,0.0,0.0,85.33000183105469,67.11968994140625
2020-12-28,67.33995695031254,68.14227594977356,66.56123468595268,66.78147888183594,8051900.0,0.0,0.0,84.9000015258789,66.78147888183594
2020-12-29,67.06465221691961,67.42648282737359,66.11287921962025,66.5533676147461,7670800.0,0.0,0.0,84.61000061035156,66.5533676147461
2020-12-30,66.5533444866539,68.10292691112848,66.49828345639754,67.11968994140625,7901800.0,0.0,0.0,85.33000183105469,67.11968994140625
2020-12-31,66.78145915997138,67.01743244249982,66.04206300540346,66.427490234375,8350700.0,0.0,0.0,84.44999694824219,66.427490234375
2021-01-04,66.97811279492998,67.60738094142779,65.98700811272222,66.63201141357422,9234900.0,0.0,0.0,84.70999908447266,66.63201141357422
2021-01-05,67.24555170683367,70.17953392549086,67.11183289825334,68.43330383300781,13414800.0,0.0,0.0,87.0,68.43330383300781
2021-01-06,70.00649084736064,71.40661970411524,69.07831466124635,70.6357650756836,13916800.0,0.0,0.0,89.80000305175781,70.6357650756836
2021-01-07,71.09985958791366,71.43809348023802,70.25034106748902,70.96614074707031,9286600.0,0.0,0.0,90.22000122070312,70.96614074707031
2021-01-08,72.42916768016812,72.70447282423655,71.14702286447478,71.642578125,11152100.0,0.0,0.0,91.08000183105469,71.642578125
2021-01-11,70.10087382543601,72.44490769054454,69.66824710476013,72.0516128540039,10635000.0,0.0,0.0,91.5999984741211,72.0516128540039
2021-01-12,72.88539764249991,73.87649625062198,72.1381338969065,73.42027282714844,10923900.0,0.0,0.0,93.33999633789062,73.42027282714844
2021-01-13,73.31016304570028,73.56187152821414,72.31906427147901,73.34949493408203,9723300.0,0.0,0.0,93.25,73.34949493408203
2021-01-14,73.89224724349599,75.76432879467642,73.77425757403584,75.11145782470703,13950200.0,0.0,0.0,95.48999786376953,75.11145782470703
2021-01-15,74.11247432400245,74.183264508621,72.1381327143178,72.4370346069336,10244600.0,0.0,0.0,92.08999633789062,72.4370346069336
2021-01-19,73.54614173107575,74.74962309011897,73.38095860348193,74.3405990600586,9574800.0,0.0,0.0,94.51000213623047,74.3405990600586
2021-01-20,74.72603849716761,75.166526908976,74.17542798240713,75.02494049072266,8735400.0,0.0,0.0,95.37999725341797,75.02494049072266
2021-01-21,73.8292968519257,74.4585709027098,71.75270088602112,72.37410736083984,10393100.0,0.0,0.0,92.01000213623047,72.37410736083984
2021-01-22,71.10771149618014,72.38985057227774,70.65935559830034,72.15387725830078,7810600.0,0.0,0.0,91.7300033569336,72.15387725830078
2021-01-25,71.2807629176485,71.6032615837195,70.26606145399485,71.50100708007812,7689400.0,0.0,0.0,90.9000015258789,71.50100708007812
2021-01-26,72.52356950852536,73.08205348866662,70.21886139761617,70.28965759277344,7827800.0,0.0,0.0,89.36000061035156,70.28965759277344
2021-01-27,68.85020641142893,71.06838947753835,68.2366673082163,69.3772201538086,10178500.0,0.0,0.0,88.19999694824219,69.3772201538086
2021-01-28,69.7469191844369,70.91107478002026,69.41655289423775,70.02222442626953,8155500.0,0.0,0.0,89.0199966430664,70.02222442626953
2021-01-29,68.29958586213914,68.70074229280044,66.7971966376052,67.01744079589844,14699800.0,0.0,0.0,85.19999694824219,67.01744079589844
2021-02-01,67.63884317499166,68.66927971028663,66.52188729821363,67.9692153930664,8073600.0,0.0,0.0,86.41000366210938,67.9692153930664
2021-02-02,69.22775539145101,69.51092813988039,68.06360009221888,68.4804916381836,9233100.0,0.0,0.0,87.05999755859375,68.4804916381836
2021-02-03,68.47264557062542,70.31326285108295,68.34678832006216,69.97502899169922,9256500.0,0.0,0.0,88.95999908447266,69.97502899169922
2021-02-04,70.40765509545983,70.51777718801593,69.18057091937143,70.0064926147461,7917600.0,0.0,0.0,89.0,70.0064926147461
2021-02-05,70.7458874604948,71.16277908798574,69.72331833550646,70.21100616455078,8017300.0,0.0,0.0,89.26000213623047,70.21100616455078
2021-02-08,71.02118593503218,72.39771793332716,70.8009417754975,71.95722961425781,9886600.0,0.0,0.0,91.4800033569336,71.95722961425781
2021-02-09,71.65831695776053,71.79203575991818,70.64361557434702,71.5481948852539,7605500.0,0.0,0.0,90.95999908447266,71.5481948852539
2021-02-10,71.87856440888152,72.83033722286793,71.26502540492359,72.77527618408203,8778800.0,0.0,0.0,92.5199966430664,72.77527618408203
2021-02-11,72.65728443104426,72.7123454636923,70.85599350412612,72.38197326660156,8572400.0,0.0,0.0,92.0199966430664,72.38197326660156
2021-02-12,71.99657174030948,72.94048320993427,71.85498531992599,72.79889678955078,7858300.0,0.0,0.0,92.55000305175781,72.79889678955078
2021-02-16,74.2267763260393,74.87291824580832,73.87578264812393,74.29058837890625,14006000.0,1.29,0.0,93.12999725341797,74.29058837890625
2021-02-17,76.11734295800291,77.15436643354207,75.14413762256554,76.51619720458984,14342300.0,0.0,0.0,95.91999816894531,76.51619720458984
2021-02-18,76.38059188441225,76.40452216658986,75.22391694825215,75.78231048583984,9030600.0,0.0,0.0,95.0,75.78231048583984
2021-02-19,75.88600190978794,76.8831374624627,75.503105265739,76.42047119140625,8913900.0,0.0,0.0,95.80000305175781,76.42047119140625
2021-02-22,77.36975611012741,79.48368513646575,76.94697152206648,78.4865493774414,13178700.0,0.0,0.0,98.38999938964844,78.4865493774414
2021-02-23,79.74693210467481,79.89849869074591,77.21819722757176,79.4757080078125,14874000.0,0.0,0.0,99.62999725341797,79.4757080078125
2021-02-24,80.0340946098635,82.99359239028999,79.61928278508398,82.41126251220703,16116000.0,0.0,0.0,103.30999755859375,82.41126251220703
2021-02-25,83.67962892212896,83.72748948806155,81.03920945757012,81.64546966552734,13219200.0,0.0,0.0,102.3499984741211,81.64546966552734
2021-02-26,80.01016612307285,80.61642020975705,77.86432828000397,79.7708511352539,14454100.0,0.0,0.0,100.0,79.7708511352539
2021-03-01,81.73321578194309,82.80214838379176,80.88764668220644,81.40615844726562,10439900.0,0.0,0.0,102.05000305175781,81.40615844726562
2021-03-02,81.27852015016732,82.41126478142844,81.1349323739488,81.7172622680664,10643500.0,0.0,0.0,102.44000244140625,81.7172622680664
2021-03-03,82.49104659510705,84.35768173779628,82.48306780527416,82.63462829589844,14958200.0,0.0,0.0,103.58999633789062,82.63462829589844
2021-03-04,83.3764937902833,85.81748605730195,82.26767940833021,83.36054229736328,22994200.0,0.0,0.0,104.5,83.36054229736328
2021-03-05,85.32290725889797,87.05393338180093,84.67676526971147,86.95023345947266,23638200.0,0.0,0.0,109.0,86.95023345947266
2021-03-08,87.63626374916868,88.09095738939294,86.20038589265341,87.54851531982422,18033600.0,0.0,0.0,109.75,87.54851531982422
2021-03-09,87.00607563914373,88.29836574548932,86.05680046982629,87.34909057617188,19010700.0,0.0,0.0,109.5,87.34909057617188
2021-03-10,87.90747385825611,89.35133037506816,87.50861961010425,88.8407974243164,17389900.0,0.0,0.0,111.37000274658203,88.8407974243164
2021-03-11,89.06416506879451,89.78210401521241,88.45790483781568,88.69721984863281,10989500.0,0.0,0.0,111.19000244140625,88.69721984863281
2021-03-12,89.05617348520076,89.90174251949051,88.32228315030652,88.99235534667969,10930300.0,0.0,0.0,111.55999755859375,88.99235534667969
2021-03-15,88.96843846247462,89.27157162307697,86.86248826244191,87.94737243652344,10488000.0,0.0,0.0,110.25,87.94737243652344
2021-03-16,86.57530125416824,86.85449800784325,85.41862638064342,85.86534118652344,11698400.0,0.0,0.0,107.63999938964844,85.86534118652344
2021-03-17,85.52234702006736,86.59925252297083,85.03574423743106,86.17646789550781,9168600.0,0.0,0.0,108.02999877929688,86.17646789550781
2021-03-18,85.36278043033045,85.7775861342877,82.7303401882678,83.05740356445312,13246600.0,0.0,0.0,104.12000274658203,83.05740356445312
2021-03-19,82.91383061736144,83.67165132357093,81.95657668284937,82.46710968017578,18491000.0,0.0,0.0,103.37999725341797,82.46710968017578
2021-03-22,82.21185632043277,83.36055879101703,81.61357479800921,81.79705047607422,12508500.0,0.0,0.0,102.54000091552734,81.79705047607422
2021-03-23,80.92753431492135,83.2010086735028,80.32128016626429,81.34234619140625,14781700.0,0.0,0.0,101.97000122070312,81.34234619140625
2021-03-24,82.15600721669152,84.3656634524319,82.09219515391648,83.52008819580078,11026800.0,0.0,0.0,104.69999694824219,83.52008819580078
2021-03-25,82.04431749063961,83.96679788481732,81.42210583832689,83.81523132324219,11138200.0,0.0,0.0,105.06999969482422,83.81523132324219
2021-03-26,84.98785357330604,85.78556197243296,84.04655741889499,85.73770141601562,9820200.0,0.0,0.0,107.4800033569336,85.73770141601562
2021-03-29,84.87618698797168,85.77759541655774,84.3177873773337,85.2909927368164,7542300.0,0.0,0.0,106.91999816894531,85.2909927368164
2021-03-30,84.60497403820634,85.21921308195962,84.23005001415528,84.50127410888672,6284600.0,0.0,0.0,105.93000030517578,84.50127410888672
2021-03-31,84.19813332377743,84.73259654996872,83.44030660872909,83.59187316894531,8954400.0,0.0,0.0,104.79000091552734,83.59187316894531
2021-04-01,83.96679818517435,84.44542206666293,83.12920182804471,84.35767364501953,8515800.0,0.0,0.0,105.75,84.35767364501953
2021-04-05,84.34172805323786,84.42149769139428,83.09729857107119,83.36852264404297,8692700.0,0.0,0.0,104.51000213623047,83.36852264404297
2021-04-06,83.16109582646052,83.82319522030681,82.52292670944668,82.62663269042969,8125100.0,0.0,0.0,103.58000183105469,82.62663269042969
2021-04-07,82.53890721415446,83.41638542928979,82.37138914375863,83.1132583618164,7699300.0,0.0,0.0,104.19000244140625,83.1132583618164
2021-04-08,82.57877058033958,82.65854628886598,81.42209583909185,82.17991638183594,8283000.0,0.0,0.0,103.0199966430664,82.17991638183594
2021-04-09,82.2597116898353,82.70642655106488,81.4460455228431,82.10016632080078,7163700.0,0.0,0.0,102.91999816894531,82.10016632080078
2021-04-12,82.69844164136886,82.85000820922725,80.97539438553737,81.1907730102539,7845900.0,0.0,0.0,101.77999877929688,81.1907730102539
2021-04-13,81.01526676066104,81.84488426389275,80.79988816093343,81.55770874023438,6829900.0,0.0,0.0,102.23999786376953,81.55770874023438
2021-04-14,81.88477910757612,84.02263814055655,81.84489124798499,83.17706298828125,10194800.0,0.0,0.0,104.2699966430664,83.17706298828125
2021-04-15,82.96967468471586,83.17707454250777,82.10814792054813,82.4990234375,7860500.0,0.0,0.0,103.41999816894531,82.4990234375
2021-04-16,82.8021508025743,83.24886564778132,81.70928788651193,82.13207244873047,7459700.0,0.0,0.0,102.95999908447266,82.13207244873047
2021-04-19,82.37934111000062,82.82606193796875,81.5337721810408,82.37136840820312,7068700.0,0.0,0.0,103.26000213623047,82.37136840820312
2021-04-20,82.0283728398103,82.15600304491315,80.177689220569,80.8318099975586,9783800.0,0.0,0.0,101.33000183105469,80.8318099975586
2021-04-21,80.03409160989148,82.15599295823127,79.88252505428414,81.94859313964844,8264400.0,0.0,0.0,102.7300033569336,81.94859313964844
2021-04-22,82.06027622190267,82.06027622190267,80.4648592095389,80.52867126464844,9899400.0,0.0,0.0,100.94999694824219,80.52867126464844
2021-04-23,80.64833644633693,81.50188438588265,80.34520937606125,81.00730895996094,6756000.0,0.0,0.0,101.55000305175781,81.00730895996094
2021-04-26,80.78392556465185,81.9007185221516,80.77595286273565,80.98335266113281,5639700.0,0.0,0.0,101.5199966430664,80.98335266113281
2021-04-27,81.21468453114686,82.24372902492703,80.97537567963649,81.92464447021484,6898900.0,0.0,0.0,102.69999694824219,81.92464447021484
2021-04-28,82.59474020122306,84.44542370872327,82.4591312146037,83.93489074707031,8718400.0,0.0,0.0,105.22000122070312,83.93489074707031
2021-04-29,84.8921369158698,85.87332104648799,84.35767368273581,85.27503967285156,9740300.0,0.0,0.0,106.9000015258789,85.27503967285156
2021-04-30,83.7434521027856,84.0705094663794,82.14005610126704,82.2198257446289,13730000.0,0.0,0.0,103.06999969482422,82.2198257446289
2021-05-03,82.94574522840495,84.33375652718101,82.33948497133974,84.18218994140625,7938100.0,0.0,0.0,105.52999877929688,84.18218994140625
2021-05-04,84.52520180777441,84.96394396846146,83.63974478241221,84.64485931396484,8704300.0,0.0,0.0,106.11000061035156,84.64485931396484
2021-05-05,85.42660257717579,87.38099210489287,85.21122395439919,86.91831970214844,12872400.0,0.0,0.0,108.95999908447266,86.91831970214844
2021-05-06,86.91034716640102,87.05393495392815,85.68985401543718,86.9661865234375,9654900.0,0.0,0.0,109.0199966430664,86.9661865234375
2021-05-07,86.22431536260194,88.28240490884951,85.91320951096375,87.7638931274414,10273000.0,0.0,0.0,110.0199966430664,87.7638931274414
2021-05-10,88.89663185240354,90.22880350680543,87.36502699893775,87.40491485595703,13586500.0,0.0,0.0,109.56999969482422,87.40491485595703
2021-05-11,86.99810190118777,87.41291380011802,84.72463350562315,85.11550903320312,12754800.0,0.0,0.0,106.69999694824219,85.11550903320312
2021-05-12,85.35481664761272,87.86759985023977,85.13145922267404,85.64997100830078,11661900.0,0.0,0.0,107.37000274658203,85.64997100830078
2021-05-13,84.61293805179238,86.0488157471786,84.11038390142355,85.09954071044922,9706300.0,0.0,0.0,106.68000030517578,85.09954071044922
2021-05-14,85.99296278999671,87.60433098336982,85.99296278999671,87.32513427734375,9124100.0,0.0,0.0,109.47000122070312,87.32513427734375
2021-05-17,87.02200643516126,88.44990520149261,86.9262853222213,88.3940658569336,12692900.0,0.0,0.0,110.80999755859375,88.3940658569336
2021-05-18,87.96612294016936,88.06301577103204,85.56792680782263,85.73749542236328,12759900.0,1.34,0.0,106.18000030517578,85.73749542236328
2021-05-19,83.83186575567979,84.21137913802238,82.33804159668719,83.33123016357422,14762700.0,0.0,0.0,103.19999694824219,83.33123016357422
2021-05-20,83.22625001142815,84.03372309047975,82.33803085657752,83.62191009521484,9706300.0,0.0,0.0,103.55999755859375,83.62191009521484
2021-05-21,84.05793614076644,84.94615518829696,83.71879896706878,84.07408905029297,10352800.0,0.0,0.0,104.12000274658203,84.07408905029297
2021-05-24,84.74430624941589,85.46295687382091,83.97720920645409,85.2691650390625,6785600.0,0.0,0.0,105.5999984741211,85.2691650390625
2021-05-25,85.13188655559172,85.28530841123302,83.66228580530718,83.87223052978516,7884000.0,0.0,0.0,103.87000274658203,83.87223052978516
2021-05-26,84.3970733144641,84.71199344493186,83.7026522180722,84.07408905029297,9232400.0,0.0,0.0,104.12000274658203,84.07408905029297
2021-05-27,84.07409864412227,84.71200311155347,82.82251291578388,83.17780303955078,11703400.0,0.0,0.0,103.01000213623047,83.17780303955078
2021-05-28,83.67037111691279,84.07410769720194,83.12935941732155,83.8076400756836,7278200.0,0.0,0.0,103.79000091552734,83.8076400756836
2021-06-01,85.02692451183177,86.74684009044537,85.02692451183177,86.11701202392578,10260600.0,0.0,0.0,106.6500015258789,86.11701202392578
2021-06-02,86.56919415209151,87.65928165334346,85.76172101627064,87.27169799804688,9141800.0,0.0,0.0,108.08000183105469,87.27169799804688
2021-06-03,86.85181438762942,87.27977419285428,86.04434119723336,86.87603759765625,8809300.0,0.0,0.0,107.58999633789062,86.87603759765625
2021-06-04,87.40088884244612,87.74810253070015,86.5691925139735,87.5704574584961,6699300.0,0.0,0.0,108.44999694824219,87.5704574584961
2021-06-07,87.50585399950765,87.77231541594486,86.8598731148344,87.00521850585938,6748600.0,0.0,0.0,107.75,87.00521850585938
2021-06-08,86.9244745684852,87.998415197383,85.83438718931295,87.79654693603516,10559500.0,0.0,0.0,108.7300033569336,87.79654693603516
2021-06-09,88.06302948200893,88.44254289005869,86.92449541839159,87.02946472167969,10146900.0,0.0,0.0,107.77999877929688,87.02946472167969
2021-06-10,88.06300714590071,89.02390202804938,86.6014829252453,87.53815460205078,13526200.0,0.0,0.0,108.41000366210938,87.53815460205078
2021-06-11,87.88538943179121,87.99036490164092,87.09406906194405,87.13444519042969,7731700.0,0.0,0.0,107.91000366210938,87.13444519042969
2021-06-14,87.35245285259754,87.98228097610841,86.26236524186476,87.1828842163086,9051900.0,0.0,0.0,107.97000122070312,87.1828842163086
2021-06-15,87.53815411548435,89.20962304070736,87.52200120499178,89.06427764892578,10540200.0,0.0,0.0,110.30000305175781,89.06427764892578
2021-06-16,88.84627097012948,89.23386079826568,87.93382851546716,88.55558013916016,9283300.0,0.0,0.0,109.66999816894531,88.55558013916016
2021-06-17,88.20834585450561,88.80588029016765,77.76772006613696,86.45613098144531,14337800.0,0.0,0.0,107.06999969482422,86.45613098144531
2021-06-18,84.98656136527288,85.8101813871098,83.09707687724764,83.1939697265625,22284500.0,0.0,0.0,103.02999877929688,83.1939697265625
2021-06-21,84.05794638096897,85.94743659130944,83.92067743592071,85.63252258300781,13591500.0,0.0,0.0,106.05000305175781,85.63252258300781
2021-06-22,85.05114228237157,86.3673212049039,84.22751627840691,85.9151382446289,10230100.0,0.0,0.0,106.4000015258789,85.9151382446289
2021-06-23,86.69030659834691,87.31205813232266,85.77786427534781,85.8101577758789,7792800.0,0.0,0.0,106.2699966430664,85.8101577758789
2021-06-24,86.51265716552734,87.02943939530353,85.88282920802074,86.51265716552734,8724600.0,0.0,0.0,107.13999938964844,86.51265716552734
2021-06-25,86.8760303757902,87.25554372941305,86.22197911730973,86.6418685913086,8102300.0,0.0,0.0,107.30000305175781,86.6418685913086
2021-06-28,86.35925126374715,86.3996273856165,83.70267001119524,83.96913146972656,11348400.0,0.0,0.0,103.98999786376953,83.96913146972656
2021-06-29,84.4536147883751,84.76045853170089,83.6622945420252,83.78341674804688,7225500.0,0.0,0.0,103.76000213623047,83.78341674804688
2021-06-30,83.84800290462795,84.6877756594555,83.75111007634106,84.5747299194336,7927500.0,0.0,0.0,104.73999786376953,84.5747299194336
2021-07-01,86.35923176466716,86.48035394239568,85.38219020924217,85.76170349121094,10873200.0,0.0,0.0,106.20999908447266,85.76170349121094
2021-07-02,85.34989153201484,85.91512631440052,84.81696256862655,85.6486587524414,7107700.0,0.0,0.0,106.06999969482422,85.6486587524414
2021-07-06,85.5679310235708,85.5679310235708,83.48464880995085,83.96913146972656,10162800.0,0.0,0.0,103.98999786376953,83.96913146972656
2021-07-07,83.94490124862608,84.70392792054051,82.45915372801907,83.11320495605469,8245000.0,0.0,0.0,102.93000030517578,83.11320495605469
2021-07-08,81.95852152444823,83.24240082575663,81.7324300369623,82.84674072265625,8695500.0,0.0,0.0,102.5999984741211,82.84674072265625
2021-07-09,83.5411704442777,84.16292821286187,82.6529512211172,84.03372955322266,8567900.0,0.0,0.0,104.06999969482422,84.03372955322266
2021-07-12,83.62191881286267,84.80082889191661,83.36352764704992,84.20330047607422,9898600.0,0.0,0.0,104.27999877929688,84.20330047607422
2021-07-13,83.9772076885915,84.44554359461307,83.34737961661206,83.92068481445312,6738000.0,0.0,0.0,103.93000030517578,83.92068481445312
2021-07-14,84.36481048760355,85.04308508158806,82.13618252352326,82.33805084228516,9216600.0,0.0,0.0,101.97000122070312,82.33805084228516
2021-07-15,81.59515931265943,82.5641245695568,81.43366099615596,81.79702758789062,9665700.0,0.0,0.0,101.30000305175781,81.79702758789062
2021-07-16,82.06347722465846,82.1119297929052,79.39882007122654,79.63298797607422,12199100.0,0.0,0.0,98.62000274658203,79.63298797607422
2021-07-19,77.37207693258546,78.28451937365747,76.32235937410549,77.48512268066406,17385500.0,0.0,0.0,95.95999908447266,77.48512268066406
2021-07-20,77.42859126933985,79.16465958131552,76.75031685565479,77.94537353515625,12114600.0,0.0,0.0,96.52999877929688,77.94537353515625
2021-07-21,79.1162267580239,81.12683329882317,78.89012908743057,80.60197448730469,11478100.0,0.0,0.0,99.81999969482422,80.60197448730469
2021-07-22,80.26281517547692,80.27089163019826,79.04352925480931,79.79447937011719,7694300.0,0.0,0.0,98.81999969482422,79.79447937011719
2021-07-23,79.7783663164105,80.03675753185867,79.08393876979372,79.82681274414062,7570800.0,0.0,0.0,98.86000061035156,79.82681274414062
2021-07-26,80.31127114243755,81.764725138794,80.29512439160277,81.514404296875,10227500.0,0.0,0.0,100.94999694824219,81.514404296875
2021-07-27,80.78770037841018,81.3287059723714,79.89140458636963,81.23988342285156,8332100.0,0.0,0.0,100.61000061035156,81.23988342285156
2021-07-28,81.47405038733453,82.20884782539669,80.97341476541777,81.70014190673828,8546100.0,0.0,0.0,101.18000030517578,81.70014190673828
2021-07-29,82.66911076188607,83.07284739491828,82.31382671397955,82.8225326538086,8681300.0,0.0,0.0,102.56999969482422,82.8225326538086
2021-07-30,83.21816540770361,84.01756811327637,81.36905149846059,82.20882415771484,12295300.0,0.0,0.0,101.80999755859375,82.20882415771484
2021-08-02,82.42684309903375,83.96104298982863,82.00695370044319,82.0634765625,8911800.0,0.0,0.0,101.62999725341797,82.0634765625
2021-08-03,82.03119114805543,83.09706157854224,81.28831735759279,82.84674072265625,8437300.0,0.0,0.0,102.5999984741211,82.84674072265625
2021-08-04,81.10260874143444,82.28151885326876,80.82806465482562,80.98956298828125,10389800.0,0.0,0.0,100.30000305175781,80.98956298828125
2021-08-05,81.50633347476895,82.70946662142792,81.28831229645971,81.7405014038086,7986100.0,0.0,0.0,101.2300033569336,81.7405014038086
2021-08-06,82.37841466328271,82.8306038527324,82.03927739159424,82.32189178466797,6475600.0,0.0,0.0,101.94999694824219,82.32189178466797
2021-08-09,81.48210814178566,81.8616152990858,80.6907818449761,80.94917297363281,9243100.0,0.0,0.0,100.25,80.94917297363281
2021-08-10,81.34483228863762,82.62064116980007,81.21563980577062,82.42684936523438,9762600.0,0.0,0.0,102.08000183105469,82.42684936523438
2021-08-11,82.39456320405154,83.14551350037726,82.03927303702775,83.04861450195312,7079800.0,0.0,0.0,102.8499984741211,83.04861450195312
2021-08-12,83.05668865769213,83.37160269318223,82.1846161776282,82.87904357910156,7377600.0,0.0,0.0,102.63999938964844,82.87904357910156
2021-08-13,82.5479925395047,82.7983072740618,82.07158012152125,82.32997131347656,6572600.0,0.0,0.0,101.95999908447266,82.32997131347656
2021-08-16,81.41751134979378,81.7162724437731,80.67463760188491,81.49018096923828,9476600.0,0.0,0.0,100.91999816894531,81.49018096923828
2021-08-17,80.90881076998784,82.1038737958574,80.44855130040615,81.33677673339844,10937500.0,0.0,0.0,100.7300033569336,81.33677673339844
2021-08-18,80.7639083956099,81.36130738851352,79.01261940587823,79.13536834716797,12893600.0,1.34,0.0,96.69999694824219,79.13536834716797
2021-08-19,77.58866831082588,77.99784809306811,75.99286965751632,77.16312408447266,17423400.0,0.0,0.0,94.29000091552734,77.16312408447266
2021-08-20,76.53298471165043,77.6459542332077,76.2792952413326,77.17131042480469,9707600.0,0.0,0.0,94.30000305175781,77.17131042480469
2021-08-23,78.63618663449913,79.38089701579709,78.61163684058197,79.15994262695312,10277800.0,0.0,0.0,96.7300033569336,79.15994262695312
2021-08-24,79.7900742852277,80.69845409196206,79.7000542147521,80.06831359863281,8924900.0,0.0,0.0,97.83999633789062,80.06831359863281
2021-08-25,79.56093053972435,80.78847008211403,79.15175069226113,80.61661529541016,9342300.0,0.0,0.0,98.51000213623047,80.61661529541016
2021-08-26,80.28925255515443,80.79663770239254,79.54454239922048,79.5609130859375,8124800.0,0.0,0.0,97.22000122070312,79.5609130859375
2021-08-27,80.31381972648343,81.39405427089395,80.24017035107744,80.7229995727539,10281200.0,0.0,0.0,98.63999938964844,80.7229995727539
2021-08-30,81.09126670058575,81.27130684915592,80.17470775308605,80.51841735839844,8127200.0,0.0,0.0,98.38999938964844,80.51841735839844
2021-08-31,80.3138278696412,80.53478850544066,79.08628820636739,79.19267272949219,15676900.0,0.0,0.0,96.7699966430664,79.19267272949219
2021-09-01,79.26631780721237,79.43817258796956,78.12879837011329,78.32520294189453,10557300.0,0.0,0.0,95.70999908447266,78.32520294189453
2021-09-02,79.0862695589066,80.51839882838289,79.01262019339867,79.9619140625,12340100.0,0.0,0.0,97.70999908447266,79.9619140625
2021-09-03,79.70822624331588,80.55113563186164,79.69185555491578,79.78187561035156,9097000.0,0.0,0.0,97.48999786376953,79.78187561035156
2021-09-07,79.39725753764729,80.18288836568372,79.16811781429884,79.42999267578125,9237800.0,0.0,0.0,97.05999755859375,79.42999267578125
2021-09-08,79.7900707454391,80.58388065336797,78.8489558417751,78.8816909790039,10775900.0,0.0,0.0,96.38999938964844,78.8816909790039
2021-09-09,78.47250283122048,79.8882677096135,78.03058789074385,78.5625228881836,10219400.0,0.0,0.0,96.0,78.5625228881836
2021-09-10,79.87188578637048,79.95372048748402,78.47249179349032,78.61979675292969,11006000.0,0.0,0.0,96.06999969482422,78.61979675292969
2021-09-13,79.55272763809756,80.78026690958191,79.42997246223162,80.1746826171875,11500900.0,0.0,0.0,97.97000122070312,80.1746826171875
2021-09-14,80.5102127838656,80.8048227305102,78.54615479768566,78.72618865966797,15294100.0,0.0,0.0,96.19999694824219,78.72618865966797
2021-09-15,79.37268811200839,80.63296252228363,79.37268811200839,80.39563751220703,11623400.0,0.0,0.0,98.23999786376953,80.39563751220703
2021-09-16,80.4611208839851,80.68207524325551,79.30723701919314,79.64276123046875,10616700.0,0.0,0.0,97.31999969482422,79.64276123046875
2021-09-17,79.47089572170891,80.51020959415978,78.86531140808214,79.1844711303711,16006100.0,0.0,0.0,96.76000213623047,79.1844711303711
2021-09-20,77.449562829962,77.94876275496651,76.36114291192996,77.56413269042969,15796100.0,0.0,0.0,94.77999877929688,77.56413269042969
2021-09-21,78.2106264642058,78.47250128559824,76.95035193513341,77.62140655517578,10958400.0,0.0,0.0,94.8499984741211,77.62140655517578
2021-09-22,78.75892033492332,80.83755431452734,78.75892033492332,79.90462493896484,13292800.0,0.0,0.0,97.63999938964844,79.90462493896484
2021-09-23,80.39564888377078,82.05691794569758,79.99465441037879,81.88506317138672,10094900.0,0.0,0.0,100.05999755859375,81.88506317138672
2021-09-24,81.54954896819245,82.62978357032752,81.54954896819245,82.32698822021484,8225300.0,0.0,0.0,100.5999984741211,82.32698822021484
2021-09-27,83.95549888341955,84.9293486953612,83.95549888341955,84.2664794921875,12697500.0,0.0,0.0,102.97000122070312,84.2664794921875
2021-09-28,85.03575552419642,85.83774449700748,84.19283982723762,84.58565521240234,15560800.0,0.0,0.0,103.36000061035156,84.58565521240234
2021-09-29,84.4629136565396,85.30582324605419,83.75093838750227,84.56111907958984,10268100.0,0.0,0.0,103.33000183105469,84.56111907958984
2021-09-30,84.63475249811579,84.65930228834966,83.0225830078125,83.0225830078125,15319800.0,0.0,0.0,101.44999694824219,83.0225830078125
2021-10-01,83.65273132178402,85.55132561663953,83.37448577116778,85.37947082519531,10854900.0,0.0,0.0,104.33000183105469,85.37947082519531
2021-10-04,85.92777101034106,86.63156087238909,85.19943135555008,85.6986312866211,13305400.0,0.0,0.0,104.72000122070312,85.6986312866211
2021-10-05,86.77885099530126,88.19460957853828,86.27146580577093,86.63154602050781,13017300.0,0.0,0.0,105.86000061035156,86.63154602050781
2021-10-06,85.25669847494407,86.21417765342179,84.76568399189817,85.87046813964844,10630100.0,0.0,0.0,104.93000030517578,85.87046813964844
2021-10-07,86.42696800070664,86.99163818893862,86.10780821872918,86.4842529296875,8830900.0,0.0,0.0,105.68000030517578,86.4842529296875
2021-10-08,87.408981494175,88.73472621220873,87.23712673799083,88.42375183105469,10586700.0,0.0,0.0,108.05000305175781,88.42375183105469
2021-10-11,89.65948213874319,89.7167670650636,87.49901314096061,87.67086791992188,9794800.0,0.0,0.0,107.12999725341797,87.67086791992188
2021-10-12,87.55630767340286,88.03914317129608,86.88525292991605,87.68724822998047,9085000.0,0.0,0.0,107.1500015258789,87.68724822998047
2021-10-13,87.37625297619411,88.6610773165573,87.1389341832073,88.21098327636719,9220700.0,0.0,0.0,107.79000091552734,88.21098327636719
2021-10-14,89.10299262593833,89.33213856273309,88.47285846962073,89.04570770263672,7648600.0,0.0,0.0,108.80999755859375,89.04570770263672
2021-10-15,89.83133560285883,90.04411085904405,89.55309632011468,89.70040130615234,9968100.0,0.0,0.0,109.61000061035156,89.70040130615234
2021-10-18,90.19959757557922,90.35508790005223,89.16846271463159,89.65947723388672,10677400.0,0.0,0.0,109.55999755859375,89.65947723388672
2021-10-19,90.15049828739335,91.4107666015625,89.85588832617272,91.4107666015625,10362800.0,0.0,0.0,111.69999694824219,91.4107666015625
2021-10-20,90.91156519149698,92.61375466216009,90.65787571281896,92.60557556152344,10811400.0,0.0,0.0,113.16000366210938,92.60557556152344
2021-10-21,92.2373141824725,92.31914889767255,90.73153544330829,91.4435043334961,9372600.0,0.0,0.0,111.73999786376953,91.4435043334961
2021-10-22,91.8363088293434,92.37642288055729,91.20616848540807,92.31095886230469,8673800.0,0.0,0.0,112.80000305175781,92.31095886230469
2021-10-25,92.90837508655594,93.57942978607808,92.72015585329368,93.17024993896484,9579800.0,0.0,0.0,113.8499984741211,93.17024993896484
2021-10-26,93.27663299401759,93.7840119666509,92.89200297051269,93.37483215332031,7463000.0,0.0,0.0,114.0999984741211,93.37483215332031
2021-10-27,92.65467681982504,92.94928678138159,91.36985247109891,91.71356201171875,9096100.0,0.0,0.0,112.06999969482422,91.71356201171875
2021-10-28,91.3125633286255,92.69558677157654,91.3125633286255,92.57283782958984,7538200.0,0.0,0.0,113.12000274658203,92.57283782958984
2021-10-29,93.97223813657504,94.3486828184472,92.59739370367352,93.6939926147461,15294200.0,0.0,0.0,114.48999786376953,93.6939926147461
2021-11-01,94.13590251173316,94.1850020891187,93.33391361102446,93.72672271728516,11213800.0,0.0,0.0,114.52999877929688,93.72672271728516
2021-11-02,93.4403018772449,93.44848722166857,92.6464920450366,93.15387725830078,9189700.0,0.0,0.0,113.83000183105469,93.15387725830078
2021-11-03,91.87725075252926,92.69561054142842,91.63174656201333,92.48284149169922,10416000.0,0.0,0.0,113.01000213623047,92.48284149169922
2021-11-04,93.47302517032843,93.50576030028783,92.40097619940522,92.8919906616211,9673000.0,0.0,0.0,113.51000213623047,92.8919906616211
2021-11-05,93.51394483421207,94.1522705401324,93.23570557876998,93.89857482910156,8102100.0,0.0,0.0,114.73999786376953,93.89857482910156
2021-11-08,94.18500977560467,94.92153471443689,93.85767090820252,94.23411560058594,7695900.0,0.0,0.0,115.1500015258789,94.23411560058594
2021-11-09,94.33230515321715,95.02791578455273,93.66943589759266,94.9297103881836,10945900.0,0.0,0.0,116.0,94.9297103881836
2021-11-10,94.73331577468107,95.10157512340933,93.01476174130137,93.41575622558594,10305100.0,0.0,0.0,114.1500015258789,93.41575622558594
2021-11-11,92.96567209077271,93.84131682758947,92.94112229573138,93.42395782470703,7317500.0,0.0,0.0,114.16000366210938,93.42395782470703
2021-11-12,93.12932916648649,93.54668808587616,92.95746814839833,93.4812240600586,8682800.0,0.0,0.0,114.2300033569336,93.4812240600586
2021-11-15,94.07044183740595,95.70716118207478,93.513957010475,95.60077667236328,11050400.0,0.0,0.0,116.81999969482422,95.60077667236328
2021-11-16,95.83809136773662,96.63190116307484,95.63350147176648,95.97721099853516,10566300.0,0.0,0.0,117.27999877929688,95.97721099853516
2021-11-17,95.09145681491817,96.46563142346311,94.91761579119715,95.5467529296875,11108000.0,1.34,0.0,115.41999816894531,95.5467529296875
2021-11-18,95.07488758900115,95.5136300794968,93.88283406963076,94.74375915527344,8368600.0,0.0,0.0,114.44999694824219,94.74375915527344
2021-11-19,93.13780280667845,93.66760580923545,91.97057642195911,92.64111328125,13532600.0,0.0,0.0,111.91000366210938,92.64111328125
2021-11-22,92.73217107400846,95.35635897622657,92.59144352752286,94.2967529296875,9947100.0,0.0,0.0,113.91000366210938,94.2967529296875
2021-11-23,95.35635197512579,96.72224654423135,95.24873159921462,96.27523040771484,10366800.0,0.0,0.0,116.30000305175781,96.27523040771484
2021-11-24,96.69741852622953,97.68252396693612,96.58980445993599,97.01199340820312,8500900.0,0.0,0.0,117.19000244140625,97.01199340820312
2021-11-26,93.83316985255311,95.05834328213375,93.23713987685174,94.79344177246094,11861800.0,0.0,0.0,114.51000213623047,94.79344177246094
2021-11-29,96.3083448401377,96.99543530841484,94.95900374926536,95.07489776611328,12003800.0,0.0,0.0,114.8499984741211,95.07489776611328
2021-11-30,93.9159511814524,95.91099562716575,93.0798595344794,93.43582153320312,24451200.0,0.0,0.0,112.87000274658203,93.43582153320312
2021-12-01,95.15768102614743,96.07655955440195,92.79012093010878,92.79840087890625,12302700.0,0.0,0.0,112.0999984741211,92.79840087890625
2021-12-02,93.7503812709429,95.77853268825284,92.65766184783209,95.31495666503906,11392400.0,0.0,0.0,115.13999938964844,95.31495666503906
2021-12-03,96.63948181608873,96.85471628735975,94.0318535759712,94.7106704711914,10445100.0,0.0,0.0,114.41000366210938,94.7106704711914
2021-12-06,95.99377692049697,97.22722400290438,95.24046580586568,96.19245147705078,9833900.0,0.0,0.0,116.19999694824219,96.19245147705078
2021-12-07,97.05338596619926,98.22889239175086,97.05338596619926,97.61630249023438,11419600.0,0.0,0.0,117.91999816894531,97.61630249023438
2021-12-08,98.00537901928664,98.7255830007561,97.40107537599951,98.05504608154297,8827900.0,0.0,0.0,118.44999694824219,98.05504608154297
2021-12-09,97.5583557750794,98.17921931159762,97.33484768086306,97.79842376708984,8334700.0,0.0,0.0,118.13999938964844,97.79842376708984
2021-12-10,98.45239754527152,98.67590563213652,96.74709444209702,97.96398162841797,9090700.0,0.0,0.0,118.33999633789062,97.96398162841797
2021-12-13,97.23550527580373,97.55835380300701,95.70404317983296,95.92755126953125,8533000.0,0.0,0.0,115.87999725341797,95.92755126953125
2021-12-14,95.81165944918922,96.78848500194682,95.58815135436143,96.20901489257812,12245300.0,0.0,0.0,116.22000122070312,96.20901489257812
2021-12-15,96.29179454332527,96.29179454332527,94.32986350704839,95.66265106201172,11069500.0,0.0,0.0,115.55999755859375,95.66265106201172
2021-12-16,96.1841860453863,97.83982222792088,95.96067162392367,96.55670166015625,11344700.0,0.0,0.0,116.63999938964844,96.55670166015625
2021-12-17,95.96065269675073,96.40767513575494,93.98216835411604,94.04011535644531,22727900.0,0.0,0.0,113.5999984741211,94.04011535644531
2021-12-20,92.59971754434605,94.1311795077499,91.66428552287772,94.08151245117188,13464400.0,0.0,0.0,113.6500015258789,94.08151245117188
2021-12-21,94.72721094482955,96.08483191588877,94.61131693381839,95.58814239501953,11368200.0,0.0,0.0,115.47000122070312,95.58814239501953
2021-12-22,95.54673342979784,96.58978567500036,94.71064196002533,96.13448333740234,8345200.0,0.0,0.0,116.12999725341797,96.13448333740234
2021-12-23,96.44908303230605,97.61630320174288,96.35802254130205,96.36630249023438,7416600.0,0.0,0.0,116.41000366210938,96.36630249023438
2021-12-27,96.08484353424969,98.36134323627363,95.53848688995429,98.33650970458984,7745500.0,0.0,0.0,118.79000091552734,98.33650970458984
2021-12-28,98.22888976027443,98.79179995347914,97.71564031171975,98.14610290527344,6516000.0,0.0,0.0,118.55999755859375,98.14610290527344
2021-12-29,97.74874891987764,98.22060491741985,97.09477195560859,97.64112854003906,6957400.0,0.0,0.0,117.94999694824219,97.64112854003906
2021-12-30,97.790140559666,98.25372294619595,97.13616356510165,97.2106704711914,6016000.0,0.0,0.0,117.43000030517578,97.2106704711914
2021-12-31,97.16926559505829,97.75701556290353,96.96231111416562,97.1444320678711,5706600.0,0.0,0.0,117.3499984741211,97.1444320678711
2022-01-03,97.20239738690744,99.08154796434359,97.09478331023406,98.7255859375,10717700.0,0.0,0.0,119.26000213623047,98.7255859375
2022-01-04,99.29678376639872,100.97725990259414,99.05672206269345,100.52195739746094,16413100.0,0.0,0.0,121.43000030517578,100.52195739746094
2022-01-05,101.19247979107749,102.51698744886305,101.05175223400823,101.1759262084961,15487100.0,0.0,0.0,122.22000122070312,101.1759262084961
2022-01-06,102.33486496530631,102.91433504767913,100.69578252184427,102.03684997558594,13318500.0,0.0,0.0,123.26000213623047,102.03684997558594
2022-01-07,102.27692326895402,103.9242794307574,101.78022738312337,103.50209045410156,14164600.0,0.0,0.0,125.02999877929688,103.50209045410156
2022-01-10,103.60142707751825,104.04844956884622,102.53354106752646,103.56831359863281,12626100.0,0.0,0.0,125.11000061035156,103.56831359863281
2022-01-11,104.18917838002803,105.96070846949232,103.33652681458264,105.93587493896484,14609000.0,0.0,0.0,127.97000122070312,105.93587493896484
2022-01-12,105.95242348743203,106.31665911078252,104.69414291306197,105.40606689453125,12469200.0,0.0,0.0,127.33000183105469,105.40606689453125
2022-01-13,105.24880133686557,106.04351233572446,104.67760478010807,104.96734619140625,9691300.0,0.0,0.0,126.80000305175781,104.96734619140625
2022-01-14,104.93422094523784,106.95409275333157,104.93422094523784,106.75542449951172,13281000.0,0.0,0.0,128.9600067138672,106.75542449951172
2022-01-18,107.3597252128419,107.61634678798848,105.85309661044008,107.10310363769531,12905500.0,0.0,0.0,129.3800048828125,107.10310363769531
2022-01-19,107.57494492433057,107.74050599549209,106.40771853066676,106.71401977539062,12064300.0,0.0,0.0,128.91000366210938,106.71401977539062
2022-01-20,106.18422025605805,108.32826588203928,105.8613654199149,106.33322143554688,11370400.0,0.0,0.0,128.4499969482422,106.33322143554688
2022-01-21,105.76203948939572,106.29183623868418,104.49547883966922,105.05839538574219,13055700.0,0.0,0.0,126.91000366210938,105.05839538574219
2022-01-24,103.02195247215,105.73720094648375,101.6891649235191,105.28189849853516,19513700.0,0.0,0.0,127.18000030517578,105.28189849853516
2022-01-25,105.23222453297437,109.88456388261424,103.70075620803553,109.76038360595703,19984500.0,0.0,0.0,132.58999633789062,109.76038360595703
2022-01-26,110.01702015171229,111.51538151928291,108.9325804645686,109.84318542480469,17266500.0,0.0,0.0,132.69000244140625,109.84318542480469
2022-01-27,111.30011558081226,113.41105377965302,110.58819167226397,112.06170654296875,20654100.0,0.0,0.0,135.3699951171875,112.06170654296875
2022-01-28,107.61634549141397,109.32164863739162,106.01866273300801,108.1213150024414,24817800.0,0.0,0.0,130.61000061035156,108.1213150024414
2022-01-31,107.7736341181982,109.1560887480687,107.06171008883067,108.71734619140625,16401800.0,0.0,0.0,131.3300018310547,108.71734619140625
2022-02-01,108.30343636004571,112.36802599319077,108.03852852248389,111.58158874511719,16169700.0,0.0,0.0,134.7899932861328,111.58158874511719
2022-02-02,111.21734835449762,112.41768187425463,109.93422798586093,112.09483337402344,10906700.0,0.0,0.0,135.41000366210938,112.09483337402344
2022-02-03,111.6312670971803,112.04517611477237,110.25708612721446,111.09317779541016,9447700.0,0.0,0.0,134.1999969482422,111.09317779541016
2022-02-04,111.76369938488627,113.4110616896155,111.76369938488627,112.4839096069336,13034700.0,0.0,0.0,135.8800048828125,112.4839096069336
2022-02-07,112.03689698829642,115.42266993635192,111.61471431079491,114.69419860839844,18422500.0,0.0,0.0,138.5500030517578,114.69419860839844
2022-02-08,114.3878898009024,114.59484430926834,111.76370815060235,112.94749450683594,11021600.0,0.0,0.0,136.44000244140625,112.94749450683594
2022-02-09,113.17928943641964,114.520350690199,112.66604626650438,114.06504821777344,10140800.0,0.0,0.0,137.7899932861328,114.06504821777344
2022-02-10,113.87462737173689,114.89283984359069,112.0782640592067,112.61634063720703,11012700.0,0.0,0.0,136.0399932861328,112.61634063720703
2022-02-11,113.29517360199509,115.43094558825284,112.81503763936347,114.90941619873047,12821200.0,0.0,0.0,138.80999755859375,114.90941619873047
2022-02-14,114.18920305757013,114.28026353175872,111.79680983370456,113.13787078857422,15945000.0,0.0,0.0,136.6699981689453,113.13787078857422
2022-02-15,111.3226557132629,112.79490744038912,110.56978970820768,112.30973052978516,11746800.0,1.42,0.0,134.25999450683594,112.30973052978516
2022-02-16,112.88692661878761,113.89910848025852,111.89147851714202,112.34320068359375,11348800.0,0.0,0.0,134.3000030517578,112.34320068359375
2022-02-17,112.23442664458898,112.57739844578916,110.79562994288128,111.76598358154297,10073900.0,0.0,0.0,133.61000061035156,111.76598358154297
2022-02-18,111.1051805889945,112.0169727384036,110.46106480049559,111.6070785522461,10691800.0,0.0,0.0,133.4199981689453,111.6070785522461
2022-02-22,114.60177797170117,114.60177797170117,109.18120109852595,110.75382995605469,19428700.0,0.0,0.0,132.39999389648438,110.75382995605469
2022-02-23,111.19716916411676,113.83218097640035,110.88766482421852,113.38883209228516,16134200.0,0.0,0.0,135.5500030517578,113.38883209228516
2022-02-24,115.37972109112205,115.63067643279068,110.18500550994031,112.80328369140625,22108900.0,0.0,0.0,134.85000610351562,112.80328369140625
2022-02-25,113.73180685978498,117.52955335923784,113.28844520020941,117.4291763305664,28028000.0,0.0,0.0,140.3800048828125,117.4291763305664
2022-02-28,116.5006584806502,120.45734405517578,115.98201401414472,120.45734405517578,24394300.0,0.0,0.0,144.0,120.45734405517578
2022-03-01,121.30220785899155,125.44293906640874,121.04289202068534,125.24217224121094,31159900.0,0.0,0.0,149.72000122070312,125.24217224121094
2022-03-02,125.64371081912772,130.28634059708057,125.518239513286,128.93955993652344,31329500.0,0.0,0.0,154.13999938964844,128.93955993652344
2022-03-03,127.36689168598087,131.43232708375146,126.94027657067754,130.67947387695312,22492900.0,0.0,0.0,156.22000122070312,130.67947387695312
2022-03-04,130.3197867151707,133.79966869311463,129.73423271987238,132.7122039794922,29034400.0,0.0,0.0,158.64999389648438,132.7122039794922
2022-03-07,133.7578290219672,135.59815965277903,130.26122635166206,135.54795837402344,34824700.0,0.0,0.0,162.0399932861328,135.54795837402344
2022-03-08,137.44684388647264,145.55262121355557,137.27118407774233,142.64993286132812,57231000.0,0.0,0.0,170.52999877929688,142.64993286132812
2022-03-09,136.15862785379085,142.01419319113103,134.853675335157,139.08641052246094,43430000.0,0.0,0.0,166.27000427246094,139.08641052246094
2022-03-10,141.15257630745774,146.18835283323722,140.77613693134998,142.89251708984375,34913600.0,0.0,0.0,170.82000732421875,142.89251708984375
2022-03-11,138.7685349099162,144.69938311020348,138.76017441153851,142.95944213867188,28423600.0,0.0,0.0,170.89999389648438,142.95944213867188
2022-03-14,139.03622965993472,140.82635922249167,137.43849368081572,139.4628448486328,25156200.0,0.0,0.0,166.72000122070312,139.4628448486328
2022-03-15,133.09701431115053,134.00044601633905,129.87644793888003,132.4027099609375,28534400.0,0.0,0.0,158.27999877929688,132.4027099609375
2022-03-16,132.8292915149019,134.25972787671603,130.67110899080245,131.92587280273438,22299700.0,0.0,0.0,157.7100067138672,131.92587280273438
2022-03-17,133.79965481394532,134.66963160024767,132.10154202166723,134.2095489501953,15750700.0,0.0,0.0,160.44000244140625,134.2095489501953
2022-03-18,134.5859705585893,135.28863525390625,132.82093555889588,135.28863525390625,23214700.0,0.0,0.0,161.72999572753906,135.28863525390625
2022-03-21,136.36774420456638,138.50920588463822,136.11678887178203,137.72288513183594,13180600.0,0.0,0.0,164.63999938964844,137.72288513183594
2022-03-22,136.92823396711722,138.24154716679556,135.9997079666838,137.26283264160156,11063900.0,0.0,0.0,164.08999633789062,137.26283264160156
2022-03-23,138.8605647886286,139.9898576199676,137.97386683886418,138.7434539794922,10755000.0,0.0,0.0,165.86000061035156,138.7434539794922
2022-03-24,139.22023349860007,140.03164852223279,138.02403135364543,139.1114959716797,9024800.0,0.0,0.0,166.3000030517578,139.1114959716797
2022-03-25,138.2080594985851,141.9472568724214,138.1578709857741,141.62937927246094,10254700.0,0.0,0.0,169.30999755859375,141.62937927246094
2022-03-28,138.7769113697521,139.38757245278876,138.1328082893584,139.15335083007812,9992000.0,0.0,0.0,166.35000610351562,139.15335083007812
2022-03-29,136.7776321935662,137.58904724249214,134.2597437745592,137.45521545410156,15102600.0,0.0,0.0,164.32000732421875,137.45521545410156
2022-03-30,138.224783072923,139.15330878386533,136.90309702177245,138.425537109375,9906000.0,0.0,0.0,165.47999572753906,138.425537109375
2022-03-31,136.7441973108347,138.99440971596982,136.11681523940092,136.20883178710938,10395900.0,0.0,0.0,162.8300018310547,136.20883178710938
2022-04-01,136.1670063886096,138.81873979664275,135.79057969131475,137.37158203125,8795300.0,0.0,0.0,164.22000122070312,137.37158203125
2022-04-04,138.02406009495596,138.40048679693612,136.35104118471406,137.49705505371094,8718600.0,0.0,0.0,164.3699951171875,137.49705505371094
2022-04-05,138.04912965289404,140.29934172674203,136.434672820204,136.65216064453125,9538200.0,0.0,0.0,163.36000061035156,136.65216064453125
2022-04-06,137.88183080601624,139.70541497116423,137.46357615190496,137.86509704589844,9269000.0,0.0,0.0,164.80999755859375,137.86509704589844
2022-04-07,138.10768218475536,140.28259857477434,136.70234000838968,139.78070068359375,8018400.0,0.0,0.0,167.10000610351562,139.78070068359375
2022-04-08,139.738917302048,143.1267833971314,139.71382303767956,142.14805603027344,10801200.0,0.0,0.0,169.92999267578125,142.14805603027344
2022-04-11,141.01039411071162,141.1860539348433,137.94876667749892,138.49249267578125,10206100.0,0.0,0.0,165.55999755859375,138.49249267578125
2022-04-12,141.34497847150777,144.4484208492027,140.6590347137351,141.37843322753906,9528400.0,0.0,0.0,169.00999450683594,141.37843322753906
2022-04-13,142.98453987513432,143.94653330498755,140.7761556583543,143.6035614013672,7330700.0,0.0,0.0,171.6699981689453,143.6035614013672
2022-04-14,142.78375268541504,144.6658983233968,142.67500240848088,143.53660583496094,9421100.0,0.0,0.0,171.58999633789062,143.53660583496094
2022-04-18,144.71613940087164,146.00435837816875,143.77087960812736,145.46063232421875,7639000.0,0.0,0.0,173.88999938964844,145.46063232421875
2022-04-19,144.78303287752516,145.29330406708783,143.06818623954445,143.73739624023438,6970200.0,0.0,0.0,171.8300018310547,143.73739624023438
2022-04-20,143.56174090258045,145.20130496288346,143.42790909767214,144.32296752929688,7495000.0,0.0,0.0,172.52999877929688,144.32296752929688
2022-04-21,143.66214033414713,144.2476944077194,137.0453473924769,137.6727294921875,14594800.0,0.0,0.0,164.5800018310547,137.6727294921875
2022-04-22,137.50540297316246,138.41719504779937,134.56088665989762,134.63616943359375,12160100.0,0.0,0.0,160.9499969482422,134.63616943359375
2022-04-25,130.26957220866683,132.46959545653303,126.61403114343769,131.74183654785156,15449800.0,0.0,0.0,157.49000549316406,131.74183654785156
2022-04-26,132.85442588434103,134.1510052122983,130.82170145320129,130.93881225585938,9810600.0,0.0,0.0,156.52999877929688,130.93881225585938
2022-04-27,131.39884680939474,132.1015113678129,129.2573856232924,130.69618225097656,10396600.0,0.0,0.0,156.24000549316406,130.69618225097656
2022-04-28,131.70840414998995,136.35103393177957,129.60039686126262,135.33885192871094,9366400.0,0.0,0.0,161.7899932861328,135.33885192871094
2022-04-29,134.91220081134728,135.88255453275673,130.73801536839764,131.05589294433594,14713200.0,0.0,0.0,156.6699981689453,131.05589294433594
2022-05-02,130.75477576016192,133.84149733470267,129.78442184109656,133.6323699951172,11559000.0,0.0,0.0,159.75,133.6323699951172
2022-05-03,133.48178722058464,136.7107006737561,133.2224586310868,135.9243927001953,8827200.0,0.0,0.0,162.49000549316406,135.9243927001953
2022-05-04,137.9989321228561,140.44153760344926,136.7441682466811,140.19058227539062,9183200.0,0.0,0.0,167.58999633789062,140.19058227539062
2022-05-05,141.58754584606513,141.78831265375462,136.0582193966136,139.07801818847656,9807600.0,0.0,0.0,166.25999450683594,139.07801818847656
2022-05-06,140.75940177926387,143.0179739881588,138.37534553624775,142.78375244140625,10418100.0,0.0,0.0,170.69000244140625,142.78375244140625
2022-05-09,140.32447280764018,140.32447280764018,132.57002593754984,133.21414184570312,14110700.0,0.0,0.0,159.25,133.21414184570312
2022-05-10,135.69020318517067,137.3464883183651,132.059742479881,134.49398803710938,11636000.0,0.0,0.0,160.77999877929688,134.49398803710938
2022-05-11,136.83618036477273,140.08184023772634,135.94110936850487,136.48484802246094,9105500.0,0.0,0.0,163.16000366210938,136.48484802246094
2022-05-12,136.53506006961155,137.8985744240051,132.88787871447266,137.78146362304688,8936400.0,0.0,0.0,164.7100067138672,137.78146362304688
2022-05-13,139.2788062258261,141.19440701356024,137.9236651686877,140.42481994628906,9229900.0,0.0,0.0,167.8699951171875,140.42481994628906
2022-05-16,141.37007428660684,146.36403592010942,141.25296349302886,144.72447204589844,13296300.0,0.0,0.0,173.00999450683594,144.72447204589844
2022-05-17,146.25529883582755,146.9328694001707,144.38988646814744,145.57772827148438,12827600.0,0.0,0.0,174.02999877929688,145.57772827148438
2022-05-18,146.8512114097824,146.8596535545629,139.82576405026006,141.74026489257812,13107500.0,1.42,0.0,168.05999755859375,141.74026489257812
2022-05-19,138.84745228729827,143.0728361943369,137.3293460464351,140.72821044921875,10958700.0,0.0,0.0,166.86000061035156,140.72821044921875
2022-05-20,142.43191070836835,144.25362592922184,138.3920596328307,141.5379180908203,9615000.0,0.0,0.0,167.82000732421875,141.5379180908203
2022-05-23,142.89574513157226,145.8729274965769,142.6258666767389,144.82711791992188,10216400.0,0.0,0.0,171.72000122070312,144.82711791992188
2022-05-24,143.95840231767448,146.39580163153096,143.21621416869414,145.60301208496094,9782700.0,0.0,0.0,172.63999938964844,145.60301208496094
2022-05-25,146.02469287152746,148.42836196829847,145.88131796973428,147.93919372558594,10174500.0,0.0,0.0,175.41000366210938,147.93919372558594
2022-05-26,148.85008634374992,150.06455860730685,147.60185836342288,148.93441772460938,11213900.0,0.0,0.0,176.58999633789062,148.93441772460938
2022-05-27,148.87539284370078,150.41880002084113,148.17537672276,150.35975646972656,10512300.0,0.0,0.0,178.27999877929688,150.35975646972656
2022-05-31,151.77666161665425,152.620052681081,146.30304897563914,147.3066864013672,20547600.0,0.0,0.0,174.66000366210938,147.3066864013672
2022-06-01,149.0525066473448,150.23326191791273,147.54284222913626,148.70672607421875,8824100.0,0.0,0.0,176.32000732421875,148.70672607421875
2022-06-02,147.37414534631665,148.86693812394117,146.8343756307017,148.4368133544922,7441900.0,0.0,0.0,176.0,148.4368133544922
2022-06-03,148.43682406187233,150.33445391493603,148.43682406187233,149.7862548828125,8435300.0,0.0,0.0,177.60000610351562,149.7862548828125
2022-06-06,150.0392779024086,150.12362216363465,148.0235736027294,149.13685607910156,6734200.0,0.0,0.0,176.8300018310547,149.13685607910156
2022-06-07,149.67662600125868,152.36704578534196,149.21275830242922,151.9790802001953,9668300.0,0.0,0.0,180.1999969482422,151.9790802001953
2022-06-08,152.61159540709178,153.83450975546808,152.02122429433683,152.76341247558594,8715200.0,0.0,0.0,181.1300048828125,152.76341247558594
2022-06-09,151.83568738793016,152.3501564353545,149.60913556462882,149.71878051757812,9764600.0,0.0,0.0,177.52000427246094,149.71878051757812
2022-06-10,148.7488764869837,150.60434710621294,146.4548517842332,147.9307861328125,9529700.0,0.0,0.0,175.39999389648438,147.9307861328125
2022-06-13,144.73433100519563,145.06325298265872,138.3667263382364,141.12461853027344,14614900.0,0.0,0.0,167.3300018310547,141.12461853027344
2022-06-14,142.8451149172808,145.30781484068012,139.86794602182422,141.31015014648438,10269300.0,0.0,0.0,167.5500030517578,141.31015014648438
2022-06-15,140.660764797098,141.56319943952943,136.57875501483534,138.53541564941406,11565300.0,0.0,0.0,164.25999450683594,138.53541564941406
2022-06-16,134.89194604238315,135.39797287380344,129.67135417929194,131.1304168701172,18125900.0,0.0,0.0,155.47999572753906,131.1304168701172
2022-06-17,130.62443005941898,131.12202776696307,122.95799445368534,125.14238739013672,35575100.0,0.0,0.0,148.3800048828125,125.14238739013672
2022-06-21,128.23758411640446,131.58584689354396,127.72311517190607,130.37979125976562,13772000.0,0.0,0.0,154.58999633789062,130.37979125976562
2022-06-22,124.88092300785162,127.18337704579916,123.41341790028945,124.71223449707031,13735800.0,0.0,0.0,147.8699951171875,124.71223449707031
2022-06-23,125.48813542262937,125.85922950452299,118.20123803447895,120.1241683959961,15713700.0,0.0,0.0,142.42999267578125,120.1241683959961
2022-06-24,122.46036158179768,124.05436993930631,120.26755286522399,122.09770965576172,11108300.0,0.0,0.0,144.77000427246094,122.09770965576172
2022-06-27,123.0170467216891,125.5134904532989,122.79776963228157,124.4592514038086,9242400.0,0.0,0.0,147.57000732421875,124.4592514038086
2022-06-28,127.25082786475997,128.35566792598175,124.91463138111492,126.45803833007812,9183300.0,0.0,0.0,149.94000244140625,126.45803833007812
2022-06-29,127.8833927336807,128.28821684605086,123.21099897463718,123.96161651611328,9082900.0,0.0,0.0,146.97999572753906,123.96161651611328
2022-06-30,121.91216382248668,124.75438719248852,120.95069865877727,122.10614013671875,10685000.0,0.0,0.0,144.77999877929688,122.10614013671875
2022-07-01,123.64110813599135,123.94472936750802,120.15789968402562,123.56519317626953,7684600.0,0.0,0.0,146.50999450683594,123.56519317626953
2022-07-05,121.15310984966634,121.90372731156414,117.57714030944544,120.31816101074219,11513100.0,0.0,0.0,142.66000366210938,120.31816101074219
2022-07-06,119.47478563296048,120.82420366378561,115.37590439558042,118.73259735107422,12421200.0,0.0,0.0,140.77999877929688,118.73259735107422
2022-07-07,121.53264824371279,122.54471486985493,120.67238582038556,121.0434799194336,12741800.0,0.0,0.0,143.52000427246094,121.0434799194336
2022-07-08,122.19049768227171,122.67122388190248,118.99403844209809,120.41094207763672,7915500.0,0.0,0.0,142.77000427246094,120.41094207763672
2022-07-11,119.68560780075332,120.47839731967811,118.01568452377911,119.3482437133789,7056800.0,0.0,0.0,141.50999450683594,119.3482437133789
2022-07-12,116.80965670909478,117.75425053692535,115.76384720747828,117.16387939453125,8653900.0,0.0,0.0,138.9199981689453,117.16387939453125
2022-07-13,116.05903154520705,118.6904072455231,115.66263676097677,116.37952423095703,9414600.0,0.0,0.0,137.99000549316406,116.37952423095703
2022-07-14,113.27583475485021,114.83611313685135,111.78302919214298,114.65056610107422,10150200.0,0.0,0.0,135.94000244140625,114.65056610107422
2022-07-15,117.19759572031208,117.19759572031208,115.06380507497298,116.09274291992188,7051900.0,0.0,0.0,137.64999389648438,116.09274291992188
2022-07-18,118.54703193213874,119.87959120058065,117.29881690781174,117.72051239013672,7943900.0,0.0,0.0,139.5800018310547,117.72051239013672
2022-07-19,117.81328653106588,122.30011979467304,117.58556736605696,121.9627685546875,9152100.0,0.0,0.0,144.61000061035156,121.9627685546875
2022-07-20,121.87000825840798,124.19776295281113,120.87481298406665,123.57366180419922,7856600.0,0.0,0.0,146.52000427246094,123.57366180419922
2022-07-21,120.70611317055045,122.68808712499461,119.33982389845495,122.62904357910156,6724200.0,0.0,0.0,145.39999389648438,122.62904357910156
2022-07-22,122.76397717992887,123.38809107797456,120.95912117111979,121.60853576660156,5889500.0,0.0,0.0,144.19000244140625,121.60853576660156
2022-07-25,122.88203630073707,125.33630660363644,121.6000786885336,125.2266616821289,6210900.0,0.0,0.0,148.47999572753906,125.2266616821289
2022-07-26,126.08692252860868,127.08211747908062,123.58205086422963,124.24833679199219,6112800.0,0.0,0.0,147.32000732421875,124.24833679199219
2022-07-27,125.10861098067657,126.67731866929107,123.69172035566976,125.88452911376953,6223000.0,0.0,0.0,149.25999450683594,125.88452911376953
2022-07-28,127.09059770530828,127.74844168609125,124.84717445334277,126.83757781982422,6574300.0,0.0,0.0,150.38999938964844,126.83757781982422
2022-07-29,132.02439973206805,138.8727422750943,131.4846300957376,138.13055419921875,17143700.0,0.0,0.0,163.77999877929688,138.13055419921875
2022-08-01,135.93775107259881,136.51126362711886,134.22566842414736,135.3726806640625,8017800.0,0.0,0.0,160.50999450683594,135.3726806640625
2022-08-02,135.693173587597,136.18234189787725,133.50879404877,134.2172393798828,5928300.0,0.0,0.0,159.13999938964844,134.2172393798828
2022-08-03,134.3606279592089,134.90883987070333,130.17741550054635,131.02923583984375,8751400.0,0.0,0.0,155.36000061035156,131.02923583984375
2022-08-04,130.99544970325255,131.09665246913548,127.12427660965943,127.4700698852539,10640000.0,0.0,0.0,151.13999938964844,127.4700698852539
2022-08-05,126.20501902302006,130.73402422672532,125.68212076133882,129.57858276367188,7170200.0,0.0,0.0,153.63999938964844,129.57858276367188
2022-08-08,129.53641723598525,130.70873018076293,129.1653231465664,129.38461303710938,5966900.0,0.0,0.0,153.41000366210938,129.38461303710938
2022-08-09,131.51840737671031,133.0871153038829,130.38826641550173,131.0714111328125,5842200.0,0.0,0.0,155.41000366210938,131.0714111328125
2022-08-10,131.56897947672402,131.96537422647228,128.97976325471424,131.41717529296875,6145800.0,0.0,0.0,155.82000732421875,131.41717529296875
2022-08-11,133.34855450690486,135.92089968825658,132.93528827477766,134.6220703125,7888600.0,0.0,0.0,159.6199951171875,134.6220703125
2022-08-12,133.4666245622107,134.86665669834116,132.53046004577712,134.81605529785156,7244700.0,0.0,0.0,159.85000610351562,134.81605529785156
2022-08-15,130.87738972812107,133.0786404253376,129.4098978427257,132.2521209716797,8975200.0,0.0,0.0,156.80999755859375,132.2521209716797
2022-08-16,132.75815524449703,133.18827994011485,131.41716689716827,131.91476440429688,7218400.0,0.0,0.0,156.41000366210938,131.91476440429688
2022-08-17,132.10032498230328,134.38590718721304,131.15571839328638,133.00274658203125,6741100.0,0.0,0.0,157.6999969482422,133.00274658203125
2022-08-18,133.7431603421323,135.87931466336906,133.69209916866242,135.3346405029297,6477500.0,1.42,0.0,159.02000427246094,135.3346405029297
2022-08-19,134.8580435897992,135.94739184083775,134.14314824888507,134.20272827148438,6834200.0,0.0,0.0,157.69000244140625,134.20272827148438
2022-08-22,133.35168140239102,134.24529088766695,131.4197847797174,133.5303955078125,9147000.0,0.0,0.0,156.89999389648438,133.5303955078125
2022-08-23,135.40269808471518,138.16010476399003,135.0707875405042,137.86224365234375,10354800.0,0.0,0.0,161.99000549316406,137.86224365234375
2022-08-24,137.58140272880175,139.01968617081968,136.73885453275307,138.88351440429688,9468100.0,0.0,0.0,163.19000244140625,138.88351440429688
2022-08-25,139.50483519802236,140.33886487098636,138.38995601572103,140.10057067871094,8050700.0,0.0,0.0,164.6199951171875,140.10057067871094
2022-08-26,139.72608797993124,141.38565424474191,138.26228653907455,139.07078552246094,7765800.0,0.0,0.0,163.41000366210938,139.07078552246094
2022-08-29,139.47928498405045,141.9813866370242,139.26652141473033,140.10906982421875,8462600.0,0.0,0.0,164.6300048828125,140.10906982421875
2022-08-30,138.14312208914825,138.34736678328042,135.113358270272,136.69631958007812,8814300.0,0.0,0.0,160.6199951171875,136.69631958007812
2022-08-31,134.13462168036898,137.36862948290627,132.89207712445892,134.51759338378906,13582700.0,0.0,0.0,158.05999755859375,134.51759338378906
2022-09-01,133.17293294123687,133.51336234988705,130.40700730296788,132.37294006347656,8244400.0,0.0,0.0,155.5399932861328,132.37294006347656
2022-09-02,134.67079299512838,135.42823055458493,133.37718724675685,134.33888244628906,7526600.0,0.0,0.0,157.85000610351562,134.33888244628906
2022-09-06,136.0750754831588,136.16018611006862,132.5176746385328,133.7176513671875,8550000.0,0.0,0.0,157.1199951171875,133.7176513671875
2022-09-07,131.11340952518682,132.6112732459814,129.88788938492098,132.00701904296875,9442100.0,0.0,0.0,155.11000061035156,132.00701904296875
2022-09-08,132.4155132942993,133.08785335114675,130.5346908777689,132.72189331054688,9232500.0,0.0,0.0,155.9499969482422,132.72189331054688
2022-09-09,134.81548510342253,136.72183800470984,134.06655332874243,136.14312744140625,8261100.0,0.0,0.0,159.97000122070312,136.14312744140625
2022-09-12,138.56018101830895,140.023995796677,137.23253807654746,138.29635620117188,8920800.0,0.0,0.0,162.5,138.29635620117188
2022-09-13,137.36865803925684,138.43247576215663,135.09634494146965,135.6665496826172,10308300.0,0.0,0.0,159.41000366210938,135.6665496826172
2022-09-14,136.96868673878492,139.20696379514678,136.46656779783987,138.95164489746094,11160800.0,0.0,0.0,163.27000427246094,138.95164489746094
2022-09-15,136.74738075361117,137.61545966184198,135.81122893804053,136.69631958007812,9665000.0,0.0,0.0,160.6199951171875,136.69631958007812
2022-09-16,136.611227336385,137.1388767984283,132.4325479901748,133.14743041992188,43741600.0,0.0,0.0,156.4499969482422,133.14743041992188
2022-09-19,130.15170937786445,133.5729508139792,130.04108116509846,133.5303955078125,6813800.0,0.0,0.0,156.89999389648438,133.5303955078125
2022-09-20,132.798488903282,133.48785369928964,131.3516993904628,133.00274658203125,8955200.0,0.0,0.0,156.27999877929688,133.00274658203125
2022-09-21,134.73037136242826,135.13036782495544,131.87082909098643,131.92189025878906,6877000.0,0.0,0.0,155.00999450683594,131.92189025878906
2022-09-22,134.12615645769878,134.70486712070485,131.69214075670212,131.81979370117188,6981100.0,0.0,0.0,154.88999938964844,131.81979370117188
2022-09-23,127.4453849568813,127.8113320827149,122.26246724290155,123.20713806152344,13919700.0,0.0,0.0,144.77000427246094,123.20713806152344
2022-09-26,122.18585924785427,123.44541584343304,119.90502721072096,119.96460723876953,9444000.0,0.0,0.0,140.9600067138672,119.96460723876953
2022-09-27,121.09650029513506,122.3560699015675,119.53908248682279,120.01567077636719,10121000.0,0.0,0.0,141.02000427246094,120.01567077636719
2022-09-28,120.91778294838176,124.62837979989496,120.339059336502,124.06668090820312,8279800.0,0.0,0.0,145.77999877929688,124.06668090820312
2022-09-29,122.9858556263139,123.75181230917562,121.07950225256047,123.20713806152344,8197600.0,0.0,0.0,144.77000427246094,123.20713806152344
2022-09-30,122.57733798471226,123.5220086861735,121.26672020280319,122.27095794677734,9402700.0,0.0,0.0,143.6699981689453,122.27095794677734
2022-10-03,126.78155750178598,129.6496062782471,126.21135269084297,129.13046264648438,9597400.0,0.0,0.0,151.72999572753906,129.13046264648438
2022-10-04,131.428333489878,134.36448175378297,130.74750031349583,134.15171813964844,9520200.0,0.0,0.0,157.6300048828125,134.15171813964844
2022-10-05,132.62829498116142,135.93889558851905,131.7432042498155,134.91763305664062,10633100.0,0.0,0.0,158.52999877929688,134.91763305664062
2022-10-06,133.90484919722942,137.81970325807993,133.78570214247597,137.3771514892578,9498300.0,0.0,0.0,161.4199981689453,137.3771514892578
2022-10-07,138.3048868029219,139.51338285027165,135.3687508511298,136.19427490234375,9972500.0,0.0,0.0,160.02999877929688,136.19427490234375
2022-10-10,137.01973485596253,137.41973139411607,133.13892953656904,133.7346649169922,5904500.0,0.0,0.0,157.13999938964844,133.7346649169922
2022-10-11,131.7006281520341,136.10908236349343,131.15595402192997,133.7601776123047,7533300.0,0.0,0.0,157.1699981689453,133.7601776123047
2022-10-12,132.88362055073463,135.15593401903357,132.35597102967853,134.1602020263672,4942000.0,0.0,0.0,157.63999938964844,134.1602020263672
2022-10-13,133.06232398014478,141.2664856167266,133.06232398014478,140.6622314453125,10227500.0,0.0,0.0,165.27999877929688,140.6622314453125
2022-10-14,139.6069172751773,140.81542559783713,136.1090841936468,136.28781127929688,7327900.0,0.0,0.0,160.13999938964844,136.28781127929688
2022-10-17,138.96865324183574,140.34737006125997,137.10485520216102,137.2835693359375,5890400.0,0.0,0.0,161.30999755859375,137.2835693359375
2022-10-18,138.17717097057994,138.98566992503498,135.2835916643016,138.48355102539062,5631200.0,0.0,0.0,162.72000122070312,138.48355102539062
2022-10-19,139.22398923106292,144.00692389442287,139.22398923106292,142.97714233398438,9766800.0,0.0,0.0,168.0,142.97714233398438
2022-10-20,144.08348373952174,146.22814403526695,142.92604946725285,143.79412841796875,8871500.0,0.0,0.0,168.9600067138672,143.79412841796875
2022-10-21,143.95583717988248,147.94728413341596,143.70053126537567,147.39410400390625,7971300.0,0.0,0.0,173.19000244140625,147.39410400390625
2022-10-24,146.44943840476301,148.65366611930517,146.04944180963804,147.34304809570312,7007700.0,0.0,0.0,173.1300048828125,147.34304809570312
2022-10-25,147.283471403007,148.9345190057546,146.52603351150583,148.87493896484375,7280600.0,0.0,0.0,174.92999267578125,148.87493896484375
2022-10-26,149.2068391104023,151.8961607028491,149.07917317975597,150.71319580078125,6865300.0,0.0,0.0,177.08999633789062,150.71319580078125
2022-10-27,153.0961601340833,154.38124747414943,151.04511611924156,151.40255737304688,9177400.0,0.0,0.0,177.89999389648438,151.40255737304688
2022-10-28,154.44082029548025,155.62378521807614,150.23661009996383,153.17274475097656,10773900.0,0.0,0.0,179.97999572753906,153.17274475097656
2022-10-31,151.5386978396194,156.45778972178687,151.5386978396194,153.9556884765625,13281000.0,0.0,0.0,180.89999389648438,153.9556884765625
2022-11-01,156.48338202697485,157.0195505012992,154.80680367379426,155.0791473388672,9185600.0,0.0,0.0,182.22000122070312,155.0791473388672
2022-11-02,153.9812175343987,155.65779520967502,151.71742341760677,151.9131622314453,8087500.0,0.0,0.0,178.5,151.9131622314453
2022-11-03,151.46213921613295,155.05358950549797,150.9855508720376,154.15147399902344,6607800.0,0.0,0.0,181.1300048828125,154.15147399902344
2022-11-04,157.30882168620866,157.7854098588707,153.7003609583081,156.10032653808594,7491900.0,0.0,0.0,183.4199981689453,156.10032653808594
2022-11-07,155.31737824886386,158.6194724186788,154.98546765862358,157.9641571044922,7578000.0,0.0,0.0,185.61000061035156,157.9641571044922
2022-11-08,157.71739378103604,158.50886807017233,156.4748487523652,157.73440551757812,6308200.0,0.0,0.0,185.33999633789062,157.73440551757812
2022-11-09,156.26206475677722,156.4322730023711,150.8238288485926,151.42807006835938,8021700.0,0.0,0.0,177.92999267578125,151.42807006835938
2022-11-10,155.087586146054,155.17269675110117,151.52166736309283,154.29611206054688,6981500.0,0.0,0.0,181.3000030517578,154.29611206054688
2022-11-11,156.63653249780012,159.2322504777705,156.5003607053296,158.6875762939453,8428300.0,0.0,0.0,186.4600067138672,158.6875762939453
2022-11-14,158.55993295602528,161.42798194344118,158.44929173562474,158.76419067382812,9722400.0,0.0,0.0,186.5500030517578,158.76419067382812
2022-11-15,159.24923864420876,160.37263628674808,157.67479635471983,160.0407257080078,7747300.0,0.0,0.0,188.0500030517578,160.0407257080078
2022-11-16,158.7556624646027,159.8450239093017,156.32164666162643,157.43653869628906,7941100.0,0.0,0.0,184.99000549316406,157.43653869628906
2022-11-17,155.6697856352952,158.00256079792487,154.6063234579122,157.8824920654297,6550500.0,1.42,0.0,184.08999633789062,157.8824920654297
2022-11-18,155.19808387949286,157.2992930846794,154.0745677899026,156.9390869140625,7661500.0,0.0,0.0,182.99000549316406,156.9390869140625
2022-11-21,154.14319136143223,155.83273836173058,150.7898385266186,155.438232421875,8432900.0,0.0,0.0,181.24000549316406,155.438232421875
2022-11-22,157.59089523346097,160.00085458509432,157.01627966203853,159.42623901367188,9018000.0,0.0,0.0,185.88999938964844,159.42623901367188
2022-11-23,157.12775815771613,158.79156376706484,156.58744239309013,158.01112365722656,5831200.0,0.0,0.0,184.24000549316406,158.01112365722656
2022-11-25,158.56859485639086,158.92022936772884,157.2135260530595,157.54800415039062,2796400.0,0.0,0.0,183.6999969482422,157.54800415039062
2022-11-28,154.61487827424625,155.63546893249963,152.62516619735212,152.9682159423828,9365500.0,0.0,0.0,178.36000061035156,152.9682159423828
2022-11-29,154.59773312763605,155.96138671680782,154.07457372210723,155.25811767578125,6985400.0,0.0,0.0,181.02999877929688,155.25811767578125
2022-11-30,156.81902556389616,157.23925957278655,154.04884695558977,157.21353149414062,10936700.0,0.0,0.0,183.30999755859375,157.21353149414062
2022-12-01,158.02827808941998,158.27700028822326,155.60974718954444,156.51026916503906,5217400.0,0.0,0.0,182.49000549316406,156.51026916503906
2022-12-02,155.68693643157505,157.48798044051296,154.31471117843094,155.25811767578125,6852300.0,0.0,0.0,181.02999877929688,155.25811767578125
2022-12-05,156.66463443801086,156.90477188171448,149.76923496529005,151.42446899414062,8162200.0,0.0,0.0,176.55999755859375,151.42446899414062
2022-12-06,150.52396351711297,152.71094191347075,146.75893515035605,147.52223205566406,8765000.0,0.0,0.0,172.00999450683594,147.52223205566406
2022-12-07,146.70745360574344,149.7263409602647,146.5273570776646,147.95960998535156,6936300.0,0.0,0.0,172.52000427246094,147.95960998535156
2022-12-08,151.15861509206314,151.28725548732464,147.53938365825718,148.83441162109375,8076600.0,0.0,0.0,173.5399932861328,148.83441162109375
2022-12-09,147.77092756694765,148.53422433428932,144.02304320654366,144.0830841064453,10754300.0,0.0,0.0,168.0,144.0830841064453
2022-12-12,144.88071525290016,146.24436899927474,143.83440940773363,145.583984375,9364900.0,0.0,0.0,169.75,145.583984375
2022-12-13,148.8601642728205,149.6234612121258,147.92532934458356,148.8258514404297,7838800.0,0.0,0.0,173.52999877929688,148.8258514404297
2022-12-14,149.64916138524958,150.01793920235488,146.8875677858008,147.79666137695312,7045500.0,0.0,0.0,172.3300018310547,147.79666137695312
2022-12-15,146.31298856082648,146.973360130104,144.13458159786273,146.69033813476562,7272900.0,0.0,0.0,171.0399932861328,146.69033813476562
2022-12-16,144.53763883118987,145.92700731663663,143.31122355556886,144.70059204101562,23876000.0,0.0,0.0,168.72000122070312,144.70059204101562
2022-12-19,145.89271805191748,146.50164644501334,144.29751175217746,145.69546508789062,7131600.0,0.0,0.0,169.8800048828125,145.69546508789062
2022-12-20,145.63542821293981,148.6200031805266,145.45533165843156,148.08827209472656,6199100.0,0.0,0.0,172.6699981689453,148.08827209472656
2022-12-21,150.24950119591355,150.90988567130435,148.5084982861175,149.82925415039062,5479400.0,0.0,0.0,174.6999969482422,149.82925415039062
2022-12-22,150.2237851585704,150.26666965016375,144.36611955997716,147.58226013183594,5755000.0,0.0,0.0,172.0800018310547,147.58226013183594
2022-12-23,149.31467404059688,152.29924847772364,148.96303957180248,152.14486694335938,6079100.0,0.0,0.0,177.39999389648438,152.14486694335938
2022-12-27,152.96821560111087,154.57199343964024,152.14487789376156,154.0574188232422,5168000.0,0.0,0.0,179.6300048828125,154.0574188232422
2022-12-28,153.3970305170949,153.7743930783253,150.88414605426993,151.78466796875,4494400.0,0.0,0.0,176.97999572753906,151.78466796875
2022-12-29,151.50164814736763,153.68862623098147,151.50164814736763,152.9339141845703,4142100.0,0.0,0.0,178.32000732421875,152.9339141845703
2022-12-30,152.6851758684,154.3318380045709,152.4021539734555,153.9373321533203,5005100.0,0.0,0.0,179.49000549316406,153.9373321533203
2023-01-03,152.69380477950543,153.51714269953482,147.0934318497339,149.2203826904297,7565400.0,0.0,0.0,173.99000549316406,149.2203826904297
2023-01-04,146.61313724420583,149.47764353390505,146.5273813407091,147.63372802734375,7684500.0,0.0,0.0,172.13999938964844,147.63372802734375
2023-01-05,147.0848201959349,151.10714186248146,146.8618391738364,150.29238891601562,6088200.0,0.0,0.0,175.24000549316406,150.29238891601562
2023-01-06,151.8189879868018,153.85158459476068,150.6869002494769,151.42446899414062,7191200.0,0.0,0.0,176.55999755859375,151.42446899414062
2023-01-09,152.8824614430525,152.94250235169955,149.5548367242519,150.24093627929688,8385600.0,0.0,0.0,175.17999267578125,150.24093627929688
2023-01-10,151.28728097093435,151.55315964344442,148.98881827836252,150.97853088378906,8307000.0,0.0,0.0,176.0399932861328,150.97853088378906
2023-01-11,152.5651341235978,152.77954349827746,149.48621864396023,150.25808715820312,6962600.0,0.0,0.0,175.1999969482422,150.25808715820312
2023-01-12,150.9356462941874,152.97681488821524,150.85844896425522,151.87046813964844,6891400.0,0.0,0.0,177.0800018310547,151.87046813964844
2023-01-13,151.87902905961406,152.65091069874902,150.66975698552653,152.28211975097656,5726300.0,0.0,0.0,177.55999755859375,152.28211975097656
2023-01-17,153.03685374982487,155.50685419826402,152.81385960091734,154.79501342773438,10697700.0,0.0,0.0,180.49000549316406,154.79501342773438
2023-01-18,155.07804405785606,156.41595667992544,151.7504058331622,151.99911499023438,8899200.0,0.0,0.0,177.22999572753906,151.99911499023438
2023-01-19,151.46735209976998,154.33185807097698,151.08141786066878,153.51710510253906,5907200.0,0.0,0.0,179.0,153.51710510253906
2023-01-20,153.35417751552308,155.54115601786464,152.24783076703872,155.14663696289062,10477900.0,0.0,0.0,180.89999389648438,155.14663696289062
2023-01-23,155.41252975733778,156.56176110782263,154.40051048990915,154.94082641601562,8381300.0,0.0,0.0,180.66000366210938,154.94082641601562
2023-01-24,155.30957467100257,156.0900279515226,153.25982153070396,155.0865936279297,5989000.0,0.0,0.0,180.8300018310547,155.0865936279297
2023-01-25,153.76583569878997,154.40049221805523,151.24439221054467,153.5857391357422,6727500.0,0.0,0.0,179.0800018310547,153.5857391357422
2023-01-26,158.65438085708684,161.07291203108142,157.35933973410982,161.05575561523438,14307800.0,0.0,0.0,187.7899932861328,161.05575561523438
2023-01-27,158.0025674932214,158.0025674932214,152.59087646431723,153.90306091308594,19654700.0,0.0,0.0,179.4499969482422,153.90306091308594
2023-01-30,152.65947681623172,152.95107042893855,148.94590482666916,149.40045166015625,11476000.0,0.0,0.0,174.1999969482422,149.40045166015625
2023-01-31,148.15687522332047,149.76923787942516,147.01621580027933,149.24607849121094,14481300.0,0.0,0.0,174.02000427246094,149.24607849121094
2023-02-01,148.6371425874564,148.93732092596883,145.40384577541505,146.96475219726562,11526400.0,0.0,0.0,171.36000061035156,146.96475219726562
2023-02-02,146.7675261660374,147.02480697593504,143.0711102167149,144.94932556152344,10463400.0,0.0,0.0,169.00999450683594,144.94932556152344
2023-02-03,145.67834053106967,147.12775034075332,144.50338106745016,145.3267059326172,8404900.0,0.0,0.0,169.4499969482422,145.3267059326172
2023-02-06,145.4210114535058,145.90128635651797,143.54278324696853,145.4896240234375,7659500.0,0.0,0.0,169.63999938964844,145.4896240234375
2023-02-07,145.8583983948097,149.56338514500507,145.46387943411125,149.30609130859375,10256500.0,0.0,0.0,174.08999633789062,149.30609130859375
2023-02-08,147.92529214804802,149.28894553269424,145.34380833649297,145.79835510253906,9784700.0,0.0,0.0,170.0,145.79835510253906
2023-02-09,145.99561444355012,146.3644053393901,144.08308665984714,144.46044921875,10123400.0,0.0,0.0,168.44000244140625,144.46044921875
2023-02-10,146.4844807812712,148.13971479750128,146.46732436784913,147.4879150390625,11602400.0,0.0,0.0,171.97000122070312,147.4879150390625
2023-02-13,146.93047519775317,147.42789347365851,145.60113434311648,146.6645965576172,9442900.0,0.0,0.0,171.00999450683594,146.6645965576172
2023-02-14,146.21005333663155,148.8086941990994,145.78123453970272,147.78811645507812,8077300.0,0.0,0.0,172.32000732421875,147.78811645507812
2023-02-15,146.56813260419182,146.67196788951514,144.92422134444732,146.23069763183594,8885700.0,1.51,0.0,169.00999450683594,146.23069763183594
2023-02-16,145.5212495588386,145.92790372340303,143.97249947621242,144.11959838867188,6727500.0,0.0,0.0,166.57000732421875,144.11959838867188
2023-02-17,142.52757379057618,142.622748443132,140.03575114564018,140.90097045898438,9612100.0,0.0,0.0,162.85000610351562,140.90097045898438
2023-02-21,140.32124530065875,141.67964579896156,139.0407245650147,139.30029296875,7259700.0,0.0,0.0,161.0,139.30029296875
2023-02-22,138.67734335318863,139.87135016888863,137.49199717958396,138.7379150390625,6205900.0,0.0,0.0,160.35000610351562,138.7379150390625
2023-02-23,140.38181116548017,140.89228731028194,138.91958864715232,140.1049346923828,6445500.0,0.0,0.0,161.92999267578125,140.1049346923828
2023-02-24,139.1012895039404,140.68464216755592,137.69962547259408,140.52024841308594,5330200.0,0.0,0.0,162.41000366210938,140.52024841308594
2023-02-27,141.03936528566655,141.35084469979725,140.0962796047861,140.87498474121094,6386800.0,0.0,0.0,162.82000732421875,140.87498474121094
2023-02-28,142.1728184956429,142.1728184956429,138.6773257012401,139.10128784179688,10854200.0,0.0,0.0,160.77000427246094,139.10128784179688
2023-03-01,139.2310688539023,141.54120248011532,138.9455449402539,140.20877075195312,7470400.0,0.0,0.0,162.0500030517578,140.20877075195312
2023-03-02,140.14822612613213,141.45471578946962,139.81079110890047,140.65005493164062,5582000.0,0.0,0.0,162.55999755859375,140.65005493164062
2023-03-03,139.18782088179398,143.26300948588533,138.7984748475403,142.72657775878906,6007500.0,0.0,0.0,164.9600067138672,142.72657775878906
2023-03-06,142.19011535086057,144.31856031984722,141.7315502465442,143.77346801757812,7703600.0,0.0,0.0,166.1699981689453,143.77346801757812
2023-03-07,143.36680459536925,144.1455097195367,141.53254429780333,141.92189025878906,7393000.0,0.0,0.0,164.02999877929688,141.92189025878906
2023-03-08,141.22972362240193,143.01207302801387,139.62907605428694,141.02207946777344,5435800.0,0.0,0.0,162.99000549316406,141.02207946777344
2023-03-09,141.71424540331847,143.1851285889292,138.59946423883036,138.87632751464844,6214700.0,0.0,0.0,160.50999450683594,138.87632751464844
2023-03-10,139.2483681184027,142.4756317586995,137.2843170076351,138.1495361328125,7385800.0,0.0,0.0,159.6699981689453,138.1495361328125
2023-03-13,135.35487297123805,139.2570062111196,133.07069516215213,137.3189239501953,10106100.0,0.0,0.0,158.7100067138672,137.3189239501953
2023-03-14,136.92958807310998,141.91325919582098,136.60081374924042,139.09263610839844,10035200.0,0.0,0.0,160.75999450683594,139.09263610839844
2023-03-15,134.6194611497672,136.66137912622057,131.52197462264402,133.0707244873047,14063100.0,0.0,0.0,153.8000030517578,133.0707244873047
2023-03-16,129.9213429434724,134.5156556566729,129.7050381023447,133.49468994140625,12849600.0,0.0,0.0,154.2899932861328,133.49468994140625
2023-03-17,132.91497468202857,134.4377689853334,130.30202209739923,131.8074951171875,33161800.0,0.0,0.0,152.33999633789062,131.8074951171875
2023-03-20,131.28835578587817,134.78383526868507,130.89899661488903,133.74557495117188,8469200.0,0.0,0.0,154.5800018310547,133.74557495117188
2023-03-21,135.97787271550527,138.06305446387665,135.3808692670156,137.8380889892578,9753500.0,0.0,0.0,159.30999755859375,137.8380889892578
2023-03-22,138.32259737084556,138.48699114081379,134.91363141107746,135.03477478027344,6315000.0,0.0,0.0,156.07000732421875,135.03477478027344
2023-03-23,135.85674340145127,137.36221659187567,132.49968816378887,133.69369506835938,7859400.0,0.0,0.0,154.52000427246094,133.69369506835938
2023-03-24,131.5998471100251,135.53658395341256,131.36623422673088,135.02610778808594,6600100.0,0.0,0.0,156.05999755859375,135.02610778808594
2023-03-27,136.18550487954857,137.1199432552562,134.7059873529934,136.4018096923828,7006800.0,0.0,0.0,157.64999389648438,136.4018096923828
2023-03-28,136.08166482964486,138.59945568718354,135.5625280664959,137.99380493164062,5605400.0,0.0,0.0,159.49000549316406,137.99380493164062
2023-03-29,138.9715113289504,139.57717536404687,137.85538430848027,139.17916870117188,7569700.0,0.0,0.0,160.86000061035156,139.17916870117188
2023-03-30,140.38179954109935,141.03936130696056,139.8021043260252,140.5029296875,6322400.0,0.0,0.0,162.38999938964844,140.5029296875
2023-03-31,140.77118275122453,141.65371016695218,140.29530947793023,141.169189453125,7041400.0,0.0,0.0,163.16000366210938,141.169189453125
2023-04-03,146.91424398860752,148.03903175126536,146.15284675809468,147.0440216064453,12868200.0,0.0,0.0,169.9499969482422,147.0440216064453
2023-04-04,148.0736184959327,148.0736184959327,145.11457031356002,146.25665283203125,7521400.0,0.0,0.0,169.0399932861328,146.25665283203125
2023-04-05,146.44701452710282,147.46798017016346,145.13189069164002,146.98345947265625,6478100.0,0.0,0.0,169.8800048828125,146.98345947265625
2023-04-06,146.52491495685513,146.57682601002153,144.60412677649447,145.0540313720703,5803200.0,0.0,0.0,167.64999389648438,145.0540313720703
2023-04-10,145.78079672196583,146.81039654340984,144.75983113806427,145.6077423095703,5923500.0,0.0,0.0,168.2899932861328,145.6077423095703
2023-04-11,146.28262168825142,147.38144060578387,145.41740245745237,146.4123992919922,5469600.0,0.0,0.0,169.22000122070312,146.4123992919922
2023-04-12,147.4766282582563,148.0563236097632,146.62871703389388,146.93154907226562,6157900.0,0.0,0.0,169.82000732421875,146.93154907226562
2023-04-13,147.30356868937915,149.22435636811247,146.9315307707132,148.89556884765625,6856600.0,0.0,0.0,172.08999633789062,148.89556884765625
2023-04-14,149.2503363410833,149.57912391540808,148.14285664064138,149.19842529296875,4930700.0,0.0,0.0,172.44000244140625,149.19842529296875
2023-04-17,149.15514359703272,149.28492120158066,147.27761943878522,147.88327026367188,7006000.0,0.0,0.0,170.9199981689453,147.88327026367188
2023-04-18,147.7967693620361,149.15515681810336,147.19976592380183,147.53720092773438,8045600.0,0.0,0.0,170.52000427246094,147.53720092773438
2023-04-19,146.6200429278409,147.7275223833621,146.3085635058383,147.67559814453125,5506800.0,0.0,0.0,170.67999267578125,147.67559814453125
2023-04-20,146.01439003523436,147.1391776556717,145.3741362652574,146.95748901367188,5851100.0,0.0,0.0,169.85000610351562,146.95748901367188
2023-04-21,146.94017813942955,147.5977399778293,146.08360637969267,146.32586669921875,7179000.0,0.0,0.0,169.1199951171875,146.32586669921875
2023-04-24,146.30859999780435,149.14651846067932,145.85868223109497,148.36781311035156,7177600.0,0.0,0.0,171.47999572753906,148.36781311035156
2023-04-25,147.36415263903152,147.4333585628076,145.72887554200696,146.21340942382812,5807200.0,0.0,0.0,168.99000549316406,146.21340942382812
2023-04-26,145.53853348471364,146.17878726989505,142.96017065606048,143.6090850830078,5927400.0,0.0,0.0,165.97999572753906,143.6090850830078
2023-04-27,143.99843129909854,144.8290475757139,142.8217458107067,144.44834899902344,6417200.0,0.0,0.0,166.9499969482422,144.44834899902344
2023-04-28,142.32856183153982,146.17013728451172,141.93921582259216,145.85865783691406,10036300.0,0.0,0.0,168.5800018310547,145.85865783691406
2023-05-01,145.10591860869448,145.98843269178167,143.93786740163566,144.6992645263672,6099800.0,0.0,0.0,167.24000549316406,144.6992645263672
2023-05-02,143.03805050040106,143.08996154223402,137.09398536876796,138.4696807861328,10701700.0,0.0,0.0,160.0399932861328,138.4696807861328
2023-05-03,136.83441958498244,138.0630425422119,135.61447047188813,135.6923370361328,7538100.0,0.0,0.0,156.8300018310547,135.6923370361328
2023-05-04,135.9345953770599,136.87768118049715,134.47237274854274,135.16455078125,7500400.0,0.0,0.0,156.22000122070312,135.16455078125
2023-05-05,137.82942286267243,139.40411496052076,137.37950517663117,138.6167755126953,5802000.0,0.0,0.0,160.2100067138672,138.6167755126953
2023-05-08,139.79349225413432,140.4250986628566,138.0197900028137,138.0717010498047,5028200.0,0.0,0.0,159.5800018310547,138.0717010498047
2023-05-09,136.79979373178924,138.79844775947046,136.62675255058056,137.6736602783203,5019800.0,0.0,0.0,159.1199951171875,137.6736602783203
2023-05-10,138.81578731397784,138.81578731397784,134.8703893981608,135.91729736328125,6161200.0,0.0,0.0,157.08999633789062,135.91729736328125
2023-05-11,134.4377697878964,135.2510779861626,133.1485883670066,135.16455078125,6666100.0,0.0,0.0,156.22000122070312,135.16455078125
2023-05-12,135.83942291729505,136.64407048669275,134.59350507882294,135.51063537597656,4898900.0,0.0,0.0,156.6199951171875,135.51063537597656
2023-05-15,136.03839142915334,136.84305203382914,135.17317235438537,136.01243591308594,5096700.0,0.0,0.0,157.1999969482422,136.01243591308594
2023-05-16,135.3895268712095,135.85675273649318,132.66409106512225,132.81982421875,7007700.0,0.0,0.0,153.50999450683594,132.81982421875
2023-05-17,133.9272837800235,135.33759540203977,133.20916341036917,134.72329711914062,6169600.0,0.0,0.0,155.7100067138672,134.72329711914062
2023-05-18,133.56125813943376,134.75822494341148,132.39051435381575,134.55726623535156,7477700.0,1.51,0.0,154.00999450683594,134.55726623535156
2023-05-19,135.32617784624597,136.6804033577119,134.5398602364835,135.62322998046875,8100900.0,0.0,0.0,155.22999572753906,135.62322998046875
2023-05-22,134.3650686934116,135.27371571649954,132.87979516001485,133.1855926513672,11661000.0,0.0,0.0,152.44000244140625,133.1855926513672
2023-05-23,134.6708484059997,137.7637113947293,134.40873820965487,137.03855895996094,10436200.0,0.0,0.0,156.85000610351562,137.03855895996094
2023-05-24,137.999621622296,138.5413196212817,136.5492899876725,137.405517578125,7064000.0,0.0,0.0,157.27000427246094,137.405517578125
2023-05-25,135.14268057732994,135.9726986942075,134.11173035223555,135.037841796875,7037700.0,0.0,0.0,154.55999755859375,135.037841796875
2023-05-26,135.67558299040113,135.9726483107532,134.07673885496953,134.61842346191406,7736200.0,0.0,0.0,154.0800018310547,134.61842346191406
2023-05-30,132.51285818458223,133.90202520364036,132.11096734797135,133.7797088623047,7814800.0,0.0,0.0,153.1199951171875,133.7797088623047
2023-05-31,132.39925386707267,133.16810694247013,131.36830390822544,131.595458984375,13346400.0,0.0,0.0,150.6199951171875,131.595458984375
2023-06-01,132.1895881719711,134.32139855771024,130.82663093032954,132.9409637451172,9887700.0,0.0,0.0,152.16000366210938,132.9409637451172
2023-06-02,135.0552755134089,136.951185056034,134.207793429319,136.5230712890625,9464300.0,0.0,0.0,156.25999450683594,136.5230712890625
2023-06-05,138.43650034508465,138.43650034508465,135.63195637703524,135.8678436279297,6443800.0,0.0,0.0,155.50999450683594,135.8678436279297
2023-06-06,133.96318263480333,136.435732348643,133.84959842002706,136.11245727539062,6176400.0,0.0,0.0,155.7899932861328,136.11245727539062
2023-06-07,136.77647296082426,139.97418859268865,136.73278569845834,139.64218139648438,9900000.0,0.0,0.0,159.8300018310547,139.64218139648438
2023-06-08,139.9304732735384,140.21879314956712,137.24823321354526,139.12667846679688,7142200.0,0.0,0.0,159.24000549316406,139.12667846679688
2023-06-09,139.1616113857909,140.1314096954316,138.58497167055,138.79466247558594,6669500.0,0.0,0.0,158.86000061035156,138.79466247558594
2023-06-12,137.22203100141425,139.20531510615754,136.49686521278161,137.4579315185547,7159600.0,0.0,0.0,157.3300018310547,137.4579315185547
2023-06-13,138.4976523120415,140.2974556046493,138.2792293234924,138.48890686035156,7660800.0,0.0,0.0,158.50999450683594,138.48890686035156
2023-06-14,139.77322961330805,140.46345369566083,136.4269879603009,137.24826049804688,7721100.0,0.0,0.0,157.08999633789062,137.24826049804688
2023-06-15,137.44922704208955,139.60723394181105,137.44922704208955,138.2879638671875,7705400.0,0.0,0.0,158.27999877929688,138.2879638671875
2023-06-16,138.54133718950666,139.12670918895682,137.39678955078125,137.39678955078125,22908100.0,0.0,0.0,157.25999450683594,137.39678955078125
2023-06-20,136.42697126053605,136.7939335536793,133.01084640380097,134.26895141601562,10438700.0,0.0,0.0,153.67999267578125,134.26895141601562
2023-06-21,133.3865332158362,136.26098686960503,133.238007201029,135.31739807128906,7328200.0,0.0,0.0,154.8800048828125,135.31739807128906
2023-06-22,133.98063278331674,134.19031026739634,132.7749339239474,133.3603057861328,7088600.0,0.0,0.0,152.63999938964844,133.3603057861328
2023-06-23,131.93619576032785,132.53904524377947,131.16735603100148,132.23326110839844,15172700.0,0.0,0.0,151.35000610351562,132.23326110839844
2023-06-26,132.46914341445907,135.39601620998272,132.39924647228324,134.55726623535156,7371800.0,0.0,0.0,154.00999450683594,134.55726623535156
2023-06-27,134.1116992465122,135.1688722530035,133.51759518641964,134.13790893554688,6581700.0,0.0,0.0,153.52999877929688,134.13790893554688
2023-06-28,134.05926537147914,135.43969994777333,132.96715067486772,135.35232543945312,5773800.0,0.0,0.0,154.9199981689453,135.35232543945312
2023-06-29,135.79789847957187,136.53180966082968,134.93295220357317,136.50559997558594,5633500.0,0.0,0.0,156.24000549316406,136.50559997558594
2023-06-30,137.57150945823565,137.97340019946992,136.8201340164953,137.47540283203125,6346600.0,0.0,0.0,157.35000610351562,137.47540283203125
2023-07-03,137.32689587272174,138.13070420761966,136.90752746473947,137.35311889648438,3272600.0,0.0,0.0,157.2100067138672,137.35311889648438
2023-07-05,137.78118821822017,137.78118821822017,135.52706187220275,136.56675720214844,6318700.0,0.0,0.0,156.30999755859375,136.56675720214844
2023-07-06,135.59699635877,136.14742658738157,132.47792283676253,133.57003784179688,9203000.0,0.0,0.0,152.8800048828125,133.57003784179688
2023-07-07,132.92348764647272,136.28720685767658,132.7662295006094,134.7407684326172,6602200.0,0.0,0.0,154.22000122070312,134.7407684326172
2023-07-10,134.48740617023861,136.11247385986113,134.4786740493767,135.64068603515625,5167900.0,0.0,0.0,155.25,135.64068603515625
2023-07-11,136.29591011943776,138.40151039199145,135.9988581302706,138.14813232421875,5060500.0,0.0,0.0,158.1199951171875,138.14813232421875
2023-07-12,139.10920157727284,140.08773207173274,138.33161645260853,139.4761505126953,6464000.0,0.0,0.0,159.63999938964844,139.4761505126953
2023-07-13,139.65090754703658,140.31492191106207,136.793944684858,137.61520385742188,8143900.0,0.0,0.0,157.50999450683594,137.61520385742188
2023-07-14,137.17836707060567,137.18711252217713,133.93697743007957,134.18161010742188,7065700.0,0.0,0.0,153.5800018310547,134.18161010742188
2023-07-17,133.9806513280946,134.67086202785453,133.36032424504882,134.0592803955078,4351700.0,0.0,0.0,153.44000244140625,134.0592803955078
2023-07-18,133.38651993818945,136.3570799330749,133.1244097428351,134.33010864257812,6798300.0,0.0,0.0,153.75,134.33010864257812
2023-07-19,134.40000698853967,136.103703278937,133.91947384727928,135.15138244628906,5653100.0,0.0,0.0,154.69000244140625,135.15138244628906
2023-07-20,136.43572348759895,137.33562503312388,136.04256481853616,136.64540100097656,5866600.0,0.0,0.0,156.39999389648438,136.64540100097656
2023-07-21,137.632678179298,138.7684802680504,137.22204193696845,138.6461639404297,8760100.0,0.0,0.0,158.69000244140625,138.6461639404297
2023-07-24,140.20133946650122,143.3204125994891,139.79943532892312,141.38082885742188,9722100.0,0.0,0.0,161.82000732421875,141.38082885742188
2023-07-25,141.4594493851018,142.8573483338818,140.36733458223642,142.02734375,6767600.0,0.0,0.0,162.55999755859375,142.02734375
2023-07-26,140.55953503607353,141.61669460321357,140.27121515463216,140.96142578125,6056400.0,0.0,0.0,161.33999633789062,140.96142578125
2023-07-27,141.61671726757808,141.94872445658052,139.1092257736378,139.49365234375,6470100.0,0.0,0.0,159.66000366210938,139.49365234375
2023-07-28,138.401515017409,138.9169899566872,136.74149267312765,138.80340576171875,6542300.0,0.0,0.0,158.8699951171875,138.80340576171875
2023-07-31,140.7779491078731,143.26796247557962,140.3323578048635,142.98838806152344,13056300.0,0.0,0.0,163.66000366210938,142.98838806152344
2023-08-01,142.97094539036428,142.97094539036428,140.27124055457378,141.80020141601562,7531400.0,0.0,0.0,162.3000030517578,141.80020141601562
2023-08-02,140.8129126981371,140.8565999565711,138.09573053388883,139.55479431152344,7067100.0,0.0,0.0,159.72999572753906,139.55479431152344
2023-08-03,139.71204065741173,141.2759429089376,138.78592960362218,139.50234985351562,6680700.0,0.0,0.0,159.6699981689453,139.50234985351562
2023-08-04,140.36734032004898,142.42925368540307,138.9519504122723,139.18785095214844,10185400.0,0.0,0.0,159.30999755859375,139.18785095214844
2023-08-07,140.67312598468487,140.99640104841507,138.98690704118837,139.69459533691406,13927400.0,0.0,0.0,159.88999938964844,139.69459533691406
2023-08-08,137.99090334687767,139.60722539259868,136.4881521848305,139.4849090576172,6451300.0,0.0,0.0,159.64999389648438,139.4849090576172
2023-08-09,140.54207259395454,141.048815470589,139.1878475498513,139.6683807373047,10531500.0,0.0,0.0,159.86000061035156,139.6683807373047
2023-08-10,140.07900798156217,141.9574400201478,139.45868093732273,140.51585388183594,8647100.0,0.0,0.0,160.8300018310547,140.51585388183594
2023-08-11,140.22751924336484,143.43396621444828,139.94793149747758,143.41648864746094,6682600.0,0.0,0.0,164.14999389648438,143.41648864746094
2023-08-14,143.08450570446573,143.50387402359283,142.07102004605323,143.31166076660156,6060100.0,0.0,0.0,164.02999877929688,143.31166076660156
2023-08-15,142.76122599913288,142.769971448741,139.00436215558574,139.12667846679688,7876500.0,0.0,0.0,159.24000549316406,139.12667846679688
2023-08-16,140.24502715341495,141.38956140637976,138.45395609681094,138.59375,7920500.0,0.0,0.0,158.6300048828125,138.59375
2023-08-17,140.41083835764948,143.0218261913083,140.22560731347224,140.91363525390625,8270500.0,1.51,0.0,159.75,140.91363525390625
2023-08-18,139.70515609931118,142.2984979817851,139.51109558704445,141.92800903320312,5999200.0,0.0,0.0,160.89999389648438,141.92800903320312
2023-08-21,142.19265700844372,142.9600831208942,140.64900220400426,141.4517059326172,6802300.0,0.0,0.0,160.36000061035156,141.4517059326172
2023-08-22,141.5663772504956,142.23675961313825,140.22559906560898,140.28733825683594,6080800.0,0.0,0.0,159.0399932861328,140.28733825683594
2023-08-23,139.49347643037817,140.61373260674569,138.22326682246577,140.47259521484375,4975600.0,0.0,0.0,159.25,140.47259521484375
2023-08-24,139.13180262883472,141.03711684511916,138.98184921268287,139.31704711914062,5989600.0,0.0,0.0,157.94000244140625,139.31704711914062
2023-08-25,140.3138470093282,141.05479823970663,139.06126929086363,140.35794067382812,5291800.0,0.0,0.0,159.1199951171875,140.35794067382812
2023-08-28,140.7195850196668,142.7219297927994,140.44613972325723,141.3194122314453,4386100.0,0.0,0.0,160.2100067138672,141.3194122314453
2023-08-29,141.9368583039613,141.97213592037886,140.34028033392963,141.098876953125,5374800.0,0.0,0.0,159.9600067138672,141.098876953125
2023-08-30,141.65458247231055,142.23676408585007,141.07240085877103,141.2929229736328,5534900.0,0.0,0.0,160.17999267578125,141.2929229736328
2023-08-31,142.02506347621852,142.22795352061323,141.0724062881987,142.10446166992188,7003700.0,0.0,0.0,161.10000610351562,142.10446166992188
2023-09-01,143.4628540773067,145.27113795443444,143.4628540773067,144.9271240234375,6663000.0,0.0,0.0,164.3000030517578,144.9271240234375
2023-09-05,145.79157191035472,147.80273241641964,145.72100322212071,146.8324432373047,9755800.0,0.0,0.0,166.4600067138672,146.8324432373047
2023-09-06,146.6736702667085,147.69689612606297,146.05621102730564,146.98240661621094,7195500.0,0.0,0.0,166.6300048828125,146.98240661621094
2023-09-07,147.43227044357263,148.10265285398688,146.67367379986078,146.99122619628906,7925900.0,0.0,0.0,166.63999938964844,146.99122619628906
2023-09-08,147.67926487341447,148.62310609177558,147.0529895341534,147.49403381347656,7434400.0,0.0,0.0,167.2100067138672,147.49403381347656
2023-09-11,148.2614343853037,148.71129466783822,143.66574744967747,144.4508056640625,7155100.0,0.0,0.0,163.75999450683594,144.4508056640625
2023-09-12,145.80922558312292,147.47637223932068,145.63281058249495,147.14117431640625,7521100.0,0.0,0.0,166.80999755859375,147.14117431640625
2023-09-13,147.67043662766295,147.97034348250926,146.0562130836106,146.6031036376953,5759500.0,0.0,0.0,166.1999969482422,146.6031036376953
2023-09-14,147.92624039118894,148.63191389090008,147.41462744038844,147.51165771484375,8822800.0,0.0,0.0,167.22999572753906,147.51165771484375
2023-09-15,146.61190660647745,148.51720716159892,146.32081584370619,146.86770629882812,17439700.0,0.0,0.0,166.5,146.86770629882812
2023-09-18,148.0761902684926,148.50841847334672,146.7795191135325,147.50283813476562,7027600.0,0.0,0.0,167.22000122070312,147.50283813476562
2023-09-19,148.79950033010178,149.03766797636246,146.80597185183314,147.4851837158203,6615100.0,0.0,0.0,167.1999969482422,147.4851837158203
2023-09-20,147.3704914235282,148.64068720638977,146.95590886634747,147.03529357910156,5939100.0,0.0,0.0,166.69000244140625,147.03529357910156
2023-09-21,147.41464379028443,148.0762102459631,145.5887273716054,145.71221923828125,7150000.0,0.0,0.0,165.19000244140625,145.71221923828125
2023-09-22,146.62955316573763,147.67924053104045,146.3737534481198,146.6736602783203,5963000.0,0.0,0.0,166.27999877929688,146.6736602783203
2023-09-25,146.71777903346583,148.8788931254982,146.41787217946666,148.81715393066406,5510000.0,0.0,0.0,168.7100067138672,148.81715393066406
2023-09-26,147.6969129071725,148.55253990027515,147.2911462411183,148.01446533203125,5659200.0,0.0,0.0,167.8000030517578,148.01446533203125
2023-09-27,149.3993349857288,151.04002024445663,148.90536754604358,150.87242126464844,9124400.0,0.0,0.0,171.0399932861328,150.87242126464844
2023-09-28,150.44020150699626,151.45459793281412,149.45225320071154,150.47547912597656,7151800.0,0.0,0.0,170.58999633789062,150.47547912597656
2023-09-29,150.38727714182244,150.39609318159606,148.03210240040667,148.73776245117188,7396100.0,0.0,0.0,168.6199951171875,148.73776245117188
2023-10-02,148.4907771531625,148.69366720220987,145.7474813374077,146.90301513671875,6839600.0,0.0,0.0,166.5399932861328,146.90301513671875
2023-10-03,146.35612001055557,147.62632958418,145.9944605009204,147.2470245361328,6168600.0,0.0,0.0,166.92999267578125,147.2470245361328
2023-10-04,145.2799590843624,145.5269427634981,142.44846281298447,143.81568908691406,9664700.0,0.0,0.0,163.0399932861328,143.81568908691406
2023-10-05,142.3867344319925,145.32409096621933,142.36027285183218,144.57431030273438,8073000.0,0.0,0.0,163.89999389648438,144.57431030273438
2023-10-06,144.9359263080145,144.98884945243793,140.24322355461464,143.10118103027344,10190400.0,0.0,0.0,162.22999572753906,143.10118103027344
2023-10-09,146.76186077597654,148.35843850108415,145.5004674640232,147.061767578125,8183500.0,0.0,0.0,166.72000122070312,147.061767578125
2023-10-10,147.10590518576612,147.6616117968195,146.144418476618,146.90301513671875,6512900.0,0.0,0.0,166.5399932861328,146.90301513671875
2023-10-11,145.6063540654718,145.61517010494896,141.5575576514869,142.10446166992188,12570700.0,0.0,0.0,161.10000610351562,142.10446166992188
2023-10-12,144.00978557923798,144.00978557923798,141.92805586406658,142.21914672851562,7397000.0,0.0,0.0,161.22999572753906,142.21914672851562
2023-10-13,144.14208669493334,145.40346680402254,143.16296791013997,144.71543884277344,8042800.0,0.0,0.0,164.05999755859375,144.71543884277344
2023-10-16,145.84450726421863,146.25908993003017,144.53020403224792,145.89743041992188,5446000.0,0.0,0.0,165.39999389648438,145.89743041992188
2023-10-17,145.39464896130292,148.3672828970047,145.23586603242856,147.82920837402344,7538300.0,0.0,0.0,167.58999633789062,147.82920837402344
2023-10-18,148.6054128215371,149.69037763150476,147.82035479487777,149.00234985351562,6893500.0,0.0,0.0,168.9199981689453,149.00234985351562
2023-10-19,148.80830464913632,150.10497562389696,147.75861734008245,149.16114807128906,6580200.0,0.0,0.0,169.10000610351562,149.16114807128906
2023-10-20,148.5525148024443,149.1611579688941,146.51489269535676,147.1588134765625,7458300.0,0.0,0.0,166.8300018310547,147.1588134765625
2023-10-23,144.04502835304874,145.04177902291565,141.35465622900114,141.73394775390625,16232400.0,0.0,0.0,160.67999267578125,141.73394775390625
2023-10-24,141.9192290724539,142.08682805379863,138.02039921964743,138.17916870117188,17689900.0,0.0,0.0,156.64999389648438,138.17916870117188
2023-10-25,138.43496046621382,138.8495431054068,136.87366017520205,137.49111938476562,10502400.0,0.0,0.0,155.8699951171875,137.49111938476562
2023-10-26,136.73252724089264,136.8824806638327,135.5152543194965,136.50318908691406,10830400.0,0.0,0.0,154.75,136.50318908691406
2023-10-27,132.94837462205646,133.41588043209168,126.98546143960608,127.32947540283203,24524300.0,0.0,0.0,144.35000610351562,127.32947540283203
2023-10-30,128.48502721466946,129.17305523791356,127.30303173469666,128.86431884765625,13857100.0,0.0,0.0,146.08999633789062,128.86431884765625
2023-10-31,128.87315012371602,129.24362572136812,127.22363528560311,128.54676818847656,14261300.0,0.0,0.0,145.72999572753906,128.54676818847656
2023-11-01,128.7672435798088,128.79370515148898,126.86194312084024,127.00306701660156,10819600.0,0.0,0.0,143.97999572753906,127.00306701660156
2023-11-02,127.49703816630308,131.43115794375603,126.87076300475213,131.21945190429688,11099100.0,0.0,0.0,148.75999450683594,131.21945190429688
2023-11-03,130.81370598584817,131.04304411312592,128.91720794325096,130.20506286621094,13160000.0,0.0,0.0,147.61000061035156,130.20506286621094
2023-11-06,131.19301675843096,131.72227523388932,129.39356216915635,129.66700744628906,10634200.0,0.0,0.0,147.0,129.66700744628906
2023-11-07,128.04398221013741,128.4409193814085,126.35037374233808,127.38241577148438,15054600.0,0.0,0.0,144.41000366210938,127.38241577148438
2023-11-08,126.91489085947114,127.59408927701881,125.47708237474774,125.60939025878906,12654100.0,0.0,0.0,142.39999389648438,125.60939025878906
2023-11-09,126.18277026092058,126.94136695525955,125.06251402936815,125.20365142822266,10359500.0,0.0,0.0,141.94000244140625,125.20365142822266
2023-11-10,126.39445795255094,126.5267793061492,125.018402016586,126.09455108642578,11988200.0,0.0,0.0,142.9499969482422,126.09455108642578
2023-11-13,126.27094095989983,127.28535063045759,126.00632522458909,127.02072143554688,8747700.0,0.0,0.0,144.0,127.02072143554688
2023-11-14,127.44410266643975,128.3438364224184,126.89721227535377,127.9468994140625,11224400.0,0.0,0.0,145.0500030517578,127.9468994140625
2023-11-15,127.77934552791179,129.34946204110184,127.38240837967436,128.3968048095703,10052100.0,0.0,0.0,145.55999755859375,128.3968048095703
2023-11-16,127.47870091838696,127.91544624543803,125.44645875786676,126.36453247070312,14031300.0,1.51,0.0,141.77000427246094,126.36453247070312
2023-11-17,127.4163283292355,129.41292351265213,126.9260913868015,128.7622528076172,11075600.0,0.0,0.0,144.4600067138672,128.7622528076172
2023-11-20,128.91378223084624,129.8585951314923,128.59290109471246,128.69094848632812,8062400.0,0.0,0.0,144.3800048828125,128.69094848632812
2023-11-21,128.20069046093045,128.61961891983708,127.19347774900301,128.3878631591797,6783300.0,0.0,0.0,144.0399932861328,128.3878631591797
2023-11-22,126.33782326052354,128.69985548544577,125.42865778497003,128.64637756347656,7216100.0,0.0,0.0,144.3300018310547,128.64637756347656
2023-11-24,128.6196261765942,130.08141483886308,128.53048724812902,129.1544189453125,3861000.0,0.0,0.0,144.89999389648438,129.1544189453125
2023-11-27,128.9315921071552,129.0831310137733,127.32720011466758,128.67311096191406,9850800.0,0.0,0.0,144.36000061035156,128.67311096191406
2023-11-28,129.04747989455987,130.59840768699485,128.40571760808282,129.69815063476562,9746500.0,0.0,0.0,145.50999450683594,129.69815063476562
2023-11-29,130.48250982200307,130.5716487484232,127.51436310132887,128.27200317382812,16417100.0,0.0,0.0,143.91000366210938,128.27200317382812
2023-11-30,129.22572993444936,130.14380379297236,126.59629470079538,127.99569702148438,16276000.0,0.0,0.0,143.60000610351562,127.99569702148438
2023-12-01,127.89763338682404,130.589454649046,127.1043459710174,129.07418823242188,11906500.0,0.0,0.0,144.80999755859375,129.07418823242188
2023-12-04,128.3522285184639,129.86749516277968,127.68372732826357,129.127685546875,11842800.0,0.0,0.0,144.8699951171875,129.127685546875
2023-12-05,129.02965169127822,129.30597697011655,127.13111736050492,127.33612060546875,9597600.0,0.0,0.0,142.86000061035156,127.33612060546875
2023-12-06,126.48042392875467,128.3789717239362,125.99020058694767,127.0419692993164,18079700.0,0.0,0.0,142.52999877929688,127.0419692993164
2023-12-07,127.91546810907583,128.36113556432397,125.66931392712294,126.94391632080078,14786700.0,0.0,0.0,142.4199981689453,126.94391632080078
2023-12-08,127.91546938342327,128.9494211540656,127.56784930889424,128.6285400390625,10821700.0,0.0,0.0,144.30999755859375,128.6285400390625
2023-12-11,129.10094523100148,129.60009060499644,128.19179341437837,128.66419982910156,9849600.0,0.0,0.0,144.35000610351562,128.66419982910156
2023-12-12,127.61242104601115,127.9867800867283,126.34672707005551,127.01522827148438,9863900.0,0.0,0.0,142.5,127.01522827148438
2023-12-13,126.7210758171659,128.95832142663306,126.25757788029833,128.89593505859375,10641300.0,0.0,0.0,144.61000061035156,128.89593505859375
2023-12-14,130.00121312672573,133.63784790039062,130.00121312672573,133.63784790039062,14960500.0,0.0,0.0,149.92999267578125,133.63784790039062
2023-12-15,131.31147126781096,133.53980864120695,131.31147126781096,133.12088012695312,30850900.0,0.0,0.0,149.35000610351562,133.12088012695312
2023-12-18,134.44003651994788,135.58985248754587,133.09412579807884,133.4149932861328,11561700.0,0.0,0.0,149.67999267578125,133.4149932861328
2023-12-19,133.66461196310613,135.33140417783773,133.24568339565587,135.16204833984375,8738100.0,0.0,0.0,151.63999938964844,135.16204833984375
2023-12-20,135.61661146225688,136.42772955640208,133.75372462240534,133.92308044433594,9370000.0,0.0,0.0,150.25,133.92308044433594
2023-12-21,134.39547047492317,134.41330098049858,133.00499025523686,134.3330841064453,7264700.0,0.0,0.0,150.7100067138672,134.3330841064453
2023-12-22,135.25114684258278,135.83050901971248,134.36872049828608,134.63612365722656,6396100.0,0.0,0.0,151.0500030517578,134.63612365722656
2023-12-26,135.5452923215089,136.38313562597241,135.39375343381943,135.8483428955078,5165600.0,0.0,0.0,152.41000366210938,135.8483428955078
2023-12-27,135.7235758262411,136.34750756734022,134.89462725538007,135.40269470214844,5337200.0,0.0,0.0,151.91000366210938,135.40269470214844
2023-12-28,134.75199579823396,135.5007274071116,133.16542085677943,133.49522399902344,8148000.0,0.0,0.0,149.77000427246094,133.49522399902344
2023-12-29,133.72696452442923,133.90522877171435,132.51474860192414,132.95150756835938,7658600.0,0.0,0.0,149.16000366210938,132.95150756835938
2024-01-02,133.69131431536604,135.019394490413,133.02281320152952,133.23672485351562,8879700.0,0.0,0.0,149.47999572753906,133.23672485351562
2024-01-03,133.15652691803595,136.54360242989964,132.523673122646,135.7770538330078,10255300.0,0.0,0.0,152.3300018310547,135.7770538330078
2024-01-04,136.962533324466,137.57755662345585,134.22612846680198,134.2885284423828,8220300.0,0.0,0.0,150.66000366210938,134.2885284423828
2024-01-05,135.46507346073474,135.5096429255989,133.54870887779634,134.0567626953125,7455400.0,0.0,0.0,150.39999389648438,134.0567626953125
2024-01-08,132.29191909121025,133.4328266308724,130.65186620303226,133.2545623779297,10038200.0,0.0,0.0,149.5,133.2545623779297
2024-01-09,133.6556660143719,133.6556660143719,129.76944529240183,129.86749267578125,11784700.0,0.0,0.0,145.6999969482422,129.86749267578125
2024-01-10,130.15274565947277,130.15274565947277,128.45029247792561,128.79791259765625,8490400.0,0.0,0.0,144.5,128.79791259765625
2024-01-11,129.74269094136488,130.2864057118397,128.9048340556473,129.4931182861328,8612500.0,0.0,0.0,145.27999877929688,129.4931182861328
2024-01-12,131.76606746939933,132.36326034527113,130.28644796164252,131.2669219970703,9386900.0,0.0,0.0,147.27000427246094,131.2669219970703
2024-01-16,130.5894697921508,130.65186976276078,127.97786509369246,128.07591247558594,9380400.0,0.0,0.0,143.69000244140625,128.07591247558594
2024-01-17,126.94390889545843,128.37005010910966,126.60519729706088,127.56784057617188,8167000.0,0.0,0.0,143.1199951171875,127.56784057617188
2024-01-18,127.46087958489899,127.63023537724108,124.44816353339874,126.40911102294922,11187800.0,0.0,0.0,141.82000732421875,126.40911102294922
2024-01-19,126.3288882915538,126.79238623572317,125.68712609214724,126.78347778320312,11192500.0,0.0,0.0,142.24000549316406,126.78347778320312
2024-01-22,126.48933365671894,127.15783480388556,125.60690724621037,127.00630950927734,9184600.0,0.0,0.0,142.49000549316406,127.00630950927734
2024-01-23,126.56065493850639,127.75504051198115,126.48042445616873,126.6497802734375,6767200.0,0.0,0.0,142.08999633789062,126.6497802734375
2024-01-24,127.19346178627806,129.22570385922248,126.76562492899725,129.17222595214844,8100000.0,0.0,0.0,144.9199981689453,129.17222595214844
2024-01-25,130.33100128689105,132.53259976580352,129.44857476434683,132.42564392089844,9773600.0,0.0,0.0,148.57000732421875,132.42564392089844
2024-01-26,131.94430302818571,133.04064113759657,131.00839867106814,132.93368530273438,9151900.0,0.0,0.0,149.13999938964844,132.93368530273438
2024-01-29,132.88909643965565,133.00497431096863,131.12425741859403,132.88018798828125,10494800.0,0.0,0.0,149.0800018310547,132.88018798828125
2024-01-30,132.07799807085365,133.97654574738488,131.65908318328962,133.80718994140625,9902900.0,0.0,0.0,150.1199951171875,133.80718994140625
2024-01-31,134.0300269509123,134.03894900451377,131.32928324380572,131.4095001220703,10428000.0,0.0,0.0,147.42999267578125,131.4095001220703
2024-02-01,132.08690694585164,132.82671646617845,130.59837945339518,131.8195037841797,8641100.0,0.0,0.0,147.88999938964844,131.8195037841797
2024-02-02,134.46676154844153,136.71292893698129,133.29911519667306,135.69680786132812,12839100.0,0.0,0.0,152.24000549316406,135.69680786132812
2024-02-05,135.14420003761785,136.8288225400009,134.4043904010264,135.7770538330078,8277800.0,0.0,0.0,152.3300018310547,135.7770538330078
2024-02-06,135.92857089202067,136.8555531944556,135.31354764105438,135.7948760986328,6198200.0,0.0,0.0,152.35000610351562,135.7948760986328
2024-02-07,136.39202688905337,137.0694363016641,134.7430524074795,135.59873962402344,6252000.0,0.0,0.0,152.1300048828125,135.59873962402344
2024-02-08,135.43834397627327,137.53298656519485,135.17094076907384,137.31906127929688,9237000.0,0.0,0.0,154.05999755859375,137.31906127929688
2024-02-09,137.63992873150445,138.442138273393,134.57373460842632,134.62721252441406,9194500.0,0.0,0.0,151.0399932861328,134.62721252441406
2024-02-12,135.14417922280873,136.02660557888612,134.93917602518303,135.55419921875,6713000.0,0.0,0.0,152.0800018310547,135.55419921875
2024-02-13,136.0355331593722,136.43664475988507,133.34371145347544,134.23504638671875,6987100.0,0.0,0.0,150.60000610351562,134.23504638671875
2024-02-14,134.8411433585526,135.6611698391804,133.77154419254646,134.60047912597656,5995100.0,0.0,0.0,151.00999450683594,134.60047912597656
2024-02-15,135.07805669684996,139.74554603882575,134.86179710895587,139.17788696289062,8950300.0,1.63,0.0,154.4600067138672,139.17788696289062
2024-02-16,139.9978463017798,140.35827895930183,138.8444892959093,139.33106994628906,7570200.0,0.0,0.0,154.6300048828125,139.33106994628906
2024-02-20,140.08794261298942,140.2140905920782,138.61020325119276,138.7633819580078,6977900.0,0.0,0.0,154.0,138.7633819580078
2024-02-21,139.27697930357243,140.1780401349369,138.85347961290336,140.06089782714844,6628900.0,0.0,0.0,155.44000244140625,140.06089782714844
2024-02-22,139.50224596907032,141.1331638910259,138.61019078702347,140.0518798828125,8874900.0,0.0,0.0,155.42999267578125,140.0518798828125
2024-02-23,139.5472930868803,139.59234888037733,138.0875788714416,139.3580780029297,6561600.0,0.0,0.0,154.66000366210938,139.3580780029297
2024-02-26,139.24996120895628,140.16004162046207,138.61021559698858,139.1688690185547,6900800.0,0.0,0.0,154.4499969482422,139.1688690185547
2024-02-27,138.04252021307306,138.65524874390118,135.06901664225128,137.1054229736328,15093800.0,0.0,0.0,152.16000366210938,137.1054229736328
2024-02-28,137.28563370959503,138.63722500481325,136.7630167588856,137.26760864257812,6715900.0,0.0,0.0,152.33999633789062,137.26760864257812
2024-02-29,137.78122366868666,138.07857541158566,136.49269944945763,136.9702606201172,9334400.0,0.0,0.0,152.00999450683594,136.9702606201172
2024-03-01,137.9073759024587,139.07875784272878,137.18652442005416,137.6911163330078,7459100.0,0.0,0.0,152.80999755859375,137.6911163330078
2024-03-04,137.41176847391617,137.4928606440521,133.0596432717032,134.14993286132812,12503200.0,0.0,0.0,148.8800048828125,134.14993286132812
2024-03-05,134.10491718235843,135.7178104057712,133.62735592770602,134.7897186279297,6985500.0,0.0,0.0,149.58999633789062,134.7897186279297
2024-03-06,135.90701004155693,137.33068783849384,133.4831541483142,133.65435791015625,14692100.0,0.0,0.0,148.3300018310547,133.65435791015625
2024-03-07,133.80755777439262,135.83494501339857,133.76250197481698,134.5914764404297,8739300.0,0.0,0.0,149.3699951171875,134.5914764404297
2024-03-08,134.59144507321548,135.15011210937362,133.70840935354784,135.05099487304688,7528400.0,0.0,0.0,149.8800048828125,135.05099487304688
2024-03-11,135.6096665733739,137.03334445705926,134.7896978477978,136.9612579345703,7577100.0,0.0,0.0,152.0,136.9612579345703
2024-03-12,136.8080906405083,137.4748807173201,135.87097951909178,136.86215209960938,6432900.0,0.0,0.0,151.88999938964844,136.86215209960938
2024-03-13,138.07856158661346,139.55630074484966,137.99745566550854,138.66424560546875,8065600.0,0.0,0.0,153.88999938964844,138.66424560546875
2024-03-14,138.55615538314848,140.32222726358015,137.64607496345576,140.29519653320312,9047200.0,0.0,0.0,155.6999969482422,140.29519653320312
2024-03-15,139.8356669096767,141.50262160701172,139.14184604964075,140.16004943847656,20387200.0,0.0,0.0,155.5500030517578,140.16004943847656
2024-03-18,140.59254317667626,141.16922165213705,139.61039001128356,140.0338897705078,7242700.0,0.0,0.0,155.41000366210938,140.0338897705078
2024-03-19,139.93478259925473,141.32241055459667,139.67346719752842,141.12417602539062,7736700.0,0.0,0.0,156.6199951171875,141.12417602539062
2024-03-20,140.3492482148076,140.9529573996628,138.9706260652385,139.25897216796875,8449100.0,0.0,0.0,154.5500030517578,139.25897216796875
2024-03-21,139.6194070140904,140.28619714108373,139.13284009646318,139.53831481933594,7899100.0,0.0,0.0,154.86000061035156,139.53831481933594
2024-03-22,139.7365219199287,139.916731344819,138.90754756615502,139.3580780029297,5974700.0,0.0,0.0,154.66000366210938,139.3580780029297
2024-03-25,140.09694318322897,141.74588626012323,139.90772809601867,140.98899841308594,6058700.0,0.0,0.0,156.47000122070312,140.98899841308594
2024-03-26,141.03407161166288,141.34042905196998,139.34907819177428,139.90774536132812,6677900.0,0.0,0.0,155.27000427246094,139.90774536132812
2024-03-27,139.5473248555671,140.96199734866423,139.52931353334614,140.8809051513672,7416900.0,0.0,0.0,156.35000610351562,140.8809051513672
2024-03-28,141.6017253968146,142.53883650154285,140.89889894281805,142.13336181640625,8331600.0,0.0,0.0,157.74000549316406,142.13336181640625
2024-04-01,142.6109325630613,143.80032596891922,141.4125197475112,143.34078979492188,6285700.0,0.0,0.0,159.0800018310547,143.34078979492188
2024-04-02,144.21481742209406,145.26905715406124,143.28672568158194,143.97152709960938,8815400.0,0.0,0.0,159.77999877929688,143.97152709960938
2024-04-03,144.25986571680826,145.02575928611574,143.91745815105952,144.56622314453125,7819700.0,0.0,0.0,160.44000244140625,144.56622314453125
2024-04-04,144.8906059035624,145.92682051354217,144.00757000772145,144.79148864746094,9269700.0,0.0,0.0,160.69000244140625,144.79148864746094
2024-04-05,145.36814466383098,146.12503245765524,144.04358415008994,145.61143493652344,7432800.0,0.0,0.0,161.60000610351562,145.61143493652344
2024-04-08,145.65648068716922,146.42238790817402,144.46708751646116,145.3140869140625,7253200.0,0.0,0.0,161.27000427246094,145.3140869140625
2024-04-09,145.83672440505333,146.44943926891278,144.5842501988942,145.9718780517578,6576200.0,0.0,0.0,162.0,145.9718780517578
2024-04-10,146.16106603126747,146.66565783665064,145.0797821636229,146.57554626464844,7525800.0,0.0,0.0,162.6699981689453,146.57554626464844
2024-04-11,147.43158855509924,147.43158855509924,143.98954286825756,145.8727569580078,7682500.0,0.0,0.0,161.88999938964844,145.8727569580078
2024-04-12,146.2331715393295,147.65684945140947,142.40366260622847,143.23265075683594,11071000.0,0.0,0.0,158.9600067138672,143.23265075683594
2024-04-15,144.11568282281016,144.61126906858217,141.7909440464508,141.99818420410156,7236900.0,0.0,0.0,157.58999633789062,141.99818420410156
2024-04-16,141.7368807574209,142.19641686167998,140.0428818843828,140.8177947998047,5541900.0,0.0,0.0,156.27999877929688,140.8177947998047
2024-04-17,140.5565092799916,142.1063352882351,140.2411324327294,140.92593383789062,6733900.0,0.0,0.0,156.39999389648438,140.92593383789062
2024-04-18,141.5927002623533,142.40364952108962,140.91690463037395,141.98016357421875,4979200.0,0.0,0.0,157.57000732421875,141.98016357421875
2024-04-19,143.04344296455383,144.8455650806427,142.50280083008693,144.16976928710938,7734700.0,0.0,0.0,160.0,144.16976928710938
2024-04-22,144.1247042615428,146.6026220125978,142.76410710063942,145.89979553222656,6779200.0,0.0,0.0,161.9199981689453,145.89979553222656
2024-04-23,145.35015129502963,146.73779296875,144.71040566874694,146.73779296875,5597600.0,0.0,0.0,162.85000610351562,146.73779296875
2024-04-24,145.86374054814206,147.62981218427186,145.4762772178363,147.38653564453125,7610300.0,0.0,0.0,163.57000732421875,147.38653564453125
2024-04-25,147.50367495257288,149.21569900920727,146.57558327282172,148.92735290527344,9702600.0,0.0,0.0,165.27999877929688,148.92735290527344
2024-04-26,148.8822862618784,150.4591428115083,147.14324535242505,149.47698974609375,9736400.0,0.0,0.0,165.88999938964844,149.47698974609375
2024-04-29,149.4950301602245,150.57630058400795,148.39573466713315,149.87347412109375,6364000.0,0.0,0.0,166.3300018310547,149.87347412109375
2024-04-30,149.54907015297175,149.68422378063264,145.02574084292272,145.3140869140625,8457300.0,0.0,0.0,161.27000427246094,145.3140869140625
2024-05-01,144.8725793454226,145.4762885357993,143.17858034913635,143.83636474609375,7713700.0,0.0,0.0,159.6300048828125,143.83636474609375
2024-05-02,144.53918230988657,145.7736313435262,144.07062679200584,144.8275146484375,8597100.0,0.0,0.0,160.72999572753906,144.8275146484375
2024-05-03,144.7644425285733,144.7644425285733,141.50259283306323,144.39500427246094,11664500.0,0.0,0.0,160.25,144.39500427246094
2024-05-06,144.8275455032198,147.7920441961294,144.8275455032198,146.24221801757812,8430300.0,0.0,0.0,162.3000030517578,146.24221801757812
2024-05-07,146.25116385417417,147.00805156224894,145.98986229392057,146.57554626464844,6869900.0,0.0,0.0,162.6699981689453,146.57554626464844
2024-05-08,145.9267972151832,146.94500034265252,145.55735897877966,146.4584197998047,6706400.0,0.0,0.0,162.5399932861328,146.4584197998047
2024-05-09,146.8909793489006,149.13461261175613,146.62966393933942,149.08055114746094,6683300.0,0.0,0.0,165.4499969482422,149.08055114746094
2024-05-10,149.61214591990498,149.95455346192193,148.69307370043552,149.41392517089844,5490900.0,0.0,0.0,165.82000732421875,149.41392517089844
2024-05-13,150.00862249196942,150.39608584841423,146.85490917988383,148.25155639648438,6848300.0,0.0,0.0,164.52999877929688,148.25155639648438
2024-05-14,148.08036284959846,148.85527586693783,146.89096946781007,147.42259216308594,4924000.0,0.0,0.0,163.61000061035156,147.42259216308594
2024-05-15,146.9900857976996,147.59379501972973,144.32293917960405,146.91799926757812,7603100.0,0.0,0.0,163.0500030517578,146.91799926757812
2024-05-16,147.01810251479603,147.44587870602737,146.06243200485503,146.6176300048828,6409400.0,1.63,0.0,161.08999633789062,146.6176300048828
2024-05-17,147.21833404919977,148.3287300136505,146.70864683035717,148.05567932128906,5497900.0,0.0,0.0,162.6699981689453,148.05567932128906
2024-05-20,148.1011856888817,148.356029290739,146.59942775737022,146.6631317138672,4913800.0,0.0,0.0,161.13999938964844,146.6631317138672
2024-05-21,146.15343400984304,146.9543789226709,145.38890325919843,145.59823608398438,4783300.0,0.0,0.0,159.97000122070312,145.59823608398438
2024-05-22,145.18867269321652,145.18867269321652,142.4581937161993,143.4138641357422,6260500.0,0.0,0.0,157.57000732421875,143.4138641357422
2024-05-23,143.73243735565615,144.35135325605032,142.28528657246594,142.84048461914062,6718400.0,0.0,0.0,156.94000244140625,142.84048461914062
2024-05-24,143.87806742279253,144.68810911501703,143.16814386726708,143.5777130126953,4477700.0,0.0,0.0,157.75,143.5777130126953
2024-05-28,143.91447040413811,145.09768098151534,143.75974489687192,144.75181579589844,6928300.0,0.0,0.0,159.0399932861328,144.75181579589844
2024-05-29,143.8234349047909,144.2512110606149,142.38538096001102,142.80404663085938,5909600.0,0.0,0.0,156.89999389648438,142.80404663085938
2024-05-30,142.7585706089983,144.22392844686615,142.72215643964583,144.04188537597656,6369600.0,0.0,0.0,158.25999450683594,144.04188537597656
2024-05-31,144.3786335101291,147.97376144432852,144.2694049054693,147.7189178466797,10334200.0,0.0,0.0,162.3000030517578,147.7189178466797
2024-06-03,146.9817249672639,147.1546436797097,142.40362185242077,143.31378173828125,9009900.0,0.0,0.0,157.4600067138672,143.31378173828125
2024-06-04,141.73005693124662,142.3034619351512,140.26469938966108,142.1032257080078,6360500.0,0.0,0.0,156.1300048828125,142.1032257080078
2024-06-05,142.1305293852374,142.91326721281436,140.64696476266,141.05653381347656,7058500.0,0.0,0.0,154.97999572753906,141.05653381347656
2024-06-06,140.61969695160832,142.00314381347633,139.6094189616812,141.9212188720703,5215100.0,0.0,0.0,155.92999267578125,141.9212188720703
2024-06-07,141.72101503065187,143.5231278825178,141.19312058153176,142.05776977539062,5887700.0,0.0,0.0,156.0800018310547,142.05776977539062
2024-06-10,142.35810810181226,143.98728815272062,142.27619704690377,142.65846252441406,7074700.0,0.0,0.0,156.74000549316406,142.65846252441406
2024-06-11,142.13965040888766,142.66754474499083,140.60147816691975,142.430908203125,5132000.0,0.0,0.0,156.49000549316406,142.430908203125
2024-06-12,143.34106391528348,143.46848572466664,138.70834023656812,140.36483764648438,10017400.0,0.0,0.0,154.22000122070312,140.36483764648438
2024-06-13,139.9552661992323,140.24651009241387,138.55361243149397,139.1088104248047,6163000.0,0.0,0.0,152.83999633789062,139.1088104248047
2024-06-14,139.37275482048312,139.5183698129671,138.31696626935133,138.86306762695312,6159100.0,0.0,0.0,152.57000732421875,138.86306762695312
2024-06-17,138.79935574224112,140.10087746102514,138.28055804145475,139.4273681640625,6321400.0,0.0,0.0,153.19000244140625,139.4273681640625
2024-06-18,139.755045845626,141.93942390076245,139.10882625021665,139.5548095703125,6942900.0,0.0,0.0,153.3300018310547,139.5548095703125
2024-06-20,139.90065210376386,143.26824018021614,139.48197253554338,142.56741333007812,8336000.0,0.0,0.0,156.63999938964844,142.56741333007812
2024-06-21,142.7130672216017,143.50490184676215,141.27501299241186,141.32962036132812,21289800.0,0.0,0.0,155.27999877929688,141.32962036132812
2024-06-24,142.2306788537103,145.20689146357125,142.1578644016123,144.99755859375,7971600.0,0.0,0.0,159.30999755859375,144.99755859375
2024-06-25,144.82461762063093,145.04306096427695,143.50488873661732,144.2239227294922,5985400.0,0.0,0.0,158.4600067138672,144.2239227294922
2024-06-26,144.2239326673358,144.2239326673358,141.7937937016232,141.93942260742188,8637800.0,0.0,0.0,155.9499969482422,141.93942260742188
2024-06-27,142.62205065198916,142.84049402320443,141.65728339967913,142.2761993408203,5568700.0,0.0,0.0,156.32000732421875,142.2761993408203
2024-06-28,143.36836878770984,144.3331359079016,142.13964756078738,142.3671875,11283400.0,0.0,0.0,156.4199981689453,142.3671875
2024-07-01,143.04070785395447,144.4423477407311,141.96671214066146,142.4582061767578,5584100.0,0.0,0.0,156.52000427246094,142.4582061767578
2024-07-02,143.5139987586182,143.55041292993326,141.48434617782556,142.6675567626953,7216800.0,0.0,0.0,156.75,142.6675567626953
2024-07-03,142.84048215872508,143.5686127810258,142.49461698834654,142.6311492919922,3264200.0,0.0,0.0,156.7100067138672,142.6311492919922
2024-07-05,142.48550963716983,142.48550963716983,139.87334174759283,140.44674682617188,6183100.0,0.0,0.0,154.30999755859375,140.44674682617188
2024-07-08,139.54569424851294,141.32959951367286,139.54569424851294,140.46495056152344,4990700.0,0.0,0.0,154.3300018310547,140.46495056152344
2024-07-09,139.25442839535245,140.85630440207402,138.6628301697616,139.23622131347656,5301600.0,0.0,0.0,152.97999572753906,139.23622131347656
2024-07-10,138.79934515964038,141.4752167244596,138.61731600914896,141.1930694580078,5416600.0,0.0,0.0,155.1300048828125,141.1930694580078
2024-07-11,141.07476482584624,142.60382657839455,140.36484131388656,141.3114013671875,8322500.0,0.0,0.0,155.25999450683594,141.3114013671875
2024-07-12,142.13055310653235,142.38539673125925,140.6742919184335,141.61175537109375,6446300.0,0.0,0.0,155.58999633789062,141.61175537109375
2024-07-15,142.84958862207048,145.18870615095724,142.3216942316454,143.84165954589844,5661200.0,0.0,0.0,158.0399932861328,143.84165954589844
2024-07-16,142.90418640592227,144.087396933508,142.12144841579047,143.59591674804688,6924200.0,0.0,0.0,157.77000427246094,143.59591674804688
2024-07-17,144.26030886295945,146.9725808128969,144.0691692200208,146.7450408935547,7296600.0,0.0,0.0,161.22999572753906,146.7450408935547
2024-07-18,146.74505587190623,149.52104594881496,145.8440065876186,147.4185791015625,6577700.0,0.0,0.0,161.97000122070312,147.4185791015625
2024-07-19,147.8827469772893,148.08298322612876,144.17840414962944,144.85191345214844,6427700.0,0.0,0.0,159.14999389648438,144.85191345214844
2024-07-22,144.00547894905142,144.69719536992855,142.75856451670194,142.885986328125,5577300.0,0.0,0.0,156.99000549316406,142.885986328125
2024-07-23,142.30346007815822,142.5309999798579,140.01895057681594,140.24649047851562,6238700.0,0.0,0.0,154.08999633789062,140.24649047851562
2024-07-24,140.79263881808996,141.71189532830348,139.63673184279753,141.1385040283203,5971700.0,0.0,0.0,155.07000732421875,141.1385040283203
2024-07-25,141.41150605012888,144.04186698864788,140.72888628524055,143.3865509033203,5432100.0,0.0,0.0,157.5399932861328,143.3865509033203
2024-07-26,143.5594888088332,144.7517958204773,142.94968346272267,143.65960693359375,5232500.0,0.0,0.0,157.83999633789062,143.65960693359375
2024-07-29,144.03280997605168,144.03280997605168,140.94736834630024,142.5310516357422,5072000.0,0.0,0.0,156.60000610351562,142.5310516357422
2024-07-30,142.4036245577904,145.70749556243285,142.38541747110474,145.23422241210938,5740900.0,0.0,0.0,159.57000732421875,145.23422241210938
2024-07-31,147.1637254226745,147.1637254226745,145.67106405692905,146.05332946777344,6209200.0,0.0,0.0,160.47000122070312,146.05332946777344
2024-08-01,144.45148421369984,145.1705044258688,138.37160884423037,138.90859985351562,16689900.0,0.0,0.0,152.6199951171875,138.90859985351562
2024-08-02,137.55246832816383,138.38070327147489,133.81171063267848,135.20425415039062,13278600.0,0.0,0.0,148.5500030517578,135.20425415039062
2024-08-05,132.44643413161236,132.67397404063345,130.5259967439571,131.6636962890625,13037200.0,0.0,0.0,144.66000366210938,131.6636962890625
2024-08-06,131.5089774459452,132.05506492235997,130.26204923786554,130.36216735839844,9692700.0,0.0,0.0,143.22999572753906,130.36216735839844
2024-08-07,131.5908895864046,132.63756767425068,129.49751952277765,129.6158447265625,8867900.0,0.0,0.0,142.41000366210938,129.6158447265625
2024-08-08,130.21654713800893,131.80932651751303,129.88888911013643,131.50897216796875,7531100.0,0.0,0.0,144.49000549316406,131.50897216796875
2024-08-09,131.25414206640227,132.9834400152559,130.3257752440391,131.9640655517578,7653100.0,0.0,0.0,144.99000549316406,131.9640655517578
2024-08-12,132.7377026024083,133.55685475951165,127.1402253579161,131.9913787841797,8442200.0,0.0,0.0,145.02000427246094,131.9913787841797
2024-08-13,131.1358199642705,131.56359616275628,130.1983565219555,131.19952392578125,7794800.0,0.0,0.0,144.14999389648438,131.19952392578125
2024-08-14,131.4179469448394,132.19158817682776,130.54418759915765,131.67279052734375,5874200.0,0.0,0.0,144.6699981689453,131.67279052734375
2024-08-15,132.51016595213838,134.26678164093414,132.41004781559627,133.61146545410156,6304200.0,0.0,0.0,146.8000030517578,133.61146545410156
2024-08-16,132.9288343400189,134.35777792659786,132.555665509204,134.0392303466797,6874400.0,0.0,0.0,147.27000427246094,134.0392303466797
2024-08-19,134.37975450440837,135.9627512202568,134.26931744533,135.1344451904297,5967400.0,1.63,0.0,146.8300018310547,135.1344451904297
2024-08-20,134.67426902816925,134.839924613066,133.04525222650457,133.16490173339844,7497600.0,0.0,0.0,144.69000244140625,133.16490173339844
2024-08-21,133.84594506232816,134.95957017616814,133.03604993199528,133.74472045898438,5985000.0,0.0,0.0,145.32000732421875,133.74472045898438
2024-08-22,133.77233302827153,134.67426842094895,133.5698557298422,134.12205505371094,4027000.0,0.0,0.0,145.72999572753906,134.12205505371094
2024-08-23,134.85832202527823,136.2940597913882,134.66505719550003,135.8614959716797,4824100.0,0.0,0.0,147.6199951171875,135.8614959716797
2024-08-26,137.10398109448505,138.13476439390445,135.7970911131871,136.67141723632812,5780300.0,0.0,0.0,148.5,136.67141723632812
2024-08-27,136.8278542176215,137.63776328669564,135.05159296965414,135.24485778808594,5100000.0,0.0,0.0,146.9499969482422,135.24485778808594
2024-08-28,134.7755143109977,135.41975391180773,133.8919756846225,134.3705596923828,5614400.0,0.0,0.0,146.0,134.3705596923828
2024-08-29,134.79393506890233,136.3769178999943,133.8551778425647,135.67745971679688,4466700.0,0.0,0.0,147.4199981689453,135.67745971679688
2024-08-30,134.57304219967688,136.28488694416197,134.09445817343087,136.1652374267578,6414800.0,0.0,0.0,147.9499969482422,136.1652374267578
2024-09-03,133.95637552056704,134.15885278279706,132.78753206012408,133.13726806640625,7944700.0,0.0,0.0,144.66000366210938,133.13726806640625
2024-09-04,133.11886814631086,133.93797566774927,130.38543892506146,130.7535858154297,9820700.0,0.0,0.0,142.07000732421875,130.7535858154297
2024-09-05,131.76595665298342,131.76595665298342,129.40067434926837,129.70437622070312,9371100.0,0.0,0.0,140.92999267578125,129.70437622070312
2024-09-06,129.8332484797508,130.7904023730332,126.88812933008732,127.5231704711914,7836400.0,0.0,0.0,138.55999755859375,127.5231704711914
2024-09-09,127.59680979240288,130.7075847637552,127.50476954554382,129.1245880126953,9892300.0,0.0,0.0,140.3000030517578,129.1245880126953
2024-09-10,129.67679791516676,129.84246756431912,126.17028049241924,127.21947479248047,8202500.0,0.0,0.0,138.22999572753906,127.21947479248047
2024-09-11,127.2010700944606,127.44955348773551,124.58727589266864,126.89735412597656,9534000.0,0.0,0.0,137.8800048828125,126.89735412597656
2024-09-12,127.21943439954269,128.3606685916033,126.47395632347863,128.1213836669922,6591500.0,0.0,0.0,139.2100067138672,128.1213836669922
2024-09-13,128.72883551694295,130.25661378131025,128.58159077843857,129.40989685058594,5900700.0,0.0,0.0,140.61000061035156,129.40989685058594
2024-09-16,130.40385505315373,131.76596349417167,129.83324490422092,130.77198791503906,6864300.0,0.0,0.0,142.08999633789062,130.77198791503906
2024-09-17,130.50508903609796,132.6586956922917,130.44987051312395,131.98684692382812,7338800.0,0.0,0.0,143.41000366210938,131.98684692382812
2024-09-18,131.9040361908302,134.00242459531225,131.78438668000723,132.49305725097656,6180300.0,0.0,0.0,143.9600067138672,132.49305725097656
2024-09-19,134.1956861534244,135.08842315062245,133.38577694935947,133.44100952148438,7247400.0,0.0,0.0,144.99000549316406,133.44100952148438
2024-09-20,133.66188154334893,134.28772429397182,132.0144679400095,134.07603454589844,23162900.0,0.0,0.0,145.67999267578125,134.07603454589844
2024-09-23,134.60064701963898,136.59779681499947,134.32454031964264,135.7878875732422,6960600.0,0.0,0.0,147.5399932861328,135.7878875732422
2024-09-24,137.021150007261,137.22362729954398,135.2080668266894,135.70504760742188,6014200.0,0.0,0.0,147.4499969482422,135.70504760742188
2024-09-25,135.24487077559326,135.66823620509228,132.06967920614022,132.5022430419922,7888400.0,0.0,0.0,143.97000122070312,132.5022430419922
2024-09-26,129.67677412597953,131.8119840534857,129.42829076289192,130.67996215820312,8046200.0,0.0,0.0,141.99000549316406,130.67996215820312
2024-09-27,131.5910909575105,134.15886462639958,131.46224305593182,133.9011688232422,8049200.0,0.0,0.0,145.49000549316406,133.9011688232422
2024-09-30,133.79073186622875,135.73266304445818,132.78755780915915,135.53939819335938,7491700.0,0.0,0.0,147.27000427246094,135.53939819335938
2024-10-01,134.69268156663156,138.53052380837298,133.86436150170067,137.7758331298828,9489100.0,0.0,0.0,149.6999969482422,137.7758331298828
2024-10-02,139.59811839015077,140.15033178095985,137.37088205572869,138.92626953125,8105400.0,0.0,0.0,150.9499969482422,138.92626953125
2024-10-03,139.2575958501763,140.04909422675163,138.07035530699832,139.20237731933594,6553300.0,0.0,0.0,151.25,139.20237731933594
2024-10-04,140.3343952300302,140.35280608756221,138.18078832998057,138.73300170898438,7892400.0,0.0,0.0,150.74000549316406,138.73300170898438
2024-10-07,139.43246925422565,140.58290216886448,138.68699097247898,139.08273315429688,5895900.0,0.0,0.0,151.1199951171875,139.08273315429688
2024-10-08,137.3156575199107,137.6838044454727,135.96274741063004,136.90150451660156,5892700.0,0.0,0.0,148.75,136.90150451660156
2024-10-09,135.7602721812501,138.3924630548107,135.62222585916646,137.7298126220703,4973500.0,0.0,0.0,149.64999389648438,137.7298126220703
2024-10-10,138.6777618612906,139.47847262317748,137.91388685590496,138.62254333496094,4420900.0,0.0,0.0,150.6199951171875,138.62254333496094
2024-10-11,138.40167177508172,140.19634413064747,138.2820222702543,139.35882568359375,5051300.0,0.0,0.0,151.4199981689453,139.35882568359375
2024-10-14,138.530523790586,139.800592087259,138.21759538741074,139.69015502929688,4214700.0,0.0,0.0,151.77999877929688,139.69015502929688
2024-10-15,136.9474998269966,138.01510465265497,135.80626562956522,135.9627227783203,6704600.0,0.0,0.0,147.72999572753906,135.9627227783203
2024-10-16,136.53336514974092,137.1591938284186,136.40451724275616,136.88308715820312,4303700.0,0.0,0.0,148.72999572753906,136.88308715820312
2024-10-17,137.37086769163452,139.2759910516849,137.10397347478533,139.15634155273438,6593100.0,0.0,0.0,151.1999969482422,139.15634155273438
2024-10-18,138.80663373969358,139.0459187186893,137.48133283953612,138.74220275878906,5208200.0,0.0,0.0,150.75,138.74220275878906
2024-10-21,139.89261485960054,140.33437707964578,138.50289722812084,138.86183166503906,5074000.0,0.0,0.0,150.8800048828125,138.86183166503906
2024-10-22,139.20235177150883,139.59809386548088,138.25439638374084,138.8986358642578,4416400.0,0.0,0.0,150.9199981689453,138.8986358642578
2024-10-23,138.38326106530928,138.9722820965666,137.3984838487085,138.4936981201172,5248600.0,0.0,0.0,150.47999572753906,138.4936981201172
2024-10-24,139.09193774344467,139.38644125039323,137.48133175398698,138.46609497070312,5474300.0,0.0,0.0,150.4499969482422,138.46609497070312
2024-10-25,139.33122685968866,140.00307573167763,138.4753115349675,138.79742431640625,6839900.0,0.0,0.0,150.80999755859375,138.79742431640625
2024-10-28,136.44130286994786,138.6961478995975,136.3584750952745,138.54888916015625,8892000.0,0.0,0.0,150.5399932861328,138.54888916015625
2024-10-29,138.08876625589232,138.43850237817222,136.0916162736489,136.68984985351562,6014700.0,0.0,0.0,148.52000427246094,136.68984985351562
2024-10-30,137.20521868414426,137.72980873663255,135.89832871293257,136.25726318359375,5784000.0,0.0,0.0,148.0500030517578,136.25726318359375
2024-10-31,136.91069455603778,137.65618676847583,136.1099978623509,136.96592712402344,8400900.0,0.0,0.0,148.82000732421875,136.96592712402344
2024-11-01,140.33438071412857,143.50957220654124,139.61651182170024,140.8773956298828,11728000.0,0.0,0.0,153.07000732421875,140.8773956298828
2024-11-04,142.11985671141093,142.11985671141093,140.4632307638051,141.70570373535156,6130000.0,0.0,0.0,153.97000122070312,141.70570373535156
2024-11-05,142.22110619153864,142.3499541059839,140.39882453199297,141.19032287597656,5978900.0,0.0,0.0,153.41000366210938,141.19032287597656
2024-11-06,144.58641795216172,145.97613589225517,143.6844684132573,145.1570281982422,12118900.0,0.0,0.0,157.72000122070312,145.1570281982422
2024-11-07,145.35948774437392,145.4239046787779,143.94214666705662,144.28268432617188,8143200.0,0.0,0.0,156.77000427246094,144.28268432617188
2024-11-08,144.12621450670798,145.02814981282532,143.27028527397079,144.42991638183594,6041500.0,0.0,0.0,156.92999267578125,144.42991638183594
2024-11-11,144.62321601244963,145.35949585599283,143.48198155278916,144.03419494628906,7771700.0,0.0,0.0,156.5,144.03419494628906
2024-11-12,144.77046769129987,144.9269248683336,142.76410556710687,142.92056274414062,5681900.0,0.0,0.0,155.2899932861328,142.92056274414062
2024-11-13,143.63845004632182,146.35346875204038,142.2211089168943,146.07736206054688,8824000.0,0.0,0.0,158.72000122070312,146.07736206054688
2024-11-14,147.1081632408525,148.9396576080053,146.96090444841005,148.91204833984375,10111200.0,0.0,0.0,161.8000030517578,148.91204833984375
2024-11-15,148.65434188530503,149.44584028408616,147.95486969271636,148.5623016357422,9022800.0,0.0,0.0,161.4199981689453,148.5623016357422
2024-11-18,149.27818250747583,150.17073395005275,147.8928870570308,149.46412658691406,6075400.0,1.63,0.0,160.75999450683594,149.46412658691406
2024-11-19,148.73892484740944,149.15730254495702,147.59535535767995,148.38563537597656,4657400.0,0.0,0.0,159.60000610351562,148.38563537597656
2024-11-20,148.67385820539684,150.0963509598105,148.55298817181148,149.99407958984375,6391300.0,0.0,0.0,161.3300018310547,149.99407958984375
2024-11-21,150.63559089042283,151.22131399107167,149.95687447650943,150.2729949951172,7945200.0,0.0,0.0,161.6300048828125,150.2729949951172
2024-11-22,150.161410691527,151.18412429372583,149.82670571140943,150.95169067382812,7005900.0,0.0,0.0,162.36000061035156,150.95169067382812
2024-11-25,150.75645805342197,151.70479130722237,148.5994811822449,149.0922393798828,10702400.0,0.0,0.0,160.36000061035156,149.0922393798828
2024-11-26,150.90519849404694,151.49093574574468,150.05913672751063,151.1097412109375,7369500.0,0.0,0.0,162.52999877929688,151.1097412109375
2024-11-27,151.32362122294637,153.10871022191427,150.25443194625961,150.71929931640625,7674500.0,0.0,0.0,162.11000061035156,150.71929931640625
2024-11-29,150.84943226899043,151.31429954870995,149.37115772427194,150.55191040039062,5077000.0,0.0,0.0,161.92999267578125,150.55191040039062
2024-12-02,150.88662214322034,151.5002503846256,148.85980752276708,150.812255859375,6229600.0,0.0,0.0,162.2100067138672,150.812255859375
2024-12-03,151.52813415861348,151.7326768961252,150.0498596174706,150.54261779785156,5900100.0,0.0,0.0,161.9199981689453,150.54261779785156
2024-12-04,150.45895046324478,150.46824270196393,146.76790300451475,147.19558715820312,7862700.0,0.0,0.0,158.32000732421875,147.19558715820312
2024-12-05,148.0974004542659,149.38043858831622,147.53956827305194,148.1345977783203,6358400.0,0.0,0.0,159.3300018310547,148.1345977783203
2024-12-06,147.59536398805992,147.669744456559,144.26691250250127,144.33200073242188,9701700.0,0.0,0.0,155.24000549316406,144.33200073242188
2024-12-09,145.96832888188183,148.8319130871824,145.80098346726547,146.04270935058594,9404500.0,0.0,0.0,157.0800018310547,146.04270935058594
2024-12-10,147.88360455410353,148.31128877395716,145.68943001389513,145.96835327148438,9126200.0,0.0,0.0,157.0,145.96835327148438
2024-12-11,145.83816272791634,146.12637816983616,144.85264637040086,145.2338409423828,13764700.0,0.0,0.0,156.2100067138672,145.2338409423828
2024-12-12,144.917745402952,145.53137371928491,143.43017837179366,143.83926391601562,7621500.0,0.0,0.0,154.7100067138672,143.83926391601562
2024-12-13,143.98796193874264,144.07164881654586,142.31445136861527,143.0582275390625,5816200.0,0.0,0.0,153.8699951171875,143.0582275390625
2024-12-16,143.07685461308085,143.07685461308085,138.76288670931487,138.8651580810547,11961200.0,0.0,0.0,149.36000061035156,138.8651580810547
2024-12-17,137.6007163007775,138.20503809636793,136.58730902470336,137.70298767089844,11909300.0,0.0,0.0,148.11000061035156,137.70298767089844
2024-12-18,137.37759363093582,138.223655609438,133.86319761352357,133.9561767578125,10174500.0,0.0,0.0,144.0800018310547,133.9561767578125
2024-12-19,134.41174539813488,134.58838306518282,131.0460963122691,131.23204040527344,16544300.0,0.0,0.0,141.14999389648438,131.23204040527344
2024-12-20,130.92521643232507,132.8125762939453,130.67418415018486,132.8125762939453,32209200.0,0.0,0.0,142.85000610351562,132.8125762939453
2024-12-23,132.4685735269605,133.27745222512988,131.5946207879173,132.9241485595703,8156500.0,0.0,0.0,142.97000122070312,132.9241485595703
2024-12-24,133.04502246631927,133.91896104420366,132.26403464671446,133.73301696777344,3556100.0,0.0,0.0,143.83999633789062,133.73301696777344
2024-12-26,133.57497422829,134.17000383132432,132.85907458215306,133.86318969726562,4492600.0,0.0,0.0,143.97999572753906,133.86318969726562
2024-12-27,134.1514069686479,135.47164266141127,133.3146514547908,133.8817901611328,5296500.0,0.0,0.0,144.0,133.8817901611328
2024-12-30,133.68654681392977,133.86319867750746,132.34774075725701,133.01715087890625,6194800.0,0.0,0.0,143.07000732421875,133.01715087890625
2024-12-31,133.4355080021805,135.1276175240665,133.24956392753487,134.66275024414062,6137800.0,0.0,0.0,144.83999633789062,134.66275024414062
2025-01-02,135.25778343374816,137.6658067903799,135.25778343374816,136.4013671875,7170300.0,0.0,0.0,146.7100067138672,136.4013671875
2025-01-03,137.17304353610888,138.06559503908252,136.9499163003341,137.46127319335938,5809000.0,0.0,0.0,147.85000610351562,137.46127319335938
2025-01-06,137.9726012853109,139.76699634047313,136.55010856142178,136.91270446777344,5888700.0,0.0,0.0,147.25999450683594,136.91270446777344
2025-01-07,138.07489483395844,139.92507198937525,137.2567379469725,139.07901000976562,7736000.0,0.0,0.0,149.58999633789062,139.07901000976562
2025-01-08,137.63789606935364,140.5572619789085,137.62860383106982,139.73910522460938,7640900.0,0.0,0.0,150.3000030517578,139.73910522460938
2025-01-10,142.6305794176024,143.49522573162614,140.2690457376619,142.37954711914062,11074700.0,0.0,0.0,153.13999938964844,142.37954711914062
2025-01-13,143.27208183638413,146.29371874440255,143.17910271841185,144.4342498779297,11774100.0,0.0,0.0,155.35000610351562,144.4342498779297
2025-01-14,144.3040963232393,145.88464211769056,143.6067954562794,145.87533569335938,6830200.0,0.0,0.0,156.89999389648438,145.87533569335938
2025-01-15,145.85675231963916,147.5395694880869,145.39188507148796,147.20486450195312,7900000.0,0.0,0.0,158.3300018310547,147.20486450195312
2025-01-16,146.92597429974148,148.66457365841293,146.92597429974148,148.18112182617188,5578900.0,0.0,0.0,159.3800048828125,148.18112182617188
2025-01-17,147.94867668299432,150.4031755465495,147.64186255172183,150.12425231933594,9260400.0,0.0,0.0,161.47000122070312,150.12425231933594
2025-01-21,149.82673286440783,150.05916652642932,146.423914834248,147.1212158203125,10131400.0,0.0,0.0,158.24000549316406,147.1212158203125
2025-01-22,146.60052182877092,147.3071290929194,145.28960703107495,145.41976928710938,7232200.0,0.0,0.0,156.41000366210938,145.41976928710938
2025-01-23,146.5540616984157,146.84227713913893,144.68528617293867,145.04788208007812,5979800.0,0.0,0.0,156.00999450683594,145.04788208007812
2025-01-24,145.46626212432082,146.40528883639433,144.35987582979155,144.71316528320312,8003800.0,0.0,0.0,155.64999389648438,144.71316528320312
2025-01-27,145.3454191743543,146.79580295487656,144.59233637959272,146.1821746826172,7141000.0,0.0,0.0,157.22999572753906,146.1821746826172
2025-01-28,146.62844277357416,147.7534136395594,144.27620129993784,145.2338409423828,6425400.0,0.0,0.0,156.2100067138672,145.2338409423828
2025-01-29,144.7782876343959,145.5778600384236,143.93222565835922,144.75039672851562,5630600.0,0.0,0.0,155.69000244140625,144.75039672851562
2025-01-30,145.55926311396985,146.38672643377876,144.59234526309092,145.3361358642578,6931900.0,0.0,0.0,156.32000732421875,145.3361358642578
2025-01-31,142.9559715718963,143.52311018419886,138.20502771079128,138.70709228515625,16726800.0,0.0,0.0,149.19000244140625,138.70709228515625
2025-02-03,138.53043604335727,140.25974272518891,137.41475751657413,138.84654235839844,7605000.0,0.0,0.0,149.33999633789062,138.84654235839844
2025-02-04,138.27012809896868,142.6119868922843,138.27012809896868,142.4539337158203,8458100.0,0.0,0.0,153.22000122070312,142.4539337158203
2025-02-05,142.24009704589844,142.99317977813263,141.589271497259,142.24009704589844,6533700.0,0.0,0.0,152.99000549316406,142.24009704589844
2025-02-06,143.38367572069754,144.35059349342643,140.44571088619017,141.2266845703125,6420500.0,0.0,0.0,151.89999389648438,141.2266845703125
2025-02-07,141.7659406170033,143.0024894488823,141.24529146392277,141.89610290527344,4724900.0,0.0,0.0,152.6199951171875,141.89610290527344
2025-02-10,143.44875059223455,144.8526589705263,143.2349155984392,144.82476806640625,5653800.0,0.0,0.0,155.77000427246094,144.82476806640625
2025-02-11,145.36400362657568,147.55817774803197,145.1501544641483,146.37741088867188,6011800.0,0.0,0.0,157.44000244140625,146.37741088867188
2025-02-12,145.73589909044216,146.40530913985452,143.7090844645056,144.01588439941406,6693500.0,0.0,0.0,154.89999389648438,144.01588439941406
2025-02-13,143.9043187467587,145.4290829073333,142.54691418947675,144.92703247070312,7836400.0,0.0,0.0,155.8800048828125,144.92703247070312
2025-02-14,145.78246371624354,148.01037010713625,145.5944572195565,146.02687072753906,5828800.0,1.71,0.0,155.33999633789062,146.02687072753906
2025-02-18,146.02689931647558,147.8787930765553,145.50047528509882,146.79774475097656,5981500.0,0.0,0.0,156.16000366210938,146.79774475097656
2025-02-19,147.13614832605077,148.86583122089658,146.6473199100369,147.80357360839844,4945800.0,0.0,0.0,157.22999572753906,147.80357360839844
2025-02-20,148.0573806503479,149.42044573039703,147.65316738510975,149.27003479003906,6256200.0,0.0,0.0,158.7899932861328,149.27003479003906
2025-02-21,148.6496397181166,149.42047081489778,147.4181804181508,147.51217651367188,6689800.0,0.0,0.0,156.9199981689453,147.51217651367188
2025-02-24,147.6719708074051,148.83763418035264,147.35235828939588,148.42401123046875,5925000.0,0.0,0.0,157.88999938964844,148.42401123046875
2025-02-25,148.5180253978725,149.45807236435166,146.13970772019854,147.04214477539062,6810900.0,0.0,0.0,156.4199981689453,147.04214477539062
2025-02-26,147.23013250396124,147.29594266832282,145.1432273572811,145.8388671875,6005200.0,0.0,0.0,155.13999938964844,145.8388671875
2025-02-27,146.35590344453442,148.80001676626608,145.5286575864833,147.2771453857422,7517200.0,0.0,0.0,156.6699981689453,147.2771453857422
2025-02-28,147.30534122835604,149.1572347043451,145.63205895217968,149.1102294921875,8828500.0,0.0,0.0,158.6199951171875,149.1102294921875
2025-03-03,149.8998661784705,150.49208589726425,142.66149448143608,143.91175842285156,9059800.0,0.0,0.0,153.08999633789062,143.91175842285156
2025-03-04,142.14449998758593,144.90822586211635,141.05404212624663,142.8871307373047,8826300.0,0.0,0.0,152.0,142.8871307373047
2025-03-05,141.14805915531431,142.29491770655792,138.88255666085539,141.76849365234375,9288300.0,0.0,0.0,150.80999755859375,141.76849365234375
2025-03-06,141.4864499565222,144.13738902845856,140.50880751812008,143.78016662597656,7314700.0,0.0,0.0,152.9499969482422,143.78016662597656
2025-03-07,144.72022260582852,148.01038687449488,144.49462052183725,146.96693420410156,8562600.0,0.0,0.0,156.33999633789062,146.96693420410156
2025-03-10,147.76597704468074,150.755319352929,146.80712517389384,148.12319946289062,11750300.0,0.0,0.0,157.57000732421875,148.12319946289062
2025-03-11,148.93163342578228,149.3170561230708,144.56981609231084,144.84243774414062,10466300.0,0.0,0.0,154.0800018310547,144.84243774414062
2025-03-12,144.42881447286427,145.50986274011296,143.09394950990446,143.5169677734375,9710200.0,0.0,0.0,152.6699981689453,143.5169677734375
2025-03-13,143.13153520103413,145.17143524379046,142.81192269899356,144.40060424804688,9022800.0,0.0,0.0,153.61000061035156,144.40060424804688
2025-03-14,144.75782964850285,147.8129821231777,143.8365733438601,147.60617065429688,6671500.0,0.0,0.0,157.02000427246094,147.60617065429688
2025-03-17,147.79416860042133,149.89046908366245,147.36174073310963,149.20423889160156,7615200.0,0.0,0.0,158.72000122070312,149.20423889160156
2025-03-18,150.16310255098378,151.43215730676468,149.2982610921173,151.1689453125,9289500.0,0.0,0.0,160.80999755859375,151.1689453125
2025-03-19,151.31936006724996,154.67532025044775,151.25354989504106,154.21470642089844,11503900.0,0.0,0.0,164.0500030517578,154.21470642089844
2025-03-20,153.34984899061942,155.3991442620311,152.67301410333303,154.8915252685547,9545900.0,0.0,0.0,164.77000427246094,154.8915252685547
2025-03-21,154.62831941078954,155.0043324323863,153.33105010151925,154.8727264404297,21625500.0,0.0,0.0,164.75,154.8727264404297
2025-03-24,154.81632394405074,156.45199634547853,154.46851118631764,155.1265411376953,8068000.0,0.0,0.0,165.02000427246094,155.1265411376953
2025-03-25,156.12298477127683,157.75867147717855,155.21113816639777,155.9913787841797,7869200.0,0.0,0.0,165.94000244140625,155.9913787841797
2025-03-26,157.33565480817634,158.8303403731788,157.2228537632623,157.89968872070312,10076100.0,0.0,0.0,167.97000122070312,157.89968872070312
2025-03-27,157.22284736613972,158.13469402603553,155.9067874157631,156.6588134765625,6862700.0,0.0,0.0,166.64999389648438,156.6588134765625
2025-03-28,156.70581443326978,157.11004205674436,155.38975451865377,156.13238525390625,4923000.0,0.0,0.0,166.08999633789062,156.13238525390625
2025-03-31,156.22637888659884,158.79270261620877,156.16997837403224,157.2604217529297,10675300.0,0.0,0.0,167.2899932861328,157.2604217529297
2025-04-01,157.2604444554422,158.49191798148618,156.19820117947995,158.4073028564453,6378600.0,0.0,0.0,168.50999450683594,158.4073028564453
2025-04-02,157.36384549751207,157.90907442139607,155.90678427607267,156.48960876464844,7044900.0,0.0,0.0,166.47000122070312,156.48960876464844
2025-04-03,150.5202885053548,151.67655639301847,146.45929380226715,146.76010131835938,15501000.0,0.0,0.0,156.1199951171875,146.76010131835938
2025-04-04,142.66150412296489,143.31954839005937,134.1916872080271,134.68991088867188,20374700.0,0.0,0.0,143.27999877929688,134.68991088867188
2025-04-07,130.41270890939984,137.42546544367116,129.05903901101132,131.74757385253906,17817000.0,0.0,0.0,140.14999389648438,131.74757385253906
2025-04-08,135.50775115009301,135.8273779886769,126.78411730685359,128.72061157226562,12904400.0,0.0,0.0,136.92999267578125,128.72061157226562
2025-04-09,126.92514317818494,138.62872483438778,125.85349022917312,137.27505493164062,16846800.0,0.0,0.0,146.02999877929688,137.27505493164062
2025-04-10,134.63351914182277,135.01894181617226,125.44925684590878,126.88752746582031,20991200.0,0.0,0.0,134.97999572753906,126.88752746582031
2025-04-11,126.9157116527195,128.8992109486689,124.12377154553063,127.49855041503906,17224400.0,0.0,0.0,135.6300048828125,127.49855041503906
2025-04-14,130.17769062118975,130.2340911401211,126.06029495545063,127.2071533203125,9628200.0,0.0,0.0,135.32000732421875,127.2071533203125
2025-04-15,126.26710272593753,128.4386087051144,126.20129255979185,126.4738998413086,9334800.0,0.0,0.0,134.5399932861328,126.4738998413086
2025-04-16,127.28235417345763,129.3034637680925,126.71833459707787,127.24475860595703,8637200.0,0.0,0.0,135.36000061035156,127.24475860595703
2025-04-17,128.49501483342965,131.83218424338614,128.26939841047698,129.60426330566406,8434400.0,0.0,0.0,137.8699951171875,129.60426330566406
2025-04-21,127.8652020148832,128.11900438725925,124.39642615261579,125.71248626708984,9967500.0,0.0,0.0,133.72999572753906,125.71248626708984
2025-04-22,127.15074709000648,129.95209736825817,126.84993952062422,129.06845092773438,7984700.0,0.0,0.0,137.3000030517578,129.06845092773438
2025-04-23,128.98384904466988,130.243508522184,127.04734026786114,128.48561096191406,10002000.0,0.0,0.0,136.67999267578125,128.48561096191406
2025-04-24,129.6512677721621,131.04253317906685,128.99323780565155,130.73233032226562,7745800.0,0.0,0.0,139.07000732421875,130.73233032226562
2025-04-25,130.03669143946212,130.71352636560457,129.0214390502484,130.41270446777344,6878500.0,0.0,0.0,138.72999572753906,130.41270446777344
2025-04-28,130.63831919229344,132.03899424089693,130.365697557932,131.70057678222656,6715500.0,0.0,0.0,140.10000610351562,131.70057678222656
2025-04-29,130.37510293896156,131.6159573508123,130.2623019044234,130.9485321044922,7343800.0,0.0,0.0,139.3000030517578,130.9485321044922
2025-04-30,129.72647190234017,129.8674731994257,126.09789030290692,127.90277862548828,13858000.0,0.0,0.0,136.05999755859375,127.90277862548828
2025-05-01,127.30115381456922,129.67947140509332,127.01913686616389,128.09078979492188,10199800.0,0.0,0.0,136.25999450683594,128.09078979492188
2025-05-02,129.613678166125,131.39976163505028,127.17894566213435,130.19650268554688,12393200.0,0.0,0.0,138.5,130.19650268554688
2025-05-05,128.57021393952633,128.78642070249438,127.07552852046184,127.37635040283203,9665000.0,0.0,0.0,135.5,127.37635040283203
2025-05-06,128.1753872748165,129.07782417270514,126.94391391444468,127.47035217285156,9916200.0,0.0,0.0,135.60000610351562,127.47035217285156
2025-05-07,127.91218261503667,128.12838937566067,126.54910319829291,127.64895629882812,8422100.0,0.0,0.0,135.7899932861328,127.64895629882812
2025-05-08,128.4950125783517,130.563112881868,128.28820111360236,128.8240203857422,8669300.0,0.0,0.0,137.0399932861328,128.8240203857422
2025-05-09,130.57249630376424,131.01431945243016,129.44444299941597,130.1870880126953,5965700.0,0.0,0.0,138.49000549316406,130.1870880126953
2025-05-12,133.90966562478883,135.0941337891519,132.1423873704936,133.12942504882812,8028200.0,0.0,0.0,141.6199951171875,133.12942504882812
2025-05-13,133.04482853181688,134.64290529599597,132.47139938387286,133.815673828125,8536800.0,0.0,0.0,142.35000610351562,133.815673828125
2025-05-14,133.26105342153895,133.70287664534902,132.29280618909863,133.17645263671875,6453600.0,0.0,0.0,141.6699981689453,133.17645263671875
2025-05-15,131.60657807644645,133.9190999739975,131.14594988934658,133.7310791015625,7545400.0,0.0,0.0,142.25999450683594,133.7310791015625
2025-05-16,134.14467744079604,134.42669435368992,132.26458381347172,133.58065795898438,8200100.0,0.0,0.0,142.10000610351562,133.58065795898438
2025-05-19,132.70529016012816,132.7528679147301,130.469266362067,131.7728271484375,7713600.0,1.71,0.0,138.49000549316406,131.7728271484375
2025-05-20,131.5825006428574,132.02019560750975,130.38361976893404,130.6119842529297,6503900.0,0.0,0.0,137.27000427246094,130.6119842529297
2025-05-21,129.99352413928085,130.47879693351697,128.9183423304861,128.9849395751953,9073200.0,0.0,0.0,135.55999755859375,128.9849395751953
2025-05-22,128.44257462354463,129.39407154477448,127.28174721814898,128.72801208496094,8877600.0,0.0,0.0,135.2899932861328,128.72801208496094
2025-05-23,127.87167625341667,130.1552631567221,127.55768051344116,129.91738891601562,7025900.0,0.0,0.0,136.5399932861328,129.91738891601562
2025-05-27,130.71665046018737,131.27803015396904,129.79369729374392,131.1448211669922,8348900.0,0.0,0.0,137.8300018310547,131.1448211669922
2025-05-28,132.04874910647578,132.05825884950238,129.08008318871543,129.42262268066406,6876300.0,0.0,0.0,136.02000427246094,129.42262268066406
2025-05-29,129.87934819048758,131.24950627460885,129.4987551754285,131.22096252441406,7554300.0,0.0,0.0,137.91000366210938,131.22096252441406
2025-05-30,130.24091812842244,130.78326388586916,128.65191983036982,130.06964111328125,12858900.0,0.0,0.0,136.6999969482422,130.06964111328125
2025-06-02,131.7728090802149,131.96310555383764,129.81271329769882,131.15432739257812,9076600.0,0.0,0.0,137.83999633789062,131.15432739257812
2025-06-03,130.97354966743265,133.77095302998904,129.97448948254075,132.78140258789062,9001300.0,0.0,0.0,139.5500030517578,132.78140258789062
2025-06-04,132.65770981253843,133.80902756915543,130.66908456980104,130.70713806152344,8735600.0,0.0,0.0,137.3699951171875,130.70713806152344
2025-06-05,131.44930472148937,131.58251372072039,130.06963697544853,130.2599334716797,6342600.0,0.0,0.0,136.89999389648438,130.2599334716797
2025-06-06,131.3922249385194,133.79000158414283,131.3922249385194,133.40940856933594,6563500.0,0.0,0.0,140.2100067138672,133.40940856933594
2025-06-09,133.73290250630083,135.24577920942122,132.91461452848304,133.93270874023438,7159500.0,0.0,0.0,140.75999450683594,133.93270874023438
2025-06-10,135.32191365662828,137.90998683321837,135.0269518896635,136.39710998535156,9841500.0,0.0,0.0,143.35000610351562,136.39710998535156
2025-06-11,137.1963564535823,138.08124170557855,135.69298943270456,137.7577362060547,9256700.0,0.0,0.0,144.77999877929688,137.7577362060547
2025-06-12,137.4913175838465,138.15736258535853,136.47320881684857,137.9385223388672,6999400.0,0.0,0.0,144.97000122070312,137.9385223388672
2025-06-13,139.94618127243842,140.44096378039524,137.52937074866998,138.8329315185547,14148000.0,0.0,0.0,145.91000366210938,138.8329315185547
2025-06-16,138.6616457909558,139.74635172798799,136.76817616153053,138.9470977783203,10105100.0,0.0,0.0,146.02999877929688,138.9470977783203
2025-06-17,140.18403080047054,142.7054916121782,139.39428668316276,141.63031005859375,11330300.0,0.0,0.0,148.85000610351562,141.63031005859375
2025-06-18,142.19170577591066,142.88629448048863,140.5360958649736,141.00233459472656,9841900.0,0.0,0.0,148.19000244140625,141.00233459472656
2025-06-20,141.31634591883144,142.6294019750051,140.72640787517213,142.29638671875,23705900.0,0.0,0.0,149.5500030517578,142.29638671875
2025-06-23,144.7417316121986,144.77027536319162,139.22306014604985,139.7368621826172,10540600.0,0.0,0.0,146.86000061035156,139.7368621826172
2025-06-24,137.5293751168903,139.28965043996482,136.21631908066905,136.58740234375,10778400.0,0.0,0.0,143.5500030517578,136.58740234375
2025-06-25,136.4541749422291,137.20585111067223,135.59781901455864,136.28289794921875,7386100.0,0.0,0.0,143.22999572753906,136.28289794921875
2025-06-26,136.7301064030243,138.0431768168783,136.44465441931374,137.43421936035156,7415700.0,0.0,0.0,144.44000244140625,137.43421936035156
2025-06-27,137.53888180981696,137.65305679350544,135.65492198550322,136.81573486328125,9213500.0,0.0,0.0,143.7899932861328,136.81573486328125
2025-06-30,136.10212452683396,137.11072354279506,135.4931670274248,136.24485778808594,6980300.0,0.0,0.0,143.19000244140625,136.24485778808594
2025-07-01,136.387581096601,139.17547495037152,135.59783681771563,138.50942993164062,8508200.0,0.0,0.0,145.57000732421875,138.50942993164062
2025-07-02,139.87956750860434,140.83106450020583,138.4142685297625,140.80252075195312,8228700.0,0.0,0.0,147.97999572753906,140.80252075195312
2025-07-03,140.66932222037784,141.7540282907634,140.212607695661,141.17361450195312,5173300.0,0.0,0.0,148.3699951171875,141.17361450195312
2025-07-07,140.2506561279297,140.98331290476645,138.51893908658843,140.2506561279297,9460900.0,0.0,0.0,147.39999389648438,140.2506561279297
2025-07-08,140.17454314173057,145.80740356445312,140.1174411267899,145.80740356445312,14082100.0,0.0,0.0,153.24000549316406,145.80740356445312
2025-07-09,145.52196198941152,146.49249305124386,145.08426695566192,145.59808349609375,9495900.0,0.0,0.0,153.02000427246094,145.59808349609375
2025-07-10,145.3792207492011,147.7484535141997,144.32305849476703,146.69229125976562,8395100.0,0.0,0.0,154.1699981689453,146.69229125976562
2025-07-11,146.80646181855403,148.32886278534656,146.1213973540582,147.77699279785156,8333200.0,0.0,0.0,155.30999755859375,147.77699279785156
2025-07-14,147.38685945856824,147.38685945856824,143.8092364515954,144.29449462890625,10706300.0,0.0,0.0,151.64999389648438,144.29449462890625
2025-07-15,144.246954029462,144.92250878314738,142.96242724507422,143.38108825683594,7346300.0,0.0,0.0,150.69000244140625,143.38108825683594
2025-07-16,143.44766085738615,144.13273975555262,141.98236208661834,142.64840698242188,7923400.0,0.0,0.0,149.9199981689453,142.64840698242188
2025-07-17,141.92528852486555,144.47529338150528,141.39245255593733,144.03761291503906,8359600.0,0.0,0.0,151.3800048828125,144.03761291503906
2025-07-18,147.5010692821188,148.34790103296075,139.42285451022545,142.76260375976562,45782600.0,0.0,0.0,150.0399932861328,142.76260375976562
2025-07-21,143.86633866072395,144.31354339718817,141.8967474866444,142.42005920410156,17982200.0,0.0,0.0,149.67999267578125,142.42005920410156
2025-07-22,142.0204372598678,143.61895977258837,141.27827075996998,142.76260375976562,26196500.0,0.0,0.0,150.0399932861328,142.76260375976562
2025-07-23,143.59042171901876,145.71225605192285,143.17176069863748,145.69322204589844,13162800.0,0.0,0.0,153.1199951171875,145.69322204589844
2025-07-24,145.28408934401173,148.4335423097731,144.817850554899,148.27178955078125,15701000.0,0.0,0.0,155.8300018310547,148.27178955078125
2025-07-25,148.27176008417098,148.6238092826778,146.4924655701736,147.32977294921875,7875500.0,0.0,0.0,154.83999633789062,147.32977294921875
2025-07-28,147.86261398641878,148.95684414398437,147.43444328071513,148.69993591308594,8755400.0,0.0,0.0,156.27999877929688,148.69993591308594
2025-07-29,149.08054445799615,149.58485123015524,147.91020720171366,149.41357421875,6446000.0,0.0,0.0,157.02999877929688,149.41357421875
2025-07-30,148.56674145111572,148.72849419936463,145.29358943816976,146.11187744140625,9191700.0,0.0,0.0,153.55999755859375,146.11187744140625
2025-07-31,144.62754316086964,146.46392539124275,143.80925516486968,144.28500366210938,10237100.0,0.0,0.0,151.63999938964844,144.28500366210938
2025-08-01,145.14133125533124,147.1489903022379,143.0575652326008,144.05662536621094,10706500.0,0.0,0.0,151.39999389648438,144.05662536621094
2025-08-04,143.9139321014164,144.70367641320783,142.5532982577939,143.714111328125,10116600.0,0.0,0.0,151.0399932861328,143.714111328125
2025-08-05,143.70457712649528,145.67418269876507,142.62938097243355,145.61708068847656,8604100.0,0.0,0.0,153.0399932861328,145.61708068847656
2025-08-06,146.98726256607713,147.63428812013004,144.8368844254661,145.36972045898438,7840900.0,0.0,0.0,152.77999877929688,145.36972045898438
2025-08-07,146.33071067621438,147.6247471189013,145.41728172766562,145.7312774658203,6510400.0,0.0,0.0,153.16000366210938,145.7312774658203
2025-08-08,146.52101497351308,148.1956443149664,146.05477625905195,147.4915313720703,6332800.0,0.0,0.0,155.00999450683594,147.4915313720703
2025-08-11,147.8055307794762,148.36691048808765,145.5695216876761,146.0072021484375,6169700.0,0.0,0.0,153.4499969482422,146.0072021484375
2025-08-12,146.61615849935433,148.48109887088893,145.92156980549763,146.94918823242188,6641600.0,0.0,0.0,154.44000244140625,146.94918823242188
2025-08-13,147.07288012062844,148.4430234359488,146.72081640133752,148.309814453125,6581900.0,0.0,0.0,155.8699951171875,148.309814453125
2025-08-14,148.14807933322598,148.14807933322598,146.62569285125463,147.63427734375,7337300.0,0.0,0.0,155.16000366210938,147.63427734375
2025-08-15,147.93875460915115,150.8503332068165,147.75796784991044,148.9568634033203,11617000.0,0.0,0.0,156.5500030517578,148.9568634033203
2025-08-18,148.55720915579167,148.8997486055813,147.24413884514982,147.7864990234375,8174300.0,0.0,0.0,155.32000732421875,147.7864990234375
2025-08-19,147.64220542752332,148.1040041028081,146.093241329697,146.237548828125,8567500.0,1.71,0.0,152.0,146.237548828125
2025-08-20,146.64161122440635,147.67105355435203,146.17018230504144,147.41128540039062,8076300.0,0.0,0.0,153.22000122070312,147.41128540039062
2025-08-21,147.02645511541382,149.76840008942852,146.93985594420047,149.6529541015625,7533600.0,0.0,0.0,155.5500030517578,149.6529541015625
2025-08-22,149.43168213716015,152.77011772066336,149.43168213716015,152.18324279785156,9084300.0,0.0,0.0,158.17999267578125,152.18324279785156
2025-08-25,151.9138544810161,152.31794479898497,151.21153358797142,152.20248413085938,7030000.0,0.0,0.0,158.1999969482422,152.20248413085938
2025-08-26,151.53865564386928,153.93426289508758,150.6150582874753,151.39434814453125,10270000.0,0.0,0.0,157.36000061035156,151.39434814453125
2025-08-27,151.43282405725364,153.92464607526583,151.25003945297138,153.2030792236328,7483000.0,0.0,0.0,159.24000549316406,153.2030792236328
2025-08-28,152.9817845991191,153.47245944223368,151.86577238488942,153.28004455566406,6502000.0,0.0,0.0,159.32000732421875,153.28004455566406
2025-08-29,153.64563135923274,154.99256495147574,153.40510907636596,154.5115203857422,6934800.0,0.0,0.0,160.60000610351562,154.5115203857422
2025-09-02,154.39605905974747,155.723746753304,153.33776982776166,155.69488525390625,8947300.0,0.0,0.0,161.8300018310547,155.69488525390625
2025-09-03,153.93426537511755,155.71413619064356,151.06724379299433,152.06781005859375,9556100.0,0.0,0.0,158.05999755859375,152.06781005859375
2025-09-04,152.06782134474193,153.59753969716385,151.52905372479333,151.71185302734375,7243000.0,0.0,0.0,157.69000244140625,151.71185302734375
2025-09-05,150.14360238357898,150.77858462736793,147.67104136321916,147.8345947265625,11011700.0,0.0,0.0,153.66000366210938,147.8345947265625
2025-09-08,148.07514340574733,149.1526785473575,147.08419276366325,148.16172790527344,9462000.0,0.0,0.0,154.0,148.16172790527344
2025-09-09,149.0372304451587,151.03837759442493,148.7389851641222,148.97950744628906,7769200.0,0.0,0.0,154.85000610351562,148.97950744628906
2025-09-10,149.17191449619892,151.93310545265888,149.12380710623083,151.8080291748047,7440800.0,0.0,0.0,157.7899932861328,151.8080291748047
2025-09-11,150.56695431291962,152.8952083304336,150.09552533718602,152.2506103515625,6417400.0,0.0,0.0,158.25,152.2506103515625
2025-09-12,152.82786422421762,153.72260006886842,151.14420824614925,151.15382385253906,5546300.0,0.0,0.0,157.11000061035156,151.15382385253906
2025-09-15,151.41359046759698,152.3179565896314,150.56694734393668,151.3462371826172,5030500.0,0.0,0.0,157.30999755859375,151.3462371826172
2025-09-16,152.25061065286178,154.03048148364707,152.1255343634712,153.49169921875,8011000.0,0.0,0.0,159.5399932861328,153.49169921875
2025-09-17,153.16458477733752,154.57885695640277,152.59695572051945,154.02084350585938,5736800.0,0.0,0.0,160.08999633789062,154.02084350585938
2025-09-18,153.96312574385072,154.21326363833322,152.09667044104503,152.8182373046875,6244200.0,0.0,0.0,158.83999633789062,152.8182373046875
2025-09-19,152.97217080660977,152.97217080660977,149.65296626290672,150.28794860839844,16734000.0,0.0,0.0,156.2100067138672,150.28794860839844
2025-09-22,149.72029675064744,151.16343035926153,149.2681137121899,150.13400268554688,5244000.0,0.0,0.0,156.0500030517578,150.13400268554688
2025-09-23,151.16342723294932,153.77069502459435,151.03836563873622,151.45205688476562,7181400.0,0.0,0.0,157.4199981689453,151.45205688476562
2025-09-24,152.31797258726215,154.40570443618088,152.2506192952084,153.14535522460938,6285200.0,0.0,0.0,159.17999267578125,153.14535522460938
2025-09-25,153.39548031674258,154.9059524898634,153.30889582561053,154.626953125,6311000.0,0.0,0.0,160.72000122070312,154.626953125
2025-09-26,154.48267115808272,155.18499216935675,153.46284426624948,154.0882110595703,7015200.0,0.0,0.0,160.16000366210938,154.0882110595703
2025-09-29,153.09724243177547,153.09724243177547,149.66257731502623,150.18211364746094,8315100.0,0.0,0.0,156.10000610351562,150.18211364746094
2025-09-30,149.01797176734672,149.8261230428178,148.09435982372705,149.40280151367188,7755700.0,0.0,0.0,155.2899932861328,149.40280151367188
2025-10-01,148.9602641075804,149.21040200040986,147.38243849672193,148.71974182128906,6768400.0,0.0,0.0,154.5800018310547,148.71974182128906
2025-10-02,148.12324676283893,150.66316144193732,147.5075103157943,147.55560302734375,7562400.0,0.0,0.0,153.3699951171875,147.55560302734375
2025-10-03,147.7576517829584,148.4311112444401,146.45882557271025,147.72879028320312,7249300.0,0.0,0.0,153.5500030517578,147.72879028320312
2025-10-06,148.13286184658662,148.7870753966262,147.12266534225859,148.18096923828125,4778900.0,0.0,0.0,154.02000427246094,148.18096923828125
2025-10-07,147.8249897396547,149.08533883813172,145.54484318711204,149.0372314453125,5479600.0,0.0,0.0,154.91000366210938,149.0372314453125
2025-10-08,148.50808114893135,148.81594204185663,147.0457015366692,147.91159057617188,5678000.0,0.0,0.0,153.74000549316406,147.91159057617188
2025-10-09,148.28681221266484,149.0949636125874,145.81423593680375,145.89120483398438,6178600.0,0.0,0.0,151.63999938964844,145.89120483398438
2025-10-10,144.9868138488109,145.61218052634322,143.24543505379498,143.2550506591797,7796600.0,0.0,0.0,148.89999389648438,143.2550506591797
2025-10-13,144.31336956718226,146.21830193498084,143.7649717162757,146.17982482910156,5978800.0,0.0,0.0,151.94000244140625,146.17982482910156
2025-10-14,144.13058572582338,147.64222023638678,143.986278212921,146.61277770996094,6419400.0,0.0,0.0,152.38999938964844,146.61277770996094
2025-10-15,147.10341243366625,148.3637614425702,145.31392618230214,146.34336853027344,5824900.0,0.0,0.0,152.11000061035156,146.34336853027344
2025-10-16,146.37221782900147,146.93984680780056,144.53462434138453,145.95852661132812,5276800.0,0.0,0.0,151.7100067138672,145.95852661132812
2025-10-17,146.4876911652649,148.3445308898529,146.4299681641416,147.276611328125,7735500.0,0.0,0.0,153.0800018310547,147.276611328125
2025-10-20,147.6133385625607,148.85444184862118,147.3728162631259,148.62353515625,5676500.0,0.0,0.0,154.47999572753906,148.62353515625
2025-10-21,148.87366737758083,149.40280461970002,147.40167228082993,147.9596710205078,6304900.0,0.0,0.0,153.7899932861328,147.9596710205078
2025-10-22,148.787075788727,150.06665607353926,147.78650956829,149.67221069335938,6036700.0,0.0,0.0,155.57000732421875,149.67221069335938
2025-10-23,152.20250523230123,152.57771942502328,150.20135797767853,150.6246795654297,9810900.0,0.0,0.0,156.55999755859375,150.6246795654297
2025-10-24,151.45206876268935,151.65411393890074,149.5375061131246,149.66258239746094,4979900.0,0.0,0.0,155.55999755859375,149.66258239746094
2025-10-27,149.89349420952541,150.56695368611585,148.998743656093,149.39320373535156,4884400.0,0.0,0.0,155.27999877929688,149.39320373535156
2025-10-28,149.0275869339393,150.30716712315646,148.05588228512644,148.2867889404297,5066500.0,0.0,0.0,154.1300048828125,148.2867889404297
2025-10-29,148.02703591775182,150.23021359273608,148.02703591775182,149.22003173828125,7344400.0,0.0,0.0,155.10000610351562,149.22003173828125
2025-10-30,149.34508477106124,149.34508477106124,147.4305368845306,147.69992065429688,8971200.0,0.0,0.0,153.52000427246094,147.69992065429688
2025-10-31,149.8261446348409,153.1453493862585,149.2296540379802,151.74070739746094,11136100.0,0.0,0.0,157.72000122070312,151.74070739746094
2025-11-03,151.44244549227744,151.74069075800304,147.74802695112896,148.2001953125,8512200.0,0.0,0.0,154.0399932861328,148.2001953125
2025-11-04,147.6133214644652,147.93081262458196,146.3818486084263,147.57484436035156,6976800.0,0.0,0.0,153.38999938964844,147.57484436035156
2025-11-05,147.70954090998572,148.54655374379956,146.87252807617188,146.87252807617188,5894700.0,0.0,0.0,152.66000366210938,146.87252807617188
2025-11-06,147.11304524020946,148.92176273407097,146.89175418123983,147.14190673828125,6466300.0,0.0,0.0,152.94000244140625,147.14190673828125
2025-11-07,147.61333347750156,150.24946307340983,147.61333347750156,149.14306640625,9835900.0,0.0,0.0,155.02000427246094,149.14306640625
2025-11-10,149.52788438671436,150.06665192747334,146.59350973045798,149.74916076660156,8436800.0,0.0,0.0,155.64999389648438,149.74916076660156
2025-11-11,150.80746312386194,152.0004588666608,149.9896815346371,150.31680297851562,6361400.0,0.0,0.0,156.24000549316406,150.31680297851562
2025-11-12,149.6818233974292,149.88385388672117,146.314511559627,147.50750732421875,11670900.0,0.0,0.0,153.32000732421875,147.50750732421875
2025-11-13,148.1617211929552,150.2783142739345,148.09436790949832,149.68182373046875,7998700.0,0.0,0.0,155.5800018310547,149.68182373046875
2025-11-14,150.30716703268416,151.96196136057694,148.94100235366827,151.64447021484375,8484800.0,0.0,0.0,157.6199951171875,151.64447021484375
2025-11-17,151.74069026611625,151.90424364742543,148.58503927074207,148.9506378173828,8745000.0,0.0,0.0,154.82000732421875,148.9506378173828
2025-11-18,148.3572229936708,150.0888667695961,147.63732030536994,149.44679260253906,10813400.0,1.71,0.0,153.6199951171875,149.44679260253906
2025-11-19,147.05362502455012,147.8318953734624,146.16834231710902,147.57894897460938,7539900.0,0.0,0.0,151.6999969482422,147.57894897460938
2025-11-20,148.3961003586195,148.8825173865797,145.97375305971028,146.2266845703125,7623400.0,0.0,0.0,150.30999755859375,146.2266845703125
2025-11-21,146.35318043258204,146.90768821138548,144.70908824815808,145.90567016601562,9248400.0,0.0,0.0,149.97999572753906,145.90567016601562
2025-11-24,145.75002079957068,146.0418591717995,143.7265239679138,145.68191528320312,14181100.0,0.0,0.0,149.75,145.68191528320312
2025-11-25,144.85500004026866,145.8278341972732,144.2421246154602,144.49505615234375,11447900.0,0.0,0.0,148.52999877929688,144.49505615234375
2025-11-26,144.2323977628499,146.37264494674568,144.1740300840659,145.4484405517578,7578900.0,0.0,0.0,149.50999450683594,145.4484405517578
2025-11-28,145.39981316800797,147.40384934284572,145.205234443083,147.02444458007812,3848600.0,0.0,0.0,151.1300048828125,147.02444458007812
2025-12-01,147.62757051938604,149.76780251028592,147.3843620012322,148.39610290527344,8209000.0,0.0,0.0,152.5399932861328,148.39610290527344
2025-12-02,147.89025560905304,148.3183050216261,145.20522378264818,146.1683349609375,9196300.0,0.0,0.0,150.25,146.1683349609375
2025-12-03,146.93687728530512,148.35722180918773,146.8785096059064,147.47193908691406,8060200.0,0.0,0.0,151.58999633789062,147.47193908691406
2025-12-04,147.6275934104798,148.78526851148408,147.11199245958628,148.1237335205078,7254700.0,0.0,0.0,152.25999450683594,148.1237335205078
2025-12-05,147.87079345703125,148.48368373271077,145.7597450949112,145.9251251220703,12659800.0,0.0,0.0,150.0,145.9251251220703
2025-12-08,145.19550521406066,145.99323638805848,143.64870238948086,144.67018127441406,10237200.0,0.0,0.0,148.7100067138672,144.67018127441406
2025-12-09,145.00093098146814,146.02240979341687,144.1934768670428,144.45614624023438,8916700.0,0.0,0.0,148.49000549316406,144.45614624023438
2025-12-10,145.12739827801954,147.67623396641693,144.6604420201941,147.2968292236328,10976300.0,0.0,0.0,151.41000366210938,147.2968292236328
2025-12-11,146.73257692568487,147.81242342816253,146.02241215112943,146.6255645751953,8414200.0,0.0,0.0,150.72000122070312,146.6255645751953
2025-12-12,147.043866273626,147.43300881488562,145.56516914964985,145.91539001464844,5848100.0,0.0,0.0,149.99000549316406,145.91539001464844
2025-12-15,145.76946713769934,146.02241351992083,144.39776740791288,145.73056030273438,7503000.0,0.0,0.0,149.8000030517578,145.73056030273438
2025-12-16,144.50476363944477,144.7771708308965,142.5104657070619,142.76339721679688,11290500.0,0.0,0.0,146.75,142.76339721679688
2025-12-17,143.49304639286095,145.798658727108,143.3471271986448,145.4581756591797,8805300.0,0.0,0.0,149.52000427246094,145.4581756591797
2025-12-18,144.80637821000272,145.21496679721116,143.0844575005534,143.67788696289062,6998800.0,0.0,0.0,147.69000244140625,143.67788696289062
2025-12-19,143.94053826232437,144.9620021798076,143.19145185780252,143.73623657226562,21701400.0,0.0,0.0,147.75,143.73623657226562
2025-12-22,144.76744913930045,146.40181824898184,144.6604367878078,145.73056030273438,8143600.0,0.0,0.0,149.8000030517578,145.73056030273438
2025-12-23,145.96403140391342,146.9757872470493,145.77920538198077,146.4212646484375,4663700.0,0.0,0.0,150.50999450683594,146.4212646484375
2025-12-24,146.29482469442874,146.88825420272286,146.02243228186157,146.41156005859375,2227600.0,0.0,0.0,150.5,146.41156005859375
2025-12-26,146.29480095806983,147.03414955161077,145.58462135656427,145.944580078125,3706900.0,0.0,0.0,150.02000427246094,145.944580078125
2025-12-29,146.89795236739613,147.52056561147387,146.01266975408024,146.8882293701172,5589100.0,0.0,0.0,150.99000549316406,146.8882293701172
2025-12-30,147.3843700146707,148.5225841602042,147.3551861784471,148.17236328125,5150500.0,0.0,0.0,152.30999755859375,148.17236328125
2025-12-31,148.2501924813161,148.4058495047457,147.54975072015372,148.2696533203125,4953100.0,0.0,0.0,152.41000366210938,148.2696533203125
2026-01-02,148.0361734117126,151.6648406982422,147.14116775938132,151.6648406982422,6862100.0,0.0,0.0,155.89999389648438,151.6648406982422
2026-01-05,161.2472743715493,161.2472743715493,154.9822195261624,159.39889526367188,35094900.0,0.0,0.0,163.85000610351562,159.39889526367188
2026-01-06,160.40089282849382,160.56627284590357,151.86913352625305,152.28744506835938,20564900.0,0.0,0.0,156.5399932861328,152.28744506835938
2026-01-07,153.16302550699535,153.71753330617227,150.69201821837032,150.98387145996094,13537900.0,0.0,0.0,155.1999969482422,150.98387145996094
2026-01-08,151.27571520363705,156.08151843470742,150.99359982251812,154.92384338378906,12929600.0,0.0,0.0,159.25,154.92384338378906
2026-01-09,156.1982654365711,158.2801301462191,155.59511294929922,157.70616149902344,12549600.0,0.0,0.0,162.11000061035156,157.70616149902344
2026-01-12,158.28012203027617,159.1167600395311,156.34419146454832,157.92990112304688,9796800.0,0.0,0.0,162.33999633789062,157.92990112304688
2026-01-13,159.02919199867196,161.61693427517466,158.8638119824809,159.41831970214844,12068600.0,0.0,0.0,163.8699951171875,159.41831970214844
2026-01-14,159.64209388997168,164.7689192990397,159.64209388997168,162.69679260253906,16414900.0,0.0,0.0,167.24000549316406,162.69679260253906
2026-01-15,161.26672868052776,162.7843476498229,160.61493155111367,161.64613342285156,8097400.0,0.0,0.0,166.16000366210938,161.64613342285156
2026-01-16,162.06442998028047,162.74541088488837,161.30562056596446,161.74339294433594,9745800.0,0.0,0.0,166.25999450683594,161.74339294433594
2026-01-20,162.18119378432615,163.0956454505688,160.66355998399743,160.8094940185547,11142500.0,0.0,0.0,165.3000030517578,160.8094940185547
2026-01-21,162.46330720099002,163.9030976233812,161.5488407015417,162.2006378173828,10918500.0,0.0,0.0,166.72999572753906,162.2006378173828
2026-01-22,161.74341050978427,163.0080979524137,161.22780956571003,162.13255310058594,8957400.0,0.0,0.0,166.66000366210938,162.13255310058594
2026-01-23,163.38749987066055,163.86419396953357,161.91852558204306,162.19091796875,8368700.0,0.0,0.0,166.72000122070312,162.19091796875
2026-01-26,163.75716109217993,163.83498959923858,162.23954231521088,162.94970703125,8912600.0,0.0,0.0,167.5,162.94970703125
2026-01-27,163.21238459694828,164.74946428906767,162.12280028758875,164.45761108398438,9784900.0,0.0,0.0,169.0500030517578,164.45761108398438
2026-01-28,165.34290412652973,165.79039953751808,163.6307064656447,165.31370544433594,9200200.0,0.0,0.0,169.92999267578125,165.31370544433594
2026-01-29,167.95981937104128,170.1681571703616,166.3935557089409,166.53948974609375,16786600.0,0.0,0.0,171.19000244140625,166.53948974609375
2026-01-30,167.93063125239942,172.4835029297801,166.61731401712788,172.0943603515625,22946600.0,0.0,0.0,176.89999389648438,172.0943603515625
2026-02-02,168.7283690209118,171.48149163713967,167.95982167646466,169.30233764648438,14235300.0,0.0,0.0,174.02999877929688,169.30233764648438
2026-02-03,169.15642054584265,173.96222401381002,169.02994734586278,173.20339965820312,18425400.0,0.0,0.0,178.0399932861328,173.20339965820312
2026-02-04,174.02058078862206,177.62978724049168,174.02058078862206,176.30673217773438,16170500.0,0.0,0.0,181.22999572753906,176.30673217773438
2026-02-05,174.75993430841768,175.55766547408115,172.59051820856862,174.36106872558594,10474100.0,0.0,0.0,179.22999572753906,174.36106872558594
2026-02-06,175.4020078299674,177.15311234485614,174.63346050530458,175.94679260253906,9901800.0,0.0,0.0,180.86000061035156,175.94679260253906
2026-02-09,176.09270874664264,177.85355107331895,175.0615068957937,177.6395263671875,12021300.0,0.0,0.0,182.60000610351562,177.6395263671875
2026-02-10,177.76597957465023,177.98000427459178,175.94678446941796,177.30874633789062,7458200.0,0.0,0.0,182.25999450683594,177.30874633789062
2026-02-11,178.94310089289004,181.45301457034213,178.56369620003505,180.77203369140625,10502100.0,0.0,0.0,185.82000732421875,180.77203369140625
2026-02-12,180.7526069097381,180.7526069097381,177.14338530494985,177.44496154785156,9673700.0,0.0,0.0,182.39999389648438,177.44496154785156
2026-02-13,177.58113757039774,179.818659063599,176.78342129378183,178.74855041503906,9034700.0,0.0,0.0,183.74000549316406,178.74855041503906
2026-02-17,180.06489844497997,180.55607382808714,175.58538134936003,177.36343383789062,9849000.0,1.78,0.0,180.5500030517578,177.36343383789062
2026-02-18,179.9961282570712,180.67395268995355,178.76818978865634,180.6248321533203,10313400.0,0.0,0.0,183.8699951171875,180.6248321533203
2026-02-19,182.0197617911052,184.58369781887117,181.4794808763685,181.51876831054688,10773300.0,0.0,0.0,184.77999877929688,181.51876831054688
2026-02-20,181.33211667244873,181.62682488775127,179.10219131983723,180.6837615966797,9566200.0,0.0,0.0,183.92999267578125,180.6837615966797
2026-02-23,181.41073003310376,183.33614429832264,180.8016773015223,181.64649963378906,7047200.0,0.0,0.0,184.91000366210938,181.64649963378906
2026-02-24,182.01977289478572,182.67796112065682,180.60520033583146,182.0688934326172,7451800.0,0.0,0.0,185.33999633789062,182.0688934326172
2026-02-25,182.56006188394954,182.6975903909533,179.2888320500569,180.96865844726562,9440700.0,0.0,0.0,184.22000122070312,180.96865844726562
2026-02-26,179.67195738841625,182.97265671391656,178.55207806312956,180.90972900390625,7133800.0,0.0,0.0,184.16000366210938,180.90972900390625
2026-02-27,182.7172554310416,184.23990222419712,180.52661726459598,183.46383666992188,12035500.0,0.0,0.0,186.75999450683594,183.46383666992188
2026-03-02,186.9708350525315,188.0612450721272,183.9157233752487,186.25372314453125,15809100.0,0.0,0.0,189.60000610351562,186.25372314453125
2026-03-03,187.15746829743452,188.17910647775176,184.11217498948952,185.4383544921875,14004200.0,0.0,0.0,188.77000427246094,185.4383544921875
2026-03-04,184.14165570704438,185.13383961502186,180.89989504723084,182.74671936035156,11054400.0,0.0,0.0,186.02999877929688,182.74671936035156
2026-03-05,183.3066554050554,186.61717262615517,183.19859622329486,186.54840087890625,13567200.0,0.0,0.0,189.89999389648438,186.54840087890625
2026-03-06,187.51113497529636,189.0141305760818,184.7998370370289,186.5877227783203,13073100.0,0.0,0.0,189.94000244140625,186.5877227783203
2026-03-09,187.62899185993876,188.26751384691508,184.78999881305094,186.09652709960938,15987500.0,0.0,0.0,189.44000244140625,186.09652709960938
2026-03-10,185.30083319844417,185.8411141381038,182.36359895781828,183.0021209716797,11999600.0,0.0,0.0,186.2899932861328,183.0021209716797
2026-03-11,183.29683847671672,188.47383156776982,183.19861238702967,188.40505981445312,11371700.0,0.0,0.0,191.7899932861328,188.40505981445312
2026-03-12,189.18111769906702,195.36993069889576,188.38541595427884,193.49363708496094,27151800.0,0.0,0.0,196.97000122070312,193.49363708496094
2026-03-13,192.54076333946207,194.1419999944813,191.2538861460719,193.34629821777344,13017000.0,0.0,0.0,196.82000732421875,193.34629821777344
2026-03-16,193.13016643013384,194.34827178568756,192.12816445259523,193.3659210205078,12683900.0,0.0,0.0,196.83999633789062,193.3659210205078
2026-03-17,194.00447371640337,197.03993422905617,192.9926535455191,194.4759979248047,14018600.0,0.0,0.0,197.97000122070312,194.4759979248047
2026-03-18,195.7039251318559,197.1872694251227,195.00644947719087,195.1046905517578,13305000.0,0.0,0.0,198.61000061035156,195.1046905517578
2026-03-19,196.2638473956523,198.86708584565213,195.4877969078228,197.88473510742188,16918400.0,0.0,0.0,201.44000244140625,197.88473510742188
2026-03-20,197.8454391462758,201.46049777557772,197.45250483394182,198.16961669921875,35849500.0,0.0,0.0,201.72999572753906,198.16961669921875
2026-03-23,195.1243410995613,201.7355576814351,193.88656951796344,201.5882110595703,15735700.0,0.0,0.0,205.2100067138672,201.5882110595703
2026-03-24,202.41338980942962,206.08737228932236,202.17762021600709,203.14031982421875,16695500.0,0.0,0.0,206.7899932861328,203.14031982421875
2026-03-25,202.36427055696998,203.58239097983784,201.00862161776897,201.52926635742188,8865000.0,0.0,0.0,205.14999389648438,201.52926635742188
2026-03-26,202.39373339968216,205.51761672702105,201.53909300337904,204.12266540527344,11085600.0,0.0,0.0,207.7899932861328,204.12266540527344
2026-03-27,204.47631789118194,208.71026253112518,202.60985732254963,207.42337036132812,13907800.0,0.0,0.0,211.14999389648438,207.42337036132812
2026-03-30,209.49611708281097,210.92053767232753,206.5785341347885,206.9911346435547,10409000.0,0.0,0.0,210.7100067138672,206.9911346435547
2026-03-31,207.17778592387708,209.3389697609992,198.39558201546177,203.24838256835938,17403900.0,0.0,0.0,206.89999389648438,203.24838256835938
2026-04-01,198.4250412139038,201.16579331911703,191.4699958308832,193.92587280273438,23051900.0,0.0,0.0,197.41000366210938,193.92587280273438
2026-04-02,198.93585880708252,201.85344193643624,194.54474945035759,195.45834350585938,11528000.0,0.0,0.0,198.97000122070312,195.45834350585938
2026-04-06,194.99663387400517,196.2442235875341,192.88458564899707,195.35028076171875,8245700.0,0.0,0.0,198.86000061035156,195.35028076171875
2026-04-07,196.44068824898596,201.0086134167756,195.7235763708982,197.98297119140625,11672600.0,0.0,0.0,201.5399932861328,197.98297119140625
2026-04-08,188.0317665211894,189.7606984989148,185.27136322588763,189.4856414794922,17195400.0,0.0,0.0,192.88999938964844,189.4856414794922
2026-04-09,190.8805879683656,193.19893653390335,185.92954636525124,187.00030517578125,11634000.0,0.0,0.0,190.36000061035156,187.00030517578125
2026-04-10,186.36177477540426,187.58971326164664,183.17895282285,185.2222442626953,11151400.0,0.0,0.0,188.5500030517578,185.2222442626953
2026-04-13,188.0710555951217,189.2105861080738,186.37159292685493,188.39523315429688,12000200.0,0.0,0.0,191.77999877929688,188.39523315429688
2026-04-14,185.27135423811555,185.8312863613901,181.34195130614688,183.71923828125,12111000.0,0.0,0.0,187.02000427246094,183.71923828125
2026-04-15,183.07090537123722,183.9353789175989,180.79184419973262,181.64649963378906,8661600.0,0.0,0.0,184.91000366210938,181.64649963378906
2026-04-16,182.34395356288672,184.90788979073002,182.06889653372593,184.8292999267578,8013200.0,0.0,0.0,188.14999389648438,184.8292999267578
2026-04-17,178.6797789677757,181.04724789461181,174.60302931342582,180.7427215576172,15720600.0,0.0,0.0,183.99000549316406,180.7427215576172
2026-04-20,181.24371604346968,182.9824810936249,179.60319206555403,180.01577758789062,9661100.0,0.0,0.0,183.25,180.01577758789062
2026-04-21,180.7230815662459,183.0807175386048,179.1218449329075,182.69760131835938,9799000.0,0.0,0.0,185.97999572753906,182.69760131835938
2026-04-22,183.964831177037,186.07687931702083,182.8351188083967,183.03160095214844,8708300.0,0.0,0.0,186.32000732421875,183.03160095214844
2026-04-23,183.81747754554698,185.094536587933,182.2260740405874,184.2890167236328,6684700.0,0.0,0.0,187.60000610351562,184.2890167236328
2026-04-24,181.96084411035247,183.12984402249504,179.96667308004496,181.9412078857422,9626700.0,0.0,0.0,185.2100067138672,181.9412078857422
2026-04-27,182.90388644968678,185.04540386525113,180.42835839093416,181.51876831054688,10836600.0,0.0,0.0,184.77999877929688,181.51876831054688
2026-04-28,184.95700889152155,186.60736604314013,183.25754619110052,185.0355987548828,10754900.0,0.0,0.0,188.36000061035156,185.0355987548828
2026-04-29,186.7743593312861,189.2204031898196,186.15547354082176,188.8274688720703,8644600.0,0.0,0.0,192.22000122070312,188.8274688720703
2026-04-30,186.89223293606227,190.70375869875164,185.17311909827984,189.89822387695312,11748600.0,0.0,0.0,193.30999755859375,189.89822387695312
2026-05-01,187.9237219816454,190.66447427788046,186.40107515507725,187.2655487060547,10435900.0,0.0,0.0,190.6300048828125,187.2655487060547
2026-05-04,187.4816591032363,190.2911830346851,184.6524839584252,188.88641357421875,8229500.0,0.0,0.0,192.27999877929688,188.88641357421875
2026-05-05,187.8451149782872,190.25187136099336,187.08870069018533,189.24005126953125,5642800.0,0.0,0.0,192.63999938964844,189.24005126953125
2026-05-06,182.31447822671564,183.4834780568493,179.907721806167,181.89207458496094,11082900.0,0.0,0.0,185.16000366210938,181.89207458496094
2026-05-07,178.37526127340095,180.2024343733816,176.36143912183607,179.27902221679688,12194000.0,0.0,0.0,182.5,179.27902221679688
2026-05-08,178.82713632610137,179.50496078888713,177.5500922541974,178.41455078125,13053000.0,0.0,0.0,181.6199951171875,178.41455078125
2026-05-11,179.77019639929262,181.9313651613874,179.77019639929262,181.4794921875,12042100.0,0.0,0.0,184.74000549316406,181.4794921875
2026-05-12,183.20841725530693,183.5915334532052,181.40089544929887,182.66812133789062,8995100.0,0.0,0.0,185.9499969482422,182.66812133789062
2026-05-13,182.53060558239017,182.7270727507715,180.71326553800785,182.71725463867188,7554700.0,0.0,0.0,186.0,182.71725463867188
2026-05-14,182.90389241665417,184.25954127701567,181.9804802937693,183.345947265625,6222400.0,0.0,0.0,186.63999938964844,183.345947265625
2026-05-15,185.27135701739738,188.12016819001704,184.58369950240112,187.72723388671875,11210800.0,0.0,0.0,191.10000610351562,187.72723388671875
2026-05-18,187.7959970030907,192.73722023231093,185.69376693135175,192.65863037109375,9869700.0,0.0,0.0,196.1199951171875,192.65863037109375
2026-05-19,193.24352165728013,197.14943647656602,191.79616157432926,195.54345703125,11819200.0,1.78,0.0,197.25,195.54345703125
2026-05-20,194.55211470959853,196.47533293898638,189.6152041361591,189.6746826171875,14564900.0,0.0,0.0,191.3300018310547,189.6746826171875
2026-05-21,192.11338425290108,192.48019341746198,187.36483245647818,189.35743713378906,9051200.0,0.0,0.0,191.00999450683594,189.35743713378906
2026-05-22,188.72297690053614,190.3388795203656,188.1579162178831,189.7738037109375,7209600.0,0.0,0.0,191.42999267578125,189.7738037109375
2026-05-26,188.3561796606487,188.84194578014933,182.30894889451795,183.11195373535156,14264600.0,0.0,0.0,184.7100067138672,183.11195373535156
2026-05-27,180.2767004497806,182.13051699236496,179.10690155063838,180.82192993164062,9442800.0,0.0,0.0,182.39999389648438,180.82192993164062
2026-05-28,182.12061217118776,183.6571900134226,180.51461755677323,181.4464874267578,8725400.0,0.0,0.0,183.02999877929688,181.4464874267578
2026-05-29,181.13916907178498,181.3870061556587,178.83923367258456,180.8814239501953,13886500.0,0.0,0.0,182.4600067138672,180.8814239501953
2026-06-01,182.7848074875158,186.3140050749503,182.42792148840587,184.22225952148438,8850500.0,0.0,0.0,185.8300018310547,184.22225952148438
2026-06-02,183.28048518121938,186.81959087444886,183.28048518121938,185.92738342285156,6549800.0,0.0,0.0,187.5500030517578,185.92738342285156
2026-06-03,187.25578219104912,189.82337069065628,186.33383552103973,188.06869506835938,7983700.0,0.0,0.0,189.7100067138672,188.06869506835938
2026-06-04,187.36482933083468,188.45531851521605,186.04633427218252,186.720458984375,5163200.0,0.0,0.0,188.35000610351562,186.720458984375
2026-06-05,187.42431270112647,187.9695573075498,184.97568111782311,185.689453125,6310900.0,0.0,0.0,187.30999755859375,185.689453125
2026-06-08,187.0674313622167,189.37727484209876,186.86916471678475,187.60276794433594,6113000.0,0.0,0.0,189.24000549316406,187.60276794433594
2026-06-09,186.86916237530232,187.7415537564023,183.86537811065833,185.1442108154297,8469900.0,0.0,0.0,186.75999450683594,185.1442108154297
2026-06-10,187.5531901308008,191.02290923322064,186.60148909264186,188.1579132080078,10041800.0,0.0,0.0,189.8000030517578,188.1579132080078
2026-06-11,190.1505234675948,190.58671915929676,183.9446882789702,184.2123565673828,9274100.0,0.0,0.0,185.82000732421875,184.2123565673828
2026-06-12,183.47875017070805,186.77001875032343,182.76497816514808,185.60023498535156,8703400.0,0.0,0.0,187.22000122070312,185.60023498535156
2026-06-15,177.35221089747452,180.09825001808318,176.22207440181367,178.8392333984375,10184900.0,0.0,0.0,180.39999389648438,178.8392333984375
2026-06-16,177.07462814408635,178.69053071035674,176.78714379345382,178.55174255371094,6663500.0,0.0,0.0,180.11000061035156,178.55174255371094
2026-06-17,177.4612610029066,178.5220109881872,175.56779716873388,176.04364013671875,8430000.0,0.0,0.0,177.5800018310547,176.04364013671875
2026-06-18,174.1204122250015,174.1204122250015,170.73991094170302,172.1278076171875,19146100.0,0.0,0.0,173.6300048828125,172.1278076171875
2026-06-22,172.57392352104563,173.93206592735817,171.364477317331,173.54544067382812,11108900.0,0.0,0.0,175.05999755859375,173.54544067382812
2026-06-23,174.2592071155141,174.87383823558957,173.18854911079316,174.4574737548828,6555300.0,0.0,0.0,175.97999572753906,174.4574737548828
2026-06-24,172.3855672448334,172.48470813242324,169.38178289752412,169.9666748046875,10634600.0,0.0,0.0,171.4499969482422,169.9666748046875
2026-06-25,168.74731948425116,171.27526083412147,167.80554156517903,170.74984741210938,7954200.0,0.0,0.0,172.24000549316406,170.74984741210938
2026-06-26,170.74984653515205,170.75975457308752,168.45981912291998,169.58004760742188,13102200.0,0.0,0.0,171.05999755859375,169.58004760742188
2026-06-29,169.8873552231953,170.11537622601344,166.91331029006062,167.012451171875,8813700.0,0.0,0.0,168.47000122070312,167.012451171875
2026-06-30,168.231812140037,168.98524656793634,163.77074456051866,164.32589721679688,19428800.0,0.0,0.0,165.75999450683594,164.32589721679688
2026-07-01,163.3543696717164,166.021098986479,163.3543696717164,164.25650024414062,9175500.0,0.0,0.0,165.69000244140625,164.25650024414062
2026-07-02,166.8240911376383,168.08310771733343,165.9516997908543,167.7361297607422,9561800.0,0.0,0.0,169.1999969482422,167.7361297607422
2026-07-06,167.3990796858983,167.79561296737074,165.71379054947784,166.64566040039062,9974300.0,0.0,0.0,168.10000610351562,166.64566040039062
2026-07-07,168.6680034240702,173.09933164732058,168.52921526362996,172.5045166015625,9748900.0,0.0,0.0,174.00999450683594,172.5045166015625
2026-07-08,175.270391748575,177.03499060589527,173.4363912457271,174.44757080078125,9921800.0,0.0,0.0,175.97000122070312,174.44757080078125
2026-07-09,173.11915802206258,174.07084391660874,172.3954628736556,172.54417419433594,6582400.0,0.0,0.0,174.0500030517578,172.54417419433594
2026-07-10,173.45621947311395,174.89367153423836,172.0088442474984,174.87384033203125,5996600.0,0.0,0.0,176.39999389648438,174.87384033203125
2026-07-13,177.4711768935554,180.8021077864773,177.4711768935554,180.6236572265625,7685100.0,0.0,0.0,182.1999969482422,180.6236572265625
2026-07-14,181.1689097881995,181.77363288285085,179.06725614039013,180.18746948242188,6823300.0,0.0,0.0,181.75999450683594,180.18746948242188
2026-07-15,180.59393033258408,180.8219362216628,177.0349933228906,180.02886962890625,6665700.0,0.0,0.0,181.60000610351562,180.02886962890625
2026-07-16,180.99046969361547,183.2309114468484,180.3758234501959,182.26930236816406,6257600.0,0.0,0.0,183.86000061035156,182.26930236816406
2026-07-17,185.84806781461606,186.5221774006786,183.8951104450309,185.75885009765625,7058300.0,0.0,0.0,187.3800048828125,185.75885009765625
2026-07-20,184.67827052717857,188.703157383451,184.3213845295161,188.06869506835938,7767000.0,0.0,0.0,189.7100067138672,188.06869506835938
2026-07-21,188.85185534793104,189.60527462703973,187.68207158878008,189.41693115234375,6892400.0,0.0,0.0,191.07000732421875,189.41693115234375
2026-07-22,191.7267587657066,192.0241662866403,190.27939869155074,191.31039428710938,6142400.0,0.0,0.0,192.97999572753906,191.31039428710938
2026-07-23,194.60168530647266,195.9796589162297,192.34141226495422,192.73794555664062,8150000.0,0.0,0.0,194.4199981689453,192.73794555664062
2026-07-24,192.77760468776617,195.16674268877938,192.12331115349815,193.104736328125,6700400.0,0.0,0.0,194.7899932861328,193.104736328125
2026-07-27,187.0376907964813,190.82464874253338,187.0376907964813,188.35618591308594,7369200.0,0.0,0.0,190.0,188.35618591308594
2026-07-28,189.8134672272052,190.30914139552678,185.11447066587763,185.95712280273438,7406800.0,0.0,0.0,187.5800018310547,185.95712280273438
2026-07-29,190.83455081810604,191.88537761271655,189.12943050455033,190.20008850097656,8101200.0,0.0,0.0,191.86000061035156,190.20008850097656
2026-07-30,188.26696452250857,191.44918418306943,187.67214947524624,190.6461944580078,6645000.0,0.0,0.0,192.30999755859375,190.6461944580078
2026-07-31,193.42197014392966,195.84086245030258,189.8828494022017,195.12709045410156,9958100.0,0.0,0.0,196.8300018310547,195.12709045410156
2026-08-03,193.68964546360823,194.16548843611125,190.15052459325534,191.5086669921875,9544100.0,0.0,0.0,193.17999267578125,191.5086669921875
2026-08-04,188.50487898184394,189.81346603887252,184.7278442631638,188.75271606445312,9455900.0,0.0,0.0,190.39999389648438,188.75271606445312
2026-08-05,189.53588489986126,189.72424349814156,184.65845305327434,184.7972412109375,8260600.0,0.0,0.0,186.41000366210938,184.7972412109375
2026-08-06,187.33508936043367,188.13807906271805,185.4019632018278,187.59283447265625,7182100.0,0.0,0.0,189.22999572753906,187.59283447265625
2026-08-07,184.59897527825967,186.12564501836846,184.2619053568443,184.94593811035156,7098800.0,0.0,0.0,186.55999755859375,184.94593811035156
2026-08-10,187.24587981009512,193.30301878907449,187.24587981009512,193.2237091064453,13667300.0,0.0,0.0,194.91000366210938,193.2237091064453
2026-08-11,192.56941920624195,195.7516541021881,192.56941920624195,194.9585723876953,6049800.0,0.0,0.0,196.66000366210938,194.9585723876953
2026-08-12,193.53102805055298,195.69216021451425,192.89656570522,194.8990936279297,7366200.0,0.0,0.0,196.60000610351562,194.8990936279297
2026-08-13,193.31292550662153,196.3861113987189,192.07374008670726,195.98956298828125,5908900.0,0.0,0.0,197.6999969482422,195.98956298828125
2026-08-14,197.14944011106155,199.88557121858932,196.64385790182394,198.26966857910156,7910500.0,0.0,0.0,200.0,198.26966857910156
2026-08-17,198.99334689273124,201.91782145332886,198.07140020275753,200.94630432128906,8357800.0,0.0,0.0,202.6999969482422,200.94630432128906
2026-08-18,203.2561427580939,204.43584966709753,201.94757085501675,203.9600067138672,7701600.0,0.0,0.0,205.74000549316406,203.9600067138672
2026-08-19,205.0500030517578,207.67999267578125,204.25999450683594,205.75999450683594,8689900.0,1.78,0.0,205.75999450683594,205.75999450683594
2026-08-20,208.89999389648438,208.97999572753906,205.52000427246094,205.77000427246094,8200600.0,0.0,0.0,205.77000427246094,205.77000427246094
2026-08-21,205.92999267578125,207.82000732421875,205.00999450683594,205.27000427246094,7359100.0,0.0,0.0,205.27000427246094,205.27000427246094
2026-08-24,203.6699981689453,205.3000030517578,201.75,203.08999633789062,5853900.0,0.0,0.0,203.08999633789062,203.08999633789062
2026-08-25,201.02999877929688,202.05999755859375,199.7899932861328,199.88999938964844,8176800.0,0.0,0.0,199.88999938964844,199.88999938964844
2026-08-26,198.72999572753906,202.38999938964844,198.1199951171875,200.2100067138672,6863100.0,0.0,0.0,200.2100067138672,200.2100067138672
2026-08-27,199.57000732421875,200.8800048828125,197.82000732421875,199.77000427246094,8112300.0,0.0,0.0,199.77000427246094,199.77000427246094
2026-08-28,199.97999572753906,202.24000549316406,199.55999755859375,201.86000061035156,5301000.0,0.0,0.0,201.86000061035156,201.86000061035156
2026-08-31,206.0800018310547,208.4199981689453,203.83999633789062,206.13999938964844,12067400.0,0.0,0.0,206.13999938964844,206.13999938964844
2026-09-01,209.0,211.0800018310547,207.8000030517578,211.0500030517578,8551500.0,0.0,0.0,211.0500030517578,211.0500030517578
2026-09-02,210.49000549316406,212.7899932861328,209.4600067138672,211.77999877929688,7595300.0,0.0,0.0,211.77999877929688,211.77999877929688
2026-09-03,212.3800048828125,213.1999969482422,211.1699981689453,211.32000732421875,6668200.0,0.0,0.0,211.32000732421875,211.32000732421875
2026-09-04,209.50999450683594,209.86000061035156,207.1199951171875,208.60000610351562,5458400.0,0.0,0.0,208.60000610351562,208.60000610351562
2026-09-08,211.25,213.30999755859375,209.17999267578125,209.8000030517578,7703900.0,0.0,0.0,209.8000030517578,209.8000030517578
2026-09-09,212.8800048828125,215.27999877929688,212.22999572753906,213.80999755859375,8384700.0,0.0,0.0,213.80999755859375,213.80999755859375
2026-09-10,217.39999389648438,217.39999389648438,211.33999633789062,212.75999450683594,9625200.0,0.0,0.0,212.75999450683594,212.75999450683594
2026-09-11,212.02000427246094,215.5500030517578,212.02000427246094,214.05999755859375,6570300.0,0.0,0.0,214.05999755859375,214.05999755859375
2026-09-14,217.0,217.64999389648438,211.27000427246094,212.1699981689453,9366000.0,0.0,0.0,212.1699981689453,212.1699981689453
2026-09-15,212.88999938964844,217.77999877929688,212.74000549316406,217.77000427246094,9557600.0,0.0,0.0,217.77000427246094,217.77000427246094
2026-09-16,215.08999633789062,215.27999877929688,210.3699951171875,211.5399932861328,8045100.0,0.0,0.0,211.5399932861328,211.5399932861328
2026-09-17,209.61000061035156,211.75,209.1699981689453,211.57000732421875,7387300.0,0.0,0.0,211.57000732421875,211.57000732421875
2026-09-18,211.08999633789062,211.89999389648438,207.30999755859375,209.50999450683594,47298700.0,0.0,0.0,209.50999450683594,209.50999450683594
2026-09-21,207.88999938964844,209.0,203.5,203.6699981689453,8464000.0,0.0,0.0,203.6699981689453,203.6699981689453
2026-09-22,201.8699951171875,204.44000244140625,200.77999877929688,202.41000366210938,9344100.0,0.0,0.0,202.41000366210938,202.41000366210938
2026-09-23,204.4600067138672,207.0,203.47999572753906,205.50999450683594,8257800.0,0.0,0.0,205.50999450683594,205.50999450683594
2026-09-24,207.24000549316406,208.10000610351562,204.8699951171875,205.64999389648438,9382800.0,0.0,0.0,205.64999389648438,205.64999389648438
2026-09-25,203.80999755859375,206.5399932861328,203.39999389648438,204.4499969482422,7134300.0,0.0,0.0,204.4499969482422,204.4499969482422
2026-09-28,207.0,208.25,205.3800048828125,206.3699951171875,9529800.0,0.0,0.0,206.3699951171875,206.3699951171875
2026-09-29,203.0500030517578,205.47999572753906,202.6999969482422,204.3800048828125,5917600.0,0.0,0.0,204.3800048828125,204.3800048828125
