Date,Open,High,Low,Close,Volume,Dividends,Stock_Splits,Close_unadjusted,Adj_Close
2016-01-04,100.35682250944164,101.09729766845703,99.8477465732094,101.09729766845703,8050900.0,0.0,0.0,131.07000732421875,101.09729766845703
2016-01-05,101.15900645407609,101.76835821323519,100.31055821816578,100.60365295410156,5320900.0,0.0,0.0,130.42999267578125,100.60365295410156
2016-01-06,99.50064017640995,100.19482598148791,99.16125626478897,99.56234741210938,8199600.0,0.0,0.0,129.0800018310547,99.56234741210938
2016-01-07,97.90400757725143,98.63676191582742,96.18395506776113,96.72388458251953,12551000.0,0.0,0.0,125.4000015258789,96.72388458251953
2016-01-08,97.52609404632098,97.5955103002238,95.25840226317766,95.56693267822266,7104500.0,0.0,0.0,123.9000015258789,95.56693267822266
2016-01-11,96.315105051033,97.24840517411502,95.71346816834584,97.01700592041016,6811600.0,0.0,0.0,125.77999877929688,97.01700592041016
2016-01-12,97.78832939154397,99.34640515325468,97.05557489248936,98.33596801757812,5695700.0,0.0,0.0,127.48999786376953,98.33596801757812
2016-01-13,98.3205490984638,98.3205490984638,93.30694932581221,93.63861846923828,8932200.0,0.0,0.0,121.4000015258789,93.63861846923828
2016-01-14,93.55374025361938,93.73114119674096,91.17034981453958,92.26563262939453,13389100.0,0.0,0.0,119.62000274658203,92.26563262939453
2016-01-15,90.33735175150966,93.44578249558357,89.55059899716825,91.96484375,10515000.0,0.0,0.0,119.2300033569336,91.96484375
2016-01-19,92.97526527306435,94.01655003576815,91.63316504301783,92.3736343383789,6350700.0,0.0,0.0,119.76000213623047,92.3736343383789
2016-01-20,90.93127745740155,91.52519952462549,87.61458585852623,89.82828521728516,11331400.0,0.0,0.0,116.45999908447266,89.82828521728516
2016-01-21,90.53789414864133,94.05513112843106,90.35277827119798,92.72845458984375,8993900.0,0.0,0.0,120.22000122070312,92.72845458984375
2016-01-22,93.82371543085986,96.16082283509415,93.7774379407884,94.6875991821289,6554500.0,0.0,0.0,122.76000213623047,94.6875991821289
2016-01-25,95.16583171991599,95.52835447946606,93.76202406435097,93.87772369384766,4854700.0,0.0,0.0,121.70999908447266,93.87772369384766
2016-01-26,93.8931061714857,94.44845352092514,93.05236144623045,94.25562286376953,4475600.0,0.0,0.0,122.19999694824219,94.25562286376953
2016-01-27,94.45621424557585,95.89087550200031,93.22209861766434,93.76973724365234,5431000.0,0.0,0.0,121.56999969482422,93.76973724365234
2016-01-28,94.07825932696478,94.63361278174152,92.79786043014876,94.31736755371094,4871600.0,0.0,0.0,122.27999877929688,94.31736755371094
2016-01-29,95.00381982408763,97.00154876708984,94.67986568783607,97.00154876708984,7616200.0,0.0,0.0,125.76000213623047,97.00154876708984
2016-02-01,96.35366391433844,98.02743334541474,95.63633331748757,97.58007049560547,4674100.0,0.0,0.0,126.51000213623047,97.58007049560547
2016-02-02,96.73160206383645,97.51834878660493,96.19167253453625,96.62361145019531,5832200.0,0.0,0.0,125.2699966430664,96.62361145019531
2016-02-03,97.20211784618778,97.31010847566584,93.7465942447068,95.48207092285156,7485700.0,0.0,0.0,123.79000091552734,95.48207092285156
2016-02-04,95.37410123471258,95.56693200717066,92.13454072657991,93.4149398803711,9171800.0,0.0,0.0,121.11000061035156,93.4149398803711
2016-02-05,93.24523752760365,93.33008352886264,89.23436025876669,89.80513763427734,8117700.0,0.0,0.0,116.43000030517578,89.80513763427734
2016-02-08,88.64816812272485,89.45034488912745,84.5524441598295,86.27249145507812,11286600.0,0.0,0.0,111.8499984741211,86.27249145507812
2016-02-09,85.57057606708051,88.9258299622484,85.37003043803509,87.82283782958984,7572900.0,0.0,0.0,113.86000061035156,87.82283782958984
2016-02-10,88.31648727279813,89.59688633216477,87.96939426186162,88.18536376953125,5307600.0,0.0,0.0,114.33000183105469,88.18536376953125
2016-02-11,87.22120470940241,88.07737369503508,86.55786647035858,87.36775207519531,6447100.0,0.0,0.0,113.2699966430664,87.36775207519531
2016-02-12,88.60960673925612,89.80516004831419,87.56060672071882,89.7203140258789,5361600.0,0.0,0.0,116.31999969482422,89.7203140258789
2016-02-16,91.10867127114713,92.5587563352306,90.78471115158112,92.11910247802734,6966400.0,0.0,0.0,119.43000030517578,92.11910247802734
2016-02-17,92.90583552402364,93.85456522488344,92.45847274054861,93.4920425415039,5970700.0,0.0,0.0,121.20999908447266,93.4920425415039
2016-02-18,93.27609871047686,93.41493709790035,92.2193839903799,92.53562927246094,4460700.0,0.0,0.0,119.97000122070312,92.53562927246094
2016-02-19,92.41989089166732,93.86997553096003,91.59457579150343,93.86226654052734,5435500.0,0.0,0.0,121.69000244140625,93.86226654052734
2016-02-22,94.87271865730106,96.0065642852495,94.20166560195509,94.75701904296875,7796900.0,0.0,0.0,122.8499984741211,94.75701904296875
2016-02-23,97.9580097186712,98.10456295490621,95.14267991595301,96.05284118652344,11168700.0,0.0,0.0,124.52999877929688,96.05284118652344
2016-02-24,95.68263262606041,97.01701828966824,94.81103375941072,96.88589477539062,7935500.0,0.0,0.0,125.61000061035156,96.88589477539062
2016-02-25,97.00159762130892,97.85005187988281,96.33054438562301,97.85005187988281,4738800.0,0.0,0.0,126.86000061035156,97.85005187988281
2016-02-26,98.41309260240153,98.53650709936721,97.13269956238175,97.38723754882812,4608200.0,0.0,0.0,126.26000213623047,97.38723754882812
2016-02-29,97.38724888023965,97.95031140516066,95.68262566446924,95.73661804199219,5575300.0,0.0,0.0,124.12000274658203,95.73661804199219
2016-03-01,96.24569119871029,97.16356753002742,95.62863627697283,96.95530700683594,4916900.0,0.0,0.0,125.69999694824219,96.95530700683594
2016-03-02,96.78562801011522,97.08644355714158,95.9988751296398,96.87046813964844,3967500.0,0.0,0.0,125.58999633789062,96.87046813964844
2016-03-03,96.56965029807535,98.15857989444338,96.24569600662558,97.80377197265625,5009700.0,0.0,0.0,126.80000305175781,97.80377197265625
2016-03-04,98.24341154344141,98.34368141383207,96.53878843843562,96.8473129272461,6448200.0,0.0,0.0,125.55999755859375,96.8473129272461
2016-03-07,96.42309366232294,97.6032169570863,96.42309366232294,97.31782531738281,4161200.0,0.0,0.0,126.16999816894531,97.31782531738281
2016-03-08,97.11618664807355,99.4273655209763,96.94556151307654,98.27953338623047,5280900.0,0.69,0.0,126.72000122070312,98.27953338623047
2016-03-09,98.51995689031234,98.89998183622131,97.20149961514957,97.74439239501953,4047000.0,0.0,0.0,126.02999877929688,97.74439239501953
2016-03-10,97.8762186484052,98.49667249552654,96.41040249959458,97.63579559326172,4503700.0,0.0,0.0,125.88999938964844,97.63579559326172
2016-03-11,98.47340270506979,99.86165763150974,98.28726892496331,99.62899780273438,4626600.0,0.0,0.0,128.4600067138672,99.62899780273438
2016-03-14,99.60572183722044,100.55967448962161,99.34979602081023,99.9237060546875,3653200.0,0.0,0.0,128.83999633789062,99.9237060546875
2016-03-15,99.87717633507026,101.19563336704813,99.75308319850996,100.59845733642578,4033900.0,0.0,0.0,129.7100067138672,100.59845733642578
2016-03-16,100.53638394765397,101.68421556919303,99.90041566807186,101.1723403930664,3609600.0,0.0,0.0,130.4499969482422,101.1723403930664
2016-03-17,100.9009353355616,101.74629770947257,100.29599603733412,101.50587463378906,4130900.0,0.0,0.0,130.8800048828125,101.50587463378906
2016-03-18,101.70754857838081,102.44433263520827,101.46712542833814,101.87042236328125,8069200.0,0.0,0.0,131.35000610351562,101.87042236328125
2016-03-21,102.00996328228862,102.47530655877934,101.03275660266345,101.6066665649414,3817000.0,0.0,0.0,131.00999450683594,101.6066665649414
2016-03-22,101.29644416353781,101.76953881538259,100.76130295343147,101.28092956542969,3946500.0,0.0,0.0,130.58999633789062,101.28092956542969
2016-03-23,101.28096600559746,101.73854622396821,100.7846051950889,100.99401092529297,3625300.0,0.0,0.0,130.22000122070312,100.99401092529297
2016-03-24,100.46662311772305,101.41281278266156,100.40458836994797,101.1801528930664,3448700.0,0.0,0.0,130.4600067138672,101.1801528930664
2016-03-28,101.28871263623888,102.22713890773976,101.2034000811776,101.66098022460938,2621100.0,0.0,0.0,131.0800018310547,101.66098022460938
2016-03-29,101.59893309423636,103.07250067262089,101.37402463259068,102.739013671875,3405400.0,0.0,0.0,132.47000122070312,102.739013671875
2016-03-30,103.23539171629501,103.87134845651536,103.02598598641171,103.47581481933594,3138300.0,0.0,0.0,133.4199981689453,103.47581481933594
2016-03-31,103.58435527268617,104.15051383940653,103.15004120319269,103.48352813720703,3685900.0,0.0,0.0,133.42999267578125,103.48352813720703
2016-04-01,103.22761655507156,104.85629453965409,103.22761655507156,104.58485412597656,4259400.0,0.0,0.0,134.85000610351562,104.58485412597656
2016-04-04,105.5310435507127,105.65512484893866,104.19707196286085,104.58485412597656,3547600.0,0.0,0.0,134.85000610351562,104.58485412597656
2016-04-05,104.08076233001002,105.2441091783354,103.84809059350971,104.37548065185547,4068600.0,0.0,0.0,134.5800018310547,104.37548065185547
2016-04-06,104.11951880907091,105.27511400438647,103.78603180353073,105.04244232177734,3364800.0,0.0,0.0,135.44000244140625,105.04244232177734
2016-04-07,104.4917690597591,104.88731440480372,103.24311013229102,103.82478332519531,3953700.0,0.0,0.0,133.8699951171875,103.82478332519531
2016-04-08,104.40645413205958,104.40645413205958,103.19657581193589,103.63088989257812,2924400.0,0.0,0.0,133.6199951171875,103.63088989257812
2016-04-11,103.59992205168044,104.76326896699237,103.11907578028807,103.15784454345703,3472700.0,0.0,0.0,133.00999450683594,103.15784454345703
2016-04-12,103.38274116608012,104.48404123956459,103.23538203051281,104.22035217285156,4251400.0,0.0,0.0,134.3800048828125,104.22035217285156
2016-04-13,104.59259249980569,104.59259249980569,103.3206676363539,103.801513671875,4324800.0,0.0,0.0,133.83999633789062,103.801513671875
2016-04-14,103.53784062292472,104.47627869253559,103.05699451333408,104.21257781982422,4183300.0,0.0,0.0,134.3699951171875,104.21257781982422
2016-04-15,104.24361468477925,104.9183519312845,103.90236445255978,104.70894622802734,3508900.0,0.0,0.0,135.00999450683594,104.70894622802734
2016-04-18,104.5538438260124,106.09722137451173,104.49956046713307,106.09722137451172,3964300.0,0.0,0.0,136.8000030517578,106.09722137451172
2016-04-19,106.0972103599885,106.25232087033679,104.58486217428917,105.04244232177734,4649500.0,0.0,0.0,135.44000244140625,105.04244232177734
2016-04-20,105.28285538112999,105.5387930242566,104.29788539106795,104.84854125976562,4760200.0,0.0,0.0,135.19000244140625,104.84854125976562
2016-04-21,104.87955049554027,105.08120477495136,104.22807936399215,104.39095306396484,3542200.0,0.0,0.0,134.60000610351562,104.39095306396484
2016-04-22,104.58486084990604,105.22856886799138,103.46804625486338,105.21306610107422,4180900.0,0.0,0.0,135.66000366210938,105.21306610107422
2016-04-25,104.84079839201141,105.26736121335016,104.1427951092204,105.20531463623047,2835400.0,0.0,0.0,135.64999389648438,105.20531463623047
2016-04-26,104.77098318381172,105.66288926964073,104.6081213005846,104.96487426757812,3507200.0,0.0,0.0,135.33999633789062,104.96487426757812
2016-04-27,104.98813395626144,105.69390029905786,104.51503926686922,105.28285217285156,3488100.0,0.0,0.0,135.75,105.28285217285156
2016-04-28,104.55383392687699,105.04244328140257,102.75453068888694,102.94065856933594,5553600.0,0.0,0.0,132.72999572753906,102.94065856933594
2016-04-29,102.92515646324533,104.15830101583526,102.18060943414612,103.84031677246094,4610100.0,0.0,0.0,133.88999938964844,103.84031677246094
2016-05-02,104.2125791699005,105.67064395228759,104.1660472018112,105.51553344726562,4284400.0,0.0,0.0,136.0500030517578,105.51553344726562
2016-05-03,105.05021082127777,105.35268050769935,103.95666201876313,104.34444427490234,3408700.0,0.0,0.0,134.5399932861328,104.34444427490234
2016-05-04,103.60763753929939,105.01140710392666,103.25088456935121,104.82527923583984,3192100.0,0.0,0.0,135.16000366210938,104.82527923583984
2016-05-05,104.6003772522367,104.98815949083375,103.73174882471518,104.44526672363281,3474900.0,0.0,0.0,134.6699981689453,104.44526672363281
2016-05-06,104.29789769995458,105.32939977701545,104.16605317142142,105.24408721923828,3356800.0,0.0,0.0,135.6999969482422,105.24408721923828
2016-05-09,105.15879403501656,105.84129462297201,104.8873535442076,105.66291809082031,3552300.0,0.0,0.0,136.24000549316406,105.66291809082031
2016-05-10,105.72495352299558,106.8883002202072,105.70943892013054,106.64786529541016,3662800.0,0.0,0.0,137.50999450683594,106.64786529541016
2016-05-11,106.09719778328969,106.29108885678467,103.956632758035,104.15828704833984,6058400.0,0.0,0.0,134.3000030517578,104.15828704833984
2016-05-12,104.7011880227548,104.7011880227548,103.22762048054815,104.07298278808594,5355600.0,0.0,0.0,134.19000244140625,104.07298278808594
2016-05-13,103.77827075218815,104.95713195695619,103.17333146528021,103.25089263916016,5295800.0,0.0,0.0,133.1300048828125,103.25089263916016
2016-05-16,103.80152776497971,105.90331232004345,103.21210313063197,104.96487426757812,8394800.0,0.0,0.0,135.33999633789062,104.96487426757812
2016-05-17,103.26640614020553,104.30567154102027,101.6765084179739,102.37451171875,15989600.0,0.0,0.0,132.0,102.37451171875
2016-05-18,101.62216897065218,102.9716548432272,100.83885344451842,102.19609069824219,8258900.0,0.0,0.0,131.77000427246094,102.19609069824219
2016-05-19,101.94792777540829,102.4753176682173,101.42830109969077,102.16508483886719,4577200.0,0.0,0.0,131.72999572753906,102.16508483886719
2016-05-20,102.28920371398706,103.19661277913285,102.18062515493138,102.25818634033203,5089800.0,0.0,0.0,131.85000610351562,102.25818634033203
2016-05-23,102.25038766382077,102.74674830940549,101.83158817674075,101.92465209960938,3854500.0,0.0,0.0,131.4199981689453,101.92465209960938
2016-05-24,102.51410330803677,103.82480912184408,102.41328797678769,103.42927551269531,5181500.0,0.0,0.0,133.36000061035156,103.42927551269531
2016-05-25,103.50683774354131,104.32893417532961,103.18885347564598,103.30518341064453,5017500.0,0.0,0.0,133.1999969482422,103.30518341064453
2016-05-26,103.25087590155263,104.20481664793333,103.04147023336166,103.96439361572266,3996800.0,0.0,0.0,134.0500030517578,103.96439361572266
2016-05-27,103.9799088695736,104.62361680895224,103.44476762203342,103.87908172607422,4025300.0,0.0,0.0,133.94000244140625,103.87908172607422
2016-05-31,104.12853930225182,104.30783942833678,102.68631108711266,102.99813842773438,6366900.0,0.69,0.0,132.1199951171875,102.99813842773438
2016-06-01,102.99816018255129,102.99816018255129,102.24196623160061,102.77208709716797,4744300.0,0.0,0.0,131.8300018310547,102.77208709716797
2016-06-02,102.78766485100309,103.45030095285948,102.3822797739873,103.22422790527344,3858500.0,0.0,0.0,132.41000366210938,103.22422790527344
2016-06-03,103.31778279795105,103.47369648880644,102.06265795906926,102.70191955566406,4155900.0,0.0,0.0,131.74000549316406,102.70191955566406
2016-06-06,101.98470905930965,102.02367856119784,100.15269044337525,100.7139892578125,8051700.0,0.0,0.0,129.19000244140625,100.7139892578125
2016-06-07,100.86209769014451,101.96910023018705,100.8153247778886,101.28306579589844,4434000.0,0.0,0.0,129.9199981689453,101.28306579589844
2016-06-08,101.35325550915422,101.57153709533516,100.76077861744228,101.02583312988281,3742400.0,0.0,0.0,129.58999633789062,101.02583312988281
2016-06-09,100.77636482063612,101.22071947703066,100.59705275824845,100.79975128173828,3450500.0,0.0,0.0,129.3000030517578,100.79975128173828
2016-06-10,100.13710523534459,100.7451770274939,99.95001354265464,100.433349609375,3926000.0,0.0,0.0,128.8300018310547,100.433349609375
2016-06-13,100.51912830985869,100.91671014869308,99.6226093960415,99.65379333496094,4830900.0,0.0,0.0,127.83000183105469,99.65379333496094
2016-06-14,99.24836692191491,99.34971616830914,97.22145931446464,97.63463592529297,7303500.0,0.0,0.0,125.23999786376953,97.63463592529297
2016-06-15,98.02445051479936,99.59140898692397,97.82955538958032,98.64031982421875,5140000.0,0.0,0.0,126.52999877929688,98.64031982421875
2016-06-16,98.26610516385536,99.4276782160589,97.96206930420291,99.287353515625,4431800.0,0.0,0.0,127.36000061035156,99.287353515625
2016-06-17,99.41209076909415,99.61478334004403,98.79622748227308,99.11585235595703,7541900.0,0.0,0.0,127.13999938964844,99.11585235595703
2016-06-20,99.88763893282174,100.44893776388447,99.33413162327697,99.49005126953125,3880300.0,0.0,0.0,127.62000274658203,99.49005126953125
2016-06-21,99.75508862466874,100.02794052412366,99.23277128175141,99.58358001708984,3600900.0,0.0,0.0,127.73999786376953,99.58358001708984
2016-06-22,99.54462211517708,100.54248406487407,99.3185430878666,99.47445678710938,3723700.0,0.0,0.0,127.5999984741211,99.47445678710938
2016-06-23,100.55026430290516,100.64382202831419,99.35750738914001,100.0123519897461,4784500.0,0.0,0.0,128.2899932861328,100.0123519897461
2016-06-24,98.30509443109169,99.6303847765326,97.83734734647066,98.53897094726562,8979800.0,0.0,0.0,126.4000015258789,98.53897094726562
2016-06-27,97.71260982752315,98.03224066392073,96.37173646224629,97.19029235839844,5656900.0,0.0,0.0,124.66999816894531,97.19029235839844
2016-06-28,98.14139498969033,99.41990661621094,97.9153159164031,99.41990661621094,5385000.0,0.0,0.0,127.52999877929688,99.41990661621094
2016-06-29,99.7083427106359,100.15270333798891,98.92876224526381,99.295166015625,5782100.0,0.0,0.0,127.37000274658203,99.295166015625
2016-06-30,99.21719603656071,99.67715157068909,98.30508838548387,99.54462432861328,6642000.0,0.0,0.0,127.69000244140625,99.54462432861328
2016-07-01,100.01238886856318,101.52477711963387,99.87986159543766,101.04923248291016,5645200.0,0.0,0.0,129.6199951171875,101.04923248291016
2016-07-05,101.03363260323482,101.71965532068153,100.17608933710916,100.83873748779297,4096600.0,0.0,0.0,129.35000610351562,100.83873748779297
2016-07-06,100.72179086311127,102.60058258577327,100.589263615247,102.56940460205078,4933200.0,0.0,0.0,131.57000732421875,102.56940460205078
2016-07-07,102.31992286668384,103.04492689603636,101.78201051176947,102.24976348876953,3973600.0,0.0,0.0,131.16000366210938,102.24976348876953
2016-07-08,103.16184604234158,104.74439284683214,103.0994782008531,104.72879791259766,4806200.0,0.0,0.0,134.33999633789062,104.72879791259766
2016-07-11,105.11083097497456,105.92939280689394,104.81458660454861,105.36029052734375,4577000.0,0.0,0.0,135.14999389648438,105.36029052734375
2016-07-12,105.43044582990528,106.0151310647519,104.69763843229192,105.11860656738281,3615800.0,0.0,0.0,134.83999633789062,105.11860656738281
2016-07-13,105.11862003364085,105.399269458138,103.76215772811561,104.12075805664062,4235500.0,0.0,0.0,133.55999755859375,104.12075805664062
2016-07-14,104.77560195564095,105.07963783859063,104.33124730923129,104.8847427368164,3122300.0,0.0,0.0,134.5399932861328,104.8847427368164
2016-07-15,105.33689284238612,105.7032965576768,104.97048912709545,105.07183837890625,5323000.0,0.0,0.0,134.77999877929688,105.07183837890625
2016-07-18,105.60196410599924,106.3971275333702,105.09522971886202,106.2879867553711,3730900.0,0.0,0.0,136.33999633789062,106.2879867553711
2016-07-19,106.07752468221473,106.84151024391748,105.6799310128593,106.78693389892578,3831500.0,0.0,0.0,136.97999572753906,106.78693389892578
2016-07-20,107.11437370463858,107.15335511519376,106.62324599710367,107.12217712402344,3092000.0,0.0,0.0,137.41000366210938,107.12217712402344
2016-07-21,106.61542282016902,106.91166721094191,105.60976922876473,106.07752227783203,4938100.0,0.0,0.0,136.07000732421875,106.07752227783203
2016-07-22,106.34255989346069,106.52186004575485,105.99175111011915,106.42831420898438,2627200.0,0.0,0.0,136.52000427246094,106.42831420898438
2016-07-25,106.45170875605717,106.68558526120486,106.1398694507092,106.41272735595703,3352600.0,0.0,0.0,136.5,106.41272735595703
2016-07-26,106.4127327537188,107.20010473568698,106.06971544816314,106.60762786865234,2575600.0,0.0,0.0,136.75,106.60762786865234
2016-07-27,106.8103219004248,107.34044283538091,105.99177187739772,106.26461791992188,3030800.0,0.0,0.0,136.30999755859375,106.26461791992188
2016-07-28,106.171080517444,107.6756653188622,106.100921120534,107.55094146728516,3230000.0,0.0,0.0,137.9600067138672,107.55094146728516
2016-07-29,107.16112381445494,108.14339080672738,107.14552887619435,107.76919555664062,3662600.0,0.0,0.0,138.24000549316406,107.76919555664062
2016-08-01,107.62888851219132,108.31492320071298,107.4651832586292,108.1823959350586,3157800.0,0.0,0.0,138.77000427246094,108.1823959350586
2016-08-02,108.29153784214913,108.36169723724959,106.66221733572132,106.97404479980469,3898100.0,0.0,0.0,137.22000122070312,106.97404479980469
2016-08-03,106.90388054545299,106.97403993736441,105.78907421589007,106.84930419921875,3642600.0,0.0,0.0,137.05999755859375,106.84930419921875
2016-08-04,105.85922925539373,106.95844059863065,105.60197816229544,106.06192779541016,3802900.0,0.0,0.0,136.0500030517578,106.06192779541016
2016-08-05,106.80251259008881,107.37940635651502,106.49068519472216,106.73235321044922,3022100.0,0.0,0.0,136.91000366210938,106.73235321044922
2016-08-08,106.73237238364324,107.11435922726885,106.14768699070956,106.1866683959961,3182800.0,0.0,0.0,136.2100067138672,106.1866683959961
2016-08-09,106.23342407297142,106.87267381313502,105.5084081178321,106.10868835449219,3180400.0,0.0,0.0,136.11000061035156,106.10868835449219
2016-08-10,106.25682457662197,106.71677421691867,105.29014047382597,105.71112060546875,3438000.0,0.0,0.0,135.60000610351562,105.71112060546875
2016-08-11,106.26460408780673,107.192306681633,105.37588289368259,106.83369445800781,4183300.0,0.0,0.0,137.0399932861328,106.83369445800781
2016-08-12,106.02293387940361,107.1065501542647,105.73449293936484,106.46730041503906,4090000.0,0.0,0.0,136.57000732421875,106.46730041503906
2016-08-15,106.88828560432111,107.55872532753564,106.74795492504356,106.84930419921875,6327400.0,0.0,0.0,137.05999755859375,106.84930419921875
2016-08-16,107.30922736952941,108.0888076973733,105.75787013020923,106.20222473144531,7286100.0,0.0,0.0,136.22999572753906,106.20222473144531
2016-08-17,105.63316995277005,106.38936407676212,105.04848451022703,106.139892578125,5222200.0,0.0,0.0,136.14999389648438,106.139892578125
2016-08-18,106.04633645176378,106.13988230697238,104.80680628843128,105.08745574951172,4430800.0,0.0,0.0,134.8000030517578,105.08745574951172
2016-08-19,104.7912041463626,105.83583910925547,104.71325323753028,105.60197448730469,3959000.0,0.0,0.0,135.4600067138672,105.60197448730469
2016-08-22,105.71112139626031,105.90601652280544,105.25896327522106,105.5084228515625,2752500.0,0.0,0.0,135.33999633789062,105.5084228515625
2016-08-23,105.96836538534029,106.451713355651,105.96836538534029,106.19445037841797,2961100.0,0.0,0.0,136.22000122070312,106.19445037841797
2016-08-24,105.84366096116172,106.21785631690831,105.09525835421263,105.29015350341797,4113000.0,0.0,0.0,135.05999755859375,105.29015350341797
2016-08-25,105.03285601585968,106.14766208916352,104.75220661727182,105.57855987548828,3168900.0,0.0,0.0,135.42999267578125,105.57855987548828
2016-08-26,105.5785908245647,106.16327625172846,104.40142844690564,104.74444580078125,4193400.0,0.0,0.0,134.36000061035156,104.74444580078125
2016-08-29,105.13423653279565,105.47725388813045,104.91595492402905,105.43048095703125,3227700.0,0.0,0.0,135.24000549316406,105.43048095703125
2016-08-30,105.62635273716835,105.82224730383355,104.70956759994985,105.07785034179688,3440600.0,0.69,0.0,134.10000610351562,105.07785034179688
2016-08-31,104.91326336967373,105.53228476086161,104.68603099875595,105.0934829711914,4650600.0,0.0,0.0,134.1199951171875,105.0934829711914
2016-09-01,105.37562024764833,105.8300971559908,104.73309217479006,105.17972564697266,3851800.0,0.0,0.0,134.22999572753906,105.17972564697266
2016-09-02,105.60286022736007,106.47263269594485,105.43047202951753,105.9006118774414,3402600.0,0.0,0.0,135.14999389648438,105.9006118774414
2016-09-06,105.7517281293834,106.34724330772163,104.90546216661505,105.07785034179688,4220400.0,0.0,0.0,134.10000610351562,105.07785034179688
2016-09-07,104.45096304926055,104.89759634859702,103.55768449413468,104.05133056640625,4676000.0,0.0,0.0,132.7899932861328,104.05133056640625
2016-09-08,103.07971477193992,104.16888799348487,102.7427699280258,102.85247039794922,5019600.0,0.0,0.0,131.25999450683594,102.85247039794922
2016-09-09,102.36667778519976,102.5625723777125,100.08646783703028,100.09429931640625,6315000.0,0.0,0.0,127.73999786376953,100.09429931640625
2016-09-12,99.12266193670693,100.96407585408224,98.73087275909148,100.76033782958984,7882600.0,0.0,0.0,128.58999633789062,100.76033782958984
2016-09-13,100.09429255006437,100.29802458640938,98.28422855063951,98.51146697998047,6376300.0,0.0,0.0,125.72000122070312,98.51146697998047
2016-09-14,98.42525854376257,99.47525046609132,98.39391469825954,98.93458557128906,4313900.0,0.0,0.0,126.26000213623047,98.93458557128906
2016-09-15,98.70734490321729,100.01591903715749,98.50361290125034,99.48308563232422,5100700.0,0.0,0.0,126.95999908447266,99.48308563232422
2016-09-16,99.53010785574727,99.53010785574727,98.49578479270554,98.81705474853516,6941200.0,0.0,0.0,126.11000061035156,98.81705474853516
2016-09-19,99.26370206192551,99.80437301709406,98.8640754438345,98.9581069946289,4525400.0,0.0,0.0,126.29000091552734,98.9581069946289
2016-09-20,99.40474723806653,99.77303000900139,98.98945168045174,99.38124084472656,3627100.0,0.0,0.0,126.83000183105469,99.38124084472656
2016-09-21,99.92189440949869,100.76032288612173,99.16182853935975,100.38420867919922,5367400.0,0.0,0.0,128.11000061035156,100.38420867919922
2016-09-22,100.9405526259498,101.59091203064811,100.86219002091262,100.88569641113281,4099700.0,0.0,0.0,128.75,100.88569641113281
2016-09-23,100.79170052721776,101.23833402936229,100.13349151611328,100.13349151611328,4464700.0,0.0,0.0,127.79000091552734,100.13349151611328
2016-09-26,99.59280164267167,99.69467064866667,98.22153960516535,98.29989624023438,5338500.0,0.0,0.0,125.44999694824219,98.29989624023438
2016-09-27,98.57415817520199,99.50661234039507,98.2293817904287,99.37340545654297,4433600.0,0.0,0.0,126.81999969482422,99.37340545654297
2016-09-28,99.67900066645517,100.7133238439338,99.56146271892226,100.50959777832031,5751100.0,0.0,0.0,128.27000427246094,100.50959777832031
2016-09-29,100.68980341830033,102.44502297287312,100.22749512818575,100.2431640625,5987500.0,0.0,0.0,127.93000030517578,100.2431640625
2016-09-30,100.19616575110221,101.26967024259771,100.00810264280699,100.83085632324219,6044600.0,0.0,0.0,128.67999267578125,100.83085632324219
2016-10-03,100.4547358248863,100.9405625020317,100.2745161634138,100.68981170654297,3652700.0,0.0,0.0,128.5,100.68981170654297
2016-10-04,100.71330942475696,101.80248269138298,100.25883261441915,100.45472717285156,4848600.0,0.0,0.0,128.1999969482422,100.45472717285156
2016-10-05,100.5487854223057,101.10511938734317,99.92191433655601,99.96893310546875,4115400.0,0.0,0.0,127.58000183105469,99.96893310546875
2016-10-06,99.41258125255575,102.21778702816458,99.06780488690063,102.0140609741211,7472400.0,0.0,0.0,130.19000244140625,102.0140609741211
2016-10-07,101.7319740884698,102.18645094602158,100.20399278702392,100.54093170166016,5511900.0,0.0,0.0,128.30999755859375,100.54093170166016
2016-10-10,100.6506417124726,101.0345994275473,99.7103500366211,99.7103500366211,4349700.0,0.0,0.0,127.25,99.7103500366211
2016-10-11,99.39689762973084,99.57712325368531,98.30772436445515,98.61331939697266,5113900.0,0.0,0.0,125.8499984741211,98.61331939697266
2016-10-12,98.61333647199142,99.63982819983761,98.50363597866868,99.27154541015625,3545900.0,0.0,0.0,126.69000244140625,99.27154541015625
2016-10-13,98.9267631443641,99.2480331259072,98.08049712189893,98.9581069946289,3655700.0,0.0,0.0,126.29000091552734,98.9581069946289
2016-10-14,99.43608725463781,99.95324582286182,99.05996704101562,99.05996704101562,4462100.0,0.0,0.0,126.41999816894531,99.05996704101562
2016-10-17,98.87191375639952,99.35773447236504,97.85325953777861,98.05699157714844,3753000.0,0.0,0.0,125.13999938964844,98.05699157714844
2016-10-18,98.8484077419017,98.92676437942787,98.06482941018345,98.52713775634766,3563300.0,0.0,0.0,125.73999786376953,98.52713775634766
2016-10-19,98.54280555549539,98.80138184283841,97.56333271157054,98.64466857910156,4094800.0,0.0,0.0,125.88999938964844,98.64466857910156
2016-10-20,98.69167432603288,99.5771215398759,98.39391675487134,98.92675018310547,3543200.0,0.0,0.0,126.25,98.92675018310547
2016-10-21,98.19019493257997,99.35773090476755,98.14318214757817,99.20101165771484,3234100.0,0.0,0.0,126.5999984741211,99.20101165771484
2016-10-24,99.69466876589131,100.40772190324971,99.69466876589131,100.1256332397461,3824800.0,0.0,0.0,127.77999877929688,100.1256332397461
2016-10-25,98.94244570755389,98.94244570755389,96.60738533438987,96.64656066894531,8731900.0,0.0,0.0,123.33999633789062,96.64656066894531
2016-10-26,96.24693225200168,96.96782291485648,95.9099933150674,96.15290069580078,5456100.0,0.0,0.0,122.70999908447266,96.15290069580078
2016-10-27,96.15290084314385,96.74058461928597,95.47902296824263,95.80029296875,4261600.0,0.0,0.0,122.26000213623047,95.80029296875
2016-10-28,96.14504208922688,97.2342153014978,95.76109044776412,96.8345947265625,4497700.0,0.0,0.0,123.58000183105469,96.8345947265625
2016-10-31,96.65436966383231,96.77190758934336,95.29878272718966,95.60437774658203,5671500.0,0.0,0.0,122.01000213623047,95.60437774658203
2016-11-01,95.35364244770271,95.7924443698199,93.40252823351486,93.94319915771484,7492600.0,0.0,0.0,119.88999938964844,93.94319915771484
2016-11-02,93.97455650412162,95.04022359223892,93.8883624030071,94.25664520263672,4846000.0,0.0,0.0,120.29000091552734,94.25664520263672
2016-11-03,94.29581773315472,94.75813207796114,94.09209166223657,94.17044830322266,5113500.0,0.0,0.0,120.18000030517578,94.17044830322266
2016-11-04,94.452520801416,95.51818767518009,94.07640061964089,94.74244689941406,4607600.0,0.0,0.0,120.91000366210938,94.74244689941406
2016-11-07,95.98835384484494,97.14805250539106,95.83947203605238,96.96782684326172,5510400.0,0.0,0.0,123.75,96.96782684326172
2016-11-08,97.12453561126004,98.27639676030384,96.85028438011355,97.35961151123047,6105900.0,0.0,0.0,124.25,97.35961151123047
2016-11-09,94.77380909678969,98.93461464194996,94.28015683607498,98.74655151367188,8052500.0,0.0,0.0,126.0199966430664,98.74655151367188
2016-11-10,99.29504615342147,101.94354471406403,99.13049542280261,101.10511016845703,8737000.0,0.0,0.0,129.02999877929688,101.10511016845703
2016-11-11,101.1286089919772,101.96704347482572,100.862195251363,101.74764251708984,5496100.0,0.0,0.0,129.85000610351562,101.74764251708984
2016-11-14,102.25694868316302,102.3666491460209,99.46741237924496,100.03942108154297,11438500.0,0.0,0.0,127.66999816894531,100.03942108154297
2016-11-15,99.56927159404822,100.03941727099206,96.31742119632776,97.47711944580078,13445400.0,0.0,0.0,124.4000015258789,97.47711944580078
2016-11-16,96.85024837132437,98.4957611246325,96.59950362775577,98.20584106445312,9793400.0,0.0,0.0,125.33000183105469,98.20584106445312
2016-11-17,98.62899195470294,101.19129008422817,98.49577911486158,101.0267333984375,6801200.0,0.0,0.0,128.92999267578125,101.0267333984375
2016-11-18,101.02675760401743,101.36370253414616,100.07863443346463,100.5566177368164,4428900.0,0.0,0.0,128.3300018310547,100.5566177368164
2016-11-21,100.51743362716792,101.00324839668848,99.83572426265263,100.47042083740234,4072100.0,0.0,0.0,128.22000122070312,100.47042083740234
2016-11-22,100.5958056132486,102.88385326102986,100.5958056132486,102.63310241699219,5535800.0,0.0,0.0,130.97999572753906,102.63310241699219
2016-11-23,102.930848310309,103.42450647661704,102.53905915138677,102.81331634521484,3582700.0,0.0,0.0,131.2100067138672,102.81331634521484
2016-11-25,103.3226380311833,103.54203900485653,102.70361641756018,103.09540557861328,2545800.0,0.0,0.0,131.57000732421875,103.09540557861328
2016-11-28,102.84463661270766,103.15806310361232,101.99837073952001,102.36665344238281,4859000.0,0.0,0.0,130.63999938964844,102.36665344238281
2016-11-29,102.68178573722145,103.02050774516736,101.81526801000992,102.10672760009766,4127100.0,0.69,0.0,129.6199951171875,102.10672760009766
2016-11-30,101.8861482328908,102.65814102282441,101.46864757014436,101.93341064453125,6973800.0,0.0,0.0,129.39999389648438,101.93341064453125
2016-12-01,101.88615362699359,102.68177766486968,101.61832526689032,101.98856353759766,5398700.0,0.0,0.0,129.47000122070312,101.98856353759766
2016-12-02,101.6498327356542,102.89446176700116,101.54743484176984,102.30365753173828,3738300.0,0.0,0.0,129.8699951171875,102.30365753173828
2016-12-05,102.65814088375653,102.7684238507488,102.05945161727685,102.15397644042969,4065400.0,0.0,0.0,129.67999267578125,102.15397644042969
2016-12-06,102.5084698047878,102.51634286683162,101.36623875150465,101.41351318359375,4292600.0,0.0,0.0,128.74000549316406,101.41351318359375
2016-12-07,101.42137849144426,104.8165310637731,101.42137849144426,104.3438949584961,6987300.0,0.0,0.0,132.4600067138672,104.3438949584961
2016-12-08,104.14696240205491,104.87168072779006,103.65068306228159,104.39903259277344,4975400.0,0.0,0.0,132.52999877929688,104.39903259277344
2016-12-09,104.38325548793877,105.08434248156165,103.2725530063141,105.07646942138672,5174600.0,0.0,0.0,133.38999938964844,105.07646942138672
2016-12-12,104.87168932292393,106.07692894406053,104.87168932292393,106.01390838623047,6276500.0,0.0,0.0,134.5800018310547,106.01390838623047
2016-12-13,105.9902686505372,107.83357474395211,105.9902686505372,107.557861328125,6886300.0,0.0,0.0,136.5399932861328,107.557861328125
2016-12-14,107.17185432763547,107.82567890194014,106.9355303097036,107.11670684814453,7036300.0,0.0,0.0,135.97999572753906,107.11670684814453
2016-12-15,107.53419977878913,108.17227818793785,106.9512808651586,107.00641632080078,5839800.0,0.0,0.0,135.83999633789062,107.00641632080078
2016-12-16,107.21913533422754,107.61300475915382,106.3841340765744,106.431396484375,9429300.0,0.0,0.0,135.11000061035156,106.431396484375
2016-12-19,106.39198540786923,107.52633104316308,106.179292596267,106.69132995605469,3463600.0,0.0,0.0,135.44000244140625,106.69132995605469
2016-12-20,106.85679272043488,108.10930689112585,106.68348917530642,108.00689697265625,4301500.0,0.0,0.0,137.11000061035156,108.00689697265625
2016-12-21,107.86509023154983,108.10929940637328,107.57363066216857,107.78632354736328,2704700.0,0.0,0.0,136.8300018310547,107.78632354736328
2016-12-22,107.329384958549,107.92018891244928,106.48649888141476,106.68343353271484,4094800.0,0.0,0.0,135.42999267578125,106.68343353271484
2016-12-23,106.85679146555643,107.12463186302816,106.17933543890362,106.3841552734375,2337300.0,0.0,0.0,135.0500030517578,106.3841552734375
2016-12-27,106.1556910922171,106.91192573393468,106.11631376270479,106.549560546875,2254900.0,0.0,0.0,135.25999450683594,106.549560546875
2016-12-28,106.79375649088153,107.02219545754171,106.07691128732036,106.39988708496094,3369400.0,0.0,0.0,135.07000732421875,106.39988708496094
2016-12-29,106.36050239911823,107.01432708397769,106.05328472984122,106.42352294921875,2777900.0,0.0,0.0,135.10000610351562,106.42352294921875
2016-12-30,106.84891174440783,106.99071100716766,105.42310615412457,105.62004089355469,4149100.0,0.0,0.0,134.0800018310547,105.62004089355469
2017-01-03,106.42350592815772,106.74646966835033,105.23401276765826,105.80118560791016,5299700.0,0.0,0.0,134.30999755859375,105.80118560791016
2017-01-04,105.82480671255406,107.08519335286314,105.72240886223464,106.73858642578125,4055300.0,0.0,0.0,135.5,106.73858642578125
2017-01-05,106.32897740537885,106.70710067501238,105.38369327117485,105.47821807861328,3821100.0,0.0,0.0,133.89999389648438,105.47821807861328
2017-01-06,105.53338990405265,105.81697641171671,104.80867150000955,105.18678283691406,3827500.0,0.0,0.0,133.52999877929688,105.18678283691406
2017-01-09,104.94255328750677,106.15566562808284,104.87953274748556,105.80118560791016,4310200.0,0.0,0.0,134.30999755859375,105.80118560791016
2017-01-10,105.55698658549574,107.43180855182749,105.37581004873036,107.21124267578125,5928300.0,0.0,0.0,136.10000610351562,107.21124267578125
2017-01-11,107.21125140159452,107.43969035611383,106.13992619363071,106.89614868164062,4643700.0,0.0,0.0,135.6999969482422,106.89614868164062
2017-01-12,106.74648206542115,106.76224020724128,105.50973838119947,106.39988708496094,3600000.0,0.0,0.0,135.07000732421875,106.39988708496094
2017-01-13,106.28172640312447,106.935551104573,106.15568529972545,106.37625122070312,3117600.0,0.0,0.0,135.0399932861328,106.37625122070312
2017-01-17,106.41566415097381,107.51062093703301,106.15570882508213,107.07736206054688,3976900.0,0.0,0.0,135.92999267578125,107.07736206054688
2017-01-18,107.05369463019674,107.36091227140716,106.28171399688799,107.25851440429688,3869700.0,0.0,0.0,136.16000366210938,107.25851440429688
2017-01-19,107.13248345893837,107.74691879953406,106.28959712097654,106.65196228027344,5078700.0,0.0,0.0,135.38999938964844,106.65196228027344
2017-01-20,106.54956532435098,107.13249647056124,106.02966675604712,106.8174057006836,4853900.0,0.0,0.0,135.60000610351562,106.8174057006836
2017-01-23,106.58892545704587,108.92063738276757,106.3447283743395,108.76309204101562,7056200.0,0.0,0.0,138.07000732421875,108.76309204101562
2017-01-24,108.6134160503172,109.00728540121631,108.1565261608816,108.75520324707031,4055100.0,0.0,0.0,138.05999755859375,108.75520324707031
2017-01-25,109.0624321665156,109.78715040490911,108.25893524179979,108.29832458496094,3631700.0,0.0,0.0,137.47999572753906,108.29832458496094
2017-01-26,108.71585086531046,109.63750401733232,108.47953879038903,109.07034301757812,2931200.0,0.0,0.0,138.4600067138672,109.07034301757812
2017-01-27,109.33817193395323,109.36180314156458,108.4716542550614,108.96793365478516,3149500.0,0.0,0.0,138.3300018310547,108.96793365478516
2017-01-30,108.70009760833113,109.09396706728161,107.80994878472163,109.07820892333984,2705000.0,0.0,0.0,138.47000122070312,109.07820892333984
2017-01-31,108.41652558560882,109.1963795256418,107.80209010924312,108.37713623046875,3227000.0,0.0,0.0,137.5800018310547,108.37713623046875
2017-02-01,108.4401415961023,108.67646567387678,107.5499927784599,108.26683807373047,2968800.0,0.0,0.0,137.44000244140625,108.26683807373047
2017-02-02,108.29049470070093,108.35351527089766,107.57364923715093,107.88086700439453,2197600.0,0.0,0.0,136.9499969482422,107.88086700439453
2017-02-03,108.12501920185746,109.07818840196806,107.89658024741792,108.69219207763672,2654700.0,0.0,0.0,137.97999572753906,108.69219207763672
2017-02-06,108.25895048692816,108.62918872888844,107.48696973600617,107.51848602294922,3864100.0,0.0,0.0,136.49000549316406,107.51848602294922
2017-02-07,108.04627818126902,108.4716519290946,107.39245340484207,107.64452362060547,3242000.0,0.0,0.0,136.64999389648438,107.64452362060547
2017-02-08,107.83355291898623,108.6370497791106,107.77841745894479,108.61341857910156,2882700.0,0.0,0.0,137.8800048828125,108.61341857910156
2017-02-09,108.61340268840166,109.61382206225522,108.24316458250911,109.26722717285156,2931900.0,0.0,0.0,138.7100067138672,109.26722717285156
2017-02-10,109.18061719983682,110.73246380654012,108.90490377470893,110.16529083251953,3297000.0,0.0,0.0,139.85000610351562,110.16529083251953
2017-02-13,110.66154379517131,110.79545794942803,109.53508307527879,110.18102264404297,2753000.0,0.0,0.0,139.8699951171875,110.18102264404297
2017-02-14,110.24405971048726,111.36264753713712,109.76353848735424,111.35477447509766,4775800.0,0.0,0.0,141.36000061035156,111.35477447509766
2017-02-15,111.28386480764668,112.37882127032233,111.031782619434,112.00858306884766,4343500.0,0.0,0.0,142.19000244140625,112.00858306884766
2017-02-16,112.16612666877658,112.63877475429842,110.99239153569278,111.49654388427734,4295800.0,0.0,0.0,141.5399932861328,111.49654388427734
2017-02-17,111.35480627802794,112.74122284928507,111.0712197043679,112.64669799804688,5108400.0,0.0,0.0,143.0,112.64669799804688
2017-02-21,114.69478978921259,114.73416711865103,112.84359854781619,114.23789978027344,9275900.0,0.0,0.0,145.02000427246094,114.23789978027344
2017-02-22,114.26152963648836,114.59237853148007,113.41077018367757,114.41907501220703,5037800.0,0.0,0.0,145.25,114.41907501220703
2017-02-23,115.09647381693205,115.2697772501849,113.83608739689961,113.99364471435547,4184000.0,0.0,0.0,144.7100067138672,113.99364471435547
2017-02-24,113.94644921716974,115.07292231341663,113.94644921716974,114.97051239013672,3516900.0,0.0,0.0,145.9499969482422,114.97051239013672
2017-02-27,114.90746284341,115.01774580222688,114.06458851958261,114.45845794677734,4388400.0,0.0,0.0,145.3000030517578,114.45845794677734
2017-02-28,114.20639585512366,114.71843341260933,113.80465329581843,114.15126037597656,4211900.0,0.0,0.0,144.91000366210938,114.15126037597656
2017-03-01,115.5769950923494,116.34897546619038,114.92317068697643,115.54547882080078,6213500.0,0.0,0.0,146.67999267578125,115.54547882080078
2017-03-02,115.86059260264932,116.766487168038,115.31705105544134,116.5459213256836,4053400.0,0.0,0.0,147.9499969482422,116.5459213256836
2017-03-03,116.54595953203744,116.79015665041614,115.65582281213518,116.43567657470703,3412300.0,0.0,0.0,147.80999755859375,116.43567657470703
2017-03-06,115.90000915527344,116.19934171451791,115.46675042749095,115.90000915527344,3998000.0,0.0,0.0,147.1300048828125,115.90000915527344
2017-03-07,115.9713149233477,116.46268134230876,115.57504856145276,115.72563171386719,3996300.0,0.89,0.0,146.02000427246094,115.72563171386719
2017-03-08,115.88418648387379,116.59746140976523,115.64642414421166,116.43895721435547,3614500.0,0.0,0.0,146.9199981689453,116.43895721435547
2017-03-09,116.5657117227443,116.629115790326,116.12981631630099,116.20114135742188,3594000.0,0.0,0.0,146.6199951171875,116.20114135742188
2017-03-10,116.69256364458333,116.86692187258528,116.0664558004598,116.38347625732422,3123200.0,0.0,0.0,146.85000610351562,116.38347625732422
2017-03-13,116.7639012249443,117.03335957233392,116.10609731119071,116.84314727783203,2933300.0,0.0,0.0,147.42999267578125,116.84314727783203
2017-03-14,116.71631422758217,116.96991844687675,116.07436456485591,116.62913513183594,3272500.0,0.0,0.0,147.16000366210938,116.62913513183594
2017-03-15,116.77971370788896,117.59602152996848,116.31211016197405,117.2552261352539,3670500.0,0.0,0.0,147.9499969482422,117.2552261352539
2017-03-16,117.61188339410467,118.23799118849251,117.3027960313983,117.87342071533203,3544500.0,0.0,0.0,148.72999572753906,117.87342071533203
2017-03-17,118.40445670602443,118.87206049055682,117.3979482366156,118.56297302246094,9002000.0,0.0,0.0,149.60000610351562,118.56297302246094
2017-03-20,118.38857126051921,118.55499640130778,117.05710966874764,117.13636779785156,5906100.0,0.0,0.0,147.8000030517578,117.13636779785156
2017-03-21,117.5564410368893,117.84967442622835,115.91589164734224,116.19328308105469,4530000.0,0.0,0.0,146.61000061035156,116.19328308105469
2017-03-22,116.28836664836841,117.23940385383001,115.7573709760948,116.78766632080078,3169000.0,0.0,0.0,147.36000061035156,116.78766632080078
2017-03-23,116.72424547327702,117.61981152719221,116.52611224670056,117.28694915771484,3219400.0,0.0,0.0,147.99000549316406,117.28694915771484
2017-03-24,117.17599471123187,118.99881071623166,116.51025788102167,117.0650405883789,4735400.0,0.0,0.0,147.7100067138672,117.0650405883789
2017-03-27,116.55783879059987,117.04127233062351,115.91587687664764,116.39932250976562,2943000.0,0.0,0.0,146.8699951171875,116.39932250976562
2017-03-28,116.73216032159479,116.77972245167427,115.66224821009669,116.66083526611328,4635600.0,0.0,0.0,147.1999969482422,116.66083526611328
2017-03-29,116.0030315314538,116.83519345797204,115.67810224769028,116.53402709960938,3730000.0,0.0,0.0,147.0399932861328,116.53402709960938
2017-03-30,116.28043595560749,116.80351060748764,116.05059462686022,116.46271514892578,2450800.0,0.0,0.0,146.9499969482422,116.46271514892578
2017-03-31,116.39929548025468,116.64497872816465,116.22493728630086,116.36759948730469,3248700.0,0.0,0.0,146.8300018310547,116.36759948730469
2017-04-03,116.45475762774868,116.66081177757216,115.78109999114633,116.20114135742188,3775300.0,0.0,0.0,146.6199951171875,116.20114135742188
2017-04-04,116.10610966246107,116.42311809392544,115.74947215378953,115.97930145263672,3124200.0,0.0,0.0,146.33999633789062,115.97930145263672
2017-04-05,116.20909715235302,117.64357969431465,116.16946809072759,116.2170181274414,3390400.0,0.0,0.0,146.63999938964844,116.2170181274414
2017-04-06,116.53406487796278,117.26320599175189,116.5023688740612,116.69258117675781,2699100.0,0.0,0.0,147.24000549316406,116.69258117675781
2017-04-07,116.5815945482938,117.13636516025139,116.42307829365531,116.6053695678711,2869100.0,0.0,0.0,147.1300048828125,116.6053695678711
2017-04-10,116.47066786906322,118.08743004672766,116.30423059971332,117.46133422851562,5044500.0,0.0,0.0,148.2100067138672,117.46133422851562
2017-04-11,117.22354754331025,117.81001416675112,116.58159781057486,117.45337677001953,2844800.0,0.0,0.0,148.1999969482422,117.45337677001953
2017-04-12,116.83521981325482,116.95410702562805,116.00305769902035,116.13778686523438,4445600.0,0.0,0.0,146.5399932861328,116.13778686523438
2017-04-13,116.04269154358994,116.5102831561147,115.60679593314524,115.63850402832031,2346900.0,0.0,0.0,145.91000366210938,115.63850402832031
2017-04-17,115.63054965314147,116.7480239868164,115.51959552666194,116.7480239868164,3467700.0,0.0,0.0,147.30999755859375,116.7480239868164
2017-04-18,116.54991978119389,117.43755301409615,116.32009049520879,117.10469055175781,2969400.0,0.0,0.0,147.75999450683594,117.10469055175781
2017-04-19,117.23938837516862,117.61187981286905,116.51819261287586,116.67669677734375,3461000.0,0.0,0.0,147.22000122070312,116.67669677734375
2017-04-20,117.02541841090265,118.12703872872909,116.85106019428898,117.8655014038086,3700500.0,0.0,0.0,148.72000122070312,117.8655014038086
2017-04-21,117.68321588051117,118.998811317243,117.61187872802994,118.87993621826172,5019900.0,0.0,0.0,150.0,118.87993621826172
2017-04-24,119.73593386525411,120.51261312259265,119.55365459011416,120.37788391113281,5077200.0,0.0,0.0,151.88999938964844,120.37788391113281
2017-04-25,121.09110639944024,122.56521819804024,121.09110639944024,121.28131866455078,5496500.0,0.0,0.0,153.02999877929688,121.28131866455078
2017-04-26,121.34475212867909,122.69205607670096,120.78204826635485,122.2244644165039,5120200.0,0.0,0.0,154.22000122070312,122.2244644165039
2017-04-27,122.59693867718461,123.84914233957076,121.96290982250757,123.73025512695312,5881400.0,0.0,0.0,156.1199951171875,123.73025512695312
2017-04-28,123.6430793371772,123.83329162662986,122.12935037108538,123.71441650390625,4983000.0,0.0,0.0,156.10000610351562,123.71441650390625
2017-05-01,123.8095092319402,123.84913830152065,122.21652221679688,122.21652221679688,3152900.0,0.0,0.0,154.2100067138672,122.21652221679688
2017-05-02,122.43838209604446,122.9693775578616,121.85982451367511,122.80294036865234,3295100.0,0.0,0.0,154.9499969482422,122.80294036865234
2017-05-03,122.9694061261797,123.15168530483085,122.51765657415343,122.84259796142578,2445500.0,0.0,0.0,155.0,122.84259796142578
2017-05-04,123.20717590635901,123.34982603056527,122.25612670594568,122.73165130615234,3793100.0,0.0,0.0,154.86000061035156,122.73165130615234
2017-05-05,123.1120932886818,123.43703477373576,122.12142687797767,123.42118072509766,2500600.0,0.0,0.0,155.72999572753906,123.42118072509766
2017-05-08,123.51627089220392,124.55448717053964,123.23095853308853,124.34049987792969,3184600.0,0.0,0.0,156.88999938964844,124.34049987792969
2017-05-09,124.45934747720085,125.01413012008115,123.86494786819281,124.96656799316406,3004400.0,0.0,0.0,157.67999267578125,124.96656799316406
2017-05-10,124.83978139303038,125.33906887912596,124.66542319372971,125.32322692871094,2617600.0,0.0,0.0,158.1300048828125,125.32322692871094
2017-05-11,124.70509868172375,124.9824780343538,123.10417829809806,123.7936782836914,3929100.0,0.0,0.0,156.1999969482422,123.7936782836914
2017-05-12,123.94421635444554,124.58616605097814,123.43699579605382,124.3642578125,2926400.0,0.0,0.0,156.9199981689453,124.3642578125
2017-05-15,124.64957991873003,125.09339643053059,124.15821336539267,124.689208984375,6068900.0,0.0,0.0,157.3300018310547,124.689208984375
2017-05-16,126.8924604337398,127.48686018992312,125.25984437165131,125.42626953125,10120900.0,0.0,0.0,158.25999450683594,125.42626953125
2017-05-17,125.42624627383837,125.42624627383837,123.54794726237648,123.70645141601562,5937000.0,0.0,0.0,156.08999633789062,123.70645141601562
2017-05-18,123.22301879895926,124.16613493761142,123.03281863189868,123.39737701416016,4858600.0,0.0,0.0,155.6999969482422,123.39737701416016
2017-05-19,123.66684322760379,124.22162599861815,123.09623059680965,123.87290954589844,4781800.0,0.0,0.0,156.3000030517578,123.87290954589844
2017-05-22,124.02349612119404,124.42768360614598,123.47664640484521,123.60345458984375,3802100.0,0.0,0.0,155.9600067138672,123.60345458984375
2017-05-23,123.56384588050624,123.97595441001506,122.58902140243515,122.7079086303711,4640900.0,0.0,0.0,154.8300018310547,122.7079086303711
2017-05-24,122.60483567578524,123.18338129947323,121.48736139843916,122.84259796142578,4558700.0,0.0,0.0,155.0,122.84259796142578
2017-05-25,123.79365139413271,124.18199691517688,123.12000560427299,123.99971771240234,3110800.0,0.0,0.0,156.4600067138672,123.99971771240234
2017-05-26,123.71437760739927,123.96798182050665,122.55727437327815,122.7633285522461,4284700.0,0.0,0.0,154.89999389648438,122.7633285522461
2017-05-30,122.75537101821773,123.20175223948053,122.37276028041762,122.65972137451172,3504300.0,0.89,0.0,153.8800048828125,122.65972137451172
2017-05-31,123.04237335901342,123.05831902596847,122.18148978814268,122.36482238769531,7158400.0,0.0,0.0,153.50999450683594,122.36482238769531
2017-06-01,122.37277993493042,123.68004464843766,121.7510328250293,123.67206573486328,3385100.0,0.0,0.0,155.14999389648438,123.67206573486328
2017-06-02,123.38510373954169,124.23802040358439,123.09017585080592,123.83149719238281,3485600.0,0.0,0.0,155.35000610351562,123.83149719238281
2017-06-05,123.97498457897075,124.04672183023882,122.9387352408415,123.38511657714844,2651800.0,0.0,0.0,154.7899932861328,123.38511657714844
2017-06-06,123.1061369432184,123.28150278092505,122.47641084518649,122.91482543945312,3260300.0,0.0,0.0,154.1999969482422,122.91482543945312
2017-06-07,123.30536789703889,123.7916071399745,123.03435249290423,123.52059173583984,3159000.0,0.0,0.0,154.9600067138672,123.52059173583984
2017-06-08,123.52066314767087,123.73587494791889,122.26122286959463,122.35687255859375,4041600.0,0.0,0.0,153.5,122.35687255859375
2017-06-09,122.75535292083198,122.75535292083198,121.78287447660303,121.92636108398438,4705300.0,0.0,0.0,152.9600067138672,121.92636108398438
2017-06-12,121.79887533965109,122.19743186094381,120.94595854585438,121.30465698242188,4473900.0,0.0,0.0,152.17999267578125,121.30465698242188
2017-06-13,121.40824261398598,122.78724428411219,121.20896442384733,122.74739837646484,3753800.0,0.0,0.0,153.99000549316406,122.74739837646484
2017-06-14,123.15392800432727,125.36990062256446,122.72349244262358,124.95539855957031,5999400.0,0.0,0.0,156.75999450683594,124.95539855957031
2017-06-15,124.45325758623143,125.36196592704366,123.48874549673901,124.96340942382812,3972300.0,0.0,0.0,156.77000427246094,124.96340942382812
2017-06-16,124.54886772361836,124.89959928120413,123.87929592985027,124.8597412109375,9105400.0,0.0,0.0,156.63999938964844,124.8597412109375
2017-06-19,125.07497567360973,126.7648509621311,124.6604736010186,126.58948516845703,5196100.0,0.0,0.0,158.80999755859375,126.58948516845703
2017-06-20,126.52572383821017,126.91631352746904,125.62499455604825,125.6807861328125,4201200.0,0.0,0.0,157.6699981689453,125.6807861328125
2017-06-21,125.87206455706136,126.36627051998867,124.69232904888625,124.81986999511719,4071300.0,0.0,0.0,156.58999633789062,124.81986999511719
2017-06-22,124.70035342230163,125.20253847931043,123.92715287797762,123.93511962890625,3347400.0,0.0,0.0,155.47999572753906,123.93511962890625
2017-06-23,123.68005004579133,123.73584162835667,120.2923199588593,120.61116027832031,11422200.0,0.0,0.0,151.30999755859375,120.61116027832031
2017-06-26,120.89812315291394,121.13725947740485,120.46768749921326,120.69884490966797,4128500.0,0.0,0.0,151.4199981689453,120.69884490966797
2017-06-27,120.41188600626592,122.15756539584599,120.1647829260932,121.35248565673828,4567100.0,0.0,0.0,152.24000549316406,121.35248565673828
2017-06-28,121.75902121283427,122.31699792818576,121.44814760263985,122.14163208007812,5087000.0,0.0,0.0,153.22999572753906,122.14163208007812
2017-06-29,121.77496626247759,121.95829886166788,120.77857493190841,121.28872680664062,2855400.0,0.0,0.0,152.16000366210938,121.28872680664062
2017-06-30,121.56771520913671,122.7554181137152,121.37641584833209,122.27714538574219,3640900.0,0.0,0.0,153.39999389648438,122.27714538574219
2017-07-03,123.06627352630869,123.38511385578731,122.52424253359924,122.76336669921875,1658500.0,0.0,0.0,154.00999450683594,122.76336669921875
2017-07-05,122.76338752496494,122.98657822605813,120.73075879450772,121.7112045288086,4432500.0,0.0,0.0,152.69000244140625,121.7112045288086
2017-07-06,120.97782864739347,121.5437719970382,120.53941411831663,121.20101928710938,3408500.0,0.0,0.0,152.0500030517578,121.20101928710938
2017-07-07,121.19304427819661,121.85464946830398,121.08144895474344,121.34449768066406,3775400.0,0.0,0.0,152.22999572753906,121.34449768066406
2017-07-10,121.33654985728354,121.36842902768097,120.36407095993312,120.5075454711914,5081100.0,0.0,0.0,151.17999267578125,120.5075454711914
2017-07-11,120.72271212056077,121.00967316990004,119.96545751237979,120.04517364501953,5642000.0,0.0,0.0,150.60000610351562,120.04517364501953
2017-07-12,120.73072516177676,122.06986899528205,120.43578511801047,121.63145446777344,4275900.0,0.0,0.0,152.58999633789062,121.63145446777344
2017-07-13,121.81479836636947,122.85901431200791,121.63943255655472,122.1894302368164,3288000.0,0.0,0.0,153.2899932861328,122.1894302368164
2017-07-14,122.13368646952412,122.49238497984254,121.0177328456485,121.8626708984375,3588400.0,0.0,0.0,152.8800048828125,121.8626708984375
2017-07-17,121.87854042358785,123.15392574961565,121.73506595997206,122.66768646240234,4166600.0,0.0,0.0,153.88999938964844,122.66768646240234
2017-07-18,122.55612427003835,122.64380718692958,121.1452308484174,121.29668426513672,3783600.0,0.0,0.0,152.1699981689453,121.29668426513672
2017-07-19,121.59952276117303,122.75533353393051,121.59952276117303,122.19735717773438,2808400.0,0.0,0.0,153.3000030517578,122.19735717773438
2017-07-20,121.60755786188032,121.6155367762216,116.06762492042463,117.19952392578125,18264100.0,0.0,0.0,147.02999877929688,117.19952392578125
2017-07-21,117.19949030369969,117.5422551216049,116.48209367158286,116.8965835571289,9120200.0,0.0,0.0,146.64999389648438,116.8965835571289
2017-07-24,116.86475115603051,116.92852166308535,114.98356376834461,115.24661254882812,7295900.0,0.0,0.0,144.5800018310547,115.24661254882812
2017-07-25,116.17121943280529,117.49441738662368,115.80454220704016,117.15166473388672,5002400.0,0.0,0.0,146.97000122070312,117.15166473388672
2017-07-26,117.06399741437329,117.37487094938398,116.34660069141853,116.9284896850586,2836000.0,0.0,0.0,146.69000244140625,116.9284896850586
2017-07-27,116.52195701762373,117.86111300441769,116.29079963005215,117.75748443603516,5399000.0,0.0,0.0,147.72999572753906,117.75748443603516
2017-07-28,117.89300473306893,118.18794480613492,117.43068990865396,118.03649139404297,3421100.0,0.0,0.0,148.0800018310547,118.03649139404297
2017-07-31,117.97272981153152,119.55101022364606,117.60605246175757,119.24811553955078,5253300.0,0.0,0.0,149.60000610351562,119.24811553955078
2017-08-01,119.75828422597341,119.87784633347184,118.73000144956126,119.4474105834961,4110600.0,0.0,0.0,149.85000610351562,119.4474105834961
2017-08-02,119.51910336663407,120.2524457333201,119.5031577039083,119.96548461914062,3754200.0,0.0,0.0,150.5,119.96548461914062
2017-08-03,120.12489515318882,121.18505662461781,119.96547502760778,120.1966323852539,5146600.0,0.0,0.0,150.7899932861328,120.1966323852539
2017-08-04,120.37201423625159,121.75899505615236,120.20462733909486,121.75899505615234,3258600.0,0.0,0.0,152.75,121.75899505615234
2017-08-07,121.82280244973222,123.13006751070944,121.53584123327472,122.2373046875,3833600.0,0.0,0.0,153.35000610351562,122.2373046875
2017-08-08,122.21339226637697,122.91484355762101,122.02208073441156,122.2373046875,3218900.0,0.0,0.0,153.35000610351562,122.2373046875
2017-08-09,122.23725882752761,124.00685030461784,122.21334641537585,123.75973510742188,3844900.0,0.0,0.0,155.25999450683594,123.75973510742188
2017-08-10,123.70393719488922,124.33365095424723,122.65972137451172,122.65972137451172,4433700.0,0.0,0.0,153.8800048828125,122.65972137451172
2017-08-11,122.84308299727559,124.12643539374425,122.73945441674131,123.45686340332031,3650500.0,0.0,0.0,154.8800048828125,123.45686340332031
2017-08-14,124.38151436280133,124.38949327756949,122.4046774140907,122.96265411376953,6662500.0,0.0,0.0,154.25999450683594,122.96265411376953
2017-08-15,122.97857274016386,123.39307483863428,118.17994985207318,119.70243835449219,13528700.0,0.0,0.0,150.1699981689453,119.70243835449219
2017-08-16,120.72276551975779,121.91843506038856,120.49160809361351,121.36045837402344,6043900.0,0.0,0.0,152.25,121.36045837402344
2017-08-17,121.00968431947419,121.28069973466147,119.25603870658996,119.30386352539062,4460900.0,0.0,0.0,149.6699981689453,119.30386352539062
2017-08-18,119.25609139523392,119.25609139523392,117.1437465451124,117.56621551513672,6989100.0,0.0,0.0,147.49000549316406,117.56621551513672
2017-08-21,117.25530764221891,119.47128044022179,117.08790858837999,118.92923736572266,4222500.0,0.0,0.0,149.1999969482422,118.92923736572266
2017-08-22,119.00095243678763,120.02923465529555,119.00095243678763,119.49517059326172,3268100.0,0.0,0.0,149.91000366210938,119.49517059326172
2017-08-23,118.4350233826803,119.15242005020488,117.51833634864744,118.84952545166016,5235400.0,0.0,0.0,149.10000610351562,118.84952545166016
2017-08-24,119.35171314740936,120.04520965306462,117.9567655486127,118.17198944091797,3736000.0,0.0,0.0,148.25,118.17198944091797
2017-08-25,118.3792706131645,119.98944259656184,118.29158767934133,119.28797912597656,3048000.0,0.0,0.0,149.64999389648438,119.28797912597656
2017-08-28,121.11331833337462,121.47201665353899,119.90967024536586,120.6749038696289,6845400.0,0.0,0.0,151.38999938964844,120.6749038696289
2017-08-29,120.33015804465802,120.99566354569993,119.49625129133938,120.1457290649414,5368700.0,0.89,0.0,149.83999633789062,120.1457290649414
2017-08-30,120.27399444580078,120.47445110321046,119.69667829366867,120.27399444580078,3641000.0,0.0,0.0,150.0,120.27399444580078
2017-08-31,120.76314081181927,121.01971903836164,120.15375681823784,120.16978454589844,6083300.0,0.0,0.0,149.8699951171875,120.16978454589844
2017-09-01,120.48248361296338,121.02773216765985,120.08157023609152,120.8994369506836,3383000.0,0.0,0.0,150.77999877929688,120.8994369506836
2017-09-05,121.6451498644321,123.41718025039819,121.63712376604917,122.62336730957031,7488800.0,0.0,0.0,152.92999267578125,122.62336730957031
2017-09-06,124.170931258975,125.91089440249962,123.60162869851047,125.5340347290039,8126000.0,0.0,0.0,156.55999755859375,125.5340347290039
2017-09-07,126.82491960697025,127.71494767677625,125.71839491615638,126.63247680664062,8273100.0,0.0,0.0,157.92999267578125,126.63247680664062
2017-09-08,127.56259102616615,128.8455184818224,126.3037296246524,128.01963806152344,10088600.0,0.0,0.0,159.66000366210938,128.01963806152344
2017-09-11,127.02539194111652,127.28198237321314,125.26137554262054,126.98529815673828,8847900.0,0.0,0.0,158.3699951171875,126.98529815673828
2017-09-12,127.53859598960133,129.03800850949432,127.25796389082869,128.22015380859375,5794600.0,0.0,0.0,159.91000366210938,128.22015380859375
2017-09-13,128.60497577804782,129.39878856533508,127.9314443290849,128.3083038330078,4713700.0,0.0,0.0,160.02000427246094,128.3083038330078
2017-09-14,128.57293135546672,128.9738447526027,127.7550645995357,127.79515838623047,5290800.0,0.0,0.0,159.3800048828125,127.79515838623047
2017-09-15,128.2762567951587,128.28428289404647,126.92116745306696,127.00936889648438,9124200.0,0.0,0.0,158.39999389648438,127.00936889648438
2017-09-18,127.49044587650098,127.49044587650098,126.44005485233592,126.53627014160156,4010600.0,0.0,0.0,157.80999755859375,126.53627014160156
2017-09-19,126.52830143174874,126.94525489220054,126.0151326476961,126.41604614257812,3713400.0,0.0,0.0,157.66000366210938,126.41604614257812
2017-09-20,126.34380999635707,127.80312789329915,126.17542104464368,127.23382568359375,4599200.0,0.0,0.0,158.67999267578125,127.23382568359375
2017-09-21,127.38620133648419,127.93946370587501,127.26593222787933,127.64279174804688,3082100.0,0.0,0.0,159.19000244140625,127.64279174804688
2017-09-22,127.60270136071648,128.36443428358353,127.49845997388361,128.26821899414062,3576500.0,0.0,0.0,159.97000122070312,128.26821899414062
2017-09-25,128.33236540913703,129.4388779321872,128.091814952855,129.17428588867188,4897700.0,0.0,0.0,161.10000610351562,129.17428588867188
2017-09-26,129.5351184042251,129.89593800726416,128.9257222227403,129.30258178710938,3222600.0,0.0,0.0,161.25999450683594,129.30258178710938
2017-09-27,129.39881397614727,129.6473783286311,128.40454433130589,129.02996826171875,3966200.0,0.0,0.0,160.9199981689453,129.02996826171875
2017-09-28,128.8696204610971,130.2567775735534,128.82151280463964,130.1846160888672,4614100.0,0.0,0.0,162.36000061035156,130.1846160888672
2017-09-29,130.29682477991557,131.18685281088528,130.01618057104372,131.14675903320312,3467400.0,0.0,0.0,163.55999755859375,131.14675903320312
2017-10-02,131.65994794009376,131.70004172397705,130.87416116258257,131.515625,2721400.0,0.0,0.0,164.02000427246094,131.515625
2017-10-03,131.54768550302,132.52591504881187,131.499577858949,132.43771362304688,3046400.0,0.0,0.0,165.1699981689453,132.43771362304688
2017-10-04,132.69428012717404,133.167354855166,132.22921926011506,132.53390502929688,2746500.0,0.0,0.0,165.2899932861328,132.53390502929688
2017-10-05,132.35753938385562,133.3036890181173,131.70804947883857,133.19944763183594,3504900.0,0.0,0.0,166.1199951171875,133.19944763183594
2017-10-06,133.2475326735135,133.60836441561656,132.89473926229886,132.98294067382812,2916300.0,0.0,0.0,165.85000610351562,132.98294067382812
2017-10-09,133.2154919000402,133.60839140073466,132.63817567795664,132.87071228027344,2131800.0,0.0,0.0,165.7100067138672,132.87071228027344
2017-10-10,132.86268380013493,132.94287136533828,132.0127494425601,132.42970275878906,2755400.0,0.0,0.0,165.16000366210938,132.42970275878906
2017-10-11,132.45375392806918,132.9989902088348,131.86039776820266,132.50186157226562,2319300.0,0.0,0.0,165.25,132.50186157226562
2017-10-12,132.63020603430456,132.63020603430456,131.87648670224328,131.9727020263672,3397800.0,0.0,0.0,164.58999633789062,131.9727020263672
2017-10-13,132.23723858270463,133.15934649397443,131.7802037926044,131.8764190673828,3259000.0,0.0,0.0,164.47000122070312,131.8764190673828
2017-10-16,131.87646685019095,132.03682977789353,130.90625094999353,131.67601013183594,2586700.0,0.0,0.0,164.22000122070312,131.67601013183594
2017-10-17,131.67597885368914,132.2372550847769,129.5030231595228,130.9783935546875,4189200.0,0.0,0.0,163.35000610351562,130.9783935546875
2017-10-18,131.03452466775101,131.69202846873623,130.97840315797953,131.05857849121094,2757900.0,0.0,0.0,163.4499969482422,131.05857849121094
2017-10-19,131.09866829586608,131.58778308287987,130.5133382179331,130.89019775390625,2676100.0,0.0,0.0,163.24000549316406,130.89019775390625
2017-10-20,131.47555011502723,131.61987307586665,130.48930651123737,131.0425567626953,4166500.0,0.0,0.0,163.42999267578125,131.0425567626953
2017-10-23,131.5316223914913,133.3197044140927,131.29909807444167,132.09291076660156,3995100.0,0.0,0.0,164.74000549316406,132.09291076660156
2017-10-24,132.03683426165875,133.47211126536843,132.02079429787167,133.1273193359375,3686700.0,0.0,0.0,166.02999877929688,133.1273193359375
2017-10-25,133.19144573931618,133.86497729219255,132.60611562085737,133.1593780517578,4189400.0,0.0,0.0,166.07000732421875,133.1593780517578
2017-10-26,133.4160023703183,134.65883674489544,133.1914917750939,134.42630004882812,3750500.0,0.0,0.0,167.64999389648438,134.42630004882812
2017-10-27,133.7447075266972,134.506440510326,133.4720893615931,134.1776885986328,3720400.0,0.0,0.0,167.33999633789062,134.1776885986328
2017-10-30,133.89704777991955,133.89704777991955,132.20519291887237,132.5499725341797,3906300.0,0.0,0.0,165.30999755859375,132.5499725341797
2017-10-31,132.62215125817914,133.37587042726966,132.38161299987902,132.92684936523438,2922400.0,0.0,0.0,165.77999877929688,132.92684936523438
2017-11-01,133.44000404187824,133.69659447035446,132.39762683727744,132.60610961914062,3568300.0,0.0,0.0,165.3800048828125,132.60610961914062
2017-11-02,132.30941680617258,132.30941680617258,128.71723668534796,130.46522521972656,6518900.0,0.0,0.0,162.7100067138672,130.46522521972656
2017-11-03,130.7057767829686,132.29340258953212,130.4411724818747,131.8123016357422,3080900.0,0.0,0.0,164.38999938964844,131.8123016357422
2017-11-06,132.14107118660843,132.2052188046709,130.70579423163852,131.67601013183594,3275500.0,0.0,0.0,164.22000122070312,131.67601013183594
2017-11-07,131.571754131884,131.82031847749343,130.56145678798273,131.2269744873047,3198100.0,0.0,0.0,163.66000366210938,131.2269744873047
2017-11-08,130.97037051003778,132.04481535386273,130.9142490030731,131.5396728515625,2912900.0,0.0,0.0,164.0500030517578,131.5396728515625
2017-11-09,131.57971720967248,131.61178488233497,130.12038728808082,130.91419982910156,3405200.0,0.0,0.0,163.27000427246094,130.91419982910156
2017-11-10,130.97040418626233,131.96467395652073,130.64165221768002,131.5878143310547,3554900.0,0.0,0.0,164.11000061035156,131.5878143310547
2017-11-13,132.01274418230133,133.6163975432306,131.70003226631627,132.58204650878906,7189300.0,0.0,0.0,165.35000610351562,132.58204650878906
2017-11-14,131.19486235842157,134.8191219604358,130.81800288342725,134.75497436523438,10284000.0,0.0,0.0,168.05999755859375,134.75497436523438
2017-11-15,134.25785261049325,134.25785261049325,132.5820378935938,132.67825317382812,5534500.0,0.0,0.0,165.47000122070312,132.67825317382812
2017-11-16,133.64852622262578,134.5145009009362,133.15139736902358,134.3060302734375,4587900.0,0.0,0.0,167.5,134.3060302734375
2017-11-17,133.90507212356508,135.05167854504205,133.1513529935481,134.49842834472656,4530100.0,0.0,0.0,167.74000549316406,134.49842834472656
2017-11-20,134.81916861782625,136.8638295709538,134.5465504200511,136.67138671875,4699900.0,0.0,0.0,170.4499969482422,136.67138671875
2017-11-21,136.73553224773693,138.60379028320312,136.4308341284614,138.60379028320312,6229000.0,0.0,0.0,172.86000061035156,138.60379028320312
2017-11-22,138.6278284720448,138.6679222571488,137.94627082999295,137.96231079101562,4133500.0,0.0,0.0,172.05999755859375,137.96231079101562
2017-11-24,138.00241486933274,138.79622782794084,137.70574286026493,138.17881774902344,1853600.0,0.0,0.0,172.3300018310547,138.17881774902344
2017-11-27,138.61180047602474,140.24753406418392,138.21891315884548,139.6461639404297,4539100.0,0.0,0.0,174.16000366210938,139.6461639404297
2017-11-28,140.23147697128977,141.7389151458572,138.70801107117947,141.57855224609375,6049000.0,0.0,0.0,176.57000732421875,141.57855224609375
2017-11-29,142.29584287269873,143.794784778758,141.57858977582416,142.84384155273438,4902200.0,0.89,0.0,177.25,142.84384155273438
2017-11-30,143.50467215915077,145.599976356617,142.9727824233212,144.91497802734375,9180700.0,0.0,0.0,179.82000732421875,144.91497802734375
2017-12-01,145.31787125861814,145.54351913411583,142.40054550216357,145.39845275878906,4683400.0,0.0,0.0,180.4199981689453,145.39845275878906
2017-12-04,147.63078698889996,150.14515637813147,147.63078698889996,149.00885009765625,6193800.0,0.0,0.0,184.89999389648438,149.00885009765625
2017-12-05,147.2519962725113,149.01689463713655,146.88128202960866,147.3567657470703,6347600.0,0.0,0.0,182.85000610351562,147.3567657470703
2017-12-06,145.26144014609278,146.79262377811554,143.9961889674191,145.70468139648438,6892500.0,0.0,0.0,180.8000030517578,145.70468139648438
2017-12-07,145.10028741726327,147.13918518909932,144.87463952687818,146.67176818847656,5484300.0,0.0,0.0,182.0,146.67176818847656
2017-12-08,147.074728339317,148.20296791193147,146.80072905695192,147.80809020996094,5092100.0,0.0,0.0,183.41000366210938,147.80809020996094
2017-12-11,146.5589033962446,147.44538578775104,145.96254139678715,146.87319946289062,6038900.0,0.0,0.0,182.25,146.87319946289062
2017-12-12,147.2761815174773,147.64689578445822,146.39776565694345,146.51058959960938,5275500.0,0.0,0.0,181.8000030517578,146.51058959960938
2017-12-13,146.6798361815908,148.0176147243504,146.67178171936533,147.50184631347656,5177400.0,0.0,0.0,183.02999877929688,147.50184631347656
2017-12-14,147.95311044652172,148.2835277803284,146.72010166122968,146.77651977539062,3542500.0,0.0,0.0,182.1300048828125,146.77651977539062
2017-12-15,147.46960806023992,147.64690459456392,146.77654314339753,147.13919067382812,8202200.0,0.0,0.0,182.5800018310547,147.13919067382812
2017-12-18,147.88061676137502,149.46821891689675,147.88061676137502,148.87185668945312,5011900.0,0.0,0.0,184.72999572753906,148.87185668945312
2017-12-19,149.2828463226679,150.47555830820372,148.7670779805264,149.8791961669922,4576300.0,0.0,0.0,185.97999572753906,149.8791961669922
2017-12-20,150.70118050941596,151.42647538990508,149.92752197959376,150.9510040283203,5383700.0,0.0,0.0,187.30999755859375,150.9510040283203
2017-12-21,151.4184276411191,152.18401944820823,151.0557801848017,151.57154846191406,5859100.0,0.0,0.0,188.0800018310547,151.57154846191406
2017-12-22,151.8777763881585,151.8777763881585,150.9187669524236,151.61183166503906,3256600.0,0.0,0.0,188.1300048828125,151.61183166503906
2017-12-26,151.93421856277695,153.45734794382852,151.78109771916058,153.40899658203125,2969200.0,0.0,0.0,190.36000061035156,153.40899658203125
2017-12-27,153.60238997199272,154.31963041766915,153.12690629697138,153.27197265625,5912600.0,0.0,0.0,190.19000244140625,153.27197265625
2017-12-28,153.85221701780114,153.90862283328198,152.82873491004307,152.94155883789062,3175700.0,0.0,0.0,189.77999877929688,152.94155883789062
2017-12-29,153.71519715231722,153.71519715231722,152.7400665283203,152.7400665283203,4637800.0,0.0,0.0,189.52999877929688,152.7400665283203
2018-01-02,153.2881246169692,153.69912350639902,151.5151592973393,151.53128051757812,4684700.0,0.0,0.0,188.02999877929688,151.53128051757812
2018-01-03,151.50708644470365,152.60309564703016,151.36203237082597,152.32102966308594,4530500.0,0.0,0.0,189.00999450683594,152.32102966308594
2018-01-04,153.01407793415717,153.81996660466416,151.8858387142015,153.52984619140625,4047400.0,0.0,0.0,190.50999450683594,153.52984619140625
2018-01-05,153.8683091379847,155.16579031500748,153.5298373913985,155.13356018066406,4224800.0,0.0,0.0,192.5,155.13356018066406
2018-01-08,154.50495469846422,156.1167318079438,154.40825200689815,154.76283264160156,3508500.0,0.0,0.0,192.0399932861328,154.76283264160156
2018-01-09,155.29474835140903,155.91528608682708,154.44050830614768,155.6171112060547,3012300.0,0.0,0.0,193.10000610351562,155.6171112060547
2018-01-10,155.3431349583374,155.71384925108694,154.44859781613195,154.56948852539062,3119500.0,0.0,0.0,191.8000030517578,154.56948852539062
2018-01-11,154.47273017373215,156.93069300994824,154.24708233600262,156.89039611816406,3899200.0,0.0,0.0,194.67999267578125,156.89039611816406
2018-01-12,157.5512474149512,160.7103297749597,157.00324897862197,158.29266357421875,6748400.0,0.0,0.0,196.4199981689453,158.29266357421875
2018-01-16,159.45317072278684,160.33158663108938,157.7124478296618,158.20404052734375,5692700.0,0.0,0.0,196.30999755859375,158.20404052734375
2018-01-17,159.1630468216177,161.03271484375,158.6311572328848,161.03271484375,3996100.0,0.0,0.0,199.82000732421875,161.03271484375
2018-01-18,161.00046071905848,161.37117497133104,159.29198042736317,159.83192443847656,4474600.0,0.0,0.0,198.3300018310547,159.83192443847656
2018-01-19,161.02464877918425,162.24960327148438,160.47665026495582,162.24960327148438,5809600.0,0.0,0.0,201.3300018310547,162.24960327148438
2018-01-22,162.4671911723224,164.78008815273378,162.39465183282468,164.77203369140625,4857700.0,0.0,0.0,204.4600067138672,164.77203369140625
2018-01-23,165.11856297016732,166.29516608031759,164.52220080517503,165.12661743164062,3621700.0,0.0,0.0,204.89999389648438,165.12661743164062
2018-01-24,165.3684042853887,166.89960061486258,164.84458140500155,166.19041442871094,4370700.0,0.0,0.0,206.22000122070312,166.19041442871094
2018-01-25,166.65778305259235,166.68195872946916,164.27234712670202,165.50535583496094,3537700.0,0.0,0.0,205.3699951171875,165.50535583496094
2018-01-26,165.6907733843171,167.06883660543306,164.75593924911396,167.00436401367188,3778100.0,0.0,0.0,207.22999572753906,167.00436401367188
2018-01-29,167.00437815780296,167.31061992038286,164.97354668133036,165.1427764892578,3632900.0,0.0,0.0,204.9199981689453,165.1427764892578
2018-01-30,162.36242957192175,163.71631695391503,154.38413477844745,162.6364288330078,5979600.0,0.0,0.0,201.80999755859375,162.6364288330078
2018-01-31,163.7727443348608,165.2716981907412,161.36313208089777,161.903076171875,4547300.0,0.0,0.0,200.89999389648438,161.903076171875
2018-02-01,160.64590263538702,162.9910424646235,159.79166230369282,161.09719848632812,3553800.0,0.0,0.0,199.89999389648438,161.09719848632812
2018-02-02,160.5733287979926,160.61362569370556,155.89111726327937,156.3182373046875,6179000.0,0.0,0.0,193.97000122070312,156.3182373046875
2018-02-05,153.17527508792628,156.58418093429327,145.36621141470172,147.5662841796875,10618500.0,0.0,0.0,183.11000061035156,147.5662841796875
2018-02-06,143.9478769422832,154.6984446291071,141.3690348220657,153.95701599121094,11682700.0,0.0,0.0,191.0399932861328,153.95701599121094
2018-02-07,153.7071819798414,156.76150770819535,152.8932386414132,154.15847778320312,6016800.0,0.0,0.0,191.2899932861328,154.15847778320312
2018-02-08,154.03759850795893,154.03759850795893,145.8094677139007,146.04318237304688,7241800.0,0.0,0.0,181.22000122070312,146.04318237304688
2018-02-09,147.6791296688813,149.89532397496274,141.66719352248066,148.3802490234375,9059200.0,0.0,0.0,184.1199951171875,148.3802490234375
2018-02-12,150.3385615052381,150.70926347537937,147.80807110778633,148.33189392089844,6783700.0,0.0,0.0,184.05999755859375,148.33189392089844
2018-02-13,147.66303234160466,148.27551582803284,145.7772551054638,148.05792236328125,4273800.0,0.0,0.0,183.72000122070312,148.05792236328125
2018-02-14,146.57506914899736,149.13778981005223,145.9061799225042,148.83961486816406,6767000.0,0.0,0.0,184.69000244140625,148.83961486816406
2018-02-15,150.49169499969597,150.8543425390211,147.6871928226343,149.30703735351562,5113300.0,0.0,0.0,185.27000427246094,149.30703735351562
2018-02-16,149.13776678247882,151.4990271617156,148.97659149544953,150.67701721191406,7619200.0,0.0,0.0,186.97000122070312,150.67701721191406
2018-02-20,153.03827364538108,154.2793492466918,150.1451358907611,150.46749877929688,8922100.0,0.0,0.0,186.7100067138672,150.46749877929688
2018-02-21,150.87044685692283,151.49097237586665,147.3648256767964,147.5260009765625,7527200.0,0.0,0.0,183.05999755859375,147.5260009765625
2018-02-22,148.05784990174814,150.0725713381459,147.4050821238567,149.46815490722656,5653900.0,0.0,0.0,185.47000122070312,149.46815490722656
2018-02-23,150.05647074243117,151.8374901475613,149.5890538293342,151.7891387939453,4315400.0,0.0,0.0,188.35000610351562,151.7891387939453
2018-02-26,152.44998177500722,152.94962889257715,151.3942694217483,151.8778076171875,4648000.0,0.0,0.0,188.4600067138672,151.8778076171875
2018-02-27,152.20827240663672,152.51451420371566,149.05725532936032,149.0733642578125,4618800.0,0.0,0.0,184.97999572753906,149.0733642578125
2018-02-28,148.61400641556068,150.41919006314714,146.889404296875,146.889404296875,6419900.0,0.0,0.0,182.27000427246094,146.889404296875
2018-03-01,147.2762127080639,148.60592462087178,143.64971225834412,144.7698974609375,6123900.0,0.0,0.0,179.63999938964844,144.7698974609375
2018-03-02,143.22254660215037,144.40720402332556,142.11041621568722,143.81890869140625,5671000.0,0.0,0.0,178.4600067138672,143.81890869140625
2018-03-05,143.3353969605247,146.88130312049447,143.20645178822693,146.46224975585938,5748600.0,0.0,0.0,181.74000549316406,146.46224975585938
2018-03-06,147.2762053153913,147.47767755248486,144.66512069577857,146.3816680908203,5306800.0,0.0,0.0,181.63999938964844,146.3816680908203
2018-03-07,144.9309099805336,145.88727618826601,143.30994024510844,144.73638916015625,4799200.0,1.03,0.0,178.5800018310547,144.73638916015625
2018-03-08,145.43337843295515,145.8710347351448,143.23695942598155,144.2176513671875,4750700.0,0.0,0.0,177.94000244140625,144.2176513671875
2018-03-09,145.07674410150145,147.70271867032392,144.20141924522727,147.63787841796875,4477200.0,0.0,0.0,182.16000366210938,147.63787841796875
2018-03-12,147.85674433925152,148.3673537490542,145.52255639519058,145.65223693847656,4993300.0,0.0,0.0,179.7100067138672,145.65223693847656
2018-03-13,145.55491970104387,146.6571792014041,144.15278486981794,144.5499267578125,6128100.0,0.0,0.0,178.35000610351562,144.5499267578125
2018-03-14,145.15780698627648,145.6116764153828,142.55614579634403,143.7880859375,4531500.0,0.0,0.0,177.41000366210938,143.7880859375
2018-03-15,144.01502516896167,145.7737754454175,143.22885403781123,144.32301330566406,3936700.0,0.0,0.0,178.07000732421875,144.32301330566406
2018-03-16,144.61477378809536,146.2114295779766,144.24195776527876,145.04434204101562,8410900.0,0.0,0.0,178.9600067138672,145.04434204101562
2018-03-19,144.79307601541302,145.3361116072838,142.64529666582976,143.53683471679688,4744500.0,0.0,0.0,177.10000610351562,143.53683471679688
2018-03-20,143.97451004472646,144.98761597905576,143.58548082870843,144.39596557617188,4148300.0,0.0,0.0,178.16000366210938,144.39596557617188
2018-03-21,144.5499321028464,146.00069408277523,144.00689654258528,144.282470703125,3494400.0,0.0,0.0,178.02000427246094,144.282470703125
2018-03-22,143.79619106971413,144.72014311426972,141.89965987831292,142.06985473632812,5255100.0,0.0,0.0,175.2899932861328,142.06985473632812
2018-03-23,142.8398103155676,143.50440125653185,139.04673595779755,139.2412567138672,6021300.0,0.0,0.0,171.8000030517578,139.2412567138672
2018-03-26,141.11350420945774,143.29371022581603,140.635321161852,142.95330810546875,7323600.0,0.0,0.0,176.3800048828125,142.95330810546875
2018-03-27,143.76380418050962,144.8579512890012,140.70017248950577,141.5754852294922,4713900.0,0.0,0.0,174.67999267578125,141.5754852294922
2018-03-28,142.0293308327962,143.88533519165094,140.95948518638934,141.64028930664062,4318600.0,0.0,0.0,174.75999450683594,141.64028930664062
2018-03-29,142.40214702625636,144.78497381732348,142.2400525736493,144.46078491210938,4423500.0,0.0,0.0,178.24000549316406,144.46078491210938
2018-04-02,143.57737279004587,144.0150414936043,138.12281372292603,140.1328125,7229300.0,0.0,0.0,172.89999389648438,140.1328125
2018-04-03,140.0355775181909,141.78622783884097,139.75190286147725,140.82984924316406,5283300.0,0.0,0.0,173.75999450683594,140.82984924316406
2018-04-04,138.43080517306691,144.1366126765775,138.12281699415868,143.8124237060547,4757300.0,0.0,0.0,177.44000244140625,143.8124237060547
2018-04-05,144.26627723378172,145.91966058755864,143.7070408096025,145.18212890625,3799900.0,0.0,0.0,179.1300048828125,145.18212890625
2018-04-06,144.25003220930333,144.687700778065,140.49749727039625,141.38902282714844,5236900.0,0.0,0.0,174.4499969482422,141.38902282714844
2018-04-09,141.88344988833657,142.11849737733723,139.7032440622339,139.81671142578125,5079800.0,0.0,0.0,172.50999450683594,139.81671142578125
2018-04-10,141.04863341370577,141.1783139172972,139.5978714266938,140.61097717285156,4783000.0,0.0,0.0,173.49000549316406,140.61097717285156
2018-04-11,139.40340059317373,141.88348236918986,139.2413060891434,140.1004180908203,4228400.0,0.0,0.0,172.86000061035156,140.1004180908203
2018-04-12,140.46510378406694,141.2188609988246,140.13280208329186,140.50563049316406,3396700.0,0.0,0.0,173.36000061035156,140.50563049316406
2018-04-13,141.42147892619388,142.2481644110975,139.58977560004064,140.0517578125,4311200.0,0.0,0.0,172.8000030517578,140.0517578125
2018-04-16,141.21075403471357,142.32112654789188,140.47322231373107,141.3728485107422,3534200.0,0.0,0.0,174.42999267578125,141.3728485107422
2018-04-17,142.45077586162094,142.83981739303655,141.1053807582712,141.76187133789062,3106500.0,0.0,0.0,174.91000366210938,141.76187133789062
2018-04-18,141.83483008318734,146.08987498568297,141.8267296878797,145.76568603515625,5858900.0,0.0,0.0,179.85000610351562,145.76568603515625
2018-04-19,145.48198587433214,145.64408032112365,142.45888177547332,143.52061462402344,5407300.0,0.0,0.0,177.0800018310547,143.52061462402344
2018-04-20,144.14466828408234,144.98756669343092,142.90462803135142,143.46385192871094,5008600.0,0.0,0.0,177.00999450683594,143.46385192871094
2018-04-23,143.95832685165126,144.57430330282787,142.75071224145827,143.99075317382812,2987700.0,0.0,0.0,177.66000366210938,143.99075317382812
2018-04-24,145.31983620748105,145.88717273917607,141.8752779622505,142.85595703125,4435400.0,0.0,0.0,176.25999450683594,142.85595703125
2018-04-25,142.71016326643092,144.32303245019563,141.47012252744688,143.7718963623047,5587300.0,0.0,0.0,177.38999938964844,143.7718963623047
2018-04-26,144.63909457263082,150.69340346736178,144.331106451397,150.52320861816406,8782500.0,0.0,0.0,185.72000122070312,150.52320861816406
2018-04-27,150.33682985405628,151.59307139918897,149.02383606979564,151.1230010986328,4382400.0,0.0,0.0,186.4600067138672,151.1230010986328
2018-04-30,151.5525360750982,152.20902669284945,149.77757263183594,149.77757263183594,4173200.0,0.0,0.0,184.8000030517578,149.77757263183594
2018-05-01,149.72088788008068,149.72088788008068,147.02197139483835,149.6398468017578,3423900.0,0.0,0.0,184.6300048828125,149.6398468017578
2018-05-02,149.52631362845906,151.65787979276215,148.92655055098584,150.6772003173828,3866500.0,0.0,0.0,185.91000366210938,150.6772003173828
2018-05-03,149.83431045823306,149.8586240111581,146.85983293591622,148.4727020263672,4123900.0,0.0,0.0,183.19000244140625,148.4727020263672
2018-05-04,148.11608505469925,151.0338350422547,147.3785409790928,149.9639892578125,3896200.0,0.0,0.0,185.02999877929688,149.9639892578125
2018-05-07,150.26384119911165,150.3448946066215,148.05122168464595,148.77255249023438,3582300.0,0.0,0.0,183.55999755859375,148.77255249023438
2018-05-08,148.68343902685953,150.18284090348635,147.91348091467967,149.97210693359375,4168200.0,0.0,0.0,185.0399932861328,149.97210693359375
2018-05-09,149.96398500327354,151.15539851713982,148.78068425140248,151.04193115234375,3392300.0,0.0,0.0,186.36000061035156,151.04193115234375
2018-05-10,150.72585924405135,152.34682884403728,150.65291858013597,151.69033813476562,3850100.0,0.0,0.0,187.16000366210938,151.69033813476562
2018-05-11,152.07126906910688,154.64050443633582,151.8443343113528,154.2433624267578,5355100.0,0.0,0.0,190.30999755859375,154.2433624267578
2018-05-14,155.20783376065341,155.32940152958636,153.87863922991647,154.867431640625,7035900.0,0.0,0.0,191.0800018310547,154.867431640625
2018-05-15,153.5868597130539,153.7408537938634,150.83121651725133,152.35491943359375,10147000.0,0.0,0.0,187.97999572753906,152.35491943359375
2018-05-16,153.40853657060805,153.40853657060805,150.66909444244968,151.05813598632812,5044800.0,0.0,0.0,186.3800048828125,151.05813598632812
2018-05-17,150.95281320592892,151.70655822966094,149.83434008217878,150.20716857910156,4227700.0,0.0,0.0,185.3300018310547,150.20716857910156
2018-05-18,150.54750849096828,152.54130596953496,150.38541405078706,151.90101623535156,4697900.0,0.0,0.0,187.4199981689453,151.90101623535156
2018-05-21,152.5331710710291,154.53506865260437,152.3710766543735,153.82183837890625,4147800.0,0.0,0.0,189.7899932861328,153.82183837890625
2018-05-22,154.04069370024874,154.62424357358776,151.17158379550926,151.4552459716797,4585600.0,0.0,0.0,186.8699951171875,151.4552459716797
2018-05-23,151.64171253013964,151.82002017726867,149.92347632753425,151.29319763183594,7387400.0,0.0,0.0,186.6699981689453,151.29319763183594
2018-05-24,151.390460675194,151.8929696950359,149.67223673945813,151.68223571777344,3941300.0,0.0,0.0,187.14999389648438,151.68223571777344
2018-05-25,151.32561953892557,152.23335854002102,150.79069661313017,151.4390869140625,2730400.0,0.0,0.0,186.85000610351562,151.4390869140625
2018-05-29,150.38546640657492,151.42288602532165,149.33183362806164,149.939697265625,4725500.0,0.0,0.0,185.0,149.939697265625
2018-05-30,150.64058265004152,153.06120002777115,149.97225835272033,152.48252868652344,3976000.0,1.03,0.0,187.08999633789062,152.48252868652344
2018-05-31,152.5396141739129,152.70261618675696,150.98291821330093,152.04244995117188,4839900.0,0.0,0.0,186.5500030517578,152.04244995117188
2018-06-01,152.58030962232493,153.90064159018237,152.01794232157036,152.6944122314453,3706200.0,0.0,0.0,187.35000610351562,152.6944122314453
2018-06-04,153.40352233523703,156.10939032832434,153.19976672831385,155.9626922607422,4103300.0,0.0,0.0,191.36000061035156,155.9626922607422
2018-06-05,155.21284560351162,156.79399082273136,154.60972463688822,156.4353790283203,4231300.0,0.0,0.0,191.94000244140625,156.4353790283203
2018-06-06,157.35637919502318,157.78018188476562,155.840437048432,157.78018188476562,4134700.0,0.0,0.0,193.58999633789062,157.78018188476562
2018-06-07,157.9757852361746,160.72240660464468,157.9757852361746,159.8829345703125,4378700.0,0.0,0.0,196.1699981689453,159.8829345703125
2018-06-08,159.63841128518897,161.78192387839286,158.93749162131354,161.64337158203125,4006200.0,0.0,0.0,198.3300018310547,161.64337158203125
2018-06-11,162.11608154086642,163.42826788355018,161.6515128809165,162.71104431152344,4243000.0,0.0,0.0,199.63999938964844,162.71104431152344
2018-06-12,162.87407487992027,164.09660849079364,162.60511599317755,164.07215881347656,4616700.0,0.0,0.0,201.30999755859375,164.07215881347656
2018-06-13,164.06401779677344,164.2922230824824,162.72738150779736,163.25714111328125,5128100.0,0.0,0.0,200.30999755859375,163.25714111328125
2018-06-14,163.21641024318933,163.81953140301917,161.50487036192698,162.7355499267578,4305900.0,0.0,0.0,199.6699981689453,162.7355499267578
2018-06-15,162.14872777434323,164.3085449128664,161.7819701278036,163.44461059570312,7820900.0,0.0,0.0,200.5399932861328,163.44461059570312
2018-06-18,162.14051416626663,163.7461088526699,161.4640442658212,163.56680297851562,3396300.0,0.0,0.0,200.69000244140625,163.56680297851562
2018-06-19,161.5455734139268,162.92295063621907,161.45592046466487,162.360595703125,5501100.0,0.0,0.0,199.2100067138672,162.360595703125
2018-06-20,163.0045036727862,163.11046057977566,161.47225735865987,162.2546844482422,3389600.0,0.0,0.0,199.0800018310547,162.2546844482422
2018-06-21,162.36062390121194,163.77060922425403,161.87160546826115,163.25714111328125,4695100.0,0.0,0.0,200.30999755859375,163.25714111328125
2018-06-22,163.64827503546337,163.98243706696863,160.697899138392,160.8935089111328,6785800.0,0.0,0.0,197.41000366210938,160.8935089111328
2018-06-25,160.89357976815668,161.24403344120836,158.9782720965211,160.05410766601562,5127200.0,0.0,0.0,196.3800048828125,160.05410766601562
2018-06-26,160.21711721599814,160.82838406304634,159.41839868467346,160.03781127929688,3270600.0,0.0,0.0,196.36000061035156,160.03781127929688
2018-06-27,160.2823150065096,161.36629633710393,158.93752052738634,158.9456787109375,3771700.0,0.0,0.0,195.02000427246094,158.9456787109375
2018-06-28,158.92939521466067,159.75256350256615,157.71500715366025,159.10055541992188,2994000.0,0.0,0.0,195.2100067138672,159.10055541992188
2018-06-29,159.63024612562336,162.05086301716227,158.92118080216807,159.01083374023438,4106600.0,0.0,0.0,195.10000610351562,159.01083374023438
2018-07-02,157.9676437630987,158.26103988128392,156.58209576719955,158.13064575195312,3822800.0,0.0,0.0,194.02000427246094,158.13064575195312
2018-07-03,158.47296609752186,159.5080480841828,157.63349397459186,157.8046417236328,1608400.0,0.0,0.0,193.6199951171875,157.8046417236328
2018-07-05,158.513720133789,158.71747574546148,157.40528910884038,158.44851684570312,3040600.0,0.0,0.0,194.41000366210938,158.44851684570312
2018-07-06,158.58704614776883,159.21461682276947,157.25855577291458,158.5055389404297,2552400.0,0.0,0.0,194.47999572753906,158.5055389404297
2018-07-09,159.49982740775854,160.32300771337674,158.95376407624732,159.80953979492188,2575100.0,0.0,0.0,196.0800018310547,159.80953979492188
2018-07-10,160.2008187463381,161.17884324770796,160.05412066744793,161.0565948486328,2842400.0,0.0,0.0,197.61000061035156,161.0565948486328
2018-07-11,160.73872103233654,161.17882766270768,159.7036390873135,160.51866149902344,3309300.0,0.0,0.0,196.9499969482422,160.51866149902344
2018-07-12,161.53743479619584,161.76564006990984,160.5594104179567,161.33367919921875,2709200.0,0.0,0.0,197.9499969482422,161.33367919921875
2018-07-13,161.74933118999542,162.94740253008706,161.74933118999542,161.93678283691406,2308100.0,0.0,0.0,198.69000244140625,161.93678283691406
2018-07-16,162.30353033622848,162.36873360856623,161.2847525239251,162.0916290283203,2530500.0,0.0,0.0,198.8800048828125,162.0916290283203
2018-07-17,161.88784954563604,164.16990155900214,161.88784954563604,163.9009552001953,4662800.0,0.0,0.0,201.10000610351562,163.9009552001953
2018-07-18,163.83581281296512,164.56932802748761,163.15934270184732,163.79505920410156,3787800.0,0.0,0.0,200.97000122070312,163.79505920410156
2018-07-19,163.7298363962421,165.6369856756222,163.45273178701672,165.14797973632812,3691100.0,0.0,0.0,202.6300048828125,165.14797973632812
2018-07-20,164.69971220017663,166.06894373072117,164.48781087366484,165.0012664794922,3564100.0,0.0,0.0,202.4499969482422,165.0012664794922
2018-07-23,165.00943981324485,165.76740467233904,164.55301682490042,164.8219757080078,2264300.0,0.0,0.0,202.22999572753906,164.8219757080078
2018-07-24,165.88147152088573,166.468288514466,164.1047290498386,164.6263427734375,5058100.0,0.0,0.0,201.99000549316406,164.6263427734375
2018-07-25,164.14552306158663,164.87089257382914,162.2465316205661,163.81951904296875,4382700.0,0.0,0.0,201.0,163.81951904296875
2018-07-26,164.2514896411461,164.73234994962792,162.11613459000128,162.51548767089844,4280000.0,0.0,0.0,199.39999389648438,162.51548767089844
2018-07-27,163.17560131435266,163.40380653710332,160.29856148618865,160.67347717285156,3871200.0,0.0,0.0,197.13999938964844,160.67347717285156
2018-07-30,160.176330933884,161.02396108653338,160.0703740557395,160.78759765625,2331100.0,0.0,0.0,197.27999877929688,160.78759765625
2018-07-31,161.12178290875966,161.39888754463837,160.4534585603115,160.9832305908203,2795900.0,0.0,0.0,197.52000427246094,160.9832305908203
2018-08-01,160.4452868306046,161.16251041791247,159.4183632329845,159.98887634277344,3086800.0,0.0,0.0,196.3000030517578,159.98887634277344
2018-08-02,159.01087460380367,159.61398321828423,157.74758740140447,159.46728515625,3543500.0,0.0,0.0,195.66000366210938,159.46728515625
2018-08-03,159.76881644348413,160.07037070727552,159.13310006042212,159.45095825195312,2309000.0,0.0,0.0,195.63999938964844,159.45095825195312
2018-08-06,159.43467220096832,159.79328403393154,159.01901526889975,159.49172973632812,2515700.0,0.0,0.0,195.69000244140625,159.49172973632812
2018-08-07,160.02967593523488,160.72243761183904,159.45100447712397,160.60018920898438,3052500.0,0.0,0.0,197.0500030517578,160.60018920898438
2018-08-08,160.91803256270515,162.1161165445493,160.80392991854168,161.3907470703125,2176700.0,0.0,0.0,198.02000427246094,161.3907470703125
2018-08-09,162.18945533564982,162.79257638028133,161.40702837062125,161.43963623046875,2466000.0,0.0,0.0,198.0800018310547,161.43963623046875
2018-08-10,160.83649404356657,161.31735420494203,159.45095865229254,159.98887634277344,2873000.0,0.0,0.0,196.3000030517578,159.98887634277344
2018-08-13,159.9889060292095,161.0402794954595,158.11435194671387,158.22845458984375,5294400.0,0.0,0.0,194.13999938964844,158.22845458984375
2018-08-14,159.06788789715753,159.72805391681302,155.88930615946356,157.38079833984375,11488000.0,0.0,0.0,193.10000610351562,157.38079833984375
2018-08-15,156.28053142099915,158.2610297089795,155.74261369972533,158.10618591308594,6049300.0,0.0,0.0,193.99000549316406,158.10618591308594
2018-08-16,158.13066136719866,159.8177513946351,157.88615214164466,159.2472381591797,5690100.0,0.0,0.0,195.38999938964844,159.2472381591797
2018-08-17,159.41842634991656,159.72812648284525,158.78270971356554,159.3858184814453,3885800.0,0.0,0.0,195.55999755859375,159.3858184814453
2018-08-20,159.6139738291546,161.7330369108663,159.25536200582607,161.31736755371094,2956700.0,0.0,0.0,197.92999267578125,161.31736755371094
2018-08-21,162.05089870962377,163.60759441516672,161.70859080786246,163.19192504882812,4124600.0,0.0,0.0,200.22999572753906,163.19192504882812
2018-08-22,163.65650103499343,165.8978126435905,161.9041954065191,162.16500854492188,5007000.0,0.0,0.0,198.97000122070312,162.16500854492188
2018-08-23,162.50730176073776,164.15365034826794,162.30354617838887,163.13487243652344,3595000.0,0.0,0.0,200.16000366210938,163.13487243652344
2018-08-24,163.2897570188049,165.042050356732,163.0044941794884,164.06402587890625,3054300.0,0.0,0.0,201.3000030517578,164.06402587890625
2018-08-27,165.31095316093942,165.4087518446541,163.97431725974783,164.61817932128906,2521300.0,0.0,0.0,201.97999572753906,164.61817932128906
2018-08-28,164.87902050783748,164.97681920822868,163.5179347036265,164.6100616455078,3516300.0,0.0,0.0,201.97000122070312,164.6100616455078
2018-08-29,164.74932528115806,165.47022533708508,164.42165025573723,165.2162628173828,2488000.0,1.03,0.0,201.67999267578125,165.2162628173828
2018-08-30,164.65925390905974,165.01970402707028,163.10277839947324,163.2338409423828,2825400.0,0.0,0.0,199.25999450683594,163.2338409423828
2018-08-31,163.33210712804046,164.5854821827395,163.25836962482245,164.47079467773438,4023300.0,0.0,0.0,200.77000427246094,164.47079467773438
2018-09-04,164.4052386276706,168.6896508313069,164.2495886384373,168.00152587890625,4612800.0,0.0,0.0,205.0800018310547,168.00152587890625
2018-09-05,167.79676290171307,169.3040881298977,166.42050019336918,167.2397003173828,3667100.0,0.0,0.0,204.14999389648438,167.2397003173828
2018-09-06,167.60018300544598,169.6481837142471,166.95302028146676,168.66514587402344,3490400.0,0.0,0.0,205.88999938964844,168.66514587402344
2018-09-07,168.3046589517607,169.76283413761666,168.28827144967198,168.94363403320312,3672700.0,0.0,0.0,206.22999572753906,168.94363403320312
2018-09-10,170.50007925902017,173.3590789112288,170.50007925902017,172.59722900390625,5586600.0,0.0,0.0,210.69000244140625,172.59722900390625
2018-09-11,174.48966412398713,175.84953962373388,173.26086367240976,175.1859893798828,5969500.0,0.0,0.0,213.85000610351562,175.1859893798828
2018-09-12,175.3334002171183,176.48027538206625,172.77749984951896,173.65403747558594,5660100.0,0.0,0.0,211.97999572753906,173.65403747558594
2018-09-13,173.21167945199744,173.21167945199744,170.96706657033533,171.5814666748047,4701100.0,0.0,0.0,209.4499969482422,171.5814666748047
2018-09-14,172.1876875781645,172.4662126389497,170.02499960618044,171.2701873779297,3622400.0,0.0,0.0,209.07000732421875,171.2701873779297
2018-09-17,171.2783148677977,172.06473976388185,170.6065649565607,170.72125244140625,3074700.0,0.0,0.0,208.39999389648438,170.72125244140625
2018-09-18,170.90969676556824,173.4492092175085,170.5246717728548,172.86758422851562,4338500.0,0.0,0.0,211.02000427246094,172.86758422851562
2018-09-19,173.67039889970633,174.219261396229,172.572673906661,173.4082489013672,2579100.0,0.0,0.0,211.67999267578125,173.4082489013672
2018-09-20,173.39190043832258,174.1701380524978,172.85941286020133,172.90037536621094,4020800.0,0.0,0.0,211.05999755859375,172.90037536621094
2018-09-21,173.0969584437757,174.21107091766842,172.4497834589411,173.98988342285156,9749200.0,0.0,0.0,212.38999938964844,173.98988342285156
2018-09-24,173.2772279454914,173.53936550667822,170.36087726477163,170.3854522705078,4623700.0,0.0,0.0,207.99000549316406,170.3854522705078
2018-09-25,171.08175110020136,171.45858865769165,169.41058834524907,169.95126342773438,4443300.0,0.0,0.0,207.4600067138672,169.95126342773438
2018-09-26,170.86879278584388,171.3275429342758,169.76286742801366,170.0004425048828,2965800.0,0.0,0.0,207.52000427246094,170.0004425048828
2018-09-27,169.98404979216502,170.254387371353,168.48491185303368,169.44337463378906,3218800.0,0.0,0.0,206.83999633789062,169.44337463378906
2018-09-28,169.11568627660415,171.0899617001013,169.04196126078958,169.6973114013672,3966100.0,0.0,0.0,207.14999389648438,169.6973114013672
2018-10-01,170.8196264168197,171.86000165384218,169.87753870218944,170.0659637451172,3670500.0,0.0,0.0,207.60000610351562,170.0659637451172
2018-10-02,169.97579822457203,170.42634818673255,167.6656484185901,167.73118591308594,4428000.0,0.0,0.0,204.75,167.73118591308594
2018-10-03,168.88633280747624,169.13209539159737,166.83013210366693,166.90386962890625,4162500.0,0.0,0.0,203.74000549316406,166.90386962890625
2018-10-04,166.83008417624308,166.92019668119957,162.4227964338267,162.89793395996094,5996200.0,0.0,0.0,198.85000610351562,162.89793395996094
2018-10-05,163.0781773470759,163.5942649336202,159.39177672889215,160.87452697753906,5016600.0,0.0,0.0,196.3800048828125,160.87452697753906
2018-10-08,160.75982817143375,162.7422908646912,159.79316557720009,162.53749084472656,3731800.0,0.0,0.0,198.41000366210938,162.53749084472656
2018-10-09,162.1605896291003,163.16820183164637,160.21909020224402,160.3583526611328,4466800.0,0.0,0.0,195.75,160.3583526611328
2018-10-10,163.11093757084663,163.21743758721612,158.3923493455795,158.67906188964844,6157900.0,0.0,0.0,193.6999969482422,158.67906188964844
2018-10-11,158.6872845581868,161.11211027726083,154.39467078522645,155.43505859375,5831400.0,0.0,0.0,189.74000549316406,155.43505859375
2018-10-12,157.90083806799487,158.5889632338936,155.77911255647234,157.6714630126953,5450200.0,0.0,0.0,192.47000122070312,157.6714630126953
2018-10-15,157.58135662060084,158.34320683390837,156.22148123985454,156.60650634765625,3642800.0,0.0,0.0,191.1699981689453,156.60650634765625
2018-10-16,157.14720988651737,158.9904107355486,156.1477844261533,158.580810546875,4057400.0,0.0,0.0,193.5800018310547,158.580810546875
2018-10-17,155.3530628216268,156.19683768759023,150.7163885581786,151.6912384033203,8985700.0,0.0,0.0,185.1699981689453,151.6912384033203
2018-10-18,150.9458051510904,151.87969276029605,147.07099219798292,147.81646728515625,9262000.0,0.0,0.0,180.44000244140625,147.81646728515625
2018-10-19,147.7345451964761,148.26703276927134,146.28456999825306,147.33314514160156,7004300.0,0.0,0.0,179.85000610351562,147.33314514160156
2018-10-22,148.1278032215794,148.6029283922895,145.45720226204583,146.4320526123047,4866700.0,0.0,0.0,178.75,146.4320526123047
2018-10-23,143.99079761942204,147.03822283358977,143.7204601004232,146.2517852783203,7004900.0,0.0,0.0,178.52999877929688,146.2517852783203
2018-10-24,146.29274373295144,149.397506365233,144.4331561537218,144.9738311767578,6791700.0,0.0,0.0,176.97000122070312,144.9738311767578
2018-10-25,145.42443568765145,147.8656489965687,144.8591855003509,146.69419860839844,5228000.0,0.0,0.0,179.07000732421875,146.69419860839844
2018-10-26,144.9001080234284,145.276933044294,140.00948275262402,141.0908203125,9472200.0,0.0,0.0,172.22999572753906,141.0908203125
2018-10-29,142.32781201019637,144.17101200385324,140.04223701806188,141.88543701171875,5918400.0,0.0,0.0,173.1999969482422,141.88543701171875
2018-10-30,141.8526712819533,144.53144621174096,141.4266837931187,144.3758087158203,5657100.0,0.0,0.0,176.24000549316406,144.3758087158203
2018-10-31,145.80124550663368,146.5139581679783,143.84335756340502,144.0809326171875,6339500.0,0.0,0.0,175.8800048828125,144.0809326171875
2018-11-01,144.8673274163562,148.16051497128586,144.09727740351192,147.8328399658203,5225300.0,0.0,0.0,180.4600067138672,147.8328399658203
2018-11-02,149.47948803566865,149.9218507222135,145.31794878074285,147.39871215820312,4730600.0,0.0,0.0,179.92999267578125,147.39871215820312
2018-11-05,148.29159846429005,149.4302860484816,146.88257336011046,149.25006103515625,3885300.0,0.0,0.0,182.19000244140625,149.25006103515625
2018-11-06,149.03706259211899,149.62688764195323,147.49697496199724,149.10260009765625,3338800.0,0.0,0.0,182.00999450683594,149.10260009765625
2018-11-07,150.56079461376945,153.74748279347207,149.14358181148592,153.37884521484375,4673400.0,0.0,0.0,187.22999572753906,153.37884521484375
2018-11-08,153.29695854130935,154.5749090293353,152.1418831002071,154.00965881347656,4054000.0,0.0,0.0,188.0,154.00965881347656
2018-11-09,154.27179036761507,154.40285290190963,151.51927714737715,152.36305236816406,4761100.0,0.0,0.0,185.99000549316406,152.36305236816406
2018-11-12,151.7404065016295,153.14943144593008,146.65318170272994,146.98904418945312,7590400.0,0.0,0.0,179.42999267578125,146.98904418945312
2018-11-13,145.24417270488735,148.7831104535339,141.5987349487581,146.63681030273438,14274000.0,0.0,0.0,179.0,146.63681030273438
2018-11-14,149.59412211535198,149.8316846306216,146.7596844331649,147.37408447265625,7561100.0,0.0,0.0,179.89999389648438,147.37408447265625
2018-11-15,146.64501016989334,147.18568525347646,142.22133448603608,145.2933349609375,8663100.0,0.0,0.0,177.36000061035156,145.2933349609375
2018-11-16,142.53262579388053,145.49812607046988,142.1394007572048,145.01480102539062,6834900.0,0.0,0.0,177.02000427246094,145.01480102539062
2018-11-19,144.76085357980517,146.5385162772651,141.14817817851494,142.20494079589844,6203400.0,0.0,0.0,173.58999633789062,142.20494079589844
2018-11-20,138.64960105104666,140.90240106812425,136.80640103707412,138.4857635498047,8661000.0,0.0,0.0,169.0500030517578,138.4857635498047
2018-11-21,139.26398921339728,140.02583915438868,138.56766426733068,138.6905517578125,5752100.0,0.0,0.0,169.3000030517578,138.6905517578125
2018-11-23,138.76429244741234,139.5343424748672,138.01062992054173,138.32192993164062,2711000.0,0.0,0.0,168.85000610351562,138.32192993164062
2018-11-26,139.4278647091849,141.22191505929172,138.33832699656287,139.1165771484375,6140500.0,0.0,0.0,169.82000732421875,139.1165771484375
2018-11-27,138.53492734907334,142.03291522401042,138.29736482360985,141.90184020996094,7084200.0,0.0,0.0,173.22000122070312,141.90184020996094
2018-11-28,142.4951986551857,146.40142637923796,140.60800175726428,146.22012329101562,7133600.0,1.03,0.0,177.42999267578125,146.22012329101562
2018-11-29,145.70090245861303,146.08823051761226,144.1515902226161,144.7614288330078,4329300.0,0.0,0.0,175.66000366210938,144.7614288330078
2018-11-30,144.8356762312214,148.64301686839235,144.30825236557533,148.60182189941406,8942400.0,0.0,0.0,180.32000732421875,148.60182189941406
2018-12-03,151.04936405428649,151.22243067951817,147.8024188847959,149.7720184326172,7610600.0,0.0,0.0,181.74000549316406,149.7720184326172
2018-12-04,149.21158007723028,150.1757758014642,143.8466923065634,144.4647674560547,7059600.0,0.0,0.0,175.3000030517578,144.4647674560547
2018-12-06,142.98139014882,145.07459920368998,140.4761309782474,145.00868225097656,7571200.0,0.0,0.0,175.9600067138672,145.00868225097656
2018-12-07,144.5060398065989,146.98657799241283,141.9430865339728,142.39633178710938,6226100.0,0.0,0.0,172.7899932861328,142.39633178710938
2018-12-10,142.89075995775354,143.38522520034215,138.22634893353413,141.4897918701172,5373800.0,0.0,0.0,171.69000244140625,141.4897918701172
2018-12-11,143.64071721743264,144.71205036413312,141.11897174236526,141.91835021972656,5229400.0,0.0,0.0,172.2100067138672,141.91835021972656
2018-12-12,143.18743662426303,145.75862570691223,142.41278027890758,143.5665283203125,5912500.0,0.0,0.0,174.2100067138672,143.5665283203125
2018-12-13,143.6489373613121,144.14340262657234,141.8029605305252,143.2863311767578,6102200.0,0.0,0.0,173.8699951171875,143.2863311767578
2018-12-14,142.5528842198404,144.33294410863877,141.70406181055466,141.9842529296875,4265200.0,0.0,0.0,172.2899932861328,141.9842529296875
2018-12-17,141.34145851359997,141.73703576905527,137.5670770808583,138.4241485595703,5631700.0,0.0,0.0,167.97000122070312,138.4241485595703
2018-12-18,139.19059170057645,141.70410114287355,138.86095647772143,140.13006591796875,4462200.0,0.0,0.0,170.0399932861328,140.13006591796875
2018-12-19,140.8551890255515,144.17631145658217,137.4351786054344,138.08621215820312,6996900.0,0.0,0.0,167.55999755859375,138.08621215820312
2018-12-20,137.03140574168202,137.88022809960498,133.69379679583946,135.28431701660156,7675600.0,0.0,0.0,164.16000366210938,135.28431701660156
2018-12-21,134.17180367009033,138.4159288936156,131.9961787999432,132.25164794921875,13034100.0,0.0,0.0,160.47999572753906,132.25164794921875
2018-12-24,131.98791313215685,133.00978950326817,130.2820193968625,130.32322692871094,4547400.0,0.0,0.0,158.13999938964844,130.32322692871094
2018-12-26,131.41103792037813,138.67959594726562,131.39455239362374,138.67959594726562,6141500.0,0.0,0.0,168.27999877929688,138.67959594726562
2018-12-27,137.16325048904113,140.47613708422543,134.62502015701273,140.3607635498047,5069300.0,0.0,0.0,170.32000732421875,140.3607635498047
2018-12-28,141.1024664594634,142.66825213368668,138.94332751242894,140.2783660888672,4552000.0,0.0,0.0,170.22000122070312,140.2783660888672
2018-12-31,141.30849891227228,142.76716016513967,140.6327305372941,141.59693908691406,4206000.0,0.0,0.0,171.82000732421875,141.59693908691406
2019-01-02,139.8580616795073,142.71767803381357,139.31415248598742,142.0831298828125,4242900.0,0.0,0.0,172.41000366210938,142.0831298828125
2019-01-03,141.61342491909474,141.61342491909474,138.6219486968307,138.9515838623047,4810500.0,0.0,0.0,168.61000061035156,138.9515838623047
2019-01-04,140.2454145835995,144.00332336021324,139.7015178200101,143.080322265625,4762600.0,0.0,0.0,173.6199951171875,143.080322265625
2019-01-07,143.25340217295118,146.83823207207246,143.25340217295118,145.8987579345703,4928800.0,0.0,0.0,177.0399932861328,145.8987579345703
2019-01-08,147.15960743058358,148.00018074457205,144.72026483026826,146.59921264648438,4722400.0,0.0,0.0,177.88999938964844,146.59921264648438
2019-01-09,146.58277293311727,149.38472257982195,145.94822451095254,148.1156005859375,4922000.0,0.0,0.0,179.72999572753906,148.1156005859375
2019-01-10,146.71460829282947,147.71177541226982,145.3218764616496,147.5634307861328,3605300.0,0.0,0.0,179.05999755859375,147.5634307861328
2019-01-11,146.63223533057092,148.55239152050808,145.96471575816625,147.85191345214844,3285100.0,0.0,0.0,179.41000366210938,147.85191345214844
2019-01-14,146.35203332171199,147.70355790232375,145.78340185384138,147.35743713378906,3871400.0,0.0,0.0,178.80999755859375,147.35743713378906
2019-01-15,145.10760219648742,146.54154144169487,144.38238980928716,145.4290008544922,5016100.0,0.0,0.0,176.47000122070312,145.4290008544922
2019-01-16,145.93996547761745,146.6322069316134,144.92632530749646,145.8987579345703,4075400.0,0.0,0.0,177.0399932861328,145.8987579345703
2019-01-17,143.40173140187107,144.59668725271996,141.74529383226238,144.11045837402344,6499200.0,0.0,0.0,174.8699951171875,144.11045837402344
2019-01-18,145.84929244289333,148.37103777893094,145.19000957551964,147.99195861816406,6371100.0,0.0,0.0,179.5800018310547,147.99195861816406
2019-01-22,146.26956777972913,147.18431962201024,144.51423010473144,145.95640563964844,6272700.0,0.0,0.0,177.11000061035156,145.95640563964844
2019-01-23,145.52791380323612,146.7393426235177,143.83026867407327,145.775146484375,4910400.0,0.0,0.0,176.88999938964844,145.775146484375
2019-01-24,145.86575277455816,146.30252492660188,144.4647847826384,146.104736328125,3860100.0,0.0,0.0,177.2899932861328,146.104736328125
2019-01-25,148.15675591253435,149.05502225180976,147.1925600380681,148.66769409179688,4501800.0,0.0,0.0,180.39999389648438,148.66769409179688
2019-01-28,147.4892255391072,148.32981133094796,146.20363113674614,148.1979522705078,4091400.0,0.0,0.0,179.8300018310547,148.1979522705078
2019-01-29,147.48102127962457,148.46169024709198,146.76404534109523,148.08261108398438,3686900.0,0.0,0.0,179.69000244140625,148.08261108398438
2019-01-30,148.72540831800606,151.7992994569785,148.1567769989811,150.13461303710938,5197700.0,0.0,0.0,182.17999267578125,150.13461303710938
2019-01-31,149.5742388771633,152.1866359204801,149.21163264973944,151.24716186523438,5138000.0,0.0,0.0,183.52999877929688,151.24716186523438
2019-02-01,151.65917050059383,152.58215877187604,150.6702526992526,151.93936157226562,4513100.0,0.0,0.0,184.3699951171875,151.93936157226562
2019-02-04,151.88172888048715,153.63705444335938,151.50263710706403,153.63705444335938,3050200.0,0.0,0.0,186.42999267578125,153.63705444335938
2019-02-05,154.0161151196465,154.09853018520394,152.20309685034414,153.60406494140625,4135200.0,0.0,0.0,186.38999938964844,153.60406494140625
2019-02-06,153.8513540602785,153.8513540602785,151.68396530290332,152.22787475585938,3072500.0,0.0,0.0,184.72000122070312,152.22787475585938
2019-02-07,151.42019931251937,152.3926316670006,150.35710284388347,151.69215393066406,2793400.0,0.0,0.0,184.07000732421875,151.69215393066406
2019-02-08,150.8515663424451,152.11243882816532,150.57961172741895,152.0794677734375,2792300.0,0.0,0.0,184.5399932861328,152.0794677734375
2019-02-11,152.45856073380997,152.80468136271935,150.6043349951555,150.7444305419922,3729200.0,0.0,0.0,182.9199981689453,150.7444305419922
2019-02-12,151.50263533617726,153.61233063810866,151.23892971082378,152.8871307373047,3773200.0,0.0,0.0,185.52000427246094,152.8871307373047
2019-02-13,153.52990077565852,155.49125109684934,153.21673861249818,155.2687530517578,4146900.0,0.0,0.0,188.41000366210938,155.2687530517578
2019-02-14,154.51884315280662,155.69730082735973,153.28269240758416,154.69190979003906,2600600.0,0.0,0.0,187.7100067138672,154.69190979003906
2019-02-15,156.47190888922484,158.7381845542123,155.796153229819,158.54864501953125,4997900.0,0.0,0.0,192.38999938964844,158.54864501953125
2019-02-19,157.98831402796017,159.20797925968418,157.63394427039813,158.49925231933594,3828400.0,0.0,0.0,192.3300018310547,158.49925231933594
2019-02-20,158.54866159831406,158.55689807467562,157.4938141844733,158.10365295410156,3970100.0,0.0,0.0,191.85000610351562,158.10365295410156
2019-02-21,158.10365572011057,158.53217884432385,157.08176676861126,158.0789337158203,3094200.0,0.0,0.0,191.82000732421875,158.0789337158203
2019-02-22,157.97177736521607,158.6722550258946,157.91408431239867,158.54864501953125,3321600.0,0.0,0.0,192.38999938964844,158.54864501953125
2019-02-25,158.84535319744245,159.39749896028425,156.54611859845795,156.56259155273438,6190700.0,0.0,0.0,189.97999572753906,156.56259155273438
2019-02-26,152.94482819091985,155.31824195611446,150.64559303697052,155.1781463623047,13635100.0,0.0,0.0,188.3000030517578,155.1781463623047
2019-02-27,154.84844385647008,155.34290907441448,150.98342394947022,151.3625030517578,8766200.0,0.0,0.0,183.6699981689453,151.3625030517578
2019-02-28,151.3048199056213,152.6151363629067,150.90100623224836,152.5739288330078,8060600.0,0.0,0.0,185.13999938964844,152.5739288330078
2019-03-01,153.13432080072434,153.74414696299797,150.69497842731266,152.59864807128906,5481300.0,0.0,0.0,185.1699981689453,152.59864807128906
2019-03-04,153.44748943518505,153.48046049251502,150.06868539575527,151.47789001464844,5046800.0,0.0,0.0,183.80999755859375,151.47789001464844
2019-03-05,151.83226433367616,152.55746414491136,151.0164003994154,151.6344757080078,3691000.0,0.0,0.0,184.0,151.6344757080078
2019-03-06,152.0712395968747,152.4338457700332,151.50260833212835,152.00531005859375,4460900.0,0.0,0.0,184.4499969482422,152.00531005859375
2019-03-07,151.9558833233693,152.14542290824096,149.64016304262725,150.4065704345703,4122200.0,0.0,0.0,182.50999450683594,150.4065704345703
2019-03-08,149.56598924421777,149.9121099104681,147.9425104163554,149.35171508789062,3867100.0,0.0,0.0,181.22999572753906,149.35171508789062
2019-03-11,149.9862707700687,150.97518872172972,149.32698794403666,150.348876953125,3866200.0,0.0,0.0,182.44000244140625,150.348876953125
2019-03-12,151.16473243758588,151.8569863400379,150.25822952984828,151.6344757080078,3777000.0,0.0,0.0,184.0,151.6344757080078
2019-03-13,152.1326632770122,152.58098577378354,150.33934795309918,150.38916015625,4528300.0,1.36,0.0,181.13999938964844,150.38916015625
2019-03-14,150.50534768905123,150.8872622459581,149.85776390559127,150.77932739257812,4393000.0,0.0,0.0,181.61000061035156,150.77932739257812
2019-03-15,151.35219004689617,151.50993708551212,149.0856468474186,151.2940673828125,8059100.0,0.0,0.0,182.22999572753906,151.2940673828125
2019-03-18,151.54311797305493,152.33184037794348,151.37707315124806,152.2820281982422,4395800.0,0.0,0.0,183.4199981689453,152.2820281982422
2019-03-19,152.92136370954455,154.27465415000805,152.33188983208998,152.87155151367188,4437100.0,0.0,0.0,184.1300048828125,152.87155151367188
2019-03-20,153.0126512412763,155.35391252866532,152.29033658022766,154.507080078125,4772600.0,0.0,0.0,186.10000610351562,154.507080078125
2019-03-21,154.00899270145226,157.74505990984326,154.00899270145226,157.72015380859375,4755700.0,0.0,0.0,189.97000122070312,157.72015380859375
2019-03-22,157.1721602950418,159.447014175633,156.64080913580142,156.7072296142578,5173600.0,0.0,0.0,188.75,156.7072296142578
2019-03-25,156.70721012804577,159.1647168517036,156.50794871745427,157.4793243408203,3845900.0,0.0,0.0,189.67999267578125,157.4793243408203
2019-03-26,158.31790762231356,159.5632632172218,156.69894788261527,157.19708251953125,4143300.0,0.0,0.0,189.33999633789062,157.19708251953125
2019-03-27,157.454404105874,159.08167380852382,156.40831029814726,157.122314453125,4298400.0,0.0,0.0,189.25,157.122314453125
2019-03-28,157.6703150957454,158.9073601445227,157.04763733237593,157.7948455810547,3326100.0,0.0,0.0,190.05999755859375,157.7948455810547
2019-03-29,158.45072237915173,159.43869367953175,157.86124858764822,159.3141632080078,4674100.0,0.0,0.0,191.88999938964844,159.3141632080078
2019-04-01,160.2274284887706,162.64340830909697,160.11119582617215,162.42755126953125,5381400.0,0.0,0.0,195.63999938964844,162.42755126953125
2019-04-02,162.31128699653692,162.31128699653692,161.08254013573773,161.32330322265625,2717800.0,0.0,0.0,194.30999755859375,161.32330322265625
2019-04-03,161.8795772490975,165.04277761641674,161.15727524445552,164.89334106445312,4581500.0,0.0,0.0,198.61000061035156,164.89334106445312
2019-04-04,165.21713382768917,166.45419129989057,164.40350525850633,166.4209747314453,3138400.0,0.0,0.0,200.4499969482422,166.4209747314453
2019-04-05,166.7613782018693,168.64601944377623,166.55381898438557,167.75765991210938,3615300.0,0.0,0.0,202.05999755859375,167.75765991210938
2019-04-08,167.18481255765596,169.19398448036245,167.07689036739046,168.99473571777344,3040900.0,0.0,0.0,203.5500030517578,168.99473571777344
2019-04-09,167.92370885910196,168.29732559443715,166.42929259139953,166.79458618164062,3721700.0,0.0,0.0,200.89999389648438,166.79458618164062
2019-04-10,167.09349293482794,167.37578314092065,164.40353318071465,165.57415771484375,3587500.0,0.0,0.0,199.42999267578125,165.57415771484375
2019-04-11,165.96434725617465,167.2927313316308,165.24204522441545,167.276123046875,2465100.0,0.0,0.0,201.47999572753906,167.276123046875
2019-04-12,167.81578125431903,169.5841771588574,167.81578125431903,169.24378967285156,3097900.0,0.0,0.0,203.85000610351562,169.24378967285156
2019-04-15,169.5011579071458,170.31478647093073,168.8701697949621,170.0823211669922,3049900.0,0.0,0.0,204.86000061035156,170.0823211669922
2019-04-16,170.4061287093439,171.02050859394188,169.60909568793056,169.758544921875,3271400.0,0.0,0.0,204.47000122070312,169.758544921875
2019-04-17,170.4808811788758,171.72623681503507,170.46428555831744,171.4854736328125,3271900.0,0.0,0.0,206.5500030517578,171.4854736328125
2019-04-18,171.04539149625768,172.50660372424548,170.28157514969078,170.7465057373047,3162500.0,0.0,0.0,205.66000366210938,170.7465057373047
2019-04-22,169.45967291145692,171.2363795672608,169.36834633561796,170.01593017578125,2593900.0,0.0,0.0,204.77999877929688,170.01593017578125
2019-04-23,170.3148090864615,172.13303005173765,168.89509831393846,171.07032775878906,3702600.0,0.0,0.0,206.0500030517578,171.07032775878906
2019-04-24,171.16162580435812,172.9383320919312,170.64687036158244,171.62655639648438,2750900.0,0.0,0.0,206.72000122070312,171.62655639648438
2019-04-25,171.03711852141979,172.45682935482995,170.2483959110413,171.44393920898438,3292100.0,0.0,0.0,206.5,171.44393920898438
2019-04-26,170.9291817677108,171.14503880707147,168.82037288889998,169.04454040527344,3560300.0,0.0,0.0,203.61000061035156,169.04454040527344
2019-04-29,168.7954349385424,169.20225551467794,166.32963072902683,167.84066772460938,3785200.0,0.0,0.0,202.16000366210938,167.84066772460938
2019-04-30,167.33424323812403,169.16076181359512,166.70325511081657,169.11924743652344,3415600.0,0.0,0.0,203.6999969482422,169.11924743652344
2019-05-01,168.70415464964972,168.96983656857108,164.93488427093408,165.05111694335938,4644700.0,0.0,0.0,198.8000030517578,165.05111694335938
2019-05-02,165.4661969402699,166.92740914911406,165.05107853985197,166.88589477539062,2810000.0,0.0,0.0,201.00999450683594,166.88589477539062
2019-05-03,167.70785702873576,167.96522844574517,166.3130650907197,166.51231384277344,3583400.0,0.0,0.0,200.55999755859375,166.51231384277344
2019-05-06,165.00130868067686,165.98928008561788,164.64430017717444,165.74021911621094,2619400.0,0.0,0.0,199.6300048828125,165.74021911621094
2019-05-07,163.34911150087427,164.09631965003274,160.20251919650795,161.7052459716797,4622100.0,0.0,0.0,194.77000427246094,161.7052459716797
2019-05-08,161.47276802609625,163.23286607795274,160.80026554234257,162.03732299804688,3122600.0,0.0,0.0,195.1699981689453,162.03732299804688
2019-05-09,160.49309618004085,161.96261906828698,159.06508767127025,161.54750061035156,2917700.0,0.0,0.0,194.5800018310547,161.54750061035156
2019-05-10,160.41008008949976,162.3030192442124,157.75331182398517,161.54750061035156,3863600.0,0.0,0.0,194.5800018310547,161.54750061035156
2019-05-13,158.5752420891827,159.12320146352167,157.03100100503335,158.02728271484375,3325900.0,0.0,0.0,190.33999633789062,158.02728271484375
2019-05-14,158.16016537017654,160.03649662968763,157.7533446361549,159.09002685546875,3663600.0,0.0,0.0,191.6199951171875,159.09002685546875
2019-05-15,158.4175000170686,160.07797380821177,157.9691776675602,159.2062225341797,3355800.0,0.0,0.0,191.75999450683594,159.2062225341797
2019-05-16,159.79566553141922,161.86295956390993,159.57149806562933,159.720947265625,3854000.0,0.0,0.0,192.3800048828125,159.720947265625
2019-05-17,158.45904568750495,161.48110807743618,158.3677191042208,159.88705444335938,5223800.0,0.0,0.0,192.5800018310547,159.88705444335938
2019-05-20,158.68321696198868,160.11952356149257,158.2514901337564,158.5337677001953,4782800.0,0.0,0.0,190.9499969482422,158.5337677001953
2019-05-21,155.36223570582462,159.83721210607226,154.7063414581724,158.9488525390625,8555600.0,0.0,0.0,191.4499969482422,158.9488525390625
2019-05-22,158.1518485946605,159.58815503847012,156.1260683145621,156.84007263183594,5706000.0,0.0,0.0,188.91000366210938,156.84007263183594
2019-05-23,156.4581584667285,159.8538247205082,154.64824790664838,159.40550231933594,7754000.0,0.0,0.0,192.0,159.40550231933594
2019-05-24,159.85383450962465,160.94975348601923,158.08543822449616,160.7255859375,3799500.0,0.0,0.0,193.58999633789062,160.7255859375
2019-05-28,161.38149393461867,163.11668645881898,158.86587649794973,159.03192138671875,5165800.0,0.0,0.0,191.5500030517578,159.03192138671875
2019-05-29,157.97750328029505,159.30588761437218,156.1094699364808,157.7367401123047,4569900.0,0.0,0.0,189.99000549316406,157.7367401123047
2019-05-30,157.85294010504768,159.82059743253387,157.8197235359473,158.64166259765625,3029800.0,0.0,0.0,191.0800018310547,158.64166259765625
2019-05-31,157.44611283025662,157.98576170546352,156.63248427938188,157.62046813964844,3681500.0,0.0,0.0,189.85000610351562,157.62046813964844
2019-06-03,157.34650136824771,159.29755048881208,156.7072154059271,157.3880157470703,4620200.0,0.0,0.0,189.57000732421875,157.3880157470703
2019-06-04,159.05677679610986,162.3113037187525,158.92393586006511,162.10374450683594,5118100.0,0.0,0.0,195.25,162.10374450683594
2019-06-05,162.2041442200209,164.46987450350818,161.42661383304556,164.44479370117188,3704600.0,1.36,0.0,196.69000244140625,164.44479370117188
2019-06-06,164.41125337147864,165.2473136739164,162.99832217646377,164.84600830078125,3732900.0,0.0,0.0,197.1699981689453,164.84600830078125
2019-06-07,164.871131277095,166.39276754038207,164.04343953054024,164.95474243164062,3522300.0,0.0,0.0,197.3000030517578,164.95474243164062
2019-06-10,166.00814278211666,167.08666778890887,164.9714361019818,165.58175659179688,3154500.0,0.0,0.0,198.0500030517578,165.58175659179688
2019-06-11,166.39275380142607,167.91437718180248,163.73407494510792,165.54832458496094,3708500.0,0.0,0.0,198.00999450683594,165.54832458496094
2019-06-12,166.21717475921895,167.37094225377072,165.52324306012406,166.32586669921875,2551500.0,0.0,0.0,198.94000244140625,166.32586669921875
2019-06-13,167.17028140830539,169.45272282356737,166.7522511908516,169.1768341064453,3630900.0,0.0,0.0,202.35000610351562,169.1768341064453
2019-06-14,168.30732808903815,172.6464838899537,168.30732808903815,172.03616333007812,4898000.0,0.0,0.0,205.77000427246094,172.03616333007812
2019-06-17,173.06450004832416,174.56104252733107,172.22843966161727,173.0477752685547,4620500.0,0.0,0.0,206.97999572753906,173.0477752685547
2019-06-18,173.98415586280564,175.71479407320214,173.15645156210508,173.46578979492188,3891300.0,0.0,0.0,207.47999572753906,173.46578979492188
2019-06-19,173.8169837834331,174.30190043481593,172.1448626782254,173.85043334960938,3648200.0,0.0,0.0,207.94000244140625,173.85043334960938
2019-06-20,175.21320706061445,176.96057046333758,174.99582316353917,176.61778259277344,5171500.0,0.0,0.0,211.25,176.61778259277344
2019-06-21,176.62612733458624,177.23646065267533,174.80352166407184,175.0626983642578,9855000.0,0.0,0.0,209.38999938964844,175.0626983642578
2019-06-24,174.02597992432163,174.95400754669615,171.4927177470531,171.8104248046875,4943500.0,0.0,0.0,205.5,171.8104248046875
2019-06-25,172.47927054993448,173.14812145038889,170.72353853090047,171.17501831054688,3587900.0,0.0,0.0,204.74000549316406,171.17501831054688
2019-06-26,171.67665824096179,173.33206719915546,171.09977446073705,172.57960510253906,3071200.0,0.0,0.0,206.4199981689453,172.57960510253906
2019-06-27,173.57452569860627,173.900588792301,172.23682375883396,173.0812530517578,2286800.0,0.0,0.0,207.02000427246094,173.0812530517578
2019-06-28,173.70827874705634,174.7366295017536,173.39057170199956,173.87548828125,11069000.0,0.0,0.0,207.97000122070312,173.87548828125
2019-07-01,175.32187661327455,177.50399493291175,174.04270512492897,175.80679321289062,4097700.0,0.0,0.0,210.27999877929688,175.80679321289062
2019-07-02,175.7733999883329,175.79011201650889,174.28521301517253,175.68978881835938,3160500.0,0.0,0.0,210.13999938964844,175.68978881835938
2019-07-03,175.42224352088965,177.87189498759224,175.32190757262583,177.32846069335938,2183700.0,0.0,0.0,212.10000610351562,177.32846069335938
2019-07-05,175.5476306948485,177.38696131138676,175.34697157481347,176.79336547851562,2547800.0,0.0,0.0,211.4600067138672,176.79336547851562
2019-07-08,176.39207257928862,178.4487873939878,176.06600943568336,178.00567626953125,2705300.0,0.0,0.0,212.91000366210938,178.00567626953125
2019-07-09,177.18629691159825,178.35678927435094,176.57597631425926,177.2448272705078,2397400.0,0.0,0.0,212.0,177.2448272705078
2019-07-10,176.17468726946967,176.6763287227455,174.59453327610453,176.19976806640625,3457400.0,0.0,0.0,210.75,176.19976806640625
2019-07-11,177.45382065005268,178.98381271939186,176.42546992574148,178.9503631591797,3450100.0,0.0,0.0,214.0399932861328,178.9503631591797
2019-07-12,179.75303422526247,182.47023125424897,179.42697109207498,182.45350646972656,4429800.0,0.0,0.0,218.22999572753906,182.45350646972656
2019-07-15,183.05545067958914,183.34807696829745,181.26628165384696,182.846435546875,3141300.0,0.0,0.0,218.6999969482422,182.846435546875
2019-07-16,181.67593613393134,182.55380214724266,181.19937555971924,181.64248657226562,2657400.0,0.0,0.0,217.25999450683594,181.64248657226562
2019-07-17,181.19935346685534,181.91000985700052,180.26296997070312,180.26296997070312,3037300.0,0.0,0.0,215.61000061035156,180.26296997070312
2019-07-18,180.17107333810557,180.7813940516227,178.08927768928353,179.28485107421875,3068000.0,0.0,0.0,214.44000244140625,179.28485107421875
2019-07-19,179.47710151086525,179.94529333798062,178.02235168466785,178.11431884765625,3254800.0,0.0,0.0,213.0399932861328,178.11431884765625
2019-07-22,178.08087194151636,178.29824306112835,175.8903976929189,176.63449096679688,2764900.0,0.0,0.0,211.27000427246094,176.63449096679688
2019-07-23,177.72142553387678,179.02567815837702,177.01912486452974,178.14781188964844,2589900.0,0.0,0.0,213.0800018310547,178.14781188964844
2019-07-24,178.23975867588678,179.5774479614154,178.13943548772198,179.5105743408203,2207100.0,0.0,0.0,214.7100067138672,179.5105743408203
2019-07-25,179.15105960151385,180.52219843890003,178.60762532881895,180.21286010742188,2335300.0,0.0,0.0,215.5500030517578,180.21286010742188
2019-07-26,180.1961164741322,181.60070473177558,179.00055609635805,181.34988403320312,2675500.0,0.0,0.0,216.91000366210938,181.34988403320312
2019-07-29,181.2495866403677,182.48696561450294,180.88173066248052,182.29466247558594,2407200.0,0.0,0.0,218.0399932861328,182.29466247558594
2019-07-30,181.85987747361665,182.75445554503418,181.30807450025424,181.72610473632812,2172600.0,0.0,0.0,217.36000061035156,181.72610473632812
2019-07-31,180.88168449153966,182.0939695994964,177.38694515683719,178.6577606201172,3426400.0,0.0,0.0,213.69000244140625,178.6577606201172
2019-08-01,179.03400374708545,181.93513484506093,177.26155948241671,177.9387664794922,3431500.0,0.0,0.0,212.8300018310547,177.9387664794922
2019-08-02,177.12781778918162,178.19797444875164,176.47569147342097,177.37026977539062,2884900.0,0.0,0.0,212.14999389648438,177.37026977539062
2019-08-05,175.17975397884206,175.53926662440995,170.6232268460178,171.3422393798828,4553200.0,0.0,0.0,204.94000244140625,171.3422393798828
2019-08-06,171.40078115023607,174.81190997163532,170.97439483153838,174.5694580078125,3646800.0,0.0,0.0,208.8000030517578,174.5694580078125
2019-08-07,172.2619362770224,174.3186511556564,169.82900940246412,173.82537841796875,3901100.0,0.0,0.0,207.91000366210938,173.82537841796875
2019-08-08,175.3219034780064,176.98566864763262,174.50256767041043,176.88534545898438,2968000.0,0.0,0.0,211.57000732421875,176.88534545898438
2019-08-09,176.7849921676913,177.5876158699441,173.85878038468346,175.5894317626953,2912100.0,0.0,0.0,210.02000427246094,175.5894317626953
2019-08-12,173.98419159847043,175.27171912896753,172.35386345096083,173.0728759765625,2005000.0,0.0,0.0,207.00999450683594,173.0728759765625
2019-08-13,172.4876373949654,176.92711654911903,171.20846586774383,174.17648315429688,3876700.0,0.0,0.0,208.3300018310547,174.17648315429688
2019-08-14,170.94094531967423,171.69339471024026,168.47455649635674,168.54144287109375,4582100.0,0.0,0.0,201.58999633789062,168.54144287109375
2019-08-15,169.72030288610338,170.35570435355152,166.41786604642434,168.7086639404297,4199700.0,0.0,0.0,201.7899932861328,168.7086639404297
2019-08-16,170.34732880522293,170.91584382817484,168.60832141464556,170.2637176513672,4093600.0,0.0,0.0,203.64999389648438,170.2637176513672
2019-08-19,173.04776981949797,174.58613057812207,171.64319453754788,173.85874938964844,6413600.0,0.0,0.0,207.9499969482422,173.85874938964844
2019-08-20,178.4988971484922,182.135765027025,177.38693527472765,181.50035095214844,12452600.0,0.0,0.0,217.08999633789062,181.50035095214844
2019-08-21,182.87152633969131,184.66906423366598,181.22448598327952,184.2677459716797,7938600.0,0.0,0.0,220.39999389648438,184.2677459716797
2019-08-22,183.97510736674036,186.15722568465623,183.8329786189552,184.7860870361328,4544600.0,0.0,0.0,221.02000427246094,184.7860870361328
2019-08-23,183.84969025456658,184.66066992224575,180.59741557185797,181.8180694580078,5769300.0,0.0,0.0,217.47000122070312,181.8180694580078
2019-08-26,182.64577043760303,183.51526768725043,180.73954088621338,182.8046112060547,3680200.0,0.0,0.0,218.64999389648438,182.8046112060547
2019-08-27,183.5570702354851,184.27608271666298,182.18593163850278,182.43675231933594,4311700.0,0.0,0.0,218.2100067138672,182.43675231933594
2019-08-28,182.16088445981282,185.68069238086443,181.51711423691071,185.5636444091797,3066700.0,0.0,0.0,221.9499969482422,185.5636444091797
2019-08-29,187.19394548417768,190.37097801433188,187.07689752156904,190.05328369140625,4184200.0,0.0,0.0,227.32000732421875,190.05328369140625
2019-08-30,190.9813121405251,191.6836127231585,189.52657489617255,190.54656982421875,3768300.0,0.0,0.0,227.91000366210938,190.54656982421875
2019-09-03,189.325890064183,190.3124480483122,186.7591910661243,187.33607482910156,4139400.0,0.0,0.0,224.07000732421875,187.33607482910156
2019-09-04,188.37914788496937,188.54737854003906,185.6201240692625,188.54737854003906,3132900.0,1.36,0.0,224.14999389648438,188.54737854003906
2019-09-05,190.35585328785282,192.44194120875295,190.3137924241498,191.91200256347656,3373100.0,0.0,0.0,228.14999389648438,191.91200256347656
2019-09-06,192.37466112300274,194.62057279682816,191.68491167912197,194.418701171875,3237900.0,0.0,0.0,231.1300048828125,194.418701171875
2019-09-09,194.72991572577243,196.72347490262086,193.53546162741617,195.88230895996094,4449100.0,0.0,0.0,232.8699951171875,195.88230895996094
2019-09-10,195.36077902143094,196.0084803541233,193.22422329661669,195.9916534423828,4210600.0,0.0,0.0,233.0,195.9916534423828
2019-09-11,195.93276350669632,196.5636379206863,194.32614642046653,195.70565795898438,2978300.0,0.0,0.0,232.66000366210938,195.70565795898438
2019-09-12,196.34493416369406,198.08615366065388,196.08417479984152,196.66458129882812,3366100.0,0.0,0.0,233.8000030517578,196.66458129882812
2019-09-13,197.11040746262398,197.6487531267886,195.42807565771292,196.8159942626953,3805500.0,0.0,0.0,233.97999572753906,196.8159942626953
2019-09-16,195.76455442479033,196.50478459252992,193.9812866590623,194.30093383789062,3120200.0,0.0,0.0,230.99000549316406,194.30093383789062
2019-09-17,190.76806738711213,193.74580277509543,190.498900890757,193.64486694335938,3732500.0,0.0,0.0,230.2100067138672,193.64486694335938
2019-09-18,193.77937885013904,194.7551343472605,192.63539274476247,194.16632080078125,3341800.0,0.0,0.0,230.8300018310547,194.16632080078125
2019-09-19,194.43548076191874,194.6457722240602,191.7437526135426,191.88674926757812,3134000.0,0.0,0.0,228.1199951171875,191.88674926757812
2019-09-20,191.7774491283377,193.51024910850856,188.61465661912473,188.98477172851562,7687700.0,0.0,0.0,224.6699981689453,188.98477172851562
2019-09-23,188.55574811669837,191.0624188635354,188.37909763313377,190.31378173828125,2754000.0,0.0,0.0,226.25,190.31378173828125
2019-09-24,191.90363389167214,193.6700878389742,189.07731527709447,189.6072540283203,4511300.0,0.0,0.0,225.41000366210938,189.6072540283203
2019-09-25,190.5997957590875,192.16436499062644,188.84176194657456,191.86996459960938,3716700.0,0.0,0.0,228.10000610351562,191.86996459960938
2019-09-26,193.1990208995452,194.4103021196964,192.62703412068262,193.2915496826172,4200600.0,0.0,0.0,229.7899932861328,193.2915496826172
2019-09-27,194.8224739720028,194.94023670838726,192.736385712403,193.35043334960938,3152000.0,0.0,0.0,229.86000061035156,193.35043334960938
2019-09-30,193.6279926476585,195.64678579946442,193.56910487010367,195.16732788085938,3249200.0,0.0,0.0,232.02000427246094,195.16732788085938
2019-10-01,196.00006145541414,197.26181030359282,194.07379719467082,194.37661743164062,3335400.0,0.0,0.0,231.0800018310547,194.37661743164062
2019-10-02,193.97286604366363,193.97286604366363,188.7071591765332,189.7249755859375,4336100.0,0.0,0.0,225.5500030517578,189.7249755859375
2019-10-03,189.262342726359,190.78485107421875,186.8397806322059,190.78485107421875,2777700.0,0.0,0.0,226.80999755859375,190.78485107421875
2019-10-04,191.08766248457027,192.80364816683348,190.96149272933334,191.72694396972656,3163100.0,0.0,0.0,227.92999267578125,191.72694396972656
2019-10-07,191.3736712419914,191.89520288773716,190.14557607480592,190.72598266601562,2917600.0,0.0,0.0,226.74000549316406,190.72598266601562
2019-10-08,189.5651584028647,192.44194440249984,189.3464598772224,190.66708374023438,3438500.0,0.0,0.0,226.6699981689453,190.66708374023438
2019-10-09,192.20643823716264,193.09807217710747,190.61663495070866,192.57655334472656,2657600.0,0.0,0.0,228.94000244140625,192.57655334472656
2019-10-10,192.91301351448752,195.35240269342145,192.69431496817273,194.8224639892578,2781500.0,0.0,0.0,231.61000061035156,194.8224639892578
2019-10-11,197.1020223888066,199.1039887318271,196.630958649392,197.3880157470703,3459200.0,0.0,0.0,234.66000366210938,197.3880157470703
2019-10-14,197.01790675827547,198.0861912003823,196.88331711427344,196.9842529296875,2183900.0,0.0,0.0,234.17999267578125,196.9842529296875
2019-10-15,197.4132783116721,199.2386072477386,197.33757644148497,198.195556640625,2663300.0,0.0,0.0,235.6199951171875,198.195556640625
2019-10-16,198.02725900836356,198.65813338357142,196.69821545103832,198.43101501464844,2388100.0,0.0,0.0,235.89999389648438,198.43101501464844
2019-10-17,198.8179911828416,200.34049955023116,198.10299496707867,199.16287231445312,2250500.0,0.0,0.0,236.77000427246094,199.16287231445312
2019-10-18,199.34789522143225,200.8115155551535,198.2123162137357,200.13858032226562,3662500.0,0.0,0.0,237.92999267578125,200.13858032226562
2019-10-21,200.41622090669173,201.03028137203793,198.18713598096386,199.10400390625,2041700.0,0.0,0.0,236.6999969482422,199.10400390625
2019-10-22,199.60864258627112,200.4498083680631,198.95253430328708,199.52452087402344,2003200.0,0.0,0.0,237.1999969482422,199.52452087402344
2019-10-23,199.07033290944008,199.7012073595869,197.1356486952884,197.3964080810547,2110500.0,0.0,0.0,234.6699981689453,197.3964080810547
2019-10-24,197.51415119317906,198.82636786560667,196.05053082862776,196.7402801513672,2173900.0,0.0,0.0,233.88999938964844,196.7402801513672
2019-10-25,196.40387429258698,198.02731867976377,195.6131761171052,197.1525115966797,2210900.0,0.0,0.0,234.3800048828125,197.1525115966797
2019-10-28,197.63194812542608,199.32269999131825,197.3038939005055,199.1881103515625,2705000.0,0.0,0.0,236.8000030517578,199.1881103515625
2019-10-29,199.22176837412636,199.77694105919616,196.76556499690383,196.95062255859375,2558000.0,0.0,0.0,234.13999938964844,196.95062255859375
2019-10-30,196.42067898392216,199.01989182348328,195.8907531023133,198.71707153320312,1956700.0,0.0,0.0,236.24000549316406,198.71707153320312
2019-10-31,199.23858196641342,199.68439892562535,196.17673819843503,197.3207244873047,2824100.0,0.0,0.0,234.5800018310547,197.3207244873047
2019-11-01,198.57404723591878,199.73484749128352,197.72446143219358,199.64231872558594,2197400.0,0.0,0.0,237.33999633789062,199.64231872558594
2019-11-04,200.42463127309247,200.5255670882838,196.73191295697046,197.60671997070312,2542400.0,0.0,0.0,234.9199981689453,197.60671997070312
2019-11-05,197.4552942271598,197.6066979330618,193.69528150851224,195.3187255859375,3624600.0,0.0,0.0,232.1999969482422,195.3187255859375
2019-11-06,195.84864749333556,196.86645098984326,195.0579495362766,196.84121704101562,2631900.0,0.0,0.0,234.00999450683594,196.84121704101562
2019-11-07,196.83287243851612,198.338554148581,194.94865570562067,195.9412384033203,2832500.0,0.0,0.0,232.94000244140625,195.9412384033203
2019-11-08,195.82341467715517,196.21034378486522,194.8392521616678,195.8570556640625,2088400.0,0.0,0.0,232.83999633789062,195.8570556640625
2019-11-11,193.888735814609,195.38601005786026,193.61955657146717,194.9822540283203,2309600.0,0.0,0.0,231.8000030517578,194.9822540283203
2019-11-12,195.27667357821738,197.3627744120754,195.15050381757734,196.0926055908203,2991100.0,0.0,0.0,233.1199951171875,196.0926055908203
2019-11-13,195.22620244803585,197.58987671624448,194.18316488351604,197.50576782226562,2399600.0,0.0,0.0,234.8000030517578,197.50576782226562
2019-11-14,197.67398873513702,199.3058526532165,196.86646381453005,198.97779846191406,2282200.0,0.0,0.0,236.5500030517578,198.97779846191406
2019-11-15,199.93673958888033,200.2395598486489,198.81798731904573,199.6002655029297,3524700.0,0.0,0.0,237.2899932861328,199.6002655029297
2019-11-18,200.56759449467225,201.29940470306747,199.15442914188486,200.9124755859375,5747400.0,0.0,0.0,238.85000610351562,200.9124755859375
2019-11-19,193.97286406809835,196.09259292093563,189.59879106597475,189.98573303222656,14972200.0,0.0,0.0,225.86000061035156,189.98573303222656
2019-11-20,188.88387831268892,189.26240054674682,185.53604033242297,185.81361389160156,10225400.0,0.0,0.0,220.89999389648438,185.81361389160156
2019-11-21,186.6884180559609,186.99964542532348,183.79480443592715,183.8284454345703,7823700.0,0.0,0.0,218.5399932861328,183.8284454345703
2019-11-22,183.7947630923042,184.32470175675968,183.21435652364806,183.3994140625,5786500.0,0.0,0.0,218.02999877929688,183.3994140625
2019-11-25,183.3741710893169,183.81998800138987,182.43206936345294,183.71063232421875,8865400.0,0.0,0.0,218.39999389648438,183.71063232421875
2019-11-26,184.01349902921868,185.86407479393037,183.70227166659743,185.69583129882812,9981400.0,0.0,0.0,220.75999450683594,185.69583129882812
2019-11-27,186.46967181434746,187.95853922097223,185.61169173983615,187.58001708984375,6687500.0,0.0,0.0,223.0,187.58001708984375
2019-11-29,187.83237985542962,187.85761380989035,185.3004618530175,185.4855194091797,2952900.0,0.0,0.0,220.50999450683594,185.4855194091797
2019-12-02,185.81355827636023,186.05750359619458,182.91995811118002,183.05453491210938,4416300.0,0.0,0.0,217.6199951171875,183.05453491210938
2019-12-03,182.07037558853975,182.07037558853975,179.10946771606942,180.009521484375,6505400.0,0.0,0.0,214.0,180.009521484375
2019-12-04,180.73755068861254,181.97351339331178,180.47512352486694,181.2454833984375,4256200.0,1.36,0.0,214.10000610351562,181.2454833984375
2019-12-05,181.4655575613511,181.58407345624036,179.27300704726753,180.3142547607422,4580500.0,0.0,0.0,213.0,180.3142547607422
2019-12-06,181.33862142273784,182.31214414015037,181.07618131646086,181.3978729248047,4193700.0,0.0,0.0,214.27999877929688,181.3978729248047
2019-12-09,181.4063294312084,184.44543926728716,181.3132088582266,183.30259704589844,5111100.0,0.0,0.0,216.52999877929688,183.30259704589844
2019-12-10,183.29412383913348,183.43803509359603,182.09203019838847,182.76925659179688,4663000.0,0.0,0.0,215.89999389648438,182.76925659179688
2019-12-11,178.6465771191134,180.8645232047969,178.29102939740375,179.4677276611328,8284800.0,0.0,0.0,212.0,179.4677276611328
2019-12-12,179.89097312779208,181.27084684342591,178.39258352302338,179.50155639648438,9915100.0,0.0,0.0,212.0399932861328,179.50155639648438
2019-12-13,179.56929539127054,181.35550759001524,178.34180653444923,181.22853088378906,6869200.0,0.0,0.0,214.0800018310547,181.22853088378906
2019-12-16,181.524833758356,183.46343113102247,181.41479157350716,182.45603942871094,5850300.0,0.0,0.0,215.52999877929688,182.45603942871094
2019-12-17,182.87085679142928,185.7745031528899,182.74386715061428,184.3099822998047,7574400.0,0.0,0.0,217.72000122070312,184.3099822998047
2019-12-18,184.7248232045794,185.8930479948208,184.24228574547152,184.5470428466797,6677400.0,0.0,0.0,218.0,184.5470428466797
2019-12-19,184.95333611786444,186.89193337346813,184.78402952909593,186.42633056640625,5405000.0,0.0,0.0,220.22000122070312,186.42633056640625
2019-12-20,186.73951917814404,187.56914329262966,186.07075373612267,187.24745178222656,7778200.0,0.0,0.0,221.19000244140625,187.24745178222656
2019-12-23,187.93322315301384,187.93322315301384,185.51210093264015,185.5713653564453,3943700.0,0.0,0.0,219.2100067138672,185.5713653564453
2019-12-24,185.81682434497048,187.1204993424273,185.57979252725104,186.80728149414062,2260700.0,0.0,0.0,220.6699981689453,186.80728149414062
2019-12-26,186.86655517033574,187.21362918810198,185.89301959041137,186.9342803955078,2649200.0,0.0,0.0,220.82000732421875,186.9342803955078
2019-12-27,187.25600031444674,187.75545942818,186.0539063667115,186.21475219726562,3082800.0,0.0,0.0,219.97000122070312,186.21475219726562
2019-12-30,186.5533345304252,186.65492883233898,183.3195355855792,183.96290588378906,3952400.0,0.0,0.0,217.30999755859375,183.96290588378906
2019-12-31,183.78510523012648,184.9787250357101,183.22638188105756,184.86868286132812,3789900.0,0.0,0.0,218.3800048828125,184.86868286132812
2020-01-02,185.46130278590473,186.03694787665344,184.41158107556245,185.95230102539062,3935700.0,0.0,0.0,219.66000366210938,185.95230102539062
2020-01-03,183.81896292410548,185.96918367110518,183.4888105636573,185.3342742919922,3423200.0,0.0,0.0,218.92999267578125,185.3342742919922
2020-01-06,183.2687375686242,186.2401092061982,183.1925386159176,186.2062530517578,5682800.0,0.0,0.0,219.9600067138672,186.2062530517578
2020-01-07,185.81683982468454,186.7141764832712,183.61581514277034,184.9872283935547,5685400.0,0.0,0.0,218.52000427246094,184.9872283935547
2020-01-08,185.22425279650452,188.75434778842722,185.11419769164627,187.7554168701172,4916200.0,0.0,0.0,221.7899932861328,187.7554168701172
2020-01-09,188.47494226302052,190.93839345644852,187.80617681476215,190.63363647460938,4843600.0,0.0,0.0,225.19000244140625,190.63363647460938
2020-01-10,190.26118353474453,190.88763212629783,188.80512361068588,189.81251525878906,4226600.0,0.0,0.0,224.22000122070312,189.81251525878906
2020-01-13,190.04957764020983,190.05803845002228,188.50885771473162,189.0675811767578,6060900.0,0.0,0.0,223.33999633789062,189.0675811767578
2020-01-14,188.33951954137981,190.43048885146356,188.19560829507932,188.61888122558594,3915100.0,0.0,0.0,222.80999755859375,188.61888122558594
2020-01-15,188.17025884909484,190.45593064787397,188.04328210587795,190.1257781982422,3444300.0,0.0,0.0,224.58999633789062,190.1257781982422
2020-01-16,191.26010452695726,193.7404906730982,190.81143624380042,193.70663452148438,5390800.0,0.0,0.0,228.82000732421875,193.70663452148438
2020-01-17,194.37540582370409,196.90658273065048,193.78282627347437,196.3224639892578,7979200.0,0.0,0.0,231.91000366210938,196.3224639892578
2020-01-21,196.00077196790897,197.80391887555712,195.60289435995597,197.20286560058594,4873500.0,0.0,0.0,232.9499969482422,197.20286560058594
2020-01-22,197.91396306464654,200.23350351352838,197.1436161019193,197.16053771972656,4030800.0,0.0,0.0,232.89999389648438,197.16053771972656
2020-01-23,196.50871538981625,198.78592606072058,195.24735727485282,197.7954559326172,4617900.0,0.0,0.0,233.64999389648438,197.7954559326172
2020-01-24,198.48117516586126,199.30231287848636,195.17963810994465,196.39866638183594,4467500.0,0.0,0.0,232.0,196.39866638183594
2020-01-27,193.18174460760747,196.79649870869116,193.18174460760747,195.71292114257812,3595600.0,0.0,0.0,231.19000244140625,195.71292114257812
2020-01-28,196.24628803219582,199.14993443601236,195.84841040291687,197.97323608398438,3621900.0,0.0,0.0,233.86000061035156,197.97323608398438
2020-01-29,198.85365532862883,199.68327973031973,197.5838362960903,198.10870361328125,2564000.0,0.0,0.0,234.02000427246094,198.10870361328125
2020-01-30,196.39863254922201,197.4991447116145,196.03462404262885,197.06739807128906,4685700.0,0.0,0.0,232.7899932861328,197.06739807128906
2020-01-31,197.2113513080709,197.43990941542862,192.91935711707194,193.09713745117188,5304700.0,0.0,0.0,228.10000610351562,193.09713745117188
2020-02-03,194.9595380978344,197.69387794479252,194.15532201546628,196.00924682617188,5100900.0,0.0,0.0,231.5399932861328,196.00924682617188
2020-02-04,198.11714287193374,200.08959643798386,198.11714287193374,198.93829345703125,3505100.0,0.0,0.0,235.0,198.93829345703125
2020-02-05,200.716038212428,201.7488252446095,199.66631664539915,201.571044921875,3868600.0,0.0,0.0,238.11000061035156,201.571044921875
2020-02-06,201.47794560628773,202.67157855225048,201.037738074683,202.1890411376953,3930300.0,0.0,0.0,238.83999633789062,202.1890411376953
2020-02-07,202.18900510880204,202.77312380453844,200.22502547908402,200.8853302001953,2456100.0,0.0,0.0,237.3000030517578,200.8853302001953
2020-02-10,200.29276405628744,203.68740844726562,199.93720341295904,203.68740844726562,2568000.0,0.0,0.0,240.61000061035156,203.68740844726562
2020-02-11,203.6874154205569,205.24505682156902,203.34032849135124,204.55935668945312,2692400.0,0.0,0.0,241.63999938964844,204.55935668945312
2020-02-12,204.97415555308672,205.11806680085627,202.1890124082535,204.5170135498047,3592100.0,0.0,0.0,241.58999633789062,204.5170135498047
2020-02-13,203.9921555390083,206.21857526928693,203.50961820178222,205.16885375976562,2468100.0,0.0,0.0,242.36000061035156,205.16885375976562
2020-02-14,206.0831181602233,207.57303416530104,205.39741810722012,207.4291229248047,2841600.0,0.0,0.0,245.02999877929688,207.4291229248047
2020-02-18,207.26827951859852,208.34339634783984,205.84608871349624,206.5063934326172,2892600.0,0.0,0.0,243.94000244140625,206.5063934326172
2020-02-19,207.32757364840126,207.82703266341588,205.71912857803954,206.25245666503906,2713300.0,0.0,0.0,243.63999938964844,206.25245666503906
2020-02-20,206.294800271412,209.19844689988963,204.99111217584758,209.11380004882812,3701800.0,0.0,0.0,247.02000427246094,209.11380004882812
2020-02-21,208.67357046962167,209.4016004816627,206.55720565755655,207.6915740966797,3881100.0,0.0,0.0,245.33999633789062,207.6915740966797
2020-02-24,201.8842661730737,205.80377789267413,201.22396139281804,202.91705322265625,5350100.0,0.0,0.0,239.6999969482422,202.91705322265625
2020-02-25,208.33496084841073,209.07145168214655,200.19118012783093,200.9530792236328,8061500.0,0.0,0.0,237.3800048828125,200.9530792236328
2020-02-26,202.40915061504927,204.05143897897187,198.3626618314414,199.1753387451172,6963000.0,0.0,0.0,235.27999877929688,199.1753387451172
2020-02-27,195.6113423149614,198.78588903426737,190.1087946681644,190.24423217773438,7612800.0,0.0,0.0,224.72999572753906,190.24423217773438
2020-02-28,185.08032325474053,187.13742346923905,179.74708181814003,184.4115447998047,11809600.0,0.0,0.0,217.83999633789062,184.4115447998047
2020-03-02,186.22318149243483,194.70557584840432,184.96183624638056,194.65478515625,7150800.0,0.0,0.0,229.94000244140625,194.65478515625
2020-03-03,194.73099390673076,199.6325029475706,190.95540562054305,192.9617156982422,8432500.0,0.0,0.0,227.94000244140625,192.9617156982422
2020-03-04,197.25367944728143,204.28848758052115,196.22936601764042,204.08531188964844,6770000.0,0.0,0.0,241.0800018310547,204.08531188964844
2020-03-05,200.29279040638548,202.84088923702666,197.37219634866574,198.7774658203125,6473900.0,0.0,0.0,234.80999755859375,198.7774658203125
2020-03-06,192.64845631434264,194.95104927428787,188.14482593421272,193.44419860839844,7399900.0,0.0,0.0,228.50999450683594,193.44419860839844
2020-03-09,181.0507898164947,183.0063090197771,175.44665940123284,178.16407775878906,10120500.0,0.0,0.0,210.4600067138672,178.16407775878906
2020-03-10,183.87821835745044,191.17543899833154,178.6211632714114,191.0653839111328,7206600.0,0.0,0.0,225.6999969482422,191.0653839111328
2020-03-11,185.18515804736683,186.761738084898,179.3901298735181,181.42691040039062,7253900.0,1.5,0.0,212.88999938964844,181.42691040039062
2020-03-12,166.53029479201507,176.0494752486982,157.52243233529265,162.42263793945312,10928700.0,0.0,0.0,190.58999633789062,162.42263793945312
2020-03-13,170.82542090726466,175.401795547916,161.91983270900673,175.27395629882812,10292300.0,0.0,0.0,205.6699981689453,175.27395629882812
2020-03-16,155.07658640168154,158.59621631184484,139.00391236438426,140.58050537109375,12536600.0,0.0,0.0,164.9600067138672,140.58050537109375
2020-03-17,143.35022878870555,148.94924090527593,132.34819618208158,147.97772216796875,16234400.0,0.0,0.0,173.63999938964844,147.97772216796875
2020-03-18,136.18310727938032,138.3391966948861,119.84624953638364,132.62939453125,14681900.0,0.0,0.0,155.6300048828125,132.62939453125
2020-03-19,130.52443170183747,138.8334756993844,121.01376898991423,137.31654357910156,13499100.0,0.0,0.0,161.1300048828125,137.31654357910156
2020-03-20,138.722738230865,145.06318250446122,129.37399379577525,129.6637420654297,12602400.0,0.0,0.0,152.14999389648438,129.6637420654297
2020-03-23,127.88260183802154,140.5549575346961,124.71238030874039,138.39035034179688,12241600.0,0.0,0.0,162.38999938964844,138.39035034179688
2020-03-24,147.76464354001862,158.229777911563,146.58858995959253,157.42018127441406,14676600.0,0.0,0.0,184.72000122070312,157.42018127441406
2020-03-25,157.1645251656512,163.24078502337795,153.39775952010032,154.89764404296875,11497400.0,0.0,0.0,181.75999450683594,154.89764404296875
2020-03-26,156.3719500928374,168.9079465003651,155.52825787563677,166.35984802246094,10170300.0,0.0,0.0,195.2100067138672,166.35984802246094
2020-03-27,160.63300002361314,167.35693357556832,158.93709815553234,162.3885498046875,7121700.0,0.0,0.0,190.5500030517578,162.3885498046875
2020-03-30,162.4055835235262,168.9079336811761,159.88303748205337,167.11830139160156,6936700.0,0.0,0.0,196.10000610351562,167.11830139160156
2020-03-31,166.010462655132,166.59848946589435,158.04229625494708,159.1160888671875,7335400.0,0.0,0.0,186.7100067138672,159.1160888671875
2020-04-01,149.91221315862768,155.7498418680317,149.13669920189267,152.230224609375,7858200.0,0.0,0.0,178.6300048828125,152.230224609375
2020-04-02,149.09407574179664,155.71574836666156,148.28447917462665,154.51412963867188,6353900.0,0.0,0.0,181.30999755859375,154.51412963867188
2020-04-03,153.02275674779807,154.54821924429137,149.08555247844126,152.28985595703125,7299800.0,0.0,0.0,178.6999969482422,152.28985595703125
2020-04-06,160.21543881917884,163.97368707406736,157.7696009090241,163.0532989501953,7454000.0,0.0,0.0,191.3300018310547,163.0532989501953
2020-04-07,172.93039227725689,173.9445239097239,163.4964375775971,163.87139892578125,6438800.0,0.0,0.0,192.2899932861328,163.87139892578125
2020-04-08,165.50769354523317,167.68934885009355,163.23228162575268,166.0275421142578,6094700.0,0.0,0.0,194.82000732421875,166.0275421142578
2020-04-09,170.27151508571794,175.54669565620821,167.45922023672966,171.74583435058594,7125100.0,0.0,0.0,201.52999877929688,171.74583435058594
2020-04-13,170.82545326126163,170.82545326126163,166.4962258800209,169.41078186035156,4415600.0,0.0,0.0,198.7899932861328,169.41078186035156
2020-04-14,172.04409315725601,178.73393129629167,170.55272622767836,176.55227661132812,5655400.0,0.0,0.0,207.1699981689453,176.55227661132812
2020-04-15,169.30846730291705,172.3508615944279,167.5529177357566,169.14654541015625,5693900.0,0.0,0.0,198.47999572753906,169.14654541015625
2020-04-16,169.69197977147223,172.3253174483278,167.73190799761855,170.31410217285156,7262800.0,0.0,0.0,199.85000610351562,170.31410217285156
2020-04-17,176.5522701251335,179.17707738520224,175.69154306729772,178.46974182128906,6717600.0,0.0,0.0,209.4199981689453,178.46974182128906
2020-04-20,175.6660177028098,179.84184069884978,175.0098124878812,175.59783935546875,4753100.0,0.0,0.0,206.0500030517578,175.59783935546875
2020-04-21,171.08111610195863,174.1405461407545,170.02437127633937,170.96180725097656,4845000.0,0.0,0.0,200.61000061035156,170.96180725097656
2020-04-22,172.05262927615652,175.3080768266691,171.4134719511418,173.99566650390625,4067700.0,0.0,0.0,204.1699981689453,173.99566650390625
2020-04-23,173.27129239051334,176.3818527725658,172.3082912130626,172.41908264160156,3565500.0,0.0,0.0,202.32000732421875,172.41908264160156
2020-04-24,174.4728937721213,181.46101093296159,173.72295805485035,180.8218536376953,5025200.0,0.0,0.0,212.17999267578125,180.8218536376953
2020-04-27,183.25912233413942,188.28716610886232,182.38134760296177,185.57713317871094,5472800.0,0.0,0.0,217.75999450683594,185.57713317871094
2020-04-28,190.88645432865704,191.0824589175404,184.85280812558273,185.46640014648438,5080700.0,0.0,0.0,217.6300048828125,185.46640014648438
2020-04-29,188.62808590167467,191.03984083671665,187.3327365613647,189.02862548828125,4381100.0,0.0,0.0,221.80999755859375,189.02862548828125
2020-04-30,184.75053800713152,189.28429992322717,184.52045074721795,187.3412628173828,5152700.0,0.0,0.0,219.8300018310547,187.3412628173828
2020-05-01,184.73350646045645,187.230474722819,183.88129673208343,186.26748657226562,3819300.0,0.0,0.0,218.57000732421875,186.26748657226562
2020-05-04,184.65679398790937,189.7530174237303,183.40405767579196,189.05419921875,4090900.0,0.0,0.0,221.83999633789062,189.05419921875
2020-05-05,191.69603466288277,195.02817740943118,190.56259430394095,192.2670135498047,4655200.0,0.0,0.0,225.61000061035156,192.2670135498047
2020-05-06,193.76693389005698,194.67880459818147,190.72455173152454,190.82681274414062,3321100.0,0.0,0.0,223.9199981689453,190.82681274414062
2020-05-07,193.0340215728339,197.39734423999136,192.95732581789522,195.53952026367188,4501300.0,0.0,0.0,229.4499969482422,195.53952026367188
2020-05-08,198.3091892008736,200.73799198135424,196.98826160102777,199.78350830078125,4365200.0,0.0,0.0,234.42999267578125,199.78350830078125
2020-05-11,197.51669047708972,203.48215972614005,197.0735376918411,201.59877014160156,4378300.0,0.0,0.0,236.55999755859375,201.59877014160156
2020-05-12,203.31166985143759,203.89116619278593,198.47962951660156,198.47962951660156,4399600.0,0.0,0.0,232.89999389648438,198.47962951660156
2020-05-13,198.5989920763622,201.37720471052276,194.76404747418687,196.093505859375,6237200.0,0.0,0.0,230.10000610351562,196.093505859375
2020-05-14,192.91470493626127,199.97953060600068,192.7698308482232,199.8261260986328,6434500.0,0.0,0.0,234.47999572753906,199.8261260986328
2020-05-15,198.38589182421333,207.28296323930462,198.3091960715252,203.9593505859375,16176300.0,0.0,0.0,239.3300018310547,203.9593505859375
2020-05-18,209.50725037551348,211.62074000448555,207.97327016212705,209.0896759033203,8314800.0,0.0,0.0,245.35000610351562,209.0896759033203
2020-05-19,204.91378696717314,206.6267365123706,202.65543682510432,202.91110229492188,9387000.0,0.0,0.0,238.10000610351562,202.91110229492188
2020-05-20,206.23477125589844,206.4648715425476,200.226689575185,202.98785400390625,7534200.0,0.0,0.0,238.19000244140625,202.98785400390625
2020-05-21,202.50209164181618,205.5359564960742,200.94254612329124,205.28030395507812,4772700.0,0.0,0.0,240.8800048828125,205.28030395507812
2020-05-22,205.12686264551013,206.52448596833665,203.38836066001858,206.13247680664062,3041800.0,0.0,0.0,241.8800048828125,206.13247680664062
2020-05-26,211.47582613604325,211.53548705520052,206.2944027433742,206.643798828125,4535200.0,0.0,0.0,242.47999572753906,206.643798828125
2020-05-27,206.822794181132,210.8281775578656,205.19507037578475,210.8026123046875,4664800.0,0.0,0.0,247.36000061035156,210.8026123046875
2020-05-28,212.64337304359395,214.95285410346875,208.30561568460035,208.9106903076172,5259300.0,0.0,0.0,245.13999938964844,208.9106903076172
2020-05-29,208.8424790778942,212.80526145525883,208.56124835405393,211.7570343017578,5341600.0,0.0,0.0,248.47999572753906,211.7570343017578
2020-06-01,212.54964401268882,212.86495746960685,209.5328141142202,210.74295043945312,3407800.0,0.0,0.0,247.2899932861328,210.74295043945312
2020-06-02,211.88489100093815,215.37042537421968,210.49578510002925,215.36190795898438,5301000.0,0.0,0.0,252.7100067138672,215.36190795898438
2020-06-03,215.86772605843575,216.75074230797915,214.65893225150697,215.181884765625,4638100.0,1.5,0.0,251.0,215.181884765625
2020-06-04,214.12738353099047,216.18489405969254,212.15559497687346,213.4243927001953,4759400.0,0.0,0.0,248.9499969482422,213.4243927001953
2020-06-05,216.33063294787027,219.33975811736622,214.65033573695285,218.5253143310547,5054300.0,0.0,0.0,254.89999389648438,218.5253143310547
2020-06-08,216.45928635110937,220.16280878439906,216.26209829268998,220.12850952148438,3811900.0,0.0,0.0,256.7699890136719,220.12850952148438
2020-06-09,218.8939754578344,221.43158416943808,217.63374591637813,220.1199188232422,3716100.0,0.0,0.0,256.760009765625,220.1199188232422
2020-06-10,220.71148038810261,222.28890628201927,217.9423971771489,218.1395721435547,3589800.0,0.0,0.0,254.4499969482422,218.1395721435547
2020-06-11,213.34724064817823,214.85608084213658,204.67138664058493,205.29721069335938,6563700.0,0.0,0.0,239.47000122070312,205.29721069335938
2020-06-12,208.38350833952765,211.22973195168575,203.22256880476604,207.8519744873047,5238500.0,0.0,0.0,242.4499969482422,207.8519744873047
2020-06-15,203.71119572465633,207.6547727086797,200.87354075301016,206.91749572753906,6250900.0,0.0,0.0,241.36000061035156,206.91749572753906
2020-06-16,213.81017585654328,215.7390968968417,208.21201939498388,214.2816925048828,5291600.0,0.0,0.0,249.9499969482422,214.2816925048828
2020-06-17,216.69932560806913,218.2853198386236,214.39319076182977,215.05331420898438,4234000.0,0.0,0.0,250.85000610351562,215.05331420898438
2020-06-18,213.77591312598662,215.824855621343,211.8641415036139,213.64732360839844,3347800.0,0.0,0.0,249.2100067138672,213.64732360839844
2020-06-19,216.98223730174,218.01099279879978,211.22119082060232,211.45265197753906,11114600.0,0.0,0.0,246.64999389648438,211.45265197753906
2020-06-22,210.63820360029933,214.37602495832778,210.4753148195318,213.60446166992188,3815200.0,0.0,0.0,249.16000366210938,213.60446166992188
2020-06-23,216.89645109250517,217.27366440480975,214.43600937088152,214.59031677246094,3105300.0,0.0,0.0,250.30999755859375,214.59031677246094
2020-06-24,212.44712153634245,214.5732179768766,208.09204394851537,211.00686645507812,3873000.0,0.0,0.0,246.1300048828125,211.00686645507812
2020-06-25,209.8666265001204,211.19544148166486,207.63764568712105,210.36386108398438,2938400.0,0.0,0.0,245.3800048828125,210.36386108398438
2020-06-26,210.33817785369132,210.98115168481365,205.96595056952492,206.61749267578125,5002700.0,0.0,0.0,241.00999450683594,206.61749267578125
2020-06-29,208.0320306502274,211.32405333136595,206.04309210453832,210.99827575683594,3468300.0,0.0,0.0,246.1199951171875,210.99827575683594
2020-06-30,211.75271277349677,215.73914525107074,210.9725680606001,214.76182556152344,4524600.0,0.0,0.0,250.50999450683594,214.76182556152344
2020-07-01,214.0245186366649,214.60748829187696,211.69266617848496,212.7385711669922,3677300.0,0.0,0.0,248.14999389648438,212.7385711669922
2020-07-02,215.98771266553032,216.29634054373363,212.5413702058154,213.03860473632812,3369800.0,0.0,0.0,248.5,213.03860473632812
2020-07-06,214.55606813282304,215.61054147207966,211.78698496096231,213.93881225585938,3133800.0,0.0,0.0,249.5500030517578,213.93881225585938
2020-07-07,212.06990144205054,214.99329213136184,211.81272238660947,212.05276489257812,2927800.0,0.0,0.0,247.35000610351562,212.05276489257812
2020-07-08,212.49856177132412,214.14457321902503,211.08402456697786,213.61305236816406,2294000.0,0.0,0.0,249.1699981689453,213.61305236816406
2020-07-09,214.03313411852312,214.76182995205798,211.19547834267328,212.5757293701172,2994700.0,0.0,0.0,247.9600067138672,212.5757293701172
2020-07-10,212.8585647535642,214.60746041065443,211.44402795323066,214.41885375976562,2745300.0,0.0,0.0,250.11000061035156,214.41885375976562
2020-07-13,215.9705986345543,221.06293984222248,213.54444273572852,213.99880981445312,4437500.0,0.0,0.0,249.6199951171875,213.99880981445312
2020-07-14,213.46727052300847,221.3372624102383,213.00433521019113,221.0029296875,4614200.0,0.0,0.0,257.7900085449219,221.0029296875
2020-07-15,223.01760629783433,224.00349417209185,218.7396697220981,221.01150512695312,4343700.0,0.0,0.0,257.79998779296875,221.01150512695312
2020-07-16,220.11995758904297,223.3262454082619,219.46840239737062,221.25157165527344,2511200.0,0.0,0.0,258.0799865722656,221.25157165527344
2020-07-17,222.92331372464292,223.45483457479622,220.94295640866022,223.22337341308594,3091300.0,0.0,0.0,260.3800048828125,223.22337341308594
2020-07-20,222.07452281840344,223.92628998457752,221.2000619506008,223.04327392578125,2451100.0,0.0,0.0,260.1700134277344,223.04327392578125
2020-07-21,224.28638988587377,226.21531117117985,223.51482660428522,224.9722442626953,2439900.0,0.0,0.0,262.4200134277344,224.9722442626953
2020-07-22,225.11794407440613,227.6898388215091,224.6121412469958,227.3297882080078,2750000.0,0.0,0.0,265.1700134277344,227.3297882080078
2020-07-23,229.58449149605755,229.58449149605755,224.440701310222,226.16387939453125,2680100.0,0.0,0.0,263.80999755859375,226.16387939453125
2020-07-24,227.21829174325651,228.80429843282454,225.4608149716471,227.4497528076172,2984500.0,0.0,0.0,265.30999755859375,227.4497528076172
2020-07-27,227.26119316671432,230.33889078821656,227.26119316671432,229.2587127685547,2412500.0,0.0,0.0,267.4200134277344,229.2587127685547
2020-07-28,230.23604029430135,230.6732708201294,226.90116335343703,227.42410278320312,2227000.0,0.0,0.0,265.2799987792969,227.42410278320312
2020-07-29,227.0126168197857,228.99297412642457,226.47254077834324,226.89260864257812,2874100.0,0.0,0.0,264.6600036621094,226.89260864257812
2020-07-30,225.76092150036203,229.1986959079813,224.22635028362757,228.30709838867188,2347800.0,0.0,0.0,266.30999755859375,228.30709838867188
2020-07-31,227.18404293496602,229.04439170378058,223.42049094864242,227.60411071777344,3640600.0,0.0,0.0,265.489990234375,227.60411071777344
2020-08-03,228.66719323176997,230.25317421388493,227.75845909398078,228.19566345214844,2363500.0,0.0,0.0,266.17999267578125,228.19566345214844
2020-08-04,228.581443981282,229.66164818329472,226.18957446082555,229.6444854736328,2224000.0,0.0,0.0,267.8699951171875,229.6444854736328
2020-08-05,230.09029470989557,230.09029470989557,227.94704903986488,229.31015014648438,1959900.0,0.0,0.0,267.4800109863281,229.31015014648438
2020-08-06,228.55575855007606,231.8477812647917,228.4957413830672,230.9304656982422,2203400.0,0.0,0.0,269.3699951171875,230.9304656982422
2020-08-07,231.99345310009798,235.6884324078662,231.3076250058847,232.87649536132812,2846300.0,0.0,0.0,271.6400146484375,232.87649536132812
2020-08-10,233.54524699167717,235.7570654027897,233.01369999485226,235.52560424804688,2393100.0,0.0,0.0,274.7300109863281,235.52560424804688
2020-08-11,238.06318360033012,239.50343856559886,235.25124602699464,235.6884765625,3321300.0,0.0,0.0,274.9200134277344,235.6884765625
2020-08-12,239.82915093488944,242.58965194926134,237.43728183594504,241.3979949951172,3867900.0,0.0,0.0,281.5799865722656,241.3979949951172
2020-08-13,241.0380408287184,242.3154071762423,239.82066549042918,241.46669006347656,2202400.0,0.0,0.0,281.6600036621094,241.46669006347656
2020-08-14,241.0208436413468,241.7581075815653,239.3491015813013,240.5150146484375,2490400.0,0.0,0.0,280.54998779296875,240.5150146484375
2020-08-17,243.81562846249906,247.94781249966184,243.10408239331724,247.10765075683594,5584400.0,0.0,0.0,288.239990234375,247.10765075683594
2020-08-18,247.67347524906592,249.1137301233973,242.64971973645714,244.33001708984375,6934300.0,0.0,0.0,285.0,244.33001708984375
2020-08-19,246.43895386946153,246.87618436010345,241.6980954732339,242.49537658691406,4986800.0,0.0,0.0,282.8599853515625,242.49537658691406
2020-08-20,240.50653295007302,241.68102773070083,239.56349935015032,240.6265411376953,3530000.0,0.0,0.0,280.67999267578125,240.6265411376953
2020-08-21,240.01785123228132,243.08696821184745,238.68904908247043,242.81265258789062,5519100.0,0.0,0.0,283.2300109863281,242.81265258789062
2020-08-24,244.3214686723408,245.9160573402746,241.68958240303144,245.830322265625,4430900.0,0.0,0.0,286.75,245.830322265625
2020-08-25,246.27604290938595,246.45609436734503,243.37839698868564,245.29873657226562,2854500.0,0.0,0.0,286.1300048828125,245.29873657226562
2020-08-26,246.67049558451185,250.43402222344378,245.41882099441665,250.27113342285156,4001900.0,0.0,0.0,291.92999267578125,250.27113342285156
2020-08-27,250.51969896129216,251.14553611059543,245.66738766285872,247.44200134277344,3430900.0,0.0,0.0,288.6300048828125,247.44200134277344
2020-08-28,247.16770752598717,247.61349328970095,244.13286376725515,245.43597412109375,3100100.0,0.0,0.0,286.2900085449219,245.43597412109375
2020-08-31,244.3299890762405,245.77882513956547,242.50393970869695,244.36428833007812,4105400.0,0.0,0.0,285.0400085449219,244.36428833007812
2020-09-01,243.49842145705324,245.770256592208,243.04405443002227,245.1358642578125,3235100.0,0.0,0.0,285.94000244140625,245.1358642578125
2020-09-02,245.489245646613,248.2384514608024,244.41197146552432,247.5145263671875,3464600.0,1.5,0.0,287.20001220703125,247.5145263671875
2020-09-03,247.60063034554227,247.9453790447551,234.56132874750855,236.681396484375,5380100.0,0.0,0.0,274.6300048828125,236.681396484375
2020-09-04,237.47432649538345,238.5257472213669,228.09775346278974,232.39822387695312,5253500.0,0.0,0.0,269.6600036621094,232.39822387695312
2020-09-08,230.20054944891652,233.5875194166157,226.49473683669905,232.05348205566406,5241200.0,0.0,0.0,269.260009765625,232.05348205566406
2020-09-09,234.81126077862848,241.0853037406955,234.19937648758594,238.75840759277344,4754700.0,0.0,0.0,277.0400085449219,238.75840759277344
2020-09-10,239.59441681166086,242.15402144965282,233.6995753455122,235.01815795898438,3156300.0,0.0,0.0,272.70001220703125,235.01815795898438
2020-09-11,236.12123032602713,239.5685070740788,235.67306751637443,238.146484375,3729200.0,0.0,0.0,276.3299865722656,238.146484375
2020-09-14,240.05975732594968,243.4294739707308,239.60299414549095,241.8695831298828,3055800.0,0.0,0.0,280.6499938964844,241.8695831298828
2020-09-15,243.92936017841012,247.08362220708472,243.36055624202882,246.1183624267578,4174900.0,0.0,0.0,285.5799865722656,246.1183624267578
2020-09-16,246.1442736985749,246.98023972988435,241.89550954901,242.71424865722656,3379100.0,0.0,0.0,281.6300048828125,242.71424865722656
2020-09-17,239.5081531624691,243.65350099735832,238.6894144837978,241.27487182617188,3166600.0,0.0,0.0,279.9599914550781,241.27487182617188
2020-09-18,239.93916809460848,241.1629370457592,233.38933469061695,237.1641082763672,6072900.0,0.0,0.0,275.19000244140625,237.1641082763672
2020-09-21,234.30283943063247,235.19051237333923,229.70072692469876,234.71652221679688,3548000.0,0.0,0.0,272.3500061035156,234.71652221679688
2020-09-22,234.13903845224772,235.72478265470542,233.23413879507757,235.54380798339844,2972000.0,0.0,0.0,273.30999755859375,235.54380798339844
2020-09-23,237.36228537982825,238.3964527690375,228.11495473682913,229.71792602539062,4467600.0,0.0,0.0,266.54998779296875,229.71792602539062
2020-09-24,228.99404342547518,232.43272098644215,227.41692537168052,228.98544311523438,3095600.0,0.0,0.0,265.70001220703125,228.98544311523438
2020-09-25,227.6840543846251,232.82049030593095,227.45137263019063,231.4415740966797,2457700.0,0.0,0.0,268.54998779296875,231.4415740966797
2020-09-28,234.35451155536157,236.32808507964228,232.94974191452303,234.69923400878906,3061100.0,0.0,0.0,272.3299865722656,234.69923400878906
2020-09-29,235.62138251534506,236.00058509716195,233.64780902824856,234.50962829589844,2048900.0,0.0,0.0,272.1099853515625,234.50962829589844
2020-09-30,235.69038193082727,241.24050104036021,234.8630163600081,239.3358612060547,4778800.0,0.0,0.0,277.7099914550781,239.3358612060547
2020-10-01,240.82680306330695,241.3094197988535,237.73287472981983,239.25828552246094,2696900.0,0.0,0.0,277.6199951171875,239.25828552246094
2020-10-02,236.94863601657514,242.24019363660753,236.22471085197665,240.71478271484375,2943600.0,0.0,0.0,279.30999755859375,240.71478271484375
2020-10-05,242.10229170590037,243.39502066859592,241.05087109754913,243.11923217773438,2330700.0,0.0,0.0,282.1000061035156,243.11923217773438
2020-10-06,243.4640130565385,243.89492281416068,237.6639582507118,238.26724243164062,2992500.0,0.0,0.0,276.4700012207031,238.26724243164062
2020-10-07,242.04190547059514,244.7566304424892,241.30935395738373,243.71383666992188,3423700.0,0.0,0.0,282.7900085449219,243.71383666992188
2020-10-08,244.61881835609208,245.57545157822068,242.3177752580789,245.20484924316406,2256200.0,0.0,0.0,284.5199890136719,245.20484924316406
2020-10-09,246.0235934661579,247.58348452870754,244.83427844595062,246.4114227294922,2240100.0,0.0,0.0,285.9200134277344,246.4114227294922
2020-10-12,247.67823958080024,248.4883254553353,246.53200528373236,247.26455688476562,2411900.0,0.0,0.0,286.9100036621094,247.26455688476562
2020-10-13,246.2217989748655,250.591203093712,246.2217989748655,250.23785400390625,2699900.0,0.0,0.0,290.3599853515625,250.23785400390625
2020-10-14,249.5052610528333,250.1860792190099,245.7477160252707,247.41964721679688,2221000.0,0.0,0.0,287.0899963378906,247.41964721679688
2020-10-15,244.86004686325634,250.1430023351455,243.99822773376403,247.80747985839844,2699400.0,0.0,0.0,287.5400085449219,247.80747985839844
2020-10-16,248.4194199517231,252.21141971427568,247.5576006283867,247.91094970703125,3108600.0,0.0,0.0,287.6600036621094,247.91094970703125
2020-10-19,249.72078704088628,250.02240277742666,244.22237529680424,244.52401733398438,2428100.0,0.0,0.0,283.7300109863281,244.52401733398438
2020-10-20,245.73918412287003,249.74663887350286,244.868738155941,246.5148162841797,2281500.0,0.0,0.0,286.0400085449219,246.5148162841797
2020-10-21,245.95469447607493,248.22125780443093,244.13624154571067,245.1962890625,2304500.0,0.0,0.0,284.510009765625,245.1962890625
2020-10-22,244.69631167414792,246.2044952281085,241.86954583646434,242.30908203125,2787000.0,0.0,0.0,281.1600036621094,242.30908203125
2020-10-23,243.36057362513282,244.05864525586367,240.9216099221641,243.8948974609375,1750600.0,0.0,0.0,283.0,243.8948974609375
2020-10-26,240.9991766368266,242.6280015386076,234.4148641517857,237.89662170410156,2911900.0,0.0,0.0,276.0400085449219,237.89662170410156
2020-10-27,238.71534247642103,241.07674547023151,237.96556382132775,238.58607482910156,3014100.0,0.0,0.0,276.8399963378906,238.58607482910156
2020-10-28,232.90669915542614,235.8541331555033,231.56226295907982,232.44993591308594,3255900.0,0.0,0.0,269.7200012207031,232.44993591308594
2020-10-29,232.42408254966702,235.87998685591987,230.37294811255862,232.37237548828125,2872500.0,0.0,0.0,269.6300048828125,232.37237548828125
2020-10-30,231.674272113848,232.36371703828203,225.8225116628696,229.85581970214844,3872800.0,0.0,0.0,266.7099914550781,229.85581970214844
2020-11-02,232.82050919452303,236.8107372853761,231.41573934303312,233.3289794921875,2956400.0,0.0,0.0,270.739990234375,233.3289794921875
2020-11-03,236.87107122439662,240.90437977021168,235.8972110783656,239.0428466796875,3037500.0,0.0,0.0,277.3699951171875,239.0428466796875
2020-11-04,238.51709868517412,247.3765993240181,237.87073426220212,243.65353393554688,3525300.0,0.0,0.0,282.7200012207031,243.65353393554688
2020-11-05,248.50553030818713,249.06570743502564,244.82554610295475,246.35098266601562,2516600.0,0.0,0.0,285.8500061035156,246.35098266601562
2020-11-06,247.10938727422513,247.1524677067519,243.76552513048003,244.96343994140625,2839100.0,0.0,0.0,284.239990234375,244.96343994140625
2020-11-09,248.18673364130078,248.56593624065061,232.23444984332164,232.6653594970703,7856400.0,0.0,0.0,269.9700012207031,232.6653594970703
2020-11-10,235.0956900710766,237.68114792554596,232.0448424386243,237.49154663085938,4828500.0,0.0,0.0,275.57000732421875,237.49154663085938
2020-11-11,238.99970908687322,242.76585481792327,238.0086222577498,239.3702850341797,2987900.0,0.0,0.0,277.75,239.3702850341797
2020-11-12,243.89487697076126,244.4895344285574,236.0006085388818,238.0689697265625,3818600.0,0.0,0.0,276.239990234375,238.0689697265625
2020-11-13,238.22413409643823,241.07675425399952,237.22442041967528,238.87049865722656,3939200.0,0.0,0.0,277.1700134277344,238.87049865722656
2020-11-16,240.6027510765445,242.42120381760455,238.2068940243343,240.93887329101562,5360200.0,0.0,0.0,279.57000732421875,240.93887329101562
2020-11-17,234.50106206301004,235.7334574826759,232.17413918197545,234.81993103027344,8532200.0,0.0,0.0,272.4700012207031,234.81993103027344
2020-11-18,233.12212350351268,237.32780594709405,231.82939453768915,232.54469299316406,5122200.0,0.0,0.0,269.8299865722656,232.54469299316406
2020-11-19,233.0531810920078,234.74233951534018,231.57085087951367,233.49269104003906,3929400.0,0.0,0.0,270.92999267578125,233.49269104003906
2020-11-20,233.94087746390818,234.73373655241545,231.71736877086164,232.52748107910156,4111000.0,0.0,0.0,269.80999755859375,232.52748107910156
2020-11-23,232.6998357135823,235.87132439959362,232.3033799023527,233.8977508544922,3294200.0,0.0,0.0,271.3999938964844,233.8977508544922
2020-11-24,236.1384653468995,237.47427461236688,234.90607017932177,235.54380798339844,4773400.0,0.0,0.0,273.30999755859375,235.54380798339844
2020-11-25,235.69036271399784,236.77623719862012,233.73401597860547,236.10401916503906,3001700.0,0.0,0.0,273.9599914550781,236.10401916503906
2020-11-27,237.20716632538117,238.36200118032633,236.4487610354133,237.85353088378906,1625300.0,0.0,0.0,275.989990234375,237.85353088378906
2020-11-30,237.189899469778,239.3789277698661,234.34590641188223,239.07728576660156,4624100.0,0.0,0.0,277.4100036621094,239.07728576660156
2020-12-01,240.21493677770047,240.40453810242042,237.4743310293589,238.37925720214844,3942400.0,0.0,0.0,276.6000061035156,238.37925720214844
2020-12-02,237.4000814267195,237.52138026935336,233.58740520432906,234.91317749023438,4168600.0,1.5,0.0,271.1000061035156,234.91317749023438
2020-12-03,234.50590445004457,235.63236791552822,231.48176336565768,232.34828186035156,4168900.0,0.0,0.0,268.1400146484375,232.34828186035156
2020-12-04,231.76775283270396,232.85957483365127,227.73844625194582,228.75225830078125,7732800.0,0.0,0.0,263.989990234375,228.75225830078125
2020-12-07,228.32765180123883,229.19417040390007,226.16135529458572,227.58245849609375,6379000.0,0.0,0.0,262.6400146484375,227.58245849609375
2020-12-08,226.7852020263672,227.46108533646236,224.1943204116763,226.7852020263672,5338100.0,0.0,0.0,261.7200012207031,226.7852020263672
2020-12-09,229.28943514929514,230.29459972803465,227.24446429340912,230.1299591064453,4550100.0,0.0,0.0,265.5799865722656,230.1299591064453
2020-12-10,228.83018529467694,230.55457502719864,227.12314285569653,229.46275329589844,4234300.0,0.0,0.0,264.80999755859375,229.46275329589844
2020-12-11,228.20626777051,229.93930452980263,227.59104712529302,229.2374267578125,3454500.0,0.0,0.0,264.54998779296875,229.2374267578125
2020-12-14,230.61523376863389,232.7468617586266,229.8613405015458,230.1299591064453,4576800.0,0.0,0.0,265.5799865722656,230.1299591064453
2020-12-15,231.8022995841511,232.88544736891643,230.66716282124005,232.20956420898438,3754100.0,0.0,0.0,267.9800109863281,232.20956420898438
2020-12-16,232.68618317008716,234.6098550615949,231.80234392849167,233.6046905517578,4669600.0,0.0,0.0,269.5899963378906,233.6046905517578
2020-12-17,235.831673849443,237.71200415162136,235.08645420207586,237.4000701904297,4247000.0,0.0,0.0,273.9700012207031,237.4000701904297
2020-12-18,237.93727152473826,238.93376234249877,234.21990038372826,234.3498992919922,9817000.0,0.0,0.0,270.45001220703125,234.3498992919922
2020-12-21,232.71214647340904,235.649656127065,230.38988383644278,234.81777954101562,4339000.0,0.0,0.0,270.989990234375,234.81777954101562
2020-12-22,234.0119650137776,235.13842839479182,232.66887202533422,233.99464416503906,3140100.0,0.0,0.0,270.0400085449219,233.99464416503906
2020-12-23,234.01199401415823,234.8265235545576,232.40028222829173,233.7953643798828,2337100.0,0.0,0.0,269.80999755859375,233.7953643798828
2020-12-24,233.47476043224492,235.1384612410371,233.4400922858812,234.75721740722656,1093900.0,0.0,0.0,270.9200134277344,234.75721740722656
2020-12-28,235.84033458219528,235.90964442176076,233.30141546486593,233.31008911132812,2633800.0,0.0,0.0,269.25,233.31008911132812
2020-12-29,233.9426664889365,234.35857843112717,229.68805761997666,230.65855407714844,2572100.0,0.0,0.0,266.19000244140625,230.65855407714844
2020-12-30,230.58921117490345,231.62037024207473,229.5580785517766,229.85269165039062,2511400.0,0.0,0.0,265.260009765625,229.85269165039062
2020-12-31,230.12131173019694,230.45059297312713,228.39692202812233,230.1646270751953,2607900.0,0.0,0.0,265.6199951171875,230.1646270751953
2021-01-04,230.50253306943247,230.87512957832405,226.21325706267388,228.69151306152344,5002000.0,0.0,0.0,263.9200134277344,228.69151306152344
2021-01-05,227.59973247931515,230.9531545500055,227.25313039843527,230.53721618652344,3822600.0,0.0,0.0,266.04998779296875,230.53721618652344
2021-01-06,228.81282137113823,233.76063348551048,226.91514416875677,231.85430908203125,3949200.0,0.0,0.0,267.57000732421875,231.85430908203125
2021-01-07,231.317092303083,232.9028093043689,230.6412090239057,230.7191925048828,3833200.0,0.0,0.0,266.260009765625,230.7191925048828
2021-01-08,231.66377474562373,234.59261211960833,231.3604879183437,233.1715087890625,3757700.0,0.0,0.0,269.0899963378906,233.1715087890625
2021-01-11,231.76769991004753,236.88015367544446,231.5857384327899,235.02581787109375,3764400.0,0.0,0.0,271.2300109863281,235.02581787109375
2021-01-12,234.92179538758464,240.84013098556463,234.52320432001562,239.4450225830078,4030900.0,0.0,0.0,276.3299865722656,239.4450225830078
2021-01-13,241.16073725065075,243.0410938410246,237.37405601933492,237.4693603515625,3921400.0,0.0,0.0,274.04998779296875,237.4693603515625
2021-01-14,237.8593175623922,238.2059196580093,231.94100810869674,232.5215606689453,4641400.0,0.0,0.0,268.3399963378906,232.5215606689453
2021-01-15,232.77285670885772,239.49704837918566,232.22694585136892,238.80381774902344,5131700.0,0.0,0.0,275.5899963378906,238.80381774902344
2021-01-19,240.89213383989303,240.89213383989303,236.57686235412794,236.72418212890625,3615800.0,0.0,0.0,273.19000244140625,236.72418212890625
2021-01-20,236.7762164281593,240.20762280993878,235.25980882065966,237.68605041503906,3498400.0,0.0,0.0,274.29998779296875,237.68605041503906
2021-01-21,239.34970556272728,243.2317173857547,238.87313103616003,241.80194091796875,4397900.0,0.0,0.0,279.04998779296875,241.80194091796875
2021-01-22,241.983943434078,247.0270605619036,240.77947013214572,246.0912322998047,4501900.0,0.0,0.0,284.0,246.0912322998047
2021-01-25,245.96128351112063,247.62498423596483,243.855649885593,247.02708435058594,4025900.0,0.0,0.0,285.0799865722656,247.02708435058594
2021-01-26,247.32171651507153,247.52099884153878,244.09826670756388,244.8781280517578,2472200.0,0.0,0.0,282.6000061035156,244.8781280517578
2021-01-27,242.61648183697955,243.32703328175074,236.628836433734,237.4693603515625,4337000.0,0.0,0.0,274.04998779296875,237.4693603515625
2021-01-28,239.30643793133802,245.19007980537106,238.23193695482817,240.9354705810547,3463000.0,0.0,0.0,278.04998779296875,240.9354705810547
2021-01-29,238.99443527622776,240.07758326484196,233.9859600346373,234.67051696777344,4079500.0,0.0,0.0,270.82000732421875,234.67051696777344
2021-02-01,235.02580972119728,236.25625111680876,231.57705675555226,234.02064514160156,3707800.0,0.0,0.0,270.07000732421875,234.02064514160156
2021-02-02,233.96001228507427,238.89050502986504,233.95133863733872,235.83169555664062,4111800.0,0.0,0.0,272.1600036621094,235.83169555664062
2021-02-03,235.59770333950408,238.91645721655863,234.57519151757384,237.5733642578125,2802700.0,0.0,0.0,274.1700134277344,237.5733642578125
2021-02-04,237.64266578841892,242.13989829753172,237.64266578841892,241.6026611328125,2976000.0,0.0,0.0,278.82000732421875,241.6026611328125
2021-02-05,242.87648595458722,244.15026925027723,240.7275104823074,241.63734436035156,2389900.0,0.0,0.0,278.8599853515625,241.63734436035156
2021-02-08,242.3565099926286,242.98907788335907,239.93026928469328,242.651123046875,3475600.0,0.0,0.0,280.0299987792969,242.651123046875
2021-02-09,242.3305294579106,242.79845677997707,239.6963062204055,239.82627868652344,2507800.0,0.0,0.0,276.7699890136719,239.82627868652344
2021-02-10,240.91808497576798,241.69794616694475,239.37568343978185,241.489990234375,2410600.0,0.0,0.0,278.69000244140625,241.489990234375
2021-02-11,240.8315036556291,242.8418331166724,239.16780278335423,240.07763671875,2595300.0,0.0,0.0,277.05999755859375,240.07763671875
2021-02-12,240.1296506149464,241.50741213278732,239.66172312683304,240.4676055908203,2392200.0,0.0,0.0,277.510009765625,240.4676055908203
2021-02-16,240.0342793104337,241.4380349392268,238.18859081922653,238.63052368164062,2873500.0,0.0,0.0,275.3900146484375,238.63052368164062
2021-02-17,238.76051993927666,244.17626067870975,238.639194653571,243.42239379882812,3536400.0,0.0,0.0,280.9200134277344,243.42239379882812
2021-02-18,243.31839965757058,246.6804958818965,242.4778756014891,245.26806640625,3532000.0,0.0,0.0,283.04998779296875,245.26806640625
2021-02-19,245.11211640057553,246.01330316453357,242.13996389761772,242.3132781982422,4079900.0,0.0,0.0,279.6400146484375,242.3132781982422
2021-02-22,241.07408456747052,241.31670866966743,237.1054418006685,239.02911376953125,3995500.0,0.0,0.0,275.8500061035156,239.02911376953125
2021-02-23,233.4226906070779,233.67398830411432,223.19775938228685,231.56832885742188,12111000.0,0.0,0.0,267.239990234375,231.56832885742188
2021-02-24,228.09367284125415,231.35176439882525,220.1216921137408,225.26881408691406,14512700.0,0.0,0.0,259.9700012207031,225.26881408691406
2021-02-25,225.07819706452582,226.07468812460633,220.71094931838496,221.17886352539062,6545400.0,0.0,0.0,255.25,221.17886352539062
2021-02-26,223.36246238983114,225.50276412500668,221.92403851836477,223.85638427734375,7871200.0,0.0,0.0,258.3399963378906,223.85638427734375
2021-03-01,224.2636930707659,227.44382819957474,223.96907989861197,226.6986083984375,4528900.0,0.0,0.0,261.6199951171875,226.6986083984375
2021-03-02,226.75051302673938,227.9896279072554,225.09545982287122,225.5460662841797,3740300.0,0.0,0.0,260.2900085449219,225.5460662841797
2021-03-03,224.67091403326205,225.7280676535472,221.8374080781585,223.00718688964844,4257500.0,0.0,0.0,257.3599853515625,223.00718688964844
2021-03-04,221.82874108206363,222.5739343159938,214.11673154419185,217.43548583984375,7154900.0,0.0,0.0,250.92999267578125,217.43548583984375
2021-03-05,218.5879268887395,220.26897470076025,213.67476914592856,219.67974853515625,6351800.0,0.0,0.0,253.52000427246094,219.67974853515625
2021-03-08,220.29497827216315,228.09365741783293,218.81323915100242,224.4542694091797,5037400.0,0.0,0.0,259.0299987792969,224.4542694091797
2021-03-09,227.66034786519882,231.85429299470215,226.84581859996075,229.59266662597656,6625300.0,0.0,0.0,264.9599914550781,229.59266662597656
2021-03-10,231.86848824102287,234.33609005780735,230.26408005902508,232.14749145507812,3798400.0,1.65,0.0,266.239990234375,232.14749145507812
2021-03-11,234.20538322627198,236.1062246576197,232.98466059190912,234.42337036132812,4371300.0,0.0,0.0,268.8500061035156,234.42337036132812
2021-03-12,233.202601657184,238.74818050478507,232.60095515450527,238.1291046142578,4190500.0,0.0,0.0,273.1000061035156,238.1291046142578
2021-03-15,239.3498488966878,243.84037808044883,239.21033395188346,242.87252807617188,4355200.0,0.0,0.0,278.5400085449219,242.87252807617188
2021-03-16,242.87251975789064,246.34285743067997,242.09647289332472,245.95919799804688,4458900.0,0.0,0.0,282.0799865722656,245.95919799804688
2021-03-17,245.13955306698827,247.52868284740222,243.49155803935977,244.1716766357422,5908400.0,0.0,0.0,280.0299987792969,244.1716766357422
2021-03-18,243.2997583138428,248.91510807691262,242.19239343752352,246.90090942382812,4808100.0,0.0,0.0,283.1600036621094,246.90090942382812
2021-03-19,247.31944588888675,252.0802764892578,246.2643692130459,252.0802764892578,13729200.0,0.0,0.0,289.1000061035156,252.0802764892578
2021-03-22,249.81325460874152,253.1528057805581,247.80778362751323,251.94081115722656,5564700.0,0.0,0.0,288.94000244140625,251.94081115722656
2021-03-23,252.52495196919347,255.85580109340202,251.94076146898675,252.84759521484375,4801200.0,0.0,0.0,289.9800109863281,252.84759521484375
2021-03-24,252.21980228092457,258.77684465854134,251.98435918307274,255.2628936767578,4842000.0,0.0,0.0,292.75,255.2628936767578
2021-03-25,255.5070600274527,259.7360154442591,255.0100430114067,259.1256408691406,5373500.0,0.0,0.0,297.17999267578125,259.1256408691406
2021-03-26,259.2651692676603,265.0723495933702,258.1229188373379,264.90667724609375,5865900.0,0.0,0.0,303.80999755859375,264.90667724609375
2021-03-29,264.46192953478135,266.42381336400007,261.5234677903564,263.5028076171875,4642900.0,0.0,0.0,302.20001220703125,263.5028076171875
2021-03-30,263.02320460618404,266.53715526070795,261.6193805879336,265.78729248046875,5045400.0,0.0,0.0,304.82000732421875,265.78729248046875
2021-03-31,266.38031015856944,268.577611157123,265.1944727780119,266.1623229980469,4744100.0,0.0,0.0,305.25,266.1623229980469
2021-04-01,267.5835721139788,269.0397112737769,264.9764544954637,268.3421630859375,3923900.0,0.0,0.0,307.75,268.3421630859375
2021-04-05,270.16448136985986,275.40489961975936,270.0772812103922,275.01251220703125,4697200.0,0.0,0.0,315.3999938964844,275.01251220703125
2021-04-06,273.4518241486038,275.4834795590683,273.03330579502443,273.6000671386719,3988600.0,0.0,0.0,313.7799987792969,273.6000671386719
2021-04-07,272.7803498231395,274.78584722339184,271.11492509096763,272.4577331542969,3799300.0,0.0,0.0,312.4700012207031,272.4577331542969
2021-04-08,272.65823354111984,274.8816909764907,270.81840886198705,274.16668701171875,4035600.0,0.0,0.0,314.42999267578125,274.16668701171875
2021-04-09,274.986346831376,278.43055345714345,274.44574311203576,278.3520812988281,4607800.0,0.0,0.0,319.2300109863281,278.3520812988281
2021-04-12,277.0354230453603,280.1657143407703,276.67792103873114,279.7123107910156,3556800.0,0.0,0.0,320.7900085449219,279.7123107910156
2021-04-13,279.4856720239534,279.8082887349213,276.4076946588618,279.372314453125,3635100.0,0.0,0.0,320.3999938964844,279.372314453125
2021-04-14,278.77062219057143,281.37776606365185,278.4044187552618,279.0409240722656,3440600.0,0.0,0.0,320.0199890136719,279.0409240722656
2021-04-15,279.2065997072552,281.9881173315977,279.0670847650909,281.4126281738281,3508200.0,0.0,0.0,322.739990234375,281.4126281738281
2021-04-16,283.24371285976656,286.58329010725333,282.458964627821,286.0688171386719,6213100.0,0.0,0.0,328.0799865722656,286.0688171386719
2021-04-19,284.6823616637968,286.7227172755481,283.7668266901031,284.99627685546875,4494300.0,0.0,0.0,326.8500061035156,284.99627685546875
2021-04-20,284.25519218510334,285.7287871813463,280.9069133598972,282.4764099121094,4462900.0,0.0,0.0,323.9599914550781,282.4764099121094
2021-04-21,283.3483313987675,285.9205897027066,282.4153668776907,284.2115783691406,3740100.0,0.0,0.0,325.95001220703125,284.2115783691406
2021-04-22,284.4295001223778,284.6300311687193,278.01194783478377,280.29644775390625,4875000.0,0.0,0.0,321.4599914550781,280.29644775390625
2021-04-23,280.9330518597386,283.84535626798794,278.6572527413182,282.4153747558594,3405700.0,0.0,0.0,323.8900146484375,282.4153747558594
2021-04-26,282.23223148425956,282.5112613385886,278.43054950559383,279.0147399902344,2848500.0,0.0,0.0,319.989990234375,279.0147399902344
2021-04-27,279.459430678053,281.1771698966888,279.3548011394154,279.53790283203125,3335800.0,0.0,0.0,320.5899963378906,279.53790283203125
2021-04-28,280.7238124941238,281.6044623288856,278.4131278272143,278.7706298828125,2713400.0,0.0,0.0,319.7099914550781,278.7706298828125
2021-04-29,280.51448039303233,284.0720443616728,279.9651487059812,283.6796569824219,3261900.0,0.0,0.0,325.3399963378906,283.6796569824219
2021-04-30,283.42683830856527,284.106957047845,280.42733345590705,282.22357177734375,3118700.0,0.0,0.0,323.6700134277344,282.22357177734375
2021-05-03,284.4993278926039,289.1555292373467,283.97615352144936,287.9783935546875,3683700.0,0.0,0.0,330.2699890136719,287.9783935546875
2021-05-04,286.9756275880202,290.55934902987116,286.7663685057811,290.1582336425781,3954400.0,0.0,0.0,332.7699890136719,290.1582336425781
2021-05-05,291.4487843930499,291.4487843930499,288.7544667372318,289.5304870605469,3227200.0,0.0,0.0,332.04998779296875,289.5304870605469
2021-05-06,290.9430306551718,294.5528831484268,290.55937123524575,294.3523254394531,3539600.0,0.0,0.0,337.5799865722656,294.3523254394531
2021-05-07,293.56758836612886,296.29679118486104,292.5648530026652,295.8085021972656,2998100.0,0.0,0.0,339.25,295.8085021972656
2021-05-10,296.8548353682212,301.4238363451122,296.0613591525832,297.43902587890625,4840600.0,0.0,0.0,341.1199951171875,297.43902587890625
2021-05-11,294.3261613539279,294.71854876393473,286.1821667794794,288.3184509277344,5500900.0,0.0,0.0,330.6600036621094,288.3184509277344
2021-05-12,284.70856189362013,286.6966030409131,275.7710914244311,276.4076232910156,5822000.0,0.0,0.0,317.0,276.4076232910156
2021-05-13,278.15153043181596,285.49334742611296,277.8812285655057,283.74945068359375,5159800.0,0.0,0.0,325.4200134277344,283.74945068359375
2021-05-14,284.50810709854926,285.4062130636028,280.6453546999516,282.188720703125,3998000.0,0.0,0.0,323.6300048828125,282.188720703125
2021-05-17,279.895446996058,281.4911009201735,274.93405828345345,279.0322265625,4388000.0,0.0,0.0,320.010009765625,279.0322265625
2021-05-18,279.02359165351226,282.9996757057937,274.4720182502738,276.18975830078125,7010300.0,0.0,0.0,316.75,276.18975830078125
2021-05-19,272.0479197290191,274.44577799586136,269.49311712559745,274.1842041015625,5242100.0,0.0,0.0,314.45001220703125,274.1842041015625
2021-05-20,274.5678669840554,278.7706383935886,274.5678669840554,275.4485168457031,3854700.0,0.0,0.0,315.8999938964844,275.4485168457031
2021-05-21,276.4076501831277,278.3956915238402,274.18419234763826,275.33514404296875,3920600.0,0.0,0.0,315.7699890136719,275.33514404296875
2021-05-24,276.2681891792372,277.9248861849825,274.3063048438063,274.5242919921875,2930600.0,0.0,0.0,314.8399963378906,274.5242919921875
2021-05-25,275.12597979321174,276.494945676105,274.0098864909882,276.18975830078125,3523300.0,0.0,0.0,316.75,276.18975830078125
2021-05-26,277.1139794733494,280.22684232839805,276.1286733083262,276.6954345703125,2881600.0,0.0,0.0,317.3299865722656,276.6954345703125
2021-05-27,276.6691931485624,279.380966279029,276.6691931485624,277.9509582519531,3734800.0,0.0,0.0,318.7699890136719,277.9509582519531
2021-05-28,279.3461575716292,280.3401917086273,278.0208053320569,278.0731201171875,3194000.0,0.0,0.0,318.9100036621094,278.0731201171875
2021-06-01,279.59894972841045,280.12212403907495,274.81196199679437,275.80596923828125,3549800.0,0.0,0.0,316.30999755859375,275.80596923828125
2021-06-02,276.5247533139557,277.83953433185326,273.83382841082954,274.5525817871094,3380100.0,1.65,0.0,313.2300109863281,274.5525817871094
2021-06-03,272.5978950582551,274.28957332480115,271.44965526081427,272.97479248046875,2652500.0,0.0,0.0,311.42999267578125,272.97479248046875
2021-06-04,273.57077949481186,274.7453404143596,271.1516012893238,272.60662841796875,2638700.0,0.0,0.0,311.010009765625,272.60662841796875
2021-06-07,272.70307689090794,273.763659296379,269.86315878896227,271.6863098144531,3974800.0,0.0,0.0,309.9599914550781,271.6863098144531
2021-06-08,272.8345622539768,273.72863040099264,270.8273493047255,272.51025390625,2913500.0,0.0,0.0,310.8999938964844,272.51025390625
2021-06-09,272.9924068836986,274.3334826034572,269.0042212960371,269.389892578125,3603700.0,0.0,0.0,307.3399963378906,269.389892578125
2021-06-10,269.6615749432165,271.4146162583023,268.33804693984234,270.2400817871094,3286300.0,0.0,0.0,308.30999755859375,270.2400817871094
2021-06-11,271.08155072032275,272.80829759134076,270.27516664562893,272.3963317871094,2785100.0,0.0,0.0,310.7699890136719,272.3963317871094
2021-06-14,270.78357128564494,271.77404409499536,268.40820734637936,271.12542724609375,3393500.0,0.0,0.0,309.32000732421875,271.12542724609375
2021-06-15,270.6258200758553,270.8011349505209,266.01531171495077,268.6098327636719,5270600.0,0.0,0.0,306.45001220703125,268.6098327636719
2021-06-16,268.8201435843525,269.3986504734003,263.98175880680236,265.3929443359375,4492500.0,0.0,0.0,302.7799987792969,265.3929443359375
2021-06-17,265.6295551073887,267.5228427988847,262.9824725452904,265.69091796875,4481100.0,0.0,0.0,303.1199951171875,265.69091796875
2021-06-18,262.29883016953335,266.3132833695248,261.5537821942982,265.2439270019531,8792700.0,0.0,0.0,302.6099853515625,265.2439270019531
2021-06-21,267.5579686643212,270.5994968473648,267.2248864873259,269.6177978515625,3774200.0,0.0,0.0,307.6000061035156,269.6177978515625
2021-06-22,270.9588088429522,276.02509668177163,270.23128178821474,274.09674072265625,4418400.0,0.0,0.0,312.7099914550781,274.09674072265625
2021-06-23,273.4920025710192,274.92950948160154,272.2736526034663,273.18524169921875,2564500.0,0.0,0.0,311.6700134277344,273.18524169921875
2021-06-24,274.45611272425987,275.96372915334956,273.18517396527153,273.33416748046875,2649200.0,0.0,0.0,311.8399963378906,273.33416748046875
2021-06-25,273.68476083464947,276.50715800201397,273.0799595309797,274.90313720703125,11733500.0,0.0,0.0,313.6300048828125,274.90313720703125
2021-06-28,274.92949234149893,276.3406778615347,272.9222524021942,275.4729309082031,2635400.0,0.0,0.0,314.2799987792969,275.4729309082031
2021-06-29,276.7964795420122,280.7495697123408,276.5948701511231,278.9439392089844,3150100.0,0.0,0.0,318.239990234375,278.9439392089844
2021-06-30,278.68105787067157,280.7408873413308,278.4619276450545,279.5137634277344,3061500.0,0.0,0.0,318.8900146484375,279.5137634277344
2021-07-01,280.4078144530906,281.9680206414503,279.1719167295529,281.8365478515625,2578000.0,0.0,0.0,321.5400085449219,281.8365478515625
2021-07-02,282.70412917341093,283.2212730097987,281.6698415006354,282.8531494140625,2201600.0,0.0,0.0,322.70001220703125,282.8531494140625
2021-07-06,282.9671404670078,283.84366108850116,277.68172218937445,279.8379821777344,3109500.0,0.0,0.0,319.260009765625,279.8379821777344
2021-07-07,279.1630697777007,284.3608578692289,278.9527133690252,283.53692626953125,2939900.0,0.0,0.0,323.4800109863281,283.53692626953125
2021-07-08,279.6714335088872,280.77583127239956,275.9286734374207,279.2068786621094,3663000.0,0.0,0.0,318.5400085449219,279.2068786621094
2021-07-09,280.9599764975326,283.38792941271635,280.64441510913787,282.3185729980469,2587400.0,0.0,0.0,322.0899963378906,282.3185729980469
2021-07-12,281.4245258575946,283.99272525566323,280.9511971590337,282.01177978515625,2521800.0,0.0,0.0,321.739990234375,282.01177978515625
2021-07-13,282.62524523813755,283.3702929420237,277.7079517919131,277.9007873535156,3213800.0,0.0,0.0,317.04998779296875,277.9007873535156
2021-07-14,279.3909517130694,280.5391916021276,278.74233500455045,279.80291748046875,3381600.0,0.0,0.0,319.2200012207031,279.80291748046875
2021-07-15,278.1901857673264,283.0811602371608,278.1726382311498,282.8620300292969,2603900.0,0.0,0.0,322.7099914550781,282.8620300292969
2021-07-16,283.9927818536111,285.9912485077943,281.71382208146986,281.8365478515625,3623700.0,0.0,0.0,321.5400085449219,281.8365478515625
2021-07-19,278.72478184637527,279.61007622743125,276.0251101214516,279.4961242675781,3752600.0,0.0,0.0,318.8699951171875,279.4961242675781
2021-07-20,279.17185302899736,285.85971049133667,278.9702436309746,285.176025390625,4251700.0,0.0,0.0,325.3500061035156,285.176025390625
2021-07-21,287.14815250750314,287.9107211458932,284.8428990608756,286.0612487792969,2832600.0,0.0,0.0,326.3599853515625,286.0612487792969
2021-07-22,287.4461946708626,287.472489221358,285.15846178060906,286.3242492675781,2208100.0,0.0,0.0,326.6600036621094,286.3242492675781
2021-07-23,288.7872491809834,292.27581087155704,287.4461737049572,291.7411193847656,2786400.0,0.0,0.0,332.8399963378906,291.7411193847656
2021-07-26,289.31320762888527,290.619214974228,286.5171043229564,290.2861328125,2752000.0,0.0,0.0,331.17999267578125,290.2861328125
2021-07-27,290.82082713657104,290.8997107941574,285.79835360925273,286.8501892089844,2910300.0,0.0,0.0,327.260009765625,286.8501892089844
2021-07-28,286.11390224634073,288.66455397590516,284.61503257108416,285.32501220703125,2376200.0,0.0,0.0,325.5199890136719,285.32501220703125
2021-07-29,286.1752443997604,287.9896487295604,285.25490833354934,286.9991760253906,2172400.0,0.0,0.0,327.42999267578125,286.9991760253906
2021-07-30,286.490840047784,289.34827977815223,286.0438058625063,287.6653747558594,2381200.0,0.0,0.0,328.19000244140625,287.6653747558594
2021-08-02,289.25185115755926,289.25185115755926,286.1139186025683,286.81512451171875,2016400.0,0.0,0.0,327.2200012207031,286.81512451171875
2021-08-03,287.8055343555304,291.8901234194615,287.52504135345197,290.9522399902344,2405900.0,0.0,0.0,331.94000244140625,290.9522399902344
2021-08-04,289.8566111742031,290.93474118591183,288.7171450474504,289.5235290527344,1783700.0,0.0,0.0,330.30999755859375,289.5235290527344
2021-08-05,290.96978979746876,294.5109407414221,290.20722110579214,291.977783203125,2284000.0,0.0,0.0,333.1099853515625,291.977783203125
2021-08-06,293.36267186459713,294.2567132167158,288.4804458673499,289.1115417480469,2656600.0,0.0,0.0,329.8399963378906,289.1115417480469
2021-08-09,288.57688273840677,290.18967740997334,286.90272520586836,288.1649169921875,1995300.0,0.0,0.0,328.760009765625,288.1649169921875
2021-08-10,288.0861119173881,292.09179176644807,286.75378314108923,290.54913330078125,1868100.0,0.0,0.0,331.4800109863281,290.54913330078125
2021-08-11,292.58260469476335,296.7460781013654,292.23200175774946,295.3874816894531,3258600.0,0.0,0.0,337.0,295.3874816894531
2021-08-12,295.6943115628201,296.41306507348975,291.250344471581,292.7754821777344,2554200.0,0.0,0.0,334.0199890136719,292.7754821777344
2021-08-13,292.63518730690527,294.3356396004587,290.1108301668246,290.4088439941406,2217000.0,0.0,0.0,331.32000732421875,290.4088439941406
2021-08-16,289.8741866247731,294.18668073561764,287.47252818967513,293.67828369140625,3496300.0,0.0,0.0,335.04998779296875,293.67828369140625
2021-08-17,281.36308154182706,283.6332664353191,277.5151436929232,281.1439514160156,9322800.0,0.0,0.0,320.75,281.1439514160156
2021-08-18,279.9081116246375,287.37605821206154,279.6100978024116,281.84521484375,4880600.0,0.0,0.0,321.54998779296875,281.84521484375
2021-08-19,279.4260165021733,285.03574313161016,278.55824289711137,283.02850341796875,2974700.0,0.0,0.0,322.8999938964844,283.02850341796875
2021-08-20,282.80064769873485,288.9713340845728,282.65162741204426,288.5856628417969,2929900.0,0.0,0.0,329.239990234375,288.5856628417969
2021-08-23,289.2519114690377,289.716466499304,286.9554308760497,287.2709655761719,2792700.0,0.0,0.0,327.739990234375,287.2709655761719
2021-08-24,288.16493881033836,288.23504869298193,284.43972603030153,284.78155517578125,2359500.0,0.0,0.0,324.8999938964844,284.78155517578125
2021-08-25,284.1241631526254,286.23658112758994,283.21257418745057,283.88751220703125,2586900.0,0.0,0.0,323.8800048828125,283.88751220703125
2021-08-26,283.3002688324869,284.86047472348076,281.3631654325502,281.7839050292969,2952300.0,0.0,0.0,321.4800109863281,281.7839050292969
2021-08-27,281.25797794594797,284.03653369846165,280.1798478113131,283.44927978515625,2985400.0,0.0,0.0,323.3800048828125,283.44927978515625
2021-08-30,285.66683822550857,288.8135440386557,285.05326309232794,286.70989990234375,2926900.0,0.0,0.0,327.1000061035156,286.70989990234375
2021-08-31,286.6222873757072,287.73545910671834,283.65964293884855,285.9035339355469,4183100.0,0.0,0.0,326.17999267578125,285.9035339355469
2021-09-01,286.81093750086677,287.0047535619135,282.15937892103534,285.1194763183594,3339100.0,1.65,0.0,323.6400146484375,285.1194763183594
2021-09-02,286.34400474093695,289.1190774130484,285.1723169497038,288.7314453125,3109000.0,0.0,0.0,327.739990234375,288.7314453125
2021-09-03,286.6082687718196,291.51531768256024,286.4585177202366,291.02197265625,2774800.0,0.0,0.0,330.3399963378906,291.02197265625
2021-09-07,291.62981412231414,292.9777078517619,287.99137482454563,289.7973937988281,2555200.0,0.0,0.0,328.95001220703125,289.7973937988281
2021-09-08,289.7974629301574,292.42275779982793,288.63456656471493,292.1144104003906,2219500.0,0.0,0.0,331.5799865722656,292.1144104003906
2021-09-09,292.8808230918368,294.0084726098749,291.4888643347879,292.28173828125,3011900.0,0.0,0.0,331.7699890136719,292.28173828125
2021-09-10,294.24636101222563,295.32997255932776,291.9998800879542,292.44036865234375,3178600.0,0.0,0.0,331.95001220703125,292.44036865234375
2021-09-13,295.0833455961198,297.0214794474862,293.14518485946087,295.5238342285156,3908700.0,0.0,0.0,335.45001220703125,295.5238342285156
2021-09-14,296.03474655084636,297.3209656442027,292.85443198820525,293.4710998535156,2857200.0,0.0,0.0,333.1199951171875,293.4710998535156
2021-09-15,293.6824963234789,294.83660099281485,290.8105294240339,293.6913146972656,2875500.0,0.0,0.0,333.3699951171875,293.6913146972656
2021-09-16,294.88062424761364,297.62926820211436,294.3960976488812,296.35186767578125,3043800.0,0.0,0.0,336.3900146484375,296.35186767578125
2021-09-17,295.08322485036564,299.2238001694203,295.08322485036564,295.717529296875,7098400.0,0.0,0.0,335.6700134277344,295.717529296875
2021-09-20,292.3346231384534,295.47092639049055,289.3393063358072,291.7884216308594,4036600.0,0.0,0.0,331.2099914550781,291.7884216308594
2021-09-21,293.39182058257256,296.8628727208817,292.48441518917434,294.440185546875,3171100.0,0.0,0.0,334.2200012207031,294.440185546875
2021-09-22,295.8761584188132,298.6512308505441,293.7706102875251,295.9466247558594,2872800.0,0.0,0.0,335.92999267578125,295.9466247558594
2021-09-23,297.62932612930206,299.1093613335851,295.65594585692463,295.9290466308594,2426600.0,0.0,0.0,335.9100036621094,295.9290466308594
2021-09-24,296.6954976083601,297.6293312809373,295.61188598363435,297.32098388671875,2004900.0,0.0,0.0,337.489990234375,297.32098388671875
2021-09-27,296.77486058157785,302.82717118404094,296.77486058157785,300.7745056152344,2966100.0,0.0,0.0,341.4100036621094,300.7745056152344
2021-09-28,300.73913213497246,300.73913213497246,292.88962337031865,294.07012939453125,3304100.0,0.0,0.0,333.79998779296875,294.07012939453125
2021-09-29,293.6824511307326,298.54546090233845,293.6824511307326,296.8275451660156,2424000.0,0.0,0.0,336.92999267578125,296.8275451660156
2021-09-30,297.98167872327696,298.39573902599295,288.63452481608454,289.1895446777344,4255000.0,0.0,0.0,328.260009765625,289.1895446777344
2021-10-01,289.09262727717817,293.1275174131048,285.9475326072001,290.5990905761719,2814200.0,0.0,0.0,329.8599853515625,290.5990905761719
2021-10-04,289.40099239383466,291.2598412665246,285.57755480731663,287.61260986328125,2919900.0,0.0,0.0,326.4700012207031,287.61260986328125
2021-10-05,287.9913770197251,292.6517528953533,287.48921367534444,290.2643127441406,2514300.0,0.0,0.0,329.4800109863281,290.2643127441406
2021-10-06,289.10144781367813,291.29507218522383,286.66994241899977,291.0395812988281,2226800.0,0.0,0.0,330.3599853515625,291.0395812988281
2021-10-07,293.80586573550136,298.84505587240335,293.24202748102584,297.3121643066406,2789500.0,0.0,0.0,337.4800109863281,297.3121643066406
2021-10-08,293.3654834631947,295.48864229047035,291.49781561786943,294.5459899902344,2912200.0,0.0,0.0,334.3399963378906,294.5459899902344
2021-10-11,295.65591968041633,300.28984093726376,294.774942581777,296.86285400390625,2589100.0,0.0,0.0,336.9700012207031,296.86285400390625
2021-10-12,298.77458815498255,300.4572307656929,297.24166971100345,297.59405517578125,2960300.0,0.0,0.0,337.79998779296875,297.59405517578125
2021-10-13,297.17120675371154,299.7436448726201,296.49283716887527,298.0169372558594,2477400.0,0.0,0.0,338.2799987792969,298.0169372558594
2021-10-14,299.9991289966226,303.3820778141922,299.62031529835303,303.10015869140625,2824300.0,0.0,0.0,344.04998779296875,303.10015869140625
2021-10-15,305.29386935182123,309.1789823219346,304.59788978365276,308.7032470703125,3473500.0,0.0,0.0,350.4100036621094,308.7032470703125
2021-10-18,307.46105551051113,313.58385805774543,307.46105551051113,312.7557373046875,3487500.0,0.0,0.0,355.010009765625,312.7557373046875
2021-10-19,314.4559966783058,315.4691150579201,312.2359438641283,315.3810119628906,2375600.0,0.0,0.0,357.989990234375,315.3810119628906
2021-10-20,315.16074068104894,316.77294383763837,313.8128467869154,315.5924377441406,2574800.0,0.0,0.0,358.2300109863281,315.5924377441406
2021-10-21,315.56600492144247,321.424497202712,315.49551169836343,321.22186279296875,2885400.0,0.0,0.0,364.6199951171875,321.22186279296875
2021-10-22,321.55667419343,323.34505681284764,319.04588382609455,322.4288330078125,2734700.0,0.0,0.0,365.989990234375,322.4288330078125
2021-10-25,323.49479887864595,327.42394918038264,322.4287972401098,327.0715637207031,2923400.0,0.0,0.0,371.260009765625,327.0715637207031
2021-10-26,328.9479787240915,329.52939982103794,325.1509435376104,325.2566833496094,2989500.0,0.0,0.0,369.20001220703125,325.2566833496094
2021-10-27,325.8470272705055,330.49858573412376,325.3536821974923,328.00543212890625,2840300.0,0.0,0.0,372.32000732421875,328.00543212890625
2021-10-28,328.6044256852595,329.43254622788965,326.7455770936925,327.3446350097656,2553500.0,0.0,0.0,371.57000732421875,327.3446350097656
2021-10-29,326.2522951620131,330.4986119855016,325.9880127395106,327.4944763183594,3820200.0,0.0,0.0,371.739990234375,327.4944763183594
2021-11-01,328.6045274068212,329.10669091189715,321.29242669317273,322.8605651855469,3380500.0,0.0,0.0,366.4800109863281,322.8605651855469
2021-11-02,322.61392611800574,324.9837574122725,321.50388602001277,323.5741882324219,2367100.0,0.0,0.0,367.2900085449219,323.5741882324219
2021-11-03,322.992685215088,325.3977358395402,321.77693233950976,325.0541687011719,2378800.0,0.0,0.0,368.9700012207031,325.0541687011719
2021-11-04,326.64865659882736,328.8070610400385,325.4417223897288,327.88201904296875,3210000.0,0.0,0.0,372.17999267578125,327.88201904296875
2021-11-05,329.31809193195573,329.8466836401706,323.82080269121974,324.552001953125,3090200.0,0.0,0.0,368.3999938964844,324.552001953125
2021-11-08,326.1552347792569,328.52506454248083,324.0673240469268,324.71923828125,2357200.0,0.0,0.0,368.5899963378906,324.71923828125
2021-11-09,325.6708697122976,329.3797763827183,324.8251122004052,326.5342102050781,2183300.0,0.0,0.0,370.6499938964844,326.5342102050781
2021-11-10,324.4198301462977,327.02751493948426,323.95291333989655,324.7105407714844,2161400.0,0.0,0.0,368.5799865722656,324.7105407714844
2021-11-11,326.84248453907776,327.72346158635287,322.28782137513946,323.87359619140625,2387300.0,0.0,0.0,367.6300048828125,323.87359619140625
2021-11-12,325.1862349414876,329.044918609965,323.0542855982216,328.2784729003906,2793300.0,0.0,0.0,372.6300048828125,328.2784729003906
2021-11-15,329.82899195424176,330.25184370768443,325.3360038769219,326.9129333496094,3650600.0,0.0,0.0,371.0799865722656,326.9129333496094
2021-11-16,336.533216852163,347.4397165062425,333.8902858297638,345.6336975097656,8648200.0,0.0,0.0,392.3299865722656,345.6336975097656
2021-11-17,346.07422981388555,351.8886841761188,344.29466571227795,347.85382080078125,4647000.0,0.0,0.0,394.8500061035156,347.85382080078125
2021-11-18,350.6288801631835,358.1524320041131,348.94621070300013,357.5445556640625,4503700.0,0.0,0.0,405.8500061035156,357.5445556640625
2021-11-19,359.11270571549505,361.2887202651165,356.01164906388277,360.0465393066406,3542000.0,0.0,0.0,408.69000244140625,360.0465393066406
2021-11-22,361.02435097581866,366.97976388680667,360.0552978185918,360.13458251953125,4006400.0,0.0,0.0,408.7900085449219,360.13458251953125
2021-11-23,357.3860564869608,360.9187570135412,355.04265375179295,359.7646789550781,3557000.0,0.0,0.0,408.3699951171875,359.7646789550781
2021-11-24,355.61517822301283,363.62325590824065,354.9280172400149,363.0594177246094,2676300.0,0.0,0.0,412.1099853515625,363.0594177246094
2021-11-26,358.7867234281652,364.84784985816907,354.3730197866361,354.76947021484375,3007800.0,0.0,0.0,402.70001220703125,354.76947021484375
2021-11-29,358.469636272076,361.91426053259005,357.7120087449241,358.399169921875,3725500.0,0.0,0.0,406.82000732421875,358.399169921875
2021-11-30,355.55351334487,359.81743890825925,352.6110533154549,352.9281921386719,7773500.0,0.0,0.0,400.6099853515625,352.9281921386719
2021-12-01,355.68829530448846,362.91565862962955,354.0429136861977,354.2198486328125,3516200.0,1.65,0.0,400.4200134277344,354.2198486328125
2021-12-02,355.4494093831965,363.31369965818965,354.7328688402699,360.72174072265625,3705000.0,0.0,0.0,407.7699890136719,360.72174072265625
2021-12-03,362.5618054485064,367.94028751735027,357.78485898671767,360.7571716308594,5237500.0,0.0,0.0,407.80999755859375,360.7571716308594
2021-12-06,365.8083228645695,372.08028005741505,363.7737061604008,367.73681640625,4624500.0,0.0,0.0,415.70001220703125,367.73681640625
2021-12-07,368.8868334444739,370.2668395825333,365.36603332499953,368.16143798828125,4204500.0,0.0,0.0,416.17999267578125,368.16143798828125
2021-12-08,368.1614669013531,371.40803701736286,361.1729681925571,363.80029296875,4079400.0,0.0,0.0,411.25,363.80029296875
2021-12-09,363.40218006588333,367.3387530586019,361.18180042186043,363.8798828125,3822900.0,0.0,0.0,411.3399963378906,363.8798828125
2021-12-10,364.63184092390514,367.6572288689605,362.92452930020846,367.4714660644531,2625200.0,0.0,0.0,415.3999938964844,367.4714660644531
2021-12-13,367.47139109547527,368.44447915279756,357.83788681918065,358.483642578125,3766400.0,0.0,0.0,405.239990234375,358.483642578125
2021-12-14,356.9002093980612,358.87289615520535,352.14977386569757,355.79443359375,4662800.0,0.0,0.0,402.20001220703125,355.79443359375
2021-12-15,354.3967465301775,360.86332179722416,353.30868032845643,360.7571716308594,4421400.0,0.0,0.0,407.80999755859375,360.7571716308594
2021-12-16,361.27907613869576,361.6948489333514,352.1851767332206,353.4324951171875,4632800.0,0.0,0.0,399.5299987792969,353.4324951171875
2021-12-17,351.16791160510417,352.0613872304779,342.7197939669994,343.2151794433594,11097500.0,0.0,0.0,387.9800109863281,343.2151794433594
2021-12-20,339.95094453488684,345.1525193074149,336.95206697861875,344.4713439941406,4294800.0,0.0,0.0,389.3999938964844,344.4713439941406
2021-12-21,346.44397932561293,348.3282255743276,339.0219993313205,345.4178161621094,3038200.0,0.0,0.0,390.4700012207031,345.4178161621094
2021-12-22,345.88665000248375,350.10628048966436,343.9935489853372,349.9913024902344,3267800.0,0.0,0.0,395.6400146484375,349.9913024902344
2021-12-23,352.33552476689374,353.7066758143756,349.0889554851627,351.25628662109375,2743900.0,0.0,0.0,397.07000732421875,351.25628662109375
2021-12-27,352.99904596491393,357.78484711391405,352.2647956777866,357.46636962890625,2228300.0,0.0,0.0,404.0899963378906,357.46636962890625
2021-12-28,358.26252329163145,360.0583022058929,356.50213676385505,359.3506164550781,2521400.0,0.0,0.0,406.2200012207031,359.3506164550781
2021-12-29,359.49219050310955,364.79106024220675,359.4302605704547,363.4375915527344,2209300.0,0.0,0.0,410.8399963378906,363.4375915527344
2021-12-30,364.3310166043107,365.7375601847307,361.27906459251676,362.6413879394531,1804400.0,0.0,0.0,409.94000244140625,362.6413879394531
2021-12-31,362.6856815645861,368.47110928977827,362.5972410797225,367.1264953613281,2386100.0,0.0,0.0,415.010009765625,367.1264953613281
2022-01-03,368.506491512071,369.62995020438836,356.7321908756496,361.491455078125,3715700.0,0.0,0.0,408.6400146484375,361.491455078125
2022-01-04,361.49148718635763,365.8880270168756,361.0933969941583,365.2068786621094,3266500.0,0.0,0.0,412.8399963378906,365.2068786621094
2022-01-05,366.2329743323811,366.4275919686489,359.87254926094806,360.2529296875,4443200.0,0.0,0.0,407.239990234375,360.2529296875
2022-01-06,361.4206221690242,361.8717873538341,356.5198160521938,358.9436950683594,3315100.0,0.0,0.0,405.760009765625,358.9436950683594
2022-01-07,356.82060885878417,357.4663917179544,347.54980077793726,348.195556640625,4520700.0,0.0,0.0,393.6099853515625,348.195556640625
2022-01-10,342.70202135828674,342.8701014351035,336.9608421973233,342.7550964355469,6440000.0,0.0,0.0,387.4599914550781,342.7550964355469
2022-01-11,343.29473790956024,346.6297480003791,339.97741051279155,342.0562744140625,4385400.0,0.0,0.0,386.6700134277344,342.0562744140625
2022-01-12,343.4894278363089,348.05407453472156,341.79979882030165,344.4713439941406,3623300.0,0.0,0.0,389.3999938964844,344.4713439941406
2022-01-13,347.2225183432958,348.81482498239274,341.33976843464006,342.33056640625,3466300.0,0.0,0.0,386.9800109863281,342.33056640625
2022-01-14,337.3323243135281,337.9338867725024,328.63651665308146,329.0788269042969,6336200.0,0.0,0.0,372.0,329.0788269042969
2022-01-18,323.8597119771786,325.6200989026021,318.49005671646546,324.4081726074219,6435200.0,0.0,0.0,366.7200012207031,324.4081726074219
2022-01-19,324.8150402758878,326.1596810926849,317.94154677198776,318.1892395019531,5175100.0,0.0,0.0,359.69000244140625,318.1892395019531
2022-01-20,319.6399904008947,320.1000104494765,308.7503115818438,309.2456970214844,5440600.0,0.0,0.0,349.5799865722656,309.2456970214844
2022-01-21,311.1388079780732,318.54307925780023,307.1226222565484,308.82110595703125,7718400.0,0.0,0.0,349.1000061035156,308.82110595703125
2022-01-24,304.1148526704704,322.338041463962,303.9644552979908,321.83380126953125,8584300.0,0.0,0.0,363.80999755859375,321.83380126953125
2022-01-25,316.8180790579656,319.80807442810004,311.55457495146817,317.5611572265625,5536700.0,0.0,0.0,358.9800109863281,317.5611572265625
2022-01-26,318.4633893696362,323.682645073899,313.5537562487781,316.0572204589844,6103300.0,0.0,0.0,357.2799987792969,316.0572204589844
2022-01-27,318.8438109306343,322.1080632533305,313.07609407413224,315.3053283691406,3941000.0,0.0,0.0,356.42999267578125,315.3053283691406
2022-01-28,318.61384145059515,324.4080960924825,312.1295567632964,324.2488708496094,4551300.0,0.0,0.0,366.5400085449219,324.2488708496094
2022-01-31,322.71845337462156,325.01847243689076,320.41843431235236,324.6380920410156,4084600.0,0.0,0.0,366.9800109863281,324.6380920410156
2022-02-01,326.8408161996261,327.9200545502952,320.5600037325019,326.15966796875,3406800.0,0.0,0.0,368.70001220703125,326.15966796875
2022-02-02,325.8765876768932,331.44085960780245,325.32812714568263,330.60931396484375,3839300.0,0.0,0.0,373.7300109863281,330.60931396484375
2022-02-03,327.4776461233675,329.1849571105145,321.29415782470454,322.7183837890625,4009700.0,0.0,0.0,364.80999755859375,322.7183837890625
2022-02-04,321.55962471194886,322.5946428102438,313.37688323028306,318.1715393066406,3728100.0,0.0,0.0,359.6700134277344,318.1715393066406
2022-02-07,318.6934202820098,320.0557165441251,314.42954258728884,316.1191711425781,2809300.0,0.0,0.0,357.3500061035156,316.1191711425781
2022-02-08,316.1192093011962,321.09962811053856,313.8634103414498,319.7373046875,3225100.0,0.0,0.0,361.44000244140625,319.7373046875
2022-02-09,323.16083040056174,325.06275976900884,321.1173584609834,322.32928466796875,2777500.0,0.0,0.0,364.3699951171875,322.32928466796875
2022-02-10,317.43729226132035,321.1173176536228,312.1561055440172,314.1199645996094,4291800.0,0.0,0.0,355.0899963378906,314.1199645996094
2022-02-11,313.76610481095526,316.11034416630633,308.34337583265557,309.873779296875,3308700.0,0.0,0.0,350.2900085449219,309.873779296875
2022-02-14,307.8480058625417,312.1914967710421,306.81298775748303,310.99725341796875,3654300.0,0.0,0.0,351.55999755859375,310.99725341796875
2022-02-15,314.53574604011925,316.1811546436284,310.83803785093403,312.5011291503906,3552500.0,0.0,0.0,353.260009765625,312.5011291503906
2022-02-16,310.94418736846495,312.14725860594604,305.8310806162055,309.6968688964844,3594900.0,0.0,0.0,350.0899963378906,309.6968688964844
2022-02-17,308.72373218168974,311.66067903026556,307.3083608297536,307.7948913574219,3927000.0,0.0,0.0,347.94000244140625,307.7948913574219
2022-02-18,308.19302946087225,310.14803371755414,304.3979989655043,306.848388671875,5526100.0,0.0,0.0,346.8699951171875,306.848388671875
2022-02-22,296.4275287275287,297.8429271589872,276.31126389679105,279.6905212402344,19752800.0,0.0,0.0,316.1700134277344,279.6905212402344
2022-02-23,282.4771214209458,283.432500010165,271.66705412353457,272.8612976074219,11026000.0,0.0,0.0,308.45001220703125,272.8612976074219
2022-02-24,265.38620267164237,277.2755067110504,264.7581295510007,277.09857177734375,8416700.0,0.0,0.0,313.239990234375,277.09857177734375
2022-02-25,277.0455380574743,280.81403133689486,272.08282828492764,280.11517333984375,6510600.0,0.0,0.0,316.6499938964844,280.11517333984375
2022-02-28,276.8597680222951,279.61092570395147,274.65707090762595,279.3897705078125,5735100.0,0.0,0.0,315.8299865722656,279.3897705078125
2022-03-01,278.2927579003634,285.22817933206375,277.55853476897056,283.2997131347656,5640900.0,0.0,0.0,320.25,283.2997131347656
2022-03-02,284.01625243278744,292.97746231823004,282.79547183683724,289.59820556640625,5645600.0,0.0,0.0,327.3699951171875,289.59820556640625
2022-03-03,291.2082798188857,292.5263559751521,285.582078333004,286.935546875,3858400.0,0.0,0.0,324.3599853515625,286.935546875
2022-03-04,285.03367901249703,288.97025262802214,282.64521889449816,286.84716796875,3630900.0,0.0,0.0,324.260009765625,286.84716796875
2022-03-07,286.84709479863074,291.570965734385,283.17589757829614,285.52899169921875,4670000.0,0.0,0.0,322.7699890136719,285.52899169921875
2022-03-08,282.85741862171614,290.5889935285944,279.49587135693685,280.1947021484375,5092500.0,0.0,0.0,316.739990234375,280.1947021484375
2022-03-09,284.78691861947414,286.97621045173014,282.04585647789634,282.2950439453125,4443600.0,1.9,0.0,317.20001220703125,282.2950439453125
2022-03-10,279.76757450067475,283.23843727475037,274.7749161856042,282.9536437988281,3895200.0,0.0,0.0,317.94000244140625,282.9536437988281
2022-03-11,284.1461962023098,286.3800026733064,281.4318312776387,281.9302062988281,2973300.0,0.0,0.0,316.7900085449219,281.9302062988281
2022-03-14,287.37675411179146,288.34680646701213,281.41401607726226,283.3274230957031,3604200.0,0.0,0.0,318.3599853515625,283.3274230957031
2022-03-15,285.09843891430853,293.84672601562346,285.08062234805783,292.38720703125,3775300.0,0.0,0.0,328.5400085449219,292.38720703125
2022-03-16,295.0926257946617,297.2018516710287,288.55144815121474,294.4963684082031,3942400.0,0.0,0.0,330.9100036621094,294.4963684082031
2022-03-17,292.92117012601443,299.3466491699219,291.76420692566523,299.3466491699219,3123200.0,0.0,0.0,336.3599853515625,299.3466491699219
2022-03-18,296.91703328713754,303.24462890625,295.7422808581347,303.24462890625,9409600.0,0.0,0.0,340.739990234375,303.24462890625
2022-03-21,300.84184395176635,303.20023062235873,291.08787064488297,293.1258850097656,4521200.0,0.0,0.0,329.3699951171875,293.1258850097656
2022-03-22,293.08134153198506,294.84344319323355,288.3556608159875,293.44622802734375,4852800.0,0.0,0.0,329.7300109863281,293.44622802734375
2022-03-23,290.9276638143507,292.07571881368335,281.093625289396,282.16156005859375,5207700.0,0.0,0.0,317.04998779296875,282.16156005859375
2022-03-24,282.25055077606225,284.2529589471733,279.7141616607751,281.03131103515625,4599900.0,0.0,0.0,315.7799987792969,281.03131103515625
2022-03-25,283.4341901022083,283.7189563792528,274.3743856262678,276.49249267578125,5176500.0,0.0,0.0,310.67999267578125,276.49249267578125
2022-03-28,276.777285281386,279.7586537540777,275.20206742228,279.69635009765625,3936600.0,0.0,0.0,314.2799987792969,279.69635009765625
2022-03-29,282.0370058240803,285.6769361123019,278.4860768979923,282.74896240234375,5306100.0,0.0,0.0,317.7099914550781,282.74896240234375
2022-03-30,278.6551821088887,280.55080002681143,272.4165850173562,274.5168762207031,7223800.0,0.0,0.0,308.4599914550781,274.5168762207031
2022-03-31,272.514340790044,274.0717690572158,265.9998614793559,266.39141845703125,11044600.0,0.0,0.0,299.3299865722656,266.39141845703125
2022-04-01,267.43274346231,269.98692205769396,266.00880328986534,268.6697998046875,5554600.0,0.0,0.0,301.8900146484375,268.6697998046875
2022-04-04,268.313745064145,272.75465918823744,266.60503889886667,271.95367431640625,4659500.0,0.0,0.0,305.5799865722656,271.95367431640625
2022-04-05,272.5587997820252,275.08627959838515,268.9544502273359,271.3128356933594,4376100.0,0.0,0.0,304.8599853515625,271.3128356933594
2022-04-06,265.2879230411378,267.5751246031442,262.52904421018127,265.68841552734375,6499900.0,0.0,0.0,298.5400085449219,265.68841552734375
2022-04-07,264.13106070653,271.07273323572156,261.2831797328378,269.4352111816406,5241000.0,0.0,0.0,302.75,269.4352111816406
2022-04-08,268.2871121561944,277.9253861958504,268.1269260069096,276.8752136230469,5741900.0,0.0,0.0,311.1099853515625,276.8752136230469
2022-04-11,273.9383445241271,279.5984992694515,272.2652168499784,272.9682922363281,4100600.0,0.0,0.0,306.7200012207031,272.9682922363281
2022-04-12,275.3889369290629,278.81528478212795,271.5265178224897,272.5855712890625,4122600.0,0.0,0.0,306.2900085449219,272.5855712890625
2022-04-13,272.42535979317296,277.4002549296566,272.07828987632274,276.2611083984375,3185300.0,0.0,0.0,310.4200134277344,276.2611083984375
2022-04-14,276.6259542666698,277.8897080436149,270.8412205523912,271.01031494140625,4569200.0,0.0,0.0,304.5199890136719,271.01031494140625
2022-04-18,269.6576459491195,272.585619412407,265.84862154156076,267.1746520996094,3192400.0,0.0,0.0,300.2099914550781,267.1746520996094
2022-04-19,267.53060444278464,274.2231145677029,266.81864799346886,273.9294128417969,3389700.0,0.0,0.0,307.79998779296875,273.9294128417969
2022-04-20,276.7773172693034,281.3161147207122,275.66486824490914,280.4617614746094,4720800.0,0.0,0.0,315.1400146484375,280.4617614746094
2022-04-21,282.11707546876676,283.36301295693806,275.6559627780639,276.2077331542969,3014200.0,0.0,0.0,310.3599853515625,276.2077331542969
2022-04-22,275.72715538254323,275.72715538254323,266.79195774951637,267.08563232421875,4043200.0,0.0,0.0,300.1099853515625,267.08563232421875
2022-04-25,266.98781478570345,271.58000845914614,263.66825651114874,271.38421630859375,4396900.0,0.0,0.0,304.94000244140625,271.38421630859375
2022-04-26,268.99010106633483,273.7157810661632,266.73850593865654,266.95208740234375,3415200.0,0.0,0.0,299.9599914550781,266.95208740234375
2022-04-27,268.14470857841565,272.7013227084222,266.20460395035934,268.4117126464844,3446200.0,0.0,0.0,301.6000061035156,268.4117126464844
2022-04-28,271.21508179231444,279.927790465845,269.6665613862969,277.4537048339844,4149500.0,0.0,0.0,311.760009765625,277.4537048339844
2022-04-29,274.2408714933877,277.4180317699523,266.7296150572928,267.34368896484375,4878200.0,0.0,0.0,300.3999938964844,267.34368896484375
2022-05-02,268.7587889937635,274.81052827445825,266.9076856778836,273.1907958984375,4233900.0,0.0,0.0,306.9700012207031,273.1907958984375
2022-05-03,272.05165759830356,274.9974206761601,269.6754543432949,271.4019775390625,3336600.0,0.0,0.0,304.9599914550781,271.4019775390625
2022-05-04,270.61869708400417,281.00452965511874,269.5952497554599,280.6129455566406,4021300.0,0.0,0.0,315.30999755859375,280.6129455566406
2022-05-05,276.77730645400237,277.0976787239971,261.3899045452237,266.1956787109375,4959600.0,0.0,0.0,299.1099853515625,266.1956787109375
2022-05-06,263.6949299955342,264.0954225447042,257.5631245351615,261.9239196777344,4325300.0,0.0,0.0,294.30999755859375,261.9239196777344
2022-05-09,258.33740916170666,267.64637672310243,256.7532825429651,264.3446350097656,5243600.0,0.0,0.0,297.0299987792969,264.3446350097656
2022-05-10,265.6172049611562,267.9400125062664,256.0056568364061,259.1205139160156,4392900.0,0.0,0.0,291.1600036621094,259.1205139160156
2022-05-11,259.37864890355223,261.0517495740076,251.47580597237845,251.8228759765625,3880500.0,0.0,0.0,282.9599914550781,251.8228759765625
2022-05-12,250.58576259443277,260.9181735663213,249.7491989601918,257.8122253417969,4447700.0,0.0,0.0,289.69000244140625,257.8122253417969
2022-05-13,258.04368038631424,266.47159507979,256.70874158899113,263.4546203613281,3949100.0,0.0,0.0,296.0299987792969,263.4546203613281
2022-05-16,261.71915075117545,266.60504450258316,257.90124590445544,263.4189758300781,4267900.0,0.0,0.0,295.989990234375,263.4189758300781
2022-05-17,272.7724839350486,276.72390479840936,258.88911553616487,267.8332214355469,12425900.0,0.0,0.0,300.95001220703125,267.8332214355469
2022-05-18,260.75805647817424,262.9295591895158,250.23873177707844,253.79856872558594,7799500.0,0.0,0.0,285.17999267578125,253.79856872558594
2022-05-19,254.08343989810507,260.3131564630323,253.6028541584619,256.0947570800781,5211500.0,0.0,0.0,287.760009765625,256.0947570800781
2022-05-20,257.92799954572456,258.5331653249587,248.8237065281531,255.58740234375,5621800.0,0.0,0.0,287.19000244140625,255.58740234375
2022-05-23,257.27828068963765,258.3907295980605,249.47334892552604,254.5550079345703,4305600.0,0.0,0.0,286.0299987792969,254.5550079345703
2022-05-24,252.74837848875458,257.48296730827775,249.76701014160315,256.2370300292969,4241900.0,0.0,0.0,287.9200134277344,256.2370300292969
2022-05-25,254.35925769101496,262.974056937012,254.22576923192028,261.2653503417969,4612900.0,0.0,0.0,293.57000732421875,261.2653503417969
2022-05-26,264.6026883604331,271.99824748900113,264.3178948847254,269.4885559082031,4170800.0,0.0,0.0,302.80999755859375,269.4885559082031
2022-05-27,270.1382910655128,274.55248220228367,268.41176761083995,274.5168762207031,3899300.0,0.0,0.0,308.4599914550781,274.5168762207031
2022-05-31,272.8615603395311,273.99179901202336,267.72647716554417,269.4352111816406,5966600.0,0.0,0.0,302.75,269.4352111816406
2022-06-01,270.23225655607183,271.3427941607041,266.0140830939565,266.1573791503906,3080800.0,1.9,0.0,297.19000244140625,266.1573791503906
2022-06-02,267.6081486809331,274.07423474208497,264.9930714507489,273.9309387207031,4086400.0,0.0,0.0,305.8699951171875,273.9309387207031
2022-06-03,271.656154850177,276.2504826862595,270.3754825495039,273.2234191894531,2956600.0,0.0,0.0,305.0799865722656,273.2234191894531
2022-06-06,273.6532561937342,275.48918314485854,271.58446983832283,272.15765380859375,2562000.0,0.0,0.0,303.8900146484375,272.15765380859375
2022-06-07,264.2497318645086,270.80538152449657,262.0466135571403,270.2590637207031,3547800.0,0.0,0.0,301.7699890136719,270.2590637207031
2022-06-08,268.4768768004481,269.1933296158771,264.8049946267977,266.4618225097656,3003100.0,0.0,0.0,297.5299987792969,266.4618225097656
2022-06-09,266.6679183049255,274.8356038002537,266.30072721315275,268.5486145019531,4168400.0,0.0,0.0,299.8599853515625,268.5486145019531
2022-06-10,261.06143303478353,265.5393306854659,258.50008869743397,259.03741455078125,4623900.0,0.0,0.0,289.239990234375,259.03741455078125
2022-06-13,254.6670407353691,256.8701865652784,251.90866717273929,253.5923614501953,4704600.0,0.0,0.0,283.1600036621094,253.5923614501953
2022-06-14,253.63712502186783,256.4761247618145,247.7083916443642,249.5712127685547,3987000.0,0.0,0.0,278.6700134277344,249.5712127685547
2022-06-15,251.65785348399277,253.9774012381741,246.70529966702853,250.52047729492188,4050400.0,0.0,0.0,279.7300109863281,250.52047729492188
2022-06-16,246.21280909799125,247.27852390885744,241.56474777865787,244.90524291992188,6181000.0,0.0,0.0,273.4599914550781,244.90524291992188
2022-06-17,242.70210857935848,247.73526232528877,242.15581805896463,242.46031188964844,10775600.0,0.0,0.0,270.7300109863281,242.46031188964844
2022-06-21,245.11121684667796,245.31721002232953,239.49594181636175,241.09007263183594,5498400.0,0.0,0.0,269.20001220703125,241.09007263183594
2022-06-22,238.57344242574405,243.3916373050458,236.88974854832261,240.8929901123047,4678400.0,0.0,0.0,268.9800109863281,240.8929901123047
2022-06-23,241.80646945588586,246.81275567342905,241.70796882791106,246.6605224609375,3747500.0,0.0,0.0,275.4200134277344,246.6605224609375
2022-06-24,248.49652625880842,253.86104047302217,245.3172289260051,253.44908142089844,10310700.0,0.0,0.0,283.0,253.44908142089844
2022-06-27,254.75659875576275,255.24021945581143,252.09672590188103,253.1714324951172,2538600.0,0.0,0.0,282.69000244140625,253.1714324951172
2022-06-28,254.14762897135088,255.77759073099,241.64534289047836,241.9408721923828,4052100.0,0.0,0.0,270.1499938964844,241.9408721923828
2022-06-29,243.22151480494736,247.32328499974014,240.74076895764958,245.27239990234375,2460500.0,0.0,0.0,273.8699951171875,245.27239990234375
2022-06-30,242.46032820857548,248.11143453948466,240.0512163688904,245.6306610107422,4058000.0,0.0,0.0,274.2699890136719,245.6306610107422
2022-07-01,246.93822978276773,251.43403057039595,245.88142484003257,249.9384002685547,2818300.0,0.0,0.0,279.0799865722656,249.9384002685547
2022-07-05,246.7321836583124,254.1028137207031,246.31126014649334,254.10281372070312,3241300.0,0.0,0.0,283.7300109863281,254.10281372070312
2022-07-06,255.23121530950868,256.0641250889431,251.22797350071116,253.96844482421875,2206100.0,0.0,0.0,283.5799865722656,253.96844482421875
2022-07-07,253.30573614537235,257.0044843446017,252.06089468710454,256.75372314453125,3133900.0,0.0,0.0,286.69000244140625,256.75372314453125
2022-07-08,256.1268440584305,257.91800355914256,254.2640502032969,256.5567321777344,1891000.0,0.0,0.0,286.4700012207031,256.5567321777344
2022-07-11,255.40140581648464,259.3509154731424,255.36560230765656,256.4850769042969,2453200.0,0.0,0.0,286.3900146484375,256.4850769042969
2022-07-12,258.79568963914807,262.9780592295871,253.81626825807095,255.3477020263672,2696100.0,0.0,0.0,285.1199951171875,255.3477020263672
2022-07-13,252.2221096268212,259.5300430946213,250.54737999833173,257.19256591796875,2941600.0,0.0,0.0,287.17999267578125,257.19256591796875
2022-07-14,252.41913368164944,259.97782822979974,252.24000681653933,259.2524108886719,2822200.0,0.0,0.0,289.4800109863281,259.2524108886719
2022-07-15,264.02585066977036,264.59903479986843,260.56892612698385,261.87646484375,2647200.0,0.0,0.0,292.4100036621094,261.87646484375
2022-07-18,266.2110920388534,267.32160223031,261.5092981508669,262.44964599609375,2664000.0,0.0,0.0,293.04998779296875,262.44964599609375
2022-07-19,264.59005647444155,268.68286207290976,262.68246742902795,268.5216369628906,2614900.0,0.0,0.0,299.8299865722656,268.5216369628906
2022-07-20,269.50679430686165,271.9786030407642,267.13351355267736,270.7337341308594,2533400.0,0.0,0.0,302.29998779296875,270.7337341308594
2022-07-21,271.2263339463896,273.37571988965647,267.6619166865823,273.1518249511719,1965000.0,0.0,0.0,305.0,273.1518249511719
2022-07-22,275.5340213545498,278.2297246801923,272.57859229381546,274.57574462890625,2391500.0,0.0,0.0,306.5899963378906,274.57574462890625
2022-07-25,274.76382296069454,275.32804250754236,272.10395033335595,274.18170166015625,1910500.0,0.0,0.0,306.1499938964844,274.18170166015625
2022-07-26,265.98716783808675,269.24709102740337,265.0109892560348,267.0439453125,2690200.0,0.0,0.0,298.17999267578125,267.0439453125
2022-07-27,267.0708371311893,268.95156012544555,261.32123027926184,267.69775390625,3233700.0,0.0,0.0,298.9100036621094,267.69775390625
2022-07-28,264.1959912310471,269.7843993844124,262.5570925313887,268.342529296875,3992100.0,0.0,0.0,299.6300048828125,268.342529296875
2022-07-29,268.6738999971809,269.96353690364117,266.3722536944503,269.5157470703125,3236000.0,0.0,0.0,300.94000244140625,269.5157470703125
2022-08-01,269.24707350237264,276.2415482371182,268.6828539616444,273.88616943359375,3303900.0,0.0,0.0,305.82000732421875,273.88616943359375
2022-08-02,273.50999323988134,273.698057295568,268.682833604462,269.3097229003906,3091000.0,0.0,0.0,300.7099914550781,269.3097229003906
2022-08-03,271.674112754544,275.9012501141434,268.9784090591248,274.3787536621094,3329400.0,0.0,0.0,306.3699951171875,274.3787536621094
2022-08-04,272.7398359765103,277.6028269471294,272.6502725447634,275.09521484375,2718400.0,0.0,0.0,307.1700134277344,275.09521484375
2022-08-05,273.4921349529818,277.43268019264605,272.70402043886423,277.3520812988281,2029100.0,0.0,0.0,309.69000244140625,277.3520812988281
2022-08-08,279.2954539609207,282.82403993593505,278.0237461749354,279.39398193359375,2505100.0,0.0,0.0,311.9700012207031,279.39398193359375
2022-08-09,276.63562835537533,277.5938778687744,271.6382782932843,273.3398742675781,2607000.0,0.0,0.0,305.2099914550781,273.3398742675781
2022-08-10,277.18194483309406,280.29857233949457,276.7789229954735,279.04473876953125,3863400.0,0.0,0.0,311.5799865722656,279.04473876953125
2022-08-11,281.06872064371686,281.7672716938023,277.2535424996767,278.2476501464844,2444100.0,0.0,0.0,310.69000244140625,278.2476501464844
2022-08-12,279.9671463614445,282.0448977466689,277.7908943317706,282.00909423828125,2273800.0,0.0,0.0,314.8900146484375,282.00909423828125
2022-08-15,279.45665158221885,282.78820861513634,277.76399310692705,281.7582702636719,3917300.0,0.0,0.0,314.6099853515625,281.7582702636719
2022-08-16,280.2985430974939,298.2101370177675,280.2089796617079,293.19488525390625,10089800.0,0.0,0.0,327.3800048828125,293.19488525390625
2022-08-17,293.8307377280213,295.0935083728481,290.23051720703575,291.7440490722656,3162600.0,0.0,0.0,325.760009765625,291.7440490722656
2022-08-18,291.02756992008807,293.69640724927086,288.5736903026486,291.25146484375,2899600.0,0.0,0.0,325.2099914550781,291.25146484375
2022-08-19,291.0364991831814,292.2455370905797,286.379474403173,287.76763916015625,3489100.0,0.0,0.0,321.32000732421875,287.76763916015625
2022-08-22,284.8749299957695,286.3526309645706,279.16112740754465,279.6089172363281,3144200.0,0.0,0.0,312.2099914550781,279.6089172363281
2022-08-23,278.7133397220096,278.9909672315165,273.7249817625029,274.8533935546875,3317500.0,0.0,0.0,306.8999938964844,274.8533935546875
2022-08-24,273.19660081500103,277.6118298996158,271.85323114569746,275.93707275390625,2495600.0,0.0,0.0,308.1099853515625,275.93707275390625
2022-08-25,276.4117011720148,277.5938454738375,273.89509734875315,277.4326477050781,2529700.0,0.0,0.0,309.7799987792969,277.4326477050781
2022-08-26,277.89831323187246,278.981984125856,266.90059785480025,266.9722595214844,3315500.0,0.0,0.0,298.1000061035156,266.9722595214844
2022-08-29,265.6020382018394,268.41414382439456,263.5601178864889,265.3781433105469,2711800.0,0.0,0.0,296.32000732421875,265.3781433105469
2022-08-30,267.3842727878319,268.5843463049645,261.21374287285903,262.4944152832031,2892400.0,0.0,0.0,293.1000061035156,262.4944152832031
2022-08-31,263.2245700051337,263.6392169313338,259.86225191617956,259.98846435546875,4376200.0,1.9,0.0,288.4200134277344,259.98846435546875
2022-09-01,259.9703664096207,264.63973056503517,258.4559824958502,264.450439453125,3742500.0,0.0,0.0,293.3699951171875,264.450439453125
2022-09-02,266.92038026741193,267.54236440559265,261.52086471490804,263.1253967285156,2753600.0,0.0,0.0,291.8999938964844,263.1253967285156
2022-09-06,264.3152772146689,265.4690976593037,258.9428033483302,260.998046875,4110000.0,0.0,0.0,289.5400085449219,260.998046875
2022-09-07,261.8092390786783,268.3535773807877,261.68302668279904,268.146240234375,3016000.0,0.0,0.0,297.4700012207031,268.146240234375
2022-09-08,266.8212472765427,270.5982124032581,265.50517720540404,270.3367919921875,2703200.0,0.0,0.0,299.8999938964844,270.3367919921875
2022-09-09,269.95815061240654,272.6714149418297,268.9214922292412,270.21954345703125,2769200.0,0.0,0.0,299.7699890136719,270.21954345703125
2022-09-12,271.1480627960356,272.97795062456674,267.13674642788635,268.2094421386719,3632900.0,0.0,0.0,297.5400085449219,268.2094421386719
2022-09-13,263.22460124180895,265.0905263857624,249.98269204155952,250.5325469970703,4797200.0,0.0,0.0,277.92999267578125,250.5325469970703
2022-09-14,251.8575492222303,251.98376163089534,246.24170223998925,249.0991973876953,4194400.0,0.0,0.0,276.3399963378906,249.0991973876953
2022-09-15,250.49650370104928,250.6046700824671,243.8710377466813,244.7724609375,3896100.0,0.0,0.0,271.5400085449219,244.7724609375
2022-09-16,242.52785703434358,249.29755284330813,242.39264908068043,248.76571655273438,9535100.0,0.0,0.0,275.9700012207031,248.76571655273438
2022-09-19,246.6113110922162,253.50721957688557,246.5482323844207,252.77706909179688,3047200.0,0.0,0.0,280.4200134277344,252.77706909179688
2022-09-20,249.5860066056195,251.29870481724836,244.61915703357343,247.14315795898438,2940700.0,0.0,0.0,274.1700134277344,247.14315795898438
2022-09-21,248.7927665801457,252.51564824965453,244.74538581084138,244.79946899414062,3173500.0,0.0,0.0,271.57000732421875,244.79946899414062
2022-09-22,244.48398735079243,244.48398735079243,241.44619574289308,242.60903930664062,3515800.0,0.0,0.0,269.1400146484375,242.60903930664062
2022-09-23,241.48223803881393,244.55606648170792,240.0669972248283,244.2315673828125,3527900.0,0.0,0.0,270.94000244140625,244.2315673828125
2022-09-26,244.67325314247353,246.59328865052294,239.4269643617397,240.3013458251953,4181800.0,0.0,0.0,266.5799865722656,240.3013458251953
2022-09-27,242.80730719798487,246.71048453271038,240.66194337912157,242.203369140625,3701000.0,0.0,0.0,268.69000244140625,242.203369140625
2022-09-28,248.0896391828118,255.5534205231171,245.82705864964814,254.37255859375,5816600.0,0.0,0.0,282.19000244140625,254.37255859375
2022-09-29,251.05537400024483,251.2807297910578,247.64799554352274,250.89309692382812,4518600.0,0.0,0.0,278.3299865722656,250.89309692382812
2022-09-30,250.4333884351375,254.012039473873,247.6750357715456,248.73870849609375,4789100.0,0.0,0.0,275.94000244140625,248.73870849609375
2022-10-03,253.2999413098699,257.8611408992645,251.9928665520777,255.73379516601562,3580000.0,0.0,0.0,283.70001220703125,255.73379516601562
2022-10-04,259.15918359259643,262.59360396398756,258.3118435394142,261.01611328125,3641300.0,0.0,0.0,289.55999755859375,261.01611328125
2022-10-05,258.032397748743,263.3147246344589,257.2391409105152,261.27752685546875,2728000.0,0.0,0.0,289.8500061035156,261.27752685546875
2022-10-06,261.016116035821,264.0899726425908,259.4025607035729,261.7643127441406,2641500.0,0.0,0.0,290.3900146484375,261.7643127441406
2022-10-07,259.1861627633065,260.1777335983388,254.57990428359636,256.2926025390625,2406000.0,0.0,0.0,284.32000732421875,256.2926025390625
2022-10-10,255.60758368545729,256.7794229485489,252.59683322418994,254.6160125732422,2115400.0,0.0,0.0,282.4599914550781,254.6160125732422
2022-10-11,253.38998532868322,257.98724766837216,253.20968974310952,255.0035400390625,2771900.0,0.0,0.0,282.8900146484375,255.0035400390625
2022-10-12,256.38275944990926,256.5810736239593,252.8401459085045,252.8671875,2258200.0,0.0,0.0,280.5199890136719,252.8671875
2022-10-13,247.58491142952496,256.75237041328154,242.23947819630763,254.94952392578125,3881600.0,0.0,0.0,282.8299865722656,254.94952392578125
2022-10-14,258.3840026644361,258.3840026644361,248.74778483668135,249.18045043945312,2783100.0,0.0,0.0,276.42999267578125,249.18045043945312
2022-10-17,252.0379359227298,255.88700313991774,251.80355708432725,253.5343017578125,3426700.0,0.0,0.0,281.260009765625,253.5343017578125
2022-10-18,259.56481244138644,261.28650648553145,255.31009398457988,256.9596862792969,3166500.0,0.0,0.0,285.05999755859375,256.9596862792969
2022-10-19,254.6250126941479,254.8954286507545,246.10655244075224,248.33306884765625,4323000.0,0.0,0.0,275.489990234375,248.33306884765625
2022-10-20,247.83725386204296,250.5956061753192,241.46418634018488,242.89744567871094,3959500.0,0.0,0.0,269.4599914550781,242.89744567871094
2022-10-21,241.8878757011724,248.5313596661186,241.58139514277295,248.36911010742188,3429100.0,0.0,0.0,275.5299987792969,248.36911010742188
2022-10-24,249.6671982668014,256.42787263134716,249.6671982668014,255.337158203125,2937100.0,0.0,0.0,283.260009765625,255.337158203125
2022-10-25,257.36527468837403,263.33269020269967,257.36527468837403,261.64703369140625,2791600.0,0.0,0.0,290.260009765625,261.64703369140625
2022-10-26,261.95356400509513,263.09836146342747,257.9602661882878,261.54791259765625,2615000.0,0.0,0.0,290.1499938964844,261.54791259765625
2022-10-27,263.08032650261157,265.2617549104247,260.9169166527333,262.3681945800781,3041500.0,0.0,0.0,291.05999755859375,262.3681945800781
2022-10-28,261.4126874853811,269.66972601878786,261.4126874853811,269.2099914550781,3243100.0,0.0,0.0,298.6499938964844,269.2099914550781
2022-10-31,265.387966761636,269.7778926684092,263.71130556291484,266.93841552734375,4210900.0,0.0,0.0,296.1300048828125,266.93841552734375
2022-11-01,270.7603434232553,272.41895796013813,264.4323657055484,266.8752136230469,3309100.0,0.0,0.0,296.05999755859375,266.8752136230469
2022-11-02,266.10009144884805,270.58016504180733,260.0785646564077,260.26788330078125,4426400.0,0.0,0.0,288.7300109863281,260.26788330078125
2022-11-03,255.61657819841022,257.76196977201363,252.85822546356366,253.75062561035156,4823900.0,0.0,0.0,281.5,253.75062561035156
2022-11-04,257.7078808677665,260.3670626888684,250.14492733769237,256.0312194824219,4401600.0,0.0,0.0,284.0299987792969,256.0312194824219
2022-11-07,258.25768167327215,262.9450921349147,254.95847029214804,261.6560363769531,3260200.0,0.0,0.0,290.2699890136719,261.6560363769531
2022-11-08,263.60312349024537,264.4234217282088,259.2763040577926,262.4403076171875,3371800.0,0.0,0.0,291.1400146484375,262.4403076171875
2022-11-09,260.5112953884454,263.66627647446467,258.0414047126367,258.48309326171875,3071400.0,0.0,0.0,286.75,258.48309326171875
2022-11-10,268.38962806627006,283.71381637411207,267.79468568968014,280.9735107421875,7794000.0,0.0,0.0,311.70001220703125,280.9735107421875
2022-11-11,281.2439791882793,286.364055284103,279.6574658873351,283.8941650390625,4945400.0,0.0,0.0,314.94000244140625,283.8941650390625
2022-11-14,283.37135759774,284.831686153721,276.1419541093107,276.664794921875,6394800.0,0.0,0.0,306.9200134277344,276.664794921875
2022-11-15,274.08668287776567,285.4175769082454,273.3565324279971,281.1808776855469,9290400.0,0.0,0.0,311.92999267578125,281.1808776855469
2022-11-16,275.70923163014794,285.2192609945367,274.49233256082226,283.86712646484375,5249500.0,0.0,0.0,314.9100036621094,283.86712646484375
2022-11-17,281.2439914843964,282.7583756055543,275.9706611422143,280.73919677734375,3642100.0,0.0,0.0,311.44000244140625,280.73919677734375
2022-11-18,283.17303358918326,284.84966715979937,279.6755079580202,282.3076477050781,3559300.0,0.0,0.0,313.17999267578125,282.3076477050781
2022-11-21,285.7150449584887,287.4097247101793,283.22713602297887,285.55279541015625,4069000.0,0.0,0.0,316.7799987792969,285.55279541015625
2022-11-22,288.4553904931095,294.60310260521385,287.89651257550906,292.8543395996094,6054700.0,0.0,0.0,324.8800048828125,292.8543395996094
2022-11-23,294.54899924646134,295.5045054612868,288.8519990721922,289.8165283203125,4243400.0,0.0,0.0,321.510009765625,289.8165283203125
2022-11-25,291.0604938604948,296.6402770789187,290.16806635910746,294.2064514160156,3393500.0,0.0,0.0,326.3800048828125,294.2064514160156
2022-11-28,293.0166584020266,296.38797277218447,286.5174040516252,287.48193359375,4733700.0,0.0,0.0,318.9200134277344,287.48193359375
2022-11-29,284.8496632548008,288.45535519473503,284.50711811902767,284.8135986328125,3505600.0,0.0,0.0,315.9599914550781,284.8135986328125
2022-11-30,283.7888568047883,294.00029506186905,282.49203005057035,293.81890869140625,15106500.0,1.9,0.0,323.989990234375,293.81890869140625
2022-12-01,295.9228865437918,298.97000616092976,294.22703181350096,296.61212158203125,3830100.0,0.0,0.0,327.07000732421875,296.61212158203125
2022-12-02,291.1798613904747,297.8907688692499,290.4997040926803,297.4463806152344,3644100.0,0.0,0.0,327.989990234375,297.4463806152344
2022-12-05,294.87097363219164,295.2065136060259,289.783408281647,290.2731018066406,5057300.0,0.0,0.0,320.0799865722656,290.2731018066406
2022-12-06,289.87403181616986,291.6968348501986,285.2489559065121,287.8879699707031,3341500.0,0.0,0.0,317.45001220703125,287.8879699707031
2022-12-07,286.5366723176329,292.81226946157784,285.15823009166894,290.33648681640625,4038200.0,0.0,0.0,320.1499938964844,290.33648681640625
2022-12-08,288.88547328670614,294.2995266354883,288.88547328670614,293.9095764160156,3483600.0,0.0,0.0,324.0899963378906,293.9095764160156
2022-12-09,291.5426491489805,294.2269956737432,290.1369740555282,290.6357727050781,3738800.0,0.0,0.0,320.4800109863281,290.6357727050781
2022-12-12,292.92115284571895,297.763870751251,291.3704015504316,297.4374084472656,4900200.0,0.0,0.0,327.9800109863281,297.4374084472656
2022-12-13,312.2829338437192,314.9128702051862,299.23296749315296,301.89013671875,5787700.0,0.0,0.0,332.8900146484375,301.89013671875
2022-12-14,299.74991574051063,307.48557188308115,298.37147329819885,302.3798522949219,4546000.0,0.0,0.0,333.42999267578125,302.3798522949219
2022-12-15,298.7614230252721,299.28739926489544,293.25667553705546,297.0927734375,5056900.0,0.0,0.0,327.6000061035156,297.0927734375
2022-12-16,293.3110772387065,297.4010993537508,289.5112622631249,293.2294616699219,9615000.0,0.0,0.0,323.3399963378906,293.2294616699219
2022-12-19,289.74701726797025,291.9325927693821,286.591077351387,287.7790832519531,3000600.0,0.0,0.0,317.3299865722656,287.7790832519531
2022-12-20,284.1425537665897,287.3801095381854,281.88441244508886,285.52099609375,2632200.0,0.0,0.0,314.8399963378906,285.52099609375
2022-12-21,288.4320197983934,289.82861716411236,285.43026121327944,289.6200256347656,2610400.0,0.0,0.0,319.3599853515625,289.6200256347656
2022-12-22,286.93574806910914,286.93574806910914,281.79377329272205,286.68182373046875,3064400.0,0.0,0.0,316.1199951171875,286.68182373046875
2022-12-23,284.89522699467045,289.38427642566694,283.9067349999546,289.0487365722656,2064900.0,0.0,0.0,318.7300109863281,289.0487365722656
2022-12-27,288.7585032285392,291.6060805890498,287.9423200449875,289.7923278808594,1610200.0,0.0,0.0,319.54998779296875,289.7923278808594
2022-12-28,290.69931062817665,291.4973665399686,286.1195944341306,286.32818603515625,1568200.0,0.0,0.0,315.7300109863281,286.32818603515625
2022-12-29,288.976215032251,291.8600758980261,288.01492807699265,290.57232666015625,1559100.0,0.0,0.0,320.4100036621094,290.57232666015625
2022-12-30,287.92419693696536,288.54089396008084,283.87045807474766,286.44598388671875,2581600.0,0.0,0.0,315.8599853515625,286.44598388671875
2023-01-03,287.8607559209327,289.49312257966074,282.7459590857483,286.4913635253906,2822400.0,0.0,0.0,315.9100036621094,286.4913635253906
2023-01-04,291.1708386057373,292.4767429533681,286.9175856927418,289.95562744140625,3560900.0,0.0,0.0,319.7300109863281,289.95562744140625
2023-01-05,288.23253081812794,288.4592499313295,284.0609212757574,286.0923156738281,2935100.0,0.0,0.0,315.4700012207031,286.0923156738281
2023-01-06,286.835961788003,289.1575632994522,280.2248246798624,287.9604797363281,4022500.0,0.0,0.0,317.5299987792969,287.9604797363281
2023-01-09,290.2005089687937,292.5130332043679,287.53428957858875,288.2144470214844,3466300.0,0.0,0.0,317.80999755859375,288.2144470214844
2023-01-10,286.84499917300764,290.8624827274721,284.72291168166566,290.77178955078125,2111300.0,0.0,0.0,320.6300048828125,290.77178955078125
2023-01-11,292.513001281836,298.3986485315074,292.1230510326278,298.36236572265625,2864800.0,0.0,0.0,329.0,298.36236572265625
2023-01-12,301.2734857563301,301.2734857563301,296.2856641546915,299.1513977050781,2481800.0,0.0,0.0,329.8699951171875,299.1513977050781
2023-01-13,296.0860886032267,301.43668189452256,295.64172799098947,300.3665466308594,2798600.0,0.0,0.0,331.2099914550781,300.3665466308594
2023-01-17,299.56850955057945,303.94873865337024,296.63931609484325,297.0292663574219,3988900.0,0.0,0.0,327.5299987792969,297.0292663574219
2023-01-18,299.26929497408895,303.36836747533806,292.857670406269,293.5469055175781,2952200.0,0.0,0.0,323.69000244140625,293.5469055175781
2023-01-19,290.5087918000335,291.4156682285817,281.7030294280192,281.92974853515625,5359300.0,0.0,0.0,310.8800048828125,281.92974853515625
2023-01-20,281.14086221392665,285.8838097705491,278.764849623884,285.6661682128906,3725100.0,0.0,0.0,315.0,285.6661682128906
2023-01-23,284.34203694750965,287.96046496219253,282.1201786758125,286.10137939453125,3237900.0,0.0,0.0,315.4800109863281,286.10137939453125
2023-01-24,285.7749418978804,288.4774440547374,283.51682808225223,288.1056213378906,2127900.0,0.0,0.0,317.69000244140625,288.1056213378906
2023-01-25,285.96537492151833,288.4955682857957,282.53738261455516,287.7156677246094,2060400.0,0.0,0.0,317.260009765625,287.7156677246094
2023-01-26,284.8952182027395,289.5293710416473,283.42608284903775,284.5868835449219,3555300.0,0.0,0.0,313.80999755859375,284.5868835449219
2023-01-27,282.963574829254,288.6043473528867,282.33782787605907,287.1986999511719,2761200.0,0.0,0.0,316.69000244140625,287.1986999511719
2023-01-30,286.4188286878611,288.5137391268413,284.4781271261647,284.9768981933594,2643100.0,0.0,0.0,314.239990234375,284.9768981933594
2023-01-31,286.56384716958325,294.1453477990266,285.7567416145314,293.98211669921875,3526800.0,0.0,0.0,324.1700134277344,293.98211669921875
2023-02-01,292.3679598863297,299.76804857578685,288.0602960432839,297.5371398925781,3076500.0,0.0,0.0,328.0899963378906,297.5371398925781
2023-02-02,302.3979891449279,309.67112893174857,301.7087541278579,308.1475830078125,4776600.0,0.0,0.0,339.7900085449219,308.1475830078125
2023-02-03,301.56359815546966,303.54058199955733,299.5684590715561,300.6295166015625,3389700.0,0.0,0.0,331.5,300.6295166015625
2023-02-06,298.3532839448814,300.1851921447385,296.9657640391552,298.6072082519531,2229700.0,0.0,0.0,329.2699890136719,298.6072082519531
2023-02-07,293.82796645018453,296.5485957691678,290.85341283512315,294.9162292480469,3865500.0,0.0,0.0,325.20001220703125,294.9162292480469
2023-02-08,292.86671016571944,293.8189194563499,289.8105406736036,290.91693115234375,2777200.0,0.0,0.0,320.7900085449219,290.91693115234375
2023-02-09,293.011789837213,293.7282299899875,285.5119037986348,286.16485595703125,3063300.0,0.0,0.0,315.54998779296875,286.16485595703125
2023-02-10,284.6232134662346,287.6612554728345,283.62564371658857,287.0627136230469,2768800.0,0.0,0.0,316.5400085449219,287.0627136230469
2023-02-13,287.78813608953317,293.54680641718426,286.21923004896064,293.4017028808594,2432500.0,0.0,0.0,323.5299987792969,293.4017028808594
2023-02-14,290.75368718414865,292.8848526834177,286.27374233818813,288.7767028808594,3380800.0,0.0,0.0,318.42999267578125,288.7767028808594
2023-02-15,286.4641590705502,291.5880058645585,286.38254350497226,290.82623291015625,2585500.0,0.0,0.0,320.69000244140625,290.82623291015625
2023-02-16,285.6660815025699,293.5921728124894,285.6025935089634,291.3249816894531,3169200.0,0.0,0.0,321.239990234375,291.3249816894531
2023-02-17,289.003463467888,290.74467892939526,283.8070776290165,288.3414611816406,4985500.0,0.0,0.0,317.95001220703125,288.3414611816406
2023-02-21,277.09609200540683,279.32702802930993,267.5557615845677,267.98199462890625,10891800.0,0.0,0.0,295.5,267.98199462890625
2023-02-22,269.8411459023512,272.42574998351967,267.61023701180824,268.7075500488281,5922100.0,0.0,0.0,296.29998779296875,268.7075500488281
2023-02-23,269.1518458156635,271.9540904801129,267.1839119139025,271.4371643066406,4354500.0,0.0,0.0,299.30999755859375,271.4371643066406
2023-02-24,265.17075383984275,270.54852627802666,264.8080086781597,269.0340576171875,3713300.0,0.0,0.0,296.6600036621094,269.0340576171875
2023-02-27,271.4825331482509,272.5073080115165,267.5648477393905,268.44451904296875,3238300.0,0.0,0.0,296.010009765625,268.44451904296875
2023-02-28,267.5285429498315,270.88399676218285,266.90279600820014,268.9251403808594,3949500.0,0.0,0.0,296.5400085449219,268.9251403808594
2023-03-01,264.73537658890376,266.36774307392716,261.77895060477067,263.7106018066406,5905100.0,0.0,0.0,290.7900085449219,263.7106018066406
2023-03-02,261.59758606955893,266.7214327325657,260.5184008261619,265.7329406738281,4103700.0,0.0,0.0,293.0199890136719,265.7329406738281
2023-03-03,267.2021507928769,270.8024245429493,266.4040949087286,270.6573486328125,4036700.0,0.0,0.0,298.45001220703125,270.6573486328125
2023-03-06,270.24919991260515,272.1626960639041,269.32419583587875,270.43963623046875,3763200.0,0.0,0.0,298.2099914550781,270.43963623046875
2023-03-07,271.2105659041793,271.2105659041793,263.3751649656957,263.62908935546875,4512400.0,0.0,0.0,290.70001220703125,263.62908935546875
2023-03-08,264.3871560891911,267.1457461251587,263.3184146569923,266.25970458984375,4680300.0,2.09,0.0,291.489990234375,266.25970458984375
2023-03-09,267.6847188389317,268.89047145509784,262.84347740809125,263.07183837890625,3248000.0,0.0,0.0,288.0,263.07183837890625
2023-03-10,263.5833861111335,267.78523389029533,259.50943386653137,261.52813720703125,4730900.0,0.0,0.0,286.30999755859375,261.52813720703125
2023-03-13,259.4088677021226,267.03612817996964,258.1391954534192,261.7198791503906,3892100.0,0.0,0.0,286.5199890136719,261.7198791503906
2023-03-14,264.25926973246044,264.71599161438735,257.03395409133753,260.8521423339844,5116000.0,0.0,0.0,285.57000732421875,260.8521423339844
2023-03-15,259.3723691629461,264.1314033905518,258.203162254549,263.0444030761719,4835500.0,0.0,0.0,287.9700012207031,263.0444030761719
2023-03-16,262.1583324011563,263.09917826302285,260.3314450673504,261.9117126464844,4400200.0,0.0,0.0,286.7300109863281,261.9117126464844
2023-03-17,262.90740041366683,266.6799277564685,261.4824303200501,263.4280700683594,8342000.0,0.0,0.0,288.3900146484375,263.4280700683594
2023-03-20,262.5510998066511,264.74335897621523,261.80206932858965,264.22271728515625,3677800.0,0.0,0.0,289.260009765625,264.22271728515625
2023-03-21,266.204878035049,267.5385258438792,262.70640109729567,264.37799072265625,4788200.0,0.0,0.0,289.42999267578125,264.37799072265625
2023-03-22,264.9808531415803,266.0039055233008,258.0021584656522,258.1482849121094,3723400.0,0.0,0.0,282.6099853515625,258.1482849121094
2023-03-23,260.56897005324544,261.34537493095723,255.96520580080482,259.3358154296875,6005800.0,0.0,0.0,283.9100036621094,259.3358154296875
2023-03-24,258.1026508497762,260.26750796873296,256.5223832059887,258.5228271484375,3851000.0,0.0,0.0,283.0199890136719,258.5228271484375
2023-03-27,259.18960539371386,260.27660544025355,256.5954290760488,256.92425537109375,4269700.0,0.0,0.0,281.2699890136719,256.92425537109375
2023-03-28,256.495018946575,258.769513062367,255.70032726649214,256.5133056640625,3633300.0,0.0,0.0,280.82000732421875,256.5133056640625
2023-03-29,256.9060213416276,259.4088479714167,256.9060213416276,258.8333740234375,3607500.0,0.0,0.0,283.3599853515625,258.8333740234375
2023-03-30,260.6602783203125,261.33624560748933,259.28099730244696,260.6602783203125,3432800.0,0.0,0.0,285.3599853515625,260.6602783203125
2023-03-31,262.14925809522623,269.9683357134027,261.9391838372008,269.5755615234375,5800600.0,0.0,0.0,295.1199951171875,269.5755615234375
2023-04-03,269.34713132689956,272.1788122876768,269.22837918926643,271.9595947265625,4007600.0,0.0,0.0,297.7300109863281,271.9595947265625
2023-04-04,271.74953744078397,273.85044708400653,268.9178560132412,269.42938232421875,2965700.0,0.0,0.0,294.9599914550781,269.42938232421875
2023-04-05,269.465862590665,270.1143997427824,263.5102203410014,263.68377685546875,4002400.0,0.0,0.0,288.6700134277344,263.68377685546875
2023-04-06,262.38672763380004,264.7068826564769,259.63725291648717,263.6289978027344,3193400.0,0.0,0.0,288.6099853515625,263.6289978027344
2023-04-10,261.3637032759985,267.31023188771655,260.9343835350034,265.96746826171875,2799900.0,0.0,0.0,291.1700134277344,265.96746826171875
2023-04-11,267.3558392591291,269.55724192517954,266.50634330687797,268.34234619140625,2497000.0,0.0,0.0,293.7699890136719,268.34234619140625
2023-04-12,270.5621362977269,272.6082420307508,264.515113325844,265.3006896972656,3341400.0,0.0,0.0,290.44000244140625,265.3006896972656
2023-04-13,265.71165920508867,267.1548880286901,261.5828757171461,266.8625793457031,3505800.0,0.0,0.0,292.1499938964844,266.8625793457031
2023-04-14,266.8625938479149,270.56205787003995,266.1592521750902,266.8991394042969,2653200.0,0.0,0.0,292.19000244140625,266.8991394042969
2023-04-17,266.4515734200897,269.9226487853353,266.3145345462277,269.831298828125,2621900.0,0.0,0.0,295.3999938964844,269.831298828125
2023-04-18,270.6716437369971,273.33888372903436,270.3062718324003,273.0740051269531,2847800.0,0.0,0.0,298.95001220703125,273.0740051269531
2023-04-19,270.790425464251,272.47115870990217,269.51158184430346,271.2106018066406,2889300.0,0.0,0.0,296.9100036621094,271.2106018066406
2023-04-20,270.3519389459437,275.2297250660189,269.9226192824644,272.7268981933594,3371800.0,0.0,0.0,298.57000732421875,272.7268981933594
2023-04-21,275.5129004960431,276.95615723731794,273.43939321079864,274.0696716308594,3506700.0,0.0,0.0,300.0400085449219,274.0696716308594
2023-04-24,274.03315817056415,275.7686959304255,273.3206730743645,275.5312194824219,2515400.0,0.0,0.0,301.6400146484375,275.5312194824219
2023-04-25,275.4033027944702,276.4903031350897,270.4981141003952,270.6807861328125,4529500.0,0.0,0.0,296.3299865722656,270.6807861328125
2023-04-26,269.8586120702264,270.35187937568446,262.23135311298995,263.13568115234375,4037400.0,0.0,0.0,288.07000732421875,263.13568115234375
2023-04-27,263.0717506248768,269.20094923170103,262.88905075873083,268.48846435546875,3133600.0,0.0,0.0,293.92999267578125,268.48846435546875
2023-04-28,268.34233572792584,274.78213029893885,267.9861071937485,274.5263671875,4063400.0,0.0,0.0,300.5400085449219,274.5263671875
2023-05-01,273.10139671636085,273.63118177603735,271.6307379216566,271.93218994140625,2970000.0,0.0,0.0,297.70001220703125,271.93218994140625
2023-05-02,272.6080950131483,272.81819706482383,265.8577338050346,268.80816650390625,3413200.0,0.0,0.0,294.2799987792969,268.80816650390625
2023-05-03,269.0639733583483,272.9004480390374,267.1822815712159,267.7120666503906,2743400.0,0.0,0.0,293.0799865722656,267.7120666503906
2023-05-04,267.38327557267985,269.0914110525015,260.63291237580535,261.0165710449219,4422500.0,0.0,0.0,285.75,261.0165710449219
2023-05-05,262.31368450213483,265.6934100450844,261.3362928855456,264.5516052246094,3806600.0,0.0,0.0,289.6199951171875,264.5516052246094
2023-05-08,263.9852651170284,264.75255458400204,259.8199635099752,263.00787353515625,3736500.0,0.0,0.0,287.92999267578125,263.00787353515625
2023-05-09,261.40017442412085,265.8668992546755,261.0256591927513,265.4284362792969,2570000.0,0.0,0.0,290.5799865722656,265.4284362792969
2023-05-10,266.46062592832396,268.15964552739774,261.17180753173216,264.0126037597656,3571000.0,0.0,0.0,289.0299987792969,264.0126037597656
2023-05-11,263.747709414151,264.3962744735659,260.3496979361362,262.7886047363281,3859700.0,0.0,0.0,287.69000244140625,262.7886047363281
2023-05-12,263.07182604633834,265.78475536748493,262.56944308453456,265.3280334472656,3438300.0,0.0,0.0,290.4700012207031,265.3280334472656
2023-05-15,264.8256202928274,265.73906402912485,262.1035479232685,263.5650634765625,5353600.0,0.0,0.0,288.5400085449219,263.5650634765625
2023-05-16,257.3627625267946,261.3271048404617,253.10611153880723,257.8925476074219,12362100.0,0.0,0.0,282.3299865722656,257.8925476074219
2023-05-17,257.7281351550747,268.59810964255564,256.86949584440464,267.0818176269531,7956900.0,0.0,0.0,292.3900146484375,267.0818176269531
2023-05-18,267.31933807249607,270.3154327960462,266.3602331770424,269.6120910644531,4547000.0,0.0,0.0,295.1600036621094,269.6120910644531
2023-05-19,270.16012447755696,270.16012447755696,264.85301867617477,265.7025146484375,4470600.0,0.0,0.0,290.8800048828125,265.7025146484375
2023-05-22,265.56556519733925,267.6299295342224,263.14491646926433,265.5016174316406,3736200.0,0.0,0.0,290.6600036621094,265.5016174316406
2023-05-23,264.2410671802202,271.9961974669584,264.2410671802202,269.4111633300781,5352200.0,0.0,0.0,294.94000244140625,269.4111633300781
2023-05-24,271.63072382383353,271.76773479111404,265.0630619900138,265.9034423828125,4978200.0,0.0,0.0,291.1000061035156,265.9034423828125
2023-05-25,266.53369482681353,266.53369482681353,261.29965337625043,261.929931640625,5355900.0,0.0,0.0,286.75,261.929931640625
2023-05-26,262.1583391633516,267.91302326284324,260.9617301589301,267.48370361328125,4626100.0,0.0,0.0,292.8299865722656,267.48370361328125
2023-05-30,267.89477732931755,268.9635187641233,263.93957822455707,267.0909423828125,5193300.0,0.0,0.0,292.3999938964844,267.0909423828125
2023-05-31,266.42850855735117,266.80572001347963,259.4087535695403,260.77960205078125,18288800.0,2.09,0.0,283.45001220703125,260.77960205078125
2023-06-01,261.33161328129825,266.0881280069406,257.58715402903425,265.32452392578125,4305100.0,0.0,0.0,288.3900146484375,265.32452392578125
2023-06-02,267.403747822951,272.5190556374213,266.54813615195826,272.2706604003906,4515600.0,0.0,0.0,295.94000244140625,272.2706604003906
2023-06-05,271.9762153825412,272.06822296659703,268.06613171273534,269.65777587890625,3028800.0,0.0,0.0,293.1000061035156,269.65777587890625
2023-06-06,268.48016050371746,273.17226667490445,268.32374479807595,272.3258361816406,2855400.0,0.0,0.0,296.0,272.3258361816406
2023-06-07,273.53110659893787,278.03001726139723,273.34709139335513,277.57000732421875,4842700.0,0.0,0.0,301.70001220703125,277.57000732421875
2023-06-08,277.9931864705285,281.020059477655,276.7327638353014,277.0087585449219,3757300.0,0.0,0.0,301.0899963378906,277.0087585449219
2023-06-09,276.9075163006992,277.32150828508026,272.4178160471622,273.5678405761719,3485800.0,0.0,0.0,297.3500061035156,273.5678405761719
2023-06-12,274.5339087617659,278.40718434372576,273.8438938965419,276.7971496582031,4456600.0,0.0,0.0,300.8599853515625,276.7971496582031
2023-06-13,278.21395072624176,279.7963857279752,274.7822952259513,276.0794982910156,4043400.0,0.0,0.0,300.0799865722656,276.0794982910156
2023-06-14,276.9167293551176,278.3519578867753,271.9854370826063,275.7391052246094,4176000.0,0.0,0.0,299.7099914550781,275.7391052246094
2023-06-15,276.7787632181904,279.1616112166855,275.6195292439258,277.8643798828125,4109700.0,0.0,0.0,302.0199890136719,277.8643798828125
2023-06-16,279.99880003857993,281.507645866055,276.1347340354863,276.35552978515625,10809300.0,0.0,0.0,300.3800048828125,276.35552978515625
2023-06-20,275.79431572483594,278.5359847409074,274.3775054975013,277.30316162109375,3371100.0,0.0,0.0,301.4100036621094,277.30316162109375
2023-06-21,278.64632913394587,279.290354078585,276.17147418712557,276.64990234375,2713300.0,0.0,0.0,300.70001220703125,276.64990234375
2023-06-22,277.3859658046668,278.6095797677021,275.6379338245697,277.091552734375,3052000.0,0.0,0.0,301.17999267578125,277.091552734375
2023-06-23,276.3003589409655,278.14039858003406,275.1779336380626,276.75115966796875,8525900.0,0.0,0.0,300.80999755859375,276.75115966796875
2023-06-26,278.46238838932067,284.4792973023757,277.8275725195473,283.264892578125,4440100.0,0.0,0.0,307.8900146484375,283.264892578125
2023-06-27,283.50409585914554,290.22943835348246,283.26490980326514,288.6470031738281,5342500.0,0.0,0.0,313.739990234375,288.6470031738281
2023-06-28,287.04613828342485,287.91095902311287,281.5812191738102,281.9952392578125,4025600.0,0.0,0.0,306.510009765625,281.9952392578125
2023-06-29,282.24370245292425,283.48573492735693,279.71364773998994,283.2005310058594,3279700.0,0.0,0.0,307.82000732421875,283.2005310058594
2023-06-30,284.8197056140612,286.5217477894023,283.6420814415742,285.7949523925781,3230700.0,0.0,0.0,310.6400146484375,285.7949523925781
2023-07-03,285.00372206293594,286.4941495919616,284.19410017636017,285.2245178222656,1483300.0,0.0,0.0,310.0199890136719,285.2245178222656
2023-07-05,285.6661134782637,287.3221376880083,285.1968944522345,285.9421081542969,2496000.0,0.0,0.0,310.79998779296875,285.9421081542969
2023-07-06,282.2988822167426,283.3477183033205,277.4227883320657,277.8643798828125,4828300.0,0.0,0.0,302.0199890136719,277.8643798828125
2023-07-07,277.8367635676109,281.18564903389955,276.8247642739817,278.5911865234375,2951900.0,0.0,0.0,302.80999755859375,278.5911865234375
2023-07-10,278.9499874042193,285.6937195271931,278.9499874042193,285.4637145996094,3246700.0,0.0,0.0,310.2799987792969,285.4637145996094
2023-07-11,287.8834104155766,289.4106467134178,285.88695501654007,288.57342529296875,2913800.0,0.0,0.0,313.6600036621094,288.57342529296875
2023-07-12,291.01147865898577,295.5655881808682,290.7354839326562,292.12469482421875,5300500.0,0.0,0.0,317.5199890136719,292.12469482421875
2023-07-13,292.658301696582,292.9527147686957,288.3986055637569,289.438232421875,3235600.0,0.0,0.0,314.6000061035156,289.438232421875
2023-07-14,289.65907335110995,291.5543121735861,289.0886654829368,291.1863098144531,2942100.0,0.0,0.0,316.5,291.1863098144531
2023-07-17,290.4685921620165,292.40063895683903,289.0241546370366,290.7721862792969,2002500.0,0.0,0.0,316.04998779296875,290.7721862792969
2023-07-18,289.37379154334604,292.86067402476965,287.1657499059762,291.4254455566406,2315600.0,0.0,0.0,316.760009765625,291.4254455566406
2023-07-19,291.64625841112775,294.35111870057796,291.36105453705693,293.92791748046875,2361400.0,0.0,0.0,319.4800109863281,293.92791748046875
2023-07-20,294.71914709462357,295.74038369933885,292.4559061887457,293.5691223144531,2101900.0,0.0,0.0,319.0899963378906,293.5691223144531
2023-07-21,295.39082375951705,296.1452468867611,293.93717645806805,294.83880615234375,3673400.0,0.0,0.0,320.4700012207031,294.83880615234375
2023-07-24,295.2987378467834,299.6136326848629,295.28034755957384,299.10760498046875,2621900.0,0.0,0.0,325.1099853515625,299.10760498046875
2023-07-25,299.0708081446764,300.75443182797585,297.9299646339033,299.1260070800781,2890800.0,0.0,0.0,325.1300048828125,299.1260070800781
2023-07-26,298.7212479409359,304.4897623043494,298.3072277768956,303.2293395996094,3448100.0,0.0,0.0,329.5899963378906,303.2293395996094
2023-07-27,305.1797612874712,306.7714056558436,302.6221073557229,303.3397216796875,2608600.0,0.0,0.0,329.7099914550781,303.3397216796875
2023-07-28,305.4466214516189,306.36664139575026,303.14657159129047,304.86700439453125,2268200.0,0.0,0.0,331.3699951171875,304.86700439453125
2023-07-31,305.1245587042534,307.35101895688433,304.96817106245265,307.139404296875,2690000.0,0.0,0.0,333.8399963378906,307.139404296875
2023-08-01,305.2257824319694,308.17903817297423,304.4161605034851,305.510986328125,2547200.0,0.0,0.0,332.07000732421875,305.510986328125
2023-08-02,303.63416128228255,305.93421099295546,301.6929328033284,302.2265319824219,2752600.0,0.0,0.0,328.5,302.2265319824219
2023-08-03,301.4721113757468,305.5386116508694,301.4353307953594,303.46856689453125,2451300.0,0.0,0.0,329.8500061035156,303.46856689453125
2023-08-04,301.9136963393533,303.16490977144593,299.3100246220101,300.3220520019531,3591600.0,0.0,0.0,326.42999267578125,300.3220520019531
2023-08-07,301.0396063535744,303.0636607103274,300.46919869215407,302.8428649902344,2111000.0,0.0,0.0,329.1700134277344,302.8428649902344
2023-08-08,300.46004039403,302.2540901539157,297.5252031948829,301.5916748046875,3272600.0,0.0,0.0,327.80999755859375,301.5916748046875
2023-08-09,301.1684218644933,304.45289857698083,300.62561366936484,301.9596252441406,2698900.0,0.0,0.0,328.2099914550781,301.9596252441406
2023-08-10,304.21376891508936,306.2746044076957,302.6313336399015,303.0545349121094,3075100.0,0.0,0.0,329.3999938964844,303.0545349121094
2023-08-11,302.2448683584584,305.0693356377672,302.0884807290249,304.6277160644531,3108400.0,0.0,0.0,331.1099853515625,304.6277160644531
2023-08-14,304.94975769284775,307.09341956844503,302.1620987977276,303.560546875,3974800.0,0.0,0.0,329.95001220703125,303.560546875
2023-08-15,305.22576641476275,311.1230964813701,302.2448832820631,305.57537841796875,5860900.0,0.0,0.0,332.1400146484375,305.57537841796875
2023-08-16,306.01704502613495,310.7919510273151,305.1522239881359,306.3942565917969,3753900.0,0.0,0.0,333.0299987792969,306.3942565917969
2023-08-17,307.0749841796397,308.8046258150465,300.90165947179963,301.10406494140625,3885100.0,0.0,0.0,327.2799987792969,301.10406494140625
2023-08-18,299.0616460703897,302.5853377702887,298.482029080599,301.1868896484375,3472000.0,0.0,0.0,327.3699951171875,301.1868896484375
2023-08-21,300.48767148052127,301.646905482837,297.62642320722176,298.1416320800781,3109700.0,0.0,0.0,324.05999755859375,298.1416320800781
2023-08-22,299.2548411074156,300.2116695956653,296.2739858317181,298.5280456542969,2582200.0,0.0,0.0,324.4800109863281,298.5280456542969
2023-08-23,298.56477866184804,300.7820294763167,298.1599677535018,300.00921630859375,2728000.0,0.0,0.0,326.0899963378906,300.00921630859375
2023-08-24,299.11680278947784,302.6864837466153,296.5315496577231,296.7891540527344,2490000.0,0.0,0.0,322.5899963378906,296.7891540527344
2023-08-25,297.56204628480367,300.2393077138683,295.51041976134275,297.0376281738281,2418100.0,0.0,0.0,322.8599853515625,297.0376281738281
2023-08-28,297.3503823698135,301.2512569670214,297.046760141635,299.8436279296875,2099900.0,0.0,0.0,325.9100036621094,299.8436279296875
2023-08-29,300.65328484784544,303.4593340682145,300.6348664823078,303.0361328125,2628200.0,0.0,0.0,329.3800048828125,303.0361328125
2023-08-30,303.6935235133861,307.0452584897273,303.5731526568761,306.1286315917969,2256200.0,2.09,0.0,330.6300048828125,306.1286315917969
2023-08-31,306.65638705578107,307.9526342006262,305.24900879331904,305.82305908203125,2914700.0,0.0,0.0,330.29998779296875,305.82305908203125
2023-09-01,307.3971101387941,308.7396690608043,306.60085407905916,308.3970642089844,2317400.0,0.0,0.0,333.0799865722656,308.3970642089844
2023-09-05,307.24890699356297,307.67481066207444,303.11015637736995,303.4897766113281,3141400.0,0.0,0.0,327.7799987792969,303.4897766113281
2023-09-06,303.25835389927875,304.25830795343944,301.4343398254639,301.84173583984375,3199700.0,0.0,0.0,326.0,301.84173583984375
2023-09-07,300.94360037313027,305.47123972858986,300.26768696402155,304.0823974609375,2454000.0,0.0,0.0,328.4200134277344,304.0823974609375
2023-09-08,303.2305662458736,305.073087972876,302.471325680229,304.35089111328125,2210300.0,0.0,0.0,328.7099914550781,304.35089111328125
2023-09-11,304.88790742831713,305.43418197106655,303.29536723776715,304.03607177734375,2087800.0,0.0,0.0,328.3699951171875,304.03607177734375
2023-09-12,302.6102441205684,304.4064826436778,301.7399288342652,302.10101318359375,2190500.0,0.0,0.0,326.2799987792969,302.10101318359375
2023-09-13,301.8787679061404,303.6564702129999,300.9158293405514,301.7306213378906,2564300.0,0.0,0.0,325.8800048828125,301.7306213378906
2023-09-14,303.1287328198999,305.82306200641744,301.1658119748573,305.2027282714844,2707600.0,0.0,0.0,329.6300048828125,305.2027282714844
2023-09-15,303.0638901689832,304.77680118579264,296.59186635728116,297.58258056640625,7117800.0,0.0,0.0,321.3999938964844,297.58258056640625
2023-09-18,296.434478883938,297.8140530768946,293.4253208212415,293.7493896484375,2740400.0,0.0,0.0,317.260009765625,293.7493896484375
2023-09-19,292.5365003791112,293.4438592830259,289.1940051492663,291.2957763671875,2776500.0,0.0,0.0,314.6099853515625,291.2957763671875
2023-09-20,291.6568568836845,292.9068204929707,287.7680874894755,287.8236389160156,2320000.0,0.0,0.0,310.8599853515625,287.8236389160156
2023-09-21,286.471874683592,287.24038326936306,283.6571462928433,284.02752685546875,2766500.0,0.0,0.0,306.760009765625,284.02752685546875
2023-09-22,283.47198055699664,284.85155488968775,282.8238428369559,283.0738525390625,2289200.0,0.0,0.0,305.7300109863281,283.0738525390625
2023-09-25,281.94421234483707,284.51819855550957,281.94421234483707,283.7774658203125,1882300.0,0.0,0.0,306.489990234375,283.7774658203125
2023-09-26,281.95349299935754,283.14790528216963,279.2776715432759,280.1202392578125,2655500.0,0.0,0.0,302.5400085449219,280.1202392578125
2023-09-27,280.5461625122168,281.6757554519148,277.6758825910757,279.45361328125,2513900.0,0.0,0.0,301.82000732421875,279.45361328125
2023-09-28,279.31467942010727,282.2775256426535,278.46284382428536,280.9997863769531,2369600.0,0.0,0.0,303.489990234375,280.9997863769531
2023-09-29,282.3516259434708,283.01827131880793,277.6017811762023,279.76837158203125,3502600.0,0.0,0.0,302.1600036621094,279.76837158203125
2023-10-02,278.24989261594595,280.9627858301054,276.3425516056222,277.61102294921875,2806800.0,0.0,0.0,299.8299865722656,277.61102294921875
2023-10-03,275.8333803634109,276.19446471700996,268.57436701933443,270.3057861328125,3609200.0,0.0,0.0,291.94000244140625,270.3057861328125
2023-10-04,271.6204723803623,272.40748857511164,268.842788109058,270.7223815917969,2956300.0,0.0,0.0,292.3900146484375,270.7223815917969
2023-10-05,270.36128375111133,270.98164570471664,268.73169984820424,270.0835266113281,2469300.0,0.0,0.0,291.70001220703125,270.0835266113281
2023-10-06,269.21317294619837,272.7130540540837,266.0929120855575,271.1205139160156,2922500.0,0.0,0.0,292.82000732421875,271.1205139160156
2023-10-09,268.7872943412158,273.62973513178343,268.2132439896448,273.4723205566406,1929900.0,0.0,0.0,295.3599853515625,273.4723205566406
2023-10-10,274.7037517532106,278.3888235148695,273.2964017203702,277.0462646484375,3116300.0,0.0,0.0,299.2200012207031,277.0462646484375
2023-10-11,277.52768554308034,278.55544341695565,273.9722530653673,275.9629211425781,2292800.0,0.0,0.0,298.04998779296875,275.9629211425781
2023-10-12,275.6388728806978,275.6388728806978,269.22240091654396,271.3056640625,2546400.0,0.0,0.0,293.0199890136719,271.3056640625
2023-10-13,271.2316340005633,272.8889936594281,269.3335608998118,270.2872314453125,2092700.0,0.0,0.0,291.9200134277344,270.2872314453125
2023-10-16,272.61120583173766,276.25923369320117,271.82418958132837,275.2962951660156,2567000.0,0.0,0.0,297.3299865722656,275.2962951660156
2023-10-17,274.7037901473359,276.25001897583104,272.6760778343636,274.0093688964844,2139700.0,0.0,0.0,295.94000244140625,274.0093688964844
2023-10-18,271.28713725676573,271.5926700640118,268.1205650649918,268.7316589355469,2720100.0,0.0,0.0,290.239990234375,268.7316589355469
2023-10-19,269.4354053085072,269.750206171404,265.1948192658752,265.51885986328125,3028600.0,0.0,0.0,286.7699890136719,265.51885986328125
2023-10-20,264.67628775482723,265.8984757359598,262.5930243462884,265.185546875,2885300.0,0.0,0.0,286.4100036621094,265.185546875
2023-10-23,264.6393064797607,266.88922447007195,263.25970376360084,263.94488525390625,2590900.0,0.0,0.0,285.07000732421875,263.94488525390625
2023-10-24,265.4911206545872,266.57443022663614,261.13016315905224,262.3153076171875,2705200.0,0.0,0.0,283.30999755859375,262.3153076171875
2023-10-25,260.87084325220735,262.2411776409418,258.5098229653055,260.1116027832031,2962800.0,0.0,0.0,280.92999267578125,260.1116027832031
2023-10-26,259.74131687345965,262.2504843504523,257.1673299665931,257.3988037109375,3108200.0,0.0,0.0,278.0,257.3988037109375
2023-10-27,258.30615826335685,258.945027977362,253.93593339309572,255.97288513183594,2907300.0,0.0,0.0,276.4599914550781,255.97288513183594
2023-10-30,256.90800283067483,261.39859776450226,256.4357874930368,260.620849609375,3074400.0,0.0,0.0,281.4800109863281,260.620849609375
2023-10-31,261.64860237220506,264.2503644423537,260.75048330576493,263.5929870605469,3036000.0,0.0,0.0,284.69000244140625,263.5929870605469
2023-11-01,264.4262523166121,265.57435265202105,261.1208016019829,265.3891906738281,2747300.0,0.0,0.0,286.6300048828125,265.3891906738281
2023-11-02,268.74093766872977,272.824136701556,268.5094639928738,272.7037658691406,3628000.0,0.0,0.0,294.5299987792969,272.7037658691406
2023-11-03,272.37974300143827,275.74074586258166,272.3705032669695,273.7037658691406,3071900.0,0.0,0.0,295.6099853515625,273.7037658691406
2023-11-06,272.9074684769805,274.4722328128723,271.4908506868845,272.7408142089844,2890300.0,0.0,0.0,294.57000732421875,272.7408142089844
2023-11-07,272.7778483171147,274.0648556277379,271.8056700978888,272.9259948730469,2629000.0,0.0,0.0,294.7699890136719,272.9259948730469
2023-11-08,273.1667542362956,275.92593103896616,272.31491854857626,273.9908142089844,2454900.0,0.0,0.0,295.9200134277344,273.9908142089844
2023-11-09,270.3150204342727,271.0464570421692,266.361431228645,266.537353515625,4059100.0,0.0,0.0,287.8699951171875,266.537353515625
2023-11-10,267.7965305193458,269.98162841796875,265.5373452223601,269.98162841796875,3653500.0,0.0,0.0,291.5899963378906,269.98162841796875
2023-11-13,266.4632847539143,268.4446850245948,265.9540256366707,266.7225341796875,4586700.0,0.0,0.0,288.07000732421875,266.7225341796875
2023-11-14,278.59248249755905,285.39778624675546,277.89806144102346,281.1294250488281,7952800.0,0.0,0.0,303.6300048828125,281.1294250488281
2023-11-15,281.56465560363415,286.03671571049,281.4813284501479,285.3515625,3985900.0,0.0,0.0,308.19000244140625,285.3515625
2023-11-16,283.2127023509402,285.1293113440741,281.7775484755125,283.731201171875,3114000.0,0.0,0.0,306.44000244140625,283.731201171875
2023-11-17,285.63858627937503,285.83301630323007,282.81461804160216,284.4997253417969,2770300.0,0.0,0.0,307.2699890136719,284.4997253417969
2023-11-20,284.4256675642801,286.721897177051,283.0831086050578,285.3515625,3459000.0,0.0,0.0,308.19000244140625,285.3515625
2023-11-21,282.9256734901999,283.3886208782104,279.9350231914682,282.71270751953125,2977200.0,0.0,0.0,305.3399963378906,282.71270751953125
2023-11-22,284.6108754870659,286.89780899415405,283.7683076526306,286.2867431640625,2873500.0,0.0,0.0,309.20001220703125,286.2867431640625
2023-11-24,286.2681892417697,288.3051694013399,285.462665169235,287.6755676269531,1259900.0,0.0,0.0,310.70001220703125,287.6755676269531
2023-11-27,287.66624545863937,289.70322523457924,286.7959021231074,287.87921142578125,2992600.0,0.0,0.0,310.9200134277344,287.87921142578125
2023-11-28,287.68476520353596,291.2679735561643,286.4626055429657,290.119873046875,3116900.0,0.0,0.0,313.3399963378906,290.119873046875
2023-11-29,292.739115730777,292.739115730777,289.8029683863762,289.9054870605469,3083800.0,2.09,0.0,311.0199890136719,289.9054870605469
2023-11-30,291.32230481932066,292.4594826454566,287.64045088460625,292.2077941894531,4493700.0,0.0,0.0,313.489990234375,292.2077941894531
2023-12-01,292.52475438079887,298.3691159836356,291.75111378372526,297.92169189453125,3613600.0,0.0,0.0,319.6199951171875,297.92169189453125
2023-12-04,297.9216316079627,303.01095514126047,297.30643427711124,302.0229187011719,3827900.0,0.0,0.0,324.0199890136719,302.0229187011719
2023-12-05,300.1401616233578,301.92982976161625,298.28526724269256,301.538330078125,3269800.0,0.0,0.0,323.5,301.538330078125
2023-12-06,302.9364385383005,306.02172737513393,302.2000619997975,303.9710693359375,3030800.0,0.0,0.0,326.1099853515625,303.9710693359375
2023-12-07,303.97108567395657,305.18284856072296,302.6381720997388,304.02703857421875,2742300.0,0.0,0.0,326.1700134277344,304.02703857421875
2023-12-08,303.8685467970004,305.0616491557945,302.99235914100115,304.306640625,2889300.0,0.0,0.0,326.4700012207031,304.306640625
2023-12-11,307.41990023810985,309.54511476302713,306.487788105325,308.8367004394531,3520700.0,0.0,0.0,331.3299865722656,308.8367004394531
2023-12-12,308.0071041041726,311.81010870295836,307.8952552109439,310.5797424316406,2893400.0,0.0,0.0,333.20001220703125,310.5797424316406
2023-12-13,312.1643276506009,320.4974118613427,309.37732165416594,320.0872802734375,5822700.0,0.0,0.0,343.3999938964844,320.0872802734375
2023-12-14,325.9969125158898,329.1008620790688,324.37504638661494,327.9263916015625,7594800.0,0.0,0.0,351.80999755859375,327.9263916015625
2023-12-15,324.58010512863495,330.32191958280526,323.20989908336924,329.96771240234375,11212800.0,0.0,0.0,354.0,329.96771240234375
2023-12-18,329.69732071491427,330.82519669249064,326.5374758922882,326.99420166015625,4420500.0,0.0,0.0,350.80999755859375,326.99420166015625
2023-12-19,327.60003709166205,328.9982049275032,326.6120007633314,328.16864013671875,4654700.0,0.0,0.0,352.07000732421875,328.16864013671875
2023-12-20,327.1713120063902,330.6853640059706,324.6639284506772,324.99017333984375,3259500.0,0.0,0.0,348.6600036621094,324.99017333984375
2023-12-21,327.98226355176416,328.3364706832476,323.44288240478903,325.2791442871094,2794200.0,0.0,0.0,348.9700012207031,325.2791442871094
2023-12-22,325.34441910355304,327.4882655799732,323.1539499541126,324.9249572753906,2029900.0,0.0,0.0,348.5899963378906,324.9249572753906
2023-12-26,324.7757757111275,326.3230850368966,324.5241157128725,325.5960388183594,1585500.0,0.0,0.0,349.30999755859375,325.5960388183594
2023-12-27,326.15533776236026,326.23922443514726,323.6106615712771,324.8690185546875,2764300.0,0.0,0.0,348.5299987792969,324.8690185546875
2023-12-28,324.8410638208895,325.3444123150209,322.3243497960361,323.7784423828125,2859400.0,0.0,0.0,347.3599853515625,323.7784423828125
2023-12-29,322.3522851946988,323.9555189961594,319.7330527117604,323.0234069824219,10325700.0,0.0,0.0,346.54998779296875,323.0234069824219
2024-01-02,320.8423262302598,323.72254945940216,319.91954427265483,321.65325927734375,2833600.0,0.0,0.0,345.0799865722656,321.65325927734375
2024-01-03,319.22974815705845,319.4348139478386,313.73959447641886,315.2962341308594,3309600.0,0.0,0.0,338.260009765625,315.2962341308594
2024-01-04,316.8528475548833,319.6398819734912,315.55722657583374,315.60382080078125,3652400.0,0.0,0.0,338.5899963378906,315.60382080078125
2024-01-05,314.93269338623014,320.48807323242113,314.88609916210964,319.65850830078125,2664300.0,0.0,0.0,342.94000244140625,319.65850830078125
2024-01-08,320.1152188801187,324.80374112494616,319.9474455463,324.3097229003906,2736200.0,0.0,0.0,347.92999267578125,324.3097229003906
2024-01-09,322.33365908791336,325.40961741116234,321.8116786263414,322.6878662109375,2338100.0,0.0,0.0,346.19000244140625,322.6878662109375
2024-01-10,326.8171299095701,332.6335001322112,326.52817744311216,332.57757568359375,4109300.0,0.0,0.0,356.79998779296875,332.57757568359375
2024-01-11,332.84784710660745,336.4924081821314,329.27787091545264,332.32586669921875,3530400.0,0.0,0.0,356.5299987792969,332.32586669921875
2024-01-12,334.1901166410963,334.1901166410963,329.43633971752746,331.5615539550781,1956100.0,0.0,0.0,355.7099914550781,331.5615539550781
2024-01-16,333.75201642602724,335.2340710746875,332.0276035576287,334.0968933105469,3669400.0,0.0,0.0,358.42999267578125,334.0968933105469
2024-01-17,332.4191646118596,335.33668022784786,330.0142993062272,331.55230712890625,2646100.0,0.0,0.0,355.70001220703125,331.55230712890625
2024-01-18,331.9437469211511,334.3579137769845,329.99563610186783,333.6029052734375,2510700.0,0.0,0.0,357.8999938964844,333.6029052734375
2024-01-19,334.4511231013846,338.31938242801175,332.09288074766425,337.8067321777344,3234600.0,0.0,0.0,362.4100036621094,337.8067321777344
2024-01-22,334.96379051537804,336.92123161403254,331.54295503891296,332.4750671386719,4003700.0,0.0,0.0,356.69000244140625,332.4750671386719
2024-01-23,331.692062244902,331.72002446718426,325.36301377420875,326.96624755859375,3878400.0,0.0,0.0,350.7799987792969,326.96624755859375
2024-01-24,328.0475563884107,328.9144138715976,323.5081747133116,323.694580078125,3474400.0,0.0,0.0,347.2699890136719,323.694580078125
2024-01-25,328.65338857134617,328.9237090341873,324.6173558584958,327.14337158203125,3064200.0,0.0,0.0,350.9700012207031,327.14337158203125
2024-01-26,327.6094662564883,332.8106396605035,327.19000440073285,331.179443359375,3177700.0,0.0,0.0,355.29998779296875,331.179443359375
2024-01-29,331.0396283727447,332.1768063472812,329.044923139525,331.55230712890625,2732000.0,0.0,0.0,355.70001220703125,331.55230712890625
2024-01-30,330.43371130918524,334.56296073353195,330.0049477445252,332.8572082519531,2336500.0,0.0,0.0,357.1000061035156,332.8572082519531
2024-01-31,333.62152579068476,334.6095621942536,328.42965533791295,328.99822998046875,3377900.0,0.0,0.0,352.9599914550781,328.99822998046875
2024-02-01,329.4084101343816,335.6908650254927,328.40174158350237,335.6256103515625,2439100.0,0.0,0.0,360.07000732421875,335.6256103515625
2024-02-02,330.13546502850176,335.14090257967456,326.25787518178237,332.9784240722656,3697600.0,0.0,0.0,357.2300109863281,332.9784240722656
2024-02-05,329.65076781030984,331.897161378747,326.9476484167619,331.0303039550781,2653800.0,0.0,0.0,355.1400146484375,331.0303039550781
2024-02-06,330.7599901326916,333.69613760964916,330.2473114012835,332.06494140625,2045300.0,0.0,0.0,356.25,332.06494140625
2024-02-07,334.1435649404861,339.0371535986399,333.435150622553,338.0677490234375,3272200.0,0.0,0.0,362.69000244140625,338.0677490234375
2024-02-08,338.22617034573204,340.8267709726282,337.098322711594,339.0278015136719,2521900.0,0.0,0.0,363.7200012207031,339.0278015136719
2024-02-09,339.40997054206485,339.6895927830479,336.3060214381392,338.4964904785156,2389900.0,0.0,0.0,363.1499938964844,338.4964904785156
2024-02-12,339.4938727273499,343.68837720857783,339.3354011530164,340.640380859375,3119700.0,0.0,0.0,365.45001220703125,340.640380859375
2024-02-13,334.1341974563499,335.029017032089,329.85580669152716,333.3139343261719,3106500.0,0.0,0.0,357.5899963378906,333.3139343261719
2024-02-14,332.9225163537466,334.60963710618086,329.94907625507926,333.9105529785156,2998900.0,0.0,0.0,358.2300109863281,333.9105529785156
2024-02-15,334.5350494318852,337.0890561002816,332.6242308770837,336.5670471191406,2662800.0,0.0,0.0,361.0799865722656,336.5670471191406
2024-02-16,336.19415387982633,339.2794423658889,334.76802363837083,337.75079345703125,3899600.0,0.0,0.0,362.3500061035156,337.75079345703125
2024-02-20,331.1886991141707,340.4538942969157,330.4896151423084,337.9558410644531,4830000.0,0.0,0.0,362.57000732421875,337.9558410644531
2024-02-21,336.1103186675083,340.3234553689916,334.5816695246289,339.4100036621094,3277800.0,0.0,0.0,364.1300048828125,339.4100036621094
2024-02-22,342.49523157786473,347.64047951761864,342.2249111361801,346.1304626464844,3387500.0,0.0,0.0,371.3399963378906,346.1304626464844
2024-02-23,346.82022291290565,348.8429184834578,345.1144704569145,346.7083740234375,3398200.0,0.0,0.0,371.9599914550781,346.7083740234375
2024-02-26,348.1531706284335,349.4301595479369,345.55257012082063,346.3728332519531,2461000.0,0.0,0.0,371.6000061035156,346.3728332519531
2024-02-27,347.3609366991583,350.28775422236305,345.45008961708817,350.0640563964844,2802900.0,0.0,0.0,375.55999755859375,350.0640563964844
2024-02-28,350.06400464427225,354.0534431422302,349.59794861205376,351.9748229980469,2282500.0,0.0,0.0,377.6099853515625,351.9748229980469
2024-02-29,353.0747567650813,355.8617628922683,352.4781913562121,354.77117919921875,4382800.0,0.0,0.0,380.6099853515625,354.77117919921875
2024-03-01,354.53810081776925,358.95633096803334,354.0440826037503,358.3504638671875,2750900.0,0.0,0.0,384.45001220703125,358.3504638671875
2024-03-04,356.90575861664047,358.4251060664247,354.3051575924956,354.5475158691406,2619000.0,0.0,0.0,380.3699951171875,354.5475158691406
2024-03-05,354.29582232565537,355.11608554217776,351.424901067827,352.7578430175781,3011600.0,0.0,0.0,378.45001220703125,352.7578430175781
2024-03-06,354.94260747437926,356.1522315413631,352.46712903378,353.9205322265625,2496300.0,2.25,0.0,377.44000244140625,353.9205322265625
2024-03-07,354.3237215137177,356.6022936662033,352.1764106384965,353.0859680175781,2368500.0,0.0,0.0,376.54998779296875,353.0859680175781
2024-03-08,351.63259640215455,353.15164464006244,348.913310046498,350.0854187011719,2162900.0,0.0,0.0,373.3500061035156,350.0854187011719
2024-03-11,348.4069612912902,349.7384893529776,345.8845811033403,348.36944580078125,2833700.0,0.0,0.0,371.5199890136719,348.36944580078125
2024-03-12,349.29776014429194,352.47650389020873,349.20398573006685,351.2012634277344,2843800.0,0.0,0.0,374.5400085449219,351.2012634277344
2024-03-13,352.5984170867071,358.8621589458073,352.363995352915,355.37396240234375,3761200.0,0.0,0.0,378.989990234375,355.37396240234375
2024-03-14,354.4456683896287,356.5085911335084,348.9789660422497,351.8857727050781,3877500.0,0.0,0.0,375.2699890136719,351.8857727050781
2024-03-15,350.8073962810257,354.8394668657887,349.3258636636582,349.9728698730469,9234900.0,0.0,0.0,373.2300109863281,349.9728698730469
2024-03-18,353.02973134461195,354.07057868248415,348.0131293291693,348.7351379394531,3455600.0,0.0,0.0,371.9100036621094,348.7351379394531
2024-03-19,351.5294270888828,355.8146341252836,349.87908912199623,355.76776123046875,3493800.0,0.0,0.0,379.4100036621094,355.76776123046875
2024-03-20,355.7771891486274,360.89695179665966,352.78596553939377,360.45623779296875,2750400.0,0.0,0.0,384.4100036621094,360.45623779296875
2024-03-21,364.2070408296822,372.1398654846796,364.09452295904856,370.5739440917969,4212200.0,0.0,0.0,395.20001220703125,370.5739440917969
2024-03-22,370.09568282352797,371.71789162870886,365.78231691777324,365.9604797363281,2910900.0,0.0,0.0,390.2799987792969,365.9604797363281
2024-03-25,364.8539709154351,365.5665934857608,359.03094340015565,359.6123046875,2683900.0,0.0,0.0,383.510009765625,359.6123046875
2024-03-26,358.5808448686116,360.3155713277993,355.7583981896951,356.25537109375,2720200.0,0.0,0.0,379.92999267578125,356.25537109375
2024-03-27,357.11804437989105,362.2471926203723,357.01488394557674,361.843994140625,2536500.0,0.0,0.0,385.8900146484375,361.843994140625
2024-03-28,363.0067500658502,363.4568214833545,356.0584863987841,359.69671630859375,4108200.0,0.0,0.0,383.6000061035156,359.69671630859375
2024-04-01,357.69943860723464,359.2653883900631,344.9187610200207,345.096923828125,4333200.0,0.0,0.0,368.0299987792969,345.096923828125
2024-04-02,341.78687090913127,343.9997982306729,340.34282508816506,340.3803405761719,4650500.0,0.0,0.0,363.0,340.3803405761719
2024-04-03,339.44262826646843,339.8176972706485,336.6295678112214,337.4734802246094,4723000.0,0.0,0.0,359.8999938964844,337.4734802246094
2024-04-04,340.01463528233404,342.2557207235417,334.66983708717027,335.391845703125,4381600.0,0.0,0.0,357.67999267578125,335.391845703125
2024-04-05,335.39181402203775,336.9389915477564,333.83525047104604,335.5699768066406,3243400.0,0.0,0.0,357.8699951171875,335.5699768066406
2024-04-08,335.75755690342015,339.9771479754457,334.9980327997302,339.4895324707031,4339600.0,0.0,0.0,362.04998779296875,339.4895324707031
2024-04-09,340.9711451052286,341.74005535075037,336.37648430315494,338.89886474609375,3022600.0,0.0,0.0,361.4200134277344,338.89886474609375
2024-04-10,329.9439133096993,331.9318051301694,327.0183345085595,328.7155456542969,4805200.0,0.0,0.0,350.55999755859375,328.7155456542969
2024-04-11,329.1656586623127,329.98144178905386,324.2428018200391,325.7243347167969,4104700.0,0.0,0.0,347.3699951171875,325.7243347167969
2024-04-12,324.5522129093303,324.5522129093303,320.22948966757525,321.5047302246094,3550300.0,0.0,0.0,342.8699951171875,321.5047302246094
2024-04-15,324.36466588556,324.5146706079302,316.1786489254596,316.8725280761719,4209200.0,0.0,0.0,337.92999267578125,316.8725280761719
2024-04-16,315.83174536726915,317.0413410058953,312.2122586307745,313.9657287597656,4525500.0,0.0,0.0,334.8299865722656,313.9657287597656
2024-04-17,315.7942377749175,316.23495182498937,311.25583596988866,312.0903625488281,4273800.0,0.0,0.0,332.8299865722656,312.0903625488281
2024-04-18,314.7345720645944,315.95358208719637,310.6837581774259,312.1465759277344,3717300.0,0.0,0.0,332.8900146484375,312.1465759277344
2024-04-19,313.8531862169713,314.9409064962306,311.85590846549997,314.4626770019531,3076600.0,0.0,0.0,335.3599853515625,314.4626770019531
2024-04-22,317.1444582729359,318.2978234391617,312.9154812793741,315.1659240722656,3112800.0,0.0,0.0,336.1099853515625,315.1659240722656
2024-04-23,316.93819803333565,318.99173480099216,315.33476131610234,317.8758850097656,3697400.0,0.0,0.0,339.0,317.8758850097656
2024-04-24,316.0661312931394,316.51620269242636,311.1432750519049,312.2591247558594,4029200.0,0.0,0.0,333.010009765625,312.2591247558594
2024-04-25,309.17415322196626,312.165376987423,306.5298690617176,311.2933349609375,3787800.0,0.0,0.0,331.9800109863281,311.2933349609375
2024-04-26,310.3743671466233,314.9033823299877,310.3649811204265,314.2095031738281,2465300.0,0.0,0.0,335.0899963378906,314.2095031738281
2024-04-29,314.1251023217825,316.31928616976006,313.32806275688404,315.81292724609375,2427400.0,0.0,0.0,336.79998779296875,315.81292724609375
2024-04-30,314.8002988914483,316.4131217688527,312.11849903690853,313.3937683105469,3089900.0,0.0,0.0,334.2200012207031,313.3937683105469
2024-05-01,312.2591073666668,314.49080665029607,308.9021724156159,311.2839050292969,3267500.0,0.0,0.0,331.9700012207031,311.2839050292969
2024-05-02,314.593940851398,315.06278428038667,310.3556065550759,314.6220703125,3213600.0,0.0,0.0,335.5299987792969,314.6220703125
2024-05-03,320.0137866016718,325.2648390061153,319.16048808205556,321.4859619140625,4165100.0,0.0,0.0,342.8500061035156,321.4859619140625
2024-05-06,324.43968706221085,324.7960126843548,319.22614987152645,320.96087646484375,3366100.0,0.0,0.0,342.2900085449219,320.96087646484375
2024-05-07,322.1892129863503,324.00832779626086,319.1698601322037,319.4605407714844,2930700.0,0.0,0.0,340.69000244140625,319.4605407714844
2024-05-08,317.66952725369833,319.2260907476525,316.5911931762523,317.7164001464844,3123200.0,0.0,0.0,338.8299865722656,317.7164001464844
2024-05-09,318.1102595065716,326.3244053571923,317.76331995537134,325.7899169921875,3801400.0,0.0,0.0,347.44000244140625,325.7899169921875
2024-05-10,325.8086813498946,328.01225128191544,323.2206849719706,324.8428649902344,3413700.0,0.0,0.0,346.42999267578125,324.8428649902344
2024-05-13,326.3712972542416,327.0558189869571,319.1886122295024,319.7137145996094,4055600.0,0.0,0.0,340.9599914550781,319.7137145996094
2024-05-14,314.17197426387196,322.7987049119588,312.24972762725423,319.2823791503906,5854300.0,0.0,0.0,340.5,319.2823791503906
2024-05-15,323.67081208102826,328.60305516729863,323.2113545793274,326.943359375,4151100.0,0.0,0.0,348.6700134277344,326.943359375
2024-05-16,326.3150742833605,326.5494960321273,321.3172151906646,321.37347412109375,3101600.0,0.0,0.0,342.7300109863281,321.37347412109375
2024-05-17,323.2769143495724,323.4363050826357,319.3667477538854,322.76116943359375,2739000.0,0.0,0.0,344.2099914550781,322.76116943359375
2024-05-20,319.8731506641747,321.2046500950647,316.5068579809251,316.7694091796875,3237400.0,0.0,0.0,337.82000732421875,316.7694091796875
2024-05-21,317.8759049848829,317.8759049848829,311.6215198680617,315.2034912109375,4275100.0,0.0,0.0,336.1499938964844,315.2034912109375
2024-05-22,313.80626021414685,314.35949197864664,308.43330468038346,309.9898681640625,4024400.0,0.0,0.0,330.5899963378906,309.9898681640625
2024-05-23,310.355705890381,310.37444933180427,305.6860135412936,306.52056884765625,4021100.0,0.0,0.0,326.8900146484375,306.52056884765625
2024-05-24,306.05166522472564,307.12999952179786,304.20442074103534,304.842041015625,2736900.0,0.0,0.0,325.1000061035156,304.842041015625
2024-05-28,305.1139406719073,310.3649641876041,304.26064219662356,308.2176818847656,3807500.0,0.0,0.0,328.70001220703125,308.2176818847656
2024-05-29,306.1829238403267,306.42673160856765,303.5948986572619,305.6015625,3506200.0,0.0,0.0,325.9100036621094,305.6015625
2024-05-30,308.0564436220524,311.7954887023901,307.5371133958448,310.8135070800781,2921800.0,2.25,0.0,329.17999267578125,310.8135070800781
2024-05-31,311.6350186936287,316.46937513482,309.70886018977006,316.18609619140625,5557800.0,0.0,0.0,334.8699951171875,316.18609619140625
2024-06-03,315.03413541950283,315.03413541950283,308.60409875735286,309.7088317871094,3712800.0,0.0,0.0,328.010009765625,309.7088317871094
2024-06-04,308.6324258683758,311.3895184165823,306.96119262209976,309.94488525390625,4296800.0,0.0,0.0,328.260009765625,309.94488525390625
2024-06-05,310.17153246731647,312.02216733259627,307.7354947538774,311.8333435058594,2422400.0,0.0,0.0,330.260009765625,311.8333435058594
2024-06-06,311.39898033403557,313.3251677332909,309.75607189003745,312.62646484375,2979400.0,0.0,0.0,331.1000061035156,312.62646484375
2024-06-07,307.5560831334622,310.4736748152992,305.85649586029706,308.7835388183594,2583800.0,0.0,0.0,327.0299987792969,308.7835388183594
2024-06-10,308.7551641567849,314.2315439216944,308.28306145929747,314.00494384765625,2691000.0,0.0,0.0,332.55999755859375,314.00494384765625
2024-06-11,314.4204378143444,317.54575577691935,311.889973939094,316.9886779785156,3250900.0,0.0,0.0,335.7200012207031,316.9886779785156
2024-06-12,327.6676120233298,330.93455477091516,323.91911528156885,324.9388732910156,4793000.0,0.0,0.0,344.1400146484375,324.9388732910156
2024-06-13,326.6006775753138,329.2350189956409,323.9285886815869,328.47021484375,3380800.0,0.0,0.0,347.8800048828125,328.47021484375
2024-06-14,325.5715449502917,328.1114604311932,322.6256279591015,327.48828125,2589000.0,0.0,0.0,346.8399963378906,327.48828125
2024-06-17,325.6470434413064,331.1234237264858,325.1843631597068,329.99981689453125,2680200.0,0.0,0.0,349.5,329.99981689453125
2024-06-18,333.2573236885117,336.5242664634792,332.46416575679933,334.1259765625,3655000.0,0.0,0.0,353.8699951171875,334.1259765625
2024-06-20,332.36031257377056,335.11740511797905,330.08477402137675,333.719970703125,3661200.0,0.0,0.0,353.44000244140625,333.719970703125
2024-06-21,335.04187401662324,336.3732072208812,332.4075326203312,335.94830322265625,6596400.0,0.0,0.0,355.79998779296875,335.94830322265625
2024-06-24,336.98696362795175,337.7328940996417,331.15178009567484,331.3028564453125,4278900.0,0.0,0.0,350.8800048828125,331.3028564453125
2024-06-25,326.9878272854591,327.6298801548283,315.8650868695809,319.4436340332031,4879600.0,0.0,0.0,338.32000732421875,319.4436340332031
2024-06-26,320.51995132744395,323.4753187873718,318.6976418533521,322.748291015625,3365300.0,0.0,0.0,341.82000732421875,322.748291015625
2024-06-27,323.7019690123414,325.5243075836444,319.56637299746046,322.4367370605469,2912600.0,0.0,0.0,341.489990234375,322.4367370605469
2024-06-28,322.304525483442,326.0152458639097,321.7002201842514,325.03326416015625,6344000.0,0.0,0.0,344.239990234375,325.03326416015625
2024-07-01,324.7311526193222,325.42040415965624,316.67708124430897,317.43243408203125,2643600.0,0.0,0.0,336.19000244140625,317.43243408203125
2024-07-02,316.30881207022736,318.0366952904596,313.97662355699566,316.2804870605469,2995900.0,0.0,0.0,334.9700012207031,316.2804870605469
2024-07-03,318.1972357097724,320.6899519215413,314.93029293058754,315.02471923828125,1733000.0,0.0,0.0,333.6400146484375,315.02471923828125
2024-07-05,314.1465719499113,317.17749204396563,313.13629406675534,315.9122314453125,3437500.0,0.0,0.0,334.5799865722656,315.9122314453125
2024-07-08,317.139745575814,321.74747299169235,316.30884013165695,320.6521911621094,3534500.0,0.0,0.0,339.6000061035156,320.6521911621094
2024-07-09,320.0384944513035,320.33119587736314,316.84707496472555,318.2822570800781,2254300.0,0.0,0.0,337.0899963378906,318.2822570800781
2024-07-10,319.7457761366325,325.08053164529304,318.7826680496197,324.9766540527344,3263100.0,0.0,0.0,344.17999267578125,324.9766540527344
2024-07-11,331.2084082630601,334.3715024904338,325.75090155767396,334.05047607421875,4146900.0,0.0,0.0,353.7900085449219,334.05047607421875
2024-07-12,335.19292781379977,343.6435779423746,334.33369741429635,339.69677734375,4019900.0,0.0,0.0,359.7699890136719,339.69677734375
2024-07-15,339.1020121255372,341.02817079777907,335.2213121359864,338.4599304199219,2884000.0,0.0,0.0,358.4599914550781,338.4599304199219
2024-07-16,339.97067631243164,348.80845597944113,339.44192346563017,348.5251770019531,3210400.0,0.0,0.0,369.1199951171875,348.5251770019531
2024-07-17,346.18351564615506,354.2564610821293,345.0315837925613,351.1405944824219,3991100.0,0.0,0.0,371.8900146484375,351.1405944824219
2024-07-18,349.26159591476045,354.77575237532756,345.3714740073981,345.65472412109375,2395000.0,0.0,0.0,366.0799865722656,345.65472412109375
2024-07-19,345.9852045339,347.0899376157803,341.7551824566412,343.08648681640625,2474500.0,0.0,0.0,363.3599853515625,343.08648681640625
2024-07-22,344.16292295304976,346.7878132292877,340.93372729371436,342.982666015625,4049300.0,0.0,0.0,363.25,342.982666015625
2024-07-23,345.04100740653007,345.04100740653007,339.3285756830201,339.55517578125,2535700.0,0.0,0.0,359.6199951171875,339.55517578125
2024-07-24,338.90369577939776,341.28311223944365,330.47194701818756,330.7646484375,3508100.0,0.0,0.0,350.30999755859375,330.7646484375
2024-07-25,330.6608078542668,338.80927785969624,329.8393247896818,333.5783996582031,3297600.0,0.0,0.0,353.2900085449219,333.5783996582031
2024-07-26,335.2023997637457,341.49081177626397,335.2023997637457,339.4513244628906,2439000.0,0.0,0.0,359.510009765625,339.4513244628906
2024-07-29,339.16807825353794,342.64277668651914,338.9226043968986,341.4908447265625,2142100.0,0.0,0.0,361.6700134277344,341.4908447265625
2024-07-30,342.57661718455705,344.3422767084688,339.2152481966597,343.3980712890625,2788800.0,0.0,0.0,363.69000244140625,343.3980712890625
2024-07-31,344.6350204291874,351.7071106687443,342.784385647922,347.61871337890625,3526100.0,0.0,0.0,368.1600036621094,347.61871337890625
2024-08-01,349.3466003968674,350.75348625311955,334.0127115658119,338.5732116699219,3759000.0,0.0,0.0,358.5799865722656,338.5732116699219
2024-08-02,335.1268657353822,335.7311711127288,327.3938200497762,335.5989685058594,3764600.0,0.0,0.0,355.42999267578125,335.5989685058594
2024-08-05,331.30283847185433,334.1921050666198,325.97750549178255,330.48138427734375,3827900.0,0.0,0.0,350.010009765625,330.48138427734375
2024-08-06,329.29165369986504,338.6487332527474,327.90367052307323,334.16375732421875,2831100.0,0.0,0.0,353.9100036621094,334.16375732421875
2024-08-07,335.3628730294015,336.3920534759482,323.1826289154381,323.2959289550781,3429100.0,0.0,0.0,342.3999938964844,323.2959289550781
2024-08-08,323.1449416584156,329.2822785585869,322.2951623121352,328.90460205078125,3591100.0,0.0,0.0,348.3399963378906,328.90460205078125
2024-08-09,328.4796510812755,331.9165439695475,326.128559893409,329.18780517578125,2314800.0,0.0,0.0,348.6400146484375,329.18780517578125
2024-08-12,331.1989060677361,331.8881863587016,323.0409866840693,326.5156555175781,3830200.0,0.0,0.0,345.80999755859375,326.5156555175781
2024-08-13,322.79555811188635,333.6728248716527,320.43504415393255,330.5380554199219,6388600.0,0.0,0.0,350.07000732421875,330.5380554199219
2024-08-14,330.04702100299806,339.6212786042478,329.9053959409694,335.8161315917969,4814800.0,0.0,0.0,355.6600036621094,335.8161315917969
2024-08-15,342.23673884130426,345.02215676625485,338.1577927257907,339.9801025390625,3575800.0,0.0,0.0,360.07000732421875,339.9801025390625
2024-08-16,339.88568362075756,343.407580805806,339.88568362075756,341.85906982421875,3308300.0,0.0,0.0,362.05999755859375,341.85906982421875
2024-08-19,342.2745095476385,344.3423219932674,341.8968330931799,342.8127136230469,3634900.0,0.0,0.0,363.07000732421875,342.8127136230469
2024-08-20,340.52771490034525,347.1277310768374,340.3860898353703,346.7783508300781,3459400.0,0.0,0.0,367.2699890136719,346.7783508300781
2024-08-21,348.83674675872436,352.0659135551266,347.95861371105286,349.7903747558594,4587600.0,0.0,0.0,370.4599914550781,349.7903747558594
2024-08-22,350.7723502679059,351.67877949787857,344.26676041161323,344.97491455078125,4097300.0,0.0,0.0,365.3599853515625,344.97491455078125
2024-08-23,346.2023769256991,355.3234051140235,344.81439374889186,354.6341247558594,3426200.0,0.0,0.0,375.5899963378906,354.6341247558594
2024-08-26,356.0409857327282,357.45729393686764,352.5379915093186,353.2366943359375,2452100.0,0.0,0.0,374.1099853515625,353.2366943359375
2024-08-27,352.6513440119972,353.3972745119628,350.3002812641628,352.358642578125,1780300.0,0.0,0.0,373.17999267578125,352.358642578125
2024-08-28,352.18866698885535,354.46420580171474,349.54490299853165,351.8959655761719,2218300.0,0.0,0.0,372.69000244140625,351.8959655761719
2024-08-29,353.9572772336623,354.6317557879081,348.5616227389773,348.68511962890625,2698400.0,2.25,0.0,367.05999755859375,348.68511962890625
2024-08-30,350.75601675319945,351.86745988047113,346.61429013781947,350.0530700683594,3216700.0,0.0,0.0,368.5,350.0530700683594
2024-09-03,349.48310821832206,350.88903061103827,344.7334056630584,346.4812927246094,3598100.0,0.0,0.0,364.739990234375,346.4812927246094
2024-09-04,345.93982469925413,347.61170016976007,341.98806896826244,346.414794921875,3221300.0,0.0,0.0,364.6700134277344,346.414794921875
2024-09-05,346.6332379519086,346.87072304628373,339.6796674310348,343.7359313964844,2789200.0,0.0,0.0,361.8500061035156,343.7359313964844
2024-09-06,344.7523848101412,347.1462241962729,341.4275933900181,342.0260314941406,2228800.0,0.0,0.0,360.04998779296875,342.0260314941406
2024-09-09,344.60038274139595,347.8301742468155,342.0070350584893,347.2221984863281,2747600.0,0.0,0.0,365.5199890136719,347.2221984863281
2024-09-10,347.3932670029147,352.9599046510317,344.3344573051448,352.304443359375,2787400.0,0.0,0.0,370.8699951171875,352.304443359375
2024-09-11,351.05047408733355,352.6273786789166,344.0114410166048,351.94342041015625,2937700.0,0.0,0.0,370.489990234375,351.94342041015625
2024-09-12,353.32087566818257,356.21818262821773,352.0099531257801,355.68621826171875,2367700.0,0.0,0.0,374.42999267578125,355.68621826171875
2024-09-13,356.7596658849599,362.8772852646329,356.71218045404663,360.9678955078125,2514700.0,0.0,0.0,379.989990234375,360.9678955078125
2024-09-16,362.87724058661234,364.77712142737994,360.53088658866915,362.8867492675781,2877800.0,0.0,0.0,382.010009765625,362.8867492675781
2024-09-17,364.235666789411,368.5199075780501,362.57327096994663,364.05517578125,2947600.0,0.0,0.0,383.239990234375,364.05517578125
2024-09-18,364.8626340938901,373.0131396155622,361.99382429158123,364.7866516113281,3549400.0,0.0,0.0,384.010009765625,364.7866516113281
2024-09-19,371.2747444236093,372.2531819866101,367.63648503591236,370.7997741699219,3753500.0,0.0,0.0,390.3399963378906,370.7997741699219
2024-09-20,368.8904031449031,372.2151950890011,367.6269949616953,370.34381103515625,6584200.0,0.0,0.0,389.8599853515625,370.34381103515625
2024-09-23,371.26524663880974,372.9941453705491,367.87398096025566,372.33868408203125,2502300.0,0.0,0.0,391.9599914550781,372.33868408203125
2024-09-24,374.9415123713078,381.0306052285165,373.9250691182467,380.6031494140625,4057700.0,0.0,0.0,400.6600036621094,380.6031494140625
2024-09-25,380.6031331832235,380.6031331832235,375.81542533633495,377.0598449707031,2787300.0,0.0,0.0,396.92999267578125,377.0598449707031
2024-09-26,379.5012218954808,379.97619213565036,375.69195129255843,376.8414001464844,2849500.0,0.0,0.0,396.70001220703125,376.8414001464844
2024-09-27,379.64374286864995,383.33902559979197,378.3708259840851,379.5297546386719,2452300.0,0.0,0.0,399.5299987792969,379.5297546386719
2024-09-30,380.16616102031327,385.02034256633624,379.0452093120402,384.9158630371094,3442000.0,0.0,0.0,405.20001220703125,384.9158630371094
2024-10-01,383.7949209283728,390.0075394388996,381.31559032873446,388.5731201171875,3476200.0,0.0,0.0,409.04998779296875,388.5731201171875
2024-10-02,387.29073021121485,390.86248656381366,384.6878736842473,390.6725158691406,3431300.0,0.0,0.0,411.260009765625,390.6725158691406
2024-10-03,388.5256677101428,392.2969326858977,386.43578699692205,390.97650146484375,3320700.0,0.0,0.0,411.5799865722656,390.97650146484375
2024-10-04,389.5421132422385,391.20450914049525,379.4537496294843,387.9176940917969,3989000.0,0.0,0.0,408.3599853515625,387.9176940917969
2024-10-07,384.6214257745655,389.29511683443,381.1541197322872,387.6327209472656,3267800.0,0.0,0.0,408.05999755859375,387.6327209472656
2024-10-08,389.28557586633156,394.5007685300802,387.9936707991693,393.4463195800781,3693900.0,0.0,0.0,414.17999267578125,393.4463195800781
2024-10-09,398.97498874486917,399.00348579875566,390.1880395879881,395.2417297363281,3627800.0,0.0,0.0,416.07000732421875,395.2417297363281
2024-10-10,389.2095846142974,393.73131022720185,387.22421264297,389.43756103515625,3040800.0,0.0,0.0,409.9599914550781,389.43756103515625
2024-10-11,390.0075398480792,392.4584023869517,388.37364115212455,391.28045654296875,2717400.0,0.0,0.0,411.8999938964844,391.28045654296875
2024-10-14,390.88153017967016,395.57423860251583,390.7105188561323,394.6242980957031,2088700.0,0.0,0.0,415.4200134277344,394.6242980957031
2024-10-15,397.0276283674768,400.45689952601487,394.24428077674884,394.7762451171875,3693000.0,0.0,0.0,415.5799865722656,394.7762451171875
2024-10-16,393.15183275011157,397.77803790727506,393.15183275011157,397.654541015625,2429000.0,0.0,0.0,418.6099853515625,397.654541015625
2024-10-17,397.6546200923771,398.02511084100234,393.8073722637349,394.7953186035156,2013800.0,0.0,0.0,415.6000061035156,394.7953186035156
2024-10-18,395.79267668243364,395.8021853635514,392.5533763183528,394.22528076171875,2436600.0,0.0,0.0,415.0,394.22528076171875
2024-10-21,395.24172287450875,395.707184409868,384.1274082136196,386.0557861328125,3699500.0,0.0,0.0,406.3999938964844,386.0557861328125
2024-10-22,378.55124492503353,382.77849125101415,376.3758733175828,381.7335510253906,4486700.0,0.0,0.0,401.8500061035156,381.7335510253906
2024-10-23,380.5081758782898,384.041955804848,376.8319106703955,379.6342468261719,3159000.0,0.0,0.0,399.6400146484375,379.6342468261719
2024-10-24,382.15154148301735,383.9659311725684,378.1617801042302,382.5220031738281,2550300.0,0.0,0.0,402.67999267578125,382.5220031738281
2024-10-25,383.31994626633684,383.31994626633684,377.9147829795653,378.94073486328125,1941400.0,0.0,0.0,398.9100036621094,378.94073486328125
2024-10-28,383.2534914397633,385.5238340718697,381.82858074509056,382.7215270996094,2586500.0,0.0,0.0,402.8900146484375,382.7215270996094
2024-10-29,374.2195314368388,379.1307071747302,369.57430886711575,375.29296875,3822700.0,0.0,0.0,395.07000732421875,375.29296875
2024-10-30,375.22646816090224,377.78181022528975,372.3196527773779,372.87060546875,2795600.0,0.0,0.0,392.5199890136719,372.87060546875
2024-10-31,370.9517256866939,375.8629303034454,370.9517256866939,374.0390319824219,2518600.0,0.0,0.0,393.75,374.0390319824219
2024-11-01,375.03646346710747,378.7507339608287,372.38615058747627,372.9371032714844,3277800.0,0.0,0.0,392.5899963378906,372.9371032714844
2024-11-04,372.32919484244604,380.4321862408111,371.49324255447436,375.7679748535156,2690500.0,0.0,0.0,395.57000732421875,375.7679748535156
2024-11-05,375.1980156245721,380.194712133494,374.1435665521712,380.06170654296875,2496500.0,0.0,0.0,400.0899963378906,380.06170654296875
2024-11-06,374.3145194948791,374.3145194948791,362.61124692931526,368.9283447265625,7133400.0,0.0,0.0,388.3699951171875,368.9283447265625
2024-11-07,371.4267440607846,379.7482323093441,371.236744360452,379.4442443847656,4323100.0,0.0,0.0,399.44000244140625,379.4442443847656
2024-11-08,383.7759599222016,386.0558113118816,382.1610494849915,385.5808410644531,3448700.0,0.0,0.0,405.8999938964844,385.5808410644531
2024-11-11,387.35717822048343,390.9954661093167,385.51429156454867,387.8511657714844,4071500.0,0.0,0.0,408.2900085449219,387.8511657714844
2024-11-12,393.512793583495,395.1941775820035,382.0565151769957,382.9019470214844,5647100.0,0.0,0.0,403.0799865722656,382.9019470214844
2024-11-13,388.6491627976876,392.07843409984633,386.35980270568837,389.6560974121094,3083100.0,0.0,0.0,410.19000244140625,389.6560974121094
2024-11-14,387.57568351078214,390.90047491344814,384.1464125791749,385.4098205566406,3348100.0,0.0,0.0,405.7200012207031,385.4098205566406
2024-11-15,382.73098932719614,388.44014052677335,382.73098932719614,387.7466735839844,3239500.0,0.0,0.0,408.17999267578125,387.7466735839844
2024-11-18,385.20090691722345,391.88849674757836,383.7285106075757,389.89361572265625,3394300.0,0.0,0.0,410.44000244140625,389.89361572265625
2024-11-19,387.9366213596431,388.6775736283319,379.36814136622314,386.4356994628906,3239400.0,0.0,0.0,406.79998779296875,386.4356994628906
2024-11-20,385.67587020874026,386.34084020160606,379.9002443168289,379.9762268066406,4732200.0,0.0,0.0,400.0,379.9762268066406
2024-11-21,381.2396544426305,390.7960837047443,380.3372282518861,389.90313720703125,3722200.0,0.0,0.0,410.45001220703125,389.90313720703125
2024-11-22,391.4609434002833,399.107981159609,390.378026398431,398.9749755859375,4932500.0,0.0,0.0,420.0,398.9749755859375
2024-11-25,403.7246739598363,408.7118611087519,403.21169802163837,407.2109680175781,4544200.0,0.0,0.0,428.6700134277344,407.2109680175781
2024-11-26,407.14447314039404,417.3753211111246,403.4397112700655,408.0184020996094,2758600.0,0.0,0.0,429.5199890136719,408.0184020996094
2024-11-27,409.2884894451431,410.72090364352147,406.76742646757737,407.9420166015625,2293500.0,2.25,0.0,427.19000244140625,407.9420166015625
2024-11-29,409.2502618209786,411.5803244578975,408.2762307091676,409.7945861816406,2028700.0,0.0,0.0,429.1300048828125,409.7945861816406
2024-12-02,409.6705037837838,411.0074180142429,404.09364074919375,407.722412109375,2617100.0,0.0,0.0,426.9599914550781,407.722412109375
2024-12-03,410.3675826362263,411.27476081667214,404.2463957508336,410.00469970703125,2714000.0,0.0,0.0,429.3500061035156,410.00469970703125
2024-12-04,407.1971871166858,409.50813251060987,406.32818561978274,408.63916015625,1968800.0,0.0,0.0,427.9200134277344,408.63916015625
2024-12-05,407.37858329614147,410.3962058855991,406.6910233499038,407.3212890625,2523500.0,0.0,0.0,426.5400085449219,407.3212890625
2024-12-06,409.3840042578643,416.116339575039,407.77014853832134,411.9336853027344,3161400.0,0.0,0.0,431.3699951171875,411.9336853027344
2024-12-09,412.86949696398966,416.69879751124296,408.7441373579951,409.8423156738281,3426000.0,0.0,0.0,429.17999267578125,409.8423156738281
2024-12-10,407.66511797172865,408.0566480576325,402.42249077904046,403.54931640625,3354900.0,0.0,0.0,422.5899963378906,403.54931640625
2024-12-11,406.0703652065559,408.7155464527969,402.2792408646448,402.3938293457031,4211200.0,0.0,0.0,421.3800048828125,402.3938293457031
2024-12-12,402.4415662170093,403.702097798076,394.5632875491581,395.7474365234375,3673600.0,0.0,0.0,414.4200134277344,395.7474365234375
2024-12-13,397.03654538367033,399.29978423053944,395.51818987497575,398.1920471191406,2649500.0,0.0,0.0,416.9800109863281,398.1920471191406
2024-12-16,399.02289613025556,399.6245148193642,392.1855014770882,392.20458984375,2879600.0,0.0,0.0,410.7099914550781,392.20458984375
2024-12-17,391.5265520560907,391.9085233515395,387.9264281541095,390.06549072265625,3726500.0,0.0,0.0,408.4700012207031,390.06549072265625
2024-12-18,388.66176307628837,392.20459310068304,375.6554453481888,376.07562255859375,4225500.0,0.0,0.0,393.82000732421875,376.07562255859375
2024-12-19,376.9541030786628,377.33610350411493,367.54794002399177,367.67205810546875,4576100.0,0.0,0.0,385.0199890136719,367.67205810546875
2024-12-20,366.09642035221697,375.56946584872054,365.79083165885254,374.9105529785156,8046400.0,0.0,0.0,392.6000061035156,374.9105529785156
2024-12-23,373.4781857180595,375.52174843395284,369.59156099909666,374.7673645019531,2433800.0,0.0,0.0,392.45001220703125,374.7673645019531
2024-12-24,374.4617162764032,378.2910461425781,372.90515488513887,378.2910461425781,1392600.0,0.0,0.0,396.1400146484375,378.2910461425781
2024-12-26,374.8341459325444,377.94726885731666,373.9747032214078,377.33612060546875,1319500.0,0.0,0.0,395.1400146484375,377.33612060546875
2024-12-27,374.47128263913055,377.651229332419,373.73595803375235,375.1588134765625,1942700.0,0.0,0.0,392.8599853515625,375.1588134765625
2024-12-30,372.9338659161098,373.5832201223588,368.3023868196141,371.8834228515625,2444700.0,0.0,0.0,389.42999267578125,371.8834228515625
2024-12-31,372.4372867196504,373.8219364278402,369.849370499107,371.4632263183594,2179700.0,0.0,0.0,388.989990234375,371.4632263183594
2025-01-02,374.4617453761999,374.9774226764104,368.9708239748738,370.95709228515625,2415700.0,0.0,0.0,388.4599914550781,370.95709228515625
2025-01-03,372.2558307359425,373.3922150648131,368.42650056172073,371.6446533203125,2231600.0,0.0,0.0,389.17999267578125,371.6446533203125
2025-01-06,372.9052009753837,376.23794235759044,370.5464908560092,371.82611083984375,3274500.0,0.0,0.0,389.3699951171875,371.82611083984375
2025-01-07,373.28714644858667,374.2420892786636,365.8386040310031,366.9176940917969,2274300.0,0.0,0.0,384.2300109863281,366.9176940917969
2025-01-08,365.7431041861572,370.2217883938872,362.97377580542326,369.7538757324219,2848500.0,0.0,0.0,387.20001220703125,369.7538757324219
2025-01-10,371.38683835888736,375.2066098727264,367.29012525038274,372.32269287109375,5323400.0,0.0,0.0,389.8900146484375,372.32269287109375
2025-01-13,372.41815470147077,378.02366459759867,370.2313565461188,371.6446533203125,3512900.0,0.0,0.0,389.17999267578125,371.6446533203125
2025-01-14,372.99113128394447,376.43849019126,372.07439429065306,375.08245849609375,3405200.0,0.0,0.0,392.7799987792969,375.08245849609375
2025-01-15,388.3274902548724,389.61666888483796,383.6578350392715,387.792724609375,4584800.0,0.0,0.0,406.0899963378906,387.792724609375
2025-01-16,387.9645961489221,391.6315729592445,385.7205039102326,390.88671875,2305900.0,0.0,0.0,409.3299865722656,390.88671875
2025-01-17,394.85927958530493,395.7760456339685,390.12277157070633,390.9344787597656,3229000.0,0.0,0.0,409.3800048828125,390.9344787597656
2025-01-21,394.3914187424888,401.28610766441517,394.3914187424888,399.5767517089844,3568100.0,0.0,0.0,418.42999267578125,399.5767517089844
2025-01-22,398.7363770903385,398.7363770903385,390.88674566358236,391.6220703125,3581400.0,0.0,0.0,410.1000061035156,391.6220703125
2025-01-23,393.0258043838335,396.0052211751068,390.33285876766695,395.71875,3840300.0,0.0,0.0,414.3900146484375,395.71875
2025-01-24,395.43226145790715,396.3108216586317,392.2523147493637,395.82379150390625,2369800.0,0.0,0.0,414.5,395.82379150390625
2025-01-27,396.205781155389,406.98709405149816,395.34633842211036,405.7265625,3699200.0,0.0,0.0,424.8699951171875,405.7265625
2025-01-28,404.17001127373373,404.17001127373373,397.92470588192106,399.9587097167969,2818300.0,0.0,0.0,418.8299865722656,399.9587097167969
2025-01-29,401.28611112243226,402.3842896412895,393.23594937899315,394.7925109863281,2384900.0,0.0,0.0,413.4200134277344,394.7925109863281
2025-01-30,397.6477357531764,398.5167372002658,392.97805146209276,395.82379150390625,3081300.0,0.0,0.0,414.5,395.82379150390625
2025-01-31,394.5537426998625,397.61910103051287,391.83214980029396,393.4173583984375,2761000.0,0.0,0.0,411.9800109863281,393.4173583984375
2025-02-03,387.82137470242526,393.3409430549227,382.9416308642023,390.3424377441406,2896200.0,0.0,0.0,408.760009765625,390.3424377441406
2025-02-04,391.05866414108607,393.99031660456575,387.79274670194985,392.9494323730469,2150800.0,0.0,0.0,411.489990234375,392.9494323730469
2025-02-05,396.44453019988754,396.44453019988754,389.7504004382095,395.1744689941406,2212100.0,0.0,0.0,413.82000732421875,395.1744689941406
2025-02-06,396.21532209285135,398.9655620297072,394.3913778410818,395.4991149902344,2023700.0,0.0,0.0,414.1600036621094,395.4991149902344
2025-02-07,394.58237802977203,395.6232621883938,388.1842495898477,389.0150451660156,2530200.0,0.0,0.0,407.3699951171875,389.0150451660156
2025-02-10,392.13772640032226,396.25352754762366,390.37107638721915,395.3367614746094,2617600.0,0.0,0.0,413.989990234375,395.3367614746094
2025-02-11,395.3463548805405,397.80056509224625,394.14311751833344,397.6000061035156,1441800.0,0.0,0.0,416.3599853515625,397.6000061035156
2025-02-12,390.17050092255965,391.1922966722333,384.0015788392028,388.79541015625,3387000.0,0.0,0.0,407.1400146484375,388.79541015625
2025-02-13,390.29468781417677,394.3723124740888,389.1296563602795,393.8470764160156,3067900.0,0.0,0.0,412.42999267578125,393.8470764160156
2025-02-14,396.3012576074099,399.1660859756563,390.15142371217115,391.049072265625,3004400.0,0.0,0.0,409.5,391.049072265625
2025-02-18,389.9127147629048,390.4474804302592,382.18723056366906,385.13800048828125,3994000.0,0.0,0.0,403.30999755859375,385.13800048828125
2025-02-19,379.3223929387743,380.6784245830976,375.23523878302007,377.613037109375,3780000.0,0.0,0.0,395.42999267578125,377.613037109375
2025-02-20,375.2925223894032,376.9732310519258,373.47813688829353,376.858642578125,2703500.0,0.0,0.0,394.6400146484375,376.858642578125
2025-02-21,378.5393241470728,379.89535576031926,366.6025390191849,367.939453125,5287000.0,0.0,0.0,385.29998779296875,367.939453125
2025-02-24,368.6939248896117,369.13319049244285,361.1594400697112,365.1893005371094,5722000.0,0.0,0.0,382.4200134277344,365.1893005371094
2025-02-25,367.65300399376844,382.94164862831803,366.87950260248374,375.5694885253906,6823900.0,0.0,0.0,393.2900085449219,375.5694885253906
2025-02-26,377.4315858266186,380.89803287987814,371.0525748681494,372.8860778808594,3871500.0,0.0,0.0,390.4800109863281,372.8860778808594
2025-02-27,372.34178142700046,377.6512615025376,370.8329553584409,372.685546875,2825100.0,0.0,0.0,390.2699890136719,372.685546875
2025-02-28,376.6485782249429,378.98817076232496,372.6951007692404,378.7303466796875,4263500.0,0.0,0.0,396.6000061035156,378.7303466796875
2025-03-03,379.0645777997893,379.1791662795372,369.0567661920202,372.1316833496094,3397600.0,0.0,0.0,389.69000244140625,372.1316833496094
2025-03-04,368.7511392283366,370.4795832844846,361.8278042505764,364.4825439453125,4384800.0,0.0,0.0,381.67999267578125,364.4825439453125
2025-03-05,361.92333354160223,369.6774646792118,360.97794946297785,368.9421691894531,2780300.0,0.0,0.0,386.3500061035156,368.9421691894531
2025-03-06,366.2205727787816,370.28863853213335,363.57539164924356,364.53033447265625,4222000.0,0.0,0.0,381.7300109863281,364.53033447265625
2025-03-07,362.40080604312857,363.49898447535685,352.27840615913345,359.82244873046875,4573900.0,0.0,0.0,376.79998779296875,359.82244873046875
2025-03-10,360.43361622444854,365.85768438632294,355.8212261363351,357.7693176269531,3710500.0,0.0,0.0,374.6499938964844,357.7693176269531
2025-03-11,357.3587289169278,358.0367302078822,349.2512731187968,351.57177734375,4013300.0,0.0,0.0,368.1600036621094,351.57177734375
2025-03-12,355.210071657431,355.2387187755016,345.4505551533271,348.2962951660156,3368000.0,0.0,0.0,364.7300109863281,348.2962951660156
2025-03-13,347.79658957825313,347.8830763265501,331.795895938675,333.7082824707031,7062400.0,2.3,0.0,347.25,333.7082824707031
2025-03-14,336.9756893473671,337.6868514958381,331.94966252744206,337.6099548339844,5510700.0,0.0,0.0,351.30999755859375,337.6099548339844
2025-03-17,338.0424348380734,341.6846152018951,337.27361481844554,340.32000732421875,3681300.0,0.0,0.0,354.1300048828125,340.32000732421875
2025-03-18,339.74339947431986,340.08937581485355,334.03503913913664,335.9378356933594,3008200.0,0.0,0.0,349.57000732421875,335.9378356933594
2025-03-19,338.27302774481393,340.6082578011612,335.3803995716337,339.6376647949219,2990200.0,0.0,0.0,353.4200134277344,339.6376647949219
2025-03-20,340.85817261252123,347.66206127172387,338.46528441361494,341.6557922363281,3391200.0,0.0,0.0,355.5199890136719,341.6557922363281
2025-03-21,338.35955246753116,339.60887399989895,332.7761272233881,337.4562072753906,8205400.0,0.0,0.0,351.1499938964844,337.4562072753906
2025-03-24,340.79090370998256,350.2183414727097,340.46416618575034,349.5840759277344,4023200.0,0.0,0.0,363.7699890136719,349.5840759277344
2025-03-25,347.4313948723554,349.4687164312136,344.55800544052073,346.9124450683594,2799500.0,0.0,0.0,360.989990234375,346.9124450683594
2025-03-26,346.3358902636221,350.50663982473435,346.0764006802737,348.0080261230469,3140900.0,0.0,0.0,362.1300048828125,348.0080261230469
2025-03-27,347.7869458910207,350.96786316436925,347.06619371136503,348.5845947265625,3036600.0,0.0,0.0,362.7300109863281,348.5845947265625
2025-03-28,348.997862079119,349.03631041181484,342.28046031914835,344.1832275390625,2980200.0,0.0,0.0,358.1499938964844,344.1832275390625
2025-03-31,339.71457782503063,354.36025490714746,338.897719367875,352.197998046875,4498800.0,0.0,0.0,366.489990234375,352.197998046875
2025-04-01,349.93961819025157,352.96677152988553,347.80619052972713,351.2657775878906,2801600.0,0.0,0.0,365.5199890136719,351.2657775878906
2025-04-02,348.42125058509805,357.79102997631645,348.13296141174675,356.4264221191406,3189500.0,0.0,0.0,370.8900146484375,356.4264221191406
2025-04-03,341.9056435318467,345.9995256650902,337.99435431339464,342.03057861328125,5407100.0,0.0,0.0,355.9100036621094,342.03057861328125
2025-04-04,337.0333059904485,351.1888887253467,335.4284476320587,340.0989074707031,7531100.0,0.0,0.0,353.8999938964844,340.0989074707031
2025-04-07,330.8733158832542,340.40647839505345,320.4944953800511,328.192138671875,6950500.0,0.0,0.0,341.510009765625,328.192138671875
2025-04-08,336.71622500594077,340.1950510616884,316.88110964650804,322.1666259765625,4868000.0,0.0,0.0,335.239990234375,322.1666259765625
2025-04-09,315.7855477523494,342.15546875154615,313.5848429766839,341.53082275390625,6793000.0,0.0,0.0,355.3900146484375,341.53082275390625
2025-04-10,339.08990277524873,341.43475236095367,326.414271294178,339.8298645019531,5574800.0,0.0,0.0,353.6199951171875,339.8298645019531
2025-04-11,336.64896734958444,340.646743452978,330.77725294388705,340.0605163574219,3576400.0,0.0,0.0,353.8599853515625,340.0605163574219
2025-04-14,343.846841976867,345.0192667428215,339.8106472045107,343.270263671875,2841800.0,0.0,0.0,357.20001220703125,343.270263671875
2025-04-15,342.65521976138353,347.3449189901423,339.54157949498756,340.3007507324219,2883100.0,0.0,0.0,354.1099853515625,340.3007507324219
2025-04-16,338.11927920866435,340.00283680570834,330.892547479967,332.4974060058594,2637200.0,0.0,0.0,345.989990234375,332.4974060058594
2025-04-17,334.9576057938276,343.5585949365195,334.7846322811276,341.2137451171875,3232400.0,0.0,0.0,355.05999755859375,341.2137451171875
2025-04-21,340.4737436073095,340.54099152497014,328.4707968106564,333.3719177246094,4015200.0,0.0,0.0,346.8999938964844,333.3719177246094
2025-04-22,337.4658374422955,342.3285105706677,336.75470456401143,340.6083068847656,2802400.0,0.0,0.0,354.42999267578125,340.6083068847656
2025-04-23,347.8062072444272,350.61231948890185,341.011909218911,342.52069091796875,3283300.0,0.0,0.0,356.4200134277344,342.52069091796875
2025-04-24,342.59760949042,346.3455157624053,340.781299531215,345.61517333984375,2749500.0,0.0,0.0,359.6400146484375,345.61517333984375
2025-04-25,343.75078200585745,345.0000741645964,340.90619203344727,343.63543701171875,2811300.0,0.0,0.0,357.5799865722656,343.63543701171875
2025-04-28,344.0294410662529,346.0571725668631,340.68516952725895,343.0011901855469,2413000.0,0.0,0.0,356.9200134277344,343.0011901855469
2025-04-29,342.01135592065066,346.5184328008007,340.89658897293833,345.00006103515625,2836900.0,0.0,0.0,359.0,345.00006103515625
2025-04-30,342.59758357561833,347.18155751605656,338.63825574534684,346.4319763183594,3741500.0,0.0,0.0,360.489990234375,346.4319763183594
2025-05-01,346.2589874691235,348.728772209769,343.76999322643417,344.3273620605469,3210100.0,0.0,0.0,358.29998779296875,344.3273620605469
2025-05-02,347.9599295468465,351.9481151861726,347.07582327068155,350.3047790527344,2283300.0,0.0,0.0,364.5199890136719,350.3047790527344
2025-05-05,348.00802204455033,350.05496313260704,345.7016207036705,347.6236267089844,2563500.0,0.0,0.0,361.7300109863281,347.6236267089844
2025-05-06,344.6925205994366,348.1425175658657,343.2029778031656,345.365234375,2299700.0,0.0,0.0,359.3800048828125,345.365234375
2025-05-07,346.4223546578679,349.59365266813626,345.7304313594025,348.60382080078125,2657200.0,0.0,0.0,362.75,348.60382080078125
2025-05-08,349.8146712499143,354.9079748341197,348.13291619300935,350.6315002441406,3035800.0,0.0,0.0,364.8599853515625,350.6315002441406
2025-05-09,348.0079998504418,351.3138523149506,347.40256330498204,348.56536865234375,1970700.0,0.0,0.0,362.7099914550781,348.56536865234375
2025-05-12,360.37612252930506,363.95105483789513,358.91540853721386,361.90411376953125,3831400.0,0.0,0.0,376.5899963378906,361.90411376953125
2025-05-13,366.1421476255144,366.1421476255144,358.4060851087775,359.0307312011719,2726800.0,0.0,0.0,373.6000061035156,359.0307312011719
2025-05-14,357.39699867059704,361.13531430101676,356.36871845412094,358.2715148925781,2587400.0,0.0,0.0,372.80999755859375,358.2715148925781
2025-05-15,357.5892446936119,364.537278051748,357.03184649510473,363.8645935058594,2830500.0,0.0,0.0,378.6300048828125,363.8645935058594
2025-05-16,365.40215469947304,366.3054998000389,363.4032521813129,365.9306945800781,3129100.0,0.0,0.0,380.7799987792969,365.9306945800781
2025-05-19,359.5977191731944,366.2959113355884,359.56889025595245,364.5853271484375,4428200.0,0.0,0.0,379.3800048828125,364.5853271484375
2025-05-20,371.3027156764133,374.55091043234194,359.4631519565435,362.3461608886719,6287400.0,0.0,0.0,377.04998779296875,362.3461608886719
2025-05-21,363.23996368867523,363.57629131297506,354.22574988371383,356.3783874511719,3966000.0,0.0,0.0,370.8399963378906,356.3783874511719
2025-05-22,353.6490911158033,354.83113532063317,350.3528579844883,351.8520202636719,2957300.0,0.0,0.0,366.1300048828125,351.8520202636719
2025-05-23,348.24825058578415,350.4969939492903,347.0662064100063,348.56536865234375,3115000.0,0.0,0.0,362.7099914550781,348.56536865234375
2025-05-27,351.62140178333743,356.09964995561177,350.919859035371,355.95550537109375,3998500.0,0.0,0.0,370.3999938964844,355.95550537109375
2025-05-28,354.4371588263616,356.67628307227443,353.1013504837136,353.706787109375,2986100.0,0.0,0.0,368.05999755859375,353.706787109375
2025-05-29,355.5711329521143,355.90748988932296,349.8627724174409,353.9278259277344,3034800.0,0.0,0.0,368.2900085449219,353.9278259277344
2025-05-30,352.7361621881233,355.22518592697577,350.8814333169968,353.9278259277344,4110400.0,0.0,0.0,368.2900085449219,353.9278259277344
2025-06-02,350.91021036178415,353.6875228776905,347.7292930428799,353.6106262207031,2506900.0,0.0,0.0,367.9599914550781,353.6106262207031
2025-06-03,353.61064482507294,358.9730578240293,352.688090185058,358.5309753417969,3359500.0,0.0,0.0,373.0799865722656,358.5309753417969
2025-06-04,358.5309468532691,360.7316516926156,357.1663391669354,357.8774719238281,2428800.0,0.0,0.0,372.3999938964844,357.8774719238281
2025-06-05,358.73811402828727,359.2892969654424,355.3730592745836,357.0845947265625,2324100.0,2.3,0.0,369.2799987792969,357.0845947265625
2025-06-06,359.2409532291427,360.34328957290467,353.8839025487831,355.198974609375,2349700.0,0.0,0.0,367.3299865722656,355.198974609375
2025-06-09,355.1893258969253,355.2183339715843,352.3270581517876,353.13934326171875,2619700.0,0.0,0.0,365.20001220703125,353.13934326171875
2025-06-10,353.85491481155464,356.3787059742451,350.5768546469656,355.7598571777344,3014900.0,0.0,0.0,367.9100036621094,355.7598571777344
2025-06-11,356.9491824730238,356.9491824730238,347.44380124997406,348.5558166503906,3793500.0,0.0,0.0,360.4599914550781,348.5558166503906
2025-06-12,348.89431990504414,353.01364370433885,346.6702887466852,351.1667175292969,2921900.0,0.0,0.0,363.1600036621094,351.1667175292969
2025-06-13,348.1110620927645,350.8089310867107,341.148829047013,342.9474182128906,3364400.0,0.0,0.0,354.6600036621094,342.9474182128906
2025-06-16,344.1271174337576,345.3164779693407,340.2785457542928,341.88372802734375,3688600.0,0.0,0.0,353.55999755859375,341.88372802734375
2025-06-17,340.31724174054733,342.58963927897446,335.93684542593684,337.2615966796875,4230100.0,0.0,0.0,348.7799987792969,337.2615966796875
2025-06-18,338.51865948039523,339.31158621373004,334.38000687265406,335.56939697265625,4453900.0,0.0,0.0,347.0299987792969,335.56939697265625
2025-06-20,336.01419071560736,339.6113395105771,335.36633388037137,338.0738525390625,8056500.0,0.0,0.0,349.6199951171875,338.0738525390625
2025-06-23,338.41230077177585,345.27783036746575,337.01017497408736,345.17144775390625,3862400.0,0.0,0.0,356.9599914550781,345.17144775390625
2025-06-24,344.8910549416785,349.7645886655491,344.03043285555697,348.5172119140625,4089600.0,0.0,0.0,360.4200134277344,348.5172119140625
2025-06-25,347.26013480279687,351.59219439341547,346.50589531480546,349.9096374511719,4159600.0,0.0,0.0,361.8599853515625,349.9096374511719
2025-06-26,351.224701030144,353.16833044654925,348.6912309606489,351.4954528808594,3187900.0,0.0,0.0,363.5,351.4954528808594
2025-06-27,351.60185128420045,357.92587758833434,351.01201055510643,356.56243896484375,5503700.0,0.0,0.0,368.739990234375,356.56243896484375
2025-06-30,357.0845984836706,358.69946004204405,352.6751939595168,354.53179931640625,4600700.0,0.0,0.0,366.6400146484375,354.53179931640625
2025-07-01,352.3077282567881,367.15080294914793,350.9636481218092,360.8364562988281,5152600.0,0.0,0.0,373.1600036621094,360.8364562988281
2025-07-02,361.3102762155556,361.61971536072656,357.171623555552,359.5697326660156,3011400.0,0.0,0.0,371.8500061035156,359.5697326660156
2025-07-03,359.5310764981941,360.85582791024314,356.165991900266,359.4053649902344,2573600.0,0.0,0.0,371.67999267578125,359.4053649902344
2025-07-07,358.7477710315114,360.478664766331,352.68484762707243,355.4987487792969,3433100.0,0.0,0.0,367.6400146484375,355.4987487792969
2025-07-08,353.9322389363761,358.16759487664467,353.0522879958862,355.3633728027344,2531700.0,0.0,0.0,367.5,355.3633728027344
2025-07-09,355.3730776284032,358.81550710006275,352.7429038119928,358.7864990234375,3384200.0,0.0,0.0,371.0400085449219,358.7864990234375
2025-07-10,356.81385069717913,365.4586113919226,356.3400422897771,360.9718322753906,3701700.0,0.0,0.0,373.29998779296875,360.9718322753906
2025-07-11,358.1289122964318,359.521358911731,354.9862429719945,357.8485107421875,3068900.0,0.0,0.0,370.07000732421875,357.8485107421875
2025-07-14,358.24495157717223,359.028199060305,354.3480430403212,357.88714599609375,2481100.0,0.0,0.0,370.1099853515625,357.88714599609375
2025-07-15,357.76151638648264,358.50607671123583,346.6799586887306,346.7960205078125,3868700.0,0.0,0.0,358.6400146484375,346.7960205078125
2025-07-16,347.97567451093755,349.02970342692333,340.82006407264356,345.596923828125,4259800.0,0.0,0.0,357.3999938964844,345.596923828125
2025-07-17,344.76533187492925,348.42049680003726,342.94741385222386,347.1827697753906,3128900.0,0.0,0.0,359.0400085449219,347.1827697753906
2025-07-18,348.09171536822527,348.69123522287055,345.18111080515325,347.5308532714844,3361600.0,0.0,0.0,359.3999938964844,347.5308532714844
2025-07-21,348.8073350830425,353.70022779197745,347.95639208848957,352.0177001953125,3503900.0,0.0,0.0,364.0400085449219,352.0177001953125
2025-07-22,352.44312995898844,359.90817965032494,351.7082193671252,358.7574768066406,3095400.0,0.0,0.0,371.010009765625,358.7574768066406
2025-07-23,359.42468341051546,365.4005828940344,359.27961352685287,363.9211120605469,3238000.0,0.0,0.0,376.3500061035156,363.9211120605469
2025-07-24,363.07985316788535,365.40058771045227,359.9661918911047,360.7687683105469,3088000.0,0.0,0.0,373.0899963378906,360.7687683105469
2025-07-25,362.28692197230157,363.5729859685138,360.7300765982126,362.9444580078125,2221000.0,0.0,0.0,375.3399963378906,362.9444580078125
2025-07-28,361.3973309398731,368.4949259388953,360.6624497952527,364.7720947265625,4062800.0,0.0,0.0,377.2300109863281,364.7720947265625
2025-07-29,364.5496804324124,367.1895335693962,362.3933149352594,364.8784484863281,2931600.0,0.0,0.0,377.3399963378906,364.8784484863281
2025-07-30,365.20721217877497,366.02914705862014,357.4230730743585,359.7921447753906,3110700.0,0.0,0.0,372.0799865722656,359.7921447753906
2025-07-31,356.9782598208417,360.4980343245854,354.7251910020546,355.3730773925781,3091600.0,0.0,0.0,367.510009765625,355.3730773925781
2025-08-01,355.67281482608934,362.42228264001153,353.67116913783144,361.3199462890625,3008200.0,0.0,0.0,373.6600036621094,361.3199462890625
2025-08-04,362.460977483312,369.2878199790924,361.34896191429084,368.2434997558594,2844300.0,0.0,0.0,380.82000732421875,368.2434997558594
2025-08-05,369.24913561818704,374.1613861584563,368.3788638403454,372.6819152832031,2931400.0,0.0,0.0,385.4100036621094,372.6819152832031
2025-08-06,373.32977764208306,376.0856629039701,371.8212986690011,374.0260009765625,2812800.0,0.0,0.0,386.79998779296875,374.0260009765625
2025-08-07,375.78591122024596,378.52246766159715,370.69961203945695,373.4168395996094,2433000.0,0.0,0.0,386.1700134277344,373.4168395996094
2025-08-08,374.29676150013864,376.43379801947555,373.4458480803386,375.0413513183594,2326700.0,0.0,0.0,387.8500061035156,375.0413513183594
2025-08-11,377.1010041516825,378.59012473254023,370.64158730208237,374.7319030761719,2605800.0,0.0,0.0,387.5299987792969,374.7319030761719
2025-08-12,378.4934467327819,383.2896354742762,376.1533537585326,382.92218017578125,2911300.0,0.0,0.0,396.0,382.92218017578125
2025-08-13,386.2968992928492,394.3518189442157,385.5813471137362,393.7329406738281,5187500.0,0.0,0.0,407.17999267578125,393.7329406738281
2025-08-14,387.9504607169136,390.28084497237023,386.17120038642724,387.0995178222656,3600200.0,0.0,0.0,400.32000732421875,387.0995178222656
2025-08-15,388.92707853043134,389.48794065977467,382.3709879963991,386.1905517578125,3841400.0,0.0,0.0,399.3800048828125,386.1905517578125
2025-08-18,383.47333889043625,384.9914969447048,379.54742217730444,381.66510009765625,4407100.0,0.0,0.0,394.70001220703125,381.66510009765625
2025-08-19,387.77636002565936,400.6758048523024,387.77636002565936,393.7522888183594,7629300.0,0.0,0.0,407.20001220703125,393.7522888183594
2025-08-20,396.15038042269873,397.5911934921109,388.4049293803704,388.47259521484375,4195300.0,0.0,0.0,401.739990234375,388.47259521484375
2025-08-21,386.7030776065693,391.07379513383484,383.08659959749883,384.5660705566406,2942600.0,0.0,0.0,397.70001220703125,384.5660705566406
2025-08-22,387.63135707774444,400.8112342300775,385.15590284110766,399.15771484375,5284700.0,0.0,0.0,412.7900085449219,399.15771484375
2025-08-25,396.8079241941444,397.4944978250031,394.0907262751978,395.3961486816406,3579500.0,0.0,0.0,408.8999938964844,395.3961486816406
2025-08-26,394.52588553879133,395.531548019559,391.34452883630235,394.0810852050781,3180900.0,0.0,0.0,407.5400085449219,394.0810852050781
2025-08-27,395.28978862048206,398.09401071588593,393.75230163896487,394.7579345703125,2487800.0,0.0,0.0,408.239990234375,394.7579345703125
2025-08-28,393.5589289210462,395.4445424728451,391.4412507510847,393.99407958984375,4051600.0,0.0,0.0,407.45001220703125,393.99407958984375
2025-08-29,394.2648042444122,395.39614868954186,392.0117355296734,393.33648681640625,2210300.0,0.0,0.0,406.7699890136719,393.33648681640625
2025-09-02,390.3485436049629,395.0963954018657,389.4492637468054,392.8916931152344,3328600.0,0.0,0.0,406.30999755859375,392.8916931152344
2025-09-03,391.56694218438946,395.5121880396359,390.24219087404623,394.2454528808594,3025100.0,0.0,0.0,407.7099914550781,394.2454528808594
2025-09-04,397.2600894010183,401.8403728256421,395.9861677471998,400.3525085449219,3873100.0,2.3,0.0,411.69000244140625,400.3525085449219
2025-09-05,405.11754363773105,408.8226178492379,402.61831162671075,407.4125671386719,5855600.0,0.0,0.0,418.95001220703125,407.4125671386719
2025-09-08,406.974958857154,408.9976648300841,404.3006909076745,408.37530517578125,3742600.0,0.0,0.0,419.94000244140625,408.37530517578125
2025-09-09,406.6054488503357,407.1889314722671,401.3833372545098,403.9020080566406,3516000.0,0.0,0.0,415.3399963378906,403.9020080566406
2025-09-10,404.07701213354625,405.9344163339586,400.4011104850302,401.85009765625,2897800.0,0.0,0.0,413.2300109863281,401.85009765625
2025-09-11,404.2520901069122,413.50990907145683,402.84200964465566,411.7594909667969,5316400.0,0.0,0.0,423.4200134277344,411.7594909667969
2025-09-12,408.69622210825554,411.84701630125346,407.34451659055753,411.0495910644531,5004200.0,0.0,0.0,422.69000244140625,411.0495910644531
2025-09-15,410.83561908990464,411.6427486997415,406.2456017679418,411.0690002441406,4884700.0,0.0,0.0,422.7099914550781,411.0690002441406
2025-09-16,412.0803680161308,412.8388864445079,408.5211570284673,409.8437194824219,3726700.0,0.0,0.0,421.45001220703125,409.8437194824219
2025-09-17,412.7514096604531,414.9977925252571,404.35906525307314,405.51629638671875,4771700.0,0.0,0.0,417.0,405.51629638671875
2025-09-18,406.0511429878587,409.7854199351742,404.4076812634016,405.98309326171875,3677200.0,0.0,0.0,417.4800109863281,405.98309326171875
2025-09-19,405.8760981858028,407.0527678467049,403.66862209846425,404.24237060546875,6718400.0,0.0,0.0,415.69000244140625,404.24237060546875
2025-09-22,402.7058397960551,403.4546538139739,399.8079247983643,400.6539611816406,2656300.0,0.0,0.0,412.0,400.6539611816406
2025-09-23,400.6539731783087,402.3363415649943,396.2389914749436,399.593994140625,2597000.0,0.0,0.0,410.9100036621094,399.593994140625
2025-09-24,395.5874669386123,399.3411526132105,393.85648733374296,398.4853820800781,3220700.0,0.0,0.0,409.7699890136719,398.4853820800781
2025-09-25,395.4513223525085,399.5453755013872,394.4399544427085,396.22930908203125,2554300.0,0.0,0.0,407.45001220703125,396.22930908203125
2025-09-26,396.91975739351886,400.0802562173988,394.66364034133846,398.7966003417969,2316600.0,0.0,0.0,410.0899963378906,398.7966003417969
2025-09-29,398.75763581719104,399.63287449104394,392.7283952021555,395.5971374511719,3008400.0,0.0,0.0,406.79998779296875,395.5971374511719
2025-09-30,395.4318710489828,395.79167691601566,392.36862444808656,394.0315246582031,3211600.0,0.0,0.0,405.19000244140625,394.0315246582031
2025-10-01,393.2535498958814,393.97316159749386,384.42358668128367,386.08648681640625,3787800.0,0.0,0.0,397.0199890136719,386.08648681640625
2025-10-02,384.60836289471746,386.4365945008176,382.94546273264024,384.1318664550781,2964700.0,0.0,0.0,395.010009765625,384.1318664550781
2025-10-03,383.2761296995442,386.3782832385467,381.8174379292481,384.1805114746094,2951300.0,0.0,0.0,395.05999755859375,384.1805114746094
2025-10-06,383.6359134364591,383.6359134364591,375.0977059544146,378.6082763671875,3653700.0,0.0,0.0,389.3299865722656,378.6082763671875
2025-10-07,378.7250266598306,379.01675314931214,374.8935271531156,376.15771484375,2505700.0,0.0,0.0,386.80999755859375,376.15771484375
2025-10-08,375.81734097332867,375.81734097332867,372.433195045362,373.22088623046875,2517600.0,0.0,0.0,383.7900085449219,373.22088623046875
2025-10-09,372.3553630865562,373.77514803569323,367.0651721318674,367.2888488769531,3321400.0,0.0,0.0,377.69000244140625,367.2888488769531
2025-10-10,369.78806118140676,369.78806118140676,364.4589637589981,365.4022521972656,2992400.0,0.0,0.0,375.75,365.4022521972656
2025-10-13,368.6308504339742,371.78161502209394,366.80261874752887,368.9225769042969,2925900.0,0.0,0.0,379.3699951171875,368.9225769042969
2025-10-14,368.43634606259553,378.1804256443732,367.60004373018455,377.0426330566406,4399900.0,0.0,0.0,387.7200012207031,377.0426330566406
2025-10-15,378.51103978401335,383.50947434180813,376.07988706518233,377.60662841796875,3690100.0,0.0,0.0,388.29998779296875,377.60662841796875
2025-10-16,378.9292168586321,379.25985008975897,373.39591051776523,376.72174072265625,2783700.0,0.0,0.0,387.3900146484375,376.72174072265625
2025-10-17,377.80115149933664,382.28418309319864,376.5369638928536,381.1075134277344,2657700.0,0.0,0.0,391.8999938964844,381.1075134277344
2025-10-20,380.6309805498332,382.35222591283616,377.4024027633009,378.1803894042969,2761100.0,0.0,0.0,388.8900146484375,378.1803894042969
2025-10-21,376.88702375141975,382.78986978554445,375.23382800086443,380.1350402832031,2306900.0,0.0,0.0,390.8999938964844,380.1350402832031
2025-10-22,380.47538873488134,382.22580676746367,377.48022173582456,378.2581787109375,2857000.0,0.0,0.0,388.9700012207031,378.2581787109375
2025-10-23,376.4689017102443,378.01511142661644,370.79943640638646,374.4267272949219,2767300.0,0.0,0.0,385.0299987792969,374.4267272949219
2025-10-24,378.9681015073717,378.9681015073717,375.04908447214564,376.03125,2426800.0,0.0,0.0,386.67999267578125,376.03125
2025-10-27,377.02319835539487,378.56940801701535,372.3553670460668,374.66009521484375,3065800.0,0.0,0.0,385.2699890136719,374.66009521484375
2025-10-28,373.8335013939448,379.26955526933915,372.2872621610022,375.1268615722656,2372800.0,0.0,0.0,385.75,375.1268615722656
2025-10-29,372.4526102885826,374.3975325355203,364.8674253963886,367.62921142578125,3852300.0,0.0,0.0,378.0400085449219,367.62921142578125
2025-10-30,367.30827036867885,374.10579357517423,365.7523266876615,369.09759521484375,2384300.0,0.0,0.0,379.54998779296875,369.09759521484375
2025-10-31,366.5789579935506,370.4493641725706,364.6826764994138,369.13653564453125,2643500.0,0.0,0.0,379.5899963378906,369.13653564453125
2025-11-03,366.6275697464224,368.0570887541689,363.3892576559226,367.9306640625,2897600.0,0.0,0.0,378.3500061035156,367.9306640625
2025-11-04,366.9582122429663,373.1138781194984,366.37472963128045,372.5303955078125,2590000.0,0.0,0.0,383.0799865722656,372.5303955078125
2025-11-05,372.24839971795575,372.8610549707219,360.3260169130116,363.54486083984375,4763000.0,0.0,0.0,373.8399963378906,363.54486083984375
2025-11-06,361.5805182090473,362.3973820280062,357.4280900328899,358.90625,3622100.0,0.0,0.0,369.07000732421875,358.90625
2025-11-07,358.8284019214945,363.36007408409415,357.4475238166886,360.8900146484375,2766400.0,0.0,0.0,371.1099853515625,360.8900146484375
2025-11-10,359.6064000909565,360.4524365034046,353.44100025057185,360.228759765625,3257900.0,0.0,0.0,370.42999267578125,360.228759765625
2025-11-11,361.74580038362024,365.64537894835036,360.69555543820746,363.933837890625,2407300.0,0.0,0.0,374.239990234375,363.933837890625
2025-11-12,361.81389713794727,363.27258887924756,358.84790246816715,360.9095153808594,3375800.0,0.0,0.0,371.1300048828125,360.9095153808594
2025-11-13,361.42490876665056,363.2336722315698,356.5236963397476,357.93377685546875,3034800.0,0.0,0.0,368.07000732421875,357.93377685546875
2025-11-14,355.8332360732777,357.2141141827383,349.89148346357575,352.3809814453125,3413300.0,0.0,0.0,362.3599853515625,352.3809814453125
2025-11-17,351.1848622282798,353.76187806429334,346.2933843548503,348.17022705078125,5127200.0,0.0,0.0,358.0299987792969,348.17022705078125
2025-11-18,330.6173592116862,339.1944441751817,326.75668718026844,327.2137451171875,10168500.0,0.0,0.0,336.4800109863281,327.2137451171875
2025-11-19,331.58009414846475,332.33861269188213,322.2444607606784,325.28826904296875,7595000.0,0.0,0.0,334.5,325.28826904296875
2025-11-20,327.0969997002432,329.567059191382,322.9835082613831,323.22662353515625,4025300.0,0.0,0.0,332.3800048828125,323.22662353515625
2025-11-21,325.356351446162,337.36625322520536,323.8295802366419,333.8653869628906,7441300.0,0.0,0.0,343.32000732421875,333.8653869628906
2025-11-24,332.7762309351845,334.24462715093733,327.2818014724936,327.31097412109375,6132900.0,0.0,0.0,336.5799865722656,327.31097412109375
2025-11-25,329.66433368202786,343.27878994028265,329.51847044326416,341.4019470214844,6316600.0,0.0,0.0,351.07000732421875,341.4019470214844
2025-11-26,340.6142414881474,347.4895190539308,339.3889309798961,345.6807556152344,4517300.0,0.0,0.0,355.4700012207031,345.6807556152344
2025-11-28,345.1556025907452,347.97573377578397,343.7649903745483,347.0908203125,2119600.0,0.0,0.0,356.9200134277344,347.0908203125
2025-12-01,344.2998610600955,352.31296118111214,343.16209812463956,347.4895324707031,5107100.0,0.0,0.0,357.3299865722656,347.4895324707031
2025-12-02,347.00327466524027,347.654836647816,341.6255660714526,344.2803955078125,3965300.0,0.0,0.0,354.0299987792969,344.2803955078125
2025-12-03,344.7374624136521,350.54305640922786,344.00811658343986,348.0535583496094,4166700.0,0.0,0.0,357.9100036621094,348.0535583496094
2025-12-04,348.71914631588487,349.91322353945174,342.5627951482988,343.70794677734375,4022800.0,2.3,0.0,351.1700134277344,343.70794677734375
2025-12-05,343.19895387165076,348.0633464265518,342.1027577808173,347.0747985839844,5959200.0,0.0,0.0,354.6099853515625,347.0747985839844
2025-12-08,344.47136095174096,344.6083705337733,338.3541683639427,342.4747009277344,7273000.0,0.0,0.0,349.9100036621094,342.4747009277344
2025-12-09,340.37039845373465,349.0910719398561,337.62987820622,337.93328857421875,5063100.0,0.0,0.0,345.2699890136719,337.93328857421875
2025-12-10,336.7881454975472,344.53983485927705,336.6902644468525,343.66876220703125,6316100.0,0.0,0.0,351.1300048828125,343.66876220703125
2025-12-11,348.4352899865784,355.0124966552466,346.4190656980946,349.8642578125,6609800.0,0.0,0.0,357.4599914550781,349.8642578125
2025-12-12,351.6259931808686,353.094119260683,348.4841818643126,352.0076904296875,3861200.0,0.0,0.0,359.6499938964844,352.0076904296875
2025-12-15,351.75326163701504,354.9635630414982,348.06335203323914,349.40423583984375,4387400.0,0.0,0.0,356.989990234375,349.40423583984375
2025-12-16,349.31615106277945,351.1170489325283,344.3343131247511,345.1858215332031,3497200.0,0.0,0.0,352.67999267578125,345.1858215332031
2025-12-17,344.4908843816016,349.9033745469626,343.52193074866074,349.1693115234375,3875200.0,0.0,0.0,356.75,349.1693115234375
2025-12-18,355.8150530732911,358.5163848099426,347.0258606581617,347.44671630859375,4805200.0,0.0,0.0,354.989990234375,347.44671630859375
2025-12-19,346.58541127955135,346.58541127955135,337.5907194306183,337.66900634765625,12825600.0,0.0,0.0,345.0,337.66900634765625
2025-12-22,337.97241246450307,340.50737327299396,336.39663812507706,339.02947998046875,3523700.0,0.0,0.0,346.3900146484375,339.02947998046875
2025-12-23,336.6902590123812,340.1158866476816,334.6740348508469,337.6396484375,3873400.0,0.0,0.0,344.9700012207031,337.6396484375
2025-12-24,337.0230372348798,340.85975340339644,336.59238450568597,339.95928955078125,1368600.0,0.0,0.0,347.3399963378906,339.95928955078125
2025-12-26,339.616749893519,342.6117251227173,339.2056912607851,342.34747314453125,1786900.0,0.0,0.0,349.7799987792969,342.34747314453125
2025-12-29,342.56275799846856,342.87596540293737,337.4243166284915,340.06695556640625,3790000.0,0.0,0.0,347.45001220703125,340.06695556640625
2025-12-30,338.67714901066444,339.60697424818056,336.41623697955146,338.9903564453125,2392600.0,0.0,0.0,346.3500061035156,338.9903564453125
2025-12-31,338.1583614393335,339.34264140403627,336.6608740870579,336.7881164550781,2317500.0,0.0,0.0,344.1000061035156,336.7881164550781
2026-01-02,336.1323898352527,341.08486663752296,333.67574556691306,338.47161865234375,3763000.0,0.0,0.0,345.82000732421875,338.47161865234375
2026-01-05,335.41793317807316,339.9691187237194,333.9987324770484,336.77838134765625,4725300.0,0.0,0.0,344.0899963378906,336.77838134765625
2026-01-06,334.2433821573216,343.22830690148726,330.5339084400161,341.86785888671875,4680300.0,0.0,0.0,349.2900085449219,341.86785888671875
2026-01-07,345.83178268284996,350.8821400825564,341.6133693854721,341.6427307128906,4442700.0,0.0,0.0,349.05999755859375,341.6427307128906
2026-01-08,337.9724478428672,355.5214431146019,336.7881676979742,351.9196472167969,5196500.0,0.0,0.0,359.55999755859375,351.9196472167969
2026-01-09,355.77590141056635,367.51111346981986,353.632434855731,366.67919921875,7093500.0,0.0,0.0,374.6400146484375,366.67919921875
2026-01-12,366.67922605349804,368.42140133976915,361.40374473161967,366.97283935546875,5859800.0,0.0,0.0,374.94000244140625,366.97283935546875
2026-01-13,367.88307640024254,372.10149016492375,362.9403965662702,371.67083740234375,4785800.0,0.0,0.0,379.739990234375,371.67083740234375
2026-01-14,368.6856307593888,372.0133774109565,366.023427464314,367.96136474609375,4959900.0,0.0,0.0,375.95001220703125,367.96136474609375
2026-01-15,368.0298576269892,372.10146445701383,366.5030087993679,371.1031494140625,2990100.0,0.0,0.0,379.1600036621094,371.1031494140625
2026-01-16,371.1912109988183,374.6364027844146,369.4881943021175,372.0916748046875,3709000.0,0.0,0.0,380.1700134277344,372.0916748046875
2026-01-20,364.3301504307712,369.321784966657,363.4101223847055,367.13916015625,5353700.0,0.0,0.0,375.1099853515625,367.13916015625
2026-01-21,367.81455216608674,377.719535714972,366.71835600898766,376.46673583984375,5169800.0,0.0,0.0,384.6400146484375,376.46673583984375
2026-01-22,378.2382530449191,382.3000628313615,372.44403525172845,372.93341064453125,4828100.0,0.0,0.0,381.0299987792969,372.93341064453125
2026-01-23,373.3934198383746,376.20242977736825,371.1520722052226,375.61517333984375,3138300.0,0.0,0.0,383.7699890136719,375.61517333984375
2026-01-26,376.81907125597525,379.18766141770476,373.8338931586024,378.3165588378906,3984800.0,0.0,0.0,386.5299987792969,378.3165588378906
2026-01-27,376.77014149089877,378.2871933198306,370.2320632887583,372.27764892578125,3466100.0,0.0,0.0,380.3599853515625,372.27764892578125
2026-01-28,372.1308348268722,372.9040563253842,365.7102319421367,367.3251647949219,3371500.0,0.0,0.0,375.29998779296875,367.3251647949219
2026-01-29,366.9336686607455,369.07713530060647,362.284602364362,363.9093322753906,4744500.0,0.0,0.0,371.80999755859375,363.9093322753906
2026-01-30,364.49657950368345,367.1489857391411,360.71858598230574,366.6302490234375,3755600.0,0.0,0.0,374.5899963378906,366.6302490234375
2026-02-02,366.28767783702625,371.58272307589243,360.41517322936585,370.0852355957031,4757200.0,0.0,0.0,378.1199951171875,370.0852355957031
2026-02-03,369.27288458137934,383.45497361161824,368.9890384961104,373.0019226074219,5684400.0,0.0,0.0,381.1000061035156,373.0019226074219
2026-02-04,376.41776544446515,382.23154756833605,376.19264200827143,378.9723205566406,5574700.0,0.0,0.0,387.20001220703125,378.9723205566406
2026-02-05,378.46334758938633,378.77655501017597,372.73764950494666,374.24493408203125,3759700.0,0.0,0.0,382.3699951171875,374.24493408203125
2026-02-06,373.2368128082787,378.1599279570784,371.0444206547449,376.9658508300781,4685400.0,0.0,0.0,385.1499938964844,376.9658508300781
2026-02-09,376.19264106698864,377.58248033769564,370.163562457197,372.904052734375,3639300.0,0.0,0.0,381.0,372.904052734375
2026-02-10,375.65433486260844,383.4158213872818,373.8240756812119,381.39959716796875,3160800.0,0.0,0.0,389.67999267578125,381.39959716796875
2026-02-11,376.81905953552473,383.10265283953595,373.96109404547286,382.37835693359375,3229900.0,0.0,0.0,390.67999267578125,382.37835693359375
2026-02-12,385.18732728509065,389.1806468807227,380.7340235333055,381.9281005859375,3702200.0,0.0,0.0,390.2200012207031,381.9281005859375
2026-02-13,381.908564252376,385.62780524875825,378.87443087685193,382.740478515625,2875900.0,0.0,0.0,391.04998779296875,382.740478515625
2026-02-17,383.89541758658663,385.62779566193717,372.41466053138856,374.90069580078125,3485300.0,0.0,0.0,383.0400085449219,374.90069580078125
2026-02-18,374.6168560607417,376.93649059942254,371.4750744620919,375.3704833984375,2982600.0,0.0,0.0,383.5199890136719,375.3704833984375
2026-02-19,375.58581909315217,375.58581909315217,369.3707754637165,370.53546142578125,2930900.0,0.0,0.0,378.5799865722656,370.53546142578125
2026-02-20,369.42948029989446,376.6428685046932,367.9613541837774,374.1274719238281,3984100.0,0.0,0.0,382.25,374.1274719238281
2026-02-23,372.89425117804547,375.977340039125,361.7267011620893,368.979248046875,5495700.0,0.0,0.0,376.989990234375,368.979248046875
2026-02-24,380.8417107584177,385.9703852790173,374.0883361890514,376.31011962890625,5675800.0,0.0,0.0,384.4800109863281,376.31011962890625
2026-02-25,372.97257644926333,373.3347094680754,363.47868169262966,367.5894470214844,5036900.0,0.0,0.0,375.57000732421875,367.5894470214844
2026-02-26,370.35929161988014,373.37386076885247,366.97282226210285,367.11962890625,2889400.0,0.0,0.0,375.0899963378906,367.11962890625
2026-02-27,365.9157289111819,374.0687391147384,364.4280385734429,372.6299743652344,4819500.0,0.0,0.0,380.7200012207031,372.6299743652344
2026-03-02,367.03150978437293,367.139158023408,361.159005627823,362.9305419921875,4537600.0,0.0,0.0,370.80999755859375,362.9305419921875
2026-03-03,356.0010127710523,360.94369199596207,352.46770711379116,359.12322998046875,3964700.0,0.0,0.0,366.9200134277344,359.12322998046875
2026-03-04,358.41855457469165,361.716939988571,353.8282109374275,361.2666931152344,4324400.0,0.0,0.0,369.1099853515625,361.2666931152344
2026-03-05,358.340254529235,359.1819957877215,351.5673154097268,353.9945983886719,4752200.0,0.0,0.0,361.67999267578125,353.9945983886719
2026-03-06,349.94255357633443,351.81197110412063,345.71434314288405,350.3144836425781,4167400.0,0.0,0.0,357.9200134277344,350.3144836425781
2026-03-09,348.04377907067123,348.91485172224776,338.2954297848507,346.047119140625,4224500.0,0.0,0.0,353.55999755859375,346.047119140625
2026-03-10,345.5381703207324,353.9554326757943,343.5610747056572,349.5608215332031,3986000.0,0.0,0.0,357.1499938964844,349.5608215332031
2026-03-11,347.906742012967,348.7484832111462,341.6916686197754,343.3849182128906,3197100.0,0.0,0.0,350.8399963378906,343.3849182128906
2026-03-12,340.95125911865614,343.54258802323494,333.71920232888397,333.94580078125,3893600.0,2.33,0.0,338.92999267578125,333.94580078125
2026-03-13,336.6651978613972,338.36976775473033,333.05901726415016,334.0443115234375,2531900.0,0.0,0.0,339.0299987792969,334.0443115234375
2026-03-16,337.40418868905533,340.1630007521627,335.6405034404279,337.5421142578125,3194400.0,0.0,0.0,342.5799865722656,337.5421142578125
2026-03-17,339.81816704201003,341.68035764135743,335.92624251251857,336.4090270996094,3075900.0,0.0,0.0,341.42999267578125,336.4090270996094
2026-03-18,333.62066680099906,334.8030019580219,325.28508517224077,326.0634460449219,3592200.0,0.0,0.0,330.92999267578125,326.0634460449219
2026-03-19,324.12242413889567,325.37376721971134,319.8561127917808,323.3834533691406,3845400.0,0.0,0.0,328.2099914550781,323.3834533691406
2026-03-20,322.930233272276,325.37377416116306,315.5503879828975,316.0331726074219,9672200.0,0.0,0.0,320.75,316.0331726074219
2026-03-23,327.1078722975504,329.7977367855016,323.3834607358939,326.0339050292969,5806300.0,0.0,0.0,330.8999938964844,326.0339050292969
2026-03-24,321.1073977566388,327.63004103694806,318.26974543762685,326.0437316894531,4566400.0,0.0,0.0,330.9100036621094,326.0437316894531
2026-03-25,330.07361260711576,332.2314096741407,322.18139511350944,327.6202392578125,4397800.0,0.0,0.0,332.510009765625,327.6202392578125
2026-03-26,326.56593457755275,329.2065159991698,321.7872513641968,323.6001892089844,3448400.0,0.0,0.0,328.42999267578125,323.6001892089844
2026-03-27,322.68389984010173,322.72332003339125,316.0233004076466,316.919921875,3977400.0,0.0,0.0,321.6499938964844,316.919921875
2026-03-30,320.93006084928754,323.16666808726706,317.83622231185035,318.7427062988281,4066000.0,0.0,0.0,323.5,318.7427062988281
2026-03-31,323.65932500963066,326.56595531217556,318.6540430408731,324.053466796875,5749100.0,0.0,0.0,328.8900146484375,324.053466796875
2026-04-01,324.52638420366446,328.1916802636729,322.98932747547997,324.7135925292969,3386200.0,0.0,0.0,329.55999755859375,324.7135925292969
2026-04-02,318.84123847490497,321.5015150184395,313.9738822734865,316.90020751953125,3732300.0,0.0,0.0,321.6300048828125,316.90020751953125
2026-04-06,314.9985972226668,321.87593213773096,314.2300688775543,321.84637451171875,2448300.0,0.0,0.0,326.6499938964844,321.84637451171875
2026-04-07,318.2500813990391,319.60979244017267,310.673165290877,314.082275390625,4661600.0,0.0,0.0,318.7699890136719,314.082275390625
2026-04-08,328.3591748751156,333.7979883682909,327.36401804999974,331.2165222167969,4610600.0,0.0,0.0,336.1600036621094,331.2165222167969
2026-04-09,326.388616523007,335.5617045306175,323.6199418005998,334.58624267578125,3002000.0,0.0,0.0,339.5799865722656,334.58624267578125
2026-04-10,336.0248127567512,336.2120210994593,330.8717121868362,332.37921142578125,3208300.0,0.0,0.0,337.3399963378906,332.37921142578125
2026-04-13,330.6056862577288,336.4189171136328,327.0487578932272,336.1430358886719,3741200.0,0.0,0.0,341.1600036621094,336.1430358886719
2026-04-14,335.9853517224209,337.71947928880917,333.36446531187323,337.6701965332031,2882500.0,0.0,0.0,342.7099914550781,337.6701965332031
2026-04-15,336.82288478276956,337.236691577658,331.6697844276179,333.9261169433594,3365200.0,0.0,0.0,338.9100036621094,333.9261169433594
2026-04-16,334.9902184465357,336.9509746615948,331.7387590995254,332.1919860839844,2856700.0,0.0,0.0,337.1499938964844,332.1919860839844
2026-04-17,337.79828232748184,346.84327646696823,337.79828232748184,344.2618103027344,4930400.0,0.0,0.0,349.3999938964844,344.2618103027344
2026-04-20,343.2174366312315,346.00583653193246,338.5668460102951,345.8284606933594,3260900.0,0.0,0.0,350.989990234375,345.8284606933594
2026-04-21,347.7399078982703,348.35078554942595,337.92638515117363,338.8624267578125,3081000.0,0.0,0.0,343.9200134277344,338.8624267578125
2026-04-22,338.8920183636698,340.163026480594,332.9506943790196,334.5074462890625,2855800.0,0.0,0.0,339.5,334.5074462890625
2026-04-23,334.50744745169345,335.81787576813997,331.9259809451064,335.1577453613281,2712400.0,0.0,0.0,340.1600036621094,335.1577453613281
2026-04-24,332.91125712465214,335.26609496653134,329.75830320236696,330.9505310058594,3255900.0,0.0,0.0,335.8900146484375,330.9505310058594
2026-04-27,329.56126408981737,332.41861168305576,327.25567892552993,327.4132995605469,3282900.0,0.0,0.0,332.29998779296875,327.4132995605469
2026-04-28,329.5316980954363,330.9899144482985,322.5459348903251,324.220947265625,4279300.0,0.0,0.0,329.05999755859375,324.220947265625
2026-04-29,320.8709611177203,321.0483068839262,314.35814983882847,318.0628662109375,4150000.0,0.0,0.0,322.80999755859375,318.0628662109375
2026-04-30,317.501224026995,325.2653478832921,317.501224026995,323.9647521972656,4317900.0,0.0,0.0,328.79998779296875,323.9647521972656
2026-05-01,325.24565828599395,325.6594650583568,318.60475417876165,319.11712646484375,3865300.0,0.0,0.0,323.8800048828125,319.11712646484375
2026-05-04,317.3436008490747,317.3436008490747,307.6680328846103,307.82568359375,6396100.0,0.0,0.0,312.4200134277344,307.82568359375
2026-05-05,308.8011039225745,312.959047256485,305.8353583254913,310.78155517578125,6391400.0,0.0,0.0,315.4200134277344,310.78155517578125
2026-05-06,317.22537962585596,320.45714408588196,314.6537756503886,318.2993469238281,5455900.0,0.0,0.0,323.04998779296875,318.2993469238281
2026-05-07,320.23052855702514,322.67403931809866,317.688452277705,317.8953857421875,4411700.0,0.0,0.0,322.6400146484375,317.8953857421875
2026-05-08,317.93477804145607,319.2353738179666,312.1412423722705,312.7817077636719,4995500.0,0.0,0.0,317.45001220703125,312.7817077636719
2026-05-11,311.8456552875821,312.45653296086624,305.15549837099616,306.8206481933594,4335700.0,0.0,0.0,311.3999938964844,306.8206481933594
2026-05-12,308.6237547613812,310.150948950067,304.56431685148686,305.89447021484375,4225700.0,0.0,0.0,310.4599914550781,305.89447021484375
2026-05-13,303.08638666631595,303.1652270544281,294.86903523029974,298.1007995605469,6307800.0,0.0,0.0,302.54998779296875,298.1007995605469
2026-05-14,300.57387915260443,301.4803631461129,296.98742350774006,299.87432861328125,5072600.0,0.0,0.0,304.3500061035156,299.87432861328125
2026-05-15,295.8937302385283,298.47519650583126,292.51417798992316,293.1349182128906,6121500.0,0.0,0.0,297.510009765625,293.1349182128906
2026-05-18,294.84933010653106,299.31271224674526,292.92799412343095,295.4010925292969,6366100.0,0.0,0.0,299.80999755859375,295.4010925292969
2026-05-19,287.57783348316474,298.7313718247998,284.84857918279005,297.9924011230469,8692500.0,0.0,0.0,302.44000244140625,297.9924011230469
2026-05-20,296.6327042526405,306.4363947204983,292.30727784287797,306.0126953125,5810900.0,0.0,0.0,310.5799865722656,306.0126953125
2026-05-21,301.85475235570635,309.3725528012548,299.9038888531578,309.1656494140625,4516600.0,0.0,0.0,313.7799987792969,309.1656494140625
2026-05-22,309.8750586089163,310.32828556949477,306.8797555054846,308.4660949707031,2963800.0,0.0,0.0,313.07000732421875,308.4660949707031
2026-05-26,310.4268164834753,312.13138642929147,304.416515303009,305.9732971191406,6978200.0,0.0,0.0,310.5400085449219,305.9732971191406
2026-05-27,310.1213933019174,316.2794829226862,309.8849322824949,313.1758117675781,5990100.0,0.0,0.0,317.8500061035156,313.1758117675781
2026-05-28,312.78167269742613,317.14651902247385,310.52534043839654,316.4863586425781,6818900.0,0.0,0.0,321.2099914550781,316.4863586425781
2026-05-29,315.7671367684214,317.36330876728886,312.3383016854047,312.47625732421875,6963300.0,0.0,0.0,317.1400146484375,312.47625732421875
2026-06-01,310.4958029229232,311.24463622584767,303.1652107990409,306.12109375,4544200.0,0.0,0.0,310.69000244140625,306.12109375
2026-06-02,305.4215416998635,307.6088962755514,304.03227311149993,306.9388732910156,4310000.0,0.0,0.0,311.5199890136719,306.9388732910156
2026-06-03,303.41155468512704,308.9094841116081,302.60360607461246,308.3675842285156,4328300.0,0.0,0.0,312.9700012207031,308.3675842285156
2026-06-04,315.5049467263879,318.403599213189,305.85605078553533,307.6826171875,4558600.0,2.33,0.0,309.95001220703125,307.6826171875
2026-06-05,308.5561528759146,311.7525986238699,306.3722648476684,308.50653076171875,3946300.0,0.0,0.0,310.7799987792969,308.50653076171875
2026-06-08,306.62045149296284,311.4746638676563,304.8236946299612,307.4443664550781,4381800.0,0.0,0.0,309.7099914550781,307.4443664550781
2026-06-09,309.0723663566284,320.52795549693786,308.00024998881105,318.9793395996094,4875300.0,0.0,0.0,321.3299865722656,318.9793395996094
2026-06-10,320.9051596578416,321.6298303667879,316.4678580086006,316.5870056152344,4823800.0,0.0,0.0,318.9200134277344,316.5870056152344
2026-06-11,319.93233407887243,324.6376494749074,316.2196730066971,323.6251220703125,4656600.0,0.0,0.0,326.010009765625,323.6251220703125
2026-06-12,326.0969127055492,328.59846715733096,322.9104034108394,325.98773193359375,3649000.0,0.0,0.0,328.3900146484375,325.98773193359375
2026-06-15,331.3184370072605,335.52741021038827,327.12930659108537,327.4072570800781,4695000.0,0.0,0.0,329.82000732421875,327.4072570800781
2026-06-16,329.48195490895256,335.7954145326594,327.33775250061905,334.6240539550781,5131500.0,0.0,0.0,337.0899963378906,334.6240539550781
2026-06-17,333.55197998269495,338.6543633465824,323.78396663149965,325.0843811035156,6085400.0,0.0,0.0,327.4800109863281,325.0843811035156
2026-06-18,329.27351216388143,335.5472561594589,328.4793462633244,331.8346252441406,10604400.0,0.0,0.0,334.2799987792969,331.8346252441406
2026-06-22,327.585930781475,329.30328611244005,323.9527013683971,324.23065185546875,4713600.0,0.0,0.0,326.6199951171875,324.23065185546875
2026-06-23,321.5007640397083,326.6130837898613,319.3466553723836,322.0765380859375,4788000.0,0.0,0.0,324.45001220703125,322.0765380859375
2026-06-24,326.7123600579221,340.4511116799111,325.3126710965327,340.3518371582031,6385000.0,0.0,0.0,342.8599853515625,340.3518371582031
2026-06-25,339.74631356501925,346.08958287234753,339.3194664460809,342.4761962890625,6974100.0,0.0,0.0,345.0,342.4761962890625
2026-06-26,345.35498409810776,347.93597025012764,343.31999268085383,346.3079528808594,7771700.0,0.0,0.0,348.8599853515625,346.3079528808594
2026-06-29,346.30796611732103,348.779771593463,343.0122759730193,348.24371337890625,5786500.0,0.0,0.0,350.80999755859375,348.24371337890625
2026-06-30,348.1245733949154,350.91401476625776,344.7593579765289,350.1000061035156,4579000.0,0.0,0.0,352.67999267578125,350.1000061035156
2026-07-01,351.39054305253717,354.50755727558504,348.27349853515625,348.27349853515625,4041300.0,0.0,0.0,350.8399963378906,348.27349853515625
2026-07-02,350.2588479333682,355.5697168646199,345.1068121812833,355.2818298339844,3110500.0,0.0,0.0,357.8999938964844,355.2818298339844
2026-07-06,355.2024317145021,356.2248957008094,343.2703427329958,348.0848693847656,4460800.0,0.0,0.0,350.6499938964844,348.0848693847656
2026-07-07,352.46261179283084,352.81999402230383,341.96002145419817,342.6846618652344,3592800.0,0.0,0.0,345.2099914550781,342.6846618652344
2026-07-08,335.51746569664226,335.51746569664226,328.24110074686496,333.75048828125,4192300.0,0.0,0.0,336.2099914550781,333.75048828125
2026-07-09,335.2891698936722,338.2374444527704,333.1548737064404,336.2520751953125,2780800.0,0.0,0.0,338.7300109863281,336.2520751953125
2026-07-10,337.06606773965154,341.8805944502874,335.4281440922459,340.78863525390625,2748000.0,0.0,0.0,343.29998779296875,340.78863525390625
2026-07-13,341.4835329455154,342.5853984087983,332.9762178919015,334.6439208984375,3650400.0,0.0,0.0,337.1099853515625,334.6439208984375
2026-07-14,337.0362951640151,339.24999292947075,334.1078935040618,335.2693176269531,2807300.0,0.0,0.0,337.739990234375,335.2693176269531
2026-07-15,336.5101711499915,343.7170716460562,334.79284603598825,338.9422607421875,3953100.0,0.0,0.0,341.44000244140625,338.9422607421875
2026-07-16,339.05141987244593,348.24368914862276,338.148103527179,345.4740905761719,3810300.0,0.0,0.0,348.0199890136719,345.4740905761719
2026-07-17,346.3774576909258,351.39053349528973,335.61675940843014,336.39105224609375,4434000.0,0.0,0.0,338.8699951171875,336.39105224609375
2026-07-20,337.4829959680537,337.7113243396537,328.98561793122497,330.60369873046875,4125300.0,0.0,0.0,333.0400085449219,330.60369873046875
2026-07-21,328.87640129200065,330.5639772575944,324.60786955925937,329.1742248535156,3112600.0,0.0,0.0,331.6000061035156,329.1742248535156
2026-07-22,331.0901002710247,334.097933459434,328.2907223705125,329.02532958984375,2907700.0,0.0,0.0,331.45001220703125,329.02532958984375
2026-07-23,322.92030555418336,325.8288946116248,320.6867650845805,322.3346252441406,4523100.0,0.0,0.0,324.7099914550781,322.3346252441406
2026-07-24,322.69201940343424,331.02062819830684,320.8654832094117,330.5441589355469,3874500.0,0.0,0.0,332.9800109863281,330.5441589355469
2026-07-27,336.90725567373363,339.3889672822994,332.8968012318786,333.6313781738281,3622400.0,0.0,0.0,336.0899963378906,333.6313781738281
2026-07-28,340.13347371189195,346.87378048907175,340.0937578445657,341.9500732421875,4308000.0,0.0,0.0,344.4700012207031,341.9500732421875
2026-07-29,337.89002113209693,342.74423353473367,334.495026147691,335.7954406738281,4028500.0,0.0,0.0,338.2699890136719,335.7954406738281
2026-07-30,332.5394250801792,333.23431646100056,327.8341094785939,330.91143798828125,6275400.0,0.0,0.0,333.3500061035156,330.91143798828125
2026-07-31,330.0080852280822,331.55667084801746,326.39469858534585,329.5315856933594,4961900.0,0.0,0.0,331.9599914550781,329.5315856933594
2026-08-03,337.3142314565633,341.126167165973,331.27872212293863,337.5326232910156,2908100.0,0.0,0.0,340.0199890136719,337.5326232910156
2026-08-04,337.741121159039,348.29333390946084,336.8675537894677,345.6925048828125,4275000.0,0.0,0.0,348.239990234375,345.6925048828125
2026-08-05,347.59845998552333,351.95632983727285,345.6031541488199,350.5566711425781,3140400.0,0.0,0.0,353.1400146484375,350.5566711425781
2026-08-06,350.9140306560572,350.9636527717977,344.967859180145,346.963134765625,2622400.0,0.0,0.0,349.5199890136719,346.963134765625
2026-08-07,348.9386046403958,354.21966416090896,346.1888486641563,353.0185241699219,3584800.0,0.0,0.0,355.6199951171875,353.0185241699219
2026-08-10,349.52427926105196,351.41037408001614,344.52114002902516,348.21392822265625,3124800.0,0.0,0.0,350.7799987792969,348.21392822265625
2026-08-11,349.71288949562955,355.7384623950411,348.0352499864083,351.8868713378906,2549700.0,0.0,0.0,354.4800109863281,351.8868713378906
2026-08-12,349.4250091127092,351.28132462652724,340.5206262766717,340.9176940917969,3965800.0,0.0,0.0,343.42999267578125,340.9176940917969
2026-08-13,344.4615642861647,345.206077753642,338.0190507751135,339.2003479003906,2439900.0,0.0,0.0,341.70001220703125,339.2003479003906
2026-08-14,338.3168506868042,338.3168506868042,333.5519765191293,336.381103515625,3073100.0,0.0,0.0,338.8599853515625,336.381103515625
2026-08-17,332.26147100502055,336.95688030952056,330.4548079641576,335.4082946777344,5580000.0,0.0,0.0,337.8800048828125,335.4082946777344
2026-08-18,334.31635102921473,342.01959397178314,328.27090486006995,335.0211486816406,6603400.0,0.0,0.0,337.489990234375,335.0211486816406
2026-08-19,338.92240470580333,347.8366934263856,338.92240470580333,341.78131103515625,4971000.0,0.0,0.0,344.29998779296875,341.78131103515625
2026-08-20,333.54205438988197,336.40099113174557,329.1643112906949,332.0430908203125,4027700.0,0.0,0.0,334.489990234375,332.0430908203125
2026-08-21,334.0582233645888,336.10315129465374,330.5639843459303,333.1548767089844,3422800.0,0.0,0.0,335.6099853515625,333.1548767089844
2026-08-24,333.4229292601251,339.7165463845368,332.7081950914107,334.9615783691406,3298600.0,0.0,0.0,337.42999267578125,334.9615783691406
2026-08-25,336.8873851133212,337.0065024243307,331.25888010780307,335.4082946777344,2528100.0,0.0,0.0,337.8800048828125,335.4082946777344
2026-08-26,336.94693389837937,336.9568704387829,332.06294252407247,332.40045166015625,4258100.0,0.0,0.0,334.8500061035156,332.40045166015625
2026-08-27,328.1517689125653,329.5812372185705,325.4814448058147,326.2060852050781,3618000.0,0.0,0.0,328.6099853515625,326.2060852050781
2026-08-28,328.08226594055674,329.1841313242223,325.1042120893565,327.7745361328125,3136100.0,0.0,0.0,330.19000244140625,327.7745361328125
2026-08-31,325.838797551875,326.8414187355763,323.36702248478053,325.4317932128906,3858700.0,0.0,0.0,327.8299865722656,325.4317932128906
2026-09-01,323.62512835314175,324.43910673216897,316.4678503051231,317.4307556152344,3291000.0,0.0,0.0,319.7699890136719,317.4307556152344
2026-09-02,319.1481100391916,319.81322207391105,315.38582679146464,316.17999267578125,3499300.0,0.0,0.0,318.510009765625,316.17999267578125
2026-09-03,318.2099914550781,320.44000244140625,315.2099914550781,318.07000732421875,3377700.0,2.33,0.0,318.07000732421875,318.07000732421875
2026-09-04,316.70001220703125,321.79998779296875,316.1000061035156,321.04998779296875,2261000.0,0.0,0.0,321.04998779296875,321.04998779296875
2026-09-08,320.7300109863281,321.5,313.239990234375,313.70001220703125,5655700.0,0.0,0.0,313.70001220703125,313.70001220703125
2026-09-09,310.4700012207031,313.3900146484375,309.8399963378906,310.45001220703125,3611700.0,0.0,0.0,310.45001220703125,310.45001220703125
2026-09-10,308.1300048828125,308.2799987792969,304.29998779296875,305.69000244140625,4493800.0,0.0,0.0,305.69000244140625,305.69000244140625
2026-09-11,309.0899963378906,311.2099914550781,307.8999938964844,308.739990234375,3488800.0,0.0,0.0,308.739990234375,308.739990234375
2026-09-14,307.1700134277344,312.6700134277344,306.5,310.8699951171875,4178400.0,0.0,0.0,310.8699951171875,310.8699951171875
2026-09-15,310.6000061035156,311.1300048828125,304.32000732421875,305.4800109863281,4494200.0,0.0,0.0,305.4800109863281,305.4800109863281
2026-09-16,307.489990234375,308.79998779296875,302.4700012207031,302.4700012207031,3720400.0,0.0,0.0,302.4700012207031,302.4700012207031
2026-09-17,307.010009765625,310.3999938964844,302.5,302.510009765625,4152600.0,0.0,0.0,302.510009765625,302.510009765625
2026-09-18,298.67999267578125,302.25,298.25,299.9800109863281,8191600.0,0.0,0.0,299.9800109863281,299.9800109863281
2026-09-21,301.0,301.739990234375,295.3900146484375,297.20001220703125,5434300.0,0.0,0.0,297.20001220703125,297.20001220703125
2026-09-22,302.0899963378906,306.30999755859375,300.17999267578125,305.3500061035156,5456100.0,0.0,0.0,305.3500061035156,305.3500061035156
2026-09-23,303.42999267578125,304.1300048828125,296.6700134277344,296.7200012207031,4684900.0,0.0,0.0,296.7200012207031,296.7200012207031
2026-09-24,296.0,299.1000061035156,291.07000732421875,292.17999267578125,7053800.0,0.0,0.0,292.17999267578125,292.17999267578125
2026-09-25,292.69000244140625,297.1400146484375,291.3999938964844,293.20001220703125,5968600.0,0.0,0.0,293.20001220703125,293.20001220703125
2026-09-28,290.2699890136719,293.9100036621094,289.30999755859375,289.8900146484375,5415600.0,0.0,0.0,289.8900146484375,289.8900146484375
2026-09-29,290.9100036621094,291.8299865722656,287.3399963378906,288.0400085449219,6009200.0,0.0,0.0,288.0400085449219,288.0400085449219
