Date,Open,High,Low,Close,Volume,Dividends,Stock_Splits,Close_unadjusted,Adj_Close
2016-01-04,75.88548432446227,75.96009284583374,74.1993044185935,74.96778869628906,12722800.0,0.0,0.0,100.4800033569336,74.96778869628906
2016-01-05,75.04240773007203,75.68405134982972,75.03494516920989,75.28115844726562,6467200.0,0.0,0.0,100.9000015258789,75.28115844726562
2016-01-06,74.47540546169904,75.33341818643605,74.31126320399491,74.90068054199219,7733800.0,0.0,0.0,100.38999938964844,74.90068054199219
2016-01-07,74.09489410821287,74.67684887991085,73.77407215813982,74.02774810791016,9433100.0,0.0,0.0,99.22000122070312,74.02774810791016
2016-01-08,74.52014385439932,74.56491353165063,73.0055683115743,73.23686218261719,9766700.0,0.0,0.0,98.16000366210938,73.23686218261719
2016-01-11,73.29656789038509,73.58754526581436,71.68500132587448,72.79668426513672,8151400.0,0.0,0.0,97.56999969482422,72.79668426513672
2016-01-12,73.11003795879851,73.58753954764288,72.55046525072142,73.29656219482422,6745000.0,0.0,0.0,98.23999786376953,73.29656219482422
2016-01-13,73.48306993508363,73.8486614540575,72.25200911521375,72.38630676269531,8290700.0,0.0,0.0,97.0199966430664,72.38630676269531
2016-01-14,72.44598800186856,74.21423921959682,72.37137947076428,73.78150177001953,10164300.0,0.0,0.0,98.88999938964844,73.78150177001953
2016-01-15,71.90133719089904,73.11747269777908,71.81180354246159,72.37137603759766,12662200.0,0.0,0.0,97.0,72.37137603759766
2016-01-19,73.06527534991753,73.42340439447942,72.29679639367446,72.74445343017578,12457800.0,0.0,0.0,97.5,72.74445343017578
2016-01-20,71.70735411682135,72.5802858875403,70.52851996756361,71.43875885009766,12685200.0,0.0,0.0,95.75,71.43875885009766
2016-01-21,71.45371032576237,72.10281679350695,70.34202734073952,71.58055114746094,11266400.0,0.0,0.0,95.94000244140625,71.58055114746094
2016-01-22,72.38629619578003,72.4385227348285,71.5879729890303,72.18485260009766,8380000.0,0.0,0.0,96.75,72.18485260009766
2016-01-25,72.16249498828715,72.88620991120051,71.65514885517133,71.92374420166016,9350200.0,0.0,0.0,96.4000015258789,71.92374420166016
2016-01-26,72.56538341305864,75.60945432673013,72.47584973914253,75.49008178710938,17266600.0,0.0,0.0,101.18000030517578,75.49008178710938
2016-01-27,74.97529646783846,77.13151664533818,74.97529646783846,76.22128295898438,19330500.0,0.0,0.0,102.16000366210938,76.22128295898438
2016-01-28,76.47494191044312,76.87783497040937,75.98997772572811,76.30333709716797,12789500.0,0.0,0.0,102.2699966430664,76.30333709716797
2016-01-29,76.76590327501552,78.1536438503166,76.57191650312743,77.92235565185547,15614600.0,0.0,0.0,104.44000244140625,77.92235565185547
2016-02-01,77.3030820830293,78.18347644565503,77.0121048158473,77.8701171875,9803700.0,0.0,0.0,104.37000274658203,77.8701171875
2016-02-02,77.07180615019857,77.78805843632651,76.8479748204167,77.15387725830078,10616300.0,0.0,0.0,103.41000366210938,77.15387725830078
2016-02-03,77.33294621076868,77.87759376986953,76.10934772819934,77.69853210449219,10168600.0,0.0,0.0,104.13999938964844,77.69853210449219
2016-02-04,77.30309381941635,77.6612171138888,76.64653065137212,77.51946258544922,10389000.0,0.0,0.0,103.9000015258789,77.51946258544922
2016-02-05,76.59430051345772,76.67636592488634,74.44553807818242,75.0125732421875,15522200.0,0.0,0.0,100.54000091552734,75.0125732421875
2016-02-08,74.84096986339792,77.22848309225381,74.7738238821815,76.10187530517578,14323800.0,0.0,0.0,102.0,76.10187530517578
2016-02-09,75.58706404745047,76.28093429052113,75.3333938708899,76.0794906616211,10044500.0,0.0,0.0,101.97000122070312,76.0794906616211
2016-02-10,76.13920247669807,76.78084636345456,75.63185628001314,75.90045166015625,9833100.0,0.0,0.0,101.7300033569336,75.90045166015625
2016-02-11,74.9528856677532,76.11679488253363,74.5947623827132,75.87804412841797,12465800.0,0.0,0.0,101.69999694824219,75.87804412841797
2016-02-12,75.96757507324219,76.08695329215516,75.14686974114922,75.96757507324219,9035000.0,0.0,0.0,101.81999969482422,75.96757507324219
2016-02-16,76.37792143085306,76.88526741588974,75.84073089466528,76.34061431884766,10452800.0,0.0,0.0,102.31999969482422,76.34061431884766
2016-02-17,76.66143873261242,77.02702453516696,76.27347093900075,76.47491455078125,8904000.0,0.0,0.0,102.5,76.47491455078125
2016-02-18,76.72116885382756,78.10144739885337,76.4749554360352,77.77316284179688,10744600.0,0.0,0.0,104.23999786376953,77.77316284179688
2016-02-19,77.84076824736304,78.6674213153575,77.69046404094273,78.27664184570312,9343300.0,0.75,0.0,104.16000366210938,78.27664184570312
2016-02-22,78.27663202658918,78.72001647949219,78.19396615680752,78.72001647949219,6947000.0,0.0,0.0,104.75,78.72001647949219
2016-02-23,78.64489452503776,78.75010462605957,78.12635493177274,78.21653747558594,6629200.0,0.0,0.0,104.08000183105469,78.21653747558594
2016-02-24,77.66040742672674,78.96802829292099,77.38235466337335,78.87784576416016,9076100.0,0.0,0.0,104.95999908447266,78.87784576416016
2016-02-25,78.8703185542686,79.95248582034908,78.73504764600852,79.9449691772461,8092500.0,0.0,0.0,106.37999725341797,79.9449691772461
2016-02-26,80.27564431386058,80.35079355523305,79.22353773408717,79.49407958984375,9049400.0,0.0,0.0,105.77999877929688,79.49407958984375
2016-02-29,79.11830174139526,79.80968370925352,78.93794247445783,79.0656967163086,10111100.0,0.0,0.0,105.20999908447266,79.0656967163086
2016-03-01,79.58427833238122,80.59129098566241,79.23858716482853,80.57626342773438,8298500.0,0.0,0.0,107.22000122070312,80.57626342773438
2016-03-02,80.34327031967139,80.71902220241194,79.98254598949224,80.44096374511719,9767000.0,0.0,0.0,107.04000091552734,80.44096374511719
2016-03-03,80.27563482277985,80.4109057346649,79.38134347567761,80.14788055419922,6927200.0,0.0,0.0,106.6500015258789,80.14788055419922
2016-03-04,80.04270341397513,80.39591125885742,79.71203977476254,80.03518676757812,6715700.0,0.0,0.0,106.5,80.03518676757812
2016-03-07,79.65940392226938,80.35078605196526,79.27613537348445,80.21551513671875,6973500.0,0.0,0.0,106.73999786376953,80.21551513671875
2016-03-08,80.05020821000309,80.238084220923,79.63688442609181,79.82476043701172,7632900.0,0.0,0.0,106.22000122070312,79.82476043701172
2016-03-09,80.29065704345703,80.42592794635821,79.72702923695516,80.29065704345703,7564200.0,0.0,0.0,106.83999633789062,80.29065704345703
2016-03-10,80.40339418800826,80.77163519752136,79.71201203166741,80.51612091064453,10474700.0,0.0,0.0,107.13999938964844,80.51612091064453
2016-03-11,80.78666577181303,81.15490106157351,80.56872896217371,80.9444808959961,7763800.0,0.0,0.0,107.70999908447266,80.9444808959961
2016-03-14,81.10229299810268,81.38786812661893,80.64387519723962,80.90690612792969,7242800.0,0.0,0.0,107.66000366210938,80.90690612792969
2016-03-15,80.87686844325367,81.42546319249688,80.23057449743112,80.9820785522461,8476600.0,0.0,0.0,107.76000213623047,80.9820785522461
2016-03-16,80.95951329325699,80.99708504611411,80.32073042597239,80.71903228759766,7065100.0,0.0,0.0,107.41000366210938,80.71903228759766
2016-03-17,80.76411544119598,80.86180887250548,79.9975783436261,80.21551513671875,8571100.0,0.0,0.0,106.73999786376953,80.21551513671875
2016-03-18,80.40340588022143,81.04218309002516,79.92996045652409,80.78667449951172,14758300.0,0.0,0.0,107.5,80.78667449951172
2016-03-21,80.7190447062218,80.97455330563008,80.07275082904512,80.62134552001953,7674700.0,0.0,0.0,107.27999877929688,80.62134552001953
2016-03-22,80.62133818280167,80.88436340340809,80.4484954950545,80.69648742675781,7821700.0,0.0,0.0,107.37999725341797,80.69648742675781
2016-03-23,80.62887349947621,81.78619047167844,80.56123515078798,81.53819274902344,8191300.0,0.0,0.0,108.5,81.53819274902344
2016-03-24,81.32773027397198,81.62081625447993,80.97452262220133,81.3953628540039,6284500.0,0.0,0.0,108.30999755859375,81.3953628540039
2016-03-28,81.47053703879034,81.83877232852971,81.20750609831414,81.33526611328125,4738100.0,0.0,0.0,108.2300033569336,81.33526611328125
2016-03-29,81.38788157337332,82.10180804557895,80.96703545484937,82.0191421508789,6612800.0,0.0,0.0,109.13999938964844,82.0191421508789
2016-03-30,82.25208194608277,82.33474781606022,81.86130252452269,81.89888000488281,5248200.0,0.0,0.0,108.9800033569336,81.89888000488281
2016-03-31,81.8087319399477,81.89891449067473,81.19249884378205,81.31273651123047,8167700.0,0.0,0.0,108.19999694824219,81.31273651123047
2016-04-01,81.16241030448263,82.13185089336402,80.92944596148288,82.05670166015625,9043200.0,0.0,0.0,109.19000244140625,82.05670166015625
2016-04-04,81.77865286034279,81.98907303161327,81.35781251780182,81.60580444335938,10668900.0,0.0,0.0,108.58999633789062,81.60580444335938
2016-04-05,81.33525723459107,82.54517305451549,81.16992548440346,81.87633514404297,7939000.0,0.0,0.0,108.94999694824219,81.87633514404297
2016-04-06,81.70351038033667,82.28968254410957,81.07224408075962,82.22956085205078,6828700.0,0.0,0.0,109.41999816894531,82.22956085205078
2016-04-07,81.91392538749359,82.37985987119599,81.63586687945057,82.11682891845703,7822900.0,0.0,0.0,109.2699966430664,82.11682891845703
2016-04-08,82.19197632342649,82.39487983569701,81.73355852636871,81.98906707763672,6301600.0,0.0,0.0,109.0999984741211,81.98906707763672
2016-04-11,82.0266512404243,82.37985898824141,81.65089929313287,81.8913803100586,6823900.0,0.0,0.0,108.97000122070312,81.8913803100586
2016-04-12,81.91392880340811,82.84579207615302,81.72605281991406,82.36483001708984,8412300.0,0.0,0.0,109.5999984741211,82.36483001708984
2016-04-13,82.66543484388212,82.92846008077227,82.1468952814986,82.56774139404297,5758300.0,0.0,0.0,109.87000274658203,82.56774139404297
2016-04-14,82.66543992518415,82.88337677300937,82.25211043215003,82.54519653320312,4457100.0,0.0,0.0,109.83999633789062,82.54519653320312
2016-04-15,82.71802381980146,82.96602145219396,82.2896668790867,82.80068969726562,10057900.0,0.0,0.0,110.18000030517578,82.80068969726562
2016-04-18,82.66544276313795,83.49209604406518,82.41744505880355,83.36434173583984,7772500.0,0.0,0.0,110.93000030517578,83.36434173583984
2016-04-19,83.90541808790049,85.63387375181661,83.7776637910389,84.6794662475586,10526400.0,0.0,0.0,112.68000030517578,84.6794662475586
2016-04-20,85.06271081181882,85.81421455753038,84.95750074610068,85.35579681396484,8213400.0,0.0,0.0,113.58000183105469,85.35579681396484
2016-04-21,85.15290450107037,85.46854049442068,84.74709170977971,85.34829711914062,7884500.0,0.0,0.0,113.56999969482422,85.34829711914062
2016-04-22,85.24305862080284,85.48353955769036,84.79215758082847,85.16039276123047,7508700.0,0.0,0.0,113.31999969482422,85.16039276123047
2016-04-25,85.15291841259454,85.33328350498108,84.52917443536653,85.30322265625,6139900.0,0.0,0.0,113.51000213623047,85.30322265625
2016-04-26,85.2581019193479,85.34076779418984,84.65690233283775,84.852294921875,5853600.0,0.0,0.0,112.91000366210938,84.852294921875
2016-04-27,84.88986549346264,85.07022479356212,84.51411360703608,84.74707794189453,5759300.0,0.0,0.0,112.7699966430664,84.74707794189453
2016-04-28,84.24358440001632,84.70200222875586,83.89789330078183,84.52915954589844,6640000.0,0.0,0.0,112.4800033569336,84.52915954589844
2016-04-29,84.21351285601051,84.3337562144758,83.80018921170364,84.22854614257812,7774500.0,0.0,0.0,112.08000183105469,84.22854614257812
2016-05-02,84.33376715054939,84.76212413697154,84.11583033520904,84.73206329345703,5178800.0,0.0,0.0,112.75,84.73206329345703
2016-05-03,84.5892743985018,84.99508717932748,84.25861659204794,84.68697357177734,7554500.0,0.0,0.0,112.69000244140625,84.68697357177734
2016-05-04,84.1984998171211,84.57425177681897,83.9429855030962,84.33377075195312,5214600.0,0.0,0.0,112.22000122070312,84.33377075195312
2016-05-05,84.22855043860166,84.9950818205981,84.1984895974521,84.82975006103516,5404300.0,0.0,0.0,112.87999725341797,84.82975006103516
2016-05-06,84.60429545977172,84.95750314760329,84.37884203627792,84.72453308105469,6099900.0,0.0,0.0,112.73999786376953,84.72453308105469
2016-05-09,84.90490258251151,85.66391729895527,84.71702663088342,85.46101379394531,6512700.0,0.0,0.0,113.72000122070312,85.46101379394531
2016-05-10,85.6714358311822,86.42293965426273,85.61131414929115,86.17494201660156,8356400.0,0.0,0.0,114.66999816894531,86.17494201660156
2016-05-11,86.09979952057091,86.24258709285922,85.90440690589,85.94950103759766,6680700.0,0.0,0.0,114.37000274658203,85.94950103759766
2016-05-12,86.04717991925786,86.24257250087895,85.32573700271689,85.84427642822266,7156300.0,0.0,0.0,114.2300033569336,85.84427642822266
2016-05-13,85.59630412853703,85.73908598537575,85.19049129292732,85.34078979492188,6779900.0,0.0,0.0,113.55999755859375,85.34078979492188
2016-05-16,85.21302434685022,86.14488755104988,85.1529026605097,86.00210571289062,6222900.0,0.0,0.0,114.44000244140625,86.00210571289062
2016-05-17,86.07722993567391,86.09225748613149,85.10027288391206,85.54366302490234,9233900.0,0.0,0.0,113.83000183105469,85.54366302490234
2016-05-18,85.37833742323686,85.69396760713535,84.82973718915946,85.3633041381836,8267900.0,0.0,0.0,113.58999633789062,85.3633041381836
2016-05-19,84.91239999891741,84.94997747667915,84.31871139809411,84.80718994140625,8232200.0,0.0,0.0,112.8499984741211,84.80718994140625
2016-05-20,84.92073693682893,85.4656837810408,84.5877183566087,85.2537612915039,7435200.0,0.8,0.0,112.63999938964844,85.2537612915039
2016-05-23,85.35216509218729,85.39001087436156,84.79965362895905,84.8904800415039,6462300.0,0.0,0.0,112.16000366210938,84.8904800415039
2016-05-24,85.1629461548291,85.90468074075197,85.1629461548291,85.29161834716797,6125300.0,0.0,0.0,112.69000244140625,85.29161834716797
2016-05-25,85.6624789125919,86.07875939232352,85.41271062475292,85.79114532470703,5453800.0,0.0,0.0,113.3499984741211,85.79114532470703
2016-05-26,85.60948048324836,85.7684223312428,85.41269286334635,85.4505386352539,3973600.0,0.0,0.0,112.9000015258789,85.4505386352539
2016-05-27,85.55650516961987,85.78356249177494,85.29160207321175,85.57164001464844,4647000.0,0.0,0.0,113.05999755859375,85.57164001464844
2016-05-31,85.7230336934781,86.00307168834709,85.01157457784348,85.29161834716797,10104700.0,0.0,0.0,112.69000244140625,85.29161834716797
2016-06-01,85.29160285781711,85.5716408018299,84.82234181525278,85.3597183227539,4748900.0,0.0,0.0,112.77999877929688,85.3597183227539
2016-06-02,85.42785170169564,86.7750783167989,85.42028139080874,86.65397644042969,7310800.0,0.0,0.0,114.48999786376953,86.65397644042969
2016-06-03,86.63885218482727,87.33517073571018,86.373949015954,86.85834503173828,6881700.0,0.0,0.0,114.76000213623047,86.85834503173828
2016-06-06,87.01728770829475,87.79686237269102,86.9870122352315,87.6227798461914,6349400.0,0.0,0.0,115.7699966430664,87.6227798461914
2016-06-07,87.80440599307254,87.9709181570746,87.38055527348881,87.59248352050781,6417400.0,0.0,0.0,115.7300033569336,87.59248352050781
2016-06-08,87.43354140514425,87.75899544409282,87.35029109234779,87.64546966552734,5863800.0,0.0,0.0,115.80000305175781,87.64546966552734
2016-06-09,87.63033698783973,88.6975255987177,87.50167057750066,88.55371856689453,7375500.0,0.0,0.0,117.0,88.55371856689453
2016-06-10,88.3569289619231,88.72779911219476,88.06932067906911,88.56128692626953,6067400.0,0.0,0.0,117.01000213623047,88.56128692626953
2016-06-13,88.65210055592108,89.03810552241158,88.39476776123047,88.39476776123047,7940900.0,0.0,0.0,116.79000091552734,88.39476776123047
2016-06-14,88.13743203472627,88.6899491918152,88.0239062536746,88.64453887939453,6378400.0,0.0,0.0,117.12000274658203,88.64453887939453
2016-06-15,89.03812394835644,89.11380974043087,88.05419132802153,88.107177734375,6371400.0,0.0,0.0,116.41000366210938,88.107177734375
2016-06-16,87.56224148459782,88.4704826493085,87.20651186650825,88.28126525878906,6664300.0,0.0,0.0,116.63999938964844,88.28126525878906
2016-06-17,88.26610512781969,88.30394513041183,87.0475450199285,87.40327453613281,10702200.0,0.0,0.0,115.4800033569336,87.40327453613281
2016-06-20,88.25096145878486,88.65967158406406,88.12229506039732,88.20555114746094,5588200.0,0.0,0.0,116.54000091552734,88.20555114746094
2016-06-21,88.54611418472719,88.66721601218092,87.93305206298828,87.93305206298828,5493500.0,0.0,0.0,116.18000030517578,87.93305206298828
2016-06-22,88.20555520664912,88.71265628795163,88.03147271447182,88.14500427246094,5833800.0,0.0,0.0,116.45999908447266,88.14500427246094
2016-06-23,88.70510237145379,88.84133911132812,88.31153277540348,88.84133911132812,6775900.0,0.0,0.0,117.37999725341797,88.84133911132812
2016-06-24,87.09296253555657,88.64454713152446,87.0399819079821,87.51680755615234,13939500.0,0.0,0.0,115.62999725341797,87.51680755615234
2016-06-27,87.03998483416493,88.28125024288701,87.03998483416493,88.213134765625,10877400.0,0.0,0.0,116.55000305175781,88.213134765625
2016-06-28,88.68237948720122,89.59062616300055,88.21312419043699,89.48466491699219,10089600.0,0.0,0.0,118.2300033569336,89.48466491699219
2016-06-29,89.94635244923401,90.3777735302062,89.3862707367014,90.31722259521484,8341500.0,0.0,0.0,119.33000183105469,90.31722259521484
2016-06-30,90.20371538121947,91.89153705929397,90.1885805306143,91.80828094482422,11559900.0,0.0,0.0,121.30000305175781,91.80828094482422
2016-07-01,91.80825237804639,91.98989940107032,91.42224740147263,91.8006820678711,7051400.0,0.0,0.0,121.29000091552734,91.8006820678711
2016-07-05,91.85366370645025,93.26901145324346,91.83852308593214,92.54241180419922,9334100.0,0.0,0.0,122.2699966430664,92.54241180419922
2016-07-06,92.28509498626715,92.83761224179324,91.98991635403381,92.82247161865234,9332400.0,0.0,0.0,122.63999938964844,92.82247161865234
2016-07-07,92.78462048308644,92.95113268129626,92.34564060307159,92.72407531738281,6058700.0,0.0,0.0,122.51000213623047,92.72407531738281
2016-07-08,93.09493873350807,93.17062452067675,92.3077938431519,92.98140716552734,6129900.0,0.0,0.0,122.8499984741211,92.98140716552734
2016-07-11,92.87543423561642,93.43551591961769,92.64837690264794,93.04194641113281,6711600.0,0.0,0.0,122.93000030517578,93.04194641113281
2016-07-12,92.83002587035587,93.2463005434205,92.79975040376766,93.03437805175781,6415900.0,0.0,0.0,122.91999816894531,93.03437805175781
2016-07-13,92.85273458861047,93.39768145919344,92.5651263066717,93.09493255615234,5230800.0,0.0,0.0,123.0,93.09493255615234
2016-07-14,93.0797838537478,93.65500033199923,93.02680323668636,93.23115539550781,5322700.0,0.0,0.0,123.18000030517578,93.23115539550781
2016-07-15,93.67771943058105,94.07886504742214,92.87543974580892,93.09493255615234,7192800.0,0.0,0.0,123.0,93.09493255615234
2016-07-18,93.09495120446418,93.26146342321442,92.67110611997715,93.20091247558594,6599200.0,0.0,0.0,123.13999938964844,93.20091247558594
2016-07-19,94.44214497593802,95.17630907922924,93.35225139790123,94.7978744506836,11325700.0,0.0,0.0,125.25,94.7978744506836
2016-07-20,95.244444034969,95.41852654049052,94.63895197003824,94.71463775634766,7334600.0,0.0,0.0,125.13999938964844,94.71463775634766
2016-07-21,94.76762406473374,95.1687639532285,94.52542606935262,94.72221374511719,5492600.0,0.0,0.0,125.1500015258789,94.72221374511719
2016-07-22,94.69950705600309,94.87358379469251,94.34377749286958,94.63138580322266,5839200.0,0.0,0.0,125.02999877929688,94.63138580322266
2016-07-25,94.66165786878267,94.70706818603239,93.95776907913509,94.52542114257812,4880600.0,0.0,0.0,124.88999938964844,94.52542114257812
2016-07-26,94.63138733142839,95.02496268295751,94.41946480727687,94.72221374511719,5589900.0,0.0,0.0,125.1500015258789,94.72221374511719
2016-07-27,94.68437678956013,94.78277352384345,94.10915433148311,94.43460845947266,4812600.0,0.0,0.0,124.7699966430664,94.43460845947266
2016-07-28,94.59353409777148,94.60866894404238,94.16211879836484,94.19995880126953,4320400.0,0.0,0.0,124.45999908447266,94.19995880126953
2016-07-29,94.10913394429078,94.85086846174157,94.10913394429078,94.78275299072266,7020900.0,0.0,0.0,125.2300033569336,94.78275299072266
2016-08-01,94.84328623378896,95.14603509622626,94.68434438026159,94.91140747070312,4615100.0,0.0,0.0,125.4000015258789,94.91140747070312
2016-08-02,95.10061484909494,95.28983214653665,94.2150792829366,94.4951171875,7158700.0,0.0,0.0,124.8499984741211,94.4951171875
2016-08-03,94.6086705635487,94.6086705635487,93.6171735438683,93.77611541748047,5310600.0,0.0,0.0,123.9000015258789,93.77611541748047
2016-08-04,94.03346557152024,94.14699715202522,93.57934502395635,93.74585723876953,4728200.0,0.0,0.0,123.86000061035156,93.74585723876953
2016-08-05,94.13940087562175,94.13940087562175,93.67014560816162,94.03343963623047,5146900.0,0.0,0.0,124.23999786376953,94.03343963623047
2016-08-08,93.85178662647675,93.96531816841573,93.26899984705601,93.58688354492188,5232500.0,0.0,0.0,123.6500015258789,93.58688354492188
2016-08-09,93.78369476820527,93.85181024583858,93.3447091086054,93.42039489746094,3941500.0,0.0,0.0,123.43000030517578,93.42039489746094
2016-08-10,93.54149312269955,93.68530016690002,93.27658996847948,93.36741638183594,4333500.0,0.0,0.0,123.36000061035156,93.36741638183594
2016-08-11,93.73828532015894,93.95777816551806,93.45067699233797,93.677734375,4052000.0,0.0,0.0,123.7699966430664,93.677734375
2016-08-12,93.45066907794616,93.67772644137857,93.05709374220122,93.2614517211914,4234800.0,0.0,0.0,123.22000122070312,93.2614517211914
2016-08-15,93.18576868108046,93.2992944789164,92.5499953409211,92.57270050048828,6469500.0,0.0,0.0,122.30999755859375,92.57270050048828
2016-08-16,92.42133103582412,92.58027293088806,90.86974631938857,91.07410430908203,11289100.0,0.0,0.0,120.33000183105469,91.07410430908203
2016-08-17,91.2027564623759,91.83095940728053,90.71079023113187,91.8158187866211,10442800.0,0.0,0.0,121.30999755859375,91.8158187866211
2016-08-18,91.70985922790017,91.87637141148969,90.74863767870832,91.36927032470703,8728000.0,0.0,0.0,120.72000122070312,91.36927032470703
2016-08-19,91.36164006709964,91.42258912252728,90.9121051788416,91.36925506591797,7798300.0,0.8,0.0,119.91999816894531,91.36925506591797
2016-08-22,91.35403742492343,91.35403742492343,90.63021129786085,90.7673568725586,6544900.0,0.0,0.0,119.12999725341797,90.7673568725586
2016-08-23,91.17879331259992,91.39975039408999,90.68354508256888,91.00355529785156,5603200.0,0.0,0.0,119.44000244140625,91.00355529785156
2016-08-24,91.03403008175836,91.13307739968356,90.37877966969405,90.44734954833984,6303900.0,0.0,0.0,118.70999908447266,90.44734954833984
2016-08-25,90.56163241421686,90.82830272379223,90.15781654357747,90.3406753540039,5566000.0,0.0,0.0,118.56999969482422,90.3406753540039
2016-08-26,90.54637382870271,91.23210150557787,90.3330376210028,90.69876098632812,6482700.0,0.0,0.0,119.04000091552734,90.69876098632812
2016-08-29,90.89686936822875,91.52925723574589,90.71400476301724,91.36925506591797,5074900.0,0.0,0.0,119.91999816894531,91.36925506591797
2016-08-30,91.94070522142951,91.94070522142951,90.86640314490406,91.02640533447266,3820500.0,0.0,0.0,119.47000122070312,91.02640533447266
2016-08-31,91.07973245407221,91.14068732534953,90.67591660456878,90.9273452758789,5693100.0,0.0,0.0,119.33999633789062,90.9273452758789
2016-09-01,90.81307481210433,90.96545619855358,90.3635398400177,90.72926330566406,4551800.0,0.0,0.0,119.08000183105469,90.72926330566406
2016-09-02,90.94260970646528,91.28547077067292,90.59212782819273,90.9121322631836,5806400.0,0.0,0.0,119.31999969482422,90.9121322631836
2016-09-06,91.26261798271788,91.40738439115468,90.94261353425799,91.23976135253906,5280700.0,0.0,0.0,119.75,91.23976135253906
2016-09-07,91.3082716781481,91.39208314278152,91.00350905727134,91.1330337524414,4753800.0,0.0,0.0,119.61000061035156,91.1330337524414
2016-09-08,90.95021464605574,91.29307565042033,90.77497083101761,91.02640533447266,4833000.0,0.0,0.0,119.47000122070312,91.02640533447266
2016-09-09,90.69116588585918,90.79021901964087,90.04353626803336,90.08163452148438,7957300.0,0.0,0.0,118.2300033569336,90.08163452148438
2016-09-12,89.72351989758695,91.01115814819549,89.43398716112553,90.79020690917969,7239800.0,0.0,0.0,119.16000366210938,90.79020690917969
2016-09-13,90.22640517629729,90.53879461315971,89.5178205989765,89.6092529296875,7957900.0,0.0,0.0,117.61000061035156,89.6092529296875
2016-09-14,89.79209995102687,90.15782341272104,89.49495218157787,89.79972076416016,6124900.0,0.0,0.0,117.86000061035156,89.79972076416016
2016-09-15,89.76163289410346,90.62260467545939,89.38829438906953,90.38640594482422,5812100.0,0.0,0.0,118.62999725341797,90.38640594482422
2016-09-16,90.29499381565023,90.77500054146111,89.99784596448461,90.09689331054688,12408800.0,0.0,0.0,118.25,90.09689331054688
2016-09-19,90.1806564995738,90.40923433008987,89.63207435671579,89.6473159790039,5457600.0,0.0,0.0,117.66000366210938,89.6473159790039
2016-09-20,90.03590913546839,90.08924319877008,89.6701915051073,89.8682861328125,5187700.0,0.0,0.0,117.94999694824219,89.8682861328125
2016-09-21,89.8683072747438,90.66832422545383,89.63211434069609,90.5997543334961,6337300.0,0.0,0.0,118.91000366210938,90.5997543334961
2016-09-22,90.85878899742436,91.30831816114475,90.7749774901244,91.01879119873047,5340500.0,0.0,0.0,119.45999908447266,91.01879119873047
2016-09-23,90.9806771045269,91.12543764479192,90.44733074746732,90.52352142333984,4773000.0,0.0,0.0,118.80999755859375,90.52352142333984
2016-09-26,90.3864068468952,90.39402766098604,89.57115412851373,89.73877716064453,5998900.0,0.0,0.0,117.77999877929688,89.73877716064453
2016-09-27,90.20352093054338,90.8359146118164,89.69303698622834,90.8359146118164,5349500.0,0.0,0.0,119.22000122070312,90.8359146118164
2016-09-28,90.70638937263969,91.06448614376997,90.52352476821758,90.96543884277344,5076100.0,0.0,0.0,119.38999938964844,90.96543884277344
2016-09-29,90.57686311803658,90.87401084808744,89.17493596220453,89.35017395019531,6190200.0,0.0,0.0,117.2699966430664,89.35017395019531
2016-09-30,89.73876181111942,90.37877638678476,89.44161405516023,90.00543212890625,7941100.0,0.0,0.0,118.12999725341797,90.00543212890625
2016-10-03,89.90636939190367,90.67590858806085,89.47207614515672,90.52352142333984,6098600.0,0.0,0.0,118.80999755859375,90.52352142333984
2016-10-04,90.54641715201373,91.03405047675496,90.11974453246593,90.53118133544922,5733900.0,0.0,0.0,118.81999969482422,90.53118133544922
2016-10-05,90.8359049822781,91.00352794633746,90.3635135211086,90.80542755126953,5778700.0,0.0,0.0,119.18000030517578,90.80542755126953
2016-10-06,90.28734172620271,90.55401203706028,89.84542760365201,90.47782135009766,4448500.0,0.0,0.0,118.75,90.47782135009766
2016-10-07,90.79781645596726,91.10258498568874,90.43209887068247,90.85115051269531,4799300.0,0.0,0.0,119.23999786376953,90.85115051269531
2016-10-10,91.05686737372879,91.58258710398445,90.93495764249646,91.27782440185547,3657000.0,0.0,0.0,119.80000305175781,91.27782440185547
2016-10-11,90.98068664508348,91.14830382438957,89.19017360295187,89.63208770751953,6394200.0,0.0,0.0,117.63999938964844,89.63208770751953
2016-10-12,89.87590122142598,90.23400382920588,89.52541942591152,89.8835220336914,4685200.0,0.0,0.0,117.97000122070312,89.8835220336914
2016-10-13,89.55590230120742,90.82068400418734,89.35780186111047,90.10448455810547,7387400.0,0.0,0.0,118.26000213623047,90.10448455810547
2016-10-14,90.28735710135959,90.51593501414908,89.57115173339844,89.57115173339844,5640500.0,0.0,0.0,117.55999755859375,89.57115173339844
2016-10-17,89.52541884565437,90.3254355520189,89.52541884565437,90.27971649169922,6956400.0,0.0,0.0,118.48999786376953,90.27971649169922
2016-10-18,89.43398066797808,90.27209556743647,87.74252668455803,87.9330062866211,12598300.0,0.0,0.0,115.41000366210938,87.9330062866211
2016-10-19,88.05491013624058,88.29872379416027,87.20918023874317,87.3082275390625,7400900.0,0.0,0.0,114.58999633789062,87.3082275390625
2016-10-20,87.49109086492282,88.15395614957097,87.30822626442067,87.52156829833984,6973000.0,0.0,0.0,114.87000274658203,87.52156829833984
2016-10-21,86.94252135844131,87.04156867174757,86.08917053734432,86.43203735351562,8422000.0,0.0,0.0,113.44000244140625,86.43203735351562
2016-10-24,86.8053676220117,87.00346804295033,86.43202921610823,86.56155395507812,6141900.0,0.0,0.0,113.61000061035156,86.56155395507812
2016-10-25,86.58443333928547,86.98063428531556,86.16537576424939,86.8282470703125,5595000.0,0.0,0.0,113.95999908447266,86.8282470703125
2016-10-26,86.58441390965785,87.7882464796404,86.5539364734964,87.2853775024414,6429200.0,0.0,0.0,114.55999755859375,87.2853775024414
2016-10-27,87.60539995158267,88.80161187690302,87.46063356277418,88.15397644042969,7548700.0,0.0,0.0,115.69999694824219,88.15397644042969
2016-10-28,88.24543177061067,88.31400748270765,87.29303330744443,87.8720932006836,8813300.0,0.0,0.0,115.33000183105469,87.8720932006836
2016-10-31,87.83399260845296,88.55781890905772,87.23969691326886,88.37495422363281,8552500.0,0.0,0.0,115.98999786376953,88.37495422363281
2016-11-01,87.43778368967915,88.33684790645421,87.33873054737903,87.87969207763672,7591900.0,0.0,0.0,115.33999633789062,87.87969207763672
2016-11-02,88.01681731989854,88.19968193435021,87.49109753903531,87.51395416259766,6591300.0,0.0,0.0,114.86000061035156,87.51395416259766
2016-11-03,87.52920470232444,87.9558830615314,87.430157379229,87.64349365234375,6227100.0,0.0,0.0,115.02999877929688,87.64349365234375
2016-11-04,87.65112606870413,88.33685404661648,87.65112606870413,87.70446014404297,7160600.0,0.0,0.0,115.11000061035156,87.70446014404297
2016-11-07,88.29874878712941,88.93114263956825,88.26065053077419,88.88542938232422,6398200.0,0.0,0.0,116.66000366210938,88.88542938232422
2016-11-08,88.74827046423401,89.57875884861114,88.74064965151236,89.18256378173828,6675300.0,0.0,0.0,117.05000305175781,89.18256378173828
2016-11-09,91.4302194800115,93.3350157191784,89.98257317564929,91.66641235351562,16220000.0,0.0,0.0,120.30999755859375,91.66641235351562
2016-11-10,92.0168989750427,92.26833348687335,90.68354153791165,91.07974243164062,11904500.0,0.0,0.0,119.54000091552734,91.07974243164062
2016-11-11,91.04164255484852,91.04164255484852,90.00543290001895,90.26448822021484,8134800.0,0.0,0.0,118.47000122070312,90.26448822021484
2016-11-14,90.34829226872912,90.66067581418999,88.76350047880014,88.83969116210938,10054900.0,0.0,0.0,116.5999984741211,88.83969116210938
2016-11-15,88.68732817548621,88.90828527195882,88.24541398254101,88.62637329101562,7446700.0,0.0,0.0,116.31999969482422,88.62637329101562
2016-11-16,88.87780217518844,88.97684949641831,88.44350882367685,88.65684509277344,6594800.0,0.0,0.0,116.36000061035156,88.65684509277344
2016-11-17,88.90064499064329,88.90064499064329,88.47397251873757,88.81683349609375,5730300.0,0.0,0.0,116.56999969482422,88.81683349609375
2016-11-18,88.83218561453566,88.93191737076417,88.08034314612163,88.5022964477539,7717800.0,0.8,0.0,115.36000061035156,88.5022964477539
2016-11-21,88.56367501647657,88.74779743818496,88.07267798982338,88.22611236572266,5843300.0,0.0,0.0,115.0,88.22611236572266
2016-11-22,87.91158307799034,88.2261312249117,86.13171701262237,86.49229431152344,11649700.0,0.0,0.0,112.73999786376953,86.49229431152344
2016-11-23,86.11636253787117,87.0216394561368,85.58700395973169,86.74545288085938,7892600.0,0.0,0.0,113.06999969482422,86.74545288085938
2016-11-25,87.15206363584116,87.63539309336993,86.98328229214204,87.55867004394531,3433300.0,0.0,0.0,114.12999725341797,87.55867004394531
2016-11-28,87.29782501791203,87.55099701783485,86.73011077672017,86.7914810180664,9065700.0,0.0,0.0,113.12999725341797,86.7914810180664
2016-11-29,86.65338754690443,87.00629716291068,86.0549852597446,86.29281616210938,7799600.0,0.0,0.0,112.4800033569336,86.29281616210938
2016-11-30,86.07032801556171,86.32349414945995,85.38753509521484,85.38753509521484,11178500.0,0.0,0.0,111.30000305175781,85.38753509521484
2016-12-01,85.43356484844489,85.5716581284439,85.15737828844688,85.44890594482422,8143300.0,0.0,0.0,111.37999725341797,85.44890594482422
2016-12-02,85.70973747093866,86.33115420331072,85.49492703768142,85.89385986328125,6167700.0,0.0,0.0,111.95999908447266,85.89385986328125
2016-12-05,86.23143615652094,86.24677725284226,85.71742455913594,85.87853240966797,5451600.0,0.0,0.0,111.94000244140625,85.87853240966797
2016-12-06,86.10869724362966,86.84519289662629,85.80949606751062,85.9706039428711,6530400.0,0.0,0.0,112.05999755859375,85.9706039428711
2016-12-07,85.84015306249971,85.84015306249971,83.8684918919063,85.23407745361328,11761100.0,0.0,0.0,111.0999984741211,85.23407745361328
2016-12-08,84.80448890637389,85.31082711671449,84.33650637005229,85.14971923828125,7774900.0,0.0,0.0,110.98999786376953,85.14971923828125
2016-12-09,85.4719337605689,86.25445851280374,85.31082004234868,86.12403869628906,7672100.0,0.0,0.0,112.26000213623047,86.12403869628906
2016-12-12,86.45391773578505,88.53298449270409,86.3695270754586,88.5022964477539,9544600.0,0.0,0.0,115.36000061035156,88.5022964477539
2016-12-13,88.63273368235653,88.97029639005852,88.2338007258292,88.90892028808594,7051600.0,0.0,0.0,115.88999938964844,88.90892028808594
2016-12-14,89.08535067174266,89.99062744140276,87.90388737214249,88.21842956542969,9378700.0,0.0,0.0,114.98999786376953,88.21842956542969
2016-12-15,88.4792992805723,88.93193486303885,88.14173657287031,88.90892028808594,6738100.0,0.0,0.0,115.88999938964844,88.90892028808594
2016-12-16,89.30785739514356,89.34621306828477,88.57902936769518,88.9012451171875,11291100.0,0.0,0.0,115.87999725341797,88.9012451171875
2016-12-19,89.04699799491026,89.49963935124666,88.94726623653264,89.00863647460938,6310800.0,0.0,0.0,116.0199966430664,89.00863647460938
2016-12-20,88.97797384648712,89.18511088347674,88.15708746861026,88.73247528076172,5715200.0,0.0,0.0,115.66000366210938,88.73247528076172
2016-12-21,89.14672107488973,89.14672107488973,88.02663385826912,88.46392822265625,5907600.0,0.0,0.0,115.30999755859375,88.46392822265625
2016-12-22,88.22611227634586,88.63271863989867,87.3668645540001,88.56367492675781,4602300.0,0.0,0.0,115.44000244140625,88.56367492675781
2016-12-23,88.53298740028258,89.23879489787826,88.45627021196067,88.96260833740234,2992500.0,0.0,0.0,115.95999908447266,88.96260833740234
2016-12-27,88.90892367723103,88.99331435737344,88.51765832867508,88.92427062988281,3232600.0,0.0,0.0,115.91000366210938,88.92427062988281
2016-12-28,88.90122816357439,89.11604447541724,88.26447026190766,88.30282592773438,3278300.0,0.0,0.0,115.0999984741211,88.30282592773438
2016-12-29,88.40257199352837,88.89356904699504,88.23379065893421,88.60203552246094,2993600.0,0.0,0.0,115.48999786376953,88.60203552246094
2016-12-30,88.83987899684122,88.98563992658494,88.21078856725747,88.38723754882812,5506700.0,0.0,0.0,115.20999908447266,88.38723754882812
2017-01-03,88.82453054199463,88.99331189761436,88.4025830060926,88.87055969238281,5953000.0,0.0,0.0,115.83999633789062,88.87055969238281
2017-01-04,88.60970614000338,89.16975274553673,88.46393938243722,88.72478485107422,5828900.0,0.0,0.0,115.6500015258789,88.72478485107422
2017-01-05,88.99328265959934,89.73745156316996,88.56366178873195,89.65306091308594,6217200.0,0.0,0.0,116.86000061035156,89.65306091308594
2017-01-06,89.50730387611097,89.76047585378696,88.80916988532856,89.22344970703125,5221400.0,0.0,0.0,116.30000305175781,89.22344970703125
2017-01-09,89.26180197786742,89.46127133328119,88.90889825868662,89.20809936523438,5457500.0,0.0,0.0,116.27999877929688,89.20809936523438
2017-01-10,89.01629786344346,89.76046677233272,88.8935515508092,89.11603546142578,5312800.0,0.0,0.0,116.16000366210938,89.11603546142578
2017-01-11,89.05467868097698,89.18509849552706,87.47427639631435,88.01898193359375,8887200.0,0.0,0.0,114.7300033569336,88.01898193359375
2017-01-12,87.66605902501944,88.01896859808743,86.97559853347147,87.93457794189453,6627300.0,0.0,0.0,114.62000274658203,87.93457794189453
2017-01-13,88.18007303275645,88.24144326413597,87.79648128419308,87.91922760009766,4935200.0,0.0,0.0,114.5999984741211,87.91922760009766
2017-01-17,87.41289994896083,88.26447420046958,87.20575710229855,88.12638092041016,6255400.0,0.0,0.0,114.87000274658203,88.12638092041016
2017-01-18,88.12638208105572,88.30283103097726,87.77347832806632,87.99595642089844,5014600.0,0.0,0.0,114.69999694824219,87.99595642089844
2017-01-19,87.98063175293262,88.14941311264982,87.39757047022248,87.61238098144531,5540800.0,0.0,0.0,114.19999694824219,87.61238098144531
2017-01-20,87.8348523816962,88.24913224532028,87.52031013623787,87.57401275634766,7502400.0,0.0,0.0,114.1500015258789,87.57401275634766
2017-01-23,87.8501862593722,88.04964975972894,87.30548666412895,87.38987731933594,7989800.0,0.0,0.0,113.91000366210938,87.38987731933594
2017-01-24,86.62271038300194,86.92191154395631,85.27246549437018,85.74044799804688,12450300.0,0.0,0.0,111.76000213623047,85.74044799804688
2017-01-25,85.87085539115677,86.5383071899414,84.9732520381728,86.5383071899414,9385500.0,0.0,0.0,112.80000305175781,86.5383071899414
2017-01-26,85.92454812344448,86.56897942486056,85.61767356666026,85.80179595947266,10164300.0,0.0,0.0,111.83999633789062,85.80179595947266
2017-01-27,85.92455001004984,87.10601327506548,85.84783283245567,86.98326110839844,8886100.0,0.0,0.0,113.37999725341797,86.98326110839844
2017-01-30,86.9986238736929,87.15205825677832,86.57667054048822,86.7914810180664,6969400.0,0.0,0.0,113.12999725341797,86.7914810180664
2017-01-31,86.53064875763319,86.99863127494697,86.25446216206613,86.88355255126953,8713400.0,0.0,0.0,113.25,86.88355255126953
2017-02-01,86.29281450545811,86.93724592444413,86.28514103052359,86.86820220947266,7082300.0,0.0,0.0,113.2300033569336,86.86820220947266
2017-02-02,86.55362554746394,87.16737457038519,86.51526403860218,87.12901306152344,7826300.0,0.0,0.0,113.56999969482422,87.12901306152344
2017-02-03,87.07534164769949,87.19809383750615,86.43091021065418,87.18274688720703,7267600.0,0.0,0.0,113.63999938964844,87.18274688720703
2017-02-06,87.04463295448754,87.14436469519056,86.40020167029225,86.99860382080078,6178400.0,0.0,0.0,113.4000015258789,86.99860382080078
2017-02-07,87.15205584463845,87.16740279441015,86.7301083762587,87.05999755859375,5507900.0,0.0,0.0,113.4800033569336,87.05999755859375
2017-02-08,86.92188664694113,87.22108772219539,86.80680795957906,86.99860382080078,5272000.0,0.0,0.0,113.4000015258789,86.99860382080078
2017-02-09,86.99861676458171,87.95759621336866,86.99861676458171,87.52030181884766,5854600.0,0.0,0.0,114.08000183105469,87.52030181884766
2017-02-10,87.70444020465833,88.98563557678169,87.63539648128327,88.41024780273438,6438500.0,0.0,0.0,115.23999786376953,88.41024780273438
2017-02-13,88.44093606746317,89.08537341959493,88.39490691843488,88.9012451171875,5710800.0,0.0,0.0,115.87999725341797,88.9012451171875
2017-02-14,88.56369309418108,89.30018878449506,88.47162893796154,89.26950073242188,5539100.0,0.0,0.0,116.36000061035156,89.26950073242188
2017-02-15,88.91656726208366,90.11337162809927,88.6787364011134,89.91390228271484,5979700.0,0.0,0.0,117.19999694824219,89.91390228271484
2017-02-16,89.76048295462255,90.74247704531498,89.76048295462255,90.58904266357422,7119300.0,0.0,0.0,118.08000183105469,90.58904266357422
2017-02-17,90.67344255404767,91.21814227373228,90.56603730527307,91.18745422363281,8691400.0,0.0,0.0,118.86000061035156,91.18745422363281
2017-02-21,90.83454025345443,91.97764218917993,90.77316416012982,91.80119323730469,8595100.0,0.0,0.0,119.66000366210938,91.80119323730469
2017-02-22,91.5096717993577,91.88559017758391,91.48665722460979,91.69379425048828,5103900.0,0.0,0.0,119.5199966430664,91.69379425048828
2017-02-23,91.69378097875003,93.51968168643403,91.66309878562518,93.36624145507812,9980900.0,0.0,0.0,121.69999694824219,93.36624145507812
2017-02-24,93.8295899590631,94.78719070891997,93.3662351376405,94.77947235107422,10835000.0,0.8,0.0,122.7300033569336,94.77947235107422
2017-02-27,94.31613701825972,94.89533217386852,94.29297015473583,94.52465057373047,5946200.0,0.0,0.0,122.4000015258789,94.52465057373047
2017-02-28,94.22346475185465,94.71771078804778,94.1694067757672,94.37791442871094,8885500.0,0.0,0.0,122.20999908447266,94.37791442871094
2017-03-01,94.59413173889727,96.10776072769788,94.54007377114999,95.65213012695312,9393900.0,0.0,0.0,123.86000061035156,95.65213012695312
2017-03-02,95.56718352221068,96.0382626355693,95.00343107951248,95.4745101928711,6950200.0,0.0,0.0,123.62999725341797,95.4745101928711
2017-03-03,95.47451904551707,95.70619944440969,95.16561970282999,95.59808349609375,5585200.0,0.0,0.0,123.79000091552734,95.59808349609375
2017-03-06,94.99568298993782,96.0922905304696,94.67905363269806,95.53626251220703,6670700.0,0.0,0.0,123.70999908447266,95.53626251220703
2017-03-07,94.66362707873418,96.11547367889891,94.51689580129367,95.62895202636719,6644000.0,0.0,0.0,123.83000183105469,95.62895202636719
2017-03-08,95.56719638498258,96.28539858136907,95.3741313417806,95.83748626708984,7909900.0,0.0,0.0,124.0999984741211,95.83748626708984
2017-03-09,96.2081589252213,97.4669406919544,95.89152947503366,97.26615142822266,8571100.0,0.0,0.0,125.94999694824219,97.26615142822266
2017-03-10,97.3356742750872,97.68318900105298,96.94954418317963,97.46695709228516,7395400.0,0.0,0.0,126.20999908447266,97.46695709228516
2017-03-13,97.17348278963719,98.03841026846392,97.14259168083959,97.82990264892578,7162500.0,0.0,0.0,126.68000030517578,97.82990264892578
2017-03-14,97.96893791440003,98.65624908047934,97.8994314266136,98.11566925048828,7679700.0,0.0,0.0,127.05000305175781,98.11566925048828
2017-03-15,98.11563307206647,99.62153768025006,97.76811254503298,99.59065246582031,8360600.0,0.0,0.0,128.9600067138672,99.59065246582031
2017-03-16,99.18908793672293,99.38987131815723,98.67166919811801,99.20453643798828,7610700.0,0.0,0.0,128.4600067138672,99.20453643798828
2017-03-17,99.19681086070177,99.57522256471829,98.81068079757428,98.8956298828125,13300800.0,0.0,0.0,128.05999755859375,98.8956298828125
2017-03-20,98.88020269781764,99.17366537986176,98.82615060487929,98.90338134765625,5827500.0,0.0,0.0,128.07000732421875,98.90338134765625
2017-03-21,99.14275349212595,99.19680557052892,98.18514674448744,98.27009582519531,7578600.0,0.0,0.0,127.25,98.27009582519531
2017-03-22,98.11564801434375,98.57900289574447,97.46694646688114,97.50556182861328,10272700.0,0.0,0.0,126.26000213623047,97.50556182861328
2017-03-23,97.38198871191959,98.07702391806066,97.0421983048212,97.2275390625,8508100.0,0.0,0.0,125.9000015258789,97.2275390625
2017-03-24,97.19663964897092,97.58276963140227,96.63288728219572,96.90318298339844,6490300.0,0.0,0.0,125.4800033569336,96.90318298339844
2017-03-27,96.65606079160528,97.41287226368105,96.64833654217055,97.15030670166016,5004300.0,0.0,0.0,125.80000305175781,97.15030670166016
2017-03-28,97.01132232686429,97.1348808872954,96.36262073599951,97.0422134399414,5287600.0,0.0,0.0,125.66000366210938,97.0422134399414
2017-03-29,96.57113122988099,96.78736312272223,96.03826985689564,96.47073364257812,3971800.0,0.0,0.0,124.91999816894531,96.47073364257812
2017-03-30,96.33172719942192,96.86458857581118,95.97648824578815,96.26995086669922,4711700.0,0.0,0.0,124.66000366210938,96.26995086669922
2017-03-31,95.84518602520369,96.40121415023222,95.78340381311695,96.18498229980469,5657600.0,0.0,0.0,124.55000305175781,96.18498229980469
2017-04-03,96.32401245134868,96.77191886679668,95.97649184385376,96.29312133789062,4956400.0,0.0,0.0,124.69000244140625,96.29312133789062
2017-04-04,96.15410995383934,96.35489334448087,95.93015381023716,96.28539276123047,5358500.0,0.0,0.0,124.68000030517578,96.28539276123047
2017-04-05,96.31628479187164,96.99587158826914,96.07688603588971,96.37806701660156,5646300.0,0.0,0.0,124.80000305175781,96.37806701660156
2017-04-06,96.4166732885157,96.88775242566325,96.14638342913851,96.57112884521484,4324200.0,0.0,0.0,125.05000305175781,96.57112884521484
2017-04-07,96.6251892030913,96.89547906914285,96.40123305925509,96.47073364257812,3615100.0,0.0,0.0,124.91999816894531,96.47073364257812
2017-04-10,96.43212232766949,96.49389865881646,95.93787632723124,96.02281951904297,4594200.0,0.0,0.0,124.33999633789062,96.02281951904297
2017-04-11,95.96105926854406,96.37035625388134,95.72165458717696,95.93016815185547,4161500.0,0.0,0.0,124.22000122070312,95.93016815185547
2017-04-12,96.1772409554999,96.88771859258685,96.03823394895028,96.84138488769531,5556600.0,0.0,0.0,125.4000015258789,96.84138488769531
2017-04-13,96.63290384509382,97.03448239510361,96.5016210426155,96.52478790283203,5396500.0,0.0,0.0,124.98999786376953,96.52478790283203
2017-04-17,96.54795352726852,97.15803970329516,96.4784529475085,97.08853912353516,5367500.0,0.0,0.0,125.72000122070312,97.08853912353516
2017-04-18,95.12698764003441,95.27371892636701,93.40484523666778,94.07671356201172,13485700.0,0.0,0.0,121.81999969482422,94.07671356201172
2017-04-19,94.29297182065906,94.4319788961362,93.52843585147379,93.7292251586914,6993100.0,0.0,0.0,121.37000274658203,93.7292251586914
2017-04-20,94.10760930697383,94.33156542645865,93.71375503533663,94.1153335571289,6330100.0,0.0,0.0,121.87000274658203,94.1153335571289
2017-04-21,94.04581522611451,94.24660446168217,93.86047448890825,94.0303726196289,6021700.0,0.0,0.0,121.76000213623047,94.0303726196289
2017-04-24,94.61728446961398,95.15014570918338,94.33155206499038,94.90302276611328,5679000.0,0.0,0.0,122.88999938964844,94.90302276611328
2017-04-25,95.25055425986503,95.56718371684593,94.99571291444644,95.32006072998047,5090000.0,0.0,0.0,123.43000030517578,95.32006072998047
2017-04-26,95.59808309200695,95.96104629919509,95.35868433487319,95.38185119628906,5021800.0,0.0,0.0,123.51000213623047,95.38185119628906
2017-04-27,95.4358897092061,95.99963619495912,95.29688267717948,95.5594482421875,4225200.0,0.0,0.0,123.73999786376953,95.5594482421875
2017-04-28,95.64440885507855,95.68302421547621,95.08838065986244,95.3509521484375,4381800.0,0.0,0.0,123.47000122070312,95.3509521484375
2017-05-01,95.29690419091628,95.59036092838795,94.98799895091183,95.25056457519531,4556400.0,0.0,0.0,123.33999633789062,95.25056457519531
2017-05-02,95.38955741045093,95.55945556170552,94.90303570702994,95.528564453125,4881600.0,0.0,0.0,123.69999694824219,95.528564453125
2017-05-03,95.44361172942482,95.52856080180516,95.01887225939937,95.24282836914062,3736500.0,0.0,0.0,123.33000183105469,95.24282836914062
2017-05-04,95.52084292045231,95.72162628173828,95.16560402139675,95.72162628173828,3753700.0,0.0,0.0,123.94999694824219,95.72162628173828
2017-05-05,95.60580734310466,95.60580734310466,94.8798809287284,95.38185119628906,4139800.0,0.0,0.0,123.51000213623047,95.38185119628906
2017-05-08,95.39726209728157,95.6057755644707,95.00340790849398,95.1810302734375,3608600.0,0.0,0.0,123.25,95.1810302734375
2017-05-09,95.165633135789,95.35097394593821,94.89533733496866,95.15018463134766,3762500.0,0.0,0.0,123.20999908447266,95.15018463134766
2017-05-10,94.9184935423679,95.03432784609134,94.50919073232903,94.84126281738281,4237400.0,0.0,0.0,122.80999755859375,94.84126281738281
2017-05-11,94.6018459171901,95.15014978650136,94.47828149442229,95.14242553710938,4095900.0,0.0,0.0,123.19999694824219,95.14242553710938
2017-05-12,95.07294185718735,95.83747771028024,94.99571702517706,95.48223876953125,4097100.0,0.0,0.0,123.63999938964844,95.48223876953125
2017-05-15,96.0768564781188,98.3550208142997,96.01507427239599,98.06928253173828,9854600.0,0.0,0.0,126.98999786376953,98.06928253173828
2017-05-16,98.33956651743738,99.1349932206138,98.12333470203507,98.67163848876953,7233800.0,0.0,0.0,127.7699966430664,98.67163848876953
2017-05-17,98.6716819920046,98.76435533598212,97.6522987757626,97.82219696044922,6480800.0,0.0,0.0,126.66999816894531,97.82219696044922
2017-05-18,97.66000923396099,98.7488987773615,97.2738791930746,98.05386352539062,6571300.0,0.0,0.0,126.97000122070312,98.05386352539062
2017-05-19,98.10020085718797,98.37821496821348,97.64457022026548,98.07703399658203,6957200.0,0.0,0.0,127.0,98.07703399658203
2017-05-22,97.79128157279364,98.57899007138944,97.79128157279364,98.2778091430664,4858200.0,0.0,0.0,127.26000213623047,98.2778091430664
2017-05-23,98.31641802710449,98.96511359446778,98.31641802710449,98.47859191894531,3972500.0,0.0,0.0,127.5199966430664,98.47859191894531
2017-05-24,98.68713340637281,98.84930734420907,98.3010032995595,98.47090148925781,3965200.0,0.0,0.0,127.51000213623047,98.47090148925781
2017-05-25,98.52529530243706,99.20939457976135,98.20657208264122,99.1394271850586,5294300.0,0.84,0.0,127.52999877929688,99.1394271850586
2017-05-26,98.90622202516433,99.24826575241839,98.59526832961193,98.66522979736328,4005200.0,0.0,0.0,126.91999816894531,98.66522979736328
2017-05-30,98.49420570415488,99.0306006847167,98.09774552203815,98.81293487548828,3665400.0,0.0,0.0,127.11000061035156,98.81293487548828
2017-05-31,98.9994981649103,100.12670450368407,98.9994981649103,99.69914245605469,8813500.0,0.0,0.0,128.25,99.69914245605469
2017-06-01,99.75357153222237,100.11116027832031,99.59808578672207,100.11116027832031,5790900.0,0.0,0.0,128.77999877929688,100.11116027832031
2017-06-02,100.32105574435705,101.16839848584318,100.1500309151896,101.12175750732422,6562600.0,0.0,0.0,130.0800018310547,101.12175750732422
2017-06-05,101.0362306954434,101.46379270743596,100.90407732117208,101.33940887451172,4634700.0,0.0,0.0,130.36000061035156,101.33940887451172
2017-06-06,101.19949847204443,102.09349414188426,101.08289601427742,101.70480346679688,5619100.0,0.0,0.0,130.8300018310547,101.70480346679688
2017-06-07,101.83694633060841,102.21008601873297,101.51044762076232,101.6426010131836,5765200.0,0.0,0.0,130.75,101.6426010131836
2017-06-08,101.64259545509,102.14788850800502,101.02846950484424,101.48712158203125,8101700.0,0.0,0.0,130.5500030517578,101.48712158203125
2017-06-09,101.34718211478453,102.38110052264928,101.30054114120946,102.24894714355469,5992500.0,0.0,0.0,131.52999877929688,102.24894714355469
2017-06-12,102.24896378590735,102.48218055363742,102.16345136646959,102.47441101074219,8020700.0,0.0,0.0,131.82000732421875,102.47441101074219
2017-06-13,102.41996369825324,103.18179388298944,102.14787555847155,102.6298599243164,5733800.0,0.0,0.0,132.02000427246094,102.6298599243164
2017-06-14,103.01079440783252,103.82704716593402,103.01079440783252,103.21292114257812,7329400.0,0.0,0.0,132.77000427246094,103.21292114257812
2017-06-15,102.61431172179914,103.66378101825734,102.4666074055085,103.42278289794922,5265000.0,0.0,0.0,133.0399932861328,103.42278289794922
2017-06-16,103.95141578333333,104.63551504020981,103.42279039522991,104.44116973876953,12639600.0,0.0,0.0,134.35000610351562,104.44116973876953
2017-06-19,104.28568317028598,104.69769425707769,103.77262059364631,104.22350311279297,7488700.0,0.0,0.0,134.07000732421875,104.22350311279297
2017-06-20,104.09131264396409,104.7598607880014,104.09131264396409,104.34008026123047,5201200.0,0.0,0.0,134.22000122070312,104.34008026123047
2017-06-21,104.39451097503354,105.03196922127356,104.18462660196002,104.87649536132812,5841100.0,0.0,0.0,134.91000366210938,104.87649536132812
2017-06-22,105.2963075074308,106.50125104122587,105.15638455013911,105.76274108886719,7311000.0,0.0,0.0,136.0500030517578,105.76274108886719
2017-06-23,105.29629040602897,106.12031265242311,105.1952389072521,106.05812072753906,9007100.0,0.0,0.0,136.42999267578125,106.05812072753906
2017-06-26,106.09699971990635,106.42349845237928,105.87933389825773,105.98816680908203,5561800.0,0.0,0.0,136.33999633789062,105.98816680908203
2017-06-27,106.11253351740476,106.29132787159779,104.93869217881335,104.95423126220703,6120500.0,0.0,0.0,135.00999450683594,104.95423126220703
2017-06-28,105.6849967148524,105.87934206072815,103.83483708820629,104.02918243408203,6557900.0,0.0,0.0,133.82000732421875,104.02918243408203
2017-06-29,103.70265239436806,103.9591896263107,102.8553096918855,103.11184692382812,5750000.0,0.0,0.0,132.63999938964844,103.11184692382812
2017-06-30,103.15848898441422,103.54717960746167,102.83199028448193,102.83975982666016,5264400.0,0.0,0.0,132.2899932861328,102.83975982666016
2017-07-03,103.22843718440336,103.64046010483165,103.11960429841143,103.31394958496094,2931000.0,0.0,0.0,132.89999389648438,103.31394958496094
2017-07-05,103.37616953709164,104.21574282611647,102.94083787505612,103.88924407958984,4302700.0,0.0,0.0,133.63999938964844,103.88924407958984
2017-07-06,103.86592038184084,104.14577813621085,102.93306515457338,103.0185775756836,4282200.0,0.0,0.0,132.52000427246094,103.0185775756836
2017-07-07,103.32171956374864,103.39168101231606,102.37331372130073,103.0340805053711,4994100.0,0.0,0.0,132.5399932861328,103.0340805053711
2017-07-10,103.18960444014243,103.29065594932737,102.01575101263433,102.26451873779297,4019600.0,0.0,0.0,131.5500030517578,102.26451873779297
2017-07-11,102.17120567953575,102.4510633867162,101.43269591005549,102.01573181152344,3733100.0,0.0,0.0,131.22999572753906,102.01573181152344
2017-07-12,102.64542461808578,103.30620348706266,102.43554020154758,102.79312896728516,5053200.0,0.0,0.0,132.22999572753906,102.79312896728516
2017-07-13,102.69208422284537,102.78536619189308,101.82919042345894,102.50550842285156,4424400.0,0.0,0.0,131.86000061035156,102.50550842285156
2017-07-14,102.6143388422239,103.39172019708923,102.41222396024223,103.08077239990234,4383100.0,0.0,0.0,132.60000610351562,103.08077239990234
2017-07-17,103.16626997372782,103.33728293423644,102.4199787612426,102.73092651367188,4939400.0,0.0,0.0,132.14999389648438,102.73092651367188
2017-07-18,102.31893827175018,104.90761981282712,101.8991575259616,104.5267105102539,10256000.0,0.0,0.0,134.4600067138672,104.5267105102539
2017-07-19,104.82210203533594,105.26521511396895,104.57334616286532,105.1097412109375,5503300.0,0.0,0.0,135.2100067138672,105.1097412109375
2017-07-20,105.51393724816408,106.56340651637893,105.42842484955476,106.16694641113281,6088600.0,0.0,0.0,136.57000732421875,106.16694641113281
2017-07-21,105.20301280036567,105.9337531206022,105.02421842261543,105.18746185302734,6773500.0,0.0,0.0,135.30999755859375,105.18746185302734
2017-07-24,104.9386830169482,105.07083638563087,103.2750878730977,103.39945983886719,8306700.0,0.0,0.0,133.00999450683594,103.39945983886719
2017-07-25,103.96699466400389,104.05250709409006,102.18678458181884,102.52106475830078,6262900.0,0.0,0.0,131.8800048828125,102.52106475830078
2017-07-26,102.35004173666849,102.80092438868587,101.64262178978434,101.798095703125,5382200.0,0.0,0.0,130.9499969482422,101.798095703125
2017-07-27,101.72035441513182,101.95355933066583,100.72530723585992,101.70480346679688,5838100.0,0.0,0.0,130.8300018310547,101.70480346679688
2017-07-28,101.94578051278451,102.606559345077,101.46380791533164,102.49772644042969,4970900.0,0.0,0.0,131.85000610351562,102.49772644042969
2017-07-31,102.7231515978889,103.84258242710905,102.69206156903091,103.17403411865234,5440800.0,0.0,0.0,132.72000122070312,103.17403411865234
2017-08-01,103.52384711486206,103.66378189111909,102.83197836053951,103.01077270507812,3837600.0,0.0,0.0,132.50999450683594,103.01077270507812
2017-08-02,102.67652419765464,103.00302292235821,102.22564161728381,102.73871612548828,4032100.0,0.0,0.0,132.16000366210938,102.73871612548828
2017-08-03,102.5443494680544,103.70263978005465,102.23338989357171,103.66378021240234,4327300.0,0.0,0.0,133.35000610351562,103.66378021240234
2017-08-04,103.96697494334236,104.1768593449161,103.23623465428682,103.53163146972656,3192800.0,0.0,0.0,133.17999267578125,103.53163146972656
2017-08-07,103.46170000057455,103.76487830820463,103.01081731145031,103.28290557861328,3010800.0,0.0,0.0,132.86000061035156,103.28290557861328
2017-08-08,103.00300546914575,103.23622219353042,102.14788143370036,102.82421112060547,5535800.0,0.0,0.0,132.27000427246094,102.82421112060547
2017-08-09,103.2440045250356,103.7104380315876,102.90195486848373,103.57050323486328,6332300.0,0.0,0.0,133.22999572753906,103.57050323486328
2017-08-10,103.42277560658249,104.05246425720098,102.90193169662662,103.4616470336914,5607900.0,0.0,0.0,133.08999633789062,103.4616470336914
2017-08-11,103.88922491101205,104.55000368733033,103.19735610538399,103.46944427490234,4270600.0,0.0,0.0,133.10000610351562,103.46944427490234
2017-08-14,104.32454691432291,104.45670028507391,103.29062857173521,103.76483154296875,3041100.0,0.0,0.0,133.47999572753906,103.76483154296875
2017-08-15,104.0524963357229,104.12245780895101,103.54719135131396,103.68712615966797,3931800.0,0.0,0.0,133.3800048828125,103.68712615966797
2017-08-16,104.23130042211602,104.92316939952575,104.06027556370921,104.30126190185547,4469900.0,0.0,0.0,134.1699981689453,104.30126190185547
2017-08-17,104.30899693379804,104.74434034145807,103.41501335673733,103.42278289794922,5741400.0,0.0,0.0,133.0399932861328,103.42278289794922
2017-08-18,103.13517023132778,103.99806390348796,102.90973488540155,103.10408020019531,4792800.0,0.0,0.0,132.6300048828125,103.10408020019531
2017-08-21,102.83198155598018,103.89698997692413,102.76202009662519,103.74151611328125,4660000.0,0.0,0.0,133.4499969482422,103.74151611328125
2017-08-22,103.60161483923659,104.7832259393035,103.31397567641287,104.71326446533203,4150300.0,0.0,0.0,134.6999969482422,104.71326446533203
2017-08-23,104.50335227218761,104.55000510963089,103.11961464210711,103.2362289428711,5129900.0,0.0,0.0,132.8000030517578,103.2362289428711
2017-08-24,103.25177234779565,103.45388718103739,102.82421033334653,103.30618286132812,5398400.0,0.0,0.0,132.88999938964844,103.30618286132812
2017-08-25,103.19667492323275,103.70518229170652,102.96979358971446,103.01673126220703,4133300.0,0.84,0.0,131.67999267578125,103.01673126220703
2017-08-28,103.01671006778236,103.36093551171193,102.8680781145861,103.06365966796875,5349200.0,0.0,0.0,131.74000549316406,103.06365966796875
2017-08-29,102.9306776094283,103.61911663996506,102.71944616476205,103.43136596679688,3277900.0,0.0,0.0,132.2100067138672,103.43136596679688
2017-08-30,103.26704730398971,103.26704730398971,102.4064838015168,102.53948974609375,5430800.0,0.0,0.0,131.07000732421875,102.53948974609375
2017-08-31,102.78981947812566,103.65820187319885,102.68029430835735,103.5564956665039,7407100.0,0.0,0.0,132.3699951171875,103.5564956665039
2017-09-01,103.73647491147698,103.77558167763455,102.43781035400376,102.50821685791016,3820800.0,0.0,0.0,131.02999877929688,102.50821685791016
2017-09-05,102.265719996384,102.62558349781042,101.48339350432926,101.62420654296875,5146600.0,0.0,0.0,129.89999389648438,101.62420654296875
2017-09-06,102.12489438368607,102.48476982022375,101.86673714778982,102.22660064697266,5601900.0,0.0,0.0,130.6699981689453,102.22660064697266
2017-09-07,102.37521508862407,103.6738795480747,101.8979955914694,103.41571044921875,3800200.0,0.0,0.0,132.19000244140625,103.41571044921875
2017-09-08,103.26706178598202,103.53304983773928,102.3830293310437,102.46908569335938,4854400.0,0.0,0.0,130.97999572753906,102.46908569335938
2017-09-11,102.77421729456263,104.31540128674052,102.50041021178892,104.21370697021484,5724200.0,0.0,0.0,133.2100067138672,104.21370697021484
2017-09-12,104.69873797304129,104.73785667843033,103.21231072972796,103.75994873046875,5465200.0,0.0,0.0,132.6300048828125,103.75994873046875
2017-09-13,103.79120755440933,104.63612121803503,103.14970632707379,103.61909484863281,4679500.0,0.0,0.0,132.4499969482422,103.61909484863281
2017-09-14,103.37663890651369,105.19946136037336,103.25929468866393,104.97257995605469,6274500.0,0.0,0.0,134.17999267578125,104.97257995605469
2017-09-15,105.44975730457277,105.96609553037727,104.97253778145382,105.18376922607422,15522000.0,0.0,0.0,134.4499969482422,105.18376922607422
2017-09-18,105.17595017075845,106.21644558707618,104.91778105807644,105.91133880615234,5260800.0,0.0,0.0,135.3800048828125,105.91133880615234
2017-09-19,105.62972331174761,106.23210609869464,105.10556600938034,105.78618621826172,4903800.0,0.0,0.0,135.22000122070312,105.78618621826172
2017-09-20,104.24500356843994,105.0586178560502,103.53308360593424,104.2215347290039,8705500.0,0.0,0.0,133.22000122070312,104.2215347290039
2017-09-21,104.29193767320994,104.69093180465842,102.78205334691356,103.0715103149414,6051800.0,0.0,0.0,131.75,103.0715103149414
2017-09-22,103.2592488654442,103.5721745990815,102.69597299501584,102.78984832763672,4334900.0,0.0,0.0,131.38999938964844,102.78984832763672
2017-09-25,102.8524447349522,103.07931412080862,102.35175635552703,102.61774444580078,6017400.0,0.0,0.0,131.1699981689453,102.61774444580078
2017-09-26,102.87589832127686,103.22012376936222,102.34392221958193,102.43779754638672,4516200.0,0.0,0.0,130.94000244140625,102.43779754638672
2017-09-27,102.484751501065,102.55515800736063,101.2564934058176,101.50684356689453,5796100.0,0.0,0.0,129.75,101.50684356689453
2017-09-28,101.6319909117941,101.91362879746958,101.14694059141722,101.28776550292969,3992700.0,0.0,0.0,129.47000122070312,101.28776550292969
2017-09-29,101.37383342030887,102.07010328136373,100.95920147705995,101.7102279663086,5736900.0,0.0,0.0,130.00999450683594,101.7102279663086
2017-10-02,101.82761906816638,102.74293963136407,101.71809383677575,102.6568832397461,4492900.0,0.0,0.0,131.22000122070312,102.6568832397461
2017-10-03,102.9932652272972,103.58001002411967,102.76639582496135,103.34532165527344,3900800.0,0.0,0.0,132.10000610351562,103.34532165527344
2017-10-04,103.58000417893335,104.19021777820511,103.34531582333096,103.96334838867188,3589000.0,0.0,0.0,132.88999938964844,103.96334838867188
2017-10-05,103.96335115344,104.29192679737416,103.54871913104549,104.19805145263672,3741100.0,0.0,0.0,133.19000244140625,104.19805145263672
2017-10-06,104.04942194823649,104.24500356843994,103.64260883575398,104.2215347290039,2469500.0,0.0,0.0,133.22000122070312,104.2215347290039
2017-10-09,104.56576018286673,104.69093528463317,104.18241591021497,104.4014663696289,3750500.0,0.0,0.0,133.4499969482422,104.4014663696289
2017-10-10,104.48752899676447,104.93346084691701,103.98684049716738,104.7535171508789,4184600.0,0.0,0.0,133.89999389648438,104.7535171508789
2017-10-11,105.52019044059075,107.24130616229411,105.12119632992129,106.90489959716797,8269400.0,0.0,0.0,136.64999389648438,106.90489959716797
2017-10-12,106.6623711251289,107.58552242062851,106.41203290188757,107.04571533203125,5172800.0,0.0,0.0,136.8300018310547,107.04571533203125
2017-10-13,106.86580172152863,107.50730322637504,106.66238919724304,106.73279571533203,4106600.0,0.0,0.0,136.42999267578125,106.73279571533203
2017-10-16,106.74843403498659,107.38211650391946,106.03651415174082,106.49026489257812,5120100.0,0.0,0.0,136.1199951171875,106.49026489257812
2017-10-17,107.70289796192354,110.40192225354508,107.22567827450274,110.14375305175781,11717300.0,0.0,0.0,140.7899932861328,110.14375305175781
2017-10-18,110.14373460884238,110.76177918345749,109.58047055249722,110.05767822265625,6827700.0,0.0,0.0,140.67999267578125,110.05767822265625
2017-10-19,110.08113672489186,111.8570087954984,109.94813075168092,111.12162017822266,9181300.0,0.0,0.0,142.0399932861328,111.12162017822266
2017-10-20,111.38764423135778,112.35772139346072,110.95736229460843,111.40328216552734,5634500.0,0.0,0.0,142.39999389648438,111.40328216552734
2017-10-23,111.19206821667785,112.9288339852927,111.15294950457564,112.35772705078125,6686000.0,0.0,0.0,143.6199951171875,112.35772705078125
2017-10-24,112.16996811520548,112.16996811520548,110.25325879880411,110.8087158203125,6585800.0,0.0,0.0,141.63999938964844,110.8087158203125
2017-10-25,110.433189534854,112.05259885878985,110.27672665359417,111.37197875976562,6563600.0,0.0,0.0,142.36000061035156,111.37197875976562
2017-10-26,111.48931454948772,112.4594034400871,110.60529396506223,110.94168853759766,5841100.0,0.0,0.0,141.80999755859375,110.94168853759766
2017-10-27,110.30800696837412,111.63795927484868,109.68214354845907,110.91822052001953,5140100.0,0.0,0.0,141.77999877929688,110.91822052001953
2017-10-30,110.37060974372683,110.47231599549497,108.99371957967855,109.52569580078125,6034300.0,0.0,0.0,140.0,109.52569580078125
2017-10-31,109.54134463715639,109.72909533113628,108.72771850539885,109.06412506103516,4832100.0,0.0,0.0,139.41000366210938,109.06412506103516
2017-11-01,109.3927113468478,109.98727516450363,109.00936708045188,109.51005554199219,5006800.0,0.0,0.0,139.97999572753906,109.51005554199219
2017-11-02,109.61174933294858,109.75256235110257,108.82942295470681,109.4709243774414,3494100.0,0.0,0.0,139.92999267578125,109.4709243774414
2017-11-03,109.3144531083937,109.83861030914747,108.97805852146982,109.58827209472656,2737000.0,0.0,0.0,140.0800018310547,109.58827209472656
2017-11-06,109.53349507767027,109.90902027637765,109.30662571530031,109.3379135131836,4220700.0,0.0,0.0,139.75999450683594,109.3379135131836
2017-11-07,109.58828343393503,109.64304007445598,108.6729629793408,109.34576416015625,4201900.0,0.0,0.0,139.77000427246094,109.34576416015625
2017-11-08,109.29098807114394,110.98863480827647,109.10323738814296,110.55836486816406,4440700.0,0.0,0.0,141.32000732421875,110.55836486816406
2017-11-09,110.19849693617233,110.62877884268515,109.36923286399498,109.79951477050781,3517100.0,0.0,0.0,140.35000610351562,109.79951477050781
2017-11-10,109.62738924455068,109.62738924455068,108.4382499151843,109.18145751953125,4240800.0,0.0,0.0,139.55999755859375,109.18145751953125
2017-11-13,108.75116881972356,109.5413259801546,108.28959919249934,109.3379135131836,4322300.0,0.0,0.0,139.75999450683594,109.3379135131836
2017-11-14,109.18931179361678,109.74475690568333,108.68079242269646,109.12672424316406,4078200.0,0.0,0.0,139.49000549316406,109.12672424316406
2017-11-15,108.92328090441677,109.39268143133692,108.54776764529143,108.82158660888672,4811500.0,0.0,0.0,139.10000610351562,108.82158660888672
2017-11-16,109.07194450215499,109.27534506730284,108.46173086935804,108.64166259765625,4193800.0,0.0,0.0,138.8699951171875,108.64166259765625
2017-11-17,108.19574462141053,108.63384549994447,107.8749879291433,107.96104431152344,4247400.0,0.0,0.0,138.0,107.96104431152344
2017-11-20,108.07835508215199,108.39911167524777,107.75761042640615,107.90624237060547,4266300.0,0.0,0.0,137.92999267578125,107.90624237060547
2017-11-21,108.3130613654597,108.9467436854574,108.10966084834644,108.22700500488281,5660600.0,0.0,0.0,138.33999633789062,108.22700500488281
2017-11-22,108.19572817582542,108.25831571143901,106.86577587175418,107.40557098388672,3917000.0,0.0,0.0,137.2899932861328,107.40557098388672
2017-11-24,107.56983665875293,108.25828743332055,107.42119279266687,107.96881866455078,2606800.0,0.0,0.0,138.00999450683594,107.96881866455078
2017-11-27,108.23648131374961,108.86617747273115,108.21286875870264,108.70088958740234,3933100.0,0.84,0.0,138.10000610351562,108.70088958740234
2017-11-28,108.85830806738214,110.61357601055452,108.81894980640998,110.21215057373047,5052800.0,0.0,0.0,140.02000427246094,110.21215057373047
2017-11-29,110.369580693113,110.69230164501505,109.36993843231062,110.04685974121094,5851400.0,0.0,0.0,139.80999755859375,110.04685974121094
2017-11-30,110.24363670644446,110.41680345692954,108.99999004862241,109.6690444946289,8941900.0,0.0,0.0,139.3300018310547,109.6690444946289
2017-12-01,109.85792470506858,110.613550294057,109.09442025944449,110.18063354492188,5990500.0,0.0,0.0,139.97999572753906,110.18063354492188
2017-12-04,110.68441923423167,111.37708622868163,109.35418921555191,109.41716003417969,5916700.0,0.0,0.0,139.00999450683594,109.41716003417969
2017-12-05,110.03110335378427,110.8339662260553,109.56670710833974,109.93665313720703,6745300.0,0.0,0.0,139.6699981689453,109.93665313720703
2017-12-06,110.85759495612068,111.73917447781268,110.34597352773365,111.03076171875,5591700.0,0.0,0.0,141.05999755859375,111.03076171875
2017-12-07,110.20426940917969,111.37707830306043,109.61393153831541,110.20426940917969,4713100.0,0.0,0.0,140.00999450683594,110.20426940917969
2017-12-08,110.1964160783945,110.79462087048442,110.03899502894518,110.66081237792969,5101300.0,0.0,0.0,140.58999633789062,110.66081237792969
2017-12-11,110.90479941703461,111.11732440621965,110.06259032878242,111.09371185302734,4358600.0,0.0,0.0,141.13999938964844,111.09371185302734
2017-12-12,112.2428970336914,113.00640153914635,111.80210139337835,112.2428970336914,8016700.0,0.0,0.0,142.60000610351562,112.2428970336914
2017-12-13,112.16416287724229,112.89617585942455,111.93590425142399,112.47113800048828,6118400.0,0.0,0.0,142.88999938964844,112.47113800048828
2017-12-14,112.96708051132572,113.04578503662086,111.46368355584055,111.49516296386719,5337900.0,0.0,0.0,141.64999389648438,111.49516296386719
2017-12-15,112.14847753504179,112.66797787258155,111.5974977878592,112.13274383544922,12517000.0,0.0,0.0,142.4600067138672,112.13274383544922
2017-12-18,112.21142495693103,113.18745459866255,111.29836613180687,111.61322021484375,5833200.0,0.0,0.0,141.8000030517578,111.61322021484375
2017-12-19,111.68405651500157,112.0697482580885,111.26688536922319,111.59747314453125,6580100.0,0.0,0.0,141.77999877929688,111.59747314453125
2017-12-20,111.97526519772543,112.22714841421808,111.04647286042761,111.10944366455078,6289800.0,0.0,0.0,141.16000366210938,111.10944366455078
2017-12-21,111.44793291677797,111.90446238094106,110.99928231211584,111.03076171875,6284700.0,0.0,0.0,141.05999755859375,111.03076171875
2017-12-22,110.98356075594387,111.25905666838698,110.2279227172588,110.2908935546875,4665600.0,0.0,0.0,140.1199951171875,110.2908935546875
2017-12-26,110.55847630466334,110.62143510526012,109.94451389953045,110.2672348022461,3271100.0,0.0,0.0,140.08999633789062,110.2672348022461
2017-12-27,110.52700576946435,111.10159801445442,110.35383900898137,110.64508056640625,3753600.0,0.0,0.0,140.57000732421875,110.64508056640625
2017-12-28,110.74737242611761,110.98350995577383,110.45614294546537,110.63717651367188,2485000.0,0.0,0.0,140.55999755859375,110.63717651367188
2017-12-29,110.96779190151814,111.14883752529053,109.8658325024789,109.97602844238281,4452900.0,0.0,0.0,139.72000122070312,109.97602844238281
2018-01-02,109.92879104331936,110.15704974673731,109.18889895358721,109.59032440185547,6842100.0,0.0,0.0,139.22999572753906,109.59032440185547
2018-01-03,109.6926384055007,110.73162672135288,109.33055925863403,110.63717651367188,5350500.0,0.0,0.0,140.55999755859375,110.63717651367188
2018-01-04,110.55060934180229,111.09372213640705,110.36957574708583,110.62932586669922,4837600.0,0.0,0.0,140.5500030517578,110.62932586669922
2018-01-05,110.73951082256076,111.62895702185183,110.41678991709799,111.54237365722656,6158800.0,0.0,0.0,141.7100067138672,111.54237365722656
2018-01-08,111.53450495323891,111.77064251557415,110.92055449744049,111.6840591430664,5129800.0,0.0,0.0,141.88999938964844,111.6840591430664
2018-01-09,112.06183957325644,114.66719483153041,111.97525622583109,113.45503997802734,8897000.0,0.0,0.0,144.13999938964844,113.45503997802734
2018-01-10,112.99066317166707,113.47080508760902,112.80962959988847,113.32125091552734,6558600.0,0.0,0.0,143.97000122070312,113.32125091552734
2018-01-11,113.44721704707332,114.0532887032071,113.10088352330746,113.96670532226562,4962200.0,0.0,0.0,144.7899932861328,113.96670532226562
2018-01-12,114.12412251992274,115.24969430522172,114.0532728468522,114.73019409179688,5450600.0,0.0,0.0,145.75999450683594,114.73019409179688
2018-01-16,115.24971291621,116.54058479985568,114.9427376515155,115.5960464477539,8804000.0,0.0,0.0,146.86000061035156,115.5960464477539
2018-01-17,116.36741204205669,116.74523697180773,114.50981484071056,115.69049072265625,10619700.0,0.0,0.0,146.97999572753906,115.69049072265625
2018-01-18,115.65115450897346,116.0525920720688,114.8955285263089,115.6432876586914,5554800.0,0.0,0.0,146.9199981689453,115.6432876586914
2018-01-19,116.06827949340403,116.21782163641346,115.24967107775576,115.98956298828125,8738800.0,0.0,0.0,147.36000061035156,115.98956298828125
2018-01-22,115.71408468563371,116.60353088378906,115.48582600306993,116.60353088378906,7010400.0,0.0,0.0,148.13999938964844,116.60353088378906
2018-01-23,115.67475614934249,116.05256906577704,111.47154091349086,111.6368408203125,17473600.0,0.0,0.0,141.8300018310547,111.6368408203125
2018-01-24,112.95129332381025,112.99851842373663,111.61319678060129,111.82572174072266,13034400.0,0.0,0.0,142.07000732421875,111.82572174072266
2018-01-25,112.01465679182502,113.86438718083451,111.93595227108494,113.65972900390625,7938800.0,0.0,0.0,144.39999389648438,113.65972900390625
2018-01-26,113.73844537583521,114.60427917595838,113.4472158296376,114.39175415039062,8065600.0,0.0,0.0,145.3300018310547,114.39175415039062
2018-01-29,114.01395546714613,114.08479314769917,112.97495477720325,113.093017578125,8013400.0,0.0,0.0,143.67999267578125,113.093017578125
2018-01-30,112.87260500918119,113.20320481214517,112.10910034179688,112.10910034179688,8376100.0,0.0,0.0,142.42999267578125,112.10910034179688
2018-01-31,112.21932146040456,112.21932146040456,108.70090609851327,108.77174377441406,13137400.0,0.0,0.0,138.19000244140625,108.77174377441406
2018-02-01,108.25222447768486,110.72377193500357,107.83505333438096,110.21215057373047,9393600.0,0.0,0.0,140.02000427246094,110.21215057373047
2018-02-02,109.42503886222292,110.47977305041604,108.13416710685604,108.37029266357422,9262500.0,0.0,0.0,137.67999267578125,108.37029266357422
2018-02-05,107.50445111551161,107.83503884443724,96.14635152840307,102.63219451904297,19954100.0,0.0,0.0,130.38999938964844,102.63219451904297
2018-02-06,102.33311158504225,104.6787296888299,100.75101020173246,103.76567077636719,19193500.0,0.0,0.0,131.8300018310547,103.76567077636719
2018-02-07,103.81287814207843,105.02503324172787,103.38784017505841,103.44293212890625,10550400.0,0.0,0.0,131.4199981689453,103.44293212890625
2018-02-08,103.04151440708519,103.30913136964779,99.26334948633274,99.46012878417969,11680200.0,0.0,0.0,126.36000061035156,99.46012878417969
2018-02-09,100.37318446676177,103.04938419486827,98.73598522594466,101.95529174804688,15030900.0,0.0,0.0,129.52999877929688,101.95529174804688
2018-02-12,102.32522525952064,103.3642256194814,100.49911378740596,102.53775024414062,9963900.0,0.0,0.0,130.27000427246094,102.53775024414062
2018-02-13,101.70339393319243,102.79748609437749,101.30195657224562,102.29373168945312,6339000.0,0.0,0.0,129.9600067138672,102.29373168945312
2018-02-14,101.88444188927465,102.33309240203948,101.05796651155048,102.06547546386719,6259700.0,0.0,0.0,129.6699981689453,102.06547546386719
2018-02-15,102.40393139315972,103.33272373248514,101.85293985849242,103.29336547851562,5606400.0,0.0,0.0,131.22999572753906,103.29336547851562
2018-02-16,103.08089530236192,105.82792721678364,102.98643305154465,104.80467224121094,7970100.0,0.0,0.0,133.14999389648438,104.80467224121094
2018-02-20,104.58424394624654,105.04077329988122,102.84472190251378,103.010009765625,6563500.0,0.0,0.0,130.8699951171875,103.010009765625
2018-02-21,102.95495137776413,104.23794448611436,102.21505914999663,102.2544174194336,6578000.0,0.0,0.0,129.91000366210938,102.2544174194336
2018-02-22,102.40397163701948,103.12811815492067,101.91595071482487,102.2544174194336,5732200.0,0.0,0.0,129.91000366210938,102.2544174194336
2018-02-23,102.39607963792528,103.9624472810504,102.34098767614871,103.91522216796875,5126800.0,0.0,0.0,132.02000427246094,103.91522216796875
2018-02-26,104.33508492074434,105.68175045045751,103.77264769494901,104.6202621459961,6684400.0,0.84,0.0,132.07000732421875,104.6202621459961
2018-02-27,104.73113173623959,105.42822200596163,104.24791525459928,104.30335998535156,7158600.0,0.0,0.0,131.6699981689453,104.30335998535156
2018-02-28,104.52518927193846,104.8262130174397,102.87750007068557,102.88542938232422,7985900.0,0.0,0.0,129.8800048828125,102.88542938232422
2018-03-01,102.27541664455181,103.07549106564257,100.22372635245299,100.82576751708984,9424000.0,0.0,0.0,127.27999877929688,100.82576751708984
2018-03-02,100.53270692951479,102.27545093756254,100.53270692951479,102.04573059082031,6910400.0,0.0,0.0,128.82000732421875,102.04573059082031
2018-03-05,101.89521634945592,103.21811783642163,101.53873582815672,102.8141098022461,5799800.0,0.0,0.0,129.7899932861328,102.8141098022461
2018-03-06,102.98046620348431,103.13889527247858,101.332777293745,101.57042694091797,5546500.0,0.0,0.0,128.22000122070312,101.57042694091797
2018-03-07,100.98422085376562,102.4497107311599,100.81786249311702,102.21997833251953,6391700.0,0.0,0.0,129.0399932861328,102.21997833251953
2018-03-08,102.44971836215817,104.80242681563658,102.44971836215817,104.6123046875,6423400.0,0.0,0.0,132.05999755859375,104.6123046875
2018-03-09,104.96877937084285,106.00651578395347,104.21623221065212,105.99066925048828,7557800.0,0.0,0.0,133.8000030517578,105.99066925048828
2018-03-12,105.99066550691997,106.33128739652878,104.8182759065357,105.0638427734375,4942000.0,0.0,0.0,132.6300048828125,105.0638427734375
2018-03-13,105.99066445921771,107.25019184708749,105.71340452924557,106.42635345458984,9152300.0,0.0,0.0,134.35000610351562,106.42635345458984
2018-03-14,107.13137366394261,107.49575930764688,104.48555869890345,104.81827545166016,6770600.0,0.0,0.0,132.32000732421875,104.81827545166016
2018-03-15,105.00046878758711,106.33921676581637,104.93709474329285,105.40446472167969,6147200.0,0.0,0.0,133.05999755859375,105.40446472167969
2018-03-16,105.48366340567541,106.46593066995874,104.64397864593883,105.89557647705078,14233500.0,0.0,0.0,133.67999267578125,105.89557647705078
2018-03-19,105.63418785417679,105.72924286857797,102.47347566435576,103.17057800292969,6017000.0,0.0,0.0,130.24000549316406,103.17057800292969
2018-03-20,103.59834612747416,104.3905035452327,102.48933057755737,103.93898010253906,6214300.0,0.0,0.0,131.2100067138672,103.93898010253906
2018-03-21,104.08949542256579,105.18267669048724,103.50330658168654,103.92314910888672,5158700.0,0.0,0.0,131.19000244140625,103.92314910888672
2018-03-22,103.35279933588717,103.51914565700221,100.6832261438114,100.905029296875,7560100.0,0.0,0.0,127.37999725341797,100.905029296875
2018-03-23,101.10304952113802,101.23772087597872,98.94046314510105,99.09889221191406,8452500.0,0.0,0.0,125.0999984741211,99.09889221191406
2018-03-26,100.13663003240961,101.03176580984073,99.18603742939693,100.9129409790039,8358200.0,0.0,0.0,127.38999938964844,100.9129409790039
2018-03-27,100.69113305965399,102.26753072261889,100.12077873372515,100.77034759521484,7789900.0,0.0,0.0,127.20999908447266,100.77034759521484
2018-03-28,101.10303777979516,102.20414202789321,100.77033315191673,100.96044921875,6868500.0,0.0,0.0,127.44999694824219,100.96044921875
2018-03-29,101.37238633793541,101.99818538335477,100.4614040932017,101.51496887207031,6119400.0,0.0,0.0,128.14999389648438,101.51496887207031
2018-04-02,101.25355439834084,101.30108190637827,97.8631218348997,98.6711196899414,8916900.0,0.0,0.0,124.55999755859375,98.6711196899414
2018-04-03,99.16227980486208,101.78432533774796,98.76620104003098,101.67342376708984,8035000.0,0.0,0.0,128.35000610351562,101.67342376708984
2018-04-04,100.52478526195084,103.86768474557768,100.12078325555805,103.30525970458984,7717100.0,0.0,0.0,130.41000366210938,103.30525970458984
2018-04-05,103.30527328130272,103.93107245331866,102.58440697993547,103.54292297363281,5621700.0,0.0,0.0,130.7100067138672,103.54292297363281
2018-04-06,103.15472669830893,103.48743132068039,100.13660925710376,101.47535705566406,6399300.0,0.0,0.0,128.10000610351562,101.47535705566406
2018-04-09,101.91103519038771,103.88351128426365,101.1426476605924,102.56852722167969,6395800.0,0.0,0.0,129.47999572753906,102.56852722167969
2018-04-10,103.17851257324219,103.70133941507972,102.41803606808179,103.17851257324219,6019300.0,0.0,0.0,130.25,103.17851257324219
2018-04-11,102.29919361163809,103.25770926657314,102.21205582482582,102.6873550415039,4575400.0,0.0,0.0,129.6300048828125,102.6873550415039
2018-04-12,103.05176006543606,104.01819312420015,102.86956723587467,103.32109069824219,4559800.0,0.0,0.0,130.42999267578125,103.32109069824219
2018-04-13,103.84392602300166,104.10533945414684,102.68738281687811,103.47161102294922,4742300.0,0.0,0.0,130.6199951171875,103.47161102294922
2018-04-16,104.09742405259618,105.261896590188,103.9944397056066,104.37467193603516,6379600.0,0.0,0.0,131.75999450683594,104.37467193603516
2018-04-17,104.6519189852623,104.72321025328431,102.03779703818681,103.4082260131836,11008700.0,0.0,0.0,130.5399932861328,103.4082260131836
2018-04-18,102.73490575952339,102.90125206179525,100.5564726843422,101.17435455322266,9383600.0,0.0,0.0,127.72000122070312,101.17435455322266
2018-04-19,101.1030484808213,101.61003478550552,100.51685368722711,101.03968048095703,5959500.0,0.0,0.0,127.55000305175781,101.03968048095703
2018-04-20,101.39615145064506,101.63380109808016,99.94650189739055,100.33466339111328,7743900.0,0.0,0.0,126.66000366210938,100.33466339111328
2018-04-23,100.50893407988116,100.8416447987677,99.6375621022905,100.46932983398438,7501900.0,0.0,0.0,126.83000183105469,100.46932983398438
2018-04-24,100.5564593411713,100.96837851787204,99.26523894908014,99.96234130859375,6577500.0,0.0,0.0,126.19000244140625,99.96234130859375
2018-04-25,99.74053161872112,100.48515539397324,99.24146863638067,100.41386413574219,5859600.0,0.0,0.0,126.76000213623047,100.41386413574219
2018-04-26,100.30296814901747,102.36257609784373,100.30296814901747,101.40406036376953,8211100.0,0.0,0.0,128.00999450683594,101.40406036376953
2018-04-27,101.18227301219198,102.02195192542821,101.00007414079649,101.61003875732422,4266800.0,0.0,0.0,128.27000427246094,101.61003875732422
2018-04-30,102.07738901571025,102.17244402268773,100.1999740600586,100.1999740600586,8219400.0,0.0,0.0,126.48999786376953,100.1999740600586
2018-05-01,100.06531476578196,100.31880487237552,98.9959035674554,99.81974792480469,5122600.0,0.0,0.0,126.01000213623047,99.81974792480469
2018-05-02,99.4315991553281,99.95442596641001,97.59379413727811,97.8314437866211,7390800.0,0.0,0.0,123.5,97.8314437866211
2018-05-03,97.6729922893469,97.98193313634745,96.07283124437349,97.4591064453125,7282900.0,0.0,0.0,123.02999877929688,97.4591064453125
2018-05-04,97.1185180633631,98.6315419415715,96.48479562580698,98.3780517578125,6127600.0,0.0,0.0,124.19000244140625,98.3780517578125
2018-05-07,98.33841418519137,99.20978607243998,97.68884539174994,97.90272521972656,6707900.0,0.0,0.0,123.58999633789062,97.90272521972656
2018-05-08,97.32445841691363,97.82351540200598,96.39763571159297,97.12641906738281,5951800.0,0.0,0.0,122.61000061035156,97.12641906738281
2018-05-09,97.42743786175943,98.26712882346074,97.06304617953037,97.83936309814453,6808600.0,0.0,0.0,123.51000213623047,97.83936309814453
2018-05-10,98.40179272377353,99.85144220931512,98.22751712961906,99.29692840576172,4948000.0,0.0,0.0,125.3499984741211,99.29692840576172
2018-05-11,99.629640730138,101.07929032725855,99.6217235070171,100.79411315917969,5716700.0,0.0,0.0,127.23999786376953,100.79411315917969
2018-05-14,100.8812512181931,101.08721384981152,99.4949756646232,99.85936737060547,6101600.0,0.0,0.0,126.05999755859375,99.85936737060547
2018-05-15,99.44742226237716,99.67714859097843,98.54436347749231,99.12263488769531,5875700.0,0.0,0.0,125.12999725341797,99.12263488769531
2018-05-16,99.36822571413458,99.73261739114787,99.01967452582566,99.29692840576172,3818100.0,0.0,0.0,125.3499984741211,99.29692840576172
2018-05-17,99.40783367880077,99.48704821265035,97.87105238233796,98.10869598388672,6473400.0,0.0,0.0,123.8499984741211,98.10869598388672
2018-05-18,98.05324138020433,98.57606816183986,97.6571626827282,98.41763305664062,5433900.0,0.0,0.0,124.23999786376953,98.41763305664062
2018-05-21,98.71866496956382,99.0117593621894,97.68885785274918,98.00572204589844,5558700.0,0.0,0.0,123.72000122070312,98.00572204589844
2018-05-22,98.06908666669317,98.41763180634096,97.24524226116718,97.36406707763672,7172700.0,0.0,0.0,122.91000366210938,97.36406707763672
2018-05-23,97.33237766208751,98.20374955528828,97.22939333662997,97.79182434082031,4940800.0,0.0,0.0,123.44999694824219,97.79182434082031
2018-05-24,97.60963355656713,97.74429886099541,96.28673217938794,96.84123992919922,6923600.0,0.0,0.0,122.25,96.84123992919922
2018-05-25,97.00882408842075,97.99838872457539,96.66566988637614,96.93700408935547,4594800.0,0.9,0.0,121.47000122070312,96.93700408935547
2018-05-29,96.16292217180617,96.40233437195133,94.66262317127803,95.28508758544922,9821900.0,0.0,0.0,119.4000015258789,95.28508758544922
2018-05-30,95.85966796421734,97.02479470635433,95.39680764393549,96.53799438476562,6423700.0,0.0,0.0,120.97000122070312,96.53799438476562
2018-05-31,96.49809386766495,96.76144606872208,95.39681114756938,95.46065521240234,10337500.0,0.0,0.0,119.62000274658203,95.46065521240234
2018-06-01,96.06713678083553,96.8172891746987,95.73994666741908,96.7694091796875,5741000.0,0.0,0.0,121.26000213623047,96.7694091796875
2018-06-04,97.24026632099176,97.65524666219295,96.577897834251,97.320068359375,4853000.0,0.0,0.0,121.94999694824219,97.320068359375
2018-06-05,97.39987801811849,97.80687024682548,96.48213934101452,96.94499969482422,5125400.0,0.0,0.0,121.4800033569336,96.94499969482422
2018-06-06,97.33601587655085,97.99040222167969,96.92901763491454,97.99040222167969,6799300.0,0.0,0.0,122.79000091552734,97.99040222167969
2018-06-07,98.15798117055807,98.54901532572477,97.575414863531,98.42133331298828,7414100.0,0.0,0.0,123.33000183105469,98.42133331298828
2018-06-08,98.4452935429168,99.63436030970799,98.4213535411399,99.00391387939453,6208100.0,0.0,0.0,124.05999755859375,99.00391387939453
2018-06-11,99.17149201494053,99.22735404410149,97.79888128577039,97.88666534423828,5571400.0,0.0,0.0,122.66000366210938,97.88666534423828
2018-06-12,98.28566817934376,98.30162614756954,97.32004366783268,97.79088592529297,5227300.0,0.0,0.0,122.54000091552734,97.79088592529297
2018-06-13,98.27770461809165,99.02785103573511,97.72706023902491,97.86272430419922,5836900.0,0.0,0.0,122.62999725341797,97.86272430419922
2018-06-14,97.92655511485053,98.27769131932052,97.43177283477954,97.68714904785156,5239200.0,0.0,0.0,122.41000366210938,97.68714904785156
2018-06-15,97.4397729357946,97.94253733789819,96.75346445713346,97.84677124023438,13173500.0,0.0,0.0,122.61000061035156,97.84677124023438
2018-06-18,97.04872138814376,97.20832543395431,95.96339682882065,96.81729125976562,6787400.0,0.0,0.0,121.31999969482422,96.81729125976562
2018-06-19,96.29059582111356,98.29365283450275,96.21876973646978,97.81483459472656,8572400.0,0.0,0.0,122.56999969482422,97.81483459472656
2018-06-20,97.69514165148296,97.88667384395562,97.0886413075014,97.39189147949219,6277200.0,0.0,0.0,122.04000091552734,97.39189147949219
2018-06-21,97.22429963859162,97.55148979320212,96.6497152720998,96.9210433959961,4417200.0,0.0,0.0,121.44999694824219,96.9210433959961
2018-06-22,97.10457435760742,98.46122688599559,97.08063436181875,98.03028869628906,9501400.0,0.0,0.0,122.83999633789062,98.03028869628906
2018-06-25,98.01436836196399,98.50116875825596,96.96894755443819,97.83081817626953,8170500.0,0.0,0.0,122.58999633789062,97.83081817626953
2018-06-26,97.75097574507319,98.07018988611405,97.04072747772149,97.63925170898438,5496400.0,0.0,0.0,122.3499984741211,97.63925170898438
2018-06-27,97.46371080940183,98.13406130139728,96.92104844483602,97.04873657226562,5666000.0,0.0,0.0,121.61000061035156,97.04873657226562
2018-06-28,97.18441719070199,97.68718166744002,96.6178147278833,97.3599853515625,5296800.0,0.0,0.0,122.0,97.3599853515625
2018-06-29,97.55149772845273,98.30165027778257,96.71356719957862,96.83326721191406,7308700.0,0.0,0.0,121.33999633789062,96.83326721191406
2018-07-02,96.83324050013066,97.14447871186229,95.85166413872005,97.02477264404297,5481400.0,0.0,0.0,121.58000183105469,97.02477264404297
2018-07-03,97.08066970524253,98.52510680305673,96.76943746967488,97.92658233642578,4248100.0,0.0,0.0,122.70999908447266,97.92658233642578
2018-07-05,98.63681970515056,99.84983256295557,98.34155156505061,99.75406646728516,7319100.0,0.0,0.0,125.0,99.75406646728516
2018-07-06,99.88175618950144,100.48825653958195,99.44283585463582,100.35259246826172,7297900.0,0.0,0.0,125.75,100.35259246826172
2018-07-09,100.72767457723118,101.15063087616194,100.23289217911106,100.59201049804688,6706100.0,0.0,0.0,126.05000305175781,100.59201049804688
2018-07-10,100.8473804460267,101.76511305241065,100.63989026814173,101.65338897705078,5075600.0,0.0,0.0,127.37999725341797,101.65338897705078
2018-07-11,101.67730908500091,101.70124908238786,100.59996049455725,100.74360656738281,4827400.0,0.0,0.0,126.23999786376953,100.74360656738281
2018-07-12,101.91672283443258,102.31574514549217,101.48578458345243,101.95662689208984,6199000.0,0.0,0.0,127.76000213623047,101.95662689208984
2018-07-13,100.00943836861155,101.74914956151731,100.00943836861155,100.4962387084961,8250200.0,0.0,0.0,125.93000030517578,100.4962387084961
2018-07-16,100.55210407059303,100.63190611009085,99.08372706061614,99.50668334960938,7314400.0,0.0,0.0,124.69000244140625,99.50668334960938
2018-07-17,102.5710982052496,104.17513886432327,101.79700584227685,103.0339584350586,12858700.0,0.0,0.0,129.11000061035156,103.0339584350586
2018-07-18,102.79456434926473,102.9860965329371,101.48579153669414,101.98855590820312,7152000.0,0.0,0.0,127.80000305175781,101.98855590820312
2018-07-19,101.77308013319552,101.90874419213203,100.44834939630712,100.50421142578125,5984600.0,0.0,0.0,125.94000244140625,100.50421142578125
2018-07-20,99.99347408639623,100.66381845989827,99.84982799371654,100.43238830566406,5835500.0,0.0,0.0,125.8499984741211,100.43238830566406
2018-07-23,100.35259650057625,101.09476704030364,100.1131842922105,101.05486297607422,4631100.0,0.0,0.0,126.62999725341797,101.05486297607422
2018-07-24,101.54165881146247,103.44097406716949,101.46983880525535,103.23348999023438,7158800.0,0.0,0.0,129.36000061035156,103.23348999023438
2018-07-25,103.05789403721847,103.12971402403825,101.86882757689797,102.64291381835938,6523000.0,0.0,0.0,128.6199951171875,102.64291381835938
2018-07-26,103.66440279115164,104.71781139295749,103.62451091318063,103.96765899658203,7640600.0,0.0,0.0,130.27999877929688,103.96765899658203
2018-07-27,103.72825386973811,105.55575498929076,103.69633792979789,104.98117065429688,6620400.0,0.0,0.0,131.5500030517578,104.98117065429688
2018-07-30,105.164742786816,105.73135133236477,104.74178645187605,105.4759750366211,11013100.0,0.0,0.0,132.1699981689453,105.4759750366211
2018-07-31,105.56373972499617,105.85103191642867,105.1567475275542,105.7552719116211,7598900.0,0.0,0.0,132.52000427246094,105.7552719116211
2018-08-01,105.65152793592304,106.10641233063578,105.40413979578535,105.85103607177734,5770400.0,0.0,0.0,132.63999938964844,105.85103607177734
2018-08-02,106.0505252749872,106.13830932617186,104.61406451787799,104.74175262451172,6563300.0,0.0,0.0,131.25,104.74175262451172
2018-08-03,104.68591884981505,105.89893190670324,104.4624706784162,105.30040740966797,6498700.0,0.0,0.0,131.9499969482422,105.30040740966797
2018-08-06,105.0530059369366,105.76325442978155,104.55024152641349,105.35626220703125,5840000.0,0.0,0.0,132.02000427246094,105.35626220703125
2018-08-07,105.24452734388483,105.47595140516741,104.78166704431038,104.90935516357422,4664600.0,0.0,0.0,131.4600067138672,104.90935516357422
2018-08-08,104.93326312344163,105.18065116834694,104.45443891091128,104.67788696289062,3721500.0,0.0,0.0,131.1699981689453,104.67788696289062
2018-08-09,104.97320193846818,105.11685413727187,104.27891747911484,104.70187377929688,4057800.0,0.0,0.0,131.1999969482422,104.70187377929688
2018-08-10,104.69387149145153,105.04500769237573,103.9516950345876,104.34273529052734,4324000.0,0.0,0.0,130.75,104.34273529052734
2018-08-13,104.3188237390272,104.46246376384207,103.6245392650662,103.91980743408203,3778000.0,0.0,0.0,130.22000122070312,103.91980743408203
2018-08-14,103.48088655491813,104.11931507509655,103.22552245305349,103.34522247314453,4542800.0,0.0,0.0,129.5,103.34522247314453
2018-08-15,103.54471557793413,104.33477212676084,102.89032309116685,104.08737182617188,5377300.0,0.0,0.0,130.42999267578125,104.08737182617188
2018-08-16,104.55821471154793,106.04255555141177,104.19910254546981,105.72333526611328,7861500.0,0.0,0.0,132.47999572753906,105.72333526611328
2018-08-17,105.69938778608291,107.73437281918011,105.49190374807993,107.31141662597656,6700900.0,0.0,0.0,134.47000122070312,107.31141662597656
2018-08-20,107.67852979681359,109.42622308920627,106.9363653449815,109.23470306396484,7935000.0,0.0,0.0,136.8800048828125,109.23470306396484
2018-08-21,109.33045113027771,109.67359925601404,107.97379833267614,108.01370239257812,5832100.0,0.0,0.0,135.35000610351562,108.01370239257812
2018-08-22,108.1812621382299,108.27702212245502,107.27150575706979,107.42313385009766,4688400.0,0.0,0.0,134.61000061035156,107.42313385009766
2018-08-23,107.42313500949466,108.12540737341077,107.01614289513815,107.82215118408203,5057600.0,0.0,0.0,135.11000061035156,107.82215118408203
2018-08-24,107.82220151778677,108.65215019048307,107.59875332986803,108.49254608154297,4809400.0,0.0,0.0,135.9499969482422,108.49254608154297
2018-08-27,108.85402932917536,109.2958747042837,107.81771222952119,108.3880844116211,4325900.0,0.9,0.0,134.9199981689453,108.3880844116211
2018-08-28,108.27559367927137,108.37199182936607,107.56061213036831,107.90605926513672,6037500.0,0.0,0.0,134.32000732421875,107.90605926513672
2018-08-29,107.90608548736499,108.40415906143426,107.60080826033652,108.33988952636719,4648700.0,0.0,0.0,134.86000061035156,108.33988952636719
2018-08-30,108.21134035801839,108.93436336643055,108.131012640301,108.41217803955078,4821900.0,0.0,0.0,134.9499969482422,108.41217803955078
2018-08-31,108.13100948418555,108.45234486199458,107.6248946188854,108.20330810546875,6139500.0,0.0,0.0,134.69000244140625,108.20330810546875
2018-09-04,108.20330816955115,108.25150725043515,107.19911979060463,107.42405700683594,4406800.0,0.0,0.0,133.72000122070312,107.42405700683594
2018-09-05,107.23124053863533,109.20748851664545,107.21518235162763,109.14321899414062,6174800.0,0.0,0.0,135.86000061035156,109.14321899414062
2018-09-06,108.85403368505735,110.30809667555945,108.59695554446714,109.95462036132812,6562000.0,0.0,0.0,136.8699951171875,109.95462036132812
2018-09-07,109.88230012062029,110.6133521487177,109.05484993784033,110.31611633300781,6375200.0,0.0,0.0,137.32000732421875,110.31611633300781
2018-09-10,110.48484147160708,111.23999323226664,110.10726559127731,110.22777557373047,4892200.0,0.0,0.0,137.2100067138672,110.22777557373047
2018-09-11,110.57319116132774,111.59344999464103,110.2357853343288,111.27210235595703,7856800.0,0.0,0.0,138.50999450683594,111.27210235595703
2018-09-12,111.58541693666612,112.46107859128037,111.31228061710128,111.95496368408203,6767700.0,0.0,0.0,139.36000061035156,111.95496368408203
2018-09-13,112.38072967529297,112.85470364946688,111.68181848428534,112.38072967529297,6456100.0,0.0,0.0,139.88999938964844,112.38072967529297
2018-09-14,112.46908397059295,112.75026158378236,111.74607333404492,112.05937957763672,4534800.0,0.0,0.0,139.49000549316406,112.05937957763672
2018-09-17,111.9308586892331,112.79043759614672,111.81034872482958,112.43697357177734,5295500.0,0.0,0.0,139.9600067138672,112.43697357177734
2018-09-18,112.68599722041287,113.14390070900126,112.33252097902793,112.90289306640625,4581200.0,0.0,0.0,140.5399932861328,112.90289306640625
2018-09-19,113.07964898682499,113.26442848818989,112.5092768096651,112.83865356445312,5049900.0,0.0,0.0,140.4600067138672,112.83865356445312
2018-09-20,113.12788328935625,114.1883001374892,112.87883420542643,114.05976104736328,5019300.0,0.0,0.0,141.97999572753906,114.05976104736328
2018-09-21,114.22039768904094,114.98359066756355,113.82676368765452,114.78275299072266,13283400.0,0.0,0.0,142.8800048828125,114.78275299072266
2018-09-24,114.15613760139148,114.47747297314032,112.65386348016095,112.84667205810547,6708000.0,0.0,0.0,140.47000122070312,112.84667205810547
2018-09-25,112.89486574487438,113.24031289825255,111.18372493956706,111.37653350830078,7982800.0,0.0,0.0,138.63999938964844,111.37653350830078
2018-09-26,111.62560863435904,112.46912955767405,110.83029906342507,110.990966796875,7133300.0,0.0,0.0,138.16000366210938,110.990966796875
2018-09-27,111.22390602941542,112.13169627621264,110.51696572311961,111.03913879394531,6450500.0,0.0,0.0,138.22000122070312,111.03913879394531
2018-09-28,110.9427647308936,111.31229928211368,110.38845064590149,110.99899291992188,6638500.0,0.0,0.0,138.1699981689453,110.99899291992188
2018-10-01,111.07124926767679,112.34858603470938,110.8623825251313,112.22004699707031,4871800.0,0.0,0.0,139.69000244140625,112.22004699707031
2018-10-02,112.30037666812211,113.05552820477611,112.18790807275816,112.85469055175781,6439100.0,0.0,0.0,140.47999572753906,112.85469055175781
2018-10-03,112.90289731804741,113.48935213068317,111.5693445273649,111.6898422241211,5411800.0,0.0,0.0,139.02999877929688,111.6898422241211
2018-10-04,111.30426964818288,112.09155009790851,110.31615147345447,111.94695281982422,4738700.0,0.0,0.0,139.35000610351562,111.94695281982422
2018-10-05,112.30842915317314,112.66993451281245,111.3122698825113,111.74608612060547,4309300.0,0.0,0.0,139.10000610351562,111.74608612060547
2018-10-08,111.58540344039008,112.21201598391342,111.360466232877,111.97904968261719,5174100.0,0.0,0.0,139.38999938964844,111.97904968261719
2018-10-09,111.4568587422506,112.16379888450294,110.70973636306285,111.8263931274414,4475300.0,0.0,0.0,139.1999969482422,111.8263931274414
2018-10-10,111.94695222858938,112.83867221321877,110.64551544189453,110.64551544189453,7265600.0,0.0,0.0,137.72999572753906,110.64551544189453
2018-10-11,110.7901290749389,111.39264226904908,106.74927490042627,107.5204849243164,11603200.0,0.0,0.0,133.83999633789062,107.5204849243164
2018-10-12,107.97031524066462,107.97835659184838,106.227045917653,107.54454040527344,6998000.0,0.0,0.0,133.8699951171875,107.54454040527344
2018-10-15,107.55261275867511,108.69336946327999,107.25536461681156,107.60884094238281,6398700.0,0.0,0.0,133.9499969482422,107.60884094238281
2018-10-16,108.25151117156574,110.85437195701422,108.25151117156574,109.70557403564453,9592800.0,0.0,0.0,136.55999755859375,109.70557403564453
2018-10-17,109.44046945502795,112.46910522075734,109.42441126587137,112.0353012084961,8261100.0,0.0,0.0,139.4600067138672,112.0353012084961
2018-10-18,111.82643614043765,112.31648065045636,110.62945121624857,112.06744384765625,7583900.0,0.0,0.0,139.5,112.06744384765625
2018-10-19,111.1355253770042,112.46909039073802,110.79009048329137,111.7059097290039,5924800.0,0.0,0.0,139.0500030517578,111.7059097290039
2018-10-22,111.35244034364919,111.87461339222652,110.9748645362808,111.4086685180664,4864300.0,0.0,0.0,138.67999267578125,111.4086685180664
2018-10-23,110.69370811019101,112.05941436026757,110.42057176344017,111.60952758789062,8282700.0,0.0,0.0,138.92999267578125,111.60952758789062
2018-10-24,111.28012793787462,112.55745244295622,110.1955997305217,110.43660736083984,8279200.0,0.0,0.0,137.47000122070312,110.43660736083984
2018-10-25,110.42858001531523,111.73803317135416,108.49250210727014,111.23995971679688,9720700.0,0.0,0.0,138.47000122070312,111.23995971679688
2018-10-26,110.81420144359619,111.90675892461356,108.71745555201726,110.03495025634766,11371400.0,0.0,0.0,136.97000122070312,110.03495025634766
2018-10-29,110.05102580108908,111.74609640696406,109.43244227924393,110.50090026855469,6783000.0,0.0,0.0,137.5500030517578,110.50090026855469
2018-10-30,110.80617709937266,113.35281008663446,110.059066691153,113.0716323852539,9646200.0,0.0,0.0,140.75,113.0716323852539
2018-10-31,113.2724469814598,113.61788189330268,112.15579001572777,112.46106719970703,9968900.0,0.0,0.0,139.99000549316406,112.46106719970703
2018-11-01,112.52534794700635,113.73840319363374,112.34860979741032,113.12786102294922,6913500.0,0.0,0.0,140.82000732421875,113.12786102294922
2018-11-02,114.05171792044767,114.07581746461128,112.19597947088543,113.01538848876953,7673200.0,0.0,0.0,140.67999267578125,113.01538848876953
2018-11-05,113.27242438448974,114.67025871536224,111.66572332939059,114.23644256591797,5601400.0,0.0,0.0,142.1999969482422,114.23644256591797
2018-11-06,113.69826057704697,114.74261927841465,113.32068464456663,114.53375244140625,5798900.0,0.0,0.0,142.57000732421875,114.53375244140625
2018-11-07,114.95951019592955,116.38143235795032,114.85507066403748,116.2850341796875,7173600.0,0.0,0.0,144.75,116.2850341796875
2018-11-08,115.93153085700978,117.12048639202578,115.68249411570488,116.72685241699219,5497100.0,0.0,0.0,145.3000030517578,116.72685241699219
2018-11-09,116.51797215224195,117.0803274102444,115.98777004276467,116.75897979736328,5343100.0,0.0,0.0,145.33999633789062,116.75897979736328
2018-11-12,116.47779947173747,117.48198764901522,116.26892048564356,116.98390197753906,7013600.0,0.0,0.0,145.6199951171875,116.98390197753906
2018-11-13,117.44181160758534,117.89168592647684,115.21652728933005,116.22874450683594,7432300.0,0.0,0.0,144.67999267578125,116.22874450683594
2018-11-14,116.50193774216667,116.73490408316346,115.32904016754979,115.88335418701172,6433100.0,0.0,0.0,144.25,115.88335418701172
2018-11-15,115.20857122773305,116.0922499833875,114.4614484145662,116.08422088623047,6657900.0,0.0,0.0,144.5,116.08422088623047
2018-11-16,116.25284797293486,117.88364839119114,116.12430896012773,117.28113555908203,8494300.0,0.0,0.0,145.99000549316406,117.28113555908203
2018-11-19,117.63461975878351,119.24936227273193,117.58642068520125,118.6789779663086,8714600.0,0.0,0.0,147.72999572753906,118.6789779663086
2018-11-20,118.49422408717379,119.49841242689561,117.5703757178931,117.65070343017578,8937700.0,0.0,0.0,146.4499969482422,117.65070343017578
2018-11-21,117.47397893956436,117.47397893956436,113.09571972172648,114.06777954101562,10275400.0,0.0,0.0,141.99000549316406,114.06777954101562
2018-11-23,113.95529417174143,114.66223440550138,113.75445651000636,114.26055908203125,3404900.0,0.0,0.0,142.22999572753906,114.26055908203125
2018-11-26,114.80225323222545,114.84267902807252,113.76741700688898,114.29291534423828,7590900.0,0.9,0.0,141.3699951171875,114.29291534423828
2018-11-27,113.64614290785038,115.89367881234051,112.91043542515659,115.78857421875,5962100.0,0.0,0.0,143.22000122070312,115.78857421875
2018-11-28,116.28173998248852,118.48885010764782,115.90175973468563,118.39183807373047,8411400.0,0.0,0.0,146.44000244140625,118.39183807373047
2018-11-29,117.72887690894436,119.00625534131179,117.09827408408457,117.91483306884766,6900000.0,0.0,0.0,145.85000610351562,117.91483306884766
2018-11-30,117.50251195168416,118.84456923159063,117.30848789709853,118.76371765136719,12517600.0,0.0,0.0,146.89999389648438,118.76371765136719
2018-12-03,117.68850677856555,118.54547953107753,117.17916879552712,118.20592498779297,8827200.0,0.0,0.0,146.2100067138672,118.20592498779297
2018-12-04,118.29484125540473,120.45344564125435,117.89060794712829,118.06037902832031,9803500.0,0.0,0.0,146.02999877929688,118.06037902832031
2018-12-06,116.82343034531858,118.3999378377515,115.4409469527408,117.96337127685547,11572500.0,0.0,0.0,145.91000366210938,117.96337127685547
2018-12-07,117.62378995657261,119.1194455090217,116.51618251538818,117.57527160644531,9444500.0,0.0,0.0,145.42999267578125,117.57527160644531
2018-12-10,117.54292501023262,117.93907797246784,115.10944567820492,117.43782043457031,6848100.0,0.0,0.0,145.25999450683594,117.43782043457031
2018-12-11,118.27058522155947,119.8228521034592,117.86635188144909,118.44036865234375,9857400.0,0.0,0.0,146.5,118.44036865234375
2018-12-12,118.84460158380207,120.049221374229,118.84460158380207,118.92545318603516,8869200.0,0.0,0.0,147.10000610351562,118.92545318603516
2018-12-13,118.81223952567498,120.13003150163006,118.6828819279679,119.523681640625,6008300.0,0.0,0.0,147.83999633789062,119.523681640625
2018-12-14,116.69407893403054,117.5348911989074,105.26236044458214,107.52606964111328,58140200.0,0.0,0.0,133.0,107.52606964111328
2018-12-17,103.74244402634268,106.4346270520877,102.53782430493824,104.40538024902344,36933100.0,0.0,0.0,129.13999938964844,104.40538024902344
2018-12-18,106.75800516520196,107.36435504799991,104.4538706760818,105.44020080566406,24640100.0,0.0,0.0,130.4199981689453,105.44020080566406
2018-12-19,104.9955799387396,106.19211969132068,102.74804320942903,103.16844940185547,21232100.0,0.0,0.0,127.61000061035156,103.16844940185547
2018-12-20,103.25733683120387,104.89852275132124,102.48120977298574,103.70199584960938,16609600.0,0.0,0.0,128.27000427246094,103.70199584960938
2018-12-21,103.32201530516424,105.58572384397439,102.77225786963089,103.55646514892578,19732900.0,0.0,0.0,128.08999633789062,103.55646514892578
2018-12-24,102.91780108625177,103.48372524142152,97.82445901728128,99.3120346069336,7531900.0,0.0,0.0,122.83999633789062,99.3120346069336
2018-12-26,99.7809402064765,102.48122169321638,98.64100557741337,102.4407958984375,9253000.0,0.0,0.0,126.70999908447266,102.4407958984375
2018-12-27,101.7616747878259,103.0067138671875,99.49796624933033,103.0067138671875,9918700.0,0.0,0.0,127.41000366210938,103.0067138671875
2018-12-28,103.41096371711754,104.09007268696467,102.47313951901182,102.89353942871094,6537200.0,0.0,0.0,127.2699966430664,102.89353942871094
2018-12-31,103.62925952844675,104.73686733716187,103.01482925469644,104.33263397216797,7409900.0,0.0,0.0,129.0500030517578,104.33263397216797
2019-01-02,103.58883749050636,103.79095415628119,102.09316922928372,103.2816162109375,7631700.0,0.0,0.0,127.75,103.2816162109375
2019-01-03,103.59689108904495,103.70199567582442,101.34935533020085,101.6404037475586,8654500.0,0.0,0.0,125.72000122070312,101.6404037475586
2019-01-04,102.77225726133308,104.00920377382484,102.45695583953706,103.34626770019531,8831700.0,0.0,0.0,127.83000183105469,103.34626770019531
2019-01-07,103.18460264490827,103.76670582360401,102.51357997203434,102.68335723876953,8404700.0,0.0,0.0,127.01000213623047,102.68335723876953
2019-01-08,103.62922432933871,105.50487242720757,103.26542305977067,105.06830596923828,9351600.0,0.0,0.0,129.9600067138672,105.06830596923828
2019-01-09,104.9632307476597,105.2947050477939,103.75053072531531,104.23560333251953,7403500.0,0.0,0.0,128.92999267578125,104.23560333251953
2019-01-10,103.23311241796623,105.0117366480134,103.23311241796623,104.86621856689453,6224400.0,0.0,0.0,129.7100067138672,104.86621856689453
2019-01-11,104.29218675911082,104.97129571219808,103.73434285613885,104.8985366821289,5300400.0,0.0,0.0,129.75,104.8985366821289
2019-01-14,104.08199068743208,104.25985431977178,103.15224672997988,103.71009063720703,7374400.0,0.0,0.0,128.27999877929688,103.71009063720703
2019-01-15,103.9041353114998,104.68834893379777,103.20076711902297,104.58324432373047,5194400.0,0.0,0.0,129.36000061035156,104.58324432373047
2019-01-16,104.62366752580037,104.62366752580037,103.40288121103666,103.51605987548828,6264200.0,0.0,0.0,128.0399932861328,103.51605987548828
2019-01-17,103.24925528656995,104.71258383613016,103.04713866291725,104.36493682861328,7632000.0,0.0,0.0,129.08999633789062,104.36493682861328
2019-01-18,105.01981273997322,106.05464906349356,104.65600521527377,105.65850830078125,10593000.0,0.0,0.0,130.69000244140625,105.65850830078125
2019-01-22,103.64539311626099,104.69640193497553,102.68332226576744,104.13047790527344,10568100.0,0.0,0.0,128.8000030517578,104.13047790527344
2019-01-23,103.88793551076722,104.53471111737758,103.42710989569285,104.13047790527344,9267800.0,0.0,0.0,128.8000030517578,104.13047790527344
2019-01-24,103.87986758460687,104.04963864550525,101.05831498907273,102.69950103759766,9917000.0,0.0,0.0,127.02999877929688,102.69950103759766
2019-01-25,103.5888232221442,103.84752610386657,102.69950508074105,103.66966247558594,7585100.0,0.0,0.0,128.22999572753906,103.66966247558594
2019-01-28,103.33011402150547,104.41345630323238,102.90971410408727,104.28411102294922,6927700.0,0.0,0.0,128.99000549316406,104.28411102294922
2019-01-29,104.25177421049351,105.48064699809959,103.88796667769934,105.36746215820312,6669300.0,0.0,0.0,130.3300018310547,105.36746215820312
2019-01-30,105.39976547186777,106.87118030898044,105.34317923609665,106.42652130126953,7299300.0,0.0,0.0,131.63999938964844,106.42652130126953
2019-01-31,106.4184698350597,109.29660915549334,105.80402728155892,107.59074401855469,17298100.0,0.0,0.0,133.0800018310547,107.59074401855469
2019-02-01,108.35070537209928,108.89237655467629,107.90604624126077,108.49622344970703,9575200.0,0.0,0.0,134.1999969482422,108.49622344970703
2019-02-04,108.30218435491625,108.45578263683353,106.88736789386658,107.42903900146484,7759000.0,0.0,0.0,132.8800048828125,107.42903900146484
2019-02-05,107.94645709948561,108.23750555063609,107.32393440248201,107.42903900146484,6449800.0,0.0,0.0,132.8800048828125,107.42903900146484
2019-02-06,107.59074845658247,107.98690157524778,106.96014542603616,107.52606964111328,5066100.0,0.0,0.0,133.0,107.52606964111328
2019-02-07,107.0813695936774,107.2349801797152,106.33758200421572,106.75798797607422,6085300.0,0.0,0.0,132.0500030517578,106.75798797607422
2019-02-08,106.67718516665866,107.08951110423124,106.34571083855384,107.0409927368164,4436700.0,0.0,0.0,132.39999389648438,107.0409927368164
2019-02-11,106.96821300219744,107.2592614692791,106.11932061185749,106.71759033203125,4962200.0,0.0,0.0,132.0,106.71759033203125
2019-02-12,106.78224789795436,108.5770443652205,106.78224789795436,108.46385955810547,6262300.0,0.0,0.0,134.16000366210938,108.46385955810547
2019-02-13,108.39109438434394,109.12678942070225,107.69581279834547,108.69830322265625,7902200.0,0.0,0.0,134.4499969482422,108.69830322265625
2019-02-14,108.57708670471423,108.99749286774355,107.80904576149287,108.58516693115234,3910400.0,0.0,0.0,134.30999755859375,108.58516693115234
2019-02-15,109.29660499355425,110.28293526282573,109.1510745862376,110.25868225097656,6665000.0,0.0,0.0,136.3800048828125,110.25868225097656
2019-02-19,110.06462837916186,110.2586647794299,109.65231490683949,109.70082092285156,5935500.0,0.0,0.0,135.69000244140625,109.70082092285156
2019-02-20,109.92721475116423,110.54164498292582,109.73317830818678,110.23443603515625,6089800.0,0.0,0.0,136.35000610351562,110.23443603515625
2019-02-21,109.12680906793608,109.78166498525717,108.55280473832734,109.48253631591797,6665500.0,0.0,0.0,135.4199981689453,109.48253631591797
2019-02-22,109.37741445560565,110.46884903635494,108.99744659474642,110.43651580810547,5223900.0,0.0,0.0,136.60000610351562,110.43651580810547
2019-02-25,110.96551128062268,111.89327519312224,110.5667308798504,110.84342956542969,6846600.0,0.9,0.0,136.1999969482422,110.84342956542969
2019-02-26,111.03877519191013,111.46196953722993,110.72138253743,110.77021026611328,5106900.0,0.0,0.0,136.11000061035156,110.77021026611328
2019-02-27,110.29001952309275,110.88411073106077,110.18421786568828,110.5748519897461,4378100.0,0.0,0.0,135.8699951171875,110.5748519897461
2019-02-28,110.64000955345922,112.26766695746169,110.42841856143349,111.20155334472656,10133200.0,0.0,0.0,136.63999938964844,111.20155334472656
2019-03-01,111.67357031907643,112.80479166583706,111.50266083561996,112.59320068359375,5641600.0,0.0,0.0,138.35000610351562,112.59320068359375
2019-03-04,113.00009961842999,113.45584162149474,111.90955991905274,112.698974609375,8377700.0,0.0,0.0,138.47999572753906,112.698974609375
2019-03-05,112.9675376068499,113.23610251511066,112.60131724759906,112.93498992919922,6568900.0,0.0,0.0,138.77000427246094,112.93498992919922
2019-03-06,113.50467050938981,113.6511536898576,112.79664363438548,113.1954116821289,6236900.0,0.0,0.0,139.08999633789062,113.1954116821289
2019-03-07,112.73967456800226,113.219830459984,112.06419534221354,112.50366973876953,6100400.0,0.0,0.0,138.24000549316406,112.50366973876953
2019-03-08,112.38157633752373,113.36631430181947,111.02248421149001,112.35716247558594,7046700.0,0.0,0.0,138.05999755859375,112.35716247558594
2019-03-11,112.39784828280945,113.14656897035267,111.91769247526054,112.76406860351562,6150400.0,0.0,0.0,138.55999755859375,112.76406860351562
2019-03-12,112.83731052235366,113.9359839058029,112.71524122109786,113.26863861083984,5552900.0,0.0,0.0,139.17999267578125,113.26863861083984
2019-03-13,113.60232424270265,113.80578138007465,113.13844842687433,113.45584106445312,6446900.0,0.0,0.0,139.41000366210938,113.45584106445312
2019-03-14,112.58504179385626,112.95940840132455,112.25951533191399,112.32462310791016,8493600.0,0.0,0.0,138.02000427246094,112.32462310791016
2019-03-15,112.30835272286204,112.5199436995268,111.35617470081122,111.98282623291016,11922500.0,0.0,0.0,137.60000610351562,111.98282623291016
2019-03-18,112.02344655823752,112.12924819781485,111.26659229427527,111.6328125,7369600.0,0.0,0.0,137.1699981689453,111.6328125
2019-03-19,111.99092566770496,112.97566348726086,111.87699018939595,112.6664047241211,5882500.0,0.0,0.0,138.44000244140625,112.6664047241211
2019-03-20,112.57691084724046,112.72339403343553,111.20967235255897,111.73052215576172,5475700.0,0.0,0.0,137.2899932861328,111.73052215576172
2019-03-21,111.4945159516766,112.94312983702171,111.45382203888943,112.38973236083984,5765100.0,0.0,0.0,138.10000610351562,112.38973236083984
2019-03-22,112.10490064735336,112.62575050572653,111.38059361902128,111.4212875366211,6528800.0,0.0,0.0,136.91000366210938,111.4212875366211
2019-03-25,111.42124449911246,111.50261988483992,110.46906680165726,111.17709350585938,4500300.0,0.0,0.0,136.61000061035156,111.17709350585938
2019-03-26,111.43753372683678,113.3419019089312,111.43753372683678,112.77222442626953,4758600.0,0.0,0.0,138.57000732421875,112.77222442626953
2019-03-27,112.78847672993696,113.5127835204811,112.3652948963408,112.87799835205078,6764900.0,0.0,0.0,138.6999969482422,112.87799835205078
2019-03-28,113.17098878400805,113.4965276335674,112.88615626093566,113.02450561523438,4602100.0,0.0,0.0,138.8800048828125,113.02450561523438
2019-03-29,113.35002763684517,113.838329683168,113.02450121798786,113.76507568359375,7168400.0,0.0,0.0,139.7899932861328,113.76507568359375
2019-04-01,113.92788620400646,114.17202488390387,112.91060031096488,113.10591125488281,5885200.0,0.0,0.0,138.97999572753906,113.10591125488281
2019-04-02,113.13030916403281,113.13030916403281,111.42127655563377,112.07234191894531,5517800.0,0.0,0.0,137.7100067138672,112.07234191894531
2019-04-03,112.47105455102678,112.50361463306572,111.38866155683924,111.6328125,5947000.0,0.0,0.0,137.1699981689453,111.6328125
2019-04-04,111.38870905712265,111.50264455677963,109.97265533539141,110.33074188232422,5844600.0,0.0,0.0,135.57000732421875,110.33074188232422
2019-04-05,110.71321295525433,111.15268725679921,110.43651427237717,110.8271484375,4759700.0,0.0,0.0,136.17999267578125,110.8271484375
2019-04-08,110.72135986240417,111.09571398433653,110.43651494603435,110.79460144042969,4329600.0,0.0,0.0,136.13999938964844,110.79460144042969
2019-04-09,110.68068219625704,110.8922731476091,109.5087671037635,110.33074188232422,5210300.0,0.0,0.0,135.57000732421875,110.33074188232422
2019-04-10,110.59116732395808,110.78649065733354,110.1354252974542,110.33888244628906,4194100.0,0.0,0.0,135.5800018310547,110.33888244628906
2019-04-11,110.64813692537805,110.82716778470093,109.39483398384924,110.03776550292969,4485200.0,0.0,0.0,135.2100067138672,110.03776550292969
2019-04-12,110.04588540457745,110.9655155385665,109.66338503476094,110.66439056396484,5756800.0,0.0,0.0,135.97999572753906,110.66439056396484
2019-04-15,110.68067229426705,111.32359132380483,110.51790908332407,111.10386657714844,5380900.0,0.0,0.0,136.52000427246094,111.10386657714844
2019-04-16,112.56877416338612,114.50567772260816,111.95025650044187,112.32462310791016,10745700.0,0.0,0.0,138.02000427246094,112.32462310791016
2019-04-17,113.122178757171,114.05807670773044,112.03978519688371,112.7315444946289,9543700.0,0.0,0.0,138.52000427246094,112.7315444946289
2019-04-18,113.40698621250743,114.13129295158302,110.47719916791226,111.91767883300781,10485300.0,0.0,0.0,137.52000427246094,111.91767883300781
2019-04-22,111.47824646950488,112.70713569475006,111.0550645069149,112.17000579833984,4666500.0,0.0,0.0,137.8300018310547,112.17000579833984
2019-04-23,111.83633033495883,114.62776903044285,111.69798095617968,113.85462188720703,5790500.0,0.0,0.0,139.89999389648438,113.85462188720703
2019-04-24,113.65113241001235,114.04991280112718,113.00821343049665,113.284912109375,5676300.0,0.0,0.0,139.1999969482422,113.284912109375
2019-04-25,112.73153573488615,113.7488214360289,112.27579372766033,113.65115356445312,5218100.0,0.0,0.0,139.64999389648438,113.65115356445312
2019-04-26,113.83836217414664,114.35921204379791,113.37447385593639,114.25341033935547,4613600.0,0.0,0.0,140.38999938964844,114.25341033935547
2019-04-29,114.22082368627053,114.28591903198276,113.5941723259737,113.8057632446289,4275200.0,0.0,0.0,139.83999633789062,113.8057632446289
2019-04-30,114.09060492843885,115.11602423786147,113.08959947747611,114.91256713867188,6003700.0,0.0,0.0,141.1999969482422,114.91256713867188
2019-05-01,114.70915862426911,115.84852631312873,113.73256661813306,115.52298736572266,6656300.0,0.0,0.0,141.9499969482422,115.52298736572266
2019-05-02,115.49039226197966,115.68570313219152,114.03363245879096,114.97767639160156,8835600.0,0.0,0.0,141.27999877929688,114.97767639160156
2019-05-03,114.98582743861694,115.6368927456518,114.81493040156847,115.57178497314453,5281600.0,0.0,0.0,142.00999450683594,115.57178497314453
2019-05-06,114.13944516275218,115.75896832040334,113.87901408657147,115.63688659667969,5818900.0,0.0,0.0,142.08999633789062,115.63688659667969
2019-05-07,114.60334218033778,115.05908418069085,113.17099598718453,113.91158294677734,6606700.0,0.0,0.0,139.97000122070312,113.91158294677734
2019-05-08,114.09874833464646,114.6847058230191,113.69183410205639,113.76507568359375,4667300.0,0.0,0.0,139.7899932861328,113.76507568359375
2019-05-09,113.08150150806163,113.38262658764388,112.01538784018689,112.90245819091797,5604200.0,0.0,0.0,138.72999572753906,112.90245819091797
2019-05-10,112.65827493405456,113.32562027442556,111.0143502811146,113.16285705566406,4771600.0,0.0,0.0,139.0500030517578,113.16285705566406
2019-05-13,112.1862606710493,112.3571576973461,111.11200111932104,111.65726470947266,5560000.0,0.0,0.0,137.1999969482422,111.65726470947266
2019-05-14,111.52706094982186,112.1781262846482,111.27477608186076,111.34803009033203,7179400.0,0.0,0.0,136.82000732421875,111.34803009033203
2019-05-15,111.41314130227704,111.89330966109056,110.13543673231604,111.4212875366211,6429400.0,0.0,0.0,136.91000366210938,111.4212875366211
2019-05-16,111.8119102671331,113.27680422300915,111.47010374710183,112.47925567626953,6857200.0,0.0,0.0,138.2100067138672,112.47925567626953
2019-05-17,111.49452209364983,113.14659321590091,111.3805865823925,112.8047866821289,6915300.0,0.0,0.0,138.61000061035156,112.8047866821289
2019-05-20,112.80479881547689,113.089643833278,112.047931652256,112.6501693725586,4771100.0,0.0,0.0,138.4199981689453,112.6501693725586
2019-05-21,113.21983448544759,113.58606730161173,112.3734581782694,112.406005859375,4859000.0,0.0,0.0,138.1199951171875,112.406005859375
2019-05-22,112.59321190547918,113.08150170194727,111.89331868763786,112.92687225341797,5456800.0,0.0,0.0,138.75999450683594,112.92687225341797
2019-05-23,112.71524242744762,113.81391582265555,112.03976331118369,113.76507568359375,6951800.0,0.0,0.0,139.7899932861328,113.76507568359375
2019-05-24,114.30587266093269,114.30587266093269,113.53563754001263,113.77326965332031,5473300.0,0.95,0.0,138.85000610351562,113.77326965332031
2019-05-28,113.8962117973688,115.11711813714332,112.29838974397877,112.31478118896484,11919600.0,0.0,0.0,137.07000732421875,112.31478118896484
2019-05-29,111.34785256168189,111.34785256168189,105.30890095836455,107.61140441894531,23247400.0,0.0,0.0,131.3300018310547,107.61140441894531
2019-05-30,107.70157754234415,108.83234975882597,107.4803367819434,108.25057220458984,7360600.0,0.0,0.0,132.11000061035156,108.25057220458984
2019-05-31,107.76709835990356,108.16040542424089,106.20204706857375,107.46391296386719,7811000.0,0.0,0.0,131.14999389648438,107.46391296386719
2019-06-03,107.75072280153405,108.48817521874439,107.37379461968806,107.7015609741211,8434600.0,0.0,0.0,131.44000244140625,107.7015609741211
2019-06-04,108.65206974146454,110.04504242984054,108.63567829722241,109.5779800415039,6648900.0,0.0,0.0,133.72999572753906,109.5779800415039
2019-06-05,110.37278864839273,110.72513590863578,109.68449807402062,110.11058807373047,6860600.0,0.0,0.0,134.3800048828125,110.11058807373047
2019-06-06,110.5366600634472,112.79820398515255,110.28264897148918,111.99518585205078,9115800.0,0.0,0.0,136.67999267578125,111.99518585205078
2019-06-07,112.74083913683914,114.37963326631892,112.37211295830758,113.5274658203125,6533900.0,0.0,0.0,138.5500030517578,113.5274658203125
2019-06-10,113.56844474012874,114.01910314938499,112.74904762801528,113.91259002685547,4994700.0,0.0,0.0,139.02000427246094,113.91259002685547
2019-06-11,114.45337938657926,115.25639753594001,114.30589391200729,114.53532409667969,8230500.0,0.0,0.0,139.77999877929688,114.53532409667969
2019-06-12,114.96140370726049,117.1000304165709,114.96140370726049,116.0921630859375,9216500.0,0.0,0.0,141.67999267578125,116.0921630859375
2019-06-13,116.12495747674552,116.31341530803437,114.8876723625338,115.29737091064453,7500800.0,0.0,0.0,140.7100067138672,115.29737091064453
2019-06-14,115.72344166402036,115.93649289856425,114.74835717578041,114.7893295288086,6548100.0,0.0,0.0,140.08999633789062,114.7893295288086
2019-06-17,114.71557416336009,114.91223393443634,114.06825606761777,114.2567138671875,5562800.0,0.0,0.0,139.44000244140625,114.2567138671875
2019-06-18,115.17445527985909,115.47762820827717,114.5435160070629,114.904052734375,7122700.0,0.0,0.0,140.22999572753906,114.904052734375
2019-06-19,114.7237757387799,115.51040240309311,114.64184353610575,115.08431243896484,6393400.0,0.0,0.0,140.4499969482422,115.08431243896484
2019-06-20,115.73983207929291,116.68213367554999,115.53498281897558,116.52645874023438,7335800.0,0.0,0.0,142.2100067138672,116.52645874023438
2019-06-21,115.91191943182811,116.70672311718921,115.5431807338988,116.42813110351562,11272200.0,0.0,0.0,142.08999633789062,116.42813110351562
2019-06-24,116.69854012266394,117.74736747010951,116.4281375639151,117.22295379638672,5894700.0,0.0,0.0,143.05999755859375,117.22295379638672
2019-06-25,117.39500330248987,118.7961650706878,117.32945004681321,118.1898193359375,7517000.0,0.0,0.0,144.24000549316406,118.1898193359375
2019-06-26,117.8702467091232,117.8702467091232,115.3383008364717,116.23145294189453,7674100.0,0.0,0.0,141.85000610351562,116.23145294189453
2019-06-27,116.54285674930237,116.76409748748951,115.20724785552645,115.28099060058594,5233500.0,0.0,0.0,140.69000244140625,115.28099060058594
2019-06-28,115.32193544344813,115.61691885630995,113.49467117624584,114.1256103515625,12792400.0,0.0,0.0,139.27999877929688,114.1256103515625
2019-07-01,114.8794755888132,114.92863741633023,113.66677133236347,114.1911849975586,5872300.0,0.0,0.0,139.36000061035156,114.1911849975586
2019-07-02,114.07645611316079,114.74016571044922,113.64217668523116,114.74016571044922,4501200.0,0.0,0.0,140.02999877929688,114.74016571044922
2019-07-03,115.53499634525484,116.50187896570743,115.36291744511921,116.46910858154297,3436300.0,0.0,0.0,142.13999938964844,116.46910858154297
2019-07-05,116.14135612556807,116.2396797822528,115.01877353204833,115.18266296386719,4652400.0,0.0,0.0,140.57000732421875,115.18266296386719
2019-07-08,114.81391398020588,115.60054067237915,114.4206068856228,115.51040649414062,4078100.0,0.0,0.0,140.97000122070312,115.51040649414062
2019-07-09,115.9119135156778,116.73950004452956,115.46124263243895,115.87094116210938,4217400.0,0.0,0.0,141.41000366210938,115.87094116210938
2019-07-10,116.1741269001961,116.34620580298039,115.26459556378373,115.70707702636719,4874400.0,0.0,0.0,141.2100067138672,115.70707702636719
2019-07-11,115.48584919652252,115.70708995253005,113.91260799348933,114.80574798583984,5817400.0,0.0,0.0,140.11000061035156,114.80574798583984
2019-07-12,114.81392107872573,114.81392107872573,108.42263351032439,110.04503631591797,17780100.0,0.0,0.0,134.3000030517578,110.04503631591797
2019-07-15,110.93817310243645,111.73298929135038,110.16793782633368,110.38098907470703,10038200.0,0.0,0.0,134.7100067138672,110.38098907470703
2019-07-16,108.92244888205995,109.65991376289958,107.95556631987951,108.57011413574219,10214500.0,0.0,0.0,132.5,108.57011413574219
2019-07-17,108.56193956918483,109.45507951679258,107.67698909249685,108.04571533203125,8862100.0,0.0,0.0,131.86000061035156,108.04571533203125
2019-07-18,108.26695052530488,108.5783129434079,107.48032375202654,108.21778869628906,6203100.0,0.0,0.0,132.07000732421875,108.21778869628906
2019-07-19,108.36523617809657,108.47995123990407,106.67728062449872,106.77560424804688,8340200.0,0.0,0.0,130.30999755859375,106.77560424804688
2019-07-22,106.52161466077365,106.64451921494886,104.75171406261154,105.40723419189453,12624800.0,0.0,0.0,128.63999938964844,105.40723419189453
2019-07-23,105.3826481488052,106.07093862467889,105.01392200123044,105.57110595703125,5803600.0,0.0,0.0,128.83999633789062,105.57110595703125
2019-07-24,105.6039095596627,106.34955146999596,105.34989844155933,106.34136199951172,6838600.0,0.0,0.0,129.77999877929688,106.34136199951172
2019-07-25,106.57077223180828,107.77528682670865,106.25120790069222,107.4393310546875,8897800.0,0.0,0.0,131.1199951171875,107.4393310546875
2019-07-26,107.58683618913275,107.58683618913275,106.9231265727996,107.1197738647461,4894600.0,0.0,0.0,130.72999572753906,107.1197738647461
2019-07-29,107.34101499736339,109.23382020790449,106.69369682045806,108.99620056152344,7832000.0,0.0,0.0,133.02000427246094,108.99620056152344
2019-07-30,108.54551646322302,108.56190790329046,107.56224261026799,108.2259521484375,5509600.0,0.0,0.0,132.0800018310547,108.2259521484375
2019-07-31,107.86543910697114,108.16042257775807,106.6691137801663,106.70189666748047,8559200.0,0.0,0.0,130.22000122070312,106.70189666748047
2019-08-01,106.73465065717691,107.12797022648374,105.71860636064977,106.75923156738281,7870700.0,0.0,0.0,130.2899932861328,106.75923156738281
2019-08-02,107.22630520160126,107.72613793363278,106.33316536169481,107.39838409423828,6574900.0,0.0,0.0,131.07000732421875,107.39838409423828
2019-08-05,107.26727301985143,107.71794390721108,105.71041109106422,106.65272521972656,9480000.0,0.0,0.0,130.16000366210938,106.65272521972656
2019-08-06,106.80019492596446,107.52126823930514,106.18564721655052,107.15254211425781,7880600.0,0.0,0.0,130.77000427246094,107.15254211425781
2019-08-07,105.99717983793258,107.26724748984454,105.03848699827111,106.69367218017578,6771700.0,0.0,0.0,130.2100067138672,106.69367218017578
2019-08-08,107.3246179472137,108.11943405513945,106.71007018353953,107.898193359375,5260500.0,0.0,0.0,131.67999267578125,107.898193359375
2019-08-09,107.996536603546,108.78315079107924,107.5294742710049,108.19318389892578,4677300.0,0.0,0.0,132.0399932861328,108.19318389892578
2019-08-12,107.75073069976466,108.73400482912271,107.57865178819777,108.10306549072266,6852100.0,0.0,0.0,131.92999267578125,108.10306549072266
2019-08-13,108.40623860148791,109.88115587897222,108.16041697140595,109.32395935058594,5013200.0,0.0,0.0,133.4199981689453,109.32395935058594
2019-08-14,108.59469989011315,108.60288936027383,106.6281517928718,106.73466491699219,7736200.0,0.0,0.0,130.25999450683594,106.73466491699219
2019-08-15,106.66092313157363,107.39838805189837,105.90707927078086,106.96409606933594,7251200.0,0.0,0.0,130.5399932861328,106.96409606933594
2019-08-16,107.72614340216873,107.89002033018492,107.0132718886438,107.6360092163086,5858900.0,0.0,0.0,131.36000061035156,107.6360092163086
2019-08-19,108.57012945222043,108.6274932579037,108.01294535534396,108.36528015136719,4958000.0,0.0,0.0,132.25,108.36528015136719
2019-08-20,108.12763266860213,108.70120806294712,106.89853717943178,107.01325225830078,7302000.0,0.0,0.0,130.60000610351562,107.01325225830078
2019-08-21,107.9145874390155,108.49636483750717,107.21810745829345,107.7752914428711,6912800.0,0.0,0.0,131.52999877929688,107.7752914428711
2019-08-22,107.83266603884492,108.2669455123881,107.1771458419659,107.56226348876953,7213500.0,0.0,0.0,131.27000427246094,107.56226348876953
2019-08-23,107.39836438490926,107.55403930309791,104.16993214550794,104.66157531738281,15714000.0,0.0,0.0,127.7300033569336,104.66157531738281
2019-08-26,105.18991589274063,105.73477329898651,104.53774095117983,105.50362396240234,8889500.0,0.95,0.0,127.80000305175781,105.50362396240234
2019-08-27,107.22076986585044,109.30111442961277,106.57685189182439,107.02263641357422,20183800.0,0.0,0.0,129.63999938964844,107.02263641357422
2019-08-28,105.55317628280372,106.3869642361575,104.85147099302795,106.23011016845703,9878800.0,0.0,0.0,128.67999267578125,106.23011016845703
2019-08-29,106.36220469169031,106.65939857321547,104.70287953458158,105.86688995361328,6749900.0,0.0,0.0,128.24000549316406,105.86688995361328
2019-08-30,105.89165469125928,106.57685204340457,105.35505427935816,105.96595001220703,7371100.0,0.0,0.0,128.36000061035156,105.96595001220703
2019-09-03,105.66049630600168,106.47777630735857,105.26424200767346,106.27965545654297,5710200.0,0.0,0.0,128.74000549316406,106.27965545654297
2019-09-04,106.89880794012832,106.98135409545118,105.73479755881233,106.37871551513672,4807200.0,0.0,0.0,128.86000061035156,106.37871551513672
2019-09-05,107.2372471083577,107.2372471083577,105.92464635239743,106.14754486083984,4754100.0,0.0,0.0,128.5800018310547,106.14754486083984
2019-09-06,106.39523332515073,106.68416377344026,105.72655024030955,105.84212493896484,6758300.0,0.0,0.0,128.2100067138672,105.84212493896484
2019-09-09,105.66871900088884,105.80080792284626,104.50470899493837,104.8019027709961,7684700.0,0.0,0.0,126.94999694824219,104.8019027709961
2019-09-10,105.12388370887876,106.94832611083984,104.29834666841948,106.94832611083984,8239500.0,0.0,0.0,129.5500030517578,106.94832611083984
2019-09-11,107.20423126464236,108.376492248652,106.56031343675953,108.28568267822266,6203600.0,0.0,0.0,131.1699981689453,108.28568267822266
2019-09-12,108.44254542154313,108.78101862910027,107.36934475670328,107.67478942871094,5250000.0,0.0,0.0,130.42999267578125,107.67478942871094
2019-09-13,108.41780072061556,108.61593418111141,107.28681880077575,107.96375274658203,5369800.0,0.0,0.0,130.77999877929688,107.96375274658203
2019-09-16,107.41063330251534,107.93897654617751,106.76671536794882,106.94007110595703,5101700.0,0.0,0.0,129.5399932861328,106.94007110595703
2019-09-17,106.98961275235133,107.73259110057327,106.58509504022813,107.04739379882812,4976400.0,0.0,0.0,129.6699981689453,107.04739379882812
2019-09-18,107.23727030049307,107.78212784043521,106.3126727272801,107.6583023071289,4373600.0,0.0,0.0,130.41000366210938,107.6583023071289
2019-09-19,107.01435980125886,108.30219543912185,106.7914612957228,107.41061401367188,4730100.0,0.0,0.0,130.11000061035156,107.41061401367188
2019-09-20,108.14533658236026,108.9708735028363,107.55919982627704,108.68193054199219,12053100.0,0.0,0.0,131.64999389648438,108.68193054199219
2019-09-23,108.16186841649144,109.01217057496018,107.72433478530641,108.75625610351562,5183700.0,0.0,0.0,131.74000549316406,108.75625610351562
2019-09-24,109.05345128627486,109.61481044386056,108.42603505521329,108.59940338134766,7102600.0,0.0,0.0,131.5500030517578,108.59940338134766
2019-09-25,108.55813488890114,108.61592853563688,107.5096991845719,108.13711547851562,4522900.0,0.0,0.0,130.99000549316406,108.13711547851562
2019-09-26,108.21967107879762,108.4012902748197,105.69352920265186,106.37047576904297,7545800.0,0.0,0.0,128.85000610351562,106.37047576904297
2019-09-27,106.17229807515746,106.82446666433881,104.59551961954958,106.16404724121094,6006500.0,0.0,0.0,128.60000610351562,106.16404724121094
2019-09-30,106.55207654949419,107.5509693582771,106.49428290770379,106.80799102783203,6552100.0,0.0,0.0,129.3800048828125,106.80799102783203
2019-10-01,107.3363343184507,107.98025223101398,107.1299500491241,107.31156921386719,7673000.0,0.0,0.0,129.99000549316406,107.31156921386719
2019-10-02,109.59828982850057,111.19983365675293,108.32696836502431,108.97088623046875,12051800.0,0.0,0.0,132.0,108.97088623046875
2019-10-03,108.67369710111063,109.27633562243778,107.32806767442115,108.30220794677734,6997600.0,0.0,0.0,131.19000244140625,108.30220794677734
2019-10-04,108.42602619612911,110.39080828053592,108.35173088958304,110.34127807617188,7233300.0,0.0,0.0,133.66000366210938,110.34127807617188
2019-10-07,109.87071131006245,110.47336236227527,109.08645371506812,109.92850494384766,5427200.0,0.0,0.0,133.16000366210938,109.92850494384766
2019-10-08,109.34239960693753,110.01108272338193,108.54989094918787,108.83882141113281,7870400.0,0.0,0.0,131.83999633789062,108.83882141113281
2019-10-09,108.26095624297997,108.35176584584255,106.09805264332473,106.6759262084961,7787700.0,0.0,0.0,129.22000122070312,106.6759262084961
2019-10-10,106.45300602834934,107.41888291923352,106.1888407078656,106.54381561279297,5119700.0,0.0,0.0,129.05999755859375,106.54381561279297
2019-10-11,108.26092396634735,109.48271522511925,107.99675867104041,108.41777801513672,7161400.0,0.0,0.0,131.3300018310547,108.41777801513672
2019-10-14,108.44255068266135,108.44255068266135,107.66654381664137,107.9142074584961,5700000.0,0.0,0.0,130.72000122070312,107.9142074584961
2019-10-15,109.79643374613849,110.82835511593302,109.05345539856499,109.66434478759766,10008800.0,0.0,0.0,132.83999633789062,109.66434478759766
2019-10-16,111.36495392559746,112.76011369236346,110.45687063957779,111.58785247802734,12434200.0,0.0,0.0,135.1699981689453,111.58785247802734
2019-10-17,112.24001251472646,113.5030830770662,111.98408547159237,112.41336822509766,8434000.0,0.0,0.0,136.1699981689453,112.41336822509766
2019-10-18,110.0523211256602,110.94390248117925,105.42105865478516,105.42105865478516,25868700.0,0.0,0.0,127.69999694824219,105.42105865478516
2019-10-21,106.22187400769499,107.04741123874574,104.89275856183536,105.6852798461914,13823600.0,0.0,0.0,128.02000427246094,105.6852798461914
2019-10-22,106.29617016935165,107.7656254444164,105.74306173181142,106.65940856933594,7613700.0,0.0,0.0,129.1999969482422,106.65940856933594
2019-10-23,107.03913807888455,107.71607191689252,106.55207423734646,107.23725891113281,6693400.0,0.0,0.0,129.89999389648438,107.23725891113281
2019-10-24,107.6665482930839,107.7986372537911,104.10022823251784,105.2559814453125,12111600.0,0.0,0.0,127.5,105.2559814453125
2019-10-25,105.5284197738352,106.57685552490364,105.09913691095163,105.95770263671875,6947300.0,0.0,0.0,128.35000610351562,105.95770263671875
2019-10-28,106.18056931826617,107.31981445651634,106.08975974062744,106.64286804199219,7876300.0,0.0,0.0,129.17999267578125,106.64286804199219
2019-10-29,107.07215866864352,107.29505721129875,106.13104688450599,106.59334564208984,4506300.0,0.0,0.0,129.1199951171875,106.59334564208984
2019-10-30,110.04409739422846,110.23396739919566,108.74799810735225,109.66434478759766,9627600.0,0.0,0.0,132.83999633789062,109.66434478759766
2019-10-31,109.2846060687841,109.66434608320486,108.05455124664607,109.00391387939453,7686700.0,0.0,0.0,132.0399932861328,109.00391387939453
2019-11-01,109.01218986971013,109.79644769102067,108.26094799387984,108.31047821044922,5541800.0,0.0,0.0,131.1999969482422,108.31047821044922
2019-11-04,108.80579630153788,108.92962183241396,107.39412226606589,107.50969696044922,6140300.0,0.0,0.0,130.22999572753906,107.50969696044922
2019-11-05,107.75734399802944,108.5333507963507,107.05563250677426,107.66653442382812,6257300.0,0.0,0.0,130.4199981689453,107.66653442382812
2019-11-06,107.66652295797735,108.54159007253055,107.07213537135749,108.11231994628906,5450000.0,0.0,0.0,130.9600067138672,108.11231994628906
2019-11-07,108.74800699107574,109.28461370522264,108.15361922578231,108.5003433227539,5873700.0,0.0,0.0,131.42999267578125,108.5003433227539
2019-11-08,108.3930294994025,109.82945606771672,108.12060073034705,109.79644012451172,5003000.0,0.0,0.0,133.0,109.79644012451172
2019-11-11,109.19378901910832,109.40017328139764,108.41778217742916,108.95437622070312,4371400.0,0.0,0.0,131.97999572753906,108.95437622070312
2019-11-12,108.97090502795373,109.0452003490836,108.16188213891238,108.43431091308594,5228700.0,0.0,0.0,131.35000610351562,108.43431091308594
2019-11-13,108.17837301792005,108.54987477989393,107.9142077035855,108.36825561523438,5885400.0,0.0,0.0,131.27000427246094,108.36825561523438
2019-11-14,108.17010098006656,108.44252967365847,107.43537362948003,108.11231994628906,4217500.0,0.0,0.0,130.9600067138672,108.11231994628906
2019-11-15,108.35173836152677,111.42273721082341,107.96373493832508,111.3979721069336,10495100.0,0.0,0.0,134.94000244140625,111.3979721069336
2019-11-18,110.80358133094853,112.01712177449942,109.51574557779954,111.30715942382812,9291800.0,0.0,0.0,134.8300018310547,111.30715942382812
2019-11-19,111.44747975341473,111.60433377742748,110.7953111551805,111.29888916015625,5192200.0,0.0,0.0,134.82000732421875,111.29888916015625
2019-11-20,111.53832104877074,112.5537281816781,110.67976798450289,112.22351837158203,7594400.0,0.0,0.0,135.94000244140625,112.22351837158203
2019-11-21,112.22346971613531,112.974711194598,111.44746314248738,112.63623809814453,6424900.0,0.0,0.0,136.44000244140625,112.63623809814453
2019-11-22,112.80961431384686,114.44418647397487,112.68578881536457,113.98188781738281,9235800.0,0.0,0.0,138.07000732421875,113.98188781738281
2019-11-25,113.93201444778911,114.42245274116469,113.25039070993907,114.0317611694336,6111900.0,0.95,0.0,137.17999267578125,114.0317611694336
2019-11-26,113.44156815422441,114.16475720308108,112.3443035576464,114.02344512939453,10636500.0,0.0,0.0,137.1699981689453,114.02344512939453
2019-11-27,114.01516920821183,114.92123594474447,113.79903435379354,114.50560760498047,5523000.0,0.0,0.0,137.75,114.50560760498047
2019-11-29,114.38092085615163,114.93786129319092,113.83228841943713,114.28948211669922,3278900.0,0.0,0.0,137.49000549316406,114.28948211669922
2019-12-02,114.48067228812556,114.58873971662683,113.75748302715975,114.1814193725586,4717100.0,0.0,0.0,137.36000061035156,114.1814193725586
2019-12-03,113.80732260808618,114.25619550617468,113.18388027609473,114.01513671875,5741400.0,0.0,0.0,137.16000366210938,114.01513671875
2019-12-04,115.12904005382725,116.15980281259584,114.74665643371284,115.86054992675781,7257300.0,0.0,0.0,139.3800048828125,115.86054992675781
2019-12-05,115.83562843438372,116.16812604715574,114.67186142173988,116.01018524169922,5472900.0,0.0,0.0,139.55999755859375,116.01018524169922
2019-12-06,115.92704086616071,117.68930064498387,115.92704086616071,116.6917953491211,6640400.0,0.0,0.0,140.3800048828125,116.6917953491211
2019-12-09,116.70011857472893,117.04924483963511,116.42580236288059,116.79155731201172,4241000.0,0.0,0.0,140.5,116.79155731201172
2019-12-10,117.04089986124595,117.20714859906141,116.30108219659631,116.36758422851562,5310300.0,0.0,0.0,139.99000549316406,116.36758422851562
2019-12-11,117.14898639107496,118.02180835668698,116.89961955858789,117.1905517578125,6631500.0,0.0,0.0,140.97999572753906,117.1905517578125
2019-12-12,117.47319112903462,118.08831290748824,116.98274008549564,117.48980712890625,5012400.0,0.0,0.0,141.33999633789062,117.48980712890625
2019-12-13,117.29032043771382,117.87219756608555,116.63362056971778,117.5230712890625,4257200.0,0.0,0.0,141.3800048828125,117.5230712890625
2019-12-16,117.81397246790056,118.74498831194765,117.61447903872148,117.86384582519531,5353100.0,0.0,0.0,141.7899932861328,117.86384582519531
2019-12-17,118.86967297553194,119.74249478941839,118.47067342894299,119.33517456054688,10722400.0,0.0,0.0,143.55999755859375,119.33517456054688
2019-12-18,119.46816801634768,119.6011720813752,118.6535403149942,119.02760314941406,7849200.0,0.0,0.0,143.19000244140625,119.02760314941406
2019-12-19,119.60954819415859,121.26375389956478,119.37679728979641,120.82318878173828,9414700.0,0.0,0.0,145.35000610351562,120.82318878173828
2019-12-20,122.09498188421189,122.892981172204,120.36596651493566,121.41334533691406,14532800.0,0.0,0.0,146.05999755859375,121.41334533691406
2019-12-23,121.14733285796527,121.99520539737291,120.81482263116678,121.72920989990234,6558700.0,0.0,0.0,146.44000244140625,121.72920989990234
2019-12-24,121.3634461171174,121.37175411569173,120.74831175550105,121.30525207519531,4238900.0,0.0,0.0,145.92999267578125,121.30525207519531
2019-12-26,121.33855103792033,121.51310785559822,120.66523508750518,121.22217559814453,3019300.0,0.0,0.0,145.8300018310547,121.22217559814453
2019-12-27,121.5297178572817,121.8206627539744,120.981085432417,121.15565490722656,3432700.0,0.0,0.0,145.75,121.15565490722656
2019-12-30,121.1805929617259,121.52971923132264,120.55715047659535,120.7815933227539,2923300.0,0.0,0.0,145.3000030517578,120.7815933227539
2019-12-31,120.61536590049869,121.37179994332972,120.34935763807349,121.25542449951172,4435000.0,0.0,0.0,145.8699951171875,121.25542449951172
2020-01-02,121.25540075741692,121.38009686250247,120.5987135995902,121.33853149414062,5777000.0,0.0,0.0,145.97000122070312,121.33853149414062
2020-01-03,119.2853214318726,120.8397672062959,118.86969313420057,119.93370056152344,5752400.0,0.0,0.0,144.27999877929688,119.93370056152344
2020-01-06,119.70094214811974,119.86719091986514,118.74500219760746,119.78407287597656,7731300.0,0.0,0.0,144.10000610351562,119.78407287597656
2020-01-07,119.70925930084596,120.90627084329115,117.52306305148903,120.51557922363281,7382900.0,0.0,0.0,144.97999572753906,120.51557922363281
2020-01-08,120.42409392053143,121.34678890402125,119.45152558938771,120.49891662597656,6605800.0,0.0,0.0,144.9600067138672,120.49891662597656
2020-01-09,121.16394512919926,121.38838793988812,120.52388674474145,120.85638427734375,6112700.0,0.0,0.0,145.38999938964844,120.85638427734375
2020-01-10,121.15562309685892,121.51305726880652,120.44905006696136,120.5820541381836,5042600.0,0.0,0.0,145.05999755859375,120.5820541381836
2020-01-13,120.93120487234583,121.18889238519424,120.29945443168619,121.11408233642578,4593200.0,0.0,0.0,145.6999969482422,121.11408233642578
2020-01-14,120.57380493225352,121.87056354905657,120.30779666010288,121.7957534790039,7037500.0,0.0,0.0,146.52000427246094,121.7957534790039
2020-01-15,121.69597398987027,122.5272306774622,121.5629825596731,122.20304107666016,4960300.0,0.0,0.0,147.00999450683594,122.20304107666016
2020-01-16,122.54387383461815,123.72425694832029,121.52973954127357,123.19225311279297,6476000.0,0.0,0.0,148.1999969482422,123.19225311279297
2020-01-17,123.36679234970218,124.1980489315063,122.96778005797864,123.99854278564453,9083600.0,0.0,0.0,149.1699981689453,123.99854278564453
2020-01-21,123.5081187897566,124.8298138641635,123.441616733413,124.0816879272461,9543900.0,0.0,0.0,149.27000427246094,124.0816879272461
2020-01-22,121.9453297558886,124.00684238764853,121.36345272482346,123.23377990722656,10305300.0,0.0,0.0,148.25,123.23377990722656
2020-01-23,123.0591867726687,123.6660130519635,121.99517963950277,123.46650695800781,8671900.0,0.0,0.0,148.52999877929688,123.46650695800781
2020-01-24,123.50813727817473,123.81569823632984,122.96781274598858,123.2920150756836,9051900.0,0.0,0.0,148.32000732421875,123.2920150756836
2020-01-27,122.62697203890616,124.23961180468567,122.19471507352941,123.6494140625,7587100.0,0.0,0.0,148.75,123.6494140625
2020-01-28,123.40833368206188,125.16228523544879,123.15063353735536,124.27283477783203,7336600.0,0.0,0.0,149.5,124.27283477783203
2020-01-29,124.2313005678032,125.67769166733434,123.96530504240032,125.13736724853516,6288600.0,0.0,0.0,150.5399932861328,125.13736724853516
2020-01-30,124.7134157575494,125.112415339083,123.89878791242762,124.98773193359375,6470600.0,0.0,0.0,150.36000061035156,124.98773193359375
2020-01-31,124.4806936261165,124.68850780579282,123.5579981609948,123.74918365478516,8651700.0,0.0,0.0,148.8699951171875,123.74918365478516
2020-02-03,124.2063534186795,125.0958040243623,124.05673332649089,124.82979583740234,5765200.0,0.0,0.0,150.1699981689453,124.82979583740234
2020-02-04,125.92703967996124,126.97441820333202,125.6859682150483,126.01847839355469,6541400.0,0.0,0.0,151.60000610351562,126.01847839355469
2020-02-05,126.11821722181188,128.03010940582564,125.77739906663385,128.0051727294922,5979900.0,0.0,0.0,153.99000549316406,128.0051727294922
2020-02-06,128.22132372803836,128.42913786698168,126.96613089504923,127.62281799316406,6201200.0,0.0,0.0,153.52999877929688,127.62281799316406
2020-02-07,127.46490222507686,127.5646616564397,125.97695827927357,126.25958251953125,5700300.0,0.0,0.0,151.88999938964844,126.25958251953125
2020-02-10,126.08499398755676,126.2761921364797,125.42830685977468,126.23462677001953,4835600.0,0.0,0.0,151.86000061035156,126.23462677001953
2020-02-11,126.59207926912084,126.66690201312481,125.96863673423641,126.34271240234375,3715300.0,0.0,0.0,151.99000549316406,126.34271240234375
2020-02-12,126.24292252220609,126.47567333103974,125.45323137195138,125.59454345703125,5166800.0,0.0,0.0,151.08999633789062,125.59454345703125
2020-02-13,124.82151498289265,125.55301228817375,124.58876411067078,124.76332092285156,5480200.0,0.0,0.0,150.08999633789062,124.76332092285156
2020-02-14,125.15398115571145,125.22048320020268,123.98190640399366,124.79654693603516,5716300.0,0.0,0.0,150.1300048828125,124.79654693603516
2020-02-18,125.07915964197471,125.30360243605446,123.90708499774003,123.97358703613281,7230700.0,0.0,0.0,149.13999938964844,123.97358703613281
2020-02-19,124.03183119042842,124.48901227765343,123.50813535396892,123.80738830566406,6115200.0,0.0,0.0,148.94000244140625,123.80738830566406
2020-02-20,123.53304802711901,124.17311918235981,122.52722192602633,123.33354187011719,7464700.0,0.0,0.0,148.3699951171875,123.33354187011719
2020-02-21,123.10074803525025,124.88795677211128,122.64355451261301,124.63025665283203,7776800.0,0.0,0.0,149.92999267578125,124.63025665283203
2020-02-24,122.55562315278303,124.64701603934928,121.5099267094999,122.06205749511719,10588900.0,0.95,0.0,145.91000366210938,122.06205749511719
2020-02-25,122.1290227710816,122.7648018171726,120.3220556739557,121.00802612304688,10529000.0,0.0,0.0,144.64999389648438,121.00802612304688
2020-02-26,121.59361812410579,122.3214189469953,120.12126899201363,120.1965560913086,10093800.0,0.0,0.0,143.67999267578125,120.1965560913086
2020-02-27,119.25961044227937,121.10840775067084,116.23963798254384,116.38185119628906,12566700.0,0.0,0.0,139.1199951171875,116.38185119628906
2020-02-28,113.23637271749396,114.85092183829299,109.4384089943456,112.50019836425781,19820300.0,0.0,0.0,134.47999572753906,112.50019836425781
2020-03-02,112.75120778828295,117.226795080978,112.10705500219876,117.13477325439453,11508200.0,0.0,0.0,140.02000427246094,117.13477325439453
2020-03-03,117.11802328735027,117.94621961880023,111.34578295984291,113.42880249023438,13662500.0,0.0,0.0,135.58999633789062,113.42880249023438
2020-03-04,115.1772010273167,120.16308806918892,114.72546570934075,120.02923583984375,10560500.0,0.0,0.0,143.47999572753906,120.02923583984375
2020-03-05,117.78724205300227,119.35996071850245,116.98414162169607,118.79946899414062,11339200.0,0.0,0.0,142.00999450683594,118.79946899414062
2020-03-06,115.84642008924548,119.63602261510572,114.95131065735463,118.81620025634766,12239100.0,0.0,0.0,142.02999877929688,118.81620025634766
2020-03-09,114.04783263821624,116.85029130518225,112.85154933004682,114.13985443115234,13848600.0,0.0,0.0,136.44000244140625,114.13985443115234
2020-03-10,117.09292582209613,118.74930569514643,112.29108234443764,118.48997497558594,12698100.0,0.0,0.0,141.63999938964844,118.48997497558594
2020-03-11,115.52018682673582,116.07231767165703,110.00727764917404,110.25824737548828,17763400.0,0.0,0.0,131.8000030517578,110.25824737548828
2020-03-12,106.50212027066658,111.89791293346168,104.15139602524435,104.91266632080078,21539200.0,0.0,0.0,125.41000366210938,104.91266632080078
2020-03-13,108.18358520132662,112.86829794773293,104.27685815553583,112.34126281738281,20084200.0,0.0,0.0,134.2899932861328,112.34126281738281
2020-03-16,103.37336024131403,111.89787272137136,102.41968566114049,106.35150146484375,18877900.0,0.0,0.0,127.12999725341797,106.35150146484375
2020-03-17,107.53944292940959,114.41594492215998,106.92038593516335,114.2653579711914,18911800.0,0.0,0.0,136.58999633789062,114.2653579711914
2020-03-18,109.60573395353963,113.4957200417997,107.67328875750653,112.90177154541016,17521100.0,0.0,0.0,134.9600067138672,112.90177154541016
2020-03-19,112.9268739014493,112.9268739014493,105.53170409124824,106.28460693359375,18482300.0,0.0,0.0,127.05000305175781,106.28460693359375
2020-03-20,106.1005628583308,106.61086331695918,98.8225105896972,100.29485321044922,19785100.0,0.0,0.0,119.88999938964844,100.29485321044922
2020-03-23,97.87720175719085,99.18222907157723,91.31859574574334,92.9749755859375,20815200.0,0.0,0.0,111.13999938964844,92.9749755859375
2020-03-24,99.34953708730414,100.09407250140869,95.25040543888326,99.70088958740234,17604800.0,0.0,0.0,119.18000030517578,99.70088958740234
2020-03-25,99.47503741660624,103.69964819889782,97.62624005908886,99.88494873046875,13986100.0,0.0,0.0,119.4000015258789,99.88494873046875
2020-03-26,100.86370559968614,106.32642332472885,100.70475768261117,105.88304901123047,15066800.0,0.0,0.0,126.56999969482422,105.88304901123047
2020-03-27,101.76718471856837,106.76143222680312,100.8720687693193,103.03038787841797,12133200.0,0.0,0.0,123.16000366210938,103.03038787841797
2020-03-30,107.46412247493147,112.09028186341942,106.66102210373522,111.27044677734375,21754000.0,0.0,0.0,133.00999450683594,111.27044677734375
2020-03-31,112.92686533205017,113.52918756021965,108.79427056399578,109.69775390625,15746100.0,0.0,0.0,131.1300048828125,109.69775390625
2020-04-01,106.82835608058348,108.94484485847839,104.98793272130753,107.7569351196289,12606100.0,0.0,0.0,128.80999755859375,107.7569351196289
2020-04-02,108.01628612814592,112.09869027670725,106.42683219285013,111.38761138916016,11594500.0,0.0,0.0,133.14999389648438,111.38761138916016
2020-04-03,110.7434435093373,112.75953661068989,110.07419521275304,112.24087524414062,10071200.0,0.0,0.0,134.1699981689453,112.24087524414062
2020-04-06,114.61669641797268,117.92946851879779,113.38695632307052,116.91722869873047,14994400.0,0.0,0.0,139.75999450683594,116.91722869873047
2020-04-07,117.00092132881952,118.81624939932192,114.82586692981813,115.0099105834961,11567100.0,0.0,0.0,137.47999572753906,115.0099105834961
2020-04-08,115.23575857838269,120.57299779729146,114.85931037737618,119.84518432617188,10758200.0,0.0,0.0,143.25999450683594,119.84518432617188
2020-04-09,120.47261626678846,121.65216516338957,117.35226100603437,118.14698791503906,11125400.0,0.0,0.0,141.22999572753906,118.14698791503906
2020-04-13,117.1180332854911,118.3645083779479,115.31106627980746,116.92562866210938,8153200.0,0.0,0.0,139.77000427246094,116.92562866210938
2020-04-14,121.65216746596931,123.32528215442692,120.50608798912853,122.16246795654297,13838000.0,0.0,0.0,146.02999877929688,122.16246795654297
2020-04-15,121.76093300375074,123.73520899262614,120.07944444808152,123.52606964111328,11962300.0,0.0,0.0,147.66000366210938,123.52606964111328
2020-04-16,124.06981630391431,126.0524531029909,122.50545817231223,125.20753479003906,12181700.0,0.0,0.0,149.6699981689453,125.20753479003906
2020-04-17,127.14829756177784,127.4076281782589,125.14892692828474,127.17339324951172,10920000.0,0.0,0.0,152.02000427246094,127.17339324951172
2020-04-20,126.26158874683559,127.99326850670207,125.55888366957885,126.88064575195312,12226200.0,0.0,0.0,151.6699981689453,126.88064575195312
2020-04-21,125.58397622684173,126.8555468811601,124.2873226398753,125.21588897705078,9951100.0,0.0,0.0,149.67999267578125,125.21588897705078
2020-04-22,127.83432210220552,129.66638467646212,126.93083866429055,127.98490905761719,11515600.0,0.0,0.0,152.99000549316406,127.98490905761719
2020-04-23,129.03897513938819,131.33950792145183,128.57886603000495,130.09303283691406,10665000.0,0.0,0.0,155.50999450683594,130.09303283691406
2020-04-24,130.14321663111858,130.75389984533808,128.52865451179508,129.54925537109375,8653400.0,0.0,0.0,154.86000061035156,129.54925537109375
2020-04-27,129.50747750699776,130.5448135062682,128.8298679064899,129.0724639892578,8924000.0,0.0,0.0,154.2899932861328,129.0724639892578
2020-04-28,126.52932868232055,128.0769652465257,126.06921947959563,126.64644622802734,8558700.0,0.0,0.0,151.38999938964844,126.64644622802734
2020-04-29,126.63803137446139,126.84717067174259,124.7808733934164,125.68435668945312,9285200.0,0.0,0.0,150.24000549316406,125.68435668945312
2020-04-30,124.19529484656844,125.84330088401305,123.10776786951747,125.51704406738281,14829600.0,0.0,0.0,150.0399932861328,125.51704406738281
2020-05-01,125.16570814799336,125.20753856897369,122.79824928685223,124.05308532714844,7309000.0,0.0,0.0,148.2899932861328,124.05308532714844
2020-05-04,124.45458678292378,124.71391740704505,123.04916440418903,124.03630828857422,7198400.0,0.0,0.0,148.27000427246094,124.03630828857422
2020-05-05,124.6470137886379,126.13608447579749,124.34585270781638,125.06529235839844,6562300.0,0.0,0.0,149.5,125.06529235839844
2020-05-06,125.4835839729546,125.75128841255835,123.84392619250721,123.87739562988281,6191600.0,0.0,0.0,148.0800018310547,123.87739562988281
2020-05-07,124.95656215053121,125.090414384596,123.08268193303059,123.46749114990234,5570500.0,0.0,0.0,147.58999633789062,123.46749114990234
2020-05-08,124.58010074007417,124.79760102379525,123.71844781726534,124.39605712890625,4712100.0,0.0,0.0,148.6999969482422,124.39605712890625
2020-05-11,124.18691337571784,125.56724041005606,123.9108479688502,124.73904418945312,5887500.0,0.0,0.0,149.11000061035156,124.73904418945312
2020-05-12,125.567241242909,125.76800680207177,122.99900450325276,123.09102630615234,7039200.0,0.0,0.0,147.13999938964844,123.09102630615234
2020-05-13,122.20426172995833,124.605176503153,122.14569660629591,123.08264923095703,6970500.0,0.0,0.0,147.1300048828125,123.08264923095703
2020-05-14,121.62704659693843,123.60968300771486,120.68173290883348,123.5093002319336,6871400.0,0.0,0.0,147.63999938964844,123.5093002319336
2020-05-15,123.70174863979862,125.8851641406618,121.85296378486221,125.8517074584961,10340400.0,0.0,0.0,150.44000244140625,125.8517074584961
2020-05-18,127.56664399617101,128.51194518899985,125.86843347572588,125.91862487792969,7388400.0,0.0,0.0,150.52000427246094,125.91862487792969
2020-05-19,125.56722526122017,126.4037823575245,124.14506798562418,124.66374206542969,6107300.0,0.0,0.0,149.02000427246094,124.66374206542969
2020-05-20,125.27446551873065,125.80986172220659,123.19980682586794,123.54278564453125,5713400.0,0.0,0.0,147.67999267578125,123.54278564453125
2020-05-21,124.22877059054976,124.22877059054976,121.98680294540509,122.73133850097656,6487300.0,0.0,0.0,146.7100067138672,122.73133850097656
2020-05-22,121.77944343871643,123.22828429472163,121.3498335455189,121.6109619140625,6140900.0,1.01,0.0,144.3699951171875,121.6109619140625
2020-05-26,123.14407151526916,123.35466059362393,121.5520185970406,121.77102661132812,7072300.0,0.0,0.0,144.55999755859375,121.77102661132812
2020-05-27,121.56883679704094,122.35222178932761,120.46533952489442,122.0489730834961,7950000.0,0.0,0.0,144.88999938964844,122.0489730834961
2020-05-28,123.00085064081351,124.76137193840954,122.82395019094263,123.80108642578125,6189600.0,0.0,0.0,146.97000122070312,123.80108642578125
2020-05-29,124.63501278888668,125.805887240389,122.4196121581063,125.30046844482422,8504000.0,0.0,0.0,148.75,125.30046844482422
2020-06-01,124.07065522611413,124.955131922151,122.99244017774029,123.9864273071289,6141800.0,0.0,0.0,147.19000244140625,123.9864273071289
2020-06-02,123.87692734606652,124.96357427553775,123.08511029131095,124.87933349609375,6078300.0,0.0,0.0,148.25,124.87933349609375
2020-06-03,125.10678048063164,125.62903735373774,123.36309650234917,125.21627807617188,6339500.0,0.0,0.0,148.64999389648438,125.21627807617188
2020-06-04,123.65794726486175,124.98044039835784,122.63027121938111,123.5989761352539,8170500.0,0.0,0.0,146.72999572753906,123.5989761352539
2020-06-05,124.40759709895025,126.05018922211947,123.48943186770904,124.0790786743164,9725400.0,0.0,0.0,147.3000030517578,124.0790786743164
2020-06-08,122.88294801859232,124.34022090002897,122.76501864414087,123.63264465332031,7555600.0,0.0,0.0,146.77000427246094,123.63264465332031
2020-06-09,124.87931518660288,125.78906148719233,122.68918377555384,122.95032501220703,8247200.0,0.0,0.0,145.9600067138672,122.95032501220703
2020-06-10,123.48944201253582,126.37871802893807,123.48944201253582,124.5002670288086,10137100.0,0.0,0.0,147.8000030517578,124.5002670288086
2020-06-11,125.15732419728931,125.65431142320519,118.56167158214811,118.66275024414062,11913300.0,0.0,0.0,140.8699951171875,118.66275024414062
2020-06-12,120.32217181710378,121.05503054452414,118.16574172753806,119.7409439086914,8687400.0,0.0,0.0,142.14999389648438,119.7409439086914
2020-06-15,118.77221431225801,119.95150775274806,117.41602042902721,118.98280334472656,8649600.0,0.0,0.0,141.25,118.98280334472656
2020-06-16,121.37510230128979,122.49543759456452,120.26319879618651,121.68678283691406,7579100.0,0.0,0.0,144.4600067138672,121.68678283691406
2020-06-17,122.05740391063875,122.49543271804068,120.85284075695238,121.3161392211914,5100100.0,0.0,0.0,144.02000427246094,121.3161392211914
2020-06-18,120.0526485265716,121.4004111758098,119.50510910531314,120.8023452758789,4797400.0,0.0,0.0,143.41000366210938,120.8023452758789
2020-06-19,122.80714708242901,122.88296893510494,120.66756725223935,121.15613555908203,12206900.0,0.0,0.0,143.8300018310547,121.15613555908203
2020-06-22,120.85288200236936,121.01293178585063,119.63988664686865,120.78549194335938,5285600.0,0.0,0.0,143.38999938964844,120.78549194335938
2020-06-23,121.08028206885527,121.36668008555864,120.18737372030635,120.33900451660156,5921600.0,0.0,0.0,142.86000061035156,120.33900451660156
2020-06-24,119.18499269911108,119.77463951462184,116.85166224344357,117.77825927734375,8211200.0,0.0,0.0,139.82000732421875,117.77825927734375
2020-06-25,118.41005265226464,118.41005265226464,115.85770077709303,117.65192413330078,7421200.0,0.0,0.0,139.6699981689453,117.65192413330078
2020-06-26,117.5339904871108,117.59296160623029,115.41968049592539,116.08513641357422,12849700.0,0.0,0.0,137.80999755859375,116.08513641357422
2020-06-29,116.86851920969453,117.67717407034658,116.22832018722961,117.1212158203125,5309800.0,0.0,0.0,139.0399932861328,117.1212158203125
2020-06-30,117.42444865414703,118.78907443278447,116.11037504410287,118.46055603027344,7738300.0,0.0,0.0,140.6300048828125,118.46055603027344
2020-07-01,118.51110549857655,119.10075231599247,117.98041693623392,118.2499771118164,6174800.0,0.0,0.0,140.3800048828125,118.2499771118164
2020-07-02,118.98282222650377,119.47980933719778,118.20785600643774,118.74696350097656,5152200.0,0.0,0.0,140.97000122070312,118.74696350097656
2020-07-06,119.75777989651702,121.10555496330859,119.51350225299556,120.4400863647461,6156400.0,0.0,0.0,142.97999572753906,120.4400863647461
2020-07-07,119.10073602550025,121.27401644386235,118.9659559561441,120.33058166503906,5622600.0,0.0,0.0,142.85000610351562,120.33058166503906
2020-07-08,120.34744459287447,120.78547348282241,119.36188923049473,120.68439483642578,6257400.0,0.0,0.0,143.27000427246094,120.68439483642578
2020-07-09,120.25477832137835,121.66151177144171,118.41844779423093,120.02735137939453,5738600.0,0.0,0.0,142.49000549316406,120.02735137939453
2020-07-10,120.24637670732962,120.34745536277178,119.13446008411111,119.92627716064453,4282400.0,0.0,0.0,142.3699951171875,119.92627716064453
2020-07-13,120.97080522265875,123.52314413079462,120.69282606342212,122.3185806274414,6951900.0,0.0,0.0,145.2100067138672,122.3185806274414
2020-07-14,122.41120760841653,124.99723442603887,122.36065544025277,124.60132598876953,7447100.0,0.0,0.0,147.9199981689453,124.60132598876953
2020-07-15,126.12601358989738,126.53035389519658,124.86247905584777,124.88774871826172,8512800.0,0.0,0.0,148.25999450683594,124.88774871826172
2020-07-16,125.2415228193373,125.79748103685732,123.55681029594561,125.72167205810547,9304700.0,0.0,0.0,149.25,125.72167205810547
2020-07-17,126.35347292476901,126.84204122914556,125.24998798442708,125.80594635009766,7441100.0,0.0,0.0,149.35000610351562,125.80594635009766
2020-07-20,126.54720107160072,126.62302291775494,125.03095694860009,126.01652526855469,6191500.0,0.0,0.0,149.60000610351562,126.01652526855469
2020-07-21,126.01651581489544,127.76018678553318,125.93227503808329,126.13444519042969,5575900.0,0.0,0.0,149.74000549316406,126.13444519042969
2020-07-22,126.29445688650033,126.69879711046713,124.54236732931906,126.36184692382812,5910200.0,0.0,0.0,150.00999450683594,126.36184692382812
2020-07-23,126.53035946793771,127.06946704540913,125.74696133858824,126.02494049072266,6566300.0,0.0,0.0,149.61000061035156,126.02494049072266
2020-07-24,126.77461018078142,126.85885094349831,123.85163309053907,124.7697982788086,5405900.0,0.0,0.0,148.1199951171875,124.7697982788086
2020-07-27,124.13807714024601,125.4437323263897,123.70847993913083,123.97802734375,5675200.0,0.0,0.0,147.17999267578125,123.97802734375
2020-07-28,124.16334116520677,124.66034126156646,123.61581458945149,123.6832046508789,4842200.0,0.0,0.0,146.8300018310547,123.6832046508789
2020-07-29,123.3125707304303,124.22231731650989,123.04302332715143,123.43891906738281,4489100.0,0.0,0.0,146.5399932861328,123.43891906738281
2020-07-30,124.19703123133131,124.24757055943145,123.10196532691941,123.69161224365234,5922500.0,0.0,0.0,146.83999633789062,123.69161224365234
2020-07-31,123.53998112307295,124.2054369611967,121.26562162703284,122.78185272216797,8259600.0,0.0,0.0,145.75999450683594,122.78185272216797
2020-08-03,123.31253289313796,124.49182652064123,123.11036276270744,124.12120056152344,4078700.0,0.0,0.0,147.35000610351562,124.12120056152344
2020-08-04,123.81798036363416,124.01171875000001,122.83242485037381,124.01171875,4162200.0,0.0,0.0,147.22000122070312,124.01171875
2020-08-05,125.59534365820161,125.77223130331353,124.5002777738389,125.00568389892578,5467500.0,0.0,0.0,148.39999389648438,125.00568389892578
2020-08-06,125.00566798428255,125.72167597033952,123.40519617859123,124.2896728515625,4837900.0,0.0,0.0,147.5500030517578,124.2896728515625
2020-08-07,124.25596287086087,125.2162484590106,123.95271411390117,125.17414093017578,3635100.0,0.0,0.0,148.60000610351562,125.17414093017578
2020-08-10,125.39318052187274,125.51952884688905,124.43289469173101,124.69402313232422,4096600.0,0.0,0.0,148.02999877929688,124.69402313232422
2020-08-11,125.62899775888357,125.7048067288275,123.29566758615161,123.80108642578125,6388400.0,0.0,0.0,146.97000122070312,123.80108642578125
2020-08-12,124.28123549905318,126.5556076572625,124.23912796921225,126.0670394897461,5257300.0,0.0,0.0,149.66000366210938,126.0670394897461
2020-08-13,125.12360609062347,125.67114542801298,124.27283080760861,124.66873931884766,5155500.0,0.0,0.0,148.0,124.66873931884766
2020-08-14,124.34022962498693,125.79750260868047,124.31495996106972,124.87091827392578,4240200.0,0.0,0.0,148.24000549316406,124.87091827392578
2020-08-17,124.93832348747313,126.54721464987526,124.86250163318337,125.50270080566406,4306900.0,0.0,0.0,148.99000549316406,125.50270080566406
2020-08-18,125.73010294782308,126.43769204346026,125.14888786879423,126.42926025390625,4322600.0,0.0,0.0,150.08999633789062,126.42926025390625
2020-08-19,125.99966211424339,127.68437478400998,125.7806540943753,126.68196868896484,7816300.0,0.0,0.0,150.38999938964844,126.68196868896484
2020-08-20,126.14286511278677,127.68437879646545,125.97439641118353,127.54959869384766,4874700.0,0.0,0.0,151.4199981689453,127.54959869384766
2020-08-21,127.85282398440137,129.42802597736696,126.8504180422103,128.67832946777344,6722800.0,0.0,0.0,152.75999450683594,128.67832946777344
2020-08-24,129.5178555424675,129.653519770335,127.4912247675398,129.01754760742188,5387900.0,1.01,0.0,152.14999389648438,129.01754760742188
2020-08-25,129.55172674230815,129.79764314540307,128.5002484461117,128.94119262695312,3863500.0,0.0,0.0,152.05999755859375,128.94119262695312
2020-08-26,128.77162393345418,129.44150881388998,127.73710834172942,129.1447296142578,8008300.0,0.0,0.0,152.3000030517578,129.1447296142578
2020-08-27,129.24648690195193,129.95877254023497,128.79706765835294,129.72134399414062,5575400.0,0.0,0.0,152.97999572753906,129.72134399414062
2020-08-28,129.51781416566146,130.3318510283549,128.8055157372014,130.28097534179688,5395700.0,0.0,0.0,153.63999938964844,130.28097534179688
2020-08-31,129.7383306222733,130.9254735700593,129.11083338479347,130.08599853515625,6362700.0,0.0,0.0,153.41000366210938,130.08599853515625
2020-09-01,130.4760268836791,130.65410475794835,127.2537787185613,128.4833221435547,6307700.0,0.0,0.0,151.52000427246094,128.4833221435547
2020-09-02,127.8642792551274,130.86607421041012,126.55842249833678,130.4420928955078,6881900.0,0.0,0.0,153.8300018310547,130.4420928955078
2020-09-03,131.2900386201459,131.832734115787,125.75284439561264,126.81279754638672,8672800.0,0.0,0.0,149.5500030517578,126.81279754638672
2020-09-04,127.33858509823929,127.99999511452148,124.76078361668908,125.9988021850586,7200100.0,0.0,0.0,148.58999633789062,125.9988021850586
2020-09-08,127.40641572730887,127.9491114231676,124.56573505966472,124.87100219726562,8756800.0,0.0,0.0,147.25999450683594,124.87100219726562
2020-09-09,125.62568798578648,128.1271886833411,125.60025013601825,126.94003295898438,6960700.0,0.0,0.0,149.6999969482422,126.94003295898438
2020-09-10,126.55844085684782,127.00786008072619,124.24350616456508,124.57421112060547,6191800.0,0.0,0.0,146.91000366210938,124.57421112060547
2020-09-11,124.69294900906581,125.94793049806796,124.33680613808767,125.31195831298828,3934700.0,0.0,0.0,147.77999877929688,125.31195831298828
2020-09-14,125.60024732356715,126.74500229304805,125.50697089687695,125.7952880859375,4375800.0,0.0,0.0,148.35000610351562,125.7952880859375
2020-09-15,126.72800792550771,127.69468477151977,125.93940891852421,126.2531509399414,3658800.0,0.0,0.0,148.88999938964844,126.2531509399414
2020-09-16,126.67717252997238,127.24530609974956,125.79529683899096,125.83768463134766,4323000.0,0.0,0.0,148.39999389648438,125.83768463134766
2020-09-17,125.5324088690236,126.03271676115317,123.84497115572881,124.79468536376953,5461400.0,0.0,0.0,147.1699981689453,124.79468536376953
2020-09-18,124.23504782464782,126.89765098462635,123.97218137893499,126.49910736083984,12174000.0,0.0,0.0,149.17999267578125,126.49910736083984
2020-09-21,125.14235767575208,125.43913690688497,121.22477348926343,123.03941345214844,7574500.0,0.0,0.0,145.10000610351562,123.03941345214844
2020-09-22,122.69174755138894,123.2514061409816,121.86922254698692,122.28472900390625,5295900.0,0.0,0.0,144.2100067138672,122.28472900390625
2020-09-23,125.05756844224555,125.11693205760746,122.42889114047144,122.47976684570312,8784400.0,0.0,0.0,144.44000244140625,122.47976684570312
2020-09-24,122.581482499121,123.16657881638753,121.54696699822034,122.67475891113281,5614800.0,0.0,0.0,144.6699981689453,122.67475891113281
2020-09-25,122.10664558692491,124.01456192422062,122.01336915954614,123.51426696777344,5531200.0,0.0,0.0,145.66000366210938,123.51426696777344
2020-09-28,124.42157493518927,125.74439480015882,124.1587085439306,124.74380493164062,5843200.0,0.0,0.0,147.11000061035156,124.74380493164062
2020-09-29,125.1592925757735,125.43063389611838,123.85342284628386,124.70138549804688,6768600.0,0.0,0.0,147.05999755859375,124.70138549804688
2020-09-30,125.03211922989213,126.96547348636676,124.51486137555283,126.24471282958984,8487700.0,0.0,0.0,148.8800048828125,126.24471282958984
2020-10-01,126.60931254378667,126.89761676528292,124.19262653811373,124.921875,6457800.0,0.0,0.0,147.32000732421875,124.921875
2020-10-02,123.98065040718228,125.84616603547076,123.65842039305473,124.00608825683594,5485600.0,0.0,0.0,146.24000549316406,124.00608825683594
2020-10-05,124.65054412516017,125.82073704718707,124.15872409907475,125.69353485107422,4992800.0,0.0,0.0,148.22999572753906,125.69353485107422
2020-10-06,125.73591386787344,126.0157431243296,123.69232056213521,124.02302551269531,5118200.0,0.0,0.0,146.25999450683594,124.02302551269531
2020-10-07,124.21806087736819,125.69350769800269,123.64143951177277,125.396728515625,5603100.0,0.0,0.0,147.8800048828125,125.396728515625
2020-10-08,125.92244604364471,127.06720072868536,125.532377554711,126.2531509399414,4413500.0,0.0,0.0,148.88999938964844,126.2531509399414
2020-10-09,126.89762021647783,128.44939359986515,126.72803025444918,128.01693725585938,5054100.0,0.0,0.0,150.97000122070312,128.01693725585938
2020-10-12,128.5511968665095,129.8570542024491,128.0593767704342,128.75469970703125,7273200.0,0.0,0.0,151.83999633789062,128.75469970703125
2020-10-13,126.34643704294213,127.29615108698329,125.30344658822668,125.80374145507812,11057600.0,0.0,0.0,148.36000061035156,125.80374145507812
2020-10-14,126.19381665674234,126.37188157998804,124.98122325376187,125.58328247070312,7706400.0,0.0,0.0,148.10000610351562,125.58328247070312
2020-10-15,125.05754902454667,125.41369184475758,124.08239698865148,124.8116455078125,5978600.0,0.0,0.0,147.19000244140625,124.8116455078125
2020-10-16,125.1593011158917,126.1429280255023,124.65899328366226,125.58328247070312,6097000.0,0.0,0.0,148.10000610351562,125.58328247070312
2020-10-19,125.94793022284249,126.2616723596856,122.21689858741645,122.37801361083984,7250800.0,0.0,0.0,144.32000732421875,122.37801361083984
2020-10-20,122.66626681646962,123.59054289989189,122.2083597891113,122.57299041748047,5325400.0,0.0,0.0,144.5500030517578,122.57299041748047
2020-10-21,122.20836380195658,123.24287919239416,122.03029890460057,122.04724884033203,5221300.0,0.0,0.0,143.92999267578125,122.04724884033203
2020-10-22,122.2423214483888,123.53970350889999,121.97096713929294,123.02244567871094,5279700.0,0.0,0.0,145.0800018310547,123.02244567871094
2020-10-23,123.70079953893679,125.04905709088197,122.4034176774222,123.1581039428711,4154400.0,0.0,0.0,145.24000549316406,123.1581039428711
2020-10-26,122.4712782313046,122.75959545743854,121.0467067374596,122.08122253417969,6929500.0,0.0,0.0,143.97000122070312,122.08122253417969
2020-10-27,121.88618744284393,122.35255666966474,121.19085167962814,121.38587951660156,4890100.0,0.0,0.0,143.14999389648438,121.38587951660156
2020-10-28,119.9273895206669,120.39377171427222,117.17151003168414,117.32415008544922,8426100.0,0.0,0.0,138.36000061035156,117.32415008544922
2020-10-29,117.01884842469329,117.6124197057375,115.3653238064689,116.33200073242188,7205400.0,0.0,0.0,137.19000244140625,116.33200073242188
2020-10-30,115.89953709181121,116.62878554059374,113.33021111341228,116.26416778564453,7364100.0,0.0,0.0,137.11000061035156,116.26416778564453
2020-11-02,117.8498539936564,117.87529183988468,116.5863978347045,117.60395050048828,7088000.0,0.0,0.0,138.69000244140625,117.60395050048828
2020-11-03,118.73174757578003,119.52883462897344,116.83230636261457,117.44284057617188,6363000.0,0.0,0.0,138.5,117.44284057617188
2020-11-04,118.28232012789336,120.86859597782711,117.61242235791443,118.20599365234375,10263500.0,0.0,0.0,139.39999389648438,118.20599365234375
2020-11-05,119.18118177527292,120.26657319380837,118.08730244730612,118.51128387451172,8016200.0,0.0,0.0,139.75999450683594,118.51128387451172
2020-11-06,119.05396725843794,121.41979062309414,118.41799518347003,120.6227035522461,5942500.0,0.0,0.0,142.25,120.6227035522461
2020-11-09,125.86309641252504,126.3379663896493,122.88675201570011,123.87039184570312,12351600.0,0.0,0.0,146.0800018310547,123.87039184570312
2020-11-10,124.86252311251721,126.13446732079412,124.02303527705563,125.73592376708984,7386500.0,0.0,0.0,148.27999877929688,125.73592376708984
2020-11-11,126.49061578251525,126.51605363270338,124.53182368471217,125.32891082763672,6382400.0,0.0,0.0,147.8000030517578,125.32891082763672
2020-11-12,125.16780270562258,126.0496784180783,124.43855410269526,125.75289916992188,4710300.0,0.0,0.0,148.3000030517578,125.75289916992188
2020-11-13,126.42276375145674,127.54208079618785,125.84615529002662,127.10961151123047,5893500.0,0.0,0.0,149.89999389648438,127.10961151123047
2020-11-16,127.97454995022065,128.29677996908387,127.0248357121641,127.91519927978516,6266400.0,0.0,0.0,150.85000610351562,127.91519927978516
2020-11-17,127.19443548204184,127.72865625151027,126.44822398676999,126.64326477050781,7297700.0,0.0,0.0,149.35000610351562,126.64326477050781
2020-11-18,126.23619260237486,126.99087882560752,124.96424865722656,124.96424865722656,6661000.0,0.0,0.0,147.3699951171875,124.96424865722656
2020-11-19,124.90491848140185,125.0405956297959,123.45489645307113,124.76924133300781,7987700.0,0.0,0.0,147.13999938964844,124.76924133300781
2020-11-20,124.69293792016204,125.44762432845374,123.91281366184032,124.10784149169922,6354900.0,0.0,0.0,146.36000061035156,124.10784149169922
2020-11-23,124.67134218391136,124.67134218391136,122.13539223251554,122.8440933227539,7318300.0,1.01,0.0,143.8699951171875,122.8440933227539
2020-11-24,122.95509862266806,123.60402361947847,122.62209575171666,122.8440933227539,11034800.0,0.0,0.0,143.8699951171875,122.8440933227539
2020-11-25,123.0063844453474,123.10030904339985,121.98176075764613,122.68191528320312,7594600.0,0.0,0.0,143.67999267578125,122.68191528320312
2020-11-27,123.38204375902812,123.51866368179617,122.28911043446958,122.95511627197266,3059000.0,0.0,0.0,144.0,122.95511627197266
2020-11-30,123.1514963311613,123.68942912123683,122.15248759873005,123.53572845458984,15663200.0,0.0,0.0,144.67999267578125,123.53572845458984
2020-12-01,124.91043455765497,127.33539251083621,124.54328318398998,125.90090942382812,9738200.0,0.0,0.0,147.4499969482422,125.90090942382812
2020-12-02,126.24247717913212,127.83064812882473,126.1143911014893,126.4900894165039,7745500.0,0.0,0.0,148.13999938964844,126.4900894165039
2020-12-03,126.40468921443922,127.71963321833539,126.10584777994893,127.22439575195312,7310500.0,0.0,0.0,149.0,127.22439575195312
2020-12-04,127.89897797128393,128.34298636950456,127.45498260186103,128.308837890625,6747100.0,0.0,0.0,150.27000427246094,128.308837890625
2020-12-07,127.52327589917694,128.00143271369973,126.80602764859671,127.19880676269531,6634700.0,0.0,0.0,148.97000122070312,127.19880676269531
2020-12-08,128.0782403832629,129.90548942491245,127.6940082678716,129.40171813964844,8339800.0,0.0,0.0,151.5500030517578,129.40171813964844
2020-12-09,130.4946752037837,131.0667565516613,129.58104400201253,130.7252197265625,8440100.0,0.0,0.0,153.10000610351562,130.7252197265625
2020-12-10,130.48613907233468,130.62274598271995,129.5127317772747,129.9994354248047,7392900.0,0.0,0.0,152.25,129.9994354248047
2020-12-11,129.38469498355718,130.98994714675806,129.12853578301264,130.59716796875,5977400.0,0.0,0.0,152.9499969482422,130.59716796875
2020-12-14,130.8532954176959,131.04967844464844,127.21587734473822,127.28418731689453,8547300.0,0.0,0.0,149.07000732421875,127.28418731689453
2020-12-15,128.07825304962952,128.71864431487768,127.67694014777052,128.56495666503906,7612600.0,0.0,0.0,150.57000732421875,128.56495666503906
2020-12-16,128.24904335544312,128.86382011740102,127.69404270894027,127.79650115966797,8486100.0,0.0,0.0,149.6699981689453,127.79650115966797
2020-12-17,128.1551124254927,131.39976450223003,128.04412011896102,131.16921997070312,9920300.0,0.0,0.0,153.6199951171875,131.16921997070312
2020-12-18,131.19480715060112,132.4329072444784,129.50417800675285,131.9291229248047,17137200.0,0.0,0.0,154.50999450683594,131.9291229248047
2020-12-21,129.79450417098957,130.98990908323293,128.12095553416094,130.6569061279297,7893400.0,0.0,0.0,153.02000427246094,130.6569061279297
2020-12-22,130.12751693980326,131.40829963814303,129.6664409010709,130.4007568359375,4699500.0,0.0,0.0,152.72000122070312,130.4007568359375
2020-12-23,130.46905709110365,131.1521437517596,129.7005797120678,129.7347412109375,4607300.0,0.0,0.0,151.94000244140625,129.7347412109375
2020-12-24,129.65788519459218,130.67396168655912,129.63227058724473,130.18727111816406,2114900.0,0.0,0.0,152.47000122070312,130.18727111816406
2020-12-28,130.9130988623895,131.38270884722186,130.04216282154803,130.80209350585938,3855500.0,0.0,0.0,153.19000244140625,130.80209350585938
2020-12-29,131.58760560499937,132.28775998873598,131.32291261741136,131.61322021484375,5212000.0,0.0,0.0,154.13999938964844,131.61322021484375
2020-12-30,132.12551645821102,133.52583802119574,132.0059772892535,133.2440643310547,5412800.0,0.0,0.0,156.0500030517578,133.2440643310547
2020-12-31,133.65393294545063,134.61879334290327,132.44146031058864,134.3797149658203,5099900.0,0.0,0.0,157.3800048828125,134.3797149658203
2021-01-04,134.26019922676483,134.37973843618465,131.60470897648426,133.6283416748047,11765900.0,0.0,0.0,156.5,133.6283416748047
2021-01-05,133.41486303323612,135.55803470263572,132.40732024143082,135.1994171142578,9602300.0,0.0,0.0,158.33999633789062,135.1994171142578
2021-01-06,134.26019782197372,136.81321655975552,133.81618946500433,136.4716796875,8230100.0,0.0,0.0,159.8300018310547,136.4716796875
2021-01-07,135.7629619311422,137.4962867550035,135.2079613234448,136.9327392578125,7747200.0,0.0,0.0,160.3699951171875,136.9327392578125
2021-01-08,137.052252808671,137.55603712912182,136.51433305181237,136.65093994140625,8228900.0,0.0,0.0,160.0399932861328,136.65093994140625
2021-01-11,137.0949622563381,137.7439004209939,135.5665674772343,136.07887268066406,7066200.0,0.0,0.0,159.3699951171875,136.07887268066406
2021-01-12,135.89101854772784,136.3264929377875,134.3370092168768,135.0200958251953,6903200.0,0.0,0.0,158.1300048828125,135.0200958251953
2021-01-13,135.1055084549332,135.30190453720064,133.84180637138766,134.81520080566406,6643100.0,0.0,0.0,157.88999938964844,134.81520080566406
2021-01-14,137.00104555388762,138.28182817925048,136.28381041059512,137.17181396484375,10030800.0,0.0,0.0,160.64999389648438,137.17181396484375
2021-01-15,136.8729705810547,137.82075023166735,135.8568809612598,136.8729705810547,7630800.0,0.0,0.0,160.3000030517578,136.8729705810547
2021-01-19,138.32451839388074,139.21252191509797,137.5560540587657,138.9905242919922,9057600.0,0.0,0.0,162.77999877929688,138.9905242919922
2021-01-20,139.34917185224256,140.15179785836062,138.15377973385202,138.64901733398438,6839900.0,0.0,0.0,162.3800048828125,138.64901733398438
2021-01-21,137.74387775958508,138.73433953478425,136.66801225467398,138.0939483642578,6818000.0,0.0,0.0,161.72999572753906,138.0939483642578
2021-01-22,138.63192055632865,141.02271754554732,138.21352684885687,139.64801025390625,8137000.0,0.0,0.0,163.5500030517578,139.64801025390625
2021-01-25,140.8946141906165,141.81677918896332,139.7419177142783,141.7228546142578,9924400.0,0.0,0.0,165.97999572753906,141.7228546142578
2021-01-26,144.89922530737124,148.2719507526247,144.63453227911435,145.5652313232422,14205700.0,0.0,0.0,170.47999572753906,145.5652313232422
2021-01-27,144.40397157960058,145.9409133785234,142.97803511384285,143.34519958496094,14207300.0,0.0,0.0,167.8800048828125,143.34519958496094
2021-01-28,143.61843418924576,145.889692024092,143.27689733942037,144.43814086914062,8944400.0,0.0,0.0,169.16000366210938,144.43814086914062
2021-01-29,140.25424567686207,141.73995836454372,137.08645028905732,139.28939819335938,22505900.0,0.0,0.0,163.1300048828125,139.28939819335938
2021-02-01,141.1508018484482,141.1508018484482,138.8368615391143,138.9307861328125,9971400.0,0.0,0.0,162.7100067138672,138.9307861328125
2021-02-02,139.50282778612865,139.7419061330573,137.6243364476996,137.68411254882812,11443300.0,0.0,0.0,161.25,137.68411254882812
2021-02-03,137.41946058678573,137.91469817566235,136.24968310974748,137.04376220703125,8601900.0,0.0,0.0,160.5,137.04376220703125
2021-02-04,137.47065784604007,138.4013566883978,136.41187293375455,138.31597900390625,7758100.0,0.0,0.0,161.99000549316406,138.31597900390625
2021-02-05,140.76658771221247,141.2618253582281,139.91273239745414,140.41650390625,9495300.0,0.0,0.0,164.4499969482422,140.41650390625
2021-02-08,140.91168885287516,141.67161927765272,139.9297608196524,140.81776428222656,6035300.0,0.0,0.0,164.9199981689453,140.81776428222656
2021-02-09,141.05684314098363,142.24370106770098,140.86046013939836,141.97047424316406,5544200.0,0.0,0.0,166.27000427246094,141.97047424316406
2021-02-10,143.35372938428233,143.39642474419736,141.48378466763694,142.4315643310547,5921300.0,0.0,0.0,166.80999755859375,142.4315643310547
2021-02-11,142.5938093935922,142.91827851831317,141.39841740061325,141.7911834716797,4871300.0,0.0,0.0,166.05999755859375,141.7911834716797
2021-02-12,140.3737427099564,142.4656976731823,140.03220595572753,142.2351531982422,4413100.0,0.0,0.0,166.5800018310547,142.2351531982422
2021-02-16,142.2352244691462,142.63653752228979,140.57874302064698,140.94590759277344,5656100.0,0.0,0.0,165.07000732421875,140.94590759277344
2021-02-17,140.86045347284997,141.81676685665934,140.33960142728392,141.44961547851562,6676700.0,0.0,0.0,165.66000366210938,141.44961547851562
2021-02-18,140.8519232350444,141.87654660529728,140.2883758213278,141.51792907714844,5189100.0,0.0,0.0,165.74000549316406,141.51792907714844
2021-02-19,141.39842538660045,141.70581377769813,139.10155282934224,139.16131591796875,8190900.0,0.0,0.0,162.97999572753906,139.16131591796875
2021-02-22,139.0753936767578,139.6510424190792,137.71788837440178,139.0753936767578,6447100.0,1.01,0.0,161.8699951171875,139.0753936767578
2021-02-23,138.74026614459717,140.20946847843473,137.8123509511264,137.8467254638672,7042800.0,0.0,0.0,160.44000244140625,137.8467254638672
2021-02-24,139.53073879066056,141.24051063237405,138.25915686312567,139.69398498535156,10286100.0,0.0,0.0,162.58999633789062,139.69398498535156
2021-02-25,140.15796271804254,140.6476882391903,139.1784985657076,139.84005737304688,9719700.0,0.0,0.0,162.75999450683594,139.84005737304688
2021-02-26,139.1871204501564,139.53938729647138,135.72462708282322,136.1456298828125,14417500.0,0.0,0.0,158.4600067138672,136.1456298828125
2021-03-01,138.71453447699878,138.7832704135849,136.6868702328471,136.88449096679688,10551400.0,0.0,0.0,159.32000732421875,136.88449096679688
2021-03-02,137.27969592673844,138.13887540461766,136.2658704356594,136.62672424316406,7610900.0,0.0,0.0,159.02000427246094,136.62672424316406
2021-03-03,135.96515690903155,136.5236183442632,134.08355169211552,134.2210235595703,8499600.0,0.0,0.0,156.22000122070312,134.2210235595703
2021-03-04,134.0233894930828,134.1178997445506,130.13989521918216,131.51458740234375,11033200.0,0.0,0.0,153.07000732421875,131.51458740234375
2021-03-05,132.296465590208,134.62484797700034,131.56617082685227,134.11793518066406,8331600.0,0.0,0.0,156.10000610351562,134.11793518066406
2021-03-08,134.89118146656165,136.89307127427003,134.01481470596804,135.23484802246094,6546700.0,0.0,0.0,157.39999389648438,135.23484802246094
2021-03-09,134.79669657663158,138.1131305946274,134.79669657663158,135.4926300048828,7461300.0,0.0,0.0,157.6999969482422,135.4926300048828
2021-03-10,136.45491609482062,137.38281856494956,135.20050805772792,136.73843383789062,6635600.0,0.0,0.0,159.14999389648438,136.73843383789062
2021-03-11,137.0734944438194,138.01001008145772,136.54080733821965,136.72982788085938,6305600.0,0.0,0.0,159.13999938964844,136.72982788085938
2021-03-12,136.85010205892266,137.73505584563543,136.77277905465564,137.1250457763672,5474800.0,0.0,0.0,159.60000610351562,137.1250457763672
2021-03-15,137.25392588995732,138.03578238572416,136.17995150897175,137.82957458496094,5524100.0,0.0,0.0,160.4199981689453,137.82957458496094
2021-03-16,137.86396948697464,138.9121565765326,137.67494891917548,138.64581298828125,6369100.0,0.0,0.0,161.3699951171875,138.64581298828125
2021-03-17,138.181812944319,138.95506909577807,137.06487719551674,138.13026428222656,6001400.0,0.0,0.0,160.77000427246094,138.13026428222656
2021-03-18,137.64913090360764,138.7488794345628,137.43433606381114,137.8725128173828,4801800.0,0.0,0.0,160.47000122070312,137.8725128173828
2021-03-19,138.06152617839572,138.75745932570527,137.01332636564632,137.5030517578125,14891500.0,0.0,0.0,160.0399932861328,137.5030517578125
2021-03-22,136.01671014958268,138.0271871159799,135.75036659121884,137.8983154296875,7544100.0,0.0,0.0,160.5,137.8983154296875
2021-03-23,137.6491703357124,138.49974975454705,136.50645988744046,137.7694549560547,7178300.0,0.0,0.0,160.35000610351562,137.7694549560547
2021-03-24,137.5546285787751,139.5994666566838,137.3140593931388,139.1097412109375,6370100.0,0.0,0.0,161.91000366210938,139.1097412109375
2021-03-25,139.56510075829556,139.57368783249294,138.01857525036573,139.16128540039062,6269800.0,0.0,0.0,161.97000122070312,139.16128540039062
2021-03-26,139.26440115480605,141.85053982437609,138.65439105516754,141.7044677734375,7619200.0,0.0,0.0,164.92999267578125,141.7044677734375
2021-03-29,140.75934789801306,143.50871906737126,140.5875146580599,142.6581268310547,8535100.0,0.0,0.0,166.0399932861328,142.6581268310547
2021-03-30,141.78176302469006,142.3316372184227,141.10300407787378,141.77316284179688,7236300.0,0.0,0.0,165.00999450683594,141.77316284179688
2021-03-31,141.73023090773196,142.0996717342762,140.64765653964415,141.2061309814453,8281500.0,0.0,0.0,164.35000610351562,141.2061309814453
2021-04-01,139.70256941962444,140.76794343742827,139.41043847309558,139.90017700195312,7229700.0,0.0,0.0,162.8300018310547,139.90017700195312
2021-04-05,140.59611337005097,141.54980300727843,139.7541212475555,140.41567993164062,7387100.0,0.0,0.0,163.42999267578125,140.41567993164062
2021-04-06,140.97418364971688,141.3522247533792,140.0462681525565,140.38134765625,5074200.0,0.0,0.0,163.38999938964844,140.38134765625
2021-04-07,140.518794350869,141.14599164589208,140.32118675847164,140.57034301757812,4608000.0,0.0,0.0,163.61000061035156,140.57034301757812
2021-04-08,140.9054617981608,140.9999720835246,139.91741045029983,140.0205078125,5039400.0,0.0,0.0,162.97000122070312,140.0205078125
2021-04-09,139.29014537782632,139.9860785205004,137.2796689412044,138.54266357421875,8418300.0,0.0,0.0,161.25,138.54266357421875
2021-04-12,138.40521053469456,139.25580288572093,137.76082596544242,138.8777618408203,5022800.0,0.0,0.0,161.63999938964844,138.8777618408203
2021-04-13,134.77091106596905,137.4085855911083,134.48738022795027,137.02195739746094,18424100.0,0.0,0.0,159.47999572753906,137.02195739746094
2021-04-14,135.60428164068583,137.56320955693297,135.35511228158077,137.39996337890625,7718300.0,0.0,0.0,159.9199981689453,137.39996337890625
2021-04-15,138.08728743407946,139.52211518058294,137.6662848901216,137.8037567138672,7524600.0,0.0,0.0,160.38999938964844,137.8037567138672
2021-04-16,138.62004099911636,139.6252796121657,137.9498819237501,139.393310546875,9049400.0,0.0,0.0,162.24000549316406,139.393310546875
2021-04-19,139.616676273948,140.14077632159334,138.19043508067853,139.77992248535156,8353500.0,0.0,0.0,162.69000244140625,139.77992248535156
2021-04-20,138.32789404416854,144.16171685065797,138.32789404416854,143.03619384765625,14050700.0,0.0,0.0,166.47999572753906,143.03619384765625
2021-04-21,142.94168625223045,143.40565051421999,142.0137708382899,143.13070678710938,6333200.0,0.0,0.0,166.58999633789062,143.13070678710938
2021-04-22,142.4863273723895,142.86436845593562,141.43812731711668,141.9192657470703,7233000.0,0.0,0.0,165.17999267578125,141.9192657470703
2021-04-23,141.3608028345549,142.67534642771096,140.90543874594735,142.21139526367188,6015300.0,0.0,0.0,165.52000427246094,142.21139526367188
2021-04-26,141.94506060411118,142.1168938937741,140.69923975646591,141.008544921875,6027800.0,0.0,0.0,164.1199951171875,141.008544921875
2021-04-27,140.6991922480044,140.82807700426213,139.59085676038532,140.20086669921875,6217700.0,0.0,0.0,163.17999267578125,140.20086669921875
2021-04-28,139.9259888522472,140.2181067670648,138.8863757776973,139.16990661621094,7448000.0,0.0,0.0,161.97999572753906,139.16990661621094
2021-04-29,139.1011550465929,141.12881917992488,139.02383203842436,141.0772705078125,6394300.0,0.0,0.0,164.1999969482422,141.0772705078125
2021-04-30,141.0343648487176,141.18902403643503,139.63391063073502,139.8143310546875,9079100.0,0.0,0.0,162.72999572753906,139.8143310546875
2021-05-03,140.5617735603573,142.03956337141045,140.14935795491994,141.94505310058594,6594100.0,0.0,0.0,165.2100067138672,141.94505310058594
2021-05-04,141.61857170546975,144.21329770716392,141.48109982629816,144.14456176757812,10179500.0,0.0,0.0,167.77000427246094,144.14456176757812
2021-05-05,143.9125928158479,144.68584926457328,143.30256948982228,143.54315185546875,7792300.0,0.0,0.0,167.07000732421875,143.54315185546875
2021-05-06,143.30251305422863,144.2476155505058,142.82997491612605,144.11874389648438,5529900.0,0.0,0.0,167.74000549316406,144.11874389648438
2021-05-07,144.5999409801227,145.35601017435664,144.19612548670673,144.7717742919922,5316200.0,0.0,0.0,168.5,144.7717742919922
2021-05-10,145.974559949512,147.37502642409635,145.3989113833422,146.29246520996094,8357500.0,0.0,0.0,170.27000427246094,146.29246520996094
2021-05-11,146.61898975676107,146.8080103127437,144.58273835190445,145.09825134277344,8217900.0,0.0,0.0,168.8800048828125,145.09825134277344
2021-05-12,144.80614077855478,145.88871559030102,144.29922790228346,144.51402282714844,6758300.0,0.0,0.0,168.1999969482422,144.51402282714844
2021-05-13,143.45720214026076,146.66193800392398,143.45720214026076,146.02615356445312,8018600.0,0.0,0.0,169.9600067138672,146.02615356445312
2021-05-14,147.3321344797642,147.44383203839948,146.20661114596635,146.24957275390625,5797700.0,0.0,0.0,170.22000122070312,146.24957275390625
2021-05-17,146.40415592153877,147.68433787200092,146.32683292648684,146.39556884765625,5722600.0,0.0,0.0,170.38999938964844,146.39556884765625
2021-05-18,146.04334335649102,147.23760246479884,145.65671516215426,146.44715881347656,5846000.0,0.0,0.0,170.4499969482422,146.44715881347656
2021-05-19,145.98316776701193,146.19796260636895,144.37649345379657,146.1292266845703,5533800.0,0.0,0.0,170.0800018310547,146.1292266845703
2021-05-20,146.00896611087714,147.42660703975736,145.79417123619598,146.97984313964844,4853200.0,0.0,0.0,171.07000732421875,146.97984313964844
2021-05-21,147.20319183010727,148.4146377960001,146.8079635815761,146.8852996826172,6501800.0,0.0,0.0,170.9600067138672,146.8852996826172
2021-05-24,147.7498772203042,148.13893076454704,146.77295601391256,147.44729614257812,5195100.0,1.06,0.0,170.5500030517578,147.44729614257812
2021-05-25,147.55099936500267,147.86223420650538,146.746983719688,147.04092407226562,7444700.0,0.0,0.0,170.0800018310547,147.04092407226562
2021-05-26,146.97181686349273,147.0409816544487,145.48480683752706,146.1678009033203,5726400.0,0.0,0.0,169.07000732421875,146.1678009033203
2021-05-27,146.3320182205661,147.11875269289408,145.57123208163412,145.94297790527344,8114700.0,0.0,0.0,168.80999755859375,145.94297790527344
2021-05-28,146.55679370248293,147.84494958907104,146.25419948932384,146.3233642578125,6400800.0,0.0,0.0,169.25,146.3233642578125
2021-06-01,147.10143886492716,147.14466849246205,142.97759359633483,143.10726928710938,10448400.0,0.0,0.0,165.52999877929688,143.10726928710938
2021-06-02,142.90842765679454,144.14471320479083,142.74416298860928,143.68650817871094,6806000.0,0.0,0.0,166.1999969482422,143.68650817871094
2021-06-03,143.41849631336956,144.5078116319444,143.26288549292863,143.5481719970703,5808800.0,0.0,0.0,166.0399932861328,143.5481719970703
2021-06-04,144.38680183565455,144.87095525370384,143.40122689175982,143.48768615722656,6510300.0,0.0,0.0,165.97000122070312,143.48768615722656
2021-06-07,143.51361155476548,143.79027063201013,142.32919621091023,142.5107421875,5362800.0,0.0,0.0,164.83999633789062,142.5107421875
2021-06-08,142.891151489866,143.2196808683624,140.11598583959736,141.25717163085938,7746800.0,0.0,0.0,163.38999938964844,141.25717163085938
2021-06-09,141.7758631160885,143.32338329788433,141.4905634462277,143.15911865234375,5552600.0,0.0,0.0,165.58999633789062,143.15911865234375
2021-06-10,143.5136068341255,144.87958130146998,143.47037720574914,144.4473114013672,6463100.0,0.0,0.0,167.0800018310547,144.4473114013672
2021-06-11,144.4386815961826,144.44732224577436,141.9747377038835,142.614501953125,7389900.0,0.0,0.0,164.9600067138672,142.614501953125
2021-06-14,142.21680292881655,143.04676697523837,141.69807375082405,142.9689483642578,4931300.0,0.0,0.0,165.3699951171875,142.9689483642578
2021-06-15,142.84791142738598,143.39257573789786,142.12170114125735,142.20816040039062,5062900.0,0.0,0.0,164.49000549316406,142.20816040039062
2021-06-16,142.47619981723065,143.29751020871774,141.33500064366916,142.15631103515625,6988500.0,0.0,0.0,164.42999267578125,142.15631103515625
2021-06-17,141.94880415907602,143.25425462101038,141.3522695347501,142.8392791748047,5874700.0,0.0,0.0,165.22000122070312,142.8392791748047
2021-06-18,141.1534414138213,141.94881658527248,139.87391278894384,140.03817749023438,12993000.0,0.0,0.0,161.97999572753906,140.03817749023438
2021-06-21,140.7211285935716,142.00928428486026,140.2715642624698,141.64617919921875,6592300.0,0.0,0.0,163.83999633789062,141.64617919921875
2021-06-22,141.53382752500642,141.81911407249427,141.16206852219707,141.4560089111328,5627800.0,0.0,0.0,163.6199951171875,141.4560089111328
2021-06-23,141.5164922825051,141.5164922825051,140.47039353957143,140.60008239746094,4493400.0,0.0,0.0,162.6300048828125,140.60008239746094
2021-06-24,141.15340684649183,141.9574224714914,140.74707211391262,141.23985290527344,4549200.0,0.0,0.0,163.3699951171875,141.23985290527344
2021-06-25,140.8680953828594,142.4588452033235,140.82486576116483,141.966064453125,10963800.0,0.0,0.0,164.2100067138672,141.966064453125
2021-06-28,142.1649392712206,142.7096036142993,141.36956416859402,141.8018341064453,5604000.0,0.0,0.0,164.02000427246094,141.8018341064453
2021-06-29,141.78452018489526,142.33782510184605,141.2744448941717,141.81045532226562,3749500.0,0.0,0.0,164.02999877929688,141.81045532226562
2021-06-30,141.78452171237433,142.62312634126343,141.4992220063969,142.42428588867188,6151700.0,0.0,0.0,164.74000549316406,142.42428588867188
2021-07-01,142.4242947874037,143.5222508613913,142.32919487946936,143.47903442382812,6320200.0,0.0,0.0,165.9600067138672,143.47903442382812
2021-07-02,143.53090481923118,146.36659437761622,143.2023754657667,146.08993530273438,9059900.0,0.0,0.0,168.97999572753906,146.08993530273438
2021-07-06,145.16486556804506,145.98617565245874,144.36949061953072,145.21673583984375,6098500.0,0.0,0.0,167.97000122070312,145.21673583984375
2021-07-07,144.79314673951538,146.53952112749127,144.79314673951538,146.4617156982422,6293500.0,0.0,0.0,169.41000366210938,146.4617156982422
2021-07-08,145.84786225475062,146.50492094837438,144.87958189593314,146.1763916015625,5755500.0,0.0,0.0,169.0800018310547,146.1763916015625
2021-07-09,146.42711637365537,147.2916562602648,146.31473515884176,146.75564575195312,6120900.0,0.0,0.0,169.75,146.75564575195312
2021-07-12,146.73835176927673,147.99193197084048,145.70954718995137,146.522216796875,7840500.0,0.0,0.0,169.47999572753906,146.522216796875
2021-07-13,146.0813031248248,146.76428381882036,145.82193852504025,146.34066772460938,4691200.0,0.0,0.0,169.27000427246094,146.34066772460938
2021-07-14,146.97176425609373,147.689333864599,146.14180025353636,147.33486938476562,6162900.0,0.0,0.0,170.4199981689453,147.33486938476562
2021-07-15,146.3666359333229,146.88535205825158,145.00066104489207,145.56260681152344,6656900.0,0.0,0.0,168.3699951171875,145.56260681152344
2021-07-16,145.53659788935028,146.18500261069718,145.199427961923,145.32911682128906,5834900.0,0.0,0.0,168.10000610351562,145.32911682128906
2021-07-19,143.92860543039876,145.40697453131057,142.92574912639833,144.27442932128906,8219700.0,0.0,0.0,166.8800048828125,144.27442932128906
2021-07-20,144.2916897750267,147.67204361603535,144.23981949684537,145.63172912597656,9902800.0,0.0,0.0,168.4499969482422,145.63172912597656
2021-07-21,146.36660384291847,146.70377386734074,144.7931349343934,146.53086853027344,7585200.0,0.0,0.0,169.49000549316406,146.53086853027344
2021-07-22,146.4184725355865,147.89684151390313,145.80464342505394,146.95448303222656,5281900.0,0.0,0.0,169.97999572753906,146.95448303222656
2021-07-23,147.83633684593116,148.8564876920863,147.3003262787536,148.51931762695312,5014900.0,0.0,0.0,171.7899932861328,148.51931762695312
2021-07-26,148.54520825379538,148.8218540806642,147.71524438953273,148.5884246826172,4484900.0,0.0,0.0,171.8699951171875,148.5884246826172
2021-07-27,148.52791869222693,149.32329360961236,147.55098463882283,149.27142333984375,7089300.0,0.0,0.0,172.66000366210938,149.27142333984375
2021-07-28,149.3319754204087,149.89393427873836,148.77002975391122,148.85647583007812,5750700.0,0.0,0.0,172.17999267578125,148.85647583007812
2021-07-29,149.3406292623079,149.85934529480585,147.91413049131617,148.85647583007812,4214100.0,0.0,0.0,172.17999267578125,148.85647583007812
2021-07-30,149.16773500777697,149.54813474196274,148.5625596087697,148.87379455566406,5346400.0,0.0,0.0,172.1999969482422,148.87379455566406
2021-08-02,149.10717044685578,149.42704593020076,148.09566053113312,148.93426513671875,3721500.0,0.0,0.0,172.27000427246094,148.93426513671875
2021-08-03,149.33195066064238,150.86218974604822,149.08123993194525,150.76708984375,6033000.0,0.0,0.0,174.38999938964844,150.76708984375
2021-08-04,150.6028430166416,150.94001303894223,149.7901734265243,149.8766326904297,4793100.0,0.0,0.0,173.36000061035156,149.8766326904297
2021-08-05,150.3002405365257,150.3002405365257,149.06394183655857,150.1619110107422,4291000.0,0.0,0.0,173.69000244140625,150.1619110107422
2021-08-06,150.3780615922044,150.3780615922044,149.08989248401303,149.66049194335938,4581100.0,0.0,0.0,173.11000061035156,149.66049194335938
2021-08-09,150.18791616514892,150.64612139007028,149.50492205807578,150.1792755126953,3950200.0,0.0,0.0,173.7100067138672,150.1792755126953
2021-08-10,149.7901553773388,150.52501945649163,149.3751799826253,150.2310791015625,3678300.0,0.0,0.0,173.77000427246094,150.2310791015625
2021-08-11,150.64605931243966,150.83625912272865,150.04952474306342,150.25701904296875,4221300.0,0.0,0.0,173.8000030517578,150.25701904296875
2021-08-12,150.274335843719,151.54519739485326,150.07548216318298,151.46739196777344,4300400.0,0.0,0.0,175.1999969482422,151.46739196777344
2021-08-13,151.54515815420567,152.40969785389538,151.39818798827787,152.3751220703125,5882100.0,0.0,0.0,176.25,152.3751220703125
2021-08-16,152.63453561078808,153.79301601417913,152.11580634774242,153.74978637695312,4782800.0,0.0,0.0,177.83999633789062,153.74978637695312
2021-08-17,153.29155684492468,155.1935418536306,153.29155684492468,155.15896606445312,6041900.0,0.0,0.0,179.47000122070312,155.15896606445312
2021-08-18,155.18490540739305,155.18490540739305,153.13595015348372,153.1878204345703,7134100.0,0.0,0.0,177.19000244140625,153.1878204345703
2021-08-19,152.69504169597116,155.03795076408517,152.21955527709815,154.3809051513672,5615000.0,0.0,0.0,178.57000732421875,154.3809051513672
2021-08-20,154.65754179964918,155.54801683909352,153.9486259431605,155.13304138183594,5428700.0,0.0,0.0,179.44000244140625,155.13304138183594
2021-08-23,155.1417107826283,155.61133061842858,154.4024798754795,154.46336364746094,6461700.0,1.06,0.0,177.61000061035156,154.46336364746094
2021-08-24,153.92417316109288,154.11550320765005,152.4370193028933,152.53268432617188,5734800.0,0.0,0.0,175.38999938964844,152.53268432617188
2021-08-25,152.7935993799989,152.9762241726141,151.22817766361646,151.52386474609375,5700300.0,0.0,0.0,174.22999572753906,151.52386474609375
2021-08-26,151.280342229802,151.94999737150894,150.49763807887635,150.71505737304688,5031600.0,0.0,0.0,173.3000030517578,150.71505737304688
2021-08-27,151.56734962142332,151.56734962142332,150.23674449446492,150.39328002929688,7046100.0,0.0,0.0,172.92999267578125,150.39328002929688
2021-08-30,150.2715394267038,151.56736342063863,150.2628474307179,151.02816772460938,3252700.0,0.0,0.0,173.66000366210938,151.02816772460938
2021-08-31,150.88031457308202,151.7499918443703,150.00193203613878,150.56723022460938,7106800.0,0.0,0.0,173.1300048828125,150.56723022460938
2021-09-01,150.3671935572068,151.0977325439453,149.63666784069022,151.0977325439453,5327400.0,0.0,0.0,173.74000549316406,151.0977325439453
2021-09-02,151.61952302069858,152.3587539641818,151.24556818661685,152.13262939453125,4544300.0,0.0,0.0,174.92999267578125,152.13262939453125
2021-09-03,152.2805090486459,152.38486608400697,151.1586178376218,152.2283172607422,4096900.0,0.0,0.0,175.0399932861328,152.2283172607422
2021-09-07,151.62823675854855,152.21961093020315,149.29749478325692,149.86279296875,6859900.0,0.0,0.0,172.32000732421875,149.86279296875
2021-09-08,149.2540194848078,150.4367811872432,148.78439956438362,149.49752807617188,4661700.0,0.0,0.0,171.89999389648438,149.49752807617188
2021-09-09,148.88006071164472,149.1322612924596,145.84488212471712,146.1666717529297,7114600.0,0.0,0.0,168.07000732421875,146.1666717529297
2021-09-10,146.58408291287952,147.05370272417426,145.12301843399175,145.20999145507812,6699300.0,0.0,0.0,166.97000122070312,145.20999145507812
2021-09-13,146.03618567984788,146.2101184560948,143.60979226618613,144.19247436523438,6273500.0,0.0,0.0,165.8000030517578,144.19247436523438
2021-09-14,144.71427518678175,144.8360294592739,143.07058587302745,143.3227996826172,5259600.0,0.0,0.0,164.8000030517578,143.3227996826172
2021-09-15,143.49673668349635,144.33163262673386,142.89665729776638,143.86199951171875,7935300.0,0.0,0.0,165.4199981689453,143.86199951171875
2021-09-16,144.0620346909581,144.7664844277377,142.79231330611213,143.68807983398438,5665400.0,0.0,0.0,165.22000122070312,143.68807983398438
2021-09-17,142.88797528287947,143.4184789378733,142.24440933855558,143.27932739257812,13419800.0,0.0,0.0,164.75,143.27932739257812
2021-09-20,142.17482743630075,143.64458405333855,141.03555240753545,142.46182250976562,7270800.0,0.0,0.0,163.80999755859375,142.46182250976562
2021-09-21,143.15755794301165,144.34901140661174,142.83578164004706,143.08798217773438,6663600.0,0.0,0.0,164.52999877929688,143.08798217773438
2021-09-22,143.8011614548509,144.32295992566526,142.3053152854469,142.5662078857422,5657100.0,0.0,0.0,163.92999267578125,142.5662078857422
2021-09-23,142.9749273874721,144.1663941836854,142.75750808592775,143.37498474121094,4697900.0,0.0,0.0,164.86000061035156,143.37498474121094
2021-09-24,143.2793439249902,144.0620482347005,142.53142087050605,142.94017028808594,4399300.0,0.0,0.0,164.36000061035156,142.94017028808594
2021-09-27,142.62710734147228,142.9401917664455,141.62698354320452,141.9052734375,5775500.0,0.0,0.0,163.1699981689453,141.9052734375
2021-09-28,141.84436165541126,142.54879808914293,140.68768934598936,141.59214782714844,7610400.0,0.0,0.0,162.80999755859375,141.59214782714844
2021-09-29,141.7573956795915,143.20106313946394,141.56606561766998,142.64447021484375,5124100.0,0.0,0.0,164.02000427246094,142.64447021484375
2021-09-30,143.18363587955307,143.84458569211787,140.37458258837853,140.45285034179688,6972300.0,0.0,0.0,161.5,140.45285034179688
2021-10-01,140.47895407790418,140.80073038861568,137.94819029467317,139.55709838867188,8568300.0,0.0,0.0,160.47000122070312,139.55709838867188
2021-10-04,139.1396410302524,140.01801010518616,137.1219838317023,138.46998596191406,8620700.0,0.0,0.0,159.22000122070312,138.46998596191406
2021-10-05,139.02663545151978,140.1137322465335,138.4091586330532,138.7831268310547,5129000.0,0.0,0.0,159.5800018310547,138.7831268310547
2021-10-06,139.03531960893793,139.10489539232265,137.26987557500019,139.0701141357422,7312600.0,0.0,0.0,159.91000366210938,139.0701141357422
2021-10-07,139.16575366331452,141.4182144977366,139.16575366331452,140.313720703125,5309200.0,0.0,0.0,161.33999633789062,140.313720703125
2021-10-08,140.29632489108698,140.54852542691856,139.36576396634854,139.95713806152344,4343200.0,0.0,0.0,160.92999267578125,139.95713806152344
2021-10-11,139.89627204451116,140.75725723207637,139.09617062939938,139.3657684326172,4101600.0,0.0,0.0,160.25,139.3657684326172
2021-10-12,139.14834108932791,139.30487660334785,136.83499673386507,137.13938903808594,6686400.0,0.0,0.0,157.69000244140625,137.13938903808594
2021-10-13,137.25247582744746,139.21794171912254,137.1915920476404,138.45262145996094,6901100.0,0.0,0.0,159.1999969482422,138.45262145996094
2021-10-14,138.89615297894886,140.1397850189245,138.8004879550876,139.2440185546875,4579200.0,0.0,0.0,160.11000061035156,139.2440185546875
2021-10-15,140.04411411168218,140.72246124502928,139.50491851087307,140.2789306640625,6918400.0,0.0,0.0,161.3000030517578,140.2789306640625
2021-10-18,139.36579362382338,139.92238659017045,138.45262976350722,139.2527313232422,7465500.0,0.0,0.0,160.1199951171875,139.2527313232422
2021-10-19,139.93106505870327,143.6271933934383,139.7832215177405,142.51400756835938,10081300.0,0.0,0.0,163.8699951171875,142.51400756835938
2021-10-20,142.6096627654795,143.27931792150287,141.98349412326408,142.43572998046875,6003200.0,0.0,0.0,163.77999877929688,142.43572998046875
2021-10-21,142.88798794472078,142.96625571955178,141.1312360228066,142.1052703857422,4524100.0,0.0,0.0,163.39999389648438,142.1052703857422
2021-10-22,141.80958520909888,142.6792625507666,141.722625437066,142.38357543945312,4304300.0,0.0,0.0,163.72000122070312,142.38357543945312
2021-10-25,142.3835556842784,142.89666205981723,140.63550924734142,142.69664001464844,6715400.0,0.0,0.0,164.0800018310547,142.69664001464844
2021-10-26,143.11408403962514,144.3925106400093,142.6705534259043,144.1490020751953,6939100.0,0.0,0.0,165.75,144.1490020751953
2021-10-27,144.08813332825773,144.15770910692203,142.02700230744165,142.40097045898438,7018800.0,0.0,0.0,163.74000549316406,142.40097045898438
2021-10-28,142.4270086108416,143.67064037388468,141.16597959181925,141.6269073486328,6278800.0,0.0,0.0,162.85000610351562,141.6269073486328
2021-10-29,141.19208731958,141.9747914282481,139.6788443365725,141.65301513671875,8526800.0,0.0,0.0,162.8800048828125,141.65301513671875
2021-11-01,141.89651927823212,142.60964760201665,138.6265248787514,141.77476501464844,5846400.0,0.0,0.0,163.02000427246094,141.77476501464844
2021-11-02,142.36613748502222,145.21867728874457,141.73996891637887,144.00982666015625,8450600.0,0.0,0.0,165.58999633789062,144.00982666015625
2021-11-03,143.53153767462823,144.16641166668776,142.13135667207445,143.54893493652344,6717800.0,0.0,0.0,165.05999755859375,143.54893493652344
2021-11-04,143.44459766429532,143.488084189912,141.47042617927266,143.14891052246094,8224400.0,0.0,0.0,164.60000610351562,143.14891052246094
2021-11-05,141.30514174654994,143.1488663560943,141.0616332024966,142.13133239746094,6215900.0,0.0,0.0,163.42999267578125,142.13133239746094
2021-11-08,142.34875401736352,142.77490061153972,140.8963947236316,141.64431762695312,5578800.0,0.0,0.0,162.8699951171875,141.64431762695312
2021-11-09,141.4181955533693,142.27047540650497,140.90508924272163,141.3312225341797,6112800.0,0.0,0.0,162.50999450683594,141.3312225341797
2021-11-10,141.34866452958607,143.3576171686445,141.1921289697641,142.86190795898438,6225100.0,0.0,0.0,164.27000427246094,142.86190795898438
2021-11-11,142.18355372967733,142.46184357920575,141.31387638578843,141.80958557128906,4118800.0,0.0,0.0,163.05999755859375,141.80958557128906
2021-11-12,145.61003390920828,145.7752746853312,143.15755133002037,143.5054168701172,18995200.0,0.0,0.0,165.00999450683594,143.5054168701172
2021-11-15,143.4967284399391,143.89678576418362,141.94870418868948,142.20960998535156,7496200.0,0.0,0.0,163.52000427246094,142.20960998535156
2021-11-16,141.91392857346491,142.9314626429963,141.42691143227967,141.47039794921875,7594700.0,0.0,0.0,162.6699981689453,141.47039794921875
2021-11-17,141.64434463180012,142.5053299787955,140.70509150877513,142.00091552734375,5414500.0,0.0,0.0,163.27999877929688,142.00091552734375
2021-11-18,142.14875957060423,143.03583417931745,141.00079237423108,141.235595703125,6358700.0,0.0,0.0,162.39999389648438,141.235595703125
2021-11-19,141.79218945861442,141.92264902338962,140.69640077370843,141.6617431640625,7620700.0,0.0,0.0,162.88999938964844,141.6617431640625
2021-11-22,140.9614288242664,142.37078104536494,139.7534088184268,139.79718017578125,7634500.0,1.06,0.0,159.6999969482422,139.79718017578125
2021-11-23,139.63961746635783,140.93516681258535,138.99183611467268,140.66380310058594,7734000.0,0.0,0.0,160.69000244140625,140.66380310058594
2021-11-24,140.1823699905036,140.60254570505458,139.51709066270243,140.26991271972656,5230900.0,0.0,0.0,160.24000549316406,140.26991271972656
2021-11-26,140.58502832353338,141.07523548196443,138.88680112672353,139.3594970703125,8523100.0,0.0,0.0,159.1999969482422,139.3594970703125
2021-11-29,139.62206849768313,140.42741048741496,138.67666354700515,139.84091186523438,9188500.0,0.0,0.0,159.75,139.84091186523438
2021-11-30,138.7555059601623,139.18444396081506,136.42702164029845,136.49703979492188,14981700.0,0.0,0.0,155.92999267578125,136.49703979492188
2021-12-01,137.32865862922384,140.1298523750296,136.7771688102942,138.3791046142578,9835800.0,0.0,0.0,158.0800018310547,138.3791046142578
2021-12-02,137.6612783731514,139.4382861107537,137.21484254568944,137.51246643066406,11334700.0,0.0,0.0,157.08999633789062,137.51246643066406
2021-12-03,138.23025896706045,139.7709118124692,137.95013298218132,139.51705932617188,8750500.0,0.0,0.0,159.3800048828125,139.51705932617188
2021-12-06,140.22609966584434,143.14109536802445,139.91096463433456,142.6333770751953,9692000.0,0.0,0.0,162.94000244140625,142.6333770751953
2021-12-07,143.56129150853437,143.7976461552863,142.1694504855989,143.0010528564453,8311300.0,0.0,0.0,163.36000061035156,143.0010528564453
2021-12-08,143.0973311787477,144.06024753354055,142.37076944870256,143.85890197753906,6216400.0,0.0,0.0,164.33999633789062,143.85890197753906
2021-12-09,143.71884351547854,145.29451880152772,143.1148468998734,145.2244873046875,8574200.0,0.0,0.0,165.89999389648438,145.2244873046875
2021-12-10,144.93563208584092,145.91604637020316,144.13027651552298,144.8656005859375,6572200.0,0.0,0.0,165.49000549316406,144.8656005859375
2021-12-13,144.21781557182777,148.11322582479767,143.38621323692402,147.45669555664062,11142300.0,0.0,0.0,168.4499969482422,147.45669555664062
2021-12-14,147.35167290851024,149.66265919919283,146.32748716848383,149.06739807128906,10482400.0,0.0,0.0,170.2899932861328,149.06739807128906
2021-12-15,148.68223614679866,149.95152540746133,148.30581849018807,149.81146240234375,8552200.0,0.0,0.0,171.13999938964844,149.81146240234375
2021-12-16,149.91647573896412,151.88606631021224,149.54882043518805,151.44837951660156,8998600.0,0.0,0.0,173.00999450683594,151.44837951660156
2021-12-17,148.49839450736508,149.49631999493437,146.76515831466952,147.2641143798828,16726200.0,0.0,0.0,168.22999572753906,147.2641143798828
2021-12-20,146.89643812426624,147.5091969580105,145.79347222352652,146.8439178466797,7954500.0,0.0,0.0,167.75,146.8439178466797
2021-12-21,147.11529065300908,147.1503130783351,145.29451189316342,146.37123107910156,7954200.0,0.0,0.0,167.2100067138672,146.37123107910156
2021-12-22,146.23995489509352,147.21162041385065,145.41710132965926,147.00152587890625,4178200.0,0.0,0.0,167.92999267578125,147.00152587890625
2021-12-23,146.95773223560596,147.89437509283843,146.50253419884734,147.2816162109375,3501500.0,0.0,0.0,168.25,147.2816162109375
2021-12-27,148.0606959866798,148.68221714424004,147.67552945040492,148.52464294433594,3704800.0,0.0,0.0,169.6699981689453,148.52464294433594
2021-12-28,148.6297135277539,149.37378661013787,148.45464143694127,149.11993408203125,3187000.0,0.0,0.0,170.35000610351562,149.11993408203125
2021-12-29,148.8135022002275,150.555500358083,148.73472178712927,150.1703338623047,3662000.0,0.0,0.0,171.5500030517578,150.1703338623047
2021-12-30,150.66933967658804,151.3346323374234,150.34545563306222,150.83566284179688,4231800.0,0.0,0.0,172.30999755859375,150.83566284179688
2021-12-31,151.02822120899208,151.1595219192368,149.7151606779752,149.75018310546875,4409500.0,0.0,0.0,171.07000732421875,149.75018310546875
2022-01-03,148.99735537182957,150.2141242153573,148.0256900825994,150.16159057617188,6012200.0,0.0,0.0,171.5399932861328,150.16159057617188
2022-01-04,149.74141517851453,150.8181210333836,149.33875077750616,149.75892639160156,6748400.0,0.0,0.0,171.0800018310547,149.75892639160156
2022-01-05,150.5642679245584,151.85106825969427,150.2316216629978,150.75685119628906,7016100.0,0.0,0.0,172.22000122070312,150.75685119628906
2022-01-06,150.69560226329656,151.0019884522896,149.51385558534818,150.24041748046875,7301600.0,0.0,0.0,171.6300048828125,150.24041748046875
2022-01-07,150.09156844471366,152.57762634766584,149.8026935440187,152.271240234375,6986000.0,0.0,0.0,173.9499969482422,152.271240234375
2022-01-10,152.04364687560633,152.04364687560633,150.70432629958182,151.51841735839844,7698400.0,0.0,0.0,173.08999633789062,151.51841735839844
2022-01-11,151.4309004001401,151.78104453549932,148.90981988269755,149.90774536132812,8341100.0,0.0,0.0,171.25,149.90774536132812
2022-01-12,148.4721540897078,148.88358085352755,147.3604255987175,148.6297149658203,8116200.0,0.0,0.0,169.7899932861328,148.6297149658203
2022-01-13,147.9381523537153,149.18118138010246,147.4654564422721,147.72805786132812,6159400.0,0.0,0.0,168.75999450683594,147.72805786132812
2022-01-14,147.6142822464452,147.63178010459947,146.3187194572755,146.9227294921875,5847700.0,0.0,0.0,167.83999633789062,146.9227294921875
2022-01-18,146.27493286132812,146.81766021517856,145.32076549269487,146.27493286132812,7815600.0,0.0,0.0,167.10000610351562,146.27493286132812
2022-01-19,146.36247532730874,147.69304704911528,145.59215557859315,145.8197479248047,5926500.0,0.0,0.0,166.5800018310547,145.8197479248047
2022-01-20,146.4412742175286,146.94024368505163,144.3753915562572,144.655517578125,6011300.0,0.0,0.0,165.25,144.655517578125
2022-01-21,145.4783758187622,147.05405135033257,143.97273179494434,144.3228759765625,10550300.0,0.0,0.0,164.8699951171875,144.3228759765625
2022-01-24,143.56130190605185,143.71011384785328,138.53665153076818,142.65966796875,14054600.0,0.0,0.0,162.97000122070312,142.65966796875
2022-01-25,142.12566865130947,147.42168199105518,141.4428782618168,146.7388916015625,14081200.0,0.0,0.0,167.6300048828125,146.7388916015625
2022-01-26,146.660122623642,148.13075757390115,145.51338506676558,147.39544677734375,9963200.0,0.0,0.0,168.3800048828125,147.39544677734375
2022-01-27,148.27952572051032,150.4854708157377,147.93813056886776,149.32997131347656,9066700.0,0.0,0.0,170.58999633789062,149.32997131347656
2022-01-28,149.56637140539044,150.42423400890914,148.20079038346225,150.38046264648438,9783100.0,0.0,0.0,171.7899932861328,150.38046264648438
2022-01-31,150.12660632880642,151.10702070809617,149.5313585577074,150.81814575195312,8054800.0,0.0,0.0,172.2899932861328,150.81814575195312
2022-02-01,150.33668422185093,150.54676536152456,148.3145597524935,149.5838623046875,8154700.0,0.0,0.0,170.8800048828125,149.5838623046875
2022-02-02,148.50713685126635,151.43089504235468,148.50713685126635,151.23831176757812,7382800.0,0.0,0.0,172.77000427246094,151.23831176757812
2022-02-03,150.79183595029215,151.9823444575956,149.7238792000432,151.22952270507812,6240400.0,0.0,0.0,172.75999450683594,151.22952270507812
2022-02-04,149.68892768313924,151.42216415841713,148.9185944242847,150.24041748046875,6392200.0,0.0,0.0,171.6300048828125,150.24041748046875
2022-02-07,150.04782599163804,150.33670094797154,148.82229465957374,149.74143981933594,6065700.0,0.0,0.0,171.05999755859375,149.74143981933594
2022-02-08,149.70640565941684,150.60803945213073,149.23369640748143,150.1353302001953,6296100.0,0.0,0.0,171.50999450683594,150.1353302001953
2022-02-09,150.6255619869547,150.7743739160778,149.90774912715085,150.1178436279297,5387500.0,0.0,0.0,171.49000549316406,150.1178436279297
2022-02-10,149.8727431167756,149.8814920455582,148.2007760764272,148.30581665039062,10355300.0,0.0,0.0,169.4199981689453,148.30581665039062
2022-02-11,148.04322698593143,148.94486101786848,146.66013464637138,146.8089599609375,13125300.0,0.0,0.0,167.7100067138672,146.8089599609375
2022-02-14,146.80892250315898,147.03651484635438,143.39495721237586,144.96188354492188,8967600.0,0.0,0.0,165.60000610351562,144.96188354492188
2022-02-15,145.42585135460507,147.15033878174052,145.32079741741842,146.4587860107422,6631400.0,0.0,0.0,167.30999755859375,146.4587860107422
2022-02-16,145.74096099464956,146.92270738514088,145.05817062935012,146.37123107910156,8482400.0,0.0,0.0,167.2100067138672,146.37123107910156
2022-02-17,146.3712326336338,146.58131375925458,144.36661951239068,145.4783477783203,6227600.0,0.0,0.0,166.19000244140625,145.4783477783203
2022-02-18,145.34622601022681,145.68100766262467,143.54900614779407,143.9190216064453,6423200.0,1.06,0.0,163.36000061035156,143.9190216064453
2022-02-22,144.10400005571026,144.25376721992276,141.346488264975,141.9631805419922,6868900.0,0.0,0.0,161.13999938964844,141.9631805419922
2022-02-23,142.28917345934892,143.28469984315802,141.70772830056507,142.03369140625,8016900.0,0.0,0.0,161.22000122070312,142.03369140625
2022-02-24,140.76503339289448,141.07338626074716,137.1882046516455,139.32020568847656,12883400.0,0.0,0.0,158.13999938964844,139.32020568847656
2022-02-25,140.95888436558735,147.11703046574817,140.69458376882451,146.24484252929688,11340400.0,0.0,0.0,166.0,146.24484252929688
2022-02-28,143.48730200243665,145.5223933467714,143.0556241069015,144.98500061035156,9373500.0,0.0,0.0,164.57000732421875,144.98500061035156
2022-03-01,143.6370747736073,145.1435785293579,143.08205839444418,144.4828338623047,8737800.0,0.0,0.0,164.0,144.4828338623047
2022-03-02,144.84402026533485,147.68081797640636,144.51804380889928,146.280029296875,6793300.0,0.0,0.0,166.0399932861328,146.280029296875
2022-03-03,146.86149093933017,149.18731129650192,146.5267228304688,148.42965698242188,7333700.0,0.0,0.0,168.47999572753906,148.42965698242188
2022-03-04,147.6896603719724,149.6454658331078,146.99368184328065,149.31068420410156,6302500.0,0.0,0.0,169.47999572753906,149.31068420410156
2022-03-07,148.27110440748328,152.51748309921024,147.4429689493385,151.71578979492188,11663400.0,0.0,0.0,172.2100067138672,151.71578979492188
2022-03-08,151.56600252449303,152.51747640638192,148.45609886968109,148.64111328125,11100300.0,0.0,0.0,168.72000122070312,148.64111328125
2022-03-09,149.77758073740253,149.9714002283788,147.9098803075041,149.20494079589844,7248200.0,0.0,0.0,169.36000061035156,149.20494079589844
2022-03-10,148.50014084609577,149.90091614000534,148.07726807570256,149.46923828125,6171400.0,0.0,0.0,169.66000366210938,149.46923828125
2022-03-11,149.00236269953587,151.05507817223952,148.90545292381555,149.19618225097656,5188000.0,0.0,0.0,169.35000610351562,149.19618225097656
2022-03-14,150.36784855754928,153.39846601913752,150.0771327557346,151.25765991210938,7729500.0,0.0,0.0,171.69000244140625,151.25765991210938
2022-03-15,152.70249748550248,155.5128669232319,152.01532411461443,155.17808532714844,10554400.0,0.0,0.0,176.13999938964844,155.17808532714844
2022-03-16,154.57902048844642,155.8916913088838,152.024133007103,153.75088500976562,9603300.0,0.0,0.0,174.52000427246094,153.75088500976562
2022-03-17,154.35877647593637,155.79478580412285,153.4689650172494,155.75955200195312,7472100.0,0.0,0.0,176.8000030517578,155.75955200195312
2022-03-18,155.9357544225093,155.9357544225093,152.9932411529195,154.03280639648438,13809500.0,0.0,0.0,174.83999633789062,154.03280639648438
2022-03-21,153.87422343865535,156.07670569292597,153.5746890783669,154.9049835205078,7574900.0,0.0,0.0,175.8300018310547,154.9049835205078
2022-03-22,154.9049775243138,155.38070775795197,153.21347283165636,154.1737518310547,8442100.0,0.0,0.0,175.0,154.1737518310547
2022-03-23,154.37636822906848,154.64947385266268,153.3720369510439,153.59228515625,5254200.0,0.0,0.0,174.33999633789062,153.59228515625
2022-03-24,154.1737345083982,154.64946468858426,153.3544176861659,154.3851776123047,5012300.0,0.0,0.0,175.24000549316406,154.3851776123047
2022-03-25,154.7816473712477,156.55243829077645,154.36757962580958,155.86526489257812,4809500.0,0.0,0.0,176.9199981689453,155.86526489257812
2022-03-28,155.6273831063949,156.97530110472485,155.3630960031021,156.66696166992188,5604200.0,0.0,0.0,177.8300018310547,156.66696166992188
2022-03-29,157.36292624932713,158.05009954311504,155.75952637811633,156.58766174316406,5933400.0,0.0,0.0,177.74000549316406,156.58766174316406
2022-03-30,157.20436240408984,158.45537060690202,156.53479925125816,158.21749877929688,6277600.0,0.0,0.0,179.58999633789062,158.21749877929688
2022-03-31,158.21752592688028,158.76375071521113,155.91813371318187,156.1383819580078,11490400.0,0.0,0.0,177.22999572753906,156.1383819580078
2022-04-01,155.97981462757983,157.19557583646403,154.70237745560047,156.98414611816406,6525600.0,0.0,0.0,178.19000244140625,156.98414611816406
2022-04-04,156.98413523686548,156.98413523686548,154.6318856836184,155.4688262939453,6860600.0,0.0,0.0,176.47000122070312,155.4688262939453
2022-04-05,155.468798034051,158.27034864118497,155.3102123422583,156.47312927246094,7446100.0,0.0,0.0,177.61000061035156,156.47312927246094
2022-04-06,158.0412882693937,160.8692809007502,157.36292009052806,160.54330444335938,10330900.0,0.0,0.0,182.22999572753906,160.54330444335938
2022-04-07,160.049940568668,161.17761013777275,158.78130894270478,160.1292266845703,7385200.0,0.0,0.0,181.75999450683594,160.1292266845703
2022-04-08,159.75044789922455,161.38909526919113,158.95754620498485,160.44642639160156,7144500.0,0.0,0.0,182.1199951171875,160.44642639160156
2022-04-11,161.22171570764417,162.27890459747775,158.22634494596807,158.43777465820312,5932000.0,0.0,0.0,179.83999633789062,158.43777465820312
2022-04-12,157.87392350909386,159.29232260249142,156.99293061736577,158.49061584472656,5957500.0,0.0,0.0,179.89999389648438,158.49061584472656
2022-04-13,158.49060833933697,159.3187437692062,157.90916327492337,159.16017150878906,5643100.0,0.0,0.0,180.66000366210938,159.16017150878906
2022-04-14,158.57872051105323,159.81210518231867,158.34084866627896,158.49061584472656,6188200.0,0.0,0.0,179.89999389648438,158.49061584472656
2022-04-18,158.34084490756047,158.92230342859057,155.7066848272698,156.51719665527344,6318700.0,0.0,0.0,177.66000366210938,156.51719665527344
2022-04-19,159.21303159442544,163.8118154238909,158.5346633245545,161.29217529296875,14380800.0,0.0,0.0,183.0800018310547,161.29217529296875
2022-04-20,160.5521350581717,162.38460172210222,160.252587285202,162.00576782226562,8044900.0,0.0,0.0,183.88999938964844,162.00576782226562
2022-04-21,162.04102311539643,162.8691586202183,160.8340671033692,161.5388641357422,6969200.0,0.0,0.0,183.36000061035156,161.5388641357422
2022-04-22,160.7547704247132,161.35383912507172,159.7944914205527,159.93544006347656,8003600.0,0.0,0.0,181.5399932861328,159.93544006347656
2022-04-25,160.6402469535424,164.47257156006074,160.4288172546792,163.8734893798828,11176500.0,0.0,0.0,186.00999450683594,163.8734893798828
2022-04-26,163.07178053259196,164.3668410865667,162.2612552877109,162.70175170898438,10190000.0,0.0,0.0,184.67999267578125,162.70175170898438
2022-04-27,162.3141112031654,162.825088617934,160.11162929961938,160.4287872314453,11090100.0,0.0,0.0,182.10000610351562,160.4287872314453
2022-04-28,160.560945868562,162.54317976817387,160.27021661680618,161.626953125,9403900.0,0.0,0.0,183.4600067138672,161.626953125
2022-04-29,160.78118236924186,160.82523469682374,158.75489628642276,158.9839630126953,8463100.0,0.0,0.0,180.4600067138672,158.9839630126953
2022-05-02,158.99280347624727,159.8209390246641,155.96218548752432,157.38058471679688,7145400.0,0.0,0.0,178.63999938964844,157.38058471679688
2022-05-03,157.52151953328257,159.13373801346336,156.5347984297835,157.07220458984375,5898700.0,0.0,0.0,178.2899932861328,157.07220458984375
2022-05-04,156.94890541879428,159.01924444944603,156.06791237475304,158.75494384765625,5923000.0,0.0,0.0,180.1999969482422,158.75494384765625
2022-05-05,158.06776408864096,158.32325958931105,154.41164847782088,155.7243194580078,7089200.0,0.0,0.0,176.75999450683594,155.7243194580078
2022-05-06,154.29708933073218,155.8212032181601,153.90064523136337,155.38070678710938,6434000.0,0.0,0.0,176.3699951171875,155.38070678710938
2022-05-09,154.5702000107478,157.31008843900125,153.81254558690293,156.22647094726562,7855200.0,0.0,0.0,177.3300018310547,156.22647094726562
2022-05-10,157.01934592153694,157.85628640863922,155.49523211299206,156.0150146484375,8186700.0,0.0,0.0,177.08999633789062,156.0150146484375
2022-05-11,155.01952907274338,157.09867302176016,154.94904802192585,155.16929626464844,6138900.0,0.0,0.0,176.1300048828125,155.16929626464844
2022-05-12,155.46880959876904,156.77267525514196,153.9182670193765,156.7021942138672,6898600.0,0.0,0.0,177.8699951171875,156.7021942138672
2022-05-13,157.4334329711039,157.60082377767534,154.87855886637175,155.80360412597656,7732200.0,0.0,0.0,176.85000610351562,155.80360412597656
2022-05-16,155.80357444540812,157.81223685584473,155.2044923803768,156.88719177246094,5516700.0,0.0,0.0,178.0800018310547,156.88719177246094
2022-05-17,157.45107988764497,158.31444931766057,155.57456037850156,157.5391845703125,5751100.0,0.0,0.0,178.82000732421875,157.5391845703125
2022-05-18,157.55677094571612,158.02369611894983,154.32352853509096,154.6142578125,8608800.0,0.0,0.0,175.5,154.6142578125
2022-05-19,153.92707203011474,153.99755307135362,152.13865761769057,153.23989868164062,6874500.0,0.0,0.0,173.94000244140625,153.23989868164062
2022-05-20,154.04158543178212,156.0766765032612,153.3367885536506,155.9180908203125,7522100.0,0.0,0.0,176.97999572753906,155.9180908203125
2022-05-23,157.4698165816455,159.53570929314972,157.3456855149121,159.10125732421875,7040800.0,1.13,0.0,179.44000244140625,159.10125732421875
2022-05-24,158.93271921051326,161.14049239811536,158.7997265308299,160.83901977539062,6419800.0,0.0,0.0,181.39999389648438,160.83901977539062
2022-05-25,160.06763101891693,160.97202180507983,158.76424867479736,159.26077270507812,6558900.0,0.0,0.0,179.6199951171875,159.26077270507812
2022-05-26,160.48436815938248,160.48436815938248,158.35640404853348,159.11892700195312,6897600.0,0.0,0.0,179.4600067138672,159.11892700195312
2022-05-27,159.38495725170276,160.6262812736434,158.02837738140178,160.564208984375,5853600.0,0.0,0.0,181.08999633789062,160.564208984375
2022-05-31,157.82443527691308,159.74847311716997,155.17333455537664,159.18101501464844,16391400.0,0.0,0.0,179.52999877929688,159.18101501464844
2022-06-01,158.84407706165393,159.44700888661305,155.9624512283387,157.5673065185547,5175400.0,0.0,0.0,177.7100067138672,157.5673065185547
2022-06-02,157.5939064711116,157.65596522362733,154.80093790547036,157.07077026367188,8666500.0,0.0,0.0,177.14999389648438,157.07077026367188
2022-06-03,156.9998562621788,158.41849477944575,156.1841225413963,156.42352294921875,4234200.0,0.0,0.0,176.4199981689453,156.42352294921875
2022-06-06,157.12399348807352,158.26777142956,156.05113597536447,156.40579223632812,5386500.0,0.0,0.0,176.39999389648438,156.40579223632812
2022-06-07,156.92001978019235,158.97706353652208,156.40575884110993,158.12586975097656,5447800.0,0.0,0.0,178.33999633789062,158.12586975097656
2022-06-08,157.91309800022879,159.11007289779735,156.76044498351013,157.18603515625,4333100.0,0.0,0.0,177.27999877929688,157.18603515625
2022-06-09,157.1239647270057,158.40073515032728,153.95860338377517,154.0206756591797,5509600.0,0.0,0.0,173.7100067138672,154.0206756591797
2022-06-10,152.65525456894275,154.25123486175386,151.28093782987568,152.9921875,6647300.0,0.0,0.0,172.5500030517578,152.9921875
2022-06-13,150.80213288358212,152.72617068172065,150.80213288358212,151.4493865966797,7997000.0,0.0,0.0,170.80999755859375,151.4493865966797
2022-06-14,151.6710665366097,151.71540195282876,148.30177784300346,149.12637329101562,7116800.0,0.0,0.0,168.19000244140625,149.12637329101562
2022-06-15,150.4120166950936,152.00799694766565,149.52536250247238,150.72235107421875,7796100.0,0.0,0.0,169.99000549316406,150.72235107421875
2022-06-16,149.31252306058545,150.91737811005507,148.4347442894607,150.80210876464844,7056700.0,0.0,0.0,170.0800018310547,150.80210876464844
2022-06-17,151.28977920595833,152.68181897702374,150.05733066385838,150.2523956298828,12486600.0,0.0,0.0,169.4600067138672,150.2523956298828
2022-06-21,151.39619097361592,154.1536858276882,150.34107040624718,153.4000244140625,8219700.0,0.0,0.0,173.00999450683594,153.4000244140625
2022-06-22,152.50452601856148,157.75351738359493,152.2296653747228,155.82061767578125,10593100.0,0.0,0.0,175.74000549316406,155.82061767578125
2022-06-23,156.93779177146504,159.43816308356813,156.5122015480768,159.29629516601562,10223500.0,0.0,0.0,179.66000366210938,159.29629516601562
2022-06-24,160.2893007106356,161.8409451300277,159.57997484163178,161.62814331054688,9374400.0,0.0,0.0,182.2899932861328,161.62814331054688
2022-06-27,161.05187252969662,162.56805720395377,160.92774147964343,161.4774627685547,5908600.0,0.0,0.0,182.1199951171875,161.4774627685547
2022-06-28,161.5217797896376,162.23110579312817,156.32598609327633,156.88458251953125,9245700.0,0.0,0.0,176.94000244140625,156.88458251953125
2022-06-29,157.13283595041912,158.09042397308212,156.43237165613192,156.9289093017578,7097900.0,0.0,0.0,176.99000549316406,156.9289093017578
2022-06-30,156.8136338995614,158.08154268145185,155.19105538446362,157.38995361328125,10777200.0,0.0,0.0,177.50999450683594,157.38995361328125
2022-07-01,157.33678423880403,159.34949305018554,156.6629319209615,159.1721649169922,5498400.0,0.0,0.0,179.52000427246094,159.1721649169922
2022-07-05,158.56035612268357,158.8263550615504,154.8186746959564,157.9485626220703,5676400.0,0.0,0.0,178.13999938964844,157.9485626220703
2022-07-06,157.88651217493117,159.10122404022349,157.30131718449462,158.09043884277344,5335600.0,0.0,0.0,178.3000030517578,158.09043884277344
2022-07-07,157.70027272377413,158.81745183474126,157.38993842831712,158.26773071289062,5725800.0,0.0,0.0,178.5,158.26773071289062
2022-07-08,158.1169977560918,159.58884653432213,157.62047371747562,158.07266235351562,3828300.0,0.0,0.0,178.27999877929688,158.07266235351562
2022-07-11,157.55844754022885,158.72883757015225,157.39885627938622,158.13478088378906,3645200.0,0.0,0.0,178.35000610351562,158.13478088378906
2022-07-12,157.806685279432,158.2234137685707,155.3417880832702,155.91812133789062,4708800.0,0.0,0.0,175.85000610351562,155.91812133789062
2022-07-13,155.74967620762274,156.34373288357304,154.7211541137674,155.5546112060547,5291700.0,0.0,0.0,175.44000244140625,155.5546112060547
2022-07-14,152.97440988043206,156.05996193846983,152.77048325350202,155.76736450195312,5359600.0,0.0,0.0,175.67999267578125,155.76736450195312
2022-07-15,157.56728524128997,158.2765976041397,156.5387633741853,158.02833557128906,5691100.0,0.0,0.0,178.22999572753906,158.02833557128906
2022-07-18,157.59391524820384,157.99290691429758,154.19802819233834,154.48175048828125,7605700.0,0.0,0.0,174.22999572753906,154.48175048828125
2022-07-19,156.34373493429533,156.71612807055465,150.6248181150851,152.2296600341797,13256400.0,0.0,0.0,171.69000244140625,152.2296600341797
2022-07-20,152.68183903196956,152.99217339029852,150.51840078226752,151.36073303222656,7455800.0,0.0,0.0,170.7100067138672,151.36073303222656
2022-07-21,150.775520984513,151.963634141449,150.52725893766868,151.8927001953125,5729200.0,0.0,0.0,171.30999755859375,151.8927001953125
2022-07-22,152.14985048339835,152.93897209906797,151.67104968825117,152.61090087890625,4257000.0,0.0,0.0,172.1199951171875,152.61090087890625
2022-07-25,152.61091133331226,153.37343446029467,152.25625507720045,152.91238403320312,4437300.0,0.0,0.0,172.4600067138672,152.91238403320312
2022-07-26,153.00101615394772,155.14671726763484,152.93895740751188,153.9940643310547,4525500.0,0.0,0.0,173.67999267578125,153.9940643310547
2022-07-27,153.0631108717481,154.3664935599362,151.73312964129238,153.56849670410156,4648500.0,0.0,0.0,173.1999969482422,153.56849670410156
2022-07-28,153.74581318511324,156.1309148424457,152.0079787519889,154.45513916015625,5513000.0,0.0,0.0,174.1999969482422,154.45513916015625
2022-07-29,154.09162430775118,155.03148910507943,153.31137782764176,154.7388916015625,6451400.0,0.0,0.0,174.52000427246094,154.7388916015625
2022-08-01,154.42853849444148,155.3063308985184,153.86994209827728,154.19801330566406,5461400.0,0.0,0.0,173.91000366210938,154.19801330566406
2022-08-02,155.17332471604598,155.59892841290144,153.12515596852373,153.32022094726562,5794200.0,0.0,0.0,172.9199981689453,153.32022094726562
2022-08-03,152.99215037237457,155.39497513545962,152.3005613348672,154.80091857910156,5010000.0,0.0,0.0,174.58999633789062,154.80091857910156
2022-08-04,154.9960285017623,155.24429061138113,152.1498759131786,152.31832885742188,5651600.0,0.0,0.0,171.7899932861328,152.31832885742188
2022-08-05,151.8838595206094,152.0877861881491,150.54500308726983,151.71539306640625,5235500.0,0.0,0.0,171.11000061035156,151.71539306640625
2022-08-08,151.88386382863715,152.04345508708124,150.23468651170234,150.90853881835938,4629800.0,0.0,0.0,170.1999969482422,150.90853881835938
2022-08-09,151.21000416465472,151.72426523385823,150.4918164138037,150.89080810546875,5532500.0,0.0,0.0,170.17999267578125,150.89080810546875
2022-08-10,151.63557540986864,151.83064037805238,150.31445603976357,151.3252410888672,5603400.0,0.0,0.0,170.6699981689453,151.3252410888672
2022-08-11,149.41896058694252,150.68686952264798,148.05350562466276,148.19537353515625,9328700.0,0.0,0.0,167.13999938964844,148.19537353515625
2022-08-12,148.55000004079002,148.90466974601497,146.43089759565967,146.56390380859375,14606900.0,0.0,0.0,165.3000030517578,146.56390380859375
2022-08-15,147.18459340916579,147.84958404203852,146.4132086043995,147.26438903808594,10072000.0,0.0,0.0,166.08999633789062,147.26438903808594
2022-08-16,147.06046032269427,149.17956323550783,146.82993511037083,148.57664489746094,7453600.0,0.0,0.0,167.57000732421875,148.57664489746094
2022-08-17,147.54814163107386,149.45444291683395,147.54814163107386,148.5855255126953,7406600.0,0.0,0.0,167.5800018310547,148.5855255126953
2022-08-18,148.67413918534143,149.2238738761851,147.1224946544556,147.86729431152344,8312100.0,0.0,0.0,166.77000427246094,147.86729431152344
2022-08-19,148.15991714487026,150.83760299586217,148.07124631620687,150.11941528320312,8128500.0,0.0,0.0,169.30999755859375,150.11941528320312
2022-08-22,150.76210782187857,150.77996386918844,149.2178934238219,149.59278869628906,5462600.0,1.13,0.0,167.58999633789062,149.59278869628906
2022-08-23,149.06611841694362,149.7534330759868,147.99498735594577,148.28955078125,5566300.0,0.0,0.0,166.1300048828125,148.28955078125
2022-08-24,148.6734006606321,148.7001779216738,147.34341796164858,147.79864501953125,5684300.0,0.0,0.0,165.5800018310547,147.79864501953125
2022-08-25,148.12888595720025,149.2803624992224,147.01312150494633,149.1821746826172,5678700.0,0.0,0.0,167.1300048828125,149.1821746826172
2022-08-26,149.47675155436312,149.51245002716524,146.56682888468504,146.6293182373047,5667100.0,0.0,0.0,164.27000427246094,146.6293182373047
2022-08-29,145.91521027825053,146.2454721912816,144.62092626267798,145.4956817626953,5259200.0,0.0,0.0,163.0,145.4956817626953
2022-08-30,145.7634586975924,145.97767673777858,144.62983829431568,144.98687744140625,6973300.0,0.0,0.0,162.42999267578125,144.98687744140625
2022-08-31,145.7009664075963,145.9866086156253,143.95145555401405,144.01393127441406,8741700.0,0.0,0.0,161.33999633789062,144.01393127441406
2022-09-01,144.14784992826347,147.72721748490778,144.13891509549333,147.5843963623047,7509600.0,0.0,0.0,165.33999633789062,147.5843963623047
2022-09-02,148.04853900995872,148.35202364102233,144.61197940120795,145.2635955810547,5803700.0,0.0,0.0,162.74000549316406,145.2635955810547
2022-09-06,146.33473502603985,148.3698882056145,145.33501448033186,145.65634155273438,7394600.0,0.0,0.0,163.17999267578125,145.65634155273438
2022-09-07,145.41535768993734,146.7631962903023,144.74589899608293,146.45079040527344,4590600.0,0.0,0.0,164.07000732421875,146.45079040527344
2022-09-08,146.28115950202405,147.6557750549216,145.56706766330356,147.62899780273438,5838400.0,0.0,0.0,165.38999938964844,147.62899780273438
2022-09-09,147.27197622344266,148.35202851067177,146.73640387561014,147.91465759277344,5500600.0,0.0,0.0,165.7100067138672,147.91465759277344
2022-09-12,148.27170135904805,148.68230865452128,147.47727764448052,147.8521728515625,6365300.0,0.0,0.0,165.63999938964844,147.8521728515625
2022-09-13,146.00447487723213,146.78104255188495,143.54085833115371,144.00502014160156,6726400.0,0.0,0.0,161.3300018310547,144.00502014160156
2022-09-14,144.94226380456792,147.60224233572492,144.94226380456792,146.9774169921875,9555700.0,0.0,0.0,164.66000366210938,146.9774169921875
2022-09-15,146.78996056909497,148.23600048167683,146.4775547116894,147.35231018066406,7174500.0,0.0,0.0,165.0800018310547,147.35231018066406
2022-09-16,147.56656165495792,149.6284923472577,147.05776648663846,149.60171508789062,20201500.0,0.0,0.0,167.60000610351562,149.60171508789062
2022-09-19,148.4412569179522,148.55728712133302,146.45965880903336,148.42340087890625,7380900.0,0.0,0.0,166.27999877929688,148.42340087890625
2022-09-20,147.47725746557114,148.08422668346222,146.6739126489108,147.2541046142578,7143400.0,0.0,0.0,164.97000122070312,147.2541046142578
2022-09-21,147.2987543909455,148.88760178047127,145.7099070014197,145.74560546875,8071200.0,0.0,0.0,163.27999877929688,145.74560546875
2022-09-22,145.6296007589099,149.20898257352292,145.34397208298049,148.33421325683594,7401100.0,0.0,0.0,166.17999267578125,148.33421325683594
2022-09-23,147.94143715733205,149.4945724739818,146.97741508828867,148.81619262695312,9598600.0,0.0,0.0,166.72000122070312,148.81619262695312
2022-09-26,147.99499780429485,148.92330782398562,146.72749103694238,147.90573120117188,8735500.0,0.0,0.0,165.6999969482422,147.90573120117188
2022-09-27,148.49486276425293,149.66418175301942,146.7453380772795,147.22735595703125,8686700.0,0.0,0.0,164.94000244140625,147.22735595703125
2022-09-28,148.3966547242214,149.405310029072,147.37015699675342,148.49484252929688,8660900.0,0.0,0.0,166.36000061035156,148.49484252929688
2022-09-29,148.60197909999494,149.21788329874687,146.29011826656375,146.86138916015625,7008100.0,0.0,0.0,164.52999877929688,146.86138916015625
2022-09-30,147.28092975492814,147.94146731284908,145.78134864419764,145.81704711914062,8985200.0,0.0,0.0,163.36000061035156,145.81704711914062
2022-10-03,146.64715296453386,146.72749835942275,144.33529220209087,145.67420959472656,8657000.0,0.0,0.0,163.1999969482422,145.67420959472656
2022-10-04,146.25439234083964,148.17350152090387,145.42425660525225,147.8343048095703,6236100.0,0.0,0.0,165.6199951171875,147.8343048095703
2022-10-05,147.29875758710452,148.20921153557433,146.5757444314846,147.37908935546875,4539400.0,0.0,0.0,165.11000061035156,147.37908935546875
2022-10-06,147.0934630617804,147.28091749510457,144.32637520821825,144.5227508544922,5890700.0,0.0,0.0,161.91000366210938,144.5227508544922
2022-10-07,144.39775967911385,144.79943211202772,142.07696443534692,142.99635314941406,6363500.0,0.0,0.0,160.1999969482422,142.99635314941406
2022-10-10,143.38021354302663,143.96040566683055,142.08591575578689,143.183837890625,5315600.0,0.0,0.0,160.41000366210938,143.183837890625
2022-10-11,143.14812048981727,146.4864928366943,143.14812048981727,145.2546844482422,6212200.0,0.0,0.0,162.72999572753906,145.2546844482422
2022-10-12,145.4421012104454,147.17376947608804,145.04935002192823,145.2189483642578,4341700.0,0.0,0.0,162.69000244140625,145.2189483642578
2022-10-13,143.61224481726958,148.1645683170904,143.4872797684988,147.41476440429688,6465100.0,0.0,0.0,165.14999389648438,147.41476440429688
2022-10-14,146.78104837394298,147.8878780009972,146.03125792590532,146.7989044189453,5684600.0,0.0,0.0,164.4600067138672,146.7989044189453
2022-10-17,147.63793965033292,149.25357793908847,147.28982170306978,148.7001495361328,6710800.0,0.0,0.0,166.58999633789062,148.7001495361328
2022-10-18,147.28087101483496,149.21783598709473,145.5402816268751,148.18240356445312,10883600.0,0.0,0.0,166.00999450683594,148.18240356445312
2022-10-19,148.17351510091055,148.39666798509867,146.290104213556,147.0041961669922,10044600.0,0.0,0.0,164.69000244140625,147.0041961669922
2022-10-20,147.2809015429666,147.94143897436024,146.68285345597022,147.37908935546875,5659900.0,0.0,0.0,165.11000061035156,147.37908935546875
2022-10-21,147.02200793126693,151.1815660884271,146.77206424569684,150.5924530029297,8487600.0,0.0,0.0,168.7100067138672,150.5924530029297
2022-10-24,151.57438984707753,153.60062220969093,151.07452947678095,152.61874389648438,6855500.0,0.0,0.0,170.97999572753906,152.61874389648438
2022-10-25,151.8957134348106,152.73477051305133,150.42290975163283,152.3777313232422,5661900.0,0.0,0.0,170.7100067138672,152.3777313232422
2022-10-26,152.922190175663,154.03795441537508,152.20809833821346,153.71661376953125,6123800.0,0.0,0.0,172.2100067138672,153.71661376953125
2022-10-27,153.8416050333865,154.80561351501115,153.27925540229606,153.80589294433594,5390900.0,0.0,0.0,172.30999755859375,153.80589294433594
2022-10-28,154.42179370835618,156.55513470668788,154.05581971454157,156.09097290039062,6073900.0,0.0,0.0,174.8699951171875,156.09097290039062
2022-10-31,155.77856723686514,156.34983806835245,154.79668911079114,155.28762817382812,7810000.0,0.0,0.0,173.97000122070312,155.28762817382812
2022-11-01,155.36797055894283,155.8767657009041,152.1188649290574,154.50213623046875,6985000.0,0.0,0.0,173.08999633789062,154.50213623046875
2022-11-02,154.32362294368386,155.26086787179563,152.00282727599503,152.12779235839844,6877300.0,0.0,0.0,170.42999267578125,152.12779235839844
2022-11-03,151.57433233486302,153.0560704561467,150.79776481281954,152.38661193847656,4819900.0,0.0,0.0,170.72000122070312,152.38661193847656
2022-11-04,153.136397723497,153.97545455362481,151.06554651865446,153.0649871826172,5300900.0,0.0,0.0,171.47999572753906,153.0649871826172
2022-11-07,153.23461179943612,155.18051191673456,153.02931497179654,154.4039306640625,6621000.0,0.0,0.0,172.97999572753906,154.4039306640625
2022-11-08,154.5378537205686,155.9303256648603,153.68986178767213,155.17160034179688,5148400.0,0.0,0.0,173.83999633789062,155.17160034179688
2022-11-09,155.55542202083012,156.20702465287692,153.832674609312,153.9308624267578,6150000.0,0.0,0.0,172.4499969482422,153.9308624267578
2022-11-10,155.62683871980266,156.00173395933743,153.5648944721032,155.73394775390625,7877500.0,0.0,0.0,174.47000122070312,155.73394775390625
2022-11-11,154.18076198102503,154.519958668559,148.90543900376827,151.07447814941406,11074700.0,0.0,0.0,169.25,151.07447814941406
2022-11-14,151.96711411933683,154.65386994147437,151.96711411933683,153.4488525390625,6581500.0,0.0,0.0,171.91000366210938,153.4488525390625
2022-11-15,153.69879973282923,154.42181297852997,152.20813993560748,153.8773193359375,9351000.0,0.0,0.0,172.38999938964844,153.8773193359375
2022-11-16,154.99306099395923,156.1980919723047,154.53783403022706,154.8323974609375,5500900.0,0.0,0.0,173.4600067138672,154.8323974609375
2022-11-17,154.42177348735234,156.19807509142152,154.40391744555612,156.08203125,4464100.0,0.0,0.0,174.86000061035156,156.08203125
2022-11-18,156.20700617444052,157.67088843035418,155.8678094597216,157.27813720703125,6555700.0,0.0,0.0,176.1999969482422,157.27813720703125
2022-11-21,158.01482895333154,158.60775843277142,157.06255575136802,158.08670043945312,5706600.0,1.13,0.0,175.97000122070312,158.08670043945312
2022-11-22,158.4729673553989,159.18268959282346,158.41008838326877,158.8502960205078,4707900.0,0.0,0.0,176.82000732421875,158.8502960205078
2022-11-23,158.50893062387246,159.37136100727162,158.12262311466034,159.02099609375,5389200.0,0.0,0.0,177.00999450683594,159.02099609375
2022-11-25,159.3534022830882,160.01818950970838,158.88624449902377,159.22763061523438,3058600.0,0.0,0.0,177.24000549316406,159.22763061523438
2022-11-28,158.7874441584515,159.70378855140638,158.6167510775193,159.30850219726562,6183100.0,0.0,0.0,177.3300018310547,159.30850219726562
2022-11-29,159.02098998945638,159.2455832256074,156.9098217944868,158.19448852539062,6700500.0,0.0,0.0,176.08999633789062,158.19448852539062
2022-11-30,158.44603283645773,159.9193639264277,157.01762313561335,159.91038513183594,13288000.0,0.0,0.0,178.0,159.91038513183594
2022-12-01,160.808736796141,161.6711807457097,159.7037420519499,160.57516479492188,6282600.0,0.0,0.0,178.74000549316406,160.57516479492188
2022-12-02,159.46118404890183,160.7728144675644,158.97606873180212,160.70094299316406,5823900.0,0.0,0.0,178.8800048828125,160.70094299316406
2022-12-05,160.23379950886846,161.13217245661764,159.9103846993554,160.61111450195312,5120600.0,0.0,0.0,178.77999877929688,160.61111450195312
2022-12-06,161.6352689520116,161.70714043717598,158.05075573741055,158.2034912109375,7943500.0,0.0,0.0,176.10000610351562,158.2034912109375
2022-12-07,158.62573354875062,159.8026000326345,158.32027629836176,159.1647491455078,5702600.0,0.0,0.0,177.1699981689453,159.1647491455078
2022-12-08,158.85030851532642,159.43424543825788,158.41907963787727,159.19168090820312,4798500.0,0.0,0.0,177.1999969482422,159.19168090820312
2022-12-09,159.11979587904904,159.81154681647942,157.80817918572492,157.8800506591797,4561000.0,0.0,0.0,175.74000549316406,157.8800506591797
2022-12-12,158.06870785979294,159.79358217023486,157.75428557193715,159.76663208007812,4882400.0,0.0,0.0,177.83999633789062,159.76663208007812
2022-12-13,160.89858444309957,161.88678636261585,160.18886220834756,160.99740600585938,9177500.0,0.0,0.0,179.2100067138672,160.99740600585938
2022-12-14,160.43142745644823,162.6414170220336,160.43142745644823,161.4915008544922,9533600.0,0.0,0.0,179.75999450683594,161.4915008544922
2022-12-15,160.98840403504315,161.5633620823508,158.4729574375416,159.4521942138672,7602400.0,0.0,0.0,177.49000549316406,159.4521942138672
2022-12-16,159.01199144354297,159.01199144354297,157.08947412921546,157.81715393066406,18841800.0,0.0,0.0,175.6699981689453,157.81715393066406
2022-12-19,157.52968996332757,158.2663485965943,156.37977377377786,157.64646911621094,5736000.0,0.0,0.0,175.47999572753906,157.64646911621094
2022-12-20,158.1136186105286,158.50890485034796,157.36796751415687,157.81715393066406,6174700.0,0.0,0.0,175.6699981689453,157.81715393066406
2022-12-21,158.35616860914533,160.0720501448954,157.79916818219917,159.62286376953125,5472000.0,0.0,0.0,177.67999267578125,159.62286376953125
2022-12-22,158.80539890239046,159.470186148606,157.5207183853668,159.03897094726562,5709100.0,0.0,0.0,177.02999877929688,159.03897094726562
2022-12-23,158.71554217379745,159.47916463923445,157.9429409140679,159.44322204589844,3683400.0,0.0,0.0,177.47999572753906,159.44322204589844
2022-12-27,160.00921620026574,160.2248306560141,159.00304282294175,159.3983154296875,3067300.0,0.0,0.0,177.42999267578125,159.3983154296875
2022-12-28,159.6947601828739,160.31463967100999,158.69756572545555,158.70655822753906,2645400.0,0.0,0.0,176.66000366210938,158.70655822753906
2022-12-29,159.5061121482356,160.17989182750884,159.07489699176386,159.5150909423828,2828800.0,0.0,0.0,177.55999755859375,159.5150909423828
2022-12-30,159.4521991402145,159.70374243692808,157.57458950020597,158.6975555419922,4216600.0,0.0,0.0,176.64999389648438,158.6975555419922
2023-01-03,158.25738913289425,160.2517782663902,158.12262495960812,160.08108520507812,6344900.0,0.0,0.0,178.19000244140625,160.08108520507812
2023-01-04,160.70992625218494,161.87781375449606,160.34159007617993,161.82391357421875,9788800.0,0.0,0.0,180.1300048828125,161.82391357421875
2023-01-05,160.82671722743206,161.6981400199087,160.27870922090636,160.6290740966797,6255300.0,0.0,0.0,178.8000030517578,160.6290740966797
2023-01-06,161.82391655640404,162.54260391745606,161.15911566853993,161.9317169189453,5706000.0,0.0,0.0,180.25,161.9317169189453
2023-01-09,161.07827667867886,161.49152056941944,157.3769707112216,157.736328125,7925300.0,0.0,0.0,175.5800018310547,157.736328125
2023-01-10,157.8440935375427,158.23937975111352,156.60434843180226,157.35897827148438,5047500.0,0.0,0.0,175.16000366210938,157.35897827148438
2023-01-11,157.7273471871394,157.86209764792312,154.61897071358734,157.1074676513672,6494800.0,0.0,0.0,174.8800048828125,157.1074676513672
2023-01-12,156.5504971283579,156.95477600443584,155.23888003148792,156.31692504882812,4269400.0,0.0,0.0,174.0,156.31692504882812
2023-01-13,155.58922407948157,156.32588282082375,154.86154413334543,155.80482482910156,6088000.0,0.0,0.0,173.42999267578125,155.80482482910156
2023-01-17,156.31689802877798,156.83795600051064,154.60100235243004,154.84356689453125,6053300.0,0.0,0.0,172.36000061035156,154.84356689453125
2023-01-18,154.20569082442975,154.52012679824017,152.46285904858692,152.5077667236328,7047800.0,0.0,0.0,169.75999450683594,152.5077667236328
2023-01-19,151.85194582422477,153.87328452488123,151.56447367055543,152.30113220214844,6939500.0,0.0,0.0,169.52999877929688,152.30113220214844
2023-01-20,152.81321821601054,152.8221970090692,150.45947216694415,151.5914306640625,8620600.0,0.0,0.0,168.74000549316406,151.5914306640625
2023-01-23,151.91487675130773,152.39101333515825,150.8817395970767,151.2051544189453,8425400.0,0.0,0.0,168.30999755859375,151.2051544189453
2023-01-24,151.84300526777204,153.6128011390971,149.13889381856703,151.2051544189453,10541800.0,0.0,0.0,168.30999755859375,151.2051544189453
2023-01-25,150.18101358348372,152.283203125,150.10016330298328,152.283203125,7099800.0,0.0,0.0,169.50999450683594,152.283203125
2023-01-26,152.319156321072,152.64257117366319,151.51061233555143,151.72622680664062,6946100.0,0.0,0.0,168.88999938964844,151.72622680664062
2023-01-27,151.41177895837643,151.70824369250445,150.7200416201618,151.13328552246094,6058100.0,0.0,0.0,168.22999572753906,151.13328552246094
2023-01-30,150.86376791989522,151.41177598590372,144.7099212330355,145.5364227294922,23259100.0,0.0,0.0,162.0,145.5364227294922
2023-01-31,145.26693092429338,146.8211125853616,144.6829938788769,146.8121337890625,11612500.0,0.0,0.0,163.4199981689453,146.8121337890625
2023-02-01,146.4257996433147,149.11192576294613,145.89574922960222,148.15965270996094,9865300.0,0.0,0.0,164.9199981689453,148.15965270996094
2023-02-02,146.4347530963941,149.32751434623304,146.2730525869635,148.71661376953125,10099000.0,0.0,0.0,165.5399932861328,148.71661376953125
2023-02-03,149.1568832126999,149.43537667763607,147.2343653461465,147.88119506835938,6868500.0,0.0,0.0,164.61000061035156,147.88119506835938
2023-02-06,147.82729062824393,148.09680528943548,146.52465242525074,146.7582244873047,7021000.0,0.0,0.0,163.36000061035156,146.7582244873047
2023-02-07,145.17708323264998,147.2253725893985,145.01536896338868,146.7941436767578,7310800.0,0.0,0.0,163.39999389648438,146.7941436767578
2023-02-08,146.7042946852165,147.83623958404192,146.3449373068004,146.9827880859375,6054700.0,0.0,0.0,163.61000061035156,146.9827880859375
2023-02-09,147.00077232440952,148.05186704616474,144.70093973238954,144.9973907470703,7949500.0,0.0,0.0,161.39999389648438,144.9973907470703
2023-02-10,145.32975501600745,146.24608529702968,144.95244012827837,145.67112731933594,7028000.0,0.0,0.0,162.14999389648438,145.67112731933594
2023-02-13,144.93453219461293,146.27311303306902,144.7728179102755,146.21022033691406,6414700.0,0.0,0.0,162.75,146.21022033691406
2023-02-14,146.20119860467744,146.40782051634733,145.32078336558035,145.57232666015625,6316000.0,0.0,0.0,162.0399932861328,145.57232666015625
2023-02-15,145.49149462177328,145.5184447132767,143.10181931586163,143.17369079589844,12621800.0,0.0,0.0,159.3699951171875,143.17369079589844
2023-02-16,142.90419000278374,143.42523424434953,141.8710528979669,142.15853881835938,11177000.0,0.0,0.0,158.24000549316406,142.15853881835938
2023-02-17,142.07710104653742,145.77787042092962,141.71515900331403,145.1263885498047,12401900.0,1.13,0.0,160.38999938964844,145.1263885498047
2023-02-21,144.45682334073797,145.0902185401956,142.86431958079723,142.96385192871094,9423900.0,0.0,0.0,158.0,142.96385192871094
2023-02-22,143.41628303709672,143.73298066742169,142.39381552853683,142.76480102539062,9820200.0,0.0,0.0,157.77999877929688,142.76480102539062
2023-02-23,142.70144145077708,143.49768634624337,141.76040592884766,142.7195281982422,9385100.0,0.0,0.0,157.72999572753906,142.7195281982422
2023-02-24,141.74231021402497,141.92328814827468,140.43936021150137,141.1270294189453,8689700.0,0.0,0.0,155.97000122070312,141.1270294189453
2023-02-27,141.56136941878336,141.9685422246001,140.3217504435892,140.8194122314453,7267100.0,0.0,0.0,155.6300048828125,140.8194122314453
2023-02-28,140.23122773031872,140.49363743110473,138.47584683176402,138.67491149902344,9062300.0,0.0,0.0,153.25999450683594,138.67491149902344
2023-03-01,138.44871370342452,138.65683556694998,137.45340409617444,138.05059814453125,6767000.0,0.0,0.0,152.57000732421875,138.05059814453125
2023-03-02,137.30862002491654,138.22249779734742,136.83810227164685,137.94200134277344,8762500.0,0.0,0.0,152.4499969482422,137.94200134277344
2023-03-03,138.77442878107271,139.4530544894864,138.29486771832774,139.36257934570312,5747200.0,0.0,0.0,154.02000427246094,139.36257934570312
2023-03-06,139.94169701175014,140.90986267759658,139.86026522621384,140.75604248046875,8148200.0,0.0,0.0,155.55999755859375,140.75604248046875
2023-03-07,141.23558723888095,141.3803640452656,138.75635001125593,139.42591857910156,7457700.0,0.0,0.0,154.08999633789062,139.42591857910156
2023-03-08,139.32639402758767,139.52545869580908,137.9691424569929,138.40347290039062,6230500.0,0.0,0.0,152.9600067138672,138.40347290039062
2023-03-09,138.85588608097098,138.9825623383015,136.3675916067328,136.84715270996094,7439400.0,0.0,0.0,151.24000549316406,136.84715270996094
2023-03-10,137.40815440385578,138.88303891403845,136.7204852209131,137.18194580078125,8504300.0,0.0,0.0,151.61000061035156,137.18194580078125
2023-03-13,137.61625184394023,141.07272565966363,137.14574792662427,138.4939422607422,10799600.0,0.0,0.0,153.05999755859375,138.4939422607422
2023-03-14,138.69301651831657,139.3716423221862,137.44434062105967,139.27210998535156,8421200.0,0.0,0.0,153.9199981689453,139.27210998535156
2023-03-15,138.29486997073568,140.14978303194576,138.01437354909095,139.6611785888672,7757700.0,0.0,0.0,154.35000610351562,139.6611785888672
2023-03-16,138.84683745181007,139.67928345220068,138.07773648732402,139.37164306640625,7605500.0,0.0,0.0,154.02999877929688,139.37164306640625
2023-03-17,139.77880595262732,140.20407919992874,137.80627370486874,137.878662109375,20540700.0,0.0,0.0,152.3800048828125,137.878662109375
2023-03-20,137.9601165325295,139.40785724694226,137.87868474159694,139.24497985839844,7129000.0,0.0,0.0,153.88999938964844,139.24497985839844
2023-03-21,139.3445122050978,139.46214510756394,137.68866342274228,139.24497985839844,8376800.0,0.0,0.0,153.88999938964844,139.24497985839844
2023-03-22,139.2087708861394,139.39877836874132,136.65713138064424,136.67523193359375,7943500.0,0.0,0.0,151.0500030517578,136.67523193359375
2023-03-23,136.79285030103043,137.25432465544995,135.82468472674367,136.74761962890625,9051500.0,0.0,0.0,151.1300048828125,136.74761962890625
2023-03-24,137.06431595196437,138.22250292088427,136.47617909358456,138.1229705810547,5696200.0,0.0,0.0,152.64999389648438,138.1229705810547
2023-03-27,139.525466068184,139.83310646017173,138.539199855041,138.71112060546875,6772300.0,0.0,0.0,153.3000030517578,138.71112060546875
2023-03-28,137.88772723907,138.84684958842922,137.29053316267243,137.37197875976562,6115300.0,0.0,0.0,151.82000732421875,137.37197875976562
2023-03-29,137.7519882208691,138.78349884112916,137.59816803615308,138.72015380859375,6012000.0,0.0,0.0,153.30999755859375,138.72015380859375
2023-03-30,138.96446879555592,139.1635334680711,138.2677424417527,138.8287353515625,4555700.0,0.0,0.0,153.42999267578125,138.8287353515625
2023-03-31,139.15448808045306,140.42126463169174,138.6568401636691,140.2493438720703,9890000.0,0.0,0.0,155.0,140.2493438720703
2023-04-03,140.20408519310362,142.06804181711786,139.2902074346659,141.92327880859375,6841900.0,0.0,0.0,156.85000610351562,141.92327880859375
2023-04-04,142.03182890310256,143.84149734673596,141.68798748067636,143.4071807861328,8314500.0,0.0,0.0,158.49000549316406,143.4071807861328
2023-04-05,148.72762501414257,149.894869114852,147.27084108664903,149.84962463378906,16704200.0,0.0,0.0,165.61000061035156,149.84962463378906
2023-04-06,150.19348210993792,151.31546804234256,149.1167268567339,149.43341064453125,9615400.0,0.0,0.0,165.14999389648438,149.43341064453125
2023-04-10,148.96286945994729,149.15287692385263,148.0670785672251,148.682373046875,5354000.0,0.0,0.0,164.32000732421875,148.682373046875
2023-04-11,148.77286562907855,149.55102374043733,148.429024149948,148.63714599609375,5903800.0,0.0,0.0,164.27000427246094,148.63714599609375
2023-04-12,148.3385351219097,149.15288045700183,147.57847763493362,148.3204345703125,5764100.0,0.0,0.0,163.9199981689453,148.3204345703125
2023-04-13,148.55572518150387,150.50112768763782,148.22094082653103,150.30206298828125,5640600.0,0.0,0.0,166.11000061035156,150.30206298828125
2023-04-14,150.1753721523983,150.31109179486052,148.44713506943114,150.0577392578125,7225100.0,0.0,0.0,165.83999633789062,150.0577392578125
2023-04-17,149.96727570656657,150.4196929586969,149.2434053418223,149.9039306640625,8046400.0,0.0,0.0,165.6699981689453,149.9039306640625
2023-04-18,148.61904627874029,149.01717561330415,144.45680262588868,145.6873779296875,14571500.0,0.0,0.0,161.00999450683594,145.6873779296875
2023-04-19,146.57413960563056,147.1984637873795,145.83216871889735,147.062744140625,6752000.0,0.0,0.0,162.52999877929688,147.062744140625
2023-04-20,146.97227980968145,148.230013178281,145.64218562847947,148.01284790039062,9498800.0,0.0,0.0,163.5800018310547,148.01284790039062
2023-04-21,148.7909489799148,149.27051003658576,146.5560072373122,147.20748901367188,7014200.0,0.0,0.0,162.69000244140625,147.20748901367188
2023-04-24,147.20747919782852,148.2208890905134,146.46550852163116,148.10325622558594,5278900.0,0.0,0.0,163.67999267578125,148.10325622558594
2023-04-25,148.67333925526552,149.61437477060235,148.53761961684066,149.46054077148438,6263100.0,0.0,0.0,165.17999267578125,149.46054077148438
2023-04-26,148.474272705533,148.74572578563095,146.80033735717046,147.1441650390625,5518200.0,0.0,0.0,162.6199951171875,147.1441650390625
2023-04-27,147.3975328789264,147.85900730503997,146.70082026252672,147.48802185058594,5739700.0,0.0,0.0,163.0,147.48802185058594
2023-04-28,147.31608162963673,148.17567152014564,147.08987303704612,148.1213836669922,6024900.0,0.0,0.0,163.6999969482422,148.1213836669922
2023-05-01,148.03089904785156,148.66428030526717,146.800323830583,148.03089904785156,4893400.0,0.0,0.0,163.60000610351562,148.03089904785156
2023-05-02,148.70049111813657,149.7320018452426,147.99472134731025,149.3248291015625,7541700.0,0.0,0.0,165.02999877929688,149.3248291015625
2023-05-03,149.7953555057256,150.36539185701463,147.04465087067558,147.37039184570312,5937200.0,0.0,0.0,162.8699951171875,147.37039184570312
2023-05-04,147.19846884918314,147.39753354238727,145.90456215003513,146.70082092285156,5128000.0,0.0,0.0,162.1300048828125,146.70082092285156
2023-05-05,147.34323263035822,147.60564234210096,146.30267857715378,147.19845581054688,5194500.0,0.0,0.0,162.67999267578125,147.19845581054688
2023-05-08,146.5741229040828,147.09892848953103,145.98597228624823,146.86366271972656,4994900.0,0.0,0.0,162.30999755859375,146.86366271972656
2023-05-09,146.35696837285602,146.70080987279616,145.4883212491516,145.7235870361328,5520500.0,0.0,0.0,161.0500030517578,145.7235870361328
2023-05-10,145.85932197799045,146.55604842481148,144.82781117664203,146.26649475097656,6756600.0,0.0,0.0,161.64999389648438,146.26649475097656
2023-05-11,146.4293231766972,146.7550640474908,144.22152547539332,145.6692657470703,5867600.0,0.0,0.0,160.99000549316406,145.6692657470703
2023-05-12,146.00409950453746,146.1850636481995,144.7825673731303,145.4792938232422,3904200.0,0.0,0.0,160.77999877929688,145.4792938232422
2023-05-15,145.49736064300407,145.70546866962724,143.81436826449385,144.36631774902344,5104500.0,0.0,0.0,159.5500030517578,144.36631774902344
2023-05-16,143.92299323474506,144.999748647499,143.44343198805845,144.1763458251953,5599200.0,0.0,0.0,159.33999633789062,144.1763458251953
2023-05-17,144.5834602440633,144.82776935998632,142.75570498076158,143.85960388183594,6840700.0,0.0,0.0,158.99000549316406,143.85960388183594
2023-05-18,143.56102494963775,143.80532028956742,142.5657016165571,143.3981475830078,5173000.0,0.0,0.0,158.47999572753906,143.3981475830078
2023-05-19,143.49766259487828,144.7101371948733,143.090489937468,143.78721618652344,6527100.0,0.0,0.0,158.91000366210938,143.78721618652344
2023-05-22,144.04252637386494,145.0818199950651,142.93029815861635,143.01234436035156,5675900.0,1.19,0.0,156.8699951171875,143.01234436035156
2023-05-23,143.22200066004112,144.2886427479766,142.55647787262103,142.95761108398438,5793000.0,0.0,0.0,156.80999755859375,142.95761108398438
2023-05-24,143.20378849040722,143.25848595406043,142.1462578236106,142.82089233398438,5015100.0,0.0,0.0,156.66000366210938,142.82089233398438
2023-05-25,142.2647621793048,142.48355200917356,140.14058947895313,140.76963806152344,6886100.0,0.0,0.0,154.41000366210938,140.76963806152344
2023-05-26,141.02489682393679,141.56277368323182,140.57817775336983,140.71493530273438,6845400.0,0.0,0.0,154.35000610351562,140.71493530273438
2023-05-30,140.36852576969605,141.6539718553687,139.77595134425306,140.73318481445312,5593100.0,0.0,0.0,154.3699951171875,140.73318481445312
2023-05-31,141.0340144774044,141.93656426285997,140.25911064116883,141.36221313476562,11324600.0,0.0,0.0,155.05999755859375,141.36221313476562
2023-06-01,140.88812255859375,141.34395318069602,139.62091398558334,140.88812255859375,7901300.0,0.0,0.0,154.5399932861328,140.88812255859375
2023-06-02,141.05226208297196,143.41346192374084,140.4779109121931,143.10350036621094,7659700.0,0.0,0.0,156.97000122070312,143.10350036621094
2023-06-05,142.9028984421232,144.62593761810155,142.9028984421232,144.33421325683594,6430500.0,0.0,0.0,158.32000732421875,144.33421325683594
2023-06-06,145.48293840272098,145.51028713383093,143.49550917334733,144.20660400390625,5073600.0,0.0,0.0,158.17999267578125,144.20660400390625
2023-06-07,144.13369013922775,144.77185041336642,143.53199020467528,144.51658630371094,6504300.0,0.0,0.0,158.52000427246094,144.51658630371094
2023-06-08,144.49834034717793,146.24872866820138,143.8784172361456,146.1028594970703,5818400.0,0.0,0.0,160.25999450683594,146.1028594970703
2023-06-09,146.2486928902786,146.53130564592624,145.38261750369335,145.87490844726562,6264400.0,0.0,0.0,160.00999450683594,145.87490844726562
2023-06-12,145.8658299111593,146.0937452703955,144.7080159912016,145.774658203125,6510600.0,0.0,0.0,159.89999389648438,145.774658203125
2023-06-13,145.61966417932214,146.63160883869566,145.09089892470058,146.5404510498047,6066800.0,0.0,0.0,160.74000549316406,146.5404510498047
2023-06-14,147.3244838886607,147.76207745399233,146.75924437630664,147.2880096435547,6699100.0,0.0,0.0,161.55999755859375,147.2880096435547
2023-06-15,147.7347423291816,149.43043320068776,147.16950276477962,149.26632690429688,7138300.0,0.0,0.0,163.72999572753906,149.26632690429688
2023-06-16,149.9500680673941,150.41502429950143,149.3939540388232,149.72215270996094,13426600.0,0.0,0.0,164.22999572753906,149.72215270996094
2023-06-20,149.7494879611334,150.70673515836145,149.33924313684946,149.6309814453125,7995800.0,0.0,0.0,164.1300048828125,149.6309814453125
2023-06-21,149.12952927441273,150.35115184967992,148.31815142536573,149.4030303955078,7177500.0,0.0,0.0,163.8800048828125,149.4030303955078
2023-06-22,149.42129071967278,151.08052106519543,149.32100741405495,150.98934936523438,5485900.0,0.0,0.0,165.6199951171875,150.98934936523438
2023-06-23,151.43606067115883,151.58192981927616,150.4514647876382,150.86170959472656,9450700.0,0.0,0.0,165.47999572753906,150.86170959472656
2023-06-26,150.40590553734214,150.40590553734214,147.07834673370914,149.1751708984375,6978800.0,0.0,0.0,163.6300048828125,149.1751708984375
2023-06-27,149.22070540899043,149.40304878606239,148.0902543718853,148.8651580810547,4927500.0,0.0,0.0,163.2899932861328,148.8651580810547
2023-06-28,148.78310558172745,148.78310558172745,147.6070687503586,148.56431579589844,6780400.0,0.0,0.0,162.9600067138672,148.56431579589844
2023-06-29,148.27259083961786,149.80418903209616,147.89880637415533,149.60362243652344,4547500.0,0.0,0.0,164.10000610351562,149.60362243652344
2023-06-30,150.29649351855736,151.28108946420937,149.83155122929745,150.898193359375,7580000.0,0.0,0.0,165.52000427246094,150.898193359375
2023-07-03,149.8224272168611,149.86801306783798,148.56434397715975,148.91989135742188,4033700.0,0.0,0.0,163.35000610351562,148.91989135742188
2023-07-05,148.59170333898925,149.43954180226802,148.3546624612858,148.42759704589844,7224600.0,0.0,0.0,162.80999755859375,148.42759704589844
2023-07-06,147.9170371360765,148.02643203410528,146.77746057878775,147.324462890625,6332500.0,0.0,0.0,161.60000610351562,147.324462890625
2023-07-07,146.2943111904334,146.8139509733319,145.13649727608657,145.1820831298828,7022200.0,0.0,0.0,159.25,145.1820831298828
2023-07-10,145.3461480714664,146.1393028274072,144.95414040669252,145.41908264160156,5739200.0,0.0,0.0,159.50999450683594,145.41908264160156
2023-07-11,145.07268250498007,146.13932466979247,143.6778416809293,144.61685180664062,6606700.0,0.0,0.0,158.6300048828125,144.61685180664062
2023-07-12,144.8994620831422,144.8994620831422,143.9331032452763,144.1154327392578,6940400.0,0.0,0.0,158.0800018310547,144.1154327392578
2023-07-13,144.04248613440032,145.07266786012391,143.50460930326136,144.7809295654297,6401700.0,0.0,0.0,158.80999755859375,144.7809295654297
2023-07-14,145.1182506214706,146.07549784492446,144.93592112910997,145.74729919433594,5362200.0,0.0,0.0,159.8699951171875,145.74729919433594
2023-07-17,145.637897882475,145.74729279091537,144.17923418597957,145.01797485351562,5486800.0,0.0,0.0,159.07000732421875,145.01797485351562
2023-07-18,145.01799087372208,146.6772074487033,144.21572436093805,145.0088653564453,6332500.0,0.0,0.0,159.05999755859375,145.0088653564453
2023-07-19,143.96046713214417,146.23962082401835,143.43170180632737,144.71714782714844,7522600.0,0.0,0.0,158.74000549316406,144.71714782714844
2023-07-20,147.63445243449075,154.19841186982762,147.05098968270192,153.50555419921875,21892900.0,0.0,0.0,168.3800048828125,153.50555419921875
2023-07-21,153.3231764447569,155.72997540650653,153.3231764447569,155.15562438964844,12080000.0,0.0,0.0,170.19000244140625,155.15562438964844
2023-07-24,156.34989126284495,158.46495186267356,155.88494907224177,155.9669952392578,15155400.0,0.0,0.0,171.0800018310547,155.9669952392578
2023-07-25,155.39267540218756,157.42567633173857,154.75451523493481,157.1613006591797,13790100.0,0.0,0.0,172.38999938964844,157.1613006591797
2023-07-26,156.80576088191418,158.49234003713482,156.25875847728884,157.462158203125,14288200.0,0.0,0.0,172.72000122070312,157.462158203125
2023-07-27,156.96984848860737,158.8934545416139,156.84221645285166,158.34646606445312,12446400.0,0.0,0.0,173.69000244140625,158.34646606445312
2023-07-28,158.62905688735214,159.86891673899748,157.92707383252622,159.066650390625,14138800.0,0.0,0.0,174.47999572753906,159.066650390625
2023-07-31,154.69981314717782,155.1829925386907,151.98306628173495,152.73062133789062,22632700.0,0.0,0.0,167.52999877929688,152.73062133789062
2023-08-01,151.67309893543032,154.1528189952981,151.3904861341183,153.97048950195312,15810300.0,0.0,0.0,168.88999938964844,153.97048950195312
2023-08-02,153.93404693774065,156.11291732523574,153.93404693774065,154.90040588378906,14595600.0,0.0,0.0,169.91000366210938,154.90040588378906
2023-08-03,154.93682371608077,156.1858090642625,154.68155968379105,155.5658721923828,17424800.0,0.0,0.0,170.63999938964844,155.5658721923828
2023-08-04,155.29241676194465,157.42570133595814,153.0588488663741,154.1072540283203,23415100.0,0.0,0.0,169.0399932861328,154.1072540283203
2023-08-07,154.5174955427848,158.02738358284265,154.39897510942902,157.80859375,17736400.0,0.0,0.0,173.10000610351562,157.80859375
2023-08-08,157.70829627897524,158.21882439089956,156.2496326070362,157.88150024414062,27378700.0,0.0,0.0,173.17999267578125,157.88150024414062
2023-08-09,157.717411770224,158.85698844486436,156.85133627966695,157.78123474121094,42974400.0,0.0,0.0,173.07000732421875,157.78123474121094
2023-08-10,158.6290811411841,160.42505518421368,156.47755971409958,156.9607391357422,48213800.0,0.0,0.0,172.1699981689453,156.9607391357422
2023-08-11,157.24336964800432,158.58351314902328,156.4593402114276,158.4923553466797,45905600.0,0.0,0.0,173.85000610351562,158.4923553466797
2023-08-14,158.19149537478495,160.08775282023876,156.5778507471563,158.11856079101562,64036900.0,0.0,0.0,173.44000244140625,158.11856079101562
2023-08-15,157.53510293749304,159.13962209783574,156.93340303579583,157.66273498535156,88958100.0,0.0,0.0,172.94000244140625,157.66273498535156
2023-08-16,157.28893269263023,159.29458489435956,156.92427371444248,157.1613006591797,85832700.0,0.0,0.0,172.38999938964844,157.1613006591797
2023-08-17,157.58977862483303,159.89628068512874,157.49860692716723,158.63818359375,70904200.0,0.0,0.0,174.00999450683594,158.63818359375
2023-08-18,157.87237964825835,158.6199485630372,156.17668913830678,157.25245666503906,49631700.0,0.0,0.0,172.49000549316406,157.25245666503906
2023-08-21,154.6997970103025,154.84566614633349,151.29930450280293,152.56651306152344,151319500.0,0.0,0.0,167.35000610351562,152.56651306152344
2023-08-22,152.1197960140353,153.01322013978483,150.79788998993877,151.35400390625,56834800.0,0.0,0.0,166.02000427246094,151.35400390625
2023-08-23,151.24459215840795,151.79159445953763,149.02926205161015,149.99562072753906,119011400.0,0.0,0.0,164.52999877929688,149.99562072753906
2023-08-24,149.53979061283675,151.94657570631975,149.3848098728634,150.5061492919922,70755100.0,0.0,0.0,165.08999633789062,150.5061492919922
2023-08-25,150.87352471445035,154.06913768860014,150.65313229794452,152.66416931152344,18185500.0,1.19,0.0,166.25,152.66416931152344
2023-08-28,151.5163042615109,152.62742999130953,149.8358490237339,150.86431884765625,18458000.0,0.0,0.0,164.2899932861328,150.86431884765625
2023-08-29,151.39687941624092,152.14068427059723,149.46849905528867,150.8826446533203,12208600.0,0.0,0.0,164.30999755859375,150.8826446533203
2023-08-30,151.6173141402934,152.27847730943637,150.30416556396622,150.35008239746094,9939100.0,0.0,0.0,163.72999572753906,150.35008239746094
2023-08-31,150.01945584316712,150.20312312209003,148.1002532802996,148.46755981445312,15333000.0,0.0,0.0,161.67999267578125,148.46755981445312
2023-09-01,148.2288322486949,149.20220730803774,146.93405341910957,147.3656463623047,8610100.0,0.0,0.0,160.47999572753906,147.3656463623047
2023-09-05,147.43912722078724,148.73390619737296,147.1820097801411,147.54931640625,9019800.0,0.0,0.0,160.67999267578125,147.54931640625
2023-09-06,146.77797417396948,146.92490243925286,144.49146434734297,145.09751892089844,9753800.0,0.0,0.0,158.00999450683594,145.09751892089844
2023-09-07,146.13515403452598,147.89825086273348,145.98822579588003,146.95242309570312,9931800.0,0.0,0.0,160.02999877929688,146.95242309570312
2023-09-08,146.54838421002424,147.5493066097874,146.1810776083025,147.43911743164062,6957000.0,0.0,0.0,160.55999755859375,147.43911743164062
2023-09-11,147.898238436463,149.39503996673187,147.3380868340557,149.36749267578125,6309300.0,0.0,0.0,162.66000366210938,149.36749267578125
2023-09-12,148.96343374399206,150.53368523520467,148.3298180850711,150.21229553222656,6045800.0,0.0,0.0,163.5800018310547,150.21229553222656
2023-09-13,150.37760681156865,151.4703628279419,149.67971868894077,150.5888214111328,7397500.0,0.0,0.0,163.99000549316406,150.5888214111328
2023-09-14,151.22242482293447,151.76422096267086,150.0837659794882,150.3592529296875,7758400.0,0.0,0.0,163.74000549316406,150.3592529296875
2023-09-15,150.57962662779377,151.35099286688802,148.03599982995655,148.25637817382812,13392100.0,0.0,0.0,161.4499969482422,148.25637817382812
2023-09-18,148.87160469811766,149.81743233029954,147.6135651122118,149.19300842285156,5789000.0,0.0,0.0,162.47000122070312,149.19300842285156
2023-09-19,148.99101570573453,149.54198962741364,148.19211612996384,148.94509887695312,5550800.0,0.0,0.0,162.1999969482422,148.94509887695312
2023-09-20,148.93592854056956,150.17559890837325,148.44924095729226,149.5970916748047,3837400.0,0.0,0.0,162.91000366210938,149.5970916748047
2023-09-21,149.28485731018543,150.13885139057345,148.38493239374844,148.44921875,4526700.0,0.0,0.0,161.66000366210938,148.44921875
2023-09-22,148.11864513521317,148.2104647766677,147.15444782292732,147.38401794433594,4976700.0,0.0,0.0,160.5,147.38401794433594
2023-09-25,146.98915847942416,147.25545364493263,145.75865202639662,147.1636199951172,6722500.0,0.0,0.0,160.25999450683594,147.1636199951172
2023-09-26,146.7503681114165,146.99830770831667,145.87800465488024,146.02493286132812,4904800.0,0.0,0.0,159.02000427246094,146.02493286132812
2023-09-27,145.6209306523467,145.78621442492346,142.57223251422707,144.27105712890625,10211600.0,0.0,0.0,157.11000061035156,144.27105712890625
2023-09-28,144.62915906061573,145.05157419832273,143.4537613015788,144.05982971191406,7861900.0,0.0,0.0,156.8800048828125,144.05982971191406
2023-09-29,144.50981160640765,144.7210262301161,142.65489490773606,143.02220153808594,7680700.0,0.0,0.0,155.75,143.02220153808594
2023-10-02,142.71916159598712,142.71916159598712,140.7907808454428,142.47122192382812,7259700.0,0.0,0.0,155.14999389648438,142.47122192382812
2023-10-03,142.03962241913092,142.79261916226554,141.31418698216945,142.64569091796875,5740800.0,0.0,0.0,155.33999633789062,142.64569091796875
2023-10-04,142.8568909442315,143.18745844239012,141.93861052886513,142.81097412109375,4955200.0,0.0,0.0,155.52000427246094,142.81097412109375
2023-10-05,143.49968450638667,145.1250307538907,143.31603122558843,144.298583984375,5993300.0,0.0,0.0,157.13999938964844,144.298583984375
2023-10-06,144.24351657698725,145.36382001632452,143.7935540441879,144.75775146484375,5802200.0,0.0,0.0,157.63999938964844,144.75775146484375
2023-10-09,144.33532071221342,145.89640875490514,144.25267883094574,145.5841827392578,4414100.0,0.0,0.0,158.5399932861328,145.5841827392578
2023-10-10,145.4372690693235,146.25453814820506,144.99648434383693,145.4188995361328,5273500.0,0.0,0.0,158.36000061035156,145.4188995361328
2023-10-11,145.51074582083297,146.05252799627516,143.28849450285895,143.41705322265625,6922900.0,0.0,0.0,156.17999267578125,143.41705322265625
2023-10-12,143.17829593826372,143.7659949062441,142.3977659091445,143.55479431152344,5792400.0,0.0,0.0,156.3300018310547,143.55479431152344
2023-10-13,143.92209966775584,144.5006208698679,143.29767564985906,144.0323028564453,5359800.0,0.0,0.0,156.85000610351562,144.0323028564453
2023-10-16,144.9230474954135,145.3179014181288,144.0231224407537,144.65673828125,6408100.0,0.0,0.0,157.52999877929688,144.65673828125
2023-10-17,143.23340019734707,145.9606946266575,141.97536029310643,143.33441162109375,12244400.0,0.0,0.0,156.08999633789062,143.33441162109375
2023-10-18,142.70997670167318,143.20584200935713,139.62455364317165,140.2489776611328,9097300.0,0.0,0.0,152.72999572753906,140.2489776611328
2023-10-19,139.2756068048366,140.59793301469057,137.8798164708964,139.87249755859375,7733800.0,0.0,0.0,152.32000732421875,139.87249755859375
2023-10-20,140.25816983679383,141.29581728278131,139.88167146566855,140.49691772460938,7207000.0,0.0,0.0,153.0,140.49691772460938
2023-10-23,140.36836719876788,140.95606619768492,138.85320987695275,139.01849365234375,5874000.0,0.0,0.0,151.38999938964844,139.01849365234375
2023-10-24,138.43076560116128,139.54189101265834,137.8614362562774,138.8715362548828,6155300.0,0.0,0.0,151.22999572753906,138.8715362548828
2023-10-25,138.88074262048872,139.73473672755688,137.95327038292467,139.18377685546875,5880800.0,0.0,0.0,151.57000732421875,139.18377685546875
2023-10-26,139.55107008719241,139.55107008719241,136.71358708361,136.8237762451172,7612500.0,0.0,0.0,149.0,136.8237762451172
2023-10-27,136.3554749520692,136.51158095388752,133.10475417208087,133.70164489746094,11385800.0,0.0,0.0,145.60000610351562,133.70164489746094
2023-10-30,134.15161498415048,135.20764612450088,134.0689730896106,135.01480102539062,8205300.0,0.0,0.0,147.02999877929688,135.01480102539062
2023-10-31,135.48311562634103,136.40139624035453,134.65666867846892,136.21774291992188,7576900.0,0.0,0.0,148.33999633789062,136.21774291992188
2023-11-01,136.99826376413353,137.52167633900675,136.32792295314408,136.53912353515625,5733000.0,0.0,0.0,148.69000244140625,136.53912353515625
2023-11-02,135.63919990013102,138.10936233061955,135.4830799064813,137.9624481201172,5349100.0,0.0,0.0,150.24000549316406,137.9624481201172
2023-11-03,138.85316727137024,139.8265421260462,137.8797784048492,138.9725341796875,4926800.0,0.0,0.0,151.33999633789062,138.9725341796875
2023-11-06,139.37662574914643,139.97350252328096,139.00012734732016,139.30316162109375,4851400.0,0.0,0.0,151.6999969482422,139.30316162109375
2023-11-07,139.51435505242966,139.80821154951846,138.3665043828934,138.5685272216797,4840400.0,0.0,0.0,150.89999389648438,138.5685272216797
2023-11-08,138.98177240803034,139.4225431663482,138.0543000478378,138.06349182128906,5460000.0,0.0,0.0,150.35000610351562,138.06349182128906
2023-11-09,138.20121516559286,138.20121516559286,135.22598130314455,135.37290954589844,6973600.0,0.0,0.0,147.4199981689453,135.37290954589844
2023-11-10,136.13510805398784,136.36467821934025,133.73839496723448,135.21682739257812,6930700.0,0.0,0.0,147.25,135.21682739257812
2023-11-13,135.21682949908424,135.81370633355877,134.6658554889146,135.56578063964844,5889300.0,0.0,0.0,147.6300048828125,135.56578063964844
2023-11-14,135.57492270433232,136.40136949012657,134.95967649502373,135.59329223632812,6713600.0,0.0,0.0,147.66000366210938,135.59329223632812
2023-11-15,135.30863283981077,137.20946612627688,135.23516872079958,136.64013671875,6729100.0,0.0,0.0,148.8000030517578,136.64013671875
2023-11-16,137.2829493764025,137.89819569553026,136.49322750179,137.83392333984375,6875600.0,0.0,0.0,150.10000610351562,137.83392333984375
2023-11-17,138.24712697534247,138.46750531962635,136.88807580881598,137.54922485351562,7023300.0,0.0,0.0,149.7899932861328,137.54922485351562
2023-11-20,136.91054211631638,139.21536196901133,136.5680478974714,138.76181030273438,8851700.0,1.19,0.0,149.91000366210938,138.76181030273438
2023-11-21,138.93769922178703,140.03919205678548,138.48413337862976,139.8818359375,5916300.0,0.0,0.0,151.1199951171875,139.8818359375
2023-11-22,140.35388725304583,140.7333864569082,139.2060960140017,139.6041259765625,4633500.0,0.0,0.0,150.82000732421875,139.6041259765625
2023-11-24,139.6411556442879,141.32580229848259,139.6411556442879,141.15919494628906,3351400.0,0.0,0.0,152.5,141.15919494628906
2023-11-27,140.96480782144414,140.9925898379735,139.74297818041498,140.02992248535156,6449700.0,0.0,0.0,151.27999877929688,140.02992248535156
2023-11-28,140.1410063271629,140.5205197229502,139.62265345684682,140.35391235351562,5909000.0,0.0,0.0,151.6300048828125,140.35391235351562
2023-11-29,140.0762242322516,140.88152146109968,139.83556442654194,140.7982177734375,5190000.0,0.0,0.0,152.11000061035156,140.7982177734375
2023-11-30,140.93702406094917,143.60285443076685,140.6223118989717,143.15855407714844,12481900.0,0.0,0.0,154.66000366210938,143.15855407714844
2023-12-01,144.80622649679424,146.67601166451072,143.90836013093354,146.60195922851562,10342900.0,0.0,0.0,158.3800048828125,146.60195922851562
2023-12-04,146.25019572892217,148.11998066702768,146.25019572892217,147.06475830078125,8920300.0,0.0,0.0,158.8800048828125,147.06475830078125
2023-12-05,146.99070113262064,147.7589791473781,146.4538316479447,146.75929260253906,7268200.0,0.0,0.0,158.5500030517578,146.75929260253906
2023-12-06,146.7315529975888,146.86114123445589,144.55630674582875,144.97283935546875,6642900.0,0.0,0.0,156.6199951171875,144.97283935546875
2023-12-07,144.93579198138076,144.93579198138076,143.20486069934313,143.84353637695312,6532400.0,0.0,0.0,155.39999389648438,143.84353637695312
2023-12-08,143.8620507298547,144.2600807390312,142.39954715084056,142.93641662597656,6254700.0,0.0,0.0,154.4199981689453,142.93641662597656
2023-12-11,143.01047100711946,143.91758848660376,142.8716315392591,143.52882385253906,6090400.0,0.0,0.0,155.05999755859375,143.52882385253906
2023-12-12,143.4732847712825,143.76949446132465,142.22367309300722,143.5380859375,5324400.0,0.0,0.0,155.07000732421875,143.5380859375
2023-12-13,142.23293779930884,144.34338239666374,140.4834899324474,144.20452880859375,10764600.0,0.0,0.0,155.7899932861328,144.20452880859375
2023-12-14,144.83400606464082,145.4726960180095,143.5196069989521,145.20425415039062,9240700.0,0.0,0.0,156.8699951171875,145.20425415039062
2023-12-15,143.92687518315847,145.03763346271504,142.3255177550395,143.6214141845703,21727800.0,0.0,0.0,155.16000366210938,143.6214141845703
2023-12-18,143.66767756575695,144.80620357534028,143.25113091371276,143.8805694580078,7231400.0,0.0,0.0,155.44000244140625,143.8805694580078
2023-12-19,143.75098330875645,144.8617414406789,143.41775445677413,144.82472229003906,6651500.0,0.0,0.0,156.4600067138672,144.82472229003906
2023-12-20,144.8987617031925,145.0098474040763,141.72384339037978,141.8719482421875,7008300.0,0.0,0.0,153.27000427246094,141.8719482421875
2023-12-21,142.26070649279313,143.59362185105726,141.8997097602679,143.32518005371094,4598600.0,0.0,0.0,154.83999633789062,143.32518005371094
2023-12-22,143.70470423852942,144.88951484081306,143.49181233513409,143.8990936279297,3798900.0,0.0,0.0,155.4600067138672,143.8990936279297
2023-12-26,143.47332658313846,144.72293862558314,143.3344870780044,144.52854919433594,4170000.0,0.0,0.0,156.13999938964844,144.52854919433594
2023-12-27,143.9361057385732,144.8802564962242,143.86205331404608,144.722900390625,5288100.0,0.0,0.0,156.35000610351562,144.722900390625
2023-12-28,144.39892153554206,145.54671291958718,144.38967027907805,144.935791015625,4377500.0,0.0,0.0,156.5800018310547,144.935791015625
2023-12-29,144.8710020479519,145.23199881722843,144.38041705698777,145.0839080810547,4313700.0,0.0,0.0,156.74000549316406,145.0839080810547
2024-01-02,145.25974918380038,149.61949190885022,145.13016097775088,148.0736846923828,9622100.0,0.0,0.0,159.97000122070312,148.0736846923828
2024-01-03,148.69386765226102,149.434377788911,147.9163383646038,148.99932861328125,8232000.0,0.0,0.0,160.97000122070312,148.99932861328125
2024-01-04,149.57321695176958,149.9342137005842,148.49022670532577,148.6846160888672,6766600.0,0.0,0.0,160.6300048828125,148.6846160888672
2024-01-05,148.56430680231549,149.34183623318904,147.61090459263656,149.1474609375,5602500.0,0.0,0.0,161.1300048828125,149.1474609375
2024-01-08,149.1196842449039,149.63803716825365,147.7404841192315,149.5177001953125,6569800.0,0.0,0.0,161.52999877929688,149.5177001953125
2024-01-09,149.6102752685547,151.13756620208798,148.65687307687247,149.6102752685547,6357000.0,0.0,0.0,161.6300048828125,149.6102752685547
2024-01-10,149.7861423061047,150.52663841274915,149.21223946217998,149.83241271972656,4945100.0,0.0,0.0,161.8699951171875,149.83241271972656
2024-01-11,150.01753518797625,150.1378580244959,148.82345921133077,149.1659393310547,4946000.0,0.0,0.0,161.14999389648438,149.1659393310547
2024-01-12,149.8046495383133,150.3878036585106,149.66581004496078,150.31375122070312,4496900.0,0.0,0.0,162.38999938964844,150.31375122070312
2024-01-16,149.5547435659192,150.18416812272508,148.2680983045695,148.58282470703125,6923200.0,0.0,0.0,160.52000427246094,148.58282470703125
2024-01-17,148.33285859059495,149.30477718152216,147.9811131269696,148.4994659423828,5072100.0,0.0,0.0,160.42999267578125,148.4994659423828
2024-01-18,148.1014426895297,149.36955677286147,147.8144984041674,149.22146606445312,5368500.0,0.0,0.0,161.2100067138672,149.22146606445312
2024-01-19,149.16590926431667,149.87865137905,148.36061222661309,149.656494140625,7071300.0,0.0,0.0,161.67999267578125,149.656494140625
2024-01-22,149.95272245458474,151.4152260104482,149.34180056592243,150.3877716064453,6824200.0,0.0,0.0,162.47000122070312,150.3877716064453
2024-01-23,147.78675866518427,148.57353925491208,145.24126463407202,147.92559814453125,9149800.0,0.0,0.0,159.80999755859375,147.92559814453125
2024-01-24,147.8700539605896,148.65684862972066,146.39829906681166,147.13880920410156,7247900.0,0.0,0.0,158.9600067138672,147.13880920410156
2024-01-25,147.17583048322814,147.74971913899932,146.6852455115419,147.69418334960938,5478900.0,0.0,0.0,159.55999755859375,147.69418334960938
2024-01-26,148.49948965267026,148.78644812221387,147.50906839166683,147.63865661621094,5591900.0,0.0,0.0,159.5,147.63865661621094
2024-01-29,147.1850708822974,148.1662548773445,147.13880047725667,147.50904846191406,6483200.0,0.0,0.0,159.36000061035156,147.50904846191406
2024-01-30,147.49980589759576,147.8793051608134,146.3705311165729,146.9629364013672,7200500.0,0.0,0.0,158.77000427246094,146.9629364013672
2024-01-31,148.47171849757993,148.67535914940214,146.8703753028479,147.08326721191406,8256800.0,0.0,0.0,158.89999389648438,147.08326721191406
2024-02-01,146.39828056110807,146.70374148378,145.3708262299586,146.58340454101562,8012000.0,0.0,0.0,158.36000061035156,146.58340454101562
2024-02-02,146.2224249964983,146.5371372116792,144.343388838019,144.96356201171875,8295900.0,0.0,0.0,156.61000061035156,144.96356201171875
2024-02-05,144.9635522302122,145.22272863982084,143.7879930068805,144.2137908935547,9121600.0,0.0,0.0,155.8000030517578,144.2137908935547
2024-02-06,144.2415800315765,146.92591357964602,144.0286881189093,146.3057403564453,9229900.0,0.0,0.0,158.05999755859375,146.3057403564453
2024-02-07,146.06506683242915,147.51830505504284,145.9632465143564,146.23167419433594,8690300.0,0.0,0.0,157.97999572753906,146.23167419433594
2024-02-08,145.6392479870792,145.6392479870792,143.76021212517045,144.76914978027344,9755000.0,0.0,0.0,156.39999389648438,144.76914978027344
2024-02-09,144.64885004722112,145.50968301212941,144.09346391730506,145.10240173339844,6529200.0,0.0,0.0,156.75999450683594,145.10240173339844
2024-02-12,144.9357992979085,146.62971151529834,144.7229073946248,146.11135864257812,6701500.0,0.0,0.0,157.85000610351562,146.11135864257812
2024-02-13,145.91695932101084,146.66672068402187,144.16751143263323,144.83396911621094,8621000.0,0.0,0.0,156.47000122070312,144.83396911621094
2024-02-14,144.72288622456867,144.8247065328199,143.32516980002407,144.1582489013672,9098800.0,0.0,0.0,155.74000549316406,144.1582489013672
2024-02-15,144.3803998273031,146.69448502704086,144.2970961498858,146.17613220214844,7462500.0,0.0,0.0,157.9199981689453,146.17613220214844
2024-02-16,146.05492148359622,146.67046778417117,145.18753814663134,146.00828552246094,8541000.0,1.19,0.0,156.5500030517578,146.00828552246094
2024-02-20,146.01759304571857,147.92955341887853,145.90567813474394,147.2300567626953,9501700.0,0.0,0.0,157.86000061035156,147.2300567626953
2024-02-21,147.3792962453988,148.00417826004934,146.5492273923499,147.99484252929688,7472500.0,0.0,0.0,158.67999267578125,147.99484252929688
2024-02-22,148.27463058744098,149.91612514550837,147.14611731006522,149.64564514160156,8065000.0,0.0,0.0,160.4499969482422,149.64564514160156
2024-02-23,150.04669937615225,151.32444203687112,149.3751814532631,150.94204711914062,6726000.0,0.0,0.0,161.83999633789062,150.94204711914062
2024-02-26,150.90475125369008,151.10060235193652,149.75758069864375,149.96275329589844,5465400.0,0.0,0.0,160.7899932861328,149.96275329589844
2024-02-27,149.54306558600865,150.19592633149844,148.89020484051883,150.1399688720703,5078600.0,0.0,0.0,160.97999572753906,150.1399688720703
2024-02-28,150.1586332205603,150.72755780387766,149.49643671290985,150.67160034179688,6071100.0,0.0,0.0,161.5500030517578,150.67160034179688
2024-02-29,151.0912770182107,151.2684851139431,150.10265735917295,150.51303100585938,9849100.0,0.0,0.0,161.3800048828125,150.51303100585938
2024-03-01,150.932705036867,151.62288009440664,150.24252997932732,151.2031707763672,5670100.0,0.0,0.0,162.1199951171875,151.2031707763672
2024-03-04,150.45707148059574,150.7275372542111,147.61244895183478,149.07672119140625,8532900.0,0.0,0.0,159.83999633789062,149.07672119140625
2024-03-05,149.80419224344263,150.38245246246427,148.47981367817857,149.19796752929688,8298200.0,0.0,0.0,159.97000122070312,149.19796752929688
2024-03-06,148.72231121423997,150.09331146824493,148.49846717721115,148.61038208007812,5773700.0,0.0,0.0,159.33999633789062,148.61038208007812
2024-03-07,149.22592497827446,149.5616838787273,147.58444492677899,148.17201232910156,5188700.0,0.0,0.0,158.8699951171875,148.17201232910156
2024-03-08,148.17205077860737,149.58970141853248,147.76167710142138,148.77828979492188,5284000.0,0.0,0.0,159.52000427246094,148.77828979492188
2024-03-11,148.75030004198456,150.4570735830917,148.18137552828216,150.3731231689453,4620800.0,0.0,0.0,161.22999572753906,150.3731231689453
2024-03-12,150.69955681946368,152.1265288169974,150.27986168453532,151.7814483642578,8018700.0,0.0,0.0,162.74000549316406,151.7814483642578
2024-03-13,151.5856076521117,151.72550130936548,149.04876497105897,150.2519073486328,6260000.0,0.0,0.0,161.10000610351562,150.2519073486328
2024-03-14,150.10265257741497,150.66224134310053,148.00416268567943,148.48915100097656,6988300.0,0.0,0.0,159.2100067138672,148.48915100097656
2024-03-15,147.41657325815018,148.47048601382667,146.521225587325,147.5284881591797,13165500.0,0.0,0.0,158.17999267578125,147.5284881591797
2024-03-18,147.89224730530185,148.00416221182158,145.96162978006453,146.20411682128906,6602300.0,0.0,0.0,156.75999450683594,146.20411682128906
2024-03-19,146.1201787329609,146.29738682016622,145.17819507570042,145.691162109375,7840600.0,0.0,0.0,156.2100067138672,145.691162109375
2024-03-20,145.2154964044674,145.90567153059519,144.7585010511421,145.27145385742188,5982300.0,0.0,0.0,155.75999450683594,145.27145385742188
2024-03-21,145.11291662000872,146.3813378541382,144.65592122378118,145.26214599609375,5915800.0,0.0,0.0,155.75,145.26214599609375
2024-03-22,145.20616094384314,145.831042827242,144.66521523180523,144.77713012695312,7248600.0,0.0,0.0,155.22999572753906,144.77713012695312
2024-03-25,144.9357099006424,145.47665572065048,144.46937876939026,144.76783752441406,7498100.0,0.0,0.0,155.22000122070312,144.76783752441406
2024-03-26,145.13154762841583,145.7097935671508,144.33877916358097,145.28077697753906,6864100.0,0.0,0.0,155.77000427246094,145.28077697753906
2024-03-27,145.48597291984245,147.56580551554248,144.9730058945456,147.3233184814453,8461600.0,0.0,0.0,157.9600067138672,147.3233184814453
2024-03-28,147.54717855574717,148.42388342768456,147.46324236110578,147.53785705566406,6181500.0,0.0,0.0,158.19000244140625,147.53785705566406
2024-04-01,147.09948382899432,147.5005217453532,146.21345758220272,147.1554412841797,4364700.0,0.0,0.0,157.77999877929688,147.1554412841797
2024-04-02,146.0269179008075,147.2020670724122,145.44865769747943,147.10879516601562,6102300.0,0.0,0.0,157.72999572753906,147.10879516601562
2024-04-03,147.16477910375806,147.40728041151613,143.8631608000053,143.8724822998047,8098200.0,0.0,0.0,154.25999450683594,143.8724822998047
2024-04-04,144.85176609157293,145.02897418913292,142.14705136513,142.23098754882812,6947400.0,0.0,0.0,152.5,142.23098754882812
2024-04-05,141.7926285008757,142.70663344228936,141.4009120974127,142.12838745117188,6783000.0,0.0,0.0,152.38999938964844,142.12838745117188
2024-04-08,141.75533661213754,142.7346205627366,141.354284455365,141.38226318359375,5935400.0,0.0,0.0,151.58999633789062,141.38226318359375
2024-04-09,141.34497997009845,142.25898507528134,140.7760553754718,142.03514099121094,6135300.0,0.0,0.0,152.2899932861328,142.03514099121094
2024-04-10,141.32631904799072,141.59679908809133,139.6755027704135,140.08587646484375,6809500.0,0.0,0.0,150.1999969482422,140.08587646484375
2024-04-11,140.6454887252389,140.7107676910879,138.39776899030858,138.7708282470703,8374400.0,0.0,0.0,148.7899932861328,138.7708282470703
2024-04-12,138.08996556389576,139.03196351103986,137.2412395309646,137.58633422851562,7100200.0,0.0,0.0,147.52000427246094,137.58633422851562
2024-04-15,138.37907136960317,139.42366259999005,137.44640926861499,137.65159606933594,8502300.0,0.0,0.0,147.58999633789062,137.65159606933594
2024-04-16,135.24532621957619,136.40183234873913,133.73441816911202,134.72303771972656,12774900.0,0.0,0.0,144.4499969482422,134.72303771972656
2024-04-17,135.2360232205098,135.61841814995475,133.87433010424328,135.02151489257812,9378100.0,0.0,0.0,144.77000427246094,135.02151489257812
2024-04-18,135.21737604125858,135.98216595699185,133.49195932794603,135.92620849609375,9887700.0,0.0,0.0,145.74000549316406,135.92620849609375
2024-04-19,136.30857861664762,138.15526007037997,134.80699186376418,137.9500732421875,9750800.0,0.0,0.0,147.91000366210938,137.9500732421875
2024-04-22,138.50965825220044,140.15115283286337,137.38114495929045,139.07858276367188,10118700.0,0.0,0.0,149.1199951171875,139.07858276367188
2024-04-23,139.7687541355194,140.35633585987125,138.22053150927846,139.48895263671875,10110400.0,0.0,0.0,149.55999755859375,139.48895263671875
2024-04-24,138.16456739220152,138.95733589535283,136.97076100410416,138.52830505371094,9756300.0,0.0,0.0,148.52999877929688,138.52830505371094
2024-04-25,139.31177996345866,139.50764533180228,136.47649249199648,136.93350219726562,7642700.0,0.0,0.0,146.82000732421875,136.93350219726562
2024-04-26,136.8215439338742,137.26921781178663,136.12204727344408,136.29925537109375,6183000.0,0.0,0.0,146.13999938964844,136.29925537109375
2024-04-29,136.29928435666153,137.3065614696452,136.15939068734394,136.93350219726562,6149600.0,0.0,0.0,146.82000732421875,136.93350219726562
2024-04-30,136.9894113175234,136.9894113175234,134.79764972975633,134.85360717773438,8817700.0,0.0,0.0,144.58999633789062,134.85360717773438
2024-05-01,138.7241788877566,141.62475886004435,137.67958756050768,140.99986267089844,14470900.0,0.0,0.0,151.17999267578125,140.99986267089844
2024-05-02,141.80194622407853,142.0724262155775,139.09723169685856,139.82470703125,8459800.0,0.0,0.0,149.9199981689453,139.82470703125
2024-05-03,139.79673661066192,139.79673661066192,137.8661332566331,139.21849060058594,6532700.0,0.0,0.0,149.27000427246094,139.21849060058594
2024-05-06,139.77807914626527,139.9459657422824,137.95006920658594,138.574951171875,5042800.0,0.0,0.0,148.5800018310547,138.574951171875
2024-05-07,139.3210964110626,139.6475196713871,138.45371308745803,138.70553588867188,7333500.0,0.0,0.0,148.72000122070312,138.70553588867188
2024-05-08,139.0785642729605,139.64748870879257,138.6868479086441,138.92001342773438,7735100.0,0.0,0.0,148.9499969482422,138.92001342773438
2024-05-09,138.9480193478948,139.9926107551576,138.86408316010397,139.7594451904297,6546200.0,0.0,0.0,149.85000610351562,139.7594451904297
2024-05-10,139.89932008767468,139.98325626421652,139.14386603620838,139.8153839111328,5710600.0,0.0,0.0,149.91000366210938,139.8153839111328
2024-05-13,139.9366216810868,141.76464574322975,139.6288556974206,141.03717041015625,5628500.0,0.0,0.0,151.22000122070312,141.03717041015625
2024-05-14,141.62476902405106,141.96052800488903,140.55219889270634,141.18641662597656,8254200.0,0.0,0.0,151.3800048828125,141.18641662597656
2024-05-15,141.59678726547045,142.6506859131193,141.11179891879263,142.38954162597656,5548000.0,0.0,0.0,152.6699981689453,142.38954162597656
2024-05-16,142.69730688502915,143.98438518741827,142.07242496132721,143.89111328125,7591000.0,0.0,0.0,154.27999877929688,143.89111328125
2024-05-17,144.43206975834843,144.43206975834843,143.35951391420488,144.2268829345703,6521800.0,0.0,0.0,154.63999938964844,144.2268829345703
2024-05-20,143.94482856883653,144.21748064064818,142.21484722794978,142.22425842285156,7742300.0,1.24,0.0,151.27000427246094,142.22425842285156
2024-05-21,142.70374729415454,143.46530802574028,141.77294287425374,142.196044921875,5492400.0,0.0,0.0,151.24000549316406,142.196044921875
2024-05-22,141.81995355791082,144.86621078227856,141.33105923571543,144.32089233398438,6609800.0,0.0,0.0,153.5,144.32089233398438
2024-05-23,143.61577096791586,143.70038565498922,140.4472966837064,140.74815368652344,8000400.0,0.0,0.0,149.6999969482422,140.74815368652344
2024-05-24,140.5883252205228,140.8515804854629,137.983963121291,138.18141174316406,9520600.0,0.0,0.0,146.97000122070312,138.18141174316406
2024-05-28,138.01213571482793,138.01213571482793,135.53000497897455,135.7462615966797,10499800.0,0.0,0.0,144.3800048828125,135.7462615966797
2024-05-29,135.2197683382552,136.72408192711165,135.11634561338164,135.8026885986328,8263800.0,0.0,0.0,144.44000244140625,135.8026885986328
2024-05-30,135.97188628068324,136.90269058768573,135.40777419616475,136.59242248535156,8490300.0,0.0,0.0,145.27999877929688,136.59242248535156
2024-05-31,136.86510969086308,138.66088326492417,136.50782860717555,137.89932250976562,14621200.0,0.0,0.0,146.6699981689453,137.89932250976562
2024-06-03,138.44463070664386,139.99595699300716,137.99333813455615,138.90533447265625,7329200.0,0.0,0.0,147.74000549316406,138.90533447265625
2024-06-04,138.66085970686765,139.4412283723573,137.44800655218137,138.96173095703125,8876400.0,0.0,0.0,147.8000030517578,138.96173095703125
2024-06-05,139.12159842627557,139.14040647072486,137.1283761046841,137.24119567871094,5891300.0,0.0,0.0,145.97000122070312,137.24119567871094
2024-06-06,136.79929262662415,138.20959461246562,136.009526957673,137.66427612304688,5016300.0,0.0,0.0,146.4199981689453,137.66427612304688
2024-06-07,137.90871617991775,139.43185200146706,137.58905118942369,138.28480529785156,5111600.0,0.0,0.0,147.0800018310547,138.28480529785156
2024-06-10,137.76770632224444,138.73611259072584,136.89332592979082,138.3318328857422,5749900.0,0.0,0.0,147.1300048828125,138.3318328857422
2024-06-11,138.03097595561246,138.36005220969662,136.74290452843096,137.9839630126953,5661200.0,0.0,0.0,146.75999450683594,137.9839630126953
2024-06-12,138.26597146211503,138.40701023490453,136.1223141019528,136.7146453857422,6180500.0,0.0,0.0,145.41000366210938,136.7146453857422
2024-06-13,136.39502204694153,137.26940245028146,135.27618010141953,136.75228881835938,6840400.0,0.0,0.0,145.4499969482422,136.75228881835938
2024-06-14,136.4608240004936,137.241192846187,135.84028766348428,136.83689880371094,4075300.0,0.0,0.0,145.5399932861328,136.83689880371094
2024-06-17,136.3479860773623,137.6736589053948,136.08473088127553,137.2223663330078,6666600.0,0.0,0.0,145.9499969482422,137.2223663330078
2024-06-18,137.23176676709238,137.63604637712314,136.5736144821466,136.94029235839844,6156600.0,0.0,0.0,145.64999389648438,136.94029235839844
2024-06-20,136.58304728221793,139.22501064781744,136.33858576182317,138.9429473876953,8749700.0,0.0,0.0,147.77999877929688,138.9429473876953
2024-06-21,139.04636105072817,140.16520282368043,138.55745238810778,139.8549346923828,15172300.0,0.0,0.0,148.75,139.8549346923828
2024-06-24,140.09000025376744,140.76694636914337,139.3096314166998,140.20281982421875,6914700.0,0.0,0.0,149.1199951171875,140.20281982421875
2024-06-25,140.25922074474272,140.2780287874072,138.15317904897665,138.3882293701172,5912500.0,0.0,0.0,147.19000244140625,138.3882293701172
2024-06-26,137.45744013943937,138.3882446788026,137.06255727780078,138.04037475585938,5267800.0,0.0,0.0,146.82000732421875,138.04037475585938
2024-06-27,138.02156121440618,138.54807167562268,136.17876025381432,137.08135986328125,5739200.0,0.0,0.0,145.8000030517578,137.08135986328125
2024-06-28,137.3069964067593,138.27541697871374,136.94031846061495,137.41983032226562,10495700.0,0.0,0.0,146.16000366210938,137.41983032226562
2024-07-01,137.3352050754412,139.80792463627367,136.91210303094064,137.68307495117188,5144400.0,0.0,0.0,146.44000244140625,137.68307495117188
2024-07-02,137.67366693762753,138.35061300886886,137.02494010349324,137.29759216308594,5492000.0,0.0,0.0,146.02999877929688,137.29759216308594
2024-07-03,137.45743331068405,137.88052104525434,136.08474738551527,136.97793579101562,3246200.0,0.0,0.0,145.69000244140625,136.97793579101562
2024-07-05,137.0531377658674,137.78649357997833,135.85907818285818,137.72067260742188,4888500.0,0.0,0.0,146.47999572753906,137.72067260742188
2024-07-08,137.64543986206857,138.41641167585166,136.56421429977647,136.78045654296875,5260200.0,0.0,0.0,145.47999572753906,136.78045654296875
2024-07-09,136.95910952689133,138.3318096157773,136.49840576598922,138.256591796875,5890400.0,0.0,0.0,147.0500030517578,138.256591796875
2024-07-10,138.45404278813206,140.53189404127482,137.90872429478992,140.49427795410156,6093200.0,0.0,0.0,149.42999267578125,140.49427795410156
2024-07-11,140.635334103759,141.57553555035747,139.75154244854275,140.74815368652344,6350400.0,0.0,0.0,149.6999969482422,140.74815368652344
2024-07-12,141.03017794997137,141.85755958477063,140.31563021303754,140.9173583984375,5336400.0,0.0,0.0,149.8800048828125,140.9173583984375
2024-07-15,141.1054089376664,141.2652414327025,139.9677590836255,140.31564331054688,6711400.0,0.0,0.0,149.24000549316406,140.31564331054688
2024-07-16,140.7387390705312,142.04561834247528,140.24043351444467,141.97979736328125,6469600.0,0.0,0.0,151.00999450683594,141.97979736328125
2024-07-17,142.48749444345825,148.07229185566908,142.36526369687724,147.21670532226562,13801400.0,0.0,0.0,156.5800018310547,147.21670532226562
2024-07-18,146.295327067016,147.67742411673336,145.3739194696489,146.12608337402344,10166200.0,0.0,0.0,155.4199981689453,146.12608337402344
2024-07-19,147.1508865289918,147.1508865289918,144.90380620611083,145.43972778320312,7398000.0,0.0,0.0,154.69000244140625,145.43972778320312
2024-07-22,145.51495285838257,145.83461784329194,144.40550791277647,145.0166473388672,6840600.0,0.0,0.0,154.24000549316406,145.0166473388672
2024-07-23,144.14228569856886,144.32092627406126,142.50634431529315,143.2397003173828,6261900.0,0.0,0.0,152.35000610351562,143.2397003173828
2024-07-24,143.62514918556863,147.05689262826286,143.22086950221856,146.93466186523438,7168200.0,0.0,0.0,156.27999877929688,146.93466186523438
2024-07-25,147.12271015113313,150.97754160598373,146.67141749887952,150.09375,10019600.0,0.0,0.0,159.63999938964844,150.09375
2024-07-26,150.19715696766903,151.91772706012625,149.93390175261544,151.033935546875,8356900.0,0.0,0.0,160.63999938964844,151.033935546875
2024-07-29,150.4039953128749,150.43220020270633,148.59881063200234,149.07830810546875,5625000.0,0.0,0.0,158.55999755859375,149.07830810546875
2024-07-30,149.05950854835712,151.8895236574158,148.8902791997357,151.68267822265625,6545700.0,0.0,0.0,161.3300018310547,151.68267822265625
2024-07-31,150.29118447196788,150.76128512487196,148.30735914285933,148.41078186035156,8293200.0,0.0,0.0,157.85000610351562,148.41078186035156
2024-08-01,149.00310117138523,151.19377196846818,148.27915648437087,151.14675903320312,7213400.0,0.0,0.0,160.75999450683594,151.14675903320312
2024-08-02,152.21858984861427,154.9921952539215,151.37241438870163,154.32464599609375,11280400.0,0.0,0.0,164.13999938964844,154.32464599609375
2024-08-05,153.99557276741103,155.86657861814538,150.9775344685774,151.6074676513672,12032200.0,0.0,0.0,161.25,151.6074676513672
2024-08-06,151.4194420931757,151.82372181895764,149.43561651614036,149.4638214111328,7607100.0,0.0,0.0,158.97000122070312,149.4638214111328
2024-08-07,149.3697595893332,151.01511168422385,148.73042966155776,149.39796447753906,5993000.0,0.0,0.0,158.89999389648438,149.39796447753906
2024-08-08,149.08772693917624,151.09034595148668,148.5800102035295,150.63905334472656,5094800.0,0.0,0.0,160.22000122070312,150.63905334472656
2024-08-09,150.54502083098947,151.30658155451,149.81166499750063,151.01512145996094,4579200.0,0.0,0.0,160.6199951171875,151.01512145996094
2024-08-12,151.3442283675609,152.0305714082405,149.21937825786222,150.3194122314453,7605400.0,0.0,0.0,159.8800048828125,150.3194122314453
2024-08-13,150.6860551937899,150.78006670901846,147.08508276026143,148.91847229003906,9711400.0,0.0,0.0,158.38999938964844,148.91847229003906
2024-08-14,148.39197242965236,150.00911980822715,147.987678411842,149.0030975341797,5141200.0,0.0,0.0,158.47999572753906,149.0030975341797
2024-08-15,148.89966832782923,149.96210033797803,148.40136280983597,149.5766143798828,7237800.0,0.0,0.0,159.08999633789062,149.5766143798828
2024-08-16,149.6236532585113,150.3758172630422,148.7210535838072,149.85870361328125,5012800.0,0.0,0.0,159.38999938964844,149.85870361328125
2024-08-19,149.92451807321106,150.70487259230651,149.6142498968593,150.0843505859375,4408400.0,0.0,0.0,159.6300048828125,150.0843505859375
2024-08-20,150.4321907089449,151.30657093120143,150.1219225940479,150.58262634277344,7275100.0,0.0,0.0,160.16000366210938,150.58262634277344
2024-08-21,150.80828143939502,151.8237005559186,150.72366676626802,151.7766876220703,5019400.0,0.0,0.0,161.42999267578125,151.7766876220703
2024-08-22,152.31260168217923,152.77330545688525,151.17495186340136,152.6416778564453,6552100.0,0.0,0.0,162.35000610351562,152.6416778564453
2024-08-23,152.7826836316605,154.39983072303744,152.03051985836154,154.31521606445312,7093400.0,0.0,0.0,164.1300048828125,154.31521606445312
2024-08-26,154.35286486734637,155.80078308309896,153.76053338396258,154.7665557861328,6870600.0,0.0,0.0,164.61000061035156,154.7665557861328
2024-08-27,154.88969089223045,155.4012468137778,153.62026203245918,154.36865234375,4388700.0,1.24,0.0,162.9499969482422,154.36865234375
2024-08-28,154.4160031671855,156.31067805267242,154.14128166908765,155.2875518798828,5187000.0,0.0,0.0,163.9199981689453,155.2875518798828
2024-08-29,155.96019677232434,156.04545368874247,154.7570739492661,155.5812530517578,7390100.0,0.0,0.0,164.22999572753906,155.5812530517578
2024-08-30,155.47703939012942,157.23908787151527,155.18336705243584,157.1254119873047,7971000.0,0.0,0.0,165.86000061035156,157.1254119873047
2024-09-03,156.53806248513249,158.97271247999205,156.09281267873766,158.35694885253906,6956500.0,0.0,0.0,167.16000366210938,158.35694885253906
2024-09-04,158.9727162543186,159.9579554279036,157.2959246979835,158.54641723632812,6939100.0,0.0,0.0,167.36000061035156,158.54641723632812
2024-09-05,158.39484705741881,158.55589271807435,156.14966152532847,156.30123901367188,4600400.0,0.0,0.0,164.99000549316406,156.30123901367188
2024-09-06,156.48121666447486,157.20120248645824,155.477041128787,155.72335815429688,6016900.0,0.0,0.0,164.3800048828125,155.72335815429688
2024-09-09,156.15910040453386,158.5937645679594,155.80859017681195,157.8358917236328,7538200.0,0.0,0.0,166.61000061035156,157.8358917236328
2024-09-10,158.67902926646232,159.58847961539206,157.96852615034385,158.5653533935547,6559600.0,0.0,0.0,167.3800048828125,158.5653533935547
2024-09-11,158.0064241765716,158.0064241765716,155.44861567335087,156.1401824951172,5920200.0,0.0,0.0,164.82000732421875,156.1401824951172
2024-09-12,155.55281944276598,156.40543189239477,154.1412957752456,155.9696502685547,4540900.0,0.0,0.0,164.63999938964844,155.9696502685547
2024-09-13,156.06440726853748,157.02121307646476,155.19285837854702,156.80332946777344,3693400.0,0.0,0.0,165.52000427246094,156.80332946777344
2024-09-16,157.59908029206122,158.4422101595443,157.04962276136533,158.19590759277344,5187800.0,0.0,0.0,166.99000549316406,158.19590759277344
2024-09-17,157.4854060642255,158.88746164906118,157.19171926912577,158.27169799804688,5066500.0,0.0,0.0,167.07000732421875,158.27169799804688
2024-09-18,157.85486366623135,159.48428544048377,157.01173380846782,157.40013122558594,4722800.0,0.0,0.0,166.14999389648438,157.40013122558594
2024-09-19,157.47591745948571,157.60854413875717,155.7612388006102,156.1401824951172,4956100.0,0.0,0.0,164.82000732421875,156.1401824951172
2024-09-20,155.64756503556643,156.1875399316459,154.93706186083492,155.5149383544922,11839000.0,0.0,0.0,164.16000366210938,155.5149383544922
2024-09-23,155.74227142154962,155.83701094889625,154.1507514397272,154.62442016601562,4671600.0,0.0,0.0,163.22000122070312,154.62442016601562
2024-09-24,154.21706399623713,154.88021180496108,153.04237475724193,154.2075958251953,6041600.0,0.0,0.0,162.77999877929688,154.2075958251953
2024-09-25,154.4160145260626,154.7191694685473,151.91504407145678,152.1424102783203,5420000.0,0.0,0.0,160.60000610351562,152.1424102783203
2024-09-26,151.8013605443854,153.03288768429283,151.59294514573776,152.8907928466797,6122000.0,0.0,0.0,161.38999938964844,152.8907928466797
2024-09-27,153.46869215911872,154.82337799707716,152.8434458699573,152.90028381347656,7553800.0,0.0,0.0,161.39999389648438,152.90028381347656
2024-09-30,153.06134178504044,153.63920383954925,152.218197450555,153.52552795410156,6010000.0,0.0,0.0,162.05999755859375,153.52552795410156
2024-10-01,153.87602963190776,154.1791845831131,152.69185770730627,153.45921325683594,4408000.0,0.0,0.0,161.99000549316406,153.45921325683594
2024-10-02,153.00447959730695,153.58235607006563,152.18976874153614,152.68238830566406,4684400.0,0.0,0.0,161.1699981689453,152.68238830566406
2024-10-03,152.31292180010232,152.93816801815112,151.78241511396018,152.04766845703125,4791200.0,0.0,0.0,160.5,152.04766845703125
2024-10-04,151.2235077854285,152.04768688304785,150.41826503230683,151.84873962402344,5331100.0,0.0,0.0,160.2899932861328,151.84873962402344
2024-10-07,151.81083783406876,152.38871430044483,150.83508134325365,151.12875366210938,4266000.0,0.0,0.0,159.52999877929688,151.12875366210938
2024-10-08,151.09086985520352,151.81084118361343,150.579299487335,151.28033447265625,4766300.0,0.0,0.0,159.69000244140625,151.28033447265625
2024-10-09,151.49822118674416,152.72976290844042,151.10980931705416,152.1897735595703,6047200.0,0.0,0.0,160.64999389648438,152.1897735595703
2024-10-10,152.862402200084,152.89082117287185,151.57402243120973,152.05715942382812,4793900.0,0.0,0.0,160.50999450683594,152.05715942382812
2024-10-11,153.63920784722592,154.0939403113274,152.71082102966224,152.95713806152344,5253500.0,0.0,0.0,161.4600067138672,152.95713806152344
2024-10-14,152.90025788524383,153.6012927986271,152.4265891626065,153.08973693847656,5964000.0,0.0,0.0,161.60000610351562,153.08973693847656
2024-10-15,151.5739947099147,157.96852261173925,150.62665724297776,155.4580841064453,10548000.0,0.0,0.0,164.10000610351562,155.4580841064453
2024-10-16,155.36337820006847,156.30124769918183,154.0749983880052,155.62863159179688,5982100.0,0.0,0.0,164.27999877929688,155.62863159179688
2024-10-17,155.60967700101435,156.31071206506607,155.0128641117737,155.80862426757812,4798000.0,0.0,0.0,164.47000122070312,155.80862426757812
2024-10-18,156.2064786067396,156.5854078217635,155.29702825337003,156.4243621826172,5908000.0,0.0,0.0,165.1199951171875,156.4243621826172
2024-10-21,156.4054346423321,156.5475294921568,153.76235479380244,154.25497436523438,6082700.0,0.0,0.0,162.8300018310547,154.25497436523438
2024-10-22,153.7718340994137,155.10756902458775,153.37393961805077,154.84231567382812,5680300.0,0.0,0.0,163.4499969482422,154.84231567382812
2024-10-23,154.2455120972498,157.25803867062515,153.8665683911739,157.1254119873047,7441600.0,0.0,0.0,165.86000061035156,157.1254119873047
2024-10-24,156.31069615300817,156.79383310087323,154.73811234669992,155.0507354736328,5386300.0,0.0,0.0,163.6699981689453,155.0507354736328
2024-10-25,155.06021815707746,155.28758439482306,152.15189911561126,152.40768432617188,6400400.0,0.0,0.0,160.8800048828125,152.40768432617188
2024-10-28,152.64448718277967,153.44024716755706,152.52132868922286,153.08973693847656,4842500.0,0.0,0.0,161.60000610351562,153.08973693847656
2024-10-29,152.95714895682704,153.62975061814686,151.63086752489588,151.65928649902344,5216900.0,0.0,0.0,160.08999633789062,151.65928649902344
2024-10-30,151.05297094822177,152.78660041646958,150.65509090791923,152.15188598632812,5820500.0,0.0,0.0,160.61000061035156,152.15188598632812
2024-10-31,151.5645495062466,152.39819677392538,151.06246172910465,151.44139099121094,8613900.0,0.0,0.0,159.86000061035156,151.44139099121094
2024-11-01,152.12347309998026,152.57819109919424,151.46033967295475,151.69717407226562,5256400.0,0.0,0.0,160.1300048828125,151.69717407226562
2024-11-04,151.28978177238818,151.83923920585505,149.74563162071544,149.90667724609375,4644000.0,0.0,0.0,158.24000549316406,149.90667724609375
2024-11-05,149.36671296968024,150.23826179970078,148.11623489364177,150.0109100341797,6547100.0,0.0,0.0,158.35000610351562,150.0109100341797
2024-11-06,151.47925457838488,152.37923673257197,149.06355561148592,149.56564331054688,8926600.0,0.0,0.0,157.8800048828125,149.56564331054688
2024-11-07,150.12458410409516,150.38983746414945,148.2677961284912,148.47621154785156,7522800.0,0.0,0.0,156.72999572753906,148.47621154785156
2024-11-08,148.73200288314263,148.80779162560813,147.22573957160546,147.28257751464844,8926100.0,0.0,0.0,155.47000122070312,147.28257751464844
2024-11-11,147.42467115998508,149.2814591970599,146.75206956587456,146.87521362304688,7146800.0,0.0,0.0,155.0399932861328,146.87521362304688
2024-11-12,146.39207573232454,146.87521269639342,144.34582308116632,144.6016082763672,7181400.0,0.0,0.0,152.63999938964844,144.6016082763672
2024-11-13,144.46897842689697,145.42578416210594,143.44585212373863,145.17001342773438,7161900.0,0.0,0.0,153.24000549316406,145.17001342773438
2024-11-14,145.1131564626625,145.50156832070374,142.82060136590906,143.8721466064453,7716400.0,0.0,0.0,151.8699951171875,143.8721466064453
2024-11-15,142.95323191496675,146.2973323428471,142.95323191496675,145.88998413085938,11328500.0,0.0,0.0,154.0,145.88998413085938
2024-11-18,144.55421220860248,147.1499219210171,144.30790968539506,146.61941528320312,7510600.0,0.0,0.0,154.77000427246094,146.61941528320312
2024-11-19,145.84260997512632,145.8805115712834,144.04267444870177,144.94264221191406,8233700.0,0.0,0.0,153.0,144.94264221191406
2024-11-20,144.9710709989879,145.17948642629514,143.81531797672926,145.04685974121094,9061300.0,0.0,0.0,153.11000061035156,145.04685974121094
2024-11-21,145.5299750816113,147.84148078258494,144.76263405658136,147.31097412109375,10141100.0,0.0,0.0,155.5,147.31097412109375
2024-11-22,147.68990434967037,148.8456572082097,145.99417665521617,146.99835205078125,8266000.0,0.0,0.0,155.1699981689453,146.99835205078125
2024-11-25,146.99837166257822,148.76988832486654,146.96995269138182,147.5762481689453,12256200.0,0.0,0.0,155.77999877929688,147.5762481689453
2024-11-26,148.16830440056026,148.25424539355322,146.25842684315538,147.55714416503906,5683500.0,1.24,0.0,154.52000427246094,147.55714416503906
2024-11-27,147.66219903188156,149.57207673179872,147.63355203207965,148.39749145507812,4140400.0,0.0,0.0,155.39999389648438,148.39749145507812
2024-11-29,147.91048218789024,148.65533334681842,147.22292503023178,148.0250701904297,5687800.0,0.0,0.0,155.00999450683594,148.0250701904297
2024-12-02,147.77675881936798,148.01549348628134,146.99370211771247,147.8245086669922,6946500.0,0.0,0.0,154.8000030517578,147.8245086669922
2024-12-03,147.8245293244356,147.8245293244356,145.44672646406246,145.49447631835938,8674400.0,0.0,0.0,152.36000061035156,145.49447631835938
2024-12-04,144.47267843580934,144.73051598067437,143.0020791583014,143.68963623046875,10333100.0,0.0,0.0,150.47000122070312,143.68963623046875
2024-12-05,143.24082199478045,143.60370340662107,142.238133326575,142.78245544433594,7898100.0,0.0,0.0,149.52000427246094,142.78245544433594
2024-12-06,142.65830603184853,143.2885691337698,141.69382309433357,142.5819091796875,8389600.0,0.0,0.0,149.30999755859375,142.5819091796875
2024-12-09,142.56281292114443,144.09072089265194,141.75112365038945,142.85885620117188,8410300.0,0.0,0.0,149.60000610351562,142.85885620117188
2024-12-10,143.17397797729666,144.03343170417793,141.64608452597014,142.50552368164062,9398700.0,0.0,0.0,149.22999572753906,142.50552368164062
2024-12-11,141.8084133325439,141.8084133325439,139.7743890037748,140.0322265625,13446700.0,0.0,0.0,146.63999938964844,140.0322265625
2024-12-12,140.56698637048675,141.11130847263126,139.4306068838702,139.65025329589844,6176300.0,0.0,0.0,146.24000549316406,139.65025329589844
2024-12-13,139.09640462696132,140.30916654702332,138.50433259646894,140.0131378173828,8324900.0,0.0,0.0,146.6199951171875,140.0131378173828
2024-12-16,140.11816423961312,140.61473648915697,137.05281889096622,137.36795043945312,8732400.0,0.0,0.0,143.85000610351562,137.36795043945312
2024-12-17,137.3584218534463,140.05135681960084,137.23428969224102,139.8126220703125,10343000.0,0.0,0.0,146.41000366210938,139.8126220703125
2024-12-18,139.1155032470745,140.1277508030361,138.15102012544253,138.2274169921875,9336100.0,0.0,0.0,144.75,138.2274169921875
2024-12-19,137.64487079028004,138.67620638843644,136.90956387311863,137.110107421875,9516700.0,0.0,0.0,143.5800018310547,137.110107421875
2024-12-20,136.60399539479687,138.91494549387807,136.31751084655173,137.9600067138672,17702800.0,0.0,0.0,144.47000122070312,137.9600067138672
2024-12-23,138.11280823490046,138.78126250451018,136.9859728336639,138.72396850585938,8720800.0,0.0,0.0,145.27000427246094,138.72396850585938
2024-12-24,138.4661433796736,139.27784729003906,137.8263360519129,139.27784729003906,3164100.0,0.0,0.0,145.85000610351562,139.27784729003906
2024-12-26,138.95315155650007,139.774399578355,138.5520789743678,139.02000427246094,4656300.0,0.0,0.0,145.5800018310547,139.02000427246094
2024-12-27,138.341973685197,139.99402823349809,138.16053298915855,138.5138702392578,5588300.0,0.0,0.0,145.0500030517578,138.5138702392578
2024-12-30,138.31332857159666,138.35153428244564,136.5084948710301,136.88092041015625,6268700.0,0.0,0.0,143.33999633789062,136.88092041015625
2024-12-31,137.28199303751342,138.15099081978497,136.85227350303924,138.10324096679688,5811400.0,0.0,0.0,144.6199951171875,138.10324096679688
2025-01-02,138.68575647298846,139.20143157976784,137.30109814091938,137.53028869628906,6051300.0,0.0,0.0,144.02000427246094,137.53028869628906
2025-01-03,137.57803896070294,138.05550835740775,137.1483048467009,137.692626953125,5878800.0,0.0,0.0,144.19000244140625,137.692626953125
2025-01-06,137.04328910517032,138.2942714209387,136.48942274284548,137.18653869628906,7910500.0,0.0,0.0,143.66000366210938,137.18653869628906
2025-01-07,137.28198621265668,140.54787491199255,137.11964837753513,139.64068603515625,8422000.0,0.0,0.0,146.22999572753906,139.64068603515625
2025-01-08,138.93406580051453,139.02955094778358,135.0665603414427,135.85916137695312,11175600.0,0.0,0.0,142.27000427246094,135.85916137695312
2025-01-10,134.64638222977248,137.1960672936633,134.34079479365133,135.6586151123047,8821500.0,0.0,0.0,142.05999755859375,135.6586151123047
2025-01-13,136.53714268601559,138.53297581035747,135.89733545195344,137.9600067138672,10376400.0,0.0,0.0,144.47000122070312,137.9600067138672
2025-01-14,137.98868224781413,138.28471099944312,136.42258290757323,138.2274169921875,8681700.0,0.0,0.0,144.75,138.2274169921875
2025-01-15,138.76216044958142,139.4688204365145,137.75947175376876,138.43748474121094,7434600.0,0.0,0.0,144.97000122070312,138.43748474121094
2025-01-16,137.8167917690558,141.39781271491069,137.56849832456783,141.111328125,8964000.0,0.0,0.0,147.77000427246094,141.111328125
2025-01-17,140.7961762245112,141.69382101018803,140.00357528760955,140.40464782714844,10773100.0,0.0,0.0,147.02999877929688,140.40464782714844
2025-01-21,140.9107565171082,142.1521797790258,140.42374301096277,141.4741668701172,11111700.0,0.0,0.0,148.14999389648438,141.4741668701172
2025-01-22,137.5111921066466,138.91495335843211,135.7063582930953,138.72396850585938,16834700.0,0.0,0.0,145.27000427246094,138.72396850585938
2025-01-23,138.8863029043578,141.24500293154537,138.28468679106894,140.0322265625,10506400.0,0.0,0.0,146.63999938964844,140.0322265625
2025-01-24,140.1945733657901,140.9776302344464,139.7839566453075,140.20413208007812,9887300.0,0.0,0.0,146.82000732421875,140.20413208007812
2025-01-27,141.760679231178,146.5353738133747,141.33095963302256,146.0006103515625,15152300.0,0.0,0.0,152.88999938964844,146.0006103515625
2025-01-28,145.78095798819476,146.07698667928418,143.5273018793474,143.60369873046875,10320600.0,0.0,0.0,150.3800048828125,143.60369873046875
2025-01-29,143.71830007896412,145.03612038367163,143.24083064348582,144.33900451660156,7156400.0,0.0,0.0,151.14999389648438,144.33900451660156
2025-01-30,145.06474282901314,147.19425207084552,144.53952362464867,145.98147583007812,8911000.0,0.0,0.0,152.8699951171875,145.98147583007812
2025-01-31,145.74276775349273,146.27753119691954,145.20800431006592,145.2939453125,8457800.0,0.0,0.0,152.14999389648438,145.2939453125
2025-02-03,145.15069699924203,145.5995193990812,143.98567050236713,145.02655029296875,6687500.0,0.0,0.0,151.8699951171875,145.02655029296875
2025-02-04,144.53953830189957,147.2324581585896,144.14800989423304,146.5735626220703,9645000.0,0.0,0.0,153.49000549316406,146.5735626220703
2025-02-05,146.8886903448681,147.75767356179773,146.4016622407942,147.719482421875,8947000.0,0.0,0.0,154.69000244140625,147.719482421875
2025-02-06,147.8149718773712,147.86272173207726,146.4685192304036,146.5926513671875,7418100.0,0.0,0.0,153.50999450683594,146.5926513671875
2025-02-07,146.61174322327008,147.5284908227307,145.91464202473563,146.22021484375,6204900.0,0.0,0.0,153.1199951171875,146.22021484375
2025-02-10,146.68814830303756,147.4138965387337,145.42762210443897,147.28976440429688,6936200.0,0.0,0.0,154.24000549316406,147.28976440429688
2025-02-11,147.16562397174783,149.3428833428539,147.0032861188648,149.0946044921875,7554500.0,0.0,0.0,156.1300048828125,149.0946044921875
2025-02-12,148.27336791873063,148.64579350898148,147.3184290133478,148.26380920410156,7746000.0,0.0,0.0,155.25999450683594,148.26380920410156
2025-02-13,148.2638051781984,151.00448967065122,147.81498273915872,150.1641387939453,10704700.0,0.0,0.0,157.25,150.1641387939453
2025-02-14,150.2023229262142,150.37421949352108,149.02775223925636,149.1136932373047,6411800.0,0.0,0.0,156.14999389648438,149.1136932373047
2025-02-18,148.37250314054714,149.6334841814593,147.5061845486089,149.19070434570312,9670700.0,1.24,0.0,154.99000549316406,149.19070434570312
2025-02-19,149.20032937491345,152.37685545401334,148.95968368237325,151.98219299316406,7974700.0,0.0,0.0,157.88999938964844,151.98219299316406
2025-02-20,151.07735350768309,153.96510163980005,151.07735350768309,153.7052001953125,7224000.0,0.0,0.0,159.67999267578125,153.7052001953125
2025-02-21,153.8977545768803,157.39192042134627,153.32019897740955,156.22720336914062,12546900.0,0.0,0.0,162.3000030517578,156.22720336914062
2025-02-24,156.5929616695029,158.70102033561508,155.9865444978259,157.61331176757812,10201900.0,0.0,0.0,163.74000549316406,157.61331176757812
2025-02-25,157.95985100517953,160.20265611249306,157.80583422463695,159.87538146972656,12303700.0,0.0,0.0,166.08999633789062,159.87538146972656
2025-02-26,158.90316232854656,158.95129440367535,156.47744968295726,156.97799682617188,11396400.0,0.0,0.0,163.0800018310547,156.97799682617188
2025-02-27,156.236787355532,157.81542231183656,155.67848765676206,157.60365295410156,8364600.0,0.0,0.0,163.72999572753906,157.60365295410156
2025-02-28,158.1619729769769,159.73098759604045,156.6122141259579,158.8454132080078,12037200.0,0.0,0.0,165.02000427246094,158.8454132080078
2025-03-03,158.78765913218382,161.0689755816046,158.67213921282575,161.02084350585938,9191500.0,0.0,0.0,167.27999877929688,161.02084350585938
2025-03-04,161.79094290477428,163.62947985192912,159.1342192683608,159.23046875,11999700.0,0.0,0.0,165.4199981689453,159.23046875
2025-03-05,158.35448955976102,160.23153775130362,157.41116253777426,158.94166564941406,8744800.0,0.0,0.0,165.1199951171875,158.94166564941406
2025-03-06,158.82616132836026,159.66360366070757,157.39190767480014,159.62510681152344,8037900.0,0.0,0.0,165.8300018310547,159.62510681152344
2025-03-07,158.95131495855085,162.15671769705472,158.53739668433371,160.45294189453125,9637600.0,0.0,0.0,166.69000244140625,160.45294189453125
2025-03-10,161.213355740882,163.54280424610616,160.79945220628036,161.4251251220703,17559000.0,0.0,0.0,167.6999969482422,161.4251251220703
2025-03-11,160.94383380792385,161.04009795862825,158.8742867584048,159.6539764404297,9890300.0,0.0,0.0,165.86000061035156,159.6539764404297
2025-03-12,157.60365454853888,158.06570479982366,156.15978056092695,156.756591796875,8010700.0,0.0,0.0,162.85000610351562,156.756591796875
2025-03-13,157.3148967662903,158.38336424015475,156.5737186005587,156.89137268066406,5286700.0,0.0,0.0,162.99000549316406,156.89137268066406
2025-03-14,156.05392462416808,157.045383769915,155.07210070700123,156.71810913085938,6235800.0,0.0,0.0,162.80999755859375,156.71810913085938
2025-03-17,156.3330752082224,157.3822869293345,155.67851127016266,156.74697875976562,6669800.0,0.0,0.0,162.83999633789062,156.74697875976562
2025-03-18,157.32452784770112,158.69139359743707,156.87211277776453,158.10421752929688,7348800.0,0.0,0.0,164.25,158.10421752929688
2025-03-19,157.8346996929528,158.21010638983233,156.14055928690502,156.89137268066406,5936400.0,0.0,0.0,162.99000549316406,156.89137268066406
2025-03-20,156.90098654218272,157.09350015251783,155.871015960727,156.9202423095703,7485900.0,0.0,0.0,163.02000427246094,156.9202423095703
2025-03-21,156.9010143555519,157.98873774414088,156.40046712967248,157.5074462890625,17047100.0,0.0,0.0,163.6300048828125,157.5074462890625
2025-03-24,156.74698592384036,158.23899226134762,156.4197112837764,157.18014526367188,8046400.0,0.0,0.0,163.2899932861328,157.18014526367188
2025-03-25,157.40154367149503,158.0464723853749,154.55229211897932,154.99508666992188,7456200.0,0.0,0.0,161.02000427246094,154.99508666992188
2025-03-26,155.17797236003315,156.4100771111182,154.6292931396444,155.66888427734375,7223500.0,0.0,0.0,161.72000122070312,155.66888427734375
2025-03-27,156.27532488979918,157.93096849602637,155.2838657717251,157.02613830566406,6752500.0,0.0,0.0,163.1300048828125,157.02613830566406
2025-03-28,157.46889171570552,158.36410121519788,156.81434256583634,157.58441162109375,5760300.0,0.0,0.0,163.7100067138672,157.58441162109375
2025-03-31,158.21972203009707,160.39516844686892,158.08496103251497,159.6347198486328,12481400.0,0.0,0.0,165.83999633789062,159.6347198486328
2025-04-01,154.71593904784055,155.75553029967048,147.4003181211152,147.5158233642578,23303100.0,0.0,0.0,153.25,147.5158233642578
2025-04-02,148.24735200031822,149.96074798114105,147.70830805415093,149.54684448242188,10356900.0,0.0,0.0,155.36000061035156,149.54684448242188
2025-04-03,152.81001049363928,154.6389118307078,151.587526297093,153.83998107910156,13249300.0,0.0,0.0,159.82000732421875,153.83998107910156
2025-04-04,153.20466769183372,153.83997580569581,147.20776683159517,147.5061798095703,16601700.0,0.0,0.0,153.24000549316406,147.5061798095703
2025-04-07,145.619515284852,146.99601623650406,141.8846895650138,144.9842071533203,18083000.0,0.0,0.0,150.6199951171875,144.9842071533203
2025-04-08,147.84308939687287,147.84308939687287,142.46225504557293,144.38742065429688,12018400.0,0.0,0.0,150.0,144.38742065429688
2025-04-09,136.87925188127502,147.45804064610837,136.20544695405383,145.32110595703125,18773700.0,0.0,0.0,150.97000122070312,145.32110595703125
2025-04-10,144.74356632852965,145.54251178964003,139.6996420173064,143.12643432617188,13830500.0,0.0,0.0,148.69000244140625,143.12643432617188
2025-04-11,143.74249568311143,146.6494999406237,142.64515184506152,146.0526885986328,9943900.0,0.0,0.0,151.72999572753906,146.0526885986328
2025-04-14,145.91793093942584,148.88268788470197,145.5136479043221,148.58428955078125,10685300.0,0.0,0.0,154.36000061035156,148.58428955078125
2025-04-15,149.87415293212752,150.45170854086913,146.40886334322556,147.87197875976562,10847700.0,0.0,0.0,153.6199951171875,147.87197875976562
2025-04-16,149.55648571702037,149.80676664655024,146.54361152502074,148.151123046875,7986900.0,0.0,0.0,153.91000366210938,148.151123046875
2025-04-17,148.39174979061875,153.47418517683928,148.39174979061875,151.57789611816406,10981100.0,0.0,0.0,157.47000122070312,151.57789611816406
2025-04-21,152.04957141699035,152.30945817358227,149.67199094696886,151.04847717285156,6285400.0,0.0,0.0,156.9199981689453,151.04847717285156
2025-04-22,151.6548985181208,152.78111844919562,150.41315868201704,151.847412109375,7136300.0,0.0,0.0,157.75,151.847412109375
2025-04-23,150.63458380115318,151.2217598816267,148.5554014813275,149.5661163330078,9099400.0,0.0,0.0,155.3800048828125,149.5661163330078
2025-04-24,149.97039152900174,150.06664098881706,147.698695709936,149.1329345703125,8310400.0,0.0,0.0,154.92999267578125,149.1329345703125
2025-04-25,148.54578478495054,149.10406988379015,146.745744960744,148.79605102539062,8643600.0,0.0,0.0,154.5800018310547,148.79605102539062
2025-04-28,149.68162825171314,149.98002657534252,148.06449616707076,149.53724670410156,5815200.0,0.0,0.0,155.35000610351562,149.53724670410156
2025-04-29,149.63348416297495,151.14474611663368,148.51688465824142,150.07627868652344,5246700.0,0.0,0.0,155.91000366210938,150.07627868652344
2025-04-30,152.28058447749746,152.28058447749746,149.2195784557302,150.4613037109375,9598200.0,0.0,0.0,156.30999755859375,150.4613037109375
2025-05-01,149.2003149162609,149.28694383209697,147.62167991369301,148.68052673339844,7325800.0,0.0,0.0,154.4600067138672,148.68052673339844
2025-05-02,150.23029447876922,150.8559673812853,149.23882074905086,150.27841186523438,5974500.0,0.0,0.0,156.1199951171875,150.27841186523438
2025-05-05,150.80782871723414,150.92333394025843,148.9404159431616,149.2003173828125,5464100.0,0.0,0.0,155.0,149.2003173828125
2025-05-06,149.02708015228183,150.06665667892136,147.93935685893055,148.69017028808594,8644200.0,0.0,0.0,154.47000122070312,148.69017028808594
2025-05-07,148.95006652551942,152.03032852242876,148.7190413678083,151.41427612304688,7853100.0,0.0,0.0,157.3000030517578,151.41427612304688
2025-05-08,149.9896643616522,151.1543813665103,148.98856998831212,149.8356475830078,7606100.0,0.0,0.0,155.66000366210938,149.8356475830078
2025-05-09,149.60462037415962,150.22067279248463,148.0548614438321,148.44952392578125,6520400.0,0.0,0.0,154.22000122070312,148.44952392578125
2025-05-12,146.33184197306454,149.54686501326165,145.52326125496006,148.3725128173828,9023800.0,0.0,0.0,154.13999938964844,148.3725128173828
2025-05-13,146.02381808353965,146.02381808353965,142.5392728027916,142.88580322265625,10549600.0,0.0,0.0,148.44000244140625,142.88580322265625
2025-05-14,143.10718516565112,143.25158140043052,140.6525960528821,140.8836212158203,10216000.0,0.0,0.0,146.36000061035156,140.8836212158203
2025-05-15,142.46224982128726,144.05050551510183,141.8173211285569,144.0120086669922,7945800.0,0.0,0.0,149.61000061035156,144.0120086669922
2025-05-16,144.06977252777526,145.83130089518968,143.6366131854583,145.66766357421875,8051200.0,0.0,0.0,151.3300018310547,145.66766357421875
2025-05-19,146.20670042818765,146.9478932943705,145.39813440390523,146.7842559814453,12639900.0,0.0,0.0,152.49000549316406,146.7842559814453
2025-05-20,146.63022467034673,148.27623286458655,146.42807584039545,147.91046142578125,7351500.0,0.0,0.0,153.66000366210938,147.91046142578125
2025-05-21,147.45806052112863,148.65165378512776,147.2751674402648,147.44842529296875,7032200.0,0.0,0.0,153.17999267578125,147.44842529296875
2025-05-22,146.93826186486518,147.58320528074356,145.70615702805415,146.89976501464844,7535300.0,0.0,0.0,152.61000061035156,146.89976501464844
2025-05-23,147.27515984115055,147.7371954457021,146.514725935996,147.2174072265625,6727300.0,0.0,0.0,152.94000244140625,147.2174072265625
2025-05-27,148.07173598904868,149.54739430031267,147.49893216707943,148.7804412841797,6990700.0,1.3,0.0,153.25,148.7804412841797
2025-05-28,148.80959069257366,149.1590918923527,147.49895748996062,147.984375,8459300.0,0.0,0.0,152.42999267578125,147.984375
2025-05-29,147.32420038153927,149.5474058494708,147.13973937494478,149.100830078125,6810600.0,0.0,0.0,153.5800018310547,149.100830078125
2025-05-30,149.41146730505875,151.16869070734185,148.75130676266454,150.6832733154297,15529700.0,0.0,0.0,155.2100067138672,150.6832733154297
2025-06-02,149.97457049030925,151.00365310920873,147.85815752898998,150.86773681640625,6669300.0,0.0,0.0,155.39999389648438,150.86773681640625
2025-06-03,150.285242796592,151.1201613882195,149.5862404959846,149.91632080078125,8209800.0,0.0,0.0,154.4199981689453,149.91632080078125
2025-06-04,150.41143150179767,150.41143150179767,148.66394067739182,148.75131225585938,6983900.0,0.0,0.0,153.22000122070312,148.75131225585938
2025-06-05,149.1979186077099,149.59596452079967,148.18825670601814,149.1785125732422,5295400.0,0.0,0.0,153.66000366210938,149.1785125732422
2025-06-06,149.50858608317324,151.47937989644106,149.50858608317324,150.508544921875,5391500.0,0.0,0.0,155.02999877929688,150.508544921875
2025-06-09,150.33379056434904,151.44054176055067,149.94544771512437,150.70269775390625,5319000.0,0.0,0.0,155.22999572753906,150.70269775390625
2025-06-10,150.89685974350843,152.84824735194303,150.49882869732974,151.88711547851562,6791600.0,0.0,0.0,156.4499969482422,151.88711547851562
2025-06-11,151.74150341105252,152.03275685451254,150.21728545141227,150.73182678222656,6016000.0,0.0,0.0,155.25999450683594,150.73182678222656
2025-06-12,151.6832545257475,152.11040945062305,150.64445404189198,152.09100341796875,7075500.0,0.0,0.0,156.66000366210938,152.09100341796875
2025-06-13,151.42112500798427,153.07154142395083,151.42112500798427,152.51817321777344,6587500.0,0.0,0.0,157.10000610351562,152.51817321777344
2025-06-16,151.8580074487937,151.93567602569203,149.94546133225077,150.69300842285156,7024000.0,0.0,0.0,155.22000122070312,150.69300842285156
2025-06-17,150.45028027933915,150.75123671741724,147.6639889559865,147.93582153320312,6407100.0,0.0,0.0,152.3800048828125,147.93582153320312
2025-06-18,148.12028605196923,148.19793980693774,146.31453256677307,146.3339385986328,8325200.0,0.0,0.0,150.72999572753906,146.3339385986328
2025-06-20,146.84846931065263,146.9843855926896,144.6932148285212,145.4213409423828,22605500.0,0.0,0.0,149.7899932861328,145.4213409423828
2025-06-23,145.37281742317523,147.01351589474922,145.37281742317523,146.90673828125,7397900.0,0.0,0.0,151.32000732421875,146.90673828125
2025-06-24,147.08147961624732,148.26589931707005,146.57664134693826,147.75135803222656,9544200.0,0.0,0.0,152.19000244140625,147.75135803222656
2025-06-25,146.96498441839879,148.60569768604995,146.33393287727532,147.83872985839844,7153700.0,0.0,0.0,152.27999877929688,147.83872985839844
2025-06-26,148.2464775328281,148.75131579893812,147.11060254440363,147.57659912109375,7156900.0,0.0,0.0,152.00999450683594,147.57659912109375
2025-06-27,147.57659249479278,148.85810154035497,146.60575769558383,147.96493530273438,10010800.0,0.0,0.0,152.41000366210938,147.96493530273438
2025-06-30,147.7222244598142,148.50859826556277,147.1008907898852,148.29501342773438,9039300.0,0.0,0.0,152.75,148.29501342773438
2025-07-01,148.53773775923037,153.1492034739777,148.35327676043812,151.37257385253906,10896700.0,0.0,0.0,155.9199981689453,151.37257385253906
2025-07-02,151.4502563076398,151.74150976329233,150.54738689025967,151.02308654785156,5544000.0,0.0,0.0,155.55999755859375,151.02308654785156
2025-07-03,150.89687486757919,151.72209053175558,150.36292747592347,151.4599609375,3482500.0,0.0,0.0,156.00999450683594,151.4599609375
2025-07-07,151.46965750988292,151.79003478817216,150.37260938850739,150.7415313720703,6270900.0,0.0,0.0,155.27000427246094,150.7415313720703
2025-07-08,149.97456187968828,152.18806412896572,149.71244713889567,151.24635314941406,6438200.0,0.0,0.0,155.7899932861328,151.24635314941406
2025-07-09,151.24636198385022,152.1201222788215,150.54737448714403,151.72207641601562,6147400.0,0.0,0.0,156.27999877929688,151.72207641601562
2025-07-10,151.54734881194418,154.59577010705152,151.27551619814605,153.09097290039062,6732900.0,0.0,0.0,157.69000244140625,153.09097290039062
2025-07-11,152.50846614661378,152.59583774105315,150.65416774675793,152.32400512695312,7872000.0,0.0,0.0,156.89999389648438,152.32400512695312
2025-07-14,152.2948677851747,152.8773746574223,150.98424954326526,152.246337890625,10185600.0,0.0,0.0,156.82000732421875,152.246337890625
2025-07-15,151.79973552209924,152.60553021348542,150.28523554841496,150.64443969726562,6873200.0,0.0,0.0,155.1699981689453,150.64443969726562
2025-07-16,155.6248160060078,161.2750666429119,155.13939862284107,159.97415161132812,22134800.0,0.0,0.0,164.77999877929688,159.97415161132812
2025-07-17,158.42083333055885,159.896506540005,157.5665086840501,158.22666931152344,11295700.0,0.0,0.0,162.97999572753906,158.22666931152344
2025-07-18,159.14896232362338,160.28485222326432,158.59559411890905,158.92567443847656,9792600.0,0.0,0.0,163.6999969482422,158.92567443847656
2025-07-21,158.99364768876623,160.11010198229897,158.03251573246365,159.56643676757812,8254000.0,0.0,0.0,164.36000061035156,159.56643676757812
2025-07-22,160.1877486265908,163.1585008672817,159.90621304100026,163.03228759765625,9288000.0,0.0,0.0,167.92999267578125,163.03228759765625
2025-07-23,163.68276493825223,164.1875884045282,161.7313773695686,164.16818237304688,10617600.0,0.0,0.0,169.10000610351562,164.16818237304688
2025-07-24,164.55652888281114,165.0322433553102,163.9546159364473,164.61477661132812,6636900.0,0.0,0.0,169.55999755859375,164.61477661132812
2025-07-25,164.79923298520387,164.92544626927946,162.5566066178758,163.3915252685547,6254900.0,0.0,0.0,168.3000030517578,163.3915252685547
2025-07-28,162.9643457562342,163.04201432533776,160.23630207669302,161.37217712402344,8014600.0,0.0,0.0,166.22000122070312,161.37217712402344
2025-07-29,161.80904196073075,163.85750407777874,161.5177885442579,163.20704650878906,7663400.0,0.0,0.0,168.11000061035156,163.20704650878906
2025-07-30,162.809020951837,163.6924843268324,161.9158545601304,162.38185119628906,6189200.0,0.0,0.0,167.25999450683594,162.38185119628906
2025-07-31,161.09062961083353,162.1973956301704,159.44021322550935,159.9353485107422,11036200.0,0.0,0.0,164.74000549316406,159.9353485107422
2025-08-01,160.65374817098856,162.73133417477788,159.98386974869538,162.44979858398438,8927800.0,0.0,0.0,167.3300018310547,162.44979858398438
2025-08-04,162.15854746259484,166.19722408485885,161.77992245511788,166.0515899658203,12679100.0,0.0,0.0,171.0399932861328,166.0515899658203
2025-08-05,165.56619712233535,166.55645298658033,164.70215455058468,165.7603759765625,7934400.0,0.0,0.0,170.74000549316406,165.7603759765625
2025-08-06,164.95455498052752,167.15833945166182,164.7312522963263,165.61471557617188,8957200.0,0.0,0.0,170.58999633789062,165.61471557617188
2025-08-07,166.17779684066866,166.61466955343286,164.9642532975659,166.5272979736328,9315900.0,0.0,0.0,171.52999877929688,166.5272979736328
2025-08-08,166.03219965367325,168.88645681739177,165.42056888608613,168.2748260498047,7686800.0,0.0,0.0,173.3300018310547,168.2748260498047
2025-08-11,168.3427855742368,169.50779944254944,168.00300220745123,168.75054931640625,7256800.0,0.0,0.0,173.82000732421875,168.75054931640625
2025-08-12,168.92527979892805,169.66310902141603,166.79914890711837,167.74085998535156,7916700.0,0.0,0.0,172.77999877929688,167.74085998535156
2025-08-13,167.9544392779886,169.4495185199788,167.6631858424992,169.33302307128906,5878700.0,0.0,0.0,174.4199981689453,169.33302307128906
2025-08-14,169.22622173103392,170.5951024361437,167.68259786208765,169.624267578125,8241700.0,0.0,0.0,174.72000122070312,169.624267578125
2025-08-15,170.449495579225,172.09991199561782,169.85728568003967,171.48828125,9477600.0,0.0,0.0,176.63999938964844,171.48828125
2025-08-18,171.35235838112257,172.39115882582487,170.9640303499574,171.10964965820312,9284000.0,0.0,0.0,176.25,171.10964965820312
2025-08-19,170.90579230056213,172.983378673882,170.847544568918,172.61447143554688,9274200.0,0.0,0.0,177.8000030517578,172.61447143554688
2025-08-20,173.2940346699762,175.34249696086658,172.80861720591466,173.62411499023438,9030000.0,0.0,0.0,178.83999633789062,173.62411499023438
2025-08-21,173.34257961657462,174.82795587353638,172.96395458663858,173.71148681640625,8859600.0,0.0,0.0,178.92999267578125,173.71148681640625
2025-08-22,174.78911558281357,175.87646078588406,172.29407749726226,174.0609893798828,9524000.0,0.0,0.0,179.2899932861328,174.0609893798828
2025-08-25,174.2842770602839,175.0026853711147,173.09013952448566,173.20664978027344,6229100.0,0.0,0.0,178.41000366210938,173.20664978027344
2025-08-26,172.85460628408944,173.2555738744088,171.89620868497286,172.600341796875,9145000.0,1.3,0.0,176.49000549316406,172.600341796875
2025-08-27,173.06973272921007,173.77386573464747,172.27758682871757,172.89369201660156,5951100.0,0.0,0.0,176.7899932861328,172.89369201660156
2025-08-28,172.48297426925092,172.60033973483283,170.78133170456726,171.583251953125,6424700.0,0.0,0.0,175.4499969482422,171.583251953125
2025-08-29,172.0917849589202,173.50005107682512,171.5832411002324,173.2653350830078,6942300.0,0.0,0.0,177.1699981689453,173.2653350830078
2025-09-02,173.55871833290118,175.2505864747156,172.99149923256772,174.13571166992188,9049000.0,0.0,0.0,178.05999755859375,174.13571166992188
2025-09-03,173.754312735633,174.36064372340013,172.63943789740028,174.07704162597656,7111700.0,0.0,0.0,178.0,174.07704162597656
2025-09-04,174.0770522777431,174.9572111798103,173.6369728267095,174.82029724121094,7854800.0,0.0,0.0,178.75999450683594,174.82029724121094
2025-09-05,174.07704256383926,175.5537581707923,172.66877646111618,174.49755859375,9733800.0,0.0,0.0,178.42999267578125,174.49755859375
2025-09-08,173.45114379394553,175.49507846966029,172.8056860260886,174.2041778564453,8382500.0,0.0,0.0,178.1300048828125,174.2041778564453
2025-09-09,174.07703980883056,174.16505270823302,172.561197432737,173.05996704101562,6005700.0,0.0,0.0,176.9600067138672,173.05996704101562
2025-09-10,172.41451057887036,172.71767607189588,170.4879264017414,171.91574096679688,6891600.0,0.0,0.0,175.7899932861328,171.91574096679688
2025-09-11,171.87663224164177,174.9083170723718,171.75928170606494,174.56602478027344,5792500.0,0.0,0.0,178.5,174.56602478027344
2025-09-12,173.79343431588362,174.85940809224365,172.8252476738922,174.13571166992188,7220200.0,0.0,0.0,178.05999755859375,174.13571166992188
2025-09-15,173.84233142809236,175.04523412922416,173.03062205669843,173.49026489257812,4768100.0,0.0,0.0,177.39999389648438,173.49026489257812
2025-09-16,173.65653641793406,173.7054225283811,171.7788382257642,172.5709991455078,7959300.0,0.0,0.0,176.4600067138672,172.5709991455078
2025-09-17,172.81548641822724,174.57580419407594,172.69812095667075,173.294677734375,6714900.0,0.0,0.0,177.1999969482422,173.294677734375
2025-09-18,172.70789746828765,173.11863924740493,170.03805352027734,170.32167053222656,8200900.0,0.0,0.0,174.16000366210938,170.32167053222656
2025-09-19,170.8400043448543,173.25556913608068,169.50997682791382,172.30694580078125,25621000.0,0.0,0.0,176.19000244140625,172.30694580078125
2025-09-22,172.20913129583226,172.74701277532031,170.2825471290745,170.37057495117188,7193900.0,0.0,0.0,174.2100067138672,170.37057495117188
2025-09-23,171.0355829083302,173.06974339129886,170.97690764134543,172.68833923339844,8350400.0,0.0,0.0,176.5800018310547,172.68833923339844
2025-09-24,172.25803221713883,173.05017815802412,171.86685382639274,172.79591369628906,6676800.0,0.0,0.0,176.69000244140625,172.79591369628906
2025-09-25,173.29467019297286,174.46822029996832,172.03310718551506,173.81298828125,8475000.0,0.0,0.0,177.72999572753906,173.81298828125
2025-09-26,174.66382193974036,175.94494832549813,173.41203318705345,175.74935913085938,8634400.0,0.0,0.0,179.7100067138672,175.74935913085938
2025-09-29,175.86672025116357,177.861754032588,175.83738261632647,177.6172637939453,8597100.0,0.0,0.0,181.6199951171875,177.6172637939453
2025-09-30,177.69549554924257,181.8909562377616,177.07939031912738,181.33351135253906,11569000.0,0.0,0.0,185.4199981689453,181.33351135253906
2025-10-01,181.90072970718464,182.44838543053112,179.85679498165965,181.9496307373047,13063800.0,0.0,0.0,186.0500030517578,181.9496307373047
2025-10-02,180.1306211004154,182.47772129847561,180.03281904112157,181.88116455078125,7728100.0,0.0,0.0,185.97999572753906,181.88116455078125
2025-10-03,182.93737906053053,185.59743412762745,182.79069088210622,184.48255920410156,8675100.0,0.0,0.0,188.63999938964844,184.48255920410156
2025-10-06,183.85664523656718,185.7343283333897,183.2405251076493,184.01312255859375,5806100.0,0.0,0.0,188.16000366210938,184.01312255859375
2025-10-07,179.71988044308327,185.05953865015417,178.90817109783274,184.72703552246094,8776800.0,0.0,0.0,188.88999938964844,184.72703552246094
2025-10-08,184.70747953243603,186.0277327816568,184.1207119169489,185.50941467285156,5751200.0,0.0,0.0,189.69000244140625,185.50941467285156
2025-10-09,185.81257482959435,187.86629873092122,185.54852120285247,186.8687744140625,7484800.0,0.0,0.0,191.0800018310547,186.8687744140625
2025-10-10,187.77827139842617,187.83696158868858,185.6658871464611,186.51670837402344,9598000.0,0.0,0.0,190.72000122070312,186.51670837402344
2025-10-13,185.64632333935597,187.08392708636944,185.1084418485517,186.69273376464844,7979500.0,0.0,0.0,190.89999389648438,186.69273376464844
2025-10-14,188.6682313415227,190.11560942030164,181.78339257645226,186.64385986328125,13613300.0,0.0,0.0,190.85000610351562,186.64385986328125
2025-10-15,187.25995260668918,189.303902268661,185.1280049658996,186.956787109375,9473000.0,0.0,0.0,191.1699981689453,186.956787109375
2025-10-16,187.12304066781874,188.7953604231518,186.23309264058008,187.88584899902344,10611800.0,0.0,0.0,192.1199951171875,187.88584899902344
2025-10-17,188.2574758352493,189.33323880902185,187.45554072343714,188.96160888671875,7764400.0,0.0,0.0,193.22000122070312,188.96160888671875
2025-10-20,189.23542420173737,190.19382165505388,188.09121179958947,189.45057678222656,8034700.0,0.0,0.0,193.72000122070312,189.45057678222656
2025-10-21,188.75622395203504,189.28433118348556,187.54356201203515,187.65113830566406,6716000.0,0.0,0.0,191.8800048828125,187.65113830566406
2025-10-22,187.7685042274453,189.18654463424633,187.55335162255136,188.6877899169922,6343100.0,0.0,0.0,192.94000244140625,188.6877899169922
2025-10-23,188.31614705419025,189.7244131268554,187.31862276563595,188.22813415527344,8882500.0,0.0,0.0,192.47000122070312,188.22813415527344
2025-10-24,187.9640678233363,188.0716441111252,185.24533792012375,186.2037353515625,6903400.0,0.0,0.0,190.39999389648438,186.2037353515625
2025-10-27,185.8027915483585,186.59493746752628,185.35292298108493,186.10595703125,7126000.0,0.0,0.0,190.3000030517578,186.10595703125
2025-10-28,185.0888771601165,185.3333673885486,182.5070609447738,182.8102264404297,8329500.0,0.0,0.0,186.92999267578125,182.8102264404297
2025-10-29,182.58530545154946,182.97649878305907,180.59027168959963,182.48751831054688,10551100.0,0.0,0.0,186.60000610351562,182.48751831054688
2025-10-30,182.95693020337183,185.2062432977132,182.79067863812693,184.88351440429688,7072500.0,0.0,0.0,189.0500030517578,184.88351440429688
2025-10-31,183.32854505711862,185.32357859856015,182.64396053326792,184.70745849609375,8791700.0,0.0,0.0,188.8699951171875,184.70745849609375
2025-11-03,184.8346326024117,184.86397023918343,181.43133243438183,182.15501403808594,7542600.0,0.0,0.0,186.25999450683594,182.15501403808594
2025-11-04,182.71243787931192,183.68062454846097,181.52909861701866,182.7417755126953,7209400.0,0.0,0.0,186.86000061035156,182.7417755126953
2025-11-05,182.52662069373764,183.69039654541731,181.31394381284895,181.90072631835938,5049400.0,0.0,0.0,186.0,181.90072631835938
2025-11-06,182.64397162146273,183.38723145305244,181.28460657250142,182.84934997558594,6767400.0,0.0,0.0,186.97000122070312,182.84934997558594
2025-11-07,183.60240349717566,184.1989603040272,181.6073547007375,182.45819091796875,6959200.0,0.0,0.0,186.57000732421875,182.45819091796875
2025-11-10,181.9007248187872,184.26738837250383,181.04011446379977,184.2576141357422,5323800.0,0.0,0.0,188.41000366210938,184.2576141357422
2025-11-11,185.2160176409071,189.64617940511584,184.88351451022683,189.55816650390625,7465600.0,0.0,0.0,193.8300018310547,189.55816650390625
2025-11-12,189.09852116392503,191.2402579332056,188.8149190674103,190.10581970214844,8803000.0,0.0,0.0,194.38999938964844,190.10581970214844
2025-11-13,189.92979610949115,191.68033958366678,189.18653626274676,190.94686889648438,8631600.0,0.0,0.0,195.25,190.94686889648438
2025-11-14,190.7023809412554,192.8343286012861,189.2843405802947,191.61187744140625,8824800.0,0.0,0.0,195.92999267578125,191.61187744140625
2025-11-17,192.61918942480105,195.8660119204403,191.5825383144018,195.1814422607422,13257000.0,0.0,0.0,199.5800018310547,195.1814422607422
2025-11-18,194.62399168982054,195.88556959674344,194.1545746400929,195.59217834472656,12468600.0,0.0,0.0,200.0,195.59217834472656
2025-11-19,195.59218321397532,198.99548302359867,194.9858522212118,198.04685974121094,14690800.0,0.0,0.0,202.50999450683594,198.04685974121094
2025-11-20,197.54810286679177,200.00277936694775,197.12758684032048,198.5945281982422,10612600.0,0.0,0.0,203.07000732421875,198.5945281982422
2025-11-21,199.46490967071523,202.37922894432938,198.51628641370846,199.40621948242188,13189100.0,0.0,0.0,203.89999389648438,199.40621948242188
2025-11-24,199.2204251313988,201.57729960220274,198.52606631385947,201.50885009765625,14803900.0,0.0,0.0,206.0500030517578,201.50885009765625
2025-11-25,201.93203375943375,204.4318344688182,201.93203375943375,203.39845275878906,10275300.0,1.3,0.0,206.6699981689453,203.39845275878906
2025-11-26,203.22129878047068,204.52039556375505,202.68000219691694,204.27435302734375,6729000.0,0.0,0.0,207.55999755859375,204.27435302734375
2025-11-28,203.723236152328,204.17596106247692,201.39075752943597,203.64450073242188,5638300.0,0.0,0.0,206.9199981689453,203.64450073242188
2025-12-01,203.23114910855648,204.41215036142825,202.08950805664062,202.08950805664062,8473700.0,0.0,0.0,205.33999633789062,202.08950805664062
2025-12-02,201.9910847326731,202.35522287858143,199.88496123592265,202.16822814941406,8393600.0,0.0,0.0,205.4199981689453,202.16822814941406
2025-12-03,202.6406353348706,203.74291615515872,201.7450518785209,202.0796661376953,8363300.0,0.0,0.0,205.3300018310547,202.0796661376953
2025-12-04,201.3513800209524,201.61711018295784,198.516980022795,199.2747802734375,9049900.0,0.0,0.0,202.47999572753906,199.2747802734375
2025-12-05,199.7668717489871,200.2294329646455,197.63122412342938,198.73348999023438,7785300.0,0.0,0.0,201.92999267578125,198.73348999023438
2025-12-08,199.45193591844364,200.04242902685974,197.80837348995507,198.4283905029297,7785700.0,0.0,0.0,201.6199951171875,198.4283905029297
2025-12-09,199.70781308614636,202.28633417756814,196.74546622144234,196.794677734375,7509400.0,0.0,0.0,199.9600067138672,196.794677734375
2025-12-10,197.41469808815052,203.5264016771889,197.01118469940698,203.2705078125,11599800.0,0.0,0.0,206.5399932861328,203.2705078125
2025-12-11,204.60897767896304,207.89611754570484,204.54009357423172,206.68557739257812,9009000.0,0.0,0.0,210.00999450683594,206.68557739257812
2025-12-12,206.95130391403598,208.90980797527408,205.65220708750627,208.23072814941406,6922700.0,0.0,0.0,211.5800018310547,208.23072814941406
2025-12-15,207.02021685633432,211.7835972337083,205.70141731611412,210.7797393798828,8467000.0,0.0,0.0,214.1699981689453,210.7797393798828
2025-12-16,210.61242873186924,211.33086879327527,205.50458284724823,205.98683166503906,9949800.0,0.0,0.0,209.3000030517578,205.98683166503906
2025-12-17,206.0753964132944,208.1716837329721,205.16012534074213,207.00051879882812,8457600.0,0.0,0.0,210.3300018310547,207.00051879882812
2025-12-18,206.47891598813604,207.7189650641044,204.47120032162059,205.0124969482422,7499900.0,0.0,0.0,208.30999755859375,205.0124969482422
2025-12-19,204.27436010709684,205.92777381805197,202.76858093345197,203.1031951904297,24803900.0,0.0,0.0,206.3699951171875,203.1031951904297
2025-12-22,202.86701252411635,204.7861414522214,202.2469804791725,204.03817749023438,8187800.0,0.0,0.0,207.32000732421875,204.03817749023438
2025-12-23,201.77457330531342,203.2606648620441,200.062111796116,202.5225372314453,7047300.0,0.0,0.0,205.77999877929688,202.5225372314453
2025-12-24,202.739053555574,204.648346074342,202.31586759380838,204.49087524414062,2376500.0,0.0,0.0,207.77999877929688,204.49087524414062
2025-12-26,204.2448234412372,204.74674479534215,203.43781175323053,204.34324645996094,2316700.0,0.0,0.0,207.6300048828125,204.34324645996094
2025-12-29,204.70739029418675,206.15412160966466,204.09720960940507,204.27435302734375,4348900.0,0.0,0.0,207.55999755859375,204.27435302734375
2025-12-30,204.22515192059876,204.4023103648072,203.25083303781125,203.63465881347656,3937400.0,0.0,0.0,206.91000366210938,203.63465881347656
2025-12-31,203.63466628756984,204.21532312025465,203.10320595268348,203.6740264892578,4083800.0,0.0,0.0,206.9499969482422,203.6740264892578
2026-01-02,203.54607900663632,204.10704818695953,200.4557702982002,204.06768798828125,6325500.0,0.0,0.0,207.35000610351562,204.06768798828125
2026-01-05,202.6111087313451,202.68000785174,197.72963308240787,201.0758056640625,9477000.0,0.0,0.0,204.30999755859375,201.0758056640625
2026-01-06,201.3612227968269,203.43782245629845,200.88881030279188,201.54820251464844,8107900.0,0.0,0.0,204.7899932861328,201.54820251464844
2026-01-07,202.01076455260576,204.96327507524262,201.78440961736555,204.20547485351562,7545900.0,0.0,0.0,207.49000549316406,204.20547485351562
2026-01-08,203.6543250611801,205.67187690313673,201.72535994719092,202.49301147460938,6557800.0,0.0,0.0,205.75,202.49301147460938
2026-01-09,202.65048388309268,203.42797171200806,200.7805515444468,201.154541015625,6154300.0,0.0,0.0,204.38999938964844,201.154541015625
2026-01-12,202.2961890410606,206.5773204309254,200.62310269270267,206.40017700195312,11794300.0,0.0,0.0,209.72000122070312,206.40017700195312
2026-01-13,206.58715762456725,210.99623564550944,205.55377597445334,210.2679443359375,11379600.0,0.0,0.0,213.64999389648438,210.2679443359375
2026-01-14,211.33085581905067,215.3954834155094,210.76003531994849,215.09039306640625,11858800.0,0.0,0.0,218.5500030517578,215.09039306640625
2026-01-15,214.7754540862871,216.27139696408693,212.49218707861442,216.09425354003906,8492100.0,0.0,0.0,219.57000732421875,216.09425354003906
2026-01-16,215.57262862976077,216.62569792580305,214.68688147872595,215.1986541748047,10021500.0,0.0,0.0,218.66000366210938,215.1986541748047
2026-01-20,213.6535174405211,215.26755606095267,211.1045200795966,214.75579833984375,14057100.0,0.0,0.0,218.2100067138672,214.75579833984375
2026-01-21,207.65991685181098,215.2183369488501,207.16783174078773,214.55894470214844,14762900.0,0.0,0.0,218.00999450683594,214.55894470214844
2026-01-22,215.30692327179185,218.65309601347732,214.6475310263463,215.03135681152344,13160000.0,0.0,0.0,218.49000549316406,215.03135681152344
2026-01-23,216.3206133966017,217.70829698551927,214.39163319315116,216.6552276611328,6950600.0,0.0,0.0,220.13999938964844,216.6552276611328
2026-01-26,216.72413475647446,218.51531678098806,216.5174523988691,217.98387145996094,6856700.0,0.0,0.0,221.49000549316406,217.98387145996094
2026-01-27,218.4857986661137,221.9303945910299,217.2063743191241,220.88717651367188,8154100.0,0.0,0.0,224.44000244140625,220.88717651367188
2026-01-28,222.81613770071385,224.95180034983713,222.5012110309432,224.11524963378906,9026500.0,0.0,0.0,227.72000122070312,224.11524963378906
2026-01-29,225.18797472711546,226.3591396349424,223.4853645338204,223.69203186035156,9645300.0,0.0,0.0,227.2899932861328,223.69203186035156
2026-01-30,224.6466859457881,224.88289220157367,221.7630744488117,223.65267944335938,11045500.0,0.0,0.0,227.25,223.65267944335938
2026-02-02,224.70574839064855,227.53031207318796,223.65267906312954,227.09727478027344,8187500.0,0.0,0.0,230.75,227.09727478027344
2026-02-03,227.83538647284493,231.47681297241772,226.83152872934562,229.41006469726562,9346600.0,0.0,0.0,233.10000610351562,229.41006469726562
2026-02-04,231.28000134841176,232.0968644318395,229.2526131010531,230.75839233398438,8641400.0,0.0,0.0,234.47000122070312,230.75839233398438
2026-02-05,231.2799897072634,235.78749088320203,231.27015341178193,234.02581787109375,10267500.0,0.0,0.0,237.7899932861328,234.02581787109375
2026-02-06,235.17731542623193,237.125968199395,234.21281782672844,236.19100952148438,8274000.0,0.0,0.0,239.99000549316406,236.19100952148438
2026-02-09,236.4468956382332,236.92914445281934,233.28770262066075,234.8623809814453,9378500.0,0.0,0.0,238.63999938964844,234.8623809814453
2026-02-10,236.1811678557945,236.69294058079808,234.1144193808212,234.5769805908203,6723300.0,0.0,0.0,238.35000610351562,234.5769805908203
2026-02-11,235.55129826274083,237.4409032943991,233.6420056217357,237.0472412109375,6803900.0,0.0,0.0,240.86000061035156,237.0472412109375
2026-02-12,236.67325295914287,242.45034242715968,235.88591377085012,240.6788330078125,10254300.0,0.0,0.0,244.5500030517578,240.6788330078125
2026-02-13,240.7181753030812,241.0724771605951,238.7695225953774,239.59622192382812,13268500.0,0.0,0.0,243.4499969482422,239.59622192382812
2026-02-17,240.26548861974575,240.6197905114409,238.04125423739714,239.4781494140625,12703000.0,0.0,0.0,243.3300018310547,239.4781494140625
2026-02-18,239.38956433634297,241.1905976005163,238.97621465530662,241.1118621826172,8129700.0,0.0,0.0,244.99000549316406,241.1118621826172
2026-02-19,240.74772181972358,243.05069161850267,240.40327124247082,243.00148010253906,7553900.0,0.0,0.0,246.91000366210938,243.00148010253906
2026-02-20,242.56843677564507,242.97195017239758,236.47642067464778,238.6514434814453,13565800.0,0.0,0.0,242.49000549316406,238.6514434814453
2026-02-23,239.77340219692624,242.90305637560647,238.7597080434106,241.9484100341797,9622700.0,0.0,0.0,245.83999633789062,241.9484100341797
2026-02-24,242.74981566951382,244.62967365472286,241.9483872724562,243.66995239257812,7246300.0,1.3,0.0,246.27999877929688,243.66995239257812
2026-02-25,242.26500406647128,244.62967453289602,241.1370862518812,242.57171630859375,7698200.0,0.0,0.0,245.1699981689453,242.57171630859375
2026-02-26,242.51235889431217,242.8685442682355,239.45510990809925,240.88973999023438,7172600.0,0.0,0.0,243.47000122070312,240.88973999023438
2026-02-27,241.44381655451372,246.3017849576054,239.93003240320007,245.79718017578125,16428600.0,0.0,0.0,248.42999267578125,245.79718017578125
2026-03-02,246.54912469567304,249.04242234613034,244.2537044562187,245.92579650878906,9042400.0,0.0,0.0,248.55999755859375,245.92579650878906
2026-03-03,243.84805926874753,245.25300850282142,241.7703087256774,244.13497924804688,6178700.0,0.0,0.0,246.75,244.13497924804688
2026-03-04,243.14557584386296,243.95689284505667,240.6028050981046,242.70034790039062,5768000.0,0.0,0.0,245.3000030517578,242.70034790039062
2026-03-05,240.0586452528019,240.42471921230697,233.42963885940884,237.09043884277344,9375400.0,0.0,0.0,239.6300048828125,237.09043884277344
2026-03-06,235.596428770922,238.23813062850368,232.93493464369223,237.85226440429688,7179800.0,0.0,0.0,240.39999389648438,237.85226440429688
2026-03-09,238.31730051291373,241.5031767703235,237.4960948841201,240.01907348632812,7844000.0,0.0,0.0,242.58999633789062,240.01907348632812
2026-03-10,239.732151823879,242.40353469704283,238.26784082105456,241.12721252441406,7214100.0,0.0,0.0,243.7100067138672,241.12721252441406
2026-03-11,240.29608691960013,241.10740390076984,238.80209516039704,240.41482543945312,6933200.0,0.0,0.0,242.99000549316406,240.41482543945312
2026-03-12,238.90105930754044,241.8098890629796,237.7533491444783,239.4748992919922,7710200.0,0.0,0.0,242.0399932861328,239.4748992919922
2026-03-13,241.62191298046335,242.9872777226232,238.94062643039297,238.96041870117188,6415300.0,0.0,0.0,241.52000427246094,238.96041870117188
2026-03-16,241.3349760333344,242.46289390576842,239.10882114586636,240.6127166748047,7571500.0,0.0,0.0,243.19000244140625,240.6127166748047
2026-03-17,240.99857884994995,241.55264164150105,234.70598053704475,235.5865478515625,7281800.0,0.0,0.0,238.11000061035156,235.5865478515625
2026-03-18,235.349094010365,236.57595816042422,232.9250616652477,234.76535034179688,6811500.0,0.0,0.0,237.27999877929688,234.76535034179688
2026-03-19,235.81410287893596,236.72435103784144,233.80561773863002,235.0819549560547,7511500.0,0.0,0.0,237.60000610351562,235.0819549560547
2026-03-20,234.32011361954207,235.76463230802105,232.01480479225953,232.87557983398438,17156600.0,0.0,0.0,235.3699951171875,232.87557983398438
2026-03-23,234.88406082839504,235.78442039461373,231.7674501417346,232.925048828125,7313700.0,0.0,0.0,235.4199981689453,232.925048828125
2026-03-24,231.65861261497415,233.49890116874656,229.77875461897233,232.77664184570312,9046200.0,0.0,0.0,235.27000427246094,232.77664184570312
2026-03-25,234.29043431536925,238.90105200048887,233.2317667584392,237.3872528076172,6456400.0,0.0,0.0,239.92999267578125,237.3872528076172
2026-03-26,237.45653008741147,239.0890376929306,236.3978624775069,236.70458984375,5171400.0,0.0,0.0,239.24000549316406,236.70458984375
2026-03-27,238.63391169766768,240.10811126821832,236.59574564385582,237.90174865722656,7617600.0,0.0,0.0,240.4499969482422,237.90174865722656
2026-03-30,240.90953765922094,241.62190842303258,237.96110834902544,239.92013549804688,7241300.0,0.0,0.0,242.49000549316406,239.92013549804688
2026-03-31,240.43461907362286,242.73003938495026,240.0784336838334,241.84947204589844,7554200.0,0.0,0.0,244.44000244140625,241.84947204589844
2026-04-01,242.99717824988343,244.58021265880902,241.1568896154117,241.53285217285156,6314600.0,0.0,0.0,244.1199951171875,241.53285217285156
2026-04-02,242.5123641523277,244.59011472810894,239.30669571751412,240.46429443359375,6878700.0,0.0,0.0,243.0399932861328,240.46429443359375
2026-04-06,240.07843292252966,240.9392230850874,237.95122427449988,238.41624450683594,4442400.0,0.0,0.0,240.97000122070312,238.41624450683594
2026-04-07,238.22825540792763,238.22825540792763,233.50880278778567,235.8833770751953,6241100.0,0.0,0.0,238.41000366210938,235.8833770751953
2026-04-08,234.13213423473948,238.77243293320464,231.42116679227811,238.7427520751953,8771100.0,0.0,0.0,241.3000030517578,238.7427520751953
2026-04-09,238.7427511835681,241.61201149233705,237.9907958579282,238.7526397705078,6216500.0,0.0,0.0,241.30999755859375,238.7526397705078
2026-04-10,239.43532307826192,239.69256220529843,235.38867186110593,235.93284606933594,7354500.0,0.0,0.0,238.4600067138672,235.93284606933594
2026-04-13,235.19079033309842,235.8635765445355,232.68758901903882,235.43814086914062,7663600.0,0.0,0.0,237.9600067138672,235.43814086914062
2026-04-14,232.5193972079424,239.62331259842583,230.77805483364233,237.5554656982422,10318700.0,0.0,0.0,240.10000610351562,237.5554656982422
2026-04-15,237.3971547010872,237.8720635067345,234.24095942154312,236.14060974121094,6463500.0,0.0,0.0,238.6699981689453,236.14060974121094
2026-04-16,234.90385000802988,235.61622074367995,229.6600157416919,232.0543670654297,8668900.0,0.0,0.0,234.5399932861328,232.0543670654297
2026-04-17,231.87629665489436,233.0437839864675,229.58087633934963,231.6981964111328,8946300.0,0.0,0.0,234.17999267578125,231.6981964111328
2026-04-20,232.32152567058696,232.7667536363879,227.09748331847635,228.2451934814453,7810500.0,0.0,0.0,230.69000244140625,228.2451934814453
2026-04-21,226.91939419688882,227.25578731208446,222.31866503864154,223.76319885253906,11681200.0,0.0,0.0,226.16000366210938,223.76319885253906
2026-04-22,223.7829810531976,225.06920692516337,221.40842182578342,223.70384216308594,9003400.0,0.0,0.0,226.10000610351562,223.70384216308594
2026-04-23,224.84163569592187,228.93775994036045,224.6239660179549,228.20559692382812,7097600.0,0.0,0.0,230.64999389648438,228.20559692382812
2026-04-24,226.60278870184794,227.5526214735122,224.61409567930932,225.08900451660156,6067500.0,0.0,0.0,227.5,225.08900451660156
2026-04-27,223.37732454840338,225.49464451628538,221.97237532645164,222.95187377929688,7897800.0,0.0,0.0,225.33999633789062,222.95187377929688
2026-04-28,225.31655381218496,228.58158401963007,223.97096624596244,225.37591552734375,7179800.0,0.0,0.0,227.7899932861328,225.37591552734375
2026-04-29,223.12998968586206,226.28618513799105,222.47698060671547,224.9405975341797,7071100.0,0.0,0.0,227.35000610351562,224.9405975341797
2026-04-30,225.53421985117495,228.71020743451083,225.3957041523519,227.41409301757812,8157200.0,0.0,0.0,229.85000610351562,227.41409301757812
2026-05-01,226.63244949097316,227.33493164601464,224.61407578841013,224.7822723388672,6863600.0,0.0,0.0,227.19000244140625,224.7822723388672
2026-05-04,223.12007375353997,224.66355379145187,221.2105348477109,221.82395935058594,8215200.0,0.0,0.0,224.1999969482422,221.82395935058594
2026-05-05,223.00135999434525,224.12927789209027,222.51654748413543,223.15966796875,5556700.0,0.0,0.0,225.5500030517578,223.15966796875
2026-05-06,222.86284542864004,223.94129020275372,220.58721735046336,222.23951721191406,7982300.0,0.0,0.0,224.6199951171875,222.23951721191406
2026-05-07,222.39780245918467,222.39780245918467,218.29178978986636,220.15185546875,7269700.0,0.0,0.0,222.50999450683594,220.15185546875
2026-05-08,220.5773139289545,221.00274959951292,218.578717393272,218.9744873046875,5550600.0,0.0,0.0,221.32000732421875,218.9744873046875
2026-05-11,218.97449324390374,220.91371302266228,218.034549114472,219.08331298828125,6223200.0,0.0,0.0,221.42999267578125,219.08331298828125
2026-05-12,220.63668996536256,225.2374041432973,219.30099096037276,221.88333129882812,8632500.0,0.0,0.0,224.25999450683594,221.88333129882812
2026-05-13,223.42680175059942,228.35402025227188,223.0508241008666,227.97804260253906,7464500.0,0.0,0.0,230.4199981689453,227.97804260253906
2026-05-14,228.55189657555886,229.3038367743656,226.7314002434507,228.35401916503906,6974400.0,0.0,0.0,230.8000030517578,228.35401916503906
2026-05-15,228.324343449484,229.6798195939985,224.0402302332647,224.307373046875,12167000.0,0.0,0.0,226.7100067138672,224.307373046875
2026-05-18,224.30737192600984,227.26567474324526,223.46637404521803,226.4939422607422,10141600.0,0.0,0.0,228.9199981689453,226.4939422607422
2026-05-19,226.5137209227187,228.40348257147707,225.62324996765844,227.56248474121094,9677900.0,0.0,0.0,230.0,227.56248474121094
2026-05-20,229.2345877493695,229.54130000194294,226.74129009113187,226.88970947265625,7353800.0,0.0,0.0,229.32000732421875,226.88970947265625
2026-05-21,226.88970696918975,229.43246262946704,224.94058353722363,229.27415466308594,5239000.0,0.0,0.0,231.72999572753906,229.27415466308594
2026-05-22,230.53071103197314,233.0042165151488,230.25367962562382,231.85650634765625,5462300.0,0.0,0.0,234.33999633789062,231.85650634765625
2026-05-26,231.85650632452897,232.0953339431715,227.9557463234551,229.0503387451172,6619600.0,1.34,0.0,230.17999267578125,229.0503387451172
2026-05-27,228.85132348090337,231.74704572535882,227.89604337347495,230.15489196777344,5835500.0,0.0,0.0,231.2899932861328,230.15489196777344
2026-05-28,228.90107206919134,230.7320381891827,228.60254135347682,229.66729736328125,7193400.0,0.0,0.0,230.8000030517578,229.66729736328125
2026-05-29,230.09517449736785,230.36385365376995,223.48776262843438,224.22413635253906,13897700.0,0.0,0.0,225.3300018310547,224.22413635253906
2026-06-01,222.10459450044488,223.3385143974124,219.75617610550876,222.41307067871094,8041000.0,0.0,0.0,223.50999450683594,222.41307067871094
2026-06-02,221.48763589098954,224.39330345287865,220.08455216761314,221.79611206054688,5669000.0,0.0,0.0,222.88999938964844,221.79611206054688
2026-06-03,221.35827776443833,223.82610240207563,220.91048926891716,222.1444091796875,6507200.0,0.0,0.0,223.24000549316406,222.1444091796875
2026-06-04,225.97549994238426,227.5477475509985,224.79133771170055,227.05020141601562,7274800.0,0.0,0.0,228.1699981689453,227.05020141601562
2026-06-05,228.87122983792332,234.06561287765282,227.87613753428016,231.6276397705078,8034900.0,0.0,0.0,232.77000427246094,231.6276397705078
2026-06-08,231.62763678757383,233.7969306933057,229.42847614392605,231.0206298828125,7559800.0,0.0,0.0,232.16000366210938,231.0206298828125
2026-06-09,231.23954685180908,236.5433904796373,229.2792138627353,235.8368682861328,8354500.0,0.0,0.0,237.0,235.8368682861328
2026-06-10,237.67779864975017,239.7475772433621,235.886629497679,237.31956481933594,8350800.0,0.0,0.0,238.49000549316406,237.31956481933594
2026-06-11,238.822141602048,240.41429528628944,236.97126939727602,237.16033935546875,7399000.0,0.0,0.0,238.3300018310547,237.16033935546875
2026-06-12,238.82214080935248,239.72767840405794,236.35431627248195,239.6878662109375,6459400.0,0.0,0.0,240.8699951171875,239.6878662109375
2026-06-15,237.8270530309927,238.32459916704082,232.43365473829965,234.50344848632812,7732000.0,0.0,0.0,235.66000366210938,234.50344848632812
2026-06-16,235.20994955683125,235.20994955683125,229.88621514589735,234.02578735351562,7718100.0,0.0,0.0,235.17999267578125,234.02578735351562
2026-06-17,232.88144953454835,234.27457267967245,229.5677903566066,233.0506134033203,8548000.0,0.0,0.0,234.1999969482422,233.0506134033203
2026-06-18,230.64248139608736,231.60772209709037,226.48300306302522,227.2691192626953,18989800.0,0.0,0.0,228.38999938964844,227.2691192626953
2026-06-22,227.8263796240252,230.31411038031268,226.3834988221592,230.15489196777344,8518300.0,0.0,0.0,231.2899932861328,230.15489196777344
2026-06-23,234.48354214543076,238.62312963718077,233.19987979667957,237.9066619873047,11802000.0,0.0,0.0,239.0800018310547,237.9066619873047
2026-06-24,238.71267722908183,241.84721171654783,237.5782726810186,239.81723022460938,8139200.0,0.0,0.0,241.0,239.81723022460938
2026-06-25,240.0859235854152,246.97196048258556,239.70778365238823,243.67820739746094,10130400.0,0.0,0.0,244.8800048828125,243.67820739746094
2026-06-26,247.05156300573913,253.85799051268404,246.6535169859773,253.4102020263672,16316800.0,0.0,0.0,254.66000366210938,253.4102020263672
2026-06-29,251.94740453022743,257.3109358669097,250.7930938975173,257.2413024902344,8608400.0,0.0,0.0,258.510009765625,257.2413024902344
2026-06-30,257.7288999793201,258.62447695588,251.92751017702224,252.7235870361328,8469500.0,0.0,0.0,253.97000122070312,252.7235870361328
2026-07-01,252.00712264580847,252.95245728529045,249.8477741968348,252.73353576660156,6516500.0,0.0,0.0,253.97999572753906,252.73353576660156
2026-07-02,254.52470472933535,261.8087875806335,252.753441667793,261.74908447265625,7998700.0,0.0,0.0,263.0400085449219,261.74908447265625
2026-07-06,258.9528582650781,260.0972082397536,254.67394351620698,258.0572509765625,6803700.0,0.0,0.0,259.3299865722656,258.0572509765625
2026-07-07,263.5899938466549,268.1076906797339,262.75408965465317,265.9284362792969,9089700.0,0.0,0.0,267.239990234375,265.9284362792969
2026-07-08,267.28179179450893,267.28179179450893,261.8386358221884,262.1072998046875,6769400.0,0.0,0.0,263.3999938964844,262.1072998046875
2026-07-09,259.35088953644544,262.1570568783993,256.8631589924022,257.8283996582031,6426100.0,0.0,0.0,259.1000061035156,257.8283996582031
2026-07-10,258.91306402533775,260.01760188497747,254.26598487714244,255.7188262939453,6534700.0,0.0,0.0,256.9800109863281,255.7188262939453
2026-07-13,256.68405301110437,258.2562853735001,254.89286877547602,256.5049133300781,5272200.0,0.0,0.0,257.7699890136719,256.5049133300781
2026-07-14,254.27593479130442,255.13172996253974,250.9025724938729,252.60418701171875,8770600.0,0.0,0.0,253.85000610351562,252.60418701171875
2026-07-15,248.86261881363527,255.5695309055475,244.84245277781295,245.8076934814453,10547300.0,0.0,0.0,247.02000427246094,245.8076934814453
2026-07-16,247.67845384783817,252.30564190006208,245.09122311970796,248.7432098388672,11097600.0,0.0,0.0,249.97000122070312,248.7432098388672
2026-07-17,251.35035299448896,254.40529355359888,250.7134945486414,251.7981414794922,10167700.0,0.0,0.0,253.0399932861328,251.7981414794922
2026-07-20,250.7731932271148,252.93254159418385,247.40979173683036,247.59886169433594,8114700.0,0.0,0.0,248.82000732421875,247.59886169433594
2026-07-21,246.2355858738711,250.10649430212794,244.28521347459443,249.3800811767578,7793100.0,0.0,0.0,250.61000061035156,249.3800811767578
2026-07-22,251.51951735745217,255.03220704893891,249.97713648203677,254.3754425048828,9100200.0,0.0,0.0,255.6300048828125,254.3754425048828
2026-07-23,253.98735319581928,258.9230174724852,253.17137025663587,257.99755859375,8063300.0,0.0,0.0,259.2699890136719,257.99755859375
2026-07-24,260.14696680341433,262.41577598127003,258.33589157019617,262.1072998046875,6351800.0,0.0,0.0,263.3999938964844,262.1072998046875
2026-07-27,261.26146783773044,267.48079463226605,260.0673753138636,264.6448059082031,9647900.0,0.0,0.0,265.95001220703125,264.6448059082031
2026-07-28,268.67490010822394,273.55084592551594,264.87364052953075,265.42095947265625,10491000.0,0.0,0.0,266.7300109863281,265.42095947265625
2026-07-29,267.1822622796963,268.0181361041443,263.49047862976664,264.2268371582031,6105600.0,0.0,0.0,265.5299987792969,264.2268371582031
2026-07-30,257.75875187348953,259.2414296518399,253.31068817063203,254.56451416015625,8216500.0,0.0,0.0,255.82000732421875,254.56451416015625
2026-07-31,254.75357596655473,257.2114550322676,252.04690865509698,255.09190368652344,6782100.0,0.0,0.0,256.3500061035156,255.09190368652344
2026-08-03,253.71867195954576,256.4850271972422,249.67859985775465,253.1614227294922,8136300.0,0.0,0.0,254.41000366210938,253.1614227294922
2026-08-04,253.16142648061836,254.2659795008061,249.21090897857138,253.67886352539062,7362400.0,0.0,0.0,254.92999267578125,253.67886352539062
2026-08-05,253.9972934738065,258.04732616634374,253.2211227437212,256.3258056640625,6472600.0,0.0,0.0,257.5899963378906,256.3258056640625
2026-08-06,260.42559336590404,260.8236242062839,254.02715726257253,255.7188262939453,6931800.0,0.0,0.0,256.9800109863281,255.7188262939453
2026-08-07,254.63416238175625,258.32596141364326,253.86793707628854,257.96771240234375,6532100.0,0.0,0.0,259.239990234375,257.96771240234375
2026-08-10,257.78861210678537,260.71418593564044,257.28110530959395,260.5251159667969,8985100.0,0.0,0.0,261.80999755859375,260.5251159667969
2026-08-11,259.9479684253454,262.85362089025904,257.09202805973007,258.52496337890625,5945900.0,0.0,0.0,259.79998779296875,258.52496337890625
2026-08-12,254.7436088096904,260.1270613743755,254.00723509927005,259.5797424316406,4629300.0,0.0,0.0,260.8599853515625,259.5797424316406
2026-08-13,260.44550421552646,261.3311205223152,258.37569533996134,260.79376220703125,4852700.0,0.0,0.0,262.0799865722656,260.79376220703125
2026-08-14,259.37078114396394,260.42557646804266,257.8881034534354,259.072265625,4998100.0,0.0,0.0,260.3500061035156,259.072265625
2026-08-17,257.5995438259766,262.98299691726805,256.7437790079673,261.0823669433594,5515500.0,0.0,0.0,262.3699951171875,261.0823669433594
2026-08-18,266.3563600087168,270.3964321763198,265.02290964957547,269.7794494628906,7838200.0,0.0,0.0,271.1099853515625,269.7794494628906
2026-08-19,271.6601848020655,275.1131561312948,269.2321572777068,272.06817626953125,7728500.0,0.0,0.0,273.4100036621094,272.06817626953125
2026-08-20,272.05823633214175,272.05823633214175,266.0578308105469,266.0578308105469,6475900.0,0.0,0.0,267.3699951171875,266.0578308105469
2026-08-21,266.51555077860934,271.32186347512464,265.68963755179993,268.9137268066406,6186800.0,0.0,0.0,270.239990234375,268.9137268066406
2026-08-24,268.4161893708204,272.635401405727,267.2519483767422,271.70001220703125,5436100.0,0.0,0.0,273.0400085449219,271.70001220703125
2026-08-25,271.0,273.79998779296875,270.17999267578125,273.1400146484375,4687000.0,1.34,0.0,273.1400146484375,273.1400146484375
2026-08-26,271.9700012207031,272.9100036621094,269.54998779296875,270.0,7214100.0,0.0,0.0,270.0,270.0
2026-08-27,268.45001220703125,268.45001220703125,263.8299865722656,265.7699890136719,7306200.0,0.0,0.0,265.7699890136719,265.7699890136719
2026-08-28,265.7799987792969,268.3800048828125,264.2699890136719,268.0400085449219,5765600.0,0.0,0.0,268.0400085449219,268.0400085449219
2026-08-31,267.1300048828125,267.7699890136719,265.1700134277344,265.8500061035156,7900100.0,0.0,0.0,265.8500061035156,265.8500061035156
2026-09-01,270.8299865722656,271.9100036621094,267.0199890136719,271.19000244140625,6033600.0,0.0,0.0,271.19000244140625,271.19000244140625
2026-09-02,274.739990234375,281.07000732421875,273.5299987792969,275.2099914550781,7910600.0,0.0,0.0,275.2099914550781,275.2099914550781
2026-09-03,277.32000732421875,278.8900146484375,273.1600036621094,278.42999267578125,5940300.0,0.0,0.0,278.42999267578125,278.42999267578125
2026-09-04,275.1300048828125,277.79998779296875,274.75,275.2300109863281,4320100.0,0.0,0.0,275.2300109863281,275.2300109863281
2026-09-08,271.2799987792969,271.989990234375,266.8800048828125,269.1199951171875,8084700.0,0.0,0.0,269.1199951171875,269.1199951171875
2026-09-09,268.510009765625,270.1000061035156,266.7300109863281,267.0799865722656,6124600.0,0.0,0.0,267.0799865722656,267.0799865722656
2026-09-10,270.2099914550781,271.2699890136719,265.7200012207031,266.3500061035156,4929500.0,0.0,0.0,266.3500061035156,266.3500061035156
2026-09-11,268.0299987792969,270.3999938964844,265.25,265.5799865722656,4701200.0,0.0,0.0,265.5799865722656,265.5799865722656
2026-09-14,271.0,271.54998779296875,266.19000244140625,266.32000732421875,4740800.0,0.0,0.0,266.32000732421875,266.32000732421875
2026-09-15,265.80999755859375,267.20001220703125,260.67999267578125,267.20001220703125,5283500.0,0.0,0.0,267.20001220703125,267.20001220703125
2026-09-16,266.80999755859375,268.6499938964844,266.29998779296875,267.2799987792969,4887300.0,0.0,0.0,267.2799987792969,267.2799987792969
2026-09-17,268.0,270.8699951171875,267.1099853515625,270.2200012207031,6568800.0,0.0,0.0,270.2200012207031,270.2200012207031
2026-09-18,269.45001220703125,272.1099853515625,267.20001220703125,269.989990234375,16428400.0,0.0,0.0,269.989990234375,269.989990234375
2026-09-21,271.739990234375,273.7300109863281,268.5,269.4700012207031,4485300.0,0.0,0.0,269.4700012207031,269.4700012207031
2026-09-22,267.510009765625,270.1000061035156,265.0400085449219,269.19000244140625,5680700.0,0.0,0.0,269.19000244140625,269.19000244140625
2026-09-23,269.4700012207031,272.1400146484375,266.5,269.1700134277344,6632700.0,0.0,0.0,269.1700134277344,269.1700134277344
2026-09-24,269.5199890136719,275.2300109863281,269.010009765625,270.67999267578125,6320600.0,0.0,0.0,270.67999267578125,270.67999267578125
2026-09-25,271.70001220703125,272.25,269.260009765625,271.2200012207031,4085700.0,0.0,0.0,271.2200012207031,271.2200012207031
2026-09-28,270.1700134277344,273.7799987792969,269.2699890136719,271.95001220703125,7185600.0,0.0,0.0,271.95001220703125,271.95001220703125
2026-09-29,269.1099853515625,271.8900146484375,265.5899963378906,267.57000732421875,5620500.0,0.0,0.0,267.57000732421875,267.57000732421875
