Date,Open,High,Low,Close,Volume,Dividends,Stock_Splits,Close_unadjusted,Adj_Close
2016-01-04,48.434005069842726,48.51731367492212,47.722072584001076,48.1840705871582,25393200.0,0.44,0.0,63.619998931884766,48.1840705871582
2016-01-05,48.244659495826426,48.57032721983069,47.74479344363919,48.26737976074219,16566700.0,0.0,0.0,63.72999954223633,48.26737976074219
2016-01-06,47.50243491754257,47.81295772827025,47.21463237201612,47.57059860229492,22961500.0,0.0,0.0,62.810001373291016,47.57059860229492
2016-01-07,46.54814635175828,46.957128486813346,45.50297363659381,45.646873474121094,27630900.0,0.0,0.0,60.27000045776367,45.646873474121094
2016-01-08,46.298216856536406,46.40424862471033,44.57140428192866,44.624420166015625,22373300.0,0.0,0.0,58.91999816894531,44.624420166015625
2016-01-11,44.556251525878906,44.851626510738114,43.95792620882393,44.556251525878906,20925500.0,0.0,0.0,58.83000183105469,44.556251525878906
2016-01-12,45.02582672895155,45.10913822362282,44.0033714159162,44.65471267700195,22971600.0,0.0,0.0,58.959999084472656,44.65471267700195
2016-01-13,45.03339868684572,45.20002167433419,43.10209808035634,43.42776870727539,28808100.0,0.0,0.0,57.34000015258789,43.42776870727539
2016-01-14,44.048794518112075,44.97279010311187,43.38988110198223,44.0790901184082,31296300.0,0.0,0.0,58.20000076293945,44.0790901184082
2016-01-15,42.753703736604976,43.60196063424796,42.57950830426793,43.20055389404297,38131700.0,0.0,0.0,57.040000915527344,43.20055389404297
2016-01-19,43.72311986565138,43.90489056093579,42.79912436882104,43.17781066894531,22818900.0,0.0,0.0,57.0099983215332,43.17781066894531
2016-01-20,42.13265776870893,42.54921231091987,41.39800508701882,42.041770935058594,34646100.0,0.0,0.0,55.5099983215332,42.041770935058594
2016-01-21,42.21597413433219,42.80672417559616,41.70096024071531,41.8448600769043,31301100.0,0.0,0.0,55.25,41.8448600769043
2016-01-22,42.74613103577627,43.291440519740895,42.64009927814953,43.13239288330078,22732200.0,0.0,0.0,56.95000076293945,43.13239288330078
2016-01-25,42.77642973677519,43.056656957751265,42.109940640393944,42.1553840637207,21114400.0,0.0,0.0,55.65999984741211,42.1553840637207
2016-01-26,42.29927893052545,43.283866096133316,42.26898620768487,43.23085021972656,17535700.0,0.0,0.0,57.08000183105469,43.23085021972656
2016-01-27,43.23084950553164,44.13212227870553,42.83701522362455,43.20055389404297,20560000.0,0.0,0.0,57.040000915527344,43.20055389404297
2016-01-28,43.56409883941292,43.904917294880434,42.89003727701548,43.382328033447266,15497900.0,0.0,0.0,57.279998779296875,43.382328033447266
2016-01-29,43.798882462995074,45.09398961397614,43.55652044228784,45.06369400024414,26992200.0,0.0,0.0,59.5,45.06369400024414
2016-02-01,44.80618700187876,45.1773010467274,44.2608775120273,44.578975677490234,16807900.0,0.0,0.0,58.86000061035156,44.578975677490234
2016-02-02,43.83675051023399,43.91248665537144,42.98091820226685,43.1929817199707,22448200.0,0.0,0.0,57.029998779296875,43.1929817199707
2016-02-03,43.45047831927557,43.77614886634156,41.670653329713296,43.48077392578125,31543200.0,0.0,0.0,57.40999984741211,43.48077392578125
2016-02-04,43.21569582774077,44.32145949449182,43.21569582774077,44.23057556152344,21651300.0,0.0,0.0,58.400001525878906,44.23057556152344
2016-02-05,44.366902090254285,44.7910290290783,43.48834682749464,43.73828125,22001300.0,0.0,0.0,57.75,43.73828125
2016-02-08,42.93547310976675,43.10966854811861,42.06449591800739,42.821868896484375,28267600.0,0.0,0.0,56.540000915527344,42.821868896484375
2016-02-09,41.875144777971045,42.935465014429845,41.753965239828666,42.564353942871094,26300000.0,0.0,0.0,56.20000076293945,42.564353942871094
2016-02-10,42.84458017725101,43.48077346133455,42.01147123128001,42.049339294433594,22389600.0,0.0,0.0,55.52000045776367,42.049339294433594
2016-02-11,40.82241149949132,40.8299839593128,39.76208799723864,40.193790435791016,44334700.0,0.0,0.0,53.06999969482422,40.193790435791016
2016-02-12,42.147793027268655,43.60194726300232,41.78425157918759,43.541358947753906,37011400.0,0.0,0.0,57.4900016784668,43.541358947753906
2016-02-16,44.10183073745679,44.38205794671833,43.654980538778155,44.19271469116211,23730700.0,0.0,0.0,58.349998474121094,44.19271469116211
2016-02-17,44.57139918873428,44.87434953959779,44.22300830764532,44.51081085205078,21580100.0,0.0,0.0,58.77000045776367,44.51081085205078
2016-02-18,44.56381885377285,44.578966657553636,43.359595900107855,43.78372573852539,17037800.0,0.0,0.0,57.810001373291016,43.78372573852539
2016-02-19,43.54895021272446,44.05638876754213,43.230854919701244,43.79130935668945,15658200.0,0.0,0.0,57.81999969482422,43.79130935668945
2016-02-22,44.31389343244806,44.59412352563053,44.24572974615351,44.359336853027344,14882800.0,0.0,0.0,58.56999969482422,44.359336853027344
2016-02-23,43.85189866510125,43.9957984976639,42.382593168924856,42.5037727355957,31772500.0,0.0,0.0,56.119998931884766,42.5037727355957
2016-02-24,41.806980046957456,42.57192532036674,41.14806650559026,42.5189094543457,25560100.0,0.0,0.0,56.13999938964844,42.5189094543457
2016-02-25,42.51132486091256,43.19295846764795,42.4431612113243,43.17781066894531,14473300.0,0.0,0.0,57.0099983215332,43.17781066894531
2016-02-26,43.654975028605044,44.01094122864795,43.27628856529078,43.57923889160156,20947500.0,0.0,0.0,57.540000915527344,43.57923889160156
2016-02-29,43.48077915933938,43.63225432095204,42.632522299116225,42.64009475708008,19554100.0,0.0,0.0,56.29999923706055,42.64009475708008
2016-03-01,42.988498313636036,44.836490631103516,42.920334615218806,44.836490631103516,23958100.0,0.0,0.0,59.20000076293945,44.836490631103516
2016-03-02,44.83648542612119,45.36664714235983,44.65471462172692,45.26061248779297,20943100.0,0.0,0.0,59.7599983215332,45.26061248779297
2016-03-03,45.124283023171785,45.41208267211914,44.76074145444605,45.41208267211914,15790600.0,0.0,0.0,59.959999084472656,45.41208267211914
2016-03-04,45.5181193871239,45.858937839234095,45.08641697750063,45.48025131225586,18459000.0,0.0,0.0,60.04999923706055,45.48025131225586
2016-03-07,45.093983267343866,45.48024217604325,44.92736030441753,45.39693069458008,12832400.0,0.0,0.0,59.939998626708984,45.39693069458008
2016-03-08,44.84405364001744,45.06369249853201,44.44264688346565,44.51838302612305,14132900.0,0.0,0.0,58.779998779296875,44.51838302612305
2016-03-09,44.79860587139173,45.09398082483615,44.44263970229298,44.775882720947266,13238800.0,0.0,0.0,59.119998931884766,44.775882720947266
2016-03-10,45.131850634888046,45.1924389637366,43.783727815089385,44.389625549316406,21139200.0,0.0,0.0,58.61000061035156,44.389625549316406
2016-03-11,44.98037676526649,45.07126070571232,44.41992242851081,44.942508697509766,21055000.0,0.0,0.0,59.34000015258789,44.942508697509766
2016-03-14,44.79860587139173,44.91978541355221,44.38204848663865,44.775882720947266,13436100.0,0.0,0.0,59.119998931884766,44.775882720947266
2016-03-15,44.33662447242691,44.84406309130576,44.25331296445594,44.836490631103516,10910500.0,0.0,0.0,59.20000076293945,44.836490631103516
2016-03-16,44.66986359058259,45.25304120468817,44.283604593784865,44.624420166015625,17423900.0,0.0,0.0,58.91999816894531,44.624420166015625
2016-03-17,44.51080286355387,44.78345755256708,43.92005296345736,44.49565505981445,19405700.0,0.0,0.0,58.75,44.49565505981445
2016-03-18,45.48024523172721,46.177029850567244,45.18487024243848,45.80591583251953,29570200.0,0.0,0.0,60.47999954223633,45.80591583251953
2016-03-21,45.60900737948011,46.06343006760948,45.41208876258146,45.790775299072266,12684400.0,0.0,0.0,60.459999084472656,45.790775299072266
2016-03-22,45.43480607860503,45.88165624978615,45.15457599743902,45.624149322509766,12042700.0,0.0,0.0,60.2400016784668,45.624149322509766
2016-03-23,45.69988101096463,45.82863301748164,45.33634236479217,45.39693069458008,11658700.0,0.0,0.0,59.939998626708984,45.39693069458008
2016-03-24,44.912203253221946,45.07125083646259,44.58653274135906,45.04853057861328,12921200.0,0.0,0.0,59.47999954223633,45.04853057861328
2016-03-28,45.08641723281434,45.25304023015597,44.82133781808807,44.98796081542969,11159700.0,0.0,0.0,59.400001525878906,44.98796081542969
2016-03-29,44.93492822512225,44.93492822512225,44.32902769248819,44.70771408081055,15933400.0,0.0,0.0,59.029998779296875,44.70771408081055
2016-03-30,45.03340452482393,45.616582167485994,44.97281617825014,45.222747802734375,13307100.0,0.0,0.0,59.709999084472656,45.222747802734375
2016-03-31,45.02582661243593,45.38936531530259,44.7683196700951,44.85163116455078,14904700.0,0.0,0.0,59.220001220703125,44.85163116455078
2016-04-01,44.70016703501754,45.487835863890425,44.35177605310629,45.34393310546875,15417500.0,0.0,0.0,59.869998931884766,45.34393310546875
2016-04-04,45.351555444681956,45.450743714949624,44.98532518970057,45.16844177246094,12305000.0,0.44,0.0,59.20000076293945,45.16844177246094
2016-04-05,44.70301195976221,44.88612849628589,44.41307865632412,44.52752685546875,12886600.0,0.0,0.0,58.36000061035156,44.52752685546875
2016-04-06,44.39019409353525,44.92428088572354,44.214708973773455,44.870872497558594,12167900.0,0.0,0.0,58.810001373291016,44.870872497558594
2016-04-07,44.45123600697722,44.58094418607543,43.543290395446554,43.73403549194336,19226800.0,0.0,0.0,57.31999969482422,43.73403549194336
2016-04-08,44.031590119374414,44.69538504136285,44.01633016490516,44.054481506347656,13547700.0,0.0,0.0,57.7400016784668,44.054481506347656
2016-04-11,44.184180157910255,44.92427183122866,44.184180157910255,44.40544509887695,17627800.0,0.0,0.0,58.20000076293945,44.40544509887695
2016-04-12,44.51226889608391,45.31339759437804,44.40545212438319,45.229469299316406,17779200.0,0.0,0.0,59.279998779296875,45.229469299316406
2016-04-13,46.14504514867034,47.42685220090051,46.06874828792229,47.14455032348633,37516800.0,0.0,0.0,61.790000915527344,47.14455032348633
2016-04-14,47.068252796630375,47.999089676944244,47.00721588722915,47.75493621826172,24249900.0,0.0,0.0,62.59000015258789,47.75493621826172
2016-04-15,47.97619713319755,47.991457086889106,46.885135183829455,47.20558547973633,19290700.0,0.0,0.0,61.869998931884766,47.20558547973633
2016-04-18,47.03010951607217,47.74731292623533,46.9461812097306,47.51078796386719,13813100.0,0.0,0.0,62.27000045776367,47.51078796386719
2016-04-19,47.724413585938244,48.43398544430144,47.724413585938244,48.31190872192383,19255600.0,0.0,0.0,63.31999969482422,48.31190872192383
2016-04-20,48.43399120780763,49.067263370955736,48.18220921130312,49.01385498046875,14594400.0,0.0,0.0,64.23999786376953,49.01385498046875
2016-04-21,49.02911683124285,49.334310122450894,48.327173425679916,48.52554702758789,15395800.0,0.0,0.0,63.599998474121094,48.52554702758789
2016-04-22,48.556064992299284,49.12066877469971,48.556064992299284,48.8078498840332,12444700.0,0.0,0.0,63.970001220703125,48.8078498840332
2016-04-25,48.52554702758789,48.792591885029665,48.18220821315251,48.52554702758789,10687200.0,0.0,0.0,63.599998474121094,48.52554702758789
2016-04-26,48.68578309712855,48.88415673159585,48.31955283389241,48.777339935302734,12048000.0,0.0,0.0,63.93000030517578,48.777339935302734
2016-04-27,48.72391635622369,49.319039984742055,48.52553987302523,48.9146614074707,15284100.0,0.0,0.0,64.11000061035156,48.9146614074707
2016-04-28,48.556066938816485,49.151190655079354,48.334801948217596,48.52554702758789,12852500.0,0.0,0.0,63.599998474121094,48.52554702758789
2016-04-29,48.136416263914136,48.533166278683495,47.83885448047167,48.22034454345703,16376400.0,0.0,0.0,63.20000076293945,48.22034454345703
2016-05-02,48.5942171868533,48.83074214189717,48.17457857867918,48.67051696777344,10247300.0,0.0,0.0,63.790000915527344,48.67051696777344
2016-05-03,47.99147679164853,47.99910531635721,47.152196457245566,47.73206329345703,19120300.0,0.0,0.0,62.560001373291016,47.73206329345703
2016-05-04,47.11403269883916,47.50315136437873,46.7478025105258,46.9766960144043,17030200.0,0.0,0.0,61.56999969482422,46.9766960144043
2016-05-05,46.999581175032354,47.3047744323598,46.5875740613405,46.724910736083984,14033900.0,0.0,0.0,61.2400016784668,46.724910736083984
2016-05-06,46.31291496754219,47.06063547655959,46.22898665041604,46.999595642089844,11057900.0,0.0,0.0,61.599998474121094,46.999595642089844
2016-05-09,46.824091632347425,47.22084166505011,46.57993821384398,46.7020149230957,11197100.0,0.0,0.0,61.209999084472656,46.7020149230957
2016-05-10,46.96144258720458,47.503157967476334,46.8088459265612,47.335304260253906,11897200.0,0.0,0.0,62.040000915527344,47.335304260253906
2016-05-11,47.28188965762461,47.76256514631192,47.159812927246094,47.159812927246094,11254000.0,0.0,0.0,61.810001373291016,47.159812927246094
2016-05-12,47.510773977522135,47.73203891809716,46.82409068281972,47.1292839050293,11071700.0,0.0,0.0,61.77000045776367,47.1292839050293
2016-05-13,47.075887139245694,47.60997395457872,46.557060279840925,46.69439697265625,15122300.0,0.0,0.0,61.20000076293945,46.69439697265625
2016-05-16,46.702022668625894,47.297149271650824,46.5417975068856,47.04536437988281,10951300.0,0.0,0.0,61.65999984741211,47.04536437988281
2016-05-17,46.869879263137896,47.42685452338187,46.65624571415084,47.04536437988281,12180900.0,0.0,0.0,61.65999984741211,47.04536437988281
2016-05-18,47.07589277986072,48.960452449453285,47.068261345712706,48.86126708984375,24007100.0,0.0,0.0,64.04000091552734,48.86126708984375
2016-05-19,48.472142715480494,48.99860104157089,47.99146717062297,48.365325927734375,16076200.0,0.0,0.0,63.38999938964844,48.365325927734375
2016-05-20,48.72393119087823,48.97571613224208,48.35006949596993,48.456886291503906,11862000.0,0.0,0.0,63.5099983215332,48.456886291503906
2016-05-23,48.41110316668847,48.731553512506395,48.189838169506174,48.418731689453125,9347500.0,0.0,0.0,63.459999084472656,48.418731689453125
2016-05-24,48.78495456423805,49.41822663783942,48.68576923052392,49.24274444580078,13839400.0,0.0,0.0,64.54000091552734,49.24274444580078
2016-05-25,49.547935356358884,50.509286203710694,49.532672492769684,49.99045944213867,18935200.0,0.0,0.0,65.5199966430664,49.99045944213867
2016-05-26,50.028606184835276,50.03623761592892,49.52504233310552,49.61659622192383,9428400.0,0.0,0.0,65.02999877929688,49.61659622192383
2016-05-27,49.753953522888104,49.944698631849214,49.63187968011395,49.921810150146484,10116000.0,0.0,0.0,65.43000030517578,49.921810150146484
2016-05-31,50.150700660261045,50.219366097223876,49.563202534548,49.79972457885742,15139400.0,0.0,0.0,65.2699966430664,49.79972457885742
2016-06-01,49.41061382578315,50.29566808954525,49.02912361426461,50.12018585205078,14031000.0,0.0,0.0,65.69000244140625,50.12018585205078
2016-06-02,49.99048116623799,50.211746215820305,49.715813534117245,50.21174621582031,10637600.0,0.0,0.0,65.80999755859375,50.21174621582031
2016-06-03,49.02148796151405,49.48690644520067,48.487401129241874,49.31904983520508,20261700.0,0.0,0.0,64.63999938964844,49.31904983520508
2016-06-06,49.31905081534614,50.173590928179934,49.28853090191512,49.80735778808594,13193500.0,0.0,0.0,65.27999877929688,49.80735778808594
2016-06-07,49.93705769729264,50.15832268012234,49.62423880506972,49.639495849609375,9924100.0,0.0,0.0,65.05999755859375,49.639495849609375
2016-06-08,49.54031232068042,49.95995382435122,49.53268088759244,49.78446578979492,9428000.0,0.0,0.0,65.25,49.78446578979492
2016-06-09,49.43348926775207,49.51741755783421,49.03673629262251,49.40296936035156,10817800.0,0.0,0.0,64.75,49.40296936035156
2016-06-10,48.777336106001584,48.88415289390896,48.51029413623312,48.70866775512695,16678400.0,0.0,0.0,63.84000015258789,48.70866775512695
2016-06-13,48.433986906499314,49.09014749000149,48.2661303167106,48.27376174926758,14314900.0,0.0,0.0,63.27000045776367,48.27376174926758
2016-06-14,47.823608887191504,48.42636406620804,47.06062853214446,47.365821838378906,19509300.0,0.0,0.0,62.08000183105469,47.365821838378906
2016-06-15,47.617597316866494,48.052495826804595,47.23610719161984,47.28188705444336,16982100.0,0.0,0.0,61.970001220703125,47.28188705444336
2016-06-16,46.88514197175624,47.5336740895781,46.46550337136922,47.47263717651367,16791200.0,0.0,0.0,62.220001220703125,47.47263717651367
2016-06-17,47.53366968349025,47.84649147411357,47.25136780183963,47.518409729003906,15751500.0,0.0,0.0,62.279998779296875,47.518409729003906
2016-06-20,48.41111369696641,48.71630415310035,47.56420486945984,47.587093353271484,12213200.0,0.0,0.0,62.369998931884766,47.587093353271484
2016-06-21,47.861760688284456,48.0677657478973,47.41160213073178,48.02961730957031,11611600.0,0.0,0.0,62.95000076293945,48.02961730957031
2016-06-22,48.02961314487755,48.60947692456929,47.8236081031276,47.84649658203125,12643500.0,0.0,0.0,62.709999084472656,47.84649658203125
2016-06-23,48.601851600587295,48.94519335943479,48.47214342033859,48.868896484375,16583600.0,0.0,0.0,64.05000305175781,48.868896484375
2016-06-24,46.1450486689564,47.075885575894816,45.275251583703934,45.47362518310547,44108700.0,0.0,0.0,59.599998474121094,45.47362518310547
2016-06-27,44.794572728797014,44.8250926393361,43.528025546813495,43.95529556274414,37300700.0,0.0,0.0,57.61000061035156,43.95529556274414
2016-06-28,45.160797531385235,45.435470872362906,44.45122570403908,45.41258239746094,29088700.0,0.0,0.0,59.52000045776367,45.41258239746094
2016-06-29,46.053493376364415,46.70202549535088,45.77881999073377,46.69439697265625,21483000.0,0.0,0.0,61.20000076293945,46.69439697265625
2016-06-30,47.02247950998313,47.449746640735114,46.557061033523404,47.411598205566406,21343600.0,0.0,0.0,62.13999938964844,47.411598205566406
2016-07-01,47.411592055530875,47.68071279695403,47.02713217738573,47.10402297973633,14217800.0,0.48,0.0,61.2599983215332,47.10402297973633
2016-07-05,46.48120211379935,46.59653832293163,45.44315863243138,45.7891731262207,23357700.0,0.0,0.0,59.54999923706055,45.7891731262207
2016-07-06,45.37396616195697,46.358185718626814,45.18173616936011,46.28129196166992,20429800.0,0.0,0.0,60.189998626708984,46.28129196166992
2016-07-07,46.53502144553338,47.01175084694178,46.25820987916853,46.58115768432617,13771400.0,0.0,0.0,60.58000183105469,46.58115768432617
2016-07-08,47.157860289928934,47.8037502094404,47.157860289928934,47.542320251464844,16998800.0,0.0,0.0,61.83000183105469,47.542320251464844
2016-07-11,47.99597816092214,48.40350769749349,47.7806815301878,47.88064193725586,13151400.0,0.0,0.0,62.27000045776367,47.88064193725586
2016-07-12,48.46500052900978,48.87252990384359,48.35735225636534,48.59571838378906,16588100.0,0.0,0.0,63.20000076293945,48.59571838378906
2016-07-13,48.50347129788745,48.7725921040235,48.16514464652008,48.56498336791992,18526900.0,0.0,0.0,63.15999984741211,48.56498336791992
2016-07-14,49.77985754201947,49.96440248569015,49.249306961542885,49.303131103515625,28985900.0,0.0,0.0,64.12000274658203,49.303131103515625
2016-07-15,49.787553890474086,49.82600222459115,48.91098584341263,49.34926986694336,17607100.0,0.0,0.0,64.18000030517578,49.34926986694336
2016-07-18,49.3108182430519,49.51842984720582,49.13396999725297,49.18010330200195,10824400.0,0.0,0.0,63.959999084472656,49.18010330200195
2016-07-19,48.910999531108644,49.2877686720474,48.79566036287203,49.10322952270508,9737400.0,0.0,0.0,63.86000061035156,49.10322952270508
2016-07-20,49.29545308227463,49.38772557810305,48.98788396257292,49.157047271728516,10411100.0,0.0,0.0,63.93000030517578,49.157047271728516
2016-07-21,49.21086603572327,49.34927183110444,48.92636653774918,48.97249984741211,9808700.0,0.0,0.0,63.689998626708984,48.97249984741211
2016-07-22,49.133982238703794,49.280073028937174,48.903303924703195,49.24163055419922,8195700.0,0.0,0.0,64.04000091552734,49.24163055419922
2016-07-25,49.19547869474474,49.341572371818344,48.96480338713538,49.110897064208984,8168300.0,0.0,0.0,63.869998931884766,49.110897064208984
2016-07-26,49.19547391311477,49.41077338806005,48.98786527648648,49.31081008911133,8067800.0,0.0,0.0,64.12999725341797,49.31081008911133
2016-07-27,49.27238110769681,49.74142264468696,49.25699942685547,49.4646110534668,11806800.0,0.0,0.0,64.33000183105469,49.4646110534668
2016-07-28,49.21087468451382,49.35697134597936,48.99557804639202,49.28776550292969,10013400.0,0.0,0.0,64.0999984741211,49.28776550292969
2016-07-29,49.05707585853295,49.43384779895314,49.01863046049722,49.18779373168945,13210400.0,0.0,0.0,63.970001220703125,49.18779373168945
2016-08-01,49.326195315541455,49.44921940551315,48.91097801240347,49.057071685791016,11422600.0,0.0,0.0,63.79999923706055,49.057071685791016
2016-08-02,48.89560570365069,49.218553515219504,48.73413326446428,48.941741943359375,13550000.0,0.0,0.0,63.650001525878906,48.941741943359375
2016-08-03,48.972508523269106,49.7260496909532,48.94175395577747,49.71836471557617,13122300.0,0.0,0.0,64.66000366210938,49.71836471557617
2016-08-04,49.58763626734826,49.84138120932308,49.418472972698375,49.64146041870117,9873000.0,0.0,0.0,64.55999755859375,49.64146041870117
2016-08-05,50.08742059522743,51.03319425272711,50.03359645968782,50.9793701171875,20752700.0,0.0,0.0,66.30000305175781,50.9793701171875
2016-08-08,50.802533014096376,51.12547793527481,50.6256788717028,50.825599670410156,11359200.0,0.0,0.0,66.0999984741211,50.825599670410156
2016-08-09,50.88711740313237,50.96400821711347,50.510348308149844,50.64875411987305,10097000.0,0.0,0.0,65.87000274658203,50.64875411987305
2016-08-10,50.6871879688818,50.80252710342421,50.102813188946534,50.1950798034668,11556100.0,0.0,0.0,65.27999877929688,50.1950798034668
2016-08-11,50.187395631462174,50.51034642436725,49.995165670482116,50.333492279052734,9604500.0,0.0,0.0,65.45999908447266,50.333492279052734
2016-08-12,49.95672455749748,50.24891199423648,49.872142903053266,50.22584533691406,7685400.0,0.0,0.0,65.31999969482422,50.22584533691406
2016-08-15,50.41039055363323,50.61800222740946,50.33349973113577,50.53342056274414,8371600.0,0.0,0.0,65.72000122070312,50.53342056274414
2016-08-16,50.256590347028535,50.71794097801323,50.16431787427497,50.52571105957031,10128900.0,0.0,0.0,65.70999908447266,50.52571105957031
2016-08-17,50.594919761747036,50.73332554556281,50.39499899259273,50.664119720458984,11868100.0,0.0,0.0,65.88999938964844,50.664119720458984
2016-08-18,50.45651561263309,50.74101216285521,50.38730978528711,50.71025466918945,9313600.0,0.0,0.0,65.94999694824219,50.71025466918945
2016-08-19,50.533411569870076,50.679508213091644,50.148951659407146,50.64105987548828,9084900.0,0.0,0.0,65.86000061035156,50.64105987548828
2016-08-22,50.55647659039823,50.65643405198366,50.29504667560905,50.59492492675781,9055600.0,0.0,0.0,65.80000305175781,50.59492492675781
2016-08-23,50.80252426449491,51.010130001956234,50.56416103511493,50.57184600830078,8949600.0,0.0,0.0,65.7699966430664,50.57184600830078
2016-08-24,50.74101216285521,50.92555712484976,50.57184888088958,50.71025466918945,10167200.0,0.0,0.0,65.94999694824219,50.71025466918945
2016-08-25,50.67950427009531,50.8563525299691,50.58723178686188,50.802528381347656,9978700.0,0.0,0.0,66.06999969482422,50.802528381347656
2016-08-26,51.002439751205465,51.42534202194518,50.63335575276481,50.9178581237793,14038600.0,0.0,0.0,66.22000122070312,50.9178581237793
2016-08-29,51.12548075909102,51.594522351353675,51.1024141015032,51.479183197021484,14583100.0,0.0,0.0,66.94999694824219,51.479183197021484
2016-08-30,51.47918369877152,51.97898279482033,51.47918369877152,51.90209197998047,13791200.0,0.0,0.0,67.5,51.90209197998047
2016-08-31,51.871334480765896,52.10969776668741,51.40998372533359,51.90209197998047,14952300.0,0.0,0.0,67.5,51.90209197998047
2016-09-01,52.00973963066643,52.07125462831097,51.24851060059271,51.67910385131836,12226500.0,0.0,0.0,67.20999908447266,51.67910385131836
2016-09-02,51.825186337864196,51.96359211153507,51.50224148809598,51.894386291503906,13720700.0,0.0,0.0,67.48999786376953,51.894386291503906
2016-09-06,51.90208270924043,51.9405310429893,51.29463540763931,51.85594940185547,16649400.0,0.0,0.0,67.44000244140625,51.85594940185547
2016-09-07,51.640655517578125,51.97128539301438,51.48686804091806,51.640655517578125,10070400.0,0.0,0.0,67.16000366210938,51.640655517578125
2016-09-08,51.68677984568945,52.04048218095561,51.51761658395533,51.70984649658203,12253000.0,0.0,0.0,67.25,51.70984649658203
2016-09-09,51.540680534563684,51.84824955193073,51.240802355888356,51.24849319458008,19686900.0,0.0,0.0,66.6500015258789,51.24849319458008
2016-09-12,50.85635781894636,51.74830765045415,50.56417039124182,51.56376266479492,16453000.0,0.0,0.0,67.05999755859375,51.56376266479492
2016-09-13,50.83328982439649,51.40997969001915,50.61030237238861,51.15623474121094,18876100.0,0.0,0.0,66.52999877929688,51.15623474121094
2016-09-14,50.956307281239,51.70985118831838,50.910173975268066,51.056270599365234,12648600.0,0.0,0.0,66.4000015258789,51.056270599365234
2016-09-15,50.971693456431474,51.46380165149747,50.81790597897809,51.240814208984375,12531300.0,0.0,0.0,66.63999938964844,51.240814208984375
2016-09-16,50.81791540089286,50.948636247562696,50.31812213908415,50.61030960083008,25161500.0,0.0,0.0,65.81999969482422,50.61030960083008
2016-09-19,50.86405222313586,51.24082132906321,50.633373908098484,50.89480972290039,13466900.0,0.0,0.0,66.19000244140625,50.89480972290039
2016-09-20,51.32540447213853,51.40229529057841,50.93325367178372,51.1024169921875,10092200.0,0.0,0.0,66.45999908447266,51.1024169921875
2016-09-21,51.39460372924805,51.61759120607706,50.987077117468345,51.39460372924805,14116800.0,0.0,0.0,66.83999633789062,51.39460372924805
2016-09-22,51.509950957573864,51.840586803784646,51.39461178026419,51.81752014160156,12781700.0,0.0,0.0,67.38999938964844,51.81752014160156
2016-09-23,51.817494778341675,52.20964544268973,51.65602235570221,51.70984649658203,13967400.0,0.0,0.0,67.25,51.70984649658203
2016-09-26,51.210042626731024,51.363830061880854,50.39498975280477,50.57952880859375,16408100.0,0.0,0.0,65.77999877929688,50.57952880859375
2016-09-27,50.29505259375861,51.06397248028804,50.064374281242515,51.0255241394043,13711400.0,0.0,0.0,66.36000061035156,51.0255241394043
2016-09-28,51.194689738986334,51.34078053480275,50.74102393515263,51.294647216796875,11278000.0,0.0,0.0,66.70999908447266,51.294647216796875
2016-09-29,51.28695760069109,51.67910841229324,50.24891685599701,50.47959518432617,18727200.0,0.0,0.0,65.6500015258789,50.47959518432617
2016-09-30,50.81022857806703,51.56376679752858,50.81022857806703,51.20237350463867,21680100.0,0.0,0.0,66.58999633789062,51.20237350463867
2016-10-03,51.01782010124921,51.45610408854502,50.94862014523012,51.14085006713867,14901700.0,0.0,0.0,66.51000213623047,51.14085006713867
2016-10-04,51.28027437240726,52.03154954877095,51.195077852879095,51.582332611083984,17226900.0,0.48,0.0,66.5999984741211,51.582332611083984
2016-10-05,51.80693429387093,52.72085563988382,51.73723128286283,52.426544189453125,16280000.0,0.0,0.0,67.69000244140625,52.426544189453125
2016-10-06,52.45750623621898,52.64338677381504,51.9308397888337,52.56593704223633,17485000.0,0.0,0.0,67.87000274658203,52.56593704223633
2016-10-07,52.50401108555412,52.80606938325169,52.20195278785655,52.751853942871094,18497000.0,0.0,0.0,68.11000061035156,52.751853942871094
2016-10-10,52.92997162008407,53.48761935523785,52.84478101908258,53.16232681274414,13027500.0,0.0,0.0,68.63999938964844,53.16232681274414
2016-10-11,53.05388166541726,53.30172437990154,52.61241164558473,52.90672302246094,15657100.0,0.0,0.0,68.30999755859375,52.90672302246094
2016-10-12,52.86800489867487,53.12358846919813,52.70535865960122,52.76731491088867,11899800.0,0.0,0.0,68.12999725341797,52.76731491088867
2016-10-13,52.24840168731582,52.56595336715407,51.75271616042874,52.46526336669922,17890000.0,0.0,0.0,67.73999786376953,52.46526336669922
2016-10-14,53.28624539622711,53.46437923683916,52.124481376620736,52.29486846923828,24163800.0,0.0,0.0,67.5199966430664,52.29486846923828
2016-10-17,52.2174310934338,52.50400174678229,51.69076437668231,52.0238037109375,14963400.0,0.0,0.0,67.16999816894531,52.0238037109375
2016-10-18,52.550469448740905,52.82929334706456,52.31037338981058,52.43429183959961,11870300.0,0.0,0.0,67.69999694824219,52.43429183959961
2016-10-19,52.51947407461725,53.05388738589255,52.51947407461725,52.93770980834961,12705800.0,0.0,0.0,68.3499984741211,52.93770980834961
2016-10-20,52.72861096497146,53.19331550772422,52.620180101963776,52.86802291870117,14122000.0,0.0,0.0,68.26000213623047,52.86802291870117
2016-10-21,52.51947977199295,53.07712747746372,52.43428326648838,53.046146392822266,12175700.0,0.0,0.0,68.48999786376953,53.046146392822266
2016-10-24,53.41791530535739,53.47987747673503,53.05389493481116,53.3404655456543,10197100.0,0.0,0.0,68.87000274658203,53.3404655456543
2016-10-25,53.34820351242127,53.38693134470622,52.96094882572213,53.28624725341797,9945100.0,0.0,0.0,68.80000305175781,53.28624725341797
2016-10-26,52.953205315927704,53.63477140289154,52.953205315927704,53.54182815551758,9801300.0,0.0,0.0,69.12999725341797,53.54182815551758
2016-10-27,53.82066142060112,54.03752312677446,53.51860319999707,53.619293212890625,14210700.0,0.0,0.0,69.2300033569336,53.619293212890625
2016-10-28,53.85163298636043,53.86712648208369,53.03065498414557,53.52634048461914,12766500.0,0.0,0.0,69.11000061035156,53.52634048461914
2016-10-31,53.77418990402903,53.89036750021298,53.619290381809094,53.64252471923828,14336300.0,0.0,0.0,69.26000213623047,53.64252471923828
2016-11-01,53.812928329476534,54.04527765853274,52.92224112882984,53.41792678833008,15564500.0,0.0,0.0,68.97000122070312,53.41792678833008
2016-11-02,53.17007544565383,53.324974973557396,52.67438986551656,53.19330978393555,12449800.0,0.0,0.0,68.68000030517578,53.19330978393555
2016-11-03,53.3327275685557,53.588317135746586,52.83704193408548,52.960960388183594,10369700.0,0.0,0.0,68.37999725341797,52.960960388183594
2016-11-04,53.04615107646255,53.10036650211255,52.387819219558786,52.48076248168945,13571300.0,0.0,0.0,67.76000213623047,52.48076248168945
2016-11-07,53.50310347682809,54.19241627614055,53.44114131510547,54.12270736694336,16515100.0,0.0,0.0,69.87999725341797,54.12270736694336
2016-11-08,53.983294491414334,54.6416321071198,53.62702093144118,54.23888397216797,17531700.0,0.0,0.0,70.02999877929688,54.23888397216797
2016-11-09,55.346449666416966,57.42988216898161,55.238018806190574,56.73282241821289,50948400.0,0.0,0.0,73.25,56.73282241821289
2016-11-10,57.48408802843842,59.8308505411097,57.48408802843842,59.366146087646484,56192300.0,0.0,0.0,76.6500015258789,59.366146087646484
2016-11-11,59.09508604023371,59.42037866065114,58.68459098032857,59.39714431762695,27574300.0,0.0,0.0,76.69000244140625,59.39714431762695
2016-11-14,59.83084877851488,62.3015355574776,59.83084877851488,61.581241607666016,46130700.0,0.0,0.0,79.51000213623047,61.581241607666016
2016-11-15,60.698313670443184,61.50380428644268,60.24134997747404,61.4650764465332,28126300.0,0.0,0.0,79.36000061035156,61.4650764465332
2016-11-16,60.582115024014634,60.68279910016482,59.54426954700359,59.947017669677734,26054900.0,0.0,0.0,77.4000015258789,59.947017669677734
2016-11-17,60.3575125725219,60.76800157367114,60.10192307439744,60.427215576171875,19306700.0,0.0,0.0,78.0199966430664,60.427215576171875
2016-11-18,60.38074586021604,60.737019438225964,60.0632001118095,60.18711853027344,19770000.0,0.0,0.0,77.70999908447266,60.18711853027344
2016-11-21,60.41171925784224,60.543384407286744,59.861818419836,60.45044708251953,11983500.0,0.0,0.0,78.05000305175781,60.45044708251953
2016-11-22,60.682807925744704,60.84545418427457,60.225850234023305,60.82221984863281,14410100.0,0.0,0.0,78.52999877929688,60.82221984863281
2016-11-23,61.08555512822927,61.37211980860278,60.326533358214036,61.07780838012695,13373700.0,0.0,0.0,78.86000061035156,61.07780838012695
2016-11-25,61.26368798216847,61.53476507099806,60.77574922227521,61.05457305908203,6185700.0,0.0,0.0,78.83000183105469,61.05457305908203
2016-11-28,60.55114557194431,61.08555895275138,60.427221230698336,60.659576416015625,13007200.0,0.0,0.0,78.31999969482422,60.659576416015625
2016-11-29,60.713771049720336,61.310146396952106,60.713771049720336,61.12425994873047,14144100.0,0.0,0.0,78.91999816894531,61.12425994873047
2016-11-30,61.89876849919567,62.37121954310962,61.728375544467916,62.0923957824707,25351900.0,0.0,0.0,80.16999816894531,62.0923957824707
2016-12-01,62.464193266341304,63.72664164246979,62.464193266341304,63.34713363647461,23823600.0,0.0,0.0,81.79000091552734,63.34713363647461
2016-12-02,63.35485273725374,63.37808706700613,62.65779329950184,63.199947357177734,16931500.0,0.0,0.0,81.5999984741211,63.199947357177734
2016-12-05,63.74212085380855,64.50888344357084,63.73437410590141,64.48564910888672,18529800.0,0.0,0.0,83.26000213623047,64.48564910888672
2016-12-06,64.74900139043481,64.91164769738086,63.84282657643291,64.81871032714844,16130000.0,0.0,0.0,83.69000244140625,64.81871032714844
2016-12-07,64.7102718762662,65.12850181140297,64.16811167424393,65.1130142211914,18996900.0,0.0,0.0,84.06999969482422,65.1130142211914
2016-12-08,65.23691105504237,66.22053511703886,65.01230268298796,65.92622375488281,20844900.0,0.0,0.0,85.12000274658203,65.92622375488281
2016-12-09,65.84879392703765,66.22056108044866,65.16722770632897,66.21281433105469,14567200.0,0.0,0.0,85.48999786376953,66.21281433105469
2016-12-12,66.1121455048692,66.44518489732056,65.283420399333,65.62420654296875,14511300.0,0.0,0.0,84.7300033569336,65.62420654296875
2016-12-13,65.81777756938705,66.35218476245659,64.91934429101086,65.64738464355469,16669000.0,0.0,0.0,84.76000213623047,65.64738464355469
2016-12-14,64.96586860021061,66.70077450504738,64.87293122215709,65.62420654296875,22622600.0,0.0,0.0,84.7300033569336,65.62420654296875
2016-12-15,66.14309892180337,66.98731126739281,65.7558442511945,66.60780334472656,19438900.0,0.0,0.0,86.0,66.60780334472656
2016-12-16,66.83240579345507,66.83240579345507,65.74809163079107,65.78681945800781,23008500.0,0.0,0.0,84.94000244140625,65.78681945800781
2016-12-19,65.67842000058259,66.17410569870445,65.20596864627275,66.1663589477539,21685100.0,0.0,0.0,85.43000030517578,66.1663589477539
2016-12-20,66.44514487669298,67.02602677581532,66.25926432350397,67.01828002929688,14587300.0,0.0,0.0,86.52999877929688,67.01828002929688
2016-12-21,66.9408322123808,67.23514358912962,66.63102734215042,67.18867492675781,11400500.0,0.0,0.0,86.75,67.18867492675781
2016-12-22,66.94858469550609,67.51397316626226,66.77044495942316,67.29711151123047,13924200.0,0.0,0.0,86.88999938964844,67.29711151123047
2016-12-23,67.38230793865424,67.4984855134593,66.9176035484709,67.42103576660156,10759400.0,0.0,0.0,87.05000305175781,67.42103576660156
2016-12-27,67.42106069280358,67.50625721855613,67.18870545728953,67.48301696777344,6946400.0,0.0,0.0,87.12999725341797,67.48301696777344
2016-12-28,67.506227452063,67.68436126624277,66.87887095642004,66.99504852294922,9455600.0,0.0,0.0,86.5,66.99504852294922
2016-12-29,67.05701922470867,67.12672222808652,65.8642741471549,66.5226058959961,14689000.0,0.0,0.0,85.88999938964844,66.5226058959961
2016-12-30,66.68526927708676,66.93311209004979,66.34448910241181,66.83242797851562,13617800.0,0.0,0.0,86.29000091552734,66.83242797851562
2017-01-03,67.64565355614154,67.97095202096116,66.59232612442636,67.56046295166016,20550700.0,0.0,0.0,87.2300033569336,67.56046295166016
2017-01-04,67.7239718671725,67.89530761508539,67.2878488301075,67.6850357055664,15266600.0,0.48,0.0,86.91000366210938,67.6850357055664
2017-01-05,67.6071733204349,67.84081413240659,66.40004496986832,67.06201934814453,14300800.0,0.0,0.0,86.11000061035156,67.06201934814453
2017-01-06,67.28008093735022,67.45920635209364,66.92962566112386,67.06980895996094,12893300.0,0.0,0.0,86.12000274658203,67.06980895996094
2017-01-09,66.76607611345946,67.5760174196593,66.60252398825989,67.11653137207031,12806600.0,0.0,0.0,86.18000030517578,67.11653137207031
2017-01-10,67.03087452012188,67.6772756911009,66.75829750276125,67.31124114990234,13989000.0,0.0,0.0,86.43000030517578,67.31124114990234
2017-01-11,67.31124882205224,67.81746673583984,66.90627805606256,67.81746673583984,14713100.0,0.0,0.0,87.08000183105469,67.81746673583984
2017-01-12,67.56825338487754,67.96543454225784,66.99194082797142,67.16327667236328,21337400.0,0.0,0.0,86.23999786376953,67.16327667236328
2017-01-13,67.84081598548467,68.66633657799716,67.05423156820922,67.5215072631836,28296000.0,0.0,0.0,86.69999694824219,67.5215072631836
2017-01-17,66.14304062204832,66.36889182029667,64.8580280521614,65.06830596923828,30024600.0,0.0,0.0,83.55000305175781,65.06830596923828
2017-01-18,65.13058655409452,65.59786804089875,64.66331100902124,65.37201690673828,21270100.0,0.0,0.0,83.94000244140625,65.37201690673828
2017-01-19,65.4654835415233,65.94054880534814,64.73342053079128,64.87360382080078,16555600.0,0.0,0.0,83.30000305175781,64.87360382080078
2017-01-20,64.97486455261866,65.28638372881133,64.86583373221134,65.16177368164062,18436800.0,0.0,0.0,83.66999816894531,65.16177368164062
2017-01-23,64.87359888388643,65.41875278036339,64.80350427334977,65.19290161132812,12179200.0,0.0,0.0,83.70999908447266,65.19290161132812
2017-01-24,65.35646912534992,66.19756907609762,65.07610247510068,65.97950744628906,15175300.0,0.0,0.0,84.72000122070312,65.97950744628906
2017-01-25,66.85175240713315,67.10875615415952,66.32996124200709,66.99972534179688,17551000.0,0.0,0.0,86.02999877929688,66.99972534179688
2017-01-26,66.93739436923659,67.71618897942773,66.93739436923659,67.56043243408203,15962800.0,0.0,0.0,86.75,67.56043243408203
2017-01-27,67.4903810297,67.73959520487223,67.18664549765344,67.70065307617188,12535400.0,0.0,0.0,86.93000030517578,67.70065307617188
2017-01-30,67.12433537977341,67.36575990118591,66.44678166717668,66.99972534179688,13661900.0,0.0,0.0,86.02999877929688,66.99972534179688
2017-01-31,66.664825120093,67.09316458171153,65.48884345961197,65.90939331054688,15655100.0,0.0,0.0,84.62999725341797,65.90939331054688
2017-02-01,66.61810712865089,67.05423031021388,65.94834313311759,66.15861511230469,15430900.0,0.0,0.0,84.94999694824219,66.15861511230469
2017-02-02,65.68357424012066,66.12749314009,65.54339682969025,65.8782730102539,11081400.0,0.0,0.0,84.58999633789062,65.8782730102539
2017-02-03,67.12434221733162,67.99658880508339,66.87512805772622,67.89534759521484,17885200.0,0.0,0.0,87.18000030517578,67.89534759521484
2017-02-06,67.5916137721193,68.10561534446417,67.4514304448009,67.57603454589844,11828400.0,0.0,0.0,86.7699966430664,67.57603454589844
2017-02-07,67.86415588009137,68.06664412459321,67.35015457233233,67.53706359863281,9392800.0,0.0,0.0,86.72000122070312,67.53706359863281
2017-02-08,67.11653386003681,67.21777504163164,66.4857119944602,66.94519805908203,13970900.0,0.0,0.0,85.95999908447266,66.94519805908203
2017-02-09,66.94520004594186,68.01215105699639,66.94520004594186,67.91090393066406,13749100.0,0.0,0.0,87.19999694824219,67.91090393066406
2017-02-10,68.12895862906088,68.12895862906088,67.66946669563988,67.75513458251953,10992500.0,0.0,0.0,87.0,67.75513458251953
2017-02-13,68.0978359928819,69.11026591730824,68.09004637927734,68.6507797241211,18739100.0,0.0,0.0,88.1500015258789,68.6507797241211
2017-02-14,68.76759353245647,69.85790166262636,68.6196205969047,69.74887084960938,17932100.0,0.0,0.0,89.55999755859375,69.74887084960938
2017-02-15,70.15385945240246,70.76910825422995,69.58533645216818,70.55104064941406,17381800.0,0.0,0.0,90.58999633789062,70.55104064941406
2017-02-16,70.40307701507403,70.90150539514569,69.91243230781897,70.50431823730469,17672700.0,0.0,0.0,90.52999877929688,70.50431823730469
2017-02-17,69.95135926153529,70.45757714632472,69.85011806127088,70.27066802978516,15776600.0,0.0,0.0,90.2300033569336,70.27066802978516
2017-02-21,70.488723000329,70.98715122519422,70.44978088143233,70.87812042236328,14068300.0,0.0,0.0,91.01000213623047,70.87812042236328
2017-02-22,70.49651089802762,71.1039759038834,70.41863259729745,70.91706085205078,11839000.0,0.0,0.0,91.05999755859375,70.91706085205078
2017-02-23,71.01049209461102,71.1350961413125,70.49648480492283,70.97154998779297,11067000.0,0.0,0.0,91.12999725341797,70.97154998779297
2017-02-24,70.23169799202758,70.51206452626572,69.88124279509557,70.34851837158203,15062300.0,0.0,0.0,90.33000183105469,70.34851837158203
2017-02-27,70.34073896569976,70.66004765335323,70.10709817269809,70.42640686035156,12361000.0,0.0,0.0,90.43000030517578,70.42640686035156
2017-02-28,69.97472640514843,70.73015847174896,69.77223805059691,70.57440185546875,15183500.0,0.0,0.0,90.62000274658203,70.57440185546875
2017-03-01,72.26437309544703,73.19114084587048,72.12418978817064,72.89519500732422,24451400.0,0.0,0.0,93.5999984741211,72.89519500732422
2017-03-02,73.10548127808661,73.14441745904568,71.6724955356113,71.75816345214844,16862500.0,0.0,0.0,92.13999938964844,71.75816345214844
2017-03-03,71.75815594565988,72.51358788969911,71.75815594565988,72.27216339111328,12817500.0,0.0,0.0,92.80000305175781,72.27216339111328
2017-03-06,71.84384921138852,71.89836463165729,70.94823364262851,71.58684539794922,15059200.0,0.0,0.0,91.91999816894531,71.58684539794922
2017-03-07,71.36874806029515,71.7192033095411,71.0338660911732,71.18962860107422,11156800.0,0.0,0.0,91.41000366210938,71.18962860107422
2017-03-08,72.17871159519552,72.3111053022263,70.9482142267443,71.03388214111328,17378400.0,0.0,0.0,91.20999908447266,71.03388214111328
2017-03-09,71.3376023952443,71.75815229968389,70.98714711241104,71.31423950195312,13726200.0,0.0,0.0,91.56999969482422,71.31423950195312
2017-03-10,71.61020066817684,71.64914279639045,70.50431315103147,71.08840942382812,13729900.0,0.0,0.0,91.27999877929688,71.08840942382812
2017-03-13,71.1117613079948,71.47779586625506,70.81582138131358,71.15070343017578,10004300.0,0.0,0.0,91.36000061035156,71.15070343017578
2017-03-14,70.8859033422427,71.37654789152032,70.69120463328696,71.26751708984375,10237700.0,0.0,0.0,91.51000213623047,71.26751708984375
2017-03-15,71.49336580176136,72.07746190817531,70.97156876431458,71.43885040283203,16601400.0,0.0,0.0,91.7300033569336,71.43885040283203
2017-03-16,71.67248866963294,72.27994769835195,71.31424375376618,71.36875915527344,14492000.0,0.0,0.0,91.63999938964844,71.36875915527344
2017-03-17,71.51674734875357,71.68029358819862,70.59776899729971,70.62113189697266,21734700.0,0.0,0.0,90.68000030517578,70.62113189697266
2017-03-20,70.30181542978679,71.00273205227262,69.92799719228351,70.11490631103516,14623600.0,0.0,0.0,90.02999877929688,70.11490631103516
2017-03-21,70.37189750828199,70.58995909821148,67.80187233158101,68.05887603759766,33089200.0,0.0,0.0,87.38999938964844,68.05887603759766
2017-03-22,67.66950224031778,68.5884806481388,66.98416472702584,68.16793060302734,21741000.0,0.0,0.0,87.52999877929688,68.16793060302734
2017-03-23,67.91869273810973,68.92333872748438,67.82523522454022,68.05887603759766,16090100.0,0.0,0.0,87.38999938964844,68.05887603759766
2017-03-24,68.37038488435236,68.6040197206278,67.57601099251312,67.98098754882812,16093200.0,0.0,0.0,87.29000091552734,67.98098754882812
2017-03-27,66.61033135126505,68.06668005178386,66.37669643050415,67.94207000732422,16689300.0,0.0,0.0,87.23999786376953,67.94207000732422
2017-03-28,67.77072344653881,69.32831310548852,67.73957688208488,69.001220703125,16264400.0,0.0,0.0,88.5999984741211,69.001220703125
2017-03-29,69.00121298052963,69.17254877451553,68.59624232888943,68.74420928955078,10207600.0,0.0,0.0,88.2699966430664,68.74420928955078
2017-03-30,68.68970418768824,69.67098737372186,68.62740511468498,69.33610534667969,11631000.0,0.0,0.0,89.02999877929688,69.33610534667969
2017-03-31,69.08690129929691,69.11026419779508,68.33925883868521,68.40934753417969,16987600.0,0.0,0.0,87.83999633789062,68.40934753417969
2017-04-03,68.52616794947745,68.66635128216181,67.4436434133115,68.1601333618164,19831800.0,0.0,0.0,87.5199966430664,68.1601333618164
2017-04-04,68.05828867013639,68.66923794458265,67.92513428485908,68.38726043701172,14280800.0,0.5,0.0,87.30999755859375,68.38726043701172
2017-04-05,69.25670548055852,69.35069999592834,67.46301714939784,67.51001739501953,17635500.0,0.0,0.0,86.19000244140625,67.51001739501953
2017-04-06,67.34550974634324,68.07395057177928,66.7737204201072,67.73714447021484,14379600.0,0.0,0.0,86.4800033569336,67.73714447021484
2017-04-07,67.3063645846736,67.99563975937058,67.13404429703098,67.50218200683594,13097100.0,0.0,0.0,86.18000030517578,67.50218200683594
2017-04-10,67.42386182090493,67.90165684864823,66.8912381494472,67.26720428466797,15081600.0,0.0,0.0,85.87999725341797,67.26720428466797
2017-04-11,67.00089607141518,67.19671351166042,66.421278121534,67.14971923828125,14690500.0,0.0,0.0,85.7300033569336,67.14971923828125
2017-04-12,67.30635199396089,67.32201475541957,66.6014082108726,66.89122009277344,14730600.0,0.0,0.0,85.4000015258789,66.89122009277344
2017-04-13,66.96957449041476,68.13664493402028,66.10797882080078,66.10797882080078,30529800.0,0.0,0.0,84.4000015258789,66.10797882080078
2017-04-17,66.13929952815164,67.423861438642,66.08447088474806,67.25154113769531,19071700.0,0.0,0.0,85.86000061035156,67.25154113769531
2017-04-18,66.85989861186056,67.07137879053775,66.37426927166439,66.7032470703125,14127000.0,0.0,0.0,85.16000366210938,66.7032470703125
2017-04-19,66.9695695913974,67.29854148149616,66.0766424749154,66.15496826171875,17588500.0,0.0,0.0,84.45999908447266,66.15496826171875
2017-04-20,66.562256940148,67.18886906948187,66.22545075437705,67.00872039794922,15635800.0,0.0,0.0,85.55000305175781,67.00872039794922
2017-04-21,66.96954926362167,67.11053802742211,66.19411405065567,66.20194244384766,19820600.0,0.0,0.0,84.5199966430664,66.20194244384766
2017-04-24,67.79196824553821,68.96687233314982,67.6901394000543,68.53607177734375,25468300.0,0.0,0.0,87.5,68.53607177734375
2017-04-25,69.35851942574226,69.81281121248732,69.1313705444336,69.1313705444336,18253800.0,0.0,0.0,88.26000213623047,69.1313705444336
2017-04-26,69.20187861412404,69.75017100402302,69.03739268991646,69.26454162597656,12832200.0,0.0,0.0,88.43000030517578,69.26454162597656
2017-04-27,69.21753232012215,69.21753232012215,68.15228525350898,68.62224578857422,13329000.0,0.0,0.0,87.61000061035156,68.62224578857422
2017-04-28,68.61440015517593,68.81021751062785,68.10527383582667,68.14443969726562,10755600.0,0.0,0.0,87.0,68.14443969726562
2017-05-01,68.42641999417718,68.72406023544717,67.79980204049419,68.19143676757812,15712300.0,0.0,0.0,87.05999755859375,68.19143676757812
2017-05-02,67.91730113296616,68.05045552062869,67.3768432377952,67.75281524658203,14414200.0,0.0,0.0,86.5,67.75281524658203
2017-05-03,67.40816452848757,68.2227654442721,67.3768330345107,68.14443969726562,11540500.0,0.0,0.0,87.0,68.14443969726562
2017-05-04,68.68490279277772,68.71623428916413,67.80763882157379,68.22277069091797,11540100.0,0.0,0.0,87.0999984741211,68.22277069091797
2017-05-05,68.34025705271755,68.41074843226194,67.69014199840805,68.14443969726562,9436000.0,0.0,0.0,87.0,68.14443969726562
2017-05-08,68.1757764342743,68.3950909331073,67.87030181434662,68.22277069091797,8162200.0,0.0,0.0,87.0999984741211,68.22277069091797
2017-05-09,68.34809274332576,68.8023844751065,67.75280629798382,67.94862365722656,10273900.0,0.0,0.0,86.75,67.94862365722656
2017-05-10,67.7763259140676,68.52043571161873,67.7293316445349,68.48126983642578,8334900.0,0.0,0.0,87.43000030517578,68.48126983642578
2017-05-11,68.2149560329899,68.52043671705555,67.63533812204525,68.26979064941406,10907400.0,0.0,0.0,87.16000366210938,68.26979064941406
2017-05-12,67.89384213431289,68.18365417835142,67.62752723354426,68.08182525634766,8738800.0,0.0,0.0,86.91999816894531,68.08182525634766
2017-05-15,68.22276834678594,68.52824295621751,68.03478535079843,68.41075134277344,8835600.0,0.0,0.0,87.33999633789062,68.41075134277344
2017-05-16,68.42642840097433,68.99821182627744,68.41075966347778,68.62224578857422,9795000.0,0.0,0.0,87.61000061035156,68.62224578857422
2017-05-17,68.62224203718598,68.62224203718598,65.77114150766322,66.00611877441406,24679700.0,0.0,0.0,84.2699966430664,66.00611877441406
2017-05-18,65.84945050725283,66.42123973167323,65.29333001548535,65.76329040527344,23350100.0,0.0,0.0,83.95999908447266,65.76329040527344
2017-05-19,65.9591380297091,66.84423060329553,65.91214376190533,66.40560150146484,13412900.0,0.0,0.0,84.77999877929688,66.40560150146484
2017-05-22,66.7189133700431,66.80507351522276,65.95914080393528,66.34294128417969,11636000.0,0.0,0.0,84.69999694824219,66.34294128417969
2017-05-23,66.3821060855896,67.41602183514438,66.19412303363605,67.17321014404297,11753000.0,0.0,0.0,85.76000213623047,67.17321014404297
2017-05-24,67.26719523850873,67.33769261430331,66.76590314171266,67.13404083251953,9833800.0,0.0,0.0,85.70999908447266,67.13404083251953
2017-05-25,67.35336584412698,67.42386323087636,66.64059346093367,66.8520736694336,12238500.0,0.0,0.0,85.3499984741211,66.8520736694336
2017-05-26,66.66408400510248,67.0165529763694,66.593586625325,66.85990142822266,8113500.0,0.0,0.0,85.36000061035156,66.85990142822266
2017-05-30,66.67974216121769,66.69541090047358,65.62232934462303,65.71632385253906,12603200.0,0.0,0.0,83.9000015258789,65.71632385253906
2017-05-31,65.58317921944926,65.65367062898395,63.94614232394707,64.34561157226562,28327900.0,0.0,0.0,82.1500015258789,64.34561157226562
2017-06-01,64.58840434809332,65.0740336051607,63.95395794479142,65.05836486816406,17123500.0,0.0,0.0,83.05999755859375,65.05836486816406
2017-06-02,64.45528025539001,65.00356679050844,64.21246850067683,64.72942352294922,14998500.0,0.0,0.0,82.63999938964844,64.72942352294922
2017-06-05,64.72940928657816,65.41085609538598,64.68241501558236,64.8469009399414,9080200.0,0.0,0.0,82.79000091552734,64.8469009399414
2017-06-06,64.45526747232131,65.18370856786801,64.32994144579231,64.98005676269531,12196800.0,0.0,0.0,82.95999908447266,64.98005676269531
2017-06-07,65.25418509489249,65.88080313289167,65.08969920448901,65.72415161132812,13711100.0,0.0,0.0,83.91000366210938,65.72415161132812
2017-06-08,65.72416211090791,67.14971269801205,65.70849337072495,66.53875732421875,17951000.0,0.0,0.0,84.94999694824219,66.53875732421875
2017-06-09,66.97739004970039,68.18362603870018,66.88339553953706,68.11312866210938,19120200.0,0.0,0.0,86.95999908447266,68.11312866210938
2017-06-12,68.11312307073776,68.72407239696378,68.05829443827831,68.12879180908203,16053400.0,0.0,0.0,86.9800033569336,68.12879180908203
2017-06-13,68.57526230076012,68.81023961727064,68.12879882592945,68.35594177246094,12557200.0,0.0,0.0,87.2699966430664,68.35594177246094
2017-06-14,67.96430451398606,68.38727083968159,67.22020074107381,68.21495056152344,16175700.0,0.0,0.0,87.08999633789062,68.21495056152344
2017-06-15,67.5570320817936,68.20714756386327,67.5491977091767,67.80767822265625,12509700.0,0.0,0.0,86.56999969482422,67.80767822265625
2017-06-16,68.02697126402137,68.11313140784267,67.37685598823278,67.50218200683594,16936600.0,0.0,0.0,86.18000030517578,67.50218200683594
2017-06-19,68.12097130129739,69.10789286226084,68.02697677972384,68.9825668334961,15972300.0,0.0,0.0,88.06999969482422,68.9825668334961
2017-06-20,68.73192776204448,68.86508219928241,68.4342873771818,68.55177307128906,11197800.0,0.0,0.0,87.5199966430664,68.55177307128906
2017-06-21,68.52042662824275,68.57525526072041,67.95647156511662,68.23844909667969,10005900.0,0.0,0.0,87.12000274658203,68.23844909667969
2017-06-22,68.0896190857969,68.42642521582577,67.87030457803337,68.16011047363281,12180600.0,0.0,0.0,87.0199966430664,68.16011047363281
2017-06-23,68.66141573635979,68.92772453090116,67.83898026922151,68.03479766845703,18812000.0,0.0,0.0,86.86000061035156,68.03479766845703
2017-06-26,68.15230978115586,68.66926476301519,67.84683502463112,68.33245849609375,10082400.0,0.0,0.0,87.23999786376953,68.33245849609375
2017-06-27,68.70059646474151,69.6640209905312,68.5361105166066,68.96691131591797,15415200.0,0.0,0.0,88.05000305175781,68.96691131591797
2017-06-28,69.39768166715146,70.54908887394139,69.39768166715146,70.353271484375,17466200.0,0.0,0.0,89.81999969482422,70.353271484375
2017-06-29,72.32712940418654,72.56994710222448,70.7370926896161,71.3950424194336,27697800.0,0.0,0.0,91.1500015258789,71.3950424194336
2017-06-30,72.02947226786911,72.06080376922134,71.40286016844307,71.5908432006836,16892700.0,0.0,0.0,91.4000015258789,71.5908432006836
2017-07-03,72.11063945304974,73.62279377331659,71.99250756054263,73.04785919189453,13208100.0,0.5,0.0,92.75,73.04785919189453
2017-07-05,73.33926980154145,73.86694565022609,72.9376033156613,73.78031158447266,17535400.0,0.0,0.0,93.68000030517578,73.78031158447266
2017-07-06,73.67003695372946,74.43398847259779,73.15023265929607,73.54402160644531,16596100.0,0.0,0.0,93.37999725341797,73.54402160644531
2017-07-07,74.00083389651809,74.16622456829226,73.42590527683792,73.91419982910156,12817800.0,0.0,0.0,93.8499984741211,73.91419982910156
2017-07-10,73.6385641363614,73.78032845740152,73.31565417948029,73.39441680908203,13987200.0,0.0,0.0,93.19000244140625,73.39441680908203
2017-07-11,73.50465170796417,73.50465170796417,72.67769245480281,73.1108627319336,13262300.0,0.0,0.0,92.83000183105469,73.1108627319336
2017-07-12,72.93762808955707,73.11089627991598,72.51233507924312,72.85887145996094,13540100.0,0.0,0.0,92.51000213623047,72.85887145996094
2017-07-13,73.00059777114491,73.54402243841349,72.72494069802809,73.32350158691406,12820100.0,0.0,0.0,93.0999984741211,73.32350158691406
2017-07-14,71.51996129979871,72.93760420324857,71.3388217119235,72.6540756225586,22235200.0,0.0,0.0,92.25,72.6540756225586
2017-07-17,72.31541968189536,72.4493065145385,71.86650041281712,71.97676086425781,14374200.0,0.0,0.0,91.38999938964844,71.97676086425781
2017-07-18,71.23642332275091,72.1263902537047,71.13404035218457,71.72472381591797,14719400.0,0.0,0.0,91.06999969482422,71.72472381591797
2017-07-19,71.93738601064967,72.1579129420607,71.66961232133873,71.8271255493164,11651200.0,0.0,0.0,91.19999694824219,71.8271255493164
2017-07-20,71.78775024669423,72.23666955604953,71.59085570734989,71.8271255493164,11561700.0,0.0,0.0,91.19999694824219,71.8271255493164
2017-07-21,71.71684885047479,71.95312464769027,71.29155602073281,71.58296203613281,10971300.0,0.0,0.0,90.88999938964844,71.58296203613281
2017-07-24,71.63810433390942,72.09490108088792,71.59872903356282,71.89012908935547,10725100.0,0.0,0.0,91.27999877929688,71.89012908935547
2017-07-25,72.74858333998498,73.65429324938479,72.66982073156466,73.08724212646484,16447700.0,0.0,0.0,92.80000305175781,73.08724212646484
2017-07-26,73.32350330040754,73.3943884378989,72.20514409381555,72.40203857421875,11815500.0,0.0,0.0,91.93000030517578,72.40203857421875
2017-07-27,72.32330412729546,72.50444373983069,71.79562820035264,72.102783203125,12332400.0,0.0,0.0,91.55000305175781,72.102783203125
2017-07-28,72.0240159262734,72.26029176332963,71.59872903356282,71.89012908935547,9351900.0,0.0,0.0,91.27999877929688,71.89012908935547
2017-07-31,72.07127660825296,72.74071681932165,72.06339914447729,72.29967498779297,11520300.0,0.0,0.0,91.80000305175781,72.29967498779297
2017-08-01,72.84308637715156,73.35501327074515,72.67769572083544,73.26837921142578,12523700.0,0.0,0.0,93.02999877929688,73.26837921142578
2017-08-02,73.14237333732711,73.41014698160252,72.85884476765698,73.33139038085938,10165600.0,0.0,0.0,93.11000061035156,73.33139038085938
2017-08-03,73.00847296304372,73.3471317191174,72.64618783006256,72.85095977783203,11078800.0,0.0,0.0,92.5,72.85095977783203
2017-08-04,73.63854913945713,74.34737060030226,73.61492275888625,73.76456451416016,14324000.0,0.0,0.0,93.66000366210938,73.76456451416016
2017-08-07,73.94570508698159,74.1819809133176,73.80394079292874,74.04808807373047,7978300.0,0.0,0.0,94.0199966430664,74.04808807373047
2017-08-08,73.9929550130306,74.99318249627711,73.71730389869859,73.78031158447266,13745400.0,0.0,0.0,93.68000030517578,73.78031158447266
2017-08-09,73.22902127839727,73.7803235968201,73.11088335052249,73.66218566894531,11214400.0,0.0,0.0,93.52999877929688,73.66218566894531
2017-08-10,73.16600651079432,73.29989334536461,72.51231524731246,72.60682678222656,13252300.0,0.0,0.0,92.19000244140625,72.60682678222656
2017-08-11,72.55957652268323,72.98486946657368,71.85863241388547,72.00039672851562,10679500.0,0.0,0.0,91.41999816894531,72.00039672851562
2017-08-14,72.74858834944772,73.1660037643477,72.7170845056589,72.84309387207031,10994800.0,0.0,0.0,92.48999786376953,72.84309387207031
2017-08-15,73.48887977321385,73.68577421565305,72.96908156971992,73.03208923339844,8812700.0,0.0,0.0,92.7300033569336,73.03208923339844
2017-08-16,73.27627909413005,73.42592088033005,72.36268546495421,72.528076171875,11085400.0,0.0,0.0,92.08999633789062,72.528076171875
2017-08-17,72.2681712548076,72.42568447810228,71.27582112356698,71.39395904541016,13837500.0,0.0,0.0,90.6500015258789,71.39395904541016
2017-08-18,71.12617729247398,72.09490101299934,71.03167176473579,71.46483612060547,13040700.0,0.0,0.0,90.73999786376953,71.46483612060547
2017-08-21,71.55147249712702,71.62235765395694,71.00804766890448,71.37820434570312,11502100.0,0.0,0.0,90.62999725341797,71.37820434570312
2017-08-22,71.72471475559396,72.22876410027511,71.66958454629267,72.11062622070312,9211800.0,0.0,0.0,91.55999755859375,72.11062622070312
2017-08-23,71.56721446455818,72.72494906817758,71.54358207739827,72.19727325439453,8811300.0,0.0,0.0,91.66999816894531,72.19727325439453
2017-08-24,72.40204959066327,72.55169134133634,71.99251165295749,72.07913970947266,8623200.0,0.0,0.0,91.5199966430664,72.07913970947266
2017-08-25,72.36266697087413,72.83521859415552,72.29966529534764,72.37054443359375,11794600.0,0.0,0.0,91.88999938964844,72.37054443359375
2017-08-28,72.58317566125,72.60680203473964,71.77196544940624,72.14212799072266,7292900.0,0.0,0.0,91.5999984741211,72.14212799072266
2017-08-29,71.23644031712597,71.91375799782261,71.12617985829111,71.74836730957031,10886100.0,0.0,0.0,91.0999984741211,71.74836730957031
2017-08-30,71.86649693470622,72.3626689421762,71.81924417458822,71.91374969482422,9165300.0,0.0,0.0,91.30999755859375,71.91374969482422
2017-08-31,72.30753233477036,72.33903617498197,71.51208290221405,71.58296203613281,13217400.0,0.0,0.0,90.88999938964844,71.58296203613281
2017-09-01,71.86650897032123,72.7407212313721,71.63023311267436,72.22091674804688,9815800.0,0.0,0.0,91.69999694824219,72.22091674804688
2017-09-05,71.6853552298095,71.75624038257686,70.11019904713191,70.4961166381836,16897300.0,0.0,0.0,89.51000213623047,70.4961166381836
2017-09-06,70.88202438121131,71.29156232267778,70.59849580298697,70.96865844726562,11845700.0,0.0,0.0,90.11000061035156,70.96865844726562
2017-09-07,70.96866379317878,70.9844127114915,69.36988119532434,69.72428894042969,14592300.0,0.0,0.0,88.52999877929688,69.72428894042969
2017-09-08,69.55103070999165,70.42524301520032,69.49590047492195,69.63766479492188,14242200.0,0.0,0.0,88.41999816894531,69.63766479492188
2017-09-11,70.40159662796482,71.07891418566899,70.05506038669945,70.71662902832031,13219000.0,0.0,0.0,89.79000091552734,70.71662902832031
2017-09-12,71.01590492981016,71.86649058929413,70.96077471162565,71.58296203613281,14003800.0,0.0,0.0,90.88999938964844,71.58296203613281
2017-09-13,71.36244973392702,72.06339373877405,71.13405137151989,71.7877426147461,12485400.0,0.0,0.0,91.1500015258789,71.7877426147461
2017-09-14,71.82714337940982,72.08704567796016,71.46485805813326,71.64600372314453,10562800.0,0.0,0.0,90.97000122070312,71.64600372314453
2017-09-15,71.73261269597974,72.22878472134694,71.48058795168697,72.15790557861328,18171800.0,0.0,0.0,91.62000274658203,72.15790557861328
2017-09-18,72.40204688705342,73.35501556057085,72.33903920399192,73.18174743652344,11318700.0,0.0,0.0,92.91999816894531,73.18174743652344
2017-09-19,73.01637593956617,74.31588120225805,72.86673415520467,73.98509979248047,12626100.0,0.0,0.0,93.94000244140625,73.98509979248047
2017-09-20,74.11109378494054,75.04831359333004,73.80393882414367,74.5048828125,15311600.0,0.0,0.0,94.5999984741211,74.5048828125
2017-09-21,74.3946474918433,75.11134664825947,74.18200398898931,74.84356689453125,10851500.0,0.0,0.0,95.02999877929688,74.84356689453125
2017-09-22,74.58363853530344,74.80416543547663,74.37099510678024,74.68602752685547,8358300.0,0.0,0.0,94.83000183105469,74.68602752685547
2017-09-25,74.43399360333122,74.72539359871267,73.59915689188466,74.12683868408203,10463400.0,0.0,0.0,94.12000274658203,74.12683868408203
2017-09-26,73.85905870307388,74.05595318927689,73.51252248455887,73.79605102539062,9358100.0,0.0,0.0,93.69999694824219,73.79605102539062
2017-09-27,74.79629449766351,75.38697808355587,74.489139513699,74.96168518066406,15090200.0,0.0,0.0,95.18000030517578,74.96168518066406
2017-09-28,75.28456941175784,75.51296772634002,74.7490222022111,75.11917877197266,10270400.0,0.0,0.0,95.37999725341797,75.11917877197266
2017-09-29,75.05622028800978,75.22948248027059,74.8356932993445,75.22161102294922,11438400.0,0.0,0.0,95.51000213623047,75.22161102294922
2017-10-02,75.42634992400657,76.30056207172412,75.18220264250228,76.26905822753906,13797200.0,0.0,0.0,96.83999633789062,76.26905822753906
2017-10-03,76.2611774253126,76.73372301267817,76.21391866045583,76.67071533203125,9633500.0,0.0,0.0,97.3499984741211,76.67071533203125
2017-10-04,76.6313470217261,76.74160746853485,75.82801404212672,75.89102172851562,12166600.0,0.0,0.0,96.36000061035156,75.89102172851562
2017-10-05,76.04945802929173,77.15851383432582,75.69297861232658,76.91293334960938,14236200.0,0.56,0.0,97.08999633789062,76.91293334960938
2017-10-06,77.27732232581118,77.34861577320991,76.42176469382835,76.77824401855469,10231900.0,0.0,0.0,96.91999816894531,76.77824401855469
2017-10-09,76.80995636780128,76.8970968603891,76.16036745097192,76.37425994873047,7765100.0,0.0,0.0,96.41000366210938,76.37425994873047
2017-10-10,76.41385785467875,76.98422973376019,76.2395768867519,76.94461822509766,10631500.0,0.0,0.0,97.12999725341797,76.94461822509766
2017-10-11,76.70696443063093,76.84955739505855,76.1603570596805,76.71488189697266,14283600.0,0.0,0.0,96.83999633789062,76.71488189697266
2017-10-12,77.0793122287553,77.23774621369729,75.74844620608759,76.04154968261719,18251600.0,0.0,0.0,95.98999786376953,76.04154968261719
2017-10-13,75.63755632492217,76.61193701040833,75.22561821155166,75.93858337402344,13190600.0,0.0,0.0,95.86000061035156,75.93858337402344
2017-10-16,76.31881465035616,77.59422821522107,76.31881465035616,77.50708770751953,12434000.0,0.0,0.0,97.83999633789062,77.50708770751953
2017-10-17,77.68928126812445,77.77642176352427,77.0951448234175,77.33280181884766,10335700.0,0.0,0.0,97.62000274658203,77.33280181884766
2017-10-18,77.7526751952164,78.06954924754184,77.34073711403238,77.62592315673828,10158600.0,0.0,0.0,97.98999786376953,77.62592315673828
2017-10-19,76.99214910817547,77.79224835414092,76.91292609510636,77.72095489501953,9133900.0,0.0,0.0,98.11000061035156,77.72095489501953
2017-10-20,78.64779738266766,79.13102869809993,78.21210107856534,78.83000183105469,15326600.0,0.0,0.0,99.51000213623047,78.83000183105469
2017-10-23,78.83002616947688,79.21027011431511,78.6161336621204,78.69535064697266,9238600.0,0.0,0.0,99.33999633789062,78.69535064697266
2017-10-24,79.12312111634428,80.16088345117143,79.02806316228259,79.94699096679688,13000800.0,0.0,0.0,100.91999816894531,79.94699096679688
2017-10-25,80.20845733365567,80.36689137503784,79.36874603536188,80.02625274658203,14632700.0,0.0,0.0,101.0199966430664,80.02625274658203
2017-10-26,80.28762246424691,81.13525672994294,80.26385797778575,80.59657287597656,13054400.0,0.0,0.0,101.73999786376953,80.59657287597656
2017-10-27,80.35099192738613,80.98473971956075,80.04996505022996,80.62033081054688,10400400.0,0.0,0.0,101.7699966430664,80.62033081054688
2017-10-30,80.11334332073599,80.74709117877762,79.90738040415982,80.33515930175781,8839500.0,0.0,0.0,101.41000366210938,80.33515930175781
2017-10-31,80.30348359794027,80.56489903882449,79.66973564287966,79.70142364501953,8690200.0,0.0,0.0,100.61000061035156,79.70142364501953
2017-11-01,80.08958394175728,80.56489184366934,79.79648052490991,79.94699096679688,8418200.0,0.0,0.0,100.91999816894531,79.94699096679688
2017-11-02,79.90739439547718,80.6203533057746,79.34494594382086,80.4777603149414,8731800.0,0.0,0.0,101.58999633789062,80.4777603149414
2017-11-03,80.08957883373624,80.43021724975681,79.79647543558266,80.33515930175781,7103500.0,0.0,0.0,101.41000366210938,80.33515930175781
2017-11-06,80.27974070041009,80.55700930361891,79.74106261019304,79.83612060546875,8121500.0,0.0,0.0,100.77999877929688,79.83612060546875
2017-11-07,79.66182145030722,79.81233796711209,77.83188293070732,78.22797393798828,18822600.0,0.0,0.0,98.75,78.22797393798828
2017-11-08,77.84771286445309,77.92693588976218,76.96047300212678,77.34864044189453,18524700.0,0.0,0.0,97.63999938964844,77.34864044189453
2017-11-09,76.93670510038338,77.80810394532735,76.69112461177819,77.34071350097656,13697800.0,0.0,0.0,97.62999725341797,77.34071350097656
2017-11-10,77.48328685993864,77.90314217613039,77.23771247738117,77.24563598632812,9314000.0,0.0,0.0,97.51000213623047,77.24563598632812
2017-11-13,76.59606735878518,77.67343519132406,76.54061486933985,77.52291870117188,9303100.0,0.0,0.0,97.86000061035156,77.52291870117188
2017-11-14,77.11097158686556,77.45953350420581,76.72280420683403,77.0555191040039,11043800.0,0.0,0.0,97.2699966430664,77.0555191040039
2017-11-15,76.35840262885459,78.2200286357057,76.00984070550858,77.78433227539062,15384100.0,0.0,0.0,98.19000244140625,77.78433227539062
2017-11-16,78.0536706358591,78.47352601664836,77.87938967541058,78.00614166259766,9808000.0,0.0,0.0,98.47000122070312,78.00614166259766
2017-11-17,77.49119971415129,77.95858997589401,77.29315432477308,77.74469757080078,9017900.0,0.0,0.0,98.13999938964844,77.74469757080078
2017-11-20,77.99030348179085,78.54483442278449,77.44370209572939,78.43392944335938,9483200.0,0.0,0.0,99.01000213623047,78.43392944335938
2017-11-21,78.82208013709929,78.86169164014204,78.3546958293022,78.37053680419922,13389400.0,0.0,0.0,98.93000030517578,78.37053680419922
2017-11-22,78.44977382661847,78.8379412714542,78.10121185108609,78.14082336425781,7342200.0,0.0,0.0,98.63999938964844,78.14082336425781
2017-11-24,78.29134358844593,78.34679608320492,77.83980011858867,77.8873291015625,3680000.0,0.0,0.0,98.31999969482422,77.8873291015625
2017-11-27,77.87938841010791,78.52897722421935,77.57836151123047,77.57836151123047,13076200.0,0.0,0.0,97.93000030517578,77.57836151123047
2017-11-28,77.80015143734879,80.56486343051102,77.61002955240865,80.29552459716797,16773000.0,0.0,0.0,101.36000061035156,80.29552459716797
2017-11-29,81.1273396922933,82.56118679245297,80.77085426189069,82.17301940917969,21105500.0,0.0,0.0,103.7300033569336,82.17301940917969
2017-11-30,82.97315493768745,84.49414922674708,82.4186298620048,82.79887390136719,23945900.0,0.0,0.0,104.5199966430664,82.79887390136719
2017-12-01,83.09988921779593,83.43260419208907,80.9609942890499,83.01274871826172,19683500.0,0.0,0.0,104.79000091552734,83.01274871826172
2017-12-04,85.34175335536375,85.87251374430785,84.58125346079957,84.72384643554688,23576600.0,0.0,0.0,106.94999694824219,84.72384643554688
2017-12-05,83.63854572858321,85.08823969690667,82.48196116642573,83.74945068359375,17193900.0,0.0,0.0,105.72000122070312,83.74945068359375
2017-12-06,83.61481224072931,83.78116973491429,82.80678321883775,83.1236572265625,15476200.0,0.0,0.0,104.93000030517578,83.1236572265625
2017-12-07,82.34728542465392,83.32959508575533,82.17301052723278,82.8780517578125,13371800.0,0.0,0.0,104.62000274658203,82.8780517578125
2017-12-08,82.98105005114712,83.92374840104038,82.65625258664447,83.91582489013672,13506900.0,0.0,0.0,105.93000030517578,83.91582489013672
2017-12-11,83.74946691591666,84.01880584632643,83.42466945338589,83.67024993896484,10591200.0,0.0,0.0,105.62000274658203,83.67024993896484
2017-12-12,84.69215018614474,85.05655305035917,83.60685905907992,84.64461517333984,15508800.0,0.0,0.0,106.8499984741211,84.64461517333984
2017-12-13,84.52579926722507,84.85059672020995,83.5593425066286,83.5831069946289,15020300.0,0.0,0.0,105.51000213623047,83.5831069946289
2017-12-14,84.06635982744993,84.32777530596233,82.89392775498827,82.90977478027344,13034200.0,0.0,0.0,104.66000366210938,82.90977478027344
2017-12-15,83.80492899429161,84.38321843169692,83.3375385022151,84.08219146728516,29350600.0,0.0,0.0,106.13999938964844,84.08219146728516
2017-12-18,84.91397022283275,85.26252610971024,84.35152186250077,84.73176574707031,12713100.0,0.0,0.0,106.95999908447266,84.73176574707031
2017-12-19,85.04071976505548,85.1516247397327,84.31983742965359,84.37528991699219,12149900.0,0.0,0.0,106.51000213623047,84.37528991699219
2017-12-20,85.2387763859644,85.34176390726816,84.04257995234238,84.08219146728516,13091500.0,0.0,0.0,106.13999938964844,84.08219146728516
2017-12-21,84.43864975199618,85.61108140019458,84.41488526653727,85.42095947265625,12323700.0,0.0,0.0,107.83000183105469,85.42095947265625
2017-12-22,85.71405508132122,85.92002400973792,84.61292303319074,85.11991882324219,14573400.0,0.0,0.0,107.44999694824219,85.11991882324219
2017-12-26,84.92187456184891,85.547698820823,84.28813283757638,84.77928161621094,7403700.0,0.0,0.0,107.0199966430664,84.77928161621094
2017-12-27,84.50201890804358,84.99317372864961,84.50201890804358,84.9377212524414,9496500.0,0.0,0.0,107.22000122070312,84.9377212524414
2017-12-28,85.08033178897065,85.42888769269067,84.89020983749903,85.3892822265625,7440600.0,0.0,0.0,107.79000091552734,85.3892822265625
2017-12-29,85.62693910798377,85.77745560379162,84.71593475341797,84.71593475341797,8925700.0,0.0,0.0,106.94000244140625,84.71593475341797
2018-01-02,85.26255422483449,85.57150474937329,84.61296516761581,85.51605224609375,13578800.0,0.0,0.0,107.94999694824219,85.51605224609375
2018-01-03,85.44473834326867,85.94381075352888,85.1437114036643,85.6031723022461,11901000.0,0.0,0.0,108.05999755859375,85.6031723022461
2018-01-04,86.28800056943098,87.61783447623455,86.16058827698507,86.8294906616211,12953700.0,0.56,0.0,109.04000091552734,86.8294906616211
2018-01-05,87.00467268221591,87.23560288759464,85.82613337120587,86.27206420898438,14155000.0,0.0,0.0,108.33999633789062,86.27206420898438
2018-01-08,86.12078353810801,86.54282615949778,85.76244099280036,86.39949035644531,12466500.0,0.0,0.0,108.5,86.39949035644531
2018-01-09,86.57464963302574,87.29928711292975,86.39149602911321,86.83743286132812,13292300.0,0.0,0.0,109.05000305175781,86.83743286132812
2018-01-10,87.17191757768806,88.15137391263205,87.10821142125255,87.79303741455078,15834500.0,0.0,0.0,110.25,87.79303741455078
2018-01-11,88.12746927020463,88.33451120252543,87.63376183782346,88.2628402709961,13676800.0,0.0,0.0,110.83999633789062,88.2628402709961
2018-01-12,88.90786063594079,89.86342857127254,88.26284650800673,89.7200927734375,18884200.0,0.0,0.0,112.66999816894531,89.7200927734375
2018-01-16,88.79637537848399,90.32528646152196,88.44599764369724,89.40156555175781,22703300.0,0.0,0.0,112.2699966430664,89.40156555175781
2018-01-17,89.09896112222852,90.22175906804839,88.63710071577701,89.97489929199219,14940300.0,0.0,0.0,112.98999786376953,89.97489929199219
2018-01-18,89.79174900553295,90.55620444367997,89.40155346261018,90.18990325927734,14572900.0,0.0,0.0,113.26000213623047,90.18990325927734
2018-01-19,90.7314120345592,91.04993064308648,89.82362063447975,89.9908447265625,18785500.0,0.0,0.0,113.01000213623047,89.9908447265625
2018-01-22,89.71212779560227,91.0897382407458,89.58471550626868,91.04196166992188,12475700.0,0.0,0.0,114.33000183105469,91.04196166992188
2018-01-23,90.51640372830039,91.28882409888587,90.26158520066575,90.9464111328125,12320800.0,0.0,0.0,114.20999908447266,90.9464111328125
2018-01-24,91.4640083817624,92.37179972057432,91.30474908824729,92.10901641845703,15904500.0,0.0,0.0,115.66999816894531,92.10901641845703
2018-01-25,92.40365979203136,92.50717773312029,91.63920418963225,92.1329116821289,13510000.0,0.0,0.0,115.69999694824219,92.1329116821289
2018-01-26,92.13290390546378,92.62661743164062,91.5436372341481,92.62661743164062,13883900.0,0.0,0.0,116.31999969482422,92.62661743164062
2018-01-29,92.38770061771467,93.44679227901267,92.38770061771467,92.53103637695312,11679900.0,0.0,0.0,116.19999694824219,92.53103637695312
2018-01-30,91.9975417577887,92.84959181098277,91.5595756245758,91.66309356689453,14279100.0,0.0,0.0,115.11000061035156,91.66309356689453
2018-01-31,92.09309291924656,92.89736632480891,91.7029033973877,92.10901641845703,13141400.0,0.0,0.0,115.66999816894531,92.10901641845703
2018-02-01,92.18863099808412,93.1601283256635,91.95770688283478,93.0645751953125,13800600.0,0.0,0.0,116.87000274658203,93.0645751953125
2018-02-02,92.76199287554189,93.10440583782767,90.85085090174579,91.00215148925781,16477300.0,0.0,0.0,114.27999877929688,91.00215148925781
2018-02-05,89.98284410076018,91.24897146884152,82.80014541295111,86.63835144042969,30097600.0,0.0,0.0,108.80000305175781,86.63835144042969
2018-02-06,85.08557713672164,89.56879867698851,84.89446476384353,89.27416229248047,33114800.0,0.0,0.0,112.11000061035156,89.27416229248047
2018-02-07,88.8282292458771,91.13751939021743,88.50970458189313,89.87935638427734,21878300.0,0.0,0.0,112.87000274658203,89.87935638427734
2018-02-08,90.07046598801698,90.07046598801698,85.87391627518852,85.90576934814453,27425800.0,0.0,0.0,107.87999725341797,85.90576934814453
2018-02-09,86.8772539126711,88.43005909316247,84.59185246435514,87.62578582763672,28188000.0,0.0,0.0,110.04000091552734,87.62578582763672
2018-02-12,88.52561185778343,89.76785721212902,87.64967374886837,88.97950744628906,18043300.0,0.0,0.0,111.73999786376953,88.97950744628906
2018-02-13,88.64507340544542,90.02268996120773,88.2309956052157,89.52897644042969,16358200.0,0.0,0.0,112.43000030517578,89.52897644042969
2018-02-14,89.6882460413915,91.79050050806934,89.60861638704145,91.5993881225586,15186900.0,0.0,0.0,115.02999877929688,91.5993881225586
2018-02-15,92.16476838966716,92.36384556715714,90.95438182368348,91.98162078857422,12130200.0,0.0,0.0,115.51000213623047,91.98162078857422
2018-02-16,91.21713790850822,92.42752411293644,91.17732005476293,91.3206558227539,13214300.0,0.0,0.0,114.68000030517578,91.3206558227539
2018-02-20,91.29678214396507,91.88604880647199,90.7552920533134,91.34455871582031,13461500.0,0.0,0.0,114.70999908447266,91.34455871582031
2018-02-21,91.57548318393789,93.52643669988964,91.31269990454295,91.7267837524414,14212500.0,0.0,0.0,115.19000244140625,91.7267837524414
2018-02-22,91.97361747751044,92.71418451060313,91.38435098005145,91.55953979492188,17070400.0,0.0,0.0,114.9800033569336,91.55953979492188
2018-02-23,91.82233802070013,93.47866128198308,91.82233802070013,93.41495513916016,12162500.0,0.0,0.0,117.30999755859375,93.41495513916016
2018-02-26,94.07587306553837,94.681069145333,93.42290042627472,94.57754516601562,16511200.0,0.0,0.0,118.7699966430664,94.57754516601562
2018-02-27,94.6890536455316,95.02350178215175,93.44680816253194,93.45477294921875,17563300.0,0.0,0.0,117.36000061035156,93.45477294921875
2018-02-28,93.82106052818496,94.35458572700698,91.84621291603385,91.97362518310547,17735600.0,0.0,0.0,115.5,91.97362518310547
2018-03-01,91.95770642920725,92.8814211117028,89.70415196082126,90.32527160644531,18690000.0,0.0,0.0,113.43000030517578,90.32527160644531
2018-03-02,89.49712651706656,90.4288061568876,88.4858172292472,90.2376937866211,18353700.0,0.0,0.0,113.31999969482422,90.2376937866211
2018-03-05,89.22639840845717,92.3160741900569,89.09898609151516,91.62328338623047,13933000.0,0.0,0.0,115.05999755859375,91.62328338623047
2018-03-06,92.08512848359545,92.22846427844745,91.03400134646512,91.7029037475586,10674400.0,0.0,0.0,115.16000366210938,91.7029037475586
2018-03-07,90.58010378583008,91.65511918711887,90.0704667648435,91.36048889160156,13006500.0,0.0,0.0,114.7300033569336,91.36048889160156
2018-03-08,91.66309037092306,91.75864959728378,90.15010270131941,91.36845397949219,11173700.0,0.0,0.0,114.73999786376953,91.36845397949219
2018-03-09,92.80977862918388,94.02812993155497,92.10902310599303,93.99627685546875,15366600.0,0.0,0.0,118.04000091552734,93.99627685546875
2018-03-12,93.96441418623814,94.56164563233712,93.36718274013917,93.69367218017578,12339300.0,0.0,0.0,117.66000366210938,93.69367218017578
2018-03-13,94.12364542457246,94.33865208328972,92.23639850555769,92.57084655761719,13312300.0,0.0,0.0,116.25,92.57084655761719
2018-03-14,92.81772469935316,92.84161298432583,91.256960635832,91.5356674194336,12905100.0,0.0,0.0,114.94999694824219,91.5356674194336
2018-03-15,92.26827986981678,92.37179780091505,91.44011819497317,91.7666015625,8748000.0,0.0,0.0,115.23999786376953,91.7666015625
2018-03-16,91.84621420883445,92.84956456241683,91.84621420883445,91.92584991455078,19888900.0,0.0,0.0,115.44000244140625,91.92584991455078
2018-03-19,91.65512095116861,91.93382775311098,90.22176908031389,91.20122528076172,13214900.0,0.0,0.0,114.52999877929688,91.20122528076172
2018-03-20,91.4719796571203,91.93383407121436,91.13752539645165,91.28882598876953,9921200.0,0.0,0.0,114.63999938964844,91.28882598876953
2018-03-21,91.42419534269771,92.87347686139421,90.94641136159997,91.36845397949219,13633000.0,0.0,0.0,114.73999786376953,91.36845397949219
2018-03-22,90.14211786574249,90.46064247408448,87.22763197648952,87.55411529541016,22550400.0,0.0,0.0,109.94999694824219,87.55411529541016
2018-03-23,87.80895947753379,88.32656135822475,85.01392025743873,85.21299743652344,23081500.0,0.0,0.0,107.01000213623047,85.21299743652344
2018-03-26,86.94895080773372,88.51767995326158,86.51894337124233,87.84081268310547,20217500.0,0.0,0.0,110.30999755859375,87.84081268310547
2018-03-27,88.44598407726448,88.93969753006654,85.44390373171525,86.13668823242188,18039900.0,0.0,0.0,108.16999816894531,86.13668823242188
2018-03-28,86.22430824560838,86.93302252873158,84.92632720384023,86.0013427734375,19189300.0,0.0,0.0,108.0,86.0013427734375
2018-03-29,86.39947102078898,88.21505340290229,85.82612793688969,87.5700454711914,13274600.0,0.0,0.0,109.97000122070312,87.5700454711914
2018-04-02,87.56210113274922,88.17526221440836,84.47242566233038,85.88188934326172,18822500.0,0.0,0.0,107.8499984741211,85.88188934326172
2018-04-03,86.28798933076908,87.19578053247632,85.4120511980246,87.06040954589844,14050700.0,0.0,0.0,109.33000183105469,87.06040954589844
2018-04-04,85.2846535969232,88.5574825729355,85.22094744803593,88.38229370117188,15302600.0,0.0,0.0,110.98999786376953,88.38229370117188
2018-04-05,89.34269897166132,90.30311866513337,89.15061747543119,89.54278564453125,16627000.0,0.56,0.0,111.87999725341797,89.54278564453125
2018-04-06,88.47833368492347,89.2786804171031,86.29338441936221,87.30982208251953,18906000.0,0.0,0.0,109.08999633789062,87.30982208251953
2018-04-09,88.04615684945274,90.42318792156625,87.95011303122936,88.35829162597656,15974300.0,0.0,0.0,110.4000015258789,88.35829162597656
2018-04-10,89.74287666366709,90.33513764048108,89.17463121793554,90.04701232910156,13951400.0,0.0,0.0,112.51000213623047,90.04701232910156
2018-04-11,89.36672417494461,89.48677130673234,88.45432323022848,88.53436279296875,14503300.0,0.0,0.0,110.62000274658203,88.53436279296875
2018-04-12,89.28668915071438,91.55167211338089,89.23867029555845,90.73532104492188,16435500.0,0.0,0.0,113.37000274658203,90.73532104492188
2018-04-13,92.05585942585586,92.15990838748121,87.27779555127398,88.27822875976562,39152800.0,0.0,0.0,110.30000305175781,88.27822875976562
2018-04-16,88.79048608097526,89.21466895640783,87.87008593468374,88.20623016357422,16580500.0,0.0,0.0,110.20999908447266,88.20623016357422
2018-04-17,89.1346354885047,89.57482261505304,88.03015287049001,88.20623016357422,15501400.0,0.0,0.0,110.20999908447266,88.20623016357422
2018-04-18,88.46231520865763,88.89450313709258,87.14974717688939,87.493896484375,16081400.0,0.0,0.0,109.31999969482422,87.493896484375
2018-04-19,87.66198762754516,89.53480239167105,87.63797819954486,89.41474914550781,17911000.0,0.0,0.0,111.72000122070312,89.41474914550781
2018-04-20,89.87893459553999,90.23108298250798,88.74243766939608,89.21464538574219,15584400.0,0.0,0.0,111.47000122070312,89.21464538574219
2018-04-23,89.29468449284482,89.59881405226866,88.5423566120752,88.78246307373047,11285800.0,0.0,0.0,110.93000030517578,88.78246307373047
2018-04-24,89.43874121904467,90.35914111948843,87.70998946452485,88.36627960205078,16453100.0,0.0,0.0,110.41000366210938,88.36627960205078
2018-04-25,88.25420927187179,88.46230107962155,86.91763203080401,88.03011322021484,13548200.0,0.0,0.0,109.98999786376953,88.03011322021484
2018-04-26,88.01414405841733,88.69443765958394,87.50992163504858,88.1181869506836,10299500.0,0.0,0.0,110.0999984741211,88.1181869506836
2018-04-27,87.6779984983328,88.16621055774385,87.34184818587015,87.55794525146484,9384000.0,0.0,0.0,109.4000015258789,87.55794525146484
2018-04-30,87.83805915579255,88.27825232751164,87.03771237532975,87.06172180175781,13744900.0,0.0,0.0,108.77999877929688,87.06172180175781
2018-05-01,86.79760589872636,87.21378964401738,86.06929350370912,87.06172180175781,10503400.0,0.0,0.0,108.77999877929688,87.06172180175781
2018-05-02,86.52548855342475,87.62996488198137,86.22135898340049,86.37342071533203,12162100.0,0.0,0.0,107.91999816894531,86.37342071533203
2018-05-03,86.10930563273934,86.25336829488211,84.18047310166463,85.82918548583984,15379100.0,0.0,0.0,107.23999786376953,85.82918548583984
2018-05-04,85.18089991542185,87.02969884691893,84.82074634123644,86.7815933227539,11967900.0,0.0,0.0,108.43000030517578,86.7815933227539
2018-05-07,87.04572348900581,87.78204111176657,86.72558353375625,87.533935546875,9356700.0,0.0,0.0,109.37000274658203,87.533935546875
2018-05-08,87.66196945252814,89.11059496571117,87.46188278579412,88.83047485351562,12543200.0,0.0,0.0,110.98999786376953,88.83047485351562
2018-05-09,89.1906722939064,90.95143326446932,88.86252709052016,90.7673568725586,11368100.0,0.0,0.0,113.41000366210938,90.7673568725586
2018-05-10,90.5912536773276,91.5916871489611,90.23909914134099,91.47163391113281,9159700.0,0.0,0.0,114.29000091552734,91.47163391113281
2018-05-11,91.631688125437,91.8237757218065,90.9754041032424,91.12747192382812,10253000.0,0.0,0.0,113.86000061035156,91.12747192382812
2018-05-14,91.32758750126757,91.79978925296264,91.03145694274127,91.15951538085938,8710700.0,0.0,0.0,113.9000015258789,91.15951538085938
2018-05-15,91.16749718815535,91.16749718815535,90.09502941542168,90.46318817138672,11536200.0,0.0,0.0,113.02999877929688,90.46318817138672
2018-05-16,90.35113489388564,90.9914146709756,90.14304305040733,90.71128845214844,7571100.0,0.0,0.0,113.33999633789062,90.71128845214844
2018-05-17,90.59923174084399,90.76730989852703,89.79888514911866,90.40715026855469,8617200.0,0.0,0.0,112.95999908447266,90.40715026855469
2018-05-18,90.23909938129337,90.27911916272966,88.71043410161512,88.94253540039062,11806300.0,0.0,0.0,111.12999725341797,88.94253540039062
2018-05-21,89.67885479174306,90.07102298519644,89.57480580744652,89.7588882446289,9441900.0,0.0,0.0,112.1500015258789,89.7588882446289
2018-05-22,89.91893478238718,91.47160906254449,89.87091594276488,90.4471664428711,11507600.0,0.0,0.0,113.01000213623047,90.4471664428711
2018-05-23,90.04703147562326,90.25511727329481,88.93454977253684,90.03102111816406,11453900.0,0.0,0.0,112.48999786376953,90.03102111816406
2018-05-24,89.75088008408416,89.75888526095495,88.13418240735096,89.02256774902344,14084800.0,0.0,0.0,111.2300033569336,89.02256774902344
2018-05-25,88.4063027161109,88.90251990743312,88.19821084798724,88.56637573242188,8283500.0,0.0,0.0,110.66000366210938,88.56637573242188
2018-05-29,87.38185813037047,87.39786237860851,84.00439387916376,84.78073120117188,30643800.0,0.0,0.0,105.93000030517578,84.78073120117188
2018-05-30,86.1493219952099,86.91765412743113,85.3569804379444,86.71756744384766,17490800.0,0.0,0.0,108.3499984741211,86.71756744384766
2018-05-31,86.3974483017414,86.58953596060181,85.17291848077801,85.64512634277344,19808200.0,0.0,0.0,107.01000213623047,85.64512634277344
2018-06-01,86.70955103873878,87.18976390208505,86.27736923158346,86.75757598876953,13594200.0,0.0,0.0,108.4000015258789,86.75757598876953
2018-06-04,87.22978775626515,87.44588479123796,86.65353713788558,86.79759979248047,9415400.0,0.0,0.0,108.44999694824219,86.79759979248047
2018-06-05,86.62951945802529,86.68554347913127,85.693115345471,86.30937957763672,10415200.0,0.0,0.0,107.83999633789062,86.30937957763672
2018-06-06,86.96567646283452,88.6303929793979,86.82161381074954,88.32626342773438,15453600.0,0.0,0.0,110.36000061035156,88.32626342773438
2018-06-07,88.98255058275606,89.2386612946917,88.06215061274453,88.67842102050781,13444400.0,0.0,0.0,110.80000305175781,88.67842102050781
2018-06-08,88.53434553676267,88.95052309355287,88.08614727618844,88.926513671875,10383200.0,0.0,0.0,111.11000061035156,88.926513671875
2018-06-11,88.93452436325033,89.56679896667333,88.65439814320888,88.70242309570312,12642900.0,0.0,0.0,110.83000183105469,88.70242309570312
2018-06-12,88.95054308387215,89.2626778481525,87.65397906644192,88.19021606445312,15294100.0,0.0,0.0,110.19000244140625,88.19021606445312
2018-06-13,88.40628249435939,89.19862389883731,87.70197970217455,88.01411437988281,14979700.0,0.0,0.0,109.97000122070312,88.01411437988281
2018-06-14,88.26223644203446,88.32626564593822,86.26136961624964,86.46145629882812,20487300.0,0.0,0.0,108.02999877929688,86.46145629882812
2018-06-15,86.2773655483954,86.74156193370122,85.05283012653018,86.3573989868164,26028600.0,0.0,0.0,107.9000015258789,86.3573989868164
2018-06-18,85.84517220638077,86.7575667800378,85.38897491955225,86.58148956298828,9786800.0,0.0,0.0,108.18000030517578,86.58148956298828
2018-06-19,85.5570667994055,86.34140317664956,85.31696033754493,86.0772933959961,12707200.0,0.0,0.0,107.55000305175781,86.0772933959961
2018-06-20,86.58148089304711,86.94963953448486,85.9892262182263,86.06925964355469,8876900.0,0.0,0.0,107.54000091552734,86.06925964355469
2018-06-21,85.71714295970277,86.60552841589727,85.26094551783221,86.0452880859375,11048700.0,0.0,0.0,107.51000213623047,86.0452880859375
2018-06-22,86.5655038636552,86.73357594152857,84.44458384183456,84.63666534423828,19478900.0,0.0,0.0,105.75,84.63666534423828
2018-06-25,84.56465112588404,84.59665962647064,83.20405781680195,83.86834716796875,16907600.0,0.0,0.0,104.79000091552734,83.86834716796875
2018-06-26,83.80432418371625,84.2044976385747,82.52377034940169,83.92437744140625,17086800.0,0.0,0.0,104.86000061035156,83.92437744140625
2018-06-27,83.78028583516202,84.77271395093138,82.61978565910464,82.6277847290039,16276800.0,0.0,0.0,103.23999786376953,82.6277847290039
2018-06-28,82.97995138791035,84.4045676277043,82.84389390571904,83.98038482666016,14491300.0,0.0,0.0,104.93000030517578,83.98038482666016
2018-06-29,85.38098834605155,85.55706560146247,83.35611212114785,83.39612579345703,18972400.0,0.0,0.0,104.19999694824219,83.39612579345703
2018-07-02,83.01198393268075,84.10845531059584,82.73986280332147,84.10045623779297,11130000.0,0.0,0.0,105.08000183105469,84.10045623779297
2018-07-03,84.36453837660372,84.6606627118535,82.85187767884665,82.92391204833984,8311700.0,0.0,0.0,103.61000061035156,82.92391204833984
2018-07-05,83.79301123145783,83.99418527698174,83.31019475006934,83.46308898925781,10723400.0,0.56,0.0,103.72000122070312,83.46308898925781
2018-07-06,82.98027643433554,84.09075500800918,82.23995124587483,83.73668670654297,12173700.0,0.0,0.0,104.05999755859375,83.73668670654297
2018-07-09,84.25972819717464,86.47264248012961,84.25972819717464,86.32779693603516,13900800.0,0.0,0.0,107.27999877929688,86.32779693603516
2018-07-10,86.92327687062372,87.22906534190136,85.72428130615394,85.79670715332031,14575900.0,0.0,0.0,106.62000274658203,85.79670715332031
2018-07-11,85.5472180092357,86.15073992608613,85.4667496481908,85.6115951538086,10186500.0,0.0,0.0,106.38999938964844,85.6115951538086
2018-07-12,86.44041920787974,86.55307612592424,85.27361278270112,85.98174285888672,12456800.0,0.0,0.0,106.8499984741211,85.98174285888672
2018-07-13,86.34387185421848,86.74621980108931,84.60572577685208,85.58745574951172,21289100.0,0.0,0.0,106.36000061035156,85.58745574951172
2018-07-16,86.142671206584,89.13613384732544,86.08634275703795,88.98324584960938,24662600.0,0.0,0.0,110.58000183105469,88.98324584960938
2018-07-17,89.0717937261692,89.2649190287702,88.31537759357987,88.91889953613281,14821900.0,0.0,0.0,110.5,88.91889953613281
2018-07-18,88.85452866995169,90.22251552004705,88.67749457199345,89.74774169921875,14244900.0,0.0,0.0,111.52999877929688,89.74774169921875
2018-07-19,89.36953236115963,89.39367225793707,88.29929138818721,88.42803955078125,16775300.0,0.0,0.0,109.88999938964844,88.42803955078125
2018-07-20,88.51655992735894,89.91672924719379,88.33952582520931,89.54656982421875,13578100.0,0.0,0.0,111.27999877929688,89.54656982421875
2018-07-23,89.36953337599789,91.92846683229617,89.26492510899342,91.21228790283203,18140000.0,0.0,0.0,113.3499984741211,91.21228790283203
2018-07-24,91.37322462804723,92.36299717655818,91.26861022874549,91.85604095458984,14000400.0,0.0,0.0,114.1500015258789,91.85604095458984
2018-07-25,91.63878343239949,92.95848445559872,91.2364354097328,92.68489074707031,13329100.0,0.0,0.0,115.18000030517578,92.68489074707031
2018-07-26,92.87798788446587,93.0147846972034,92.20204635846268,92.4193115234375,11897800.0,0.0,0.0,114.8499984741211,92.4193115234375
2018-07-27,92.68489838792829,93.58616024316456,92.38715861644584,93.36888885498047,12802700.0,0.0,0.0,116.02999877929688,93.36888885498047
2018-07-30,93.57005776855098,94.64030501201951,93.39302365136446,93.93217468261719,13411600.0,0.0,0.0,116.7300033569336,93.93217468261719
2018-07-31,94.21381579514716,94.21381579514716,92.39520098792582,92.49980926513672,15843800.0,0.0,0.0,114.94999694824219,92.49980926513672
2018-08-01,93.1435790691796,93.89999541238777,92.76537089757552,93.07115936279297,13531600.0,0.0,0.0,115.66000366210938,93.07115936279297
2018-08-02,92.19403277843902,93.54592248443299,92.00090743168106,93.4654541015625,11058100.0,0.0,0.0,116.1500015258789,93.4654541015625
2018-08-03,93.34474699652445,94.25405137348193,93.29646719542667,94.22186279296875,11016100.0,0.0,0.0,117.08999633789062,94.22186279296875
2018-08-06,93.98043581544125,94.57590906824016,93.48957082050056,94.24598693847656,9857400.0,0.0,0.0,117.12000274658203,94.24598693847656
2018-08-07,94.74490619409691,95.18749145391283,94.41498402351505,94.5920181274414,10562100.0,0.0,0.0,117.55000305175781,94.5920181274414
2018-08-08,94.41498157412394,95.17139162671774,94.3747443190597,94.78514099121094,8997100.0,0.0,0.0,117.79000091552734,94.78514099121094
2018-08-09,94.55983414257294,94.72881957561553,93.90802617015882,94.05287170410156,9694200.0,0.0,0.0,116.87999725341797,94.05287170410156
2018-08-10,92.94238914024643,93.30449988895163,92.28253865772491,93.12747192382812,12630600.0,0.0,0.0,115.7300033569336,93.12747192382812
2018-08-13,92.99066855529286,93.24817103182333,91.59049922286734,91.6468276977539,10336300.0,0.0,0.0,113.88999938964844,91.6468276977539
2018-08-14,91.95262675467237,92.57224623087019,91.453719068707,92.25841522216797,10597600.0,0.0,0.0,114.6500015258789,92.25841522216797
2018-08-15,91.59051563839661,92.00091239432066,90.90652513808614,91.49394989013672,10152100.0,0.0,0.0,113.69999694824219,91.49394989013672
2018-08-16,92.01697913120957,92.78948649369889,91.97674801798136,92.35494995117188,10118600.0,0.0,0.0,114.7699966430664,92.35494995117188
2018-08-17,92.2503416895672,92.59636118791225,91.97674801798136,92.35494995117188,8505100.0,0.0,0.0,114.7699966430664,92.35494995117188
2018-08-20,92.21010689389587,92.58027243725209,91.82385627203112,92.2342529296875,8618700.0,0.0,0.0,114.62000274658203,92.2342529296875
2018-08-21,92.83777601144978,93.65856319726124,92.44347056691694,92.79753875732422,10976700.0,0.0,0.0,115.31999969482422,92.79753875732422
2018-08-22,92.78950100196171,92.86997551968642,92.3630130711332,92.51590728759766,8314700.0,0.0,0.0,114.97000122070312,92.51590728759766
2018-08-23,92.50783815105912,92.66073233371304,92.08135031454282,92.32276153564453,9265400.0,0.0,0.0,114.7300033569336,92.32276153564453
2018-08-24,92.52393532952595,92.71706062243192,92.09744135448433,92.28252410888672,8845700.0,0.0,0.0,114.68000030517578,92.28252410888672
2018-08-27,92.71708877877413,94.3747608365824,92.67685151666754,93.91608428955078,13768000.0,0.0,0.0,116.70999908447266,93.91608428955078
2018-08-28,94.14944423138546,94.17358413222667,93.3206082260025,93.45740509033203,8302600.0,0.0,0.0,116.13999938964844,93.45740509033203
2018-08-29,93.62637135626915,93.64246871309511,92.82972409498176,93.15160369873047,7221700.0,0.0,0.0,115.76000213623047,93.15160369873047
2018-08-30,93.01480561022389,93.37692248572093,92.52394670941155,92.69293212890625,8991800.0,0.0,0.0,115.19000244140625,92.69293212890625
2018-08-31,92.40324615007876,92.41128869001243,91.59050144470534,92.20207214355469,13065700.0,0.0,0.0,114.58000183105469,92.20207214355469
2018-09-04,92.00892064063925,92.73314813428318,91.43758732324852,92.66072845458984,10174200.0,0.0,0.0,115.1500015258789,92.66072845458984
2018-09-05,92.54004183883127,93.10332659428681,91.9365198268389,92.21011352539062,11462400.0,0.0,0.0,114.58999633789062,92.21011352539062
2018-09-06,92.13768312469514,92.29861985345535,91.33298720220871,91.81580352783203,9877600.0,0.0,0.0,114.0999984741211,91.81580352783203
2018-09-07,92.13770443183601,92.35496967983985,91.4376166072119,91.99285888671875,10955600.0,0.0,0.0,114.31999969482422,91.99285888671875
2018-09-10,92.41932120191423,92.5158869183167,91.46173727312816,91.50196838378906,8276900.0,0.0,0.0,113.70999908447266,91.50196838378906
2018-09-11,91.36518851296842,92.20207312574475,91.07549744934032,92.08136749267578,9333800.0,0.0,0.0,114.43000030517578,92.08136749267578
2018-09-12,91.93651077797018,92.4434670079829,90.80993523859915,90.9950180053711,10800800.0,0.0,0.0,113.08000183105469,90.9950180053711
2018-09-13,91.22840632183788,91.83997098614309,90.66511532343738,91.34910583496094,12470800.0,0.0,0.0,113.5199966430664,91.34910583496094
2018-09-14,91.58245398994076,92.12964754057627,91.11573495446562,91.33300018310547,10337900.0,0.0,0.0,113.5,91.33300018310547
2018-09-17,91.56636678039217,92.08137177538536,91.17206742408197,91.60659790039062,9561300.0,0.0,0.0,113.83999633789062,91.60659790039062
2018-09-18,92.0009083948318,92.2664595864941,91.38128894761977,91.97676849365234,7944200.0,0.0,0.0,114.30000305175781,91.97676849365234
2018-09-19,92.08941241582228,95.00240801332434,92.08941241582228,94.64834594726562,16052800.0,0.0,0.0,117.62000274658203,94.64834594726562
2018-09-20,95.3564589485764,95.95193216307914,95.01848816245395,95.46106719970703,15590000.0,0.0,0.0,118.62999725341797,95.46106719970703
2018-09-21,95.8634373818304,95.94391189759638,94.74491037333152,94.83342742919922,24788200.0,0.0,0.0,117.8499984741211,94.83342742919922
2018-09-24,94.76102571029841,95.3243105914652,93.69077829673674,93.92414093017578,12492500.0,0.0,0.0,116.72000122070312,93.92414093017578
2018-09-25,94.18162297713727,94.92999052178472,93.60224086007558,93.6585693359375,9308300.0,0.0,0.0,116.38999938964844,93.6585693359375
2018-09-26,93.94827169865337,94.04483744289725,92.26645976031213,92.55614471435547,14023600.0,0.0,0.0,115.0199966430664,92.55614471435547
2018-09-27,92.87799028491959,93.15159005680766,91.86407796971001,92.15376281738281,13283000.0,0.0,0.0,114.5199966430664,92.15376281738281
2018-09-28,91.45369540259172,91.92846306338939,90.54438505530902,90.80188751220703,15815100.0,0.0,0.0,112.83999633789062,90.80188751220703
2018-10-01,91.22839190847792,92.22621327516262,90.96284074287314,91.33300018310547,10146300.0,0.0,0.0,113.5,91.33300018310547
2018-10-02,91.22033188681851,91.83190251780265,90.77774666584129,91.71119689941406,13753100.0,0.0,0.0,113.97000122070312,91.71119689941406
2018-10-03,92.49174386132566,93.07112586124396,92.1215845034539,92.57221221923828,17142000.0,0.0,0.0,115.04000091552734,92.57221221923828
2018-10-04,92.82342717037115,94.65477094969813,92.54791138988992,93.4068603515625,16357400.0,0.8,0.0,115.2699966430664,93.4068603515625
2018-10-05,93.86064969805824,94.07943636760756,92.39394625149153,92.8801498413086,13777600.0,0.0,0.0,114.62000274658203,92.8801498413086
2018-10-08,92.58032605605621,93.82013162150629,91.851026846281,93.44738006591797,14370900.0,0.0,0.0,115.31999969482422,93.44738006591797
2018-10-09,92.92064602947478,93.21236565813987,92.11031510147936,92.7990951538086,14069500.0,0.0,0.0,114.5199966430664,92.7990951538086
2018-10-10,92.94497211947805,93.14755488885994,90.32760620117188,90.32760620117188,23086400.0,0.0,0.0,111.47000122070312,90.32760620117188
2018-10-11,89.92244496448845,90.3276105226362,87.0133530421729,87.62110137939453,33705600.0,0.0,0.0,108.12999725341797,87.62110137939453
2018-10-12,89.4362464454559,89.80899801254647,85.57096360554125,86.66490936279297,32075700.0,0.0,0.0,106.94999694824219,86.66490936279297
2018-10-15,86.86749377980885,88.20454136718111,86.15440461830036,86.17060852050781,18903200.0,0.0,0.0,106.33999633789062,86.17060852050781
2018-10-16,86.83507540708185,88.14780770787236,86.48663281983873,88.01815795898438,19302800.0,0.0,0.0,108.62000274658203,88.01815795898438
2018-10-17,87.82368859792653,89.7846946970651,87.70214387020678,88.99867248535156,18794500.0,0.0,0.0,109.83000183105469,88.99867248535156
2018-10-18,88.34226915388106,89.00674022319721,87.36176953832516,87.58866119384766,17582500.0,0.0,0.0,108.08999633789062,87.58866119384766
2018-10-19,87.23213751635431,88.50435699929243,86.92420776508146,87.44282531738281,15234500.0,0.0,0.0,107.91000366210938,87.44282531738281
2018-10-22,87.63729895816451,87.79125764430273,85.98422297493191,86.18680572509766,16199100.0,0.0,0.0,106.36000061035156,86.18680572509766
2018-10-23,84.43651088869039,86.02476552481633,84.03134527755016,85.28736114501953,21407500.0,0.0,0.0,105.25,85.28736114501953
2018-10-24,84.8902843377408,85.10907100567478,83.39117309976753,83.6990966796875,23168900.0,0.0,0.0,103.29000091552734,83.6990966796875
2018-10-25,84.42031086099917,85.8140816164965,84.04755922351403,84.9713363647461,17464700.0,0.0,0.0,104.86000061035156,84.9713363647461
2018-10-26,84.27445223941398,84.72823577312452,83.24533424479556,83.80445861816406,19174900.0,0.0,0.0,103.41999816894531,83.80445861816406
2018-10-29,84.64719003933695,86.40560712723286,84.03133664263359,84.96321868896484,18445200.0,0.0,0.0,104.8499984741211,84.96321868896484
2018-10-30,85.66011510765449,86.68923925019926,84.97133478634959,86.46234130859375,18019700.0,0.0,0.0,106.69999694824219,86.46234130859375
2018-10-31,87.58060845523062,89.52540481319627,87.34561163616912,88.34231567382812,20860000.0,0.0,0.0,109.0199966430664,88.34231567382812
2018-11-01,88.82849451017252,89.31469191784626,87.77506164159983,88.30988311767578,13065000.0,0.0,0.0,108.9800033569336,88.30988311767578
2018-11-02,89.05539145874808,89.79278956424533,87.10249048908223,87.82368469238281,19009200.0,0.0,0.0,108.37999725341797,87.82368469238281
2018-11-05,88.01006186544133,88.5610872644904,87.85609697704453,88.39901733398438,10276400.0,0.0,0.0,109.08999633789062,88.39901733398438
2018-11-06,88.05867821469181,88.86900930605513,87.3212801363657,88.81228637695312,10825000.0,0.0,0.0,109.5999984741211,88.81228637695312
2018-11-07,89.43624820708602,90.53829902816348,88.60970700011002,90.3357162475586,12679600.0,0.0,0.0,111.4800033569336,90.3357162475586
2018-11-08,89.95487545330215,91.51070999824785,89.9467704095983,91.06502532958984,11662500.0,0.0,0.0,112.37999725341797,91.06502532958984
2018-11-09,90.94347602451138,91.04881685803046,89.8090110740104,90.1817626953125,10432200.0,0.0,0.0,111.29000091552734,90.1817626953125
2018-11-12,90.28708698374582,90.70846260527843,88.00195359723591,88.28556823730469,13279700.0,0.0,0.0,108.94999694824219,88.28556823730469
2018-11-13,88.4071234445101,90.0439957595565,88.4071234445101,88.80418395996094,13746100.0,0.0,0.0,109.58999633789062,88.80418395996094
2018-11-14,89.32282431309928,89.71177988541454,85.87891619580179,86.97286224365234,18361400.0,0.0,0.0,107.33000183105469,86.97286224365234
2018-11-15,87.710245827446,89.20125842426052,86.55147198435935,89.19315338134766,19100000.0,0.0,0.0,110.06999969482422,89.19315338134766
2018-11-16,88.6907164610403,89.75225416711537,87.96142358104589,89.1282958984375,13798600.0,0.0,0.0,109.98999786376953,89.1282958984375
2018-11-19,89.10400024939723,90.10880900605876,88.75555765555735,89.80899047851562,13987000.0,0.0,0.0,110.83000183105469,89.80899047851562
2018-11-20,88.95815113554058,89.53348550031491,87.49955879990219,87.88040924072266,18936200.0,0.0,0.0,108.44999694824219,87.88040924072266
2018-11-21,88.35041233561623,88.82040592914844,87.22405242919922,87.22405242919922,10619600.0,0.0,0.0,107.63999938964844,87.22405242919922
2018-11-23,86.49474079709339,87.02145725412728,85.94371539597627,86.42181396484375,6488400.0,0.0,0.0,106.6500015258789,86.42181396484375
2018-11-26,87.28887814635786,89.12022839556316,87.07008525951458,88.53678894042969,13948300.0,0.0,0.0,109.26000213623047,88.53678894042969
2018-11-27,88.1316135136427,89.1607313061392,88.02626651233824,88.90953063964844,9238200.0,0.0,0.0,109.72000122070312,88.90953063964844
2018-11-28,88.97437803719643,90.27090686359621,88.22076969086139,89.89815521240234,13977300.0,0.0,0.0,110.94000244140625,89.89815521240234
2018-11-29,89.35520448861458,89.78468514945284,88.84469813947007,89.1850357055664,11144300.0,0.0,0.0,110.05999755859375,89.1850357055664
2018-11-30,89.01486122721462,90.20604881467328,88.79607457224684,90.1007080078125,18652700.0,0.0,0.0,111.19000244140625,90.1007080078125
2018-12-03,91.0650068335856,91.47827742582668,90.54639542393767,90.9515609741211,16034500.0,0.0,0.0,112.23999786376953,90.9515609741211
2018-12-04,90.43295054651512,90.43295054651512,86.4866420015691,86.89180755615234,23555900.0,0.0,0.0,107.2300033569336,86.89180755615234
2018-12-06,85.09288676995632,85.37650147257682,83.36687724109751,85.2387466430664,27213900.0,0.0,0.0,105.19000244140625,85.2387466430664
2018-12-07,85.2144180011139,86.68922029624288,83.39117309976753,83.6990966796875,19248600.0,0.0,0.0,103.29000091552734,83.6990966796875
2018-12-10,83.35875632580041,83.86115761399846,80.44966467685008,82.1351547241211,23636400.0,0.0,0.0,101.36000061035156,82.1351547241211
2018-12-11,83.56947217164804,83.99895299198681,81.20330604908615,81.33296203613281,16860700.0,0.0,0.0,100.37000274658203,81.33296203613281
2018-12-12,82.37829031264303,83.38309948369302,81.08175517050888,81.85967254638672,22621500.0,0.0,0.0,101.0199966430664,81.85967254638672
2018-12-13,82.28913173284623,82.62946933612804,81.57603635568118,81.94068908691406,17250900.0,0.0,0.0,101.12000274658203,81.94068908691406
2018-12-14,81.02500275689228,82.60515206836874,80.91966194239471,81.26810455322266,19879500.0,0.0,0.0,100.29000091552734,81.26810455322266
2018-12-17,80.8467509612954,81.48691342922983,79.76901503246435,80.23090362548828,25113500.0,0.0,0.0,99.01000213623047,80.23090362548828
2018-12-18,80.5631335439009,81.75432150240356,79.50970660015523,79.85004425048828,20837200.0,0.0,0.0,98.54000091552734,79.85004425048828
2018-12-19,79.74468547249383,81.50310245266776,78.27798199674463,78.83711242675781,28767900.0,0.0,0.0,97.29000091552734,78.83711242675781
2018-12-20,78.28608905062126,79.63934052088798,77.54058591300154,78.15643310546875,31825200.0,0.0,0.0,96.44999694824219,78.15643310546875
2018-12-21,78.34282443742477,79.76090410574012,75.91993576375737,76.30889129638672,41313900.0,0.0,0.0,94.16999816894531,76.30889129638672
2018-12-24,75.27167364332207,76.34941575151426,74.66392517089844,74.66392517089844,17009300.0,0.0,0.0,92.13999938964844,74.66392517089844
2018-12-26,75.10958164290979,77.75936126708984,73.82925719151528,77.75936126708984,22542900.0,0.0,0.0,95.95999908447266,77.75936126708984
2018-12-27,76.83559311856128,78.7236660275743,75.80647536236373,78.63452911376953,20304700.0,0.0,0.0,97.04000091552734,78.63452911376953
2018-12-28,79.37192998734565,79.67175472457717,78.1483344588926,78.46436309814453,17963300.0,0.0,0.0,96.83000183105469,78.46436309814453
2018-12-31,79.0801923252792,80.06879704697873,78.41572121136656,79.10450744628906,13237200.0,0.0,0.0,97.62000274658203,79.10450744628906
2019-01-02,77.7512632606278,80.85483272520688,77.7431644012544,80.4739761352539,15670900.0,0.0,0.0,99.30999755859375,80.4739761352539
2019-01-03,80.58017333940082,80.78440127390509,78.9871979432843,79.3302993774414,16286400.0,0.8,0.0,97.11000061035156,79.3302993774414
2019-01-04,80.96411511758065,82.45089408941247,80.28607694400105,82.25483703613281,16935200.0,0.0,0.0,100.69000244140625,82.25483703613281
2019-01-07,82.04245221747117,82.89204123628033,81.4542747250231,82.3120346069336,15430700.0,0.0,0.0,100.76000213623047,82.3120346069336
2019-01-08,83.02274674692798,83.17796198849523,81.32357488324182,82.15682220458984,13578800.0,0.0,0.0,100.56999969482422,82.15682220458984
2019-01-09,82.35288258690693,82.90838290083812,81.63400239404304,82.01795196533203,14230300.0,0.0,0.0,100.4000015258789,82.01795196533203
2019-01-10,81.70751365149404,82.28752650105433,81.09482981530769,82.00977325439453,14376100.0,0.0,0.0,100.38999938964844,82.00977325439453
2019-01-11,81.60130354058481,81.83003780347404,80.83340460156417,81.61764526367188,15439900.0,0.0,0.0,99.91000366210938,81.61764526367188
2019-01-14,80.76806881581183,82.80217737478134,80.59651809228835,82.45907592773438,21258500.0,0.0,0.0,100.94000244140625,82.45907592773438
2019-01-15,80.78440636286945,83.7089520650106,80.54750119601577,83.06359100341797,26504900.0,0.0,0.0,101.68000030517578,83.06359100341797
2019-01-16,83.5292391335092,84.50953088949163,83.16163128315154,83.73346710205078,18533000.0,0.0,0.0,102.5,83.73346710205078
2019-01-17,83.41487197977496,84.55037898639948,83.25965672925089,84.07656860351562,14247600.0,0.0,0.0,102.91999816894531,84.07656860351562
2019-01-18,84.77093609049112,85.69405042798437,84.00304322441995,85.44080352783203,16428700.0,0.0,0.0,104.58999633789062,85.44080352783203
2019-01-22,84.20726265144614,84.62388314645074,83.43119276816999,84.0928955078125,17083700.0,0.0,0.0,102.94000244140625,84.0928955078125
2019-01-23,84.50136316963764,84.71375576172696,83.30050176129798,83.88050842285156,12146700.0,0.0,0.0,102.68000030517578,83.88050842285156
2019-01-24,83.43121052260686,84.21544520264322,83.27600149895615,83.92952728271484,11296800.0,0.0,0.0,102.73999786376953,83.92952728271484
2019-01-25,84.55854191333194,85.21206761187602,83.92951633896628,84.46051025390625,14369400.0,0.0,0.0,103.38999938964844,84.46051025390625
2019-01-28,84.05204558784693,85.15487515304727,83.80696958111719,84.86078643798828,12283100.0,0.0,0.0,103.87999725341797,84.86078643798828
2019-01-29,84.86078163648814,85.86558572817727,84.73824987259798,85.09768676757812,9743300.0,0.0,0.0,104.16999816894531,85.09768676757812
2019-01-30,85.0731925355207,85.97179424981056,84.77910379520151,85.29376220703125,12526300.0,0.0,0.0,104.41000366210938,85.29376220703125
2019-01-31,84.47685019408716,84.79544528980699,83.92134993417066,84.55036926269531,17520600.0,0.0,0.0,103.5,84.55036926269531
2019-02-01,84.95881808718853,85.65319179620047,84.56669772292929,84.86078643798828,13000800.0,0.0,0.0,103.87999725341797,84.86078643798828
2019-02-04,84.78728433436606,85.1630630493164,84.15009406847014,85.1630630493164,9871500.0,0.0,0.0,104.25,85.1630630493164
2019-02-05,85.38360398463335,85.4081165697749,84.378806132777,84.78726196289062,12763000.0,0.0,0.0,103.79000091552734,84.78726196289062
2019-02-06,84.72193071344898,85.46532351926145,84.52587360646649,84.7464370727539,8745000.0,0.0,0.0,103.73999786376953,84.7464370727539
2019-02-07,84.34613721091596,84.55036514605135,82.86752895494917,83.63542175292969,13177500.0,0.0,0.0,102.37999725341797,83.63542175292969
2019-02-08,83.39036258385104,83.60275517599402,81.74019716770779,82.80218505859375,12892600.0,0.0,0.0,101.36000061035156,82.80218505859375
2019-02-11,83.1289434138967,83.33317135628268,82.32019627461789,82.4100570678711,10978500.0,0.0,0.0,100.87999725341797,82.4100570678711
2019-02-12,83.28414591521721,84.07655126706818,83.23513320728142,83.81513977050781,12852300.0,0.0,0.0,102.5999984741211,83.81513977050781
2019-02-13,84.06023744617752,84.83630127375967,84.06023744617752,84.21544647216797,10754100.0,0.0,0.0,103.08999633789062,84.21544647216797
2019-02-14,83.70895416261598,84.22360635916814,82.7940106917585,83.66810607910156,11518500.0,0.0,0.0,102.41999816894531,83.66810607910156
2019-02-15,84.87713851416616,86.34757603625552,84.68108142439608,86.22504425048828,14716900.0,0.0,0.0,105.55000305175781,86.22504425048828
2019-02-19,85.7022042358683,86.07798284715079,84.80359643438705,85.92276763916016,12764900.0,0.0,0.0,105.18000030517578,85.92276763916016
2019-02-20,85.94728847392413,86.42926966980174,85.67770608805405,86.33940887451172,10030300.0,0.0,0.0,105.69000244140625,86.33940887451172
2019-02-21,86.14336438616596,86.58449759604142,85.74307926763855,86.15970611572266,8400100.0,0.0,0.0,105.47000122070312,86.15970611572266
2019-02-22,86.3475620007985,86.66615705709195,85.59600475172378,85.77572631835938,10647300.0,0.0,0.0,105.0,85.77572631835938
2019-02-25,86.38842901991617,87.63013230228074,86.33941630282922,86.67434692382812,11230700.0,0.0,0.0,106.0999984741211,86.67434692382812
2019-02-26,85.36728085381395,86.15968627617094,84.90981225226444,86.01264190673828,15465400.0,0.0,0.0,105.29000091552734,86.01264190673828
2019-02-27,85.92276096549541,86.08614078987061,85.37543169804366,85.90642547607422,9968800.0,0.0,0.0,105.16000366210938,85.90642547607422
2019-02-28,85.78388530502369,85.94726512523458,85.10584720932128,85.25289154052734,15156900.0,0.0,0.0,104.36000061035156,85.25289154052734
2019-03-01,85.85743381140303,86.51913664512591,85.12221190312358,85.31010437011719,13813300.0,0.0,0.0,104.43000030517578,85.31010437011719
2019-03-04,85.71040169120992,86.5273136544869,84.36249570529418,85.11405944824219,12466300.0,0.0,0.0,104.19000244140625,85.11405944824219
2019-03-05,85.06503392097737,85.40814165578155,84.35432455665718,85.04869842529297,10856600.0,0.0,0.0,104.11000061035156,85.04869842529297
2019-03-06,84.8444544260938,85.42446101776625,84.59121377928327,84.73008728027344,9070800.0,0.0,0.0,103.72000122070312,84.73008728027344
2019-03-07,84.34613540830338,84.5258569845883,83.45570462176316,84.11740112304688,12705700.0,0.0,0.0,102.97000122070312,84.11740112304688
2019-03-08,83.31683948490249,84.32981468637612,83.31683948490249,84.15009307861328,10582400.0,0.0,0.0,103.01000213623047,84.15009307861328
2019-03-11,84.94248997615162,85.40812944336547,84.68107845477793,85.24474334716797,9763200.0,0.0,0.0,104.3499984741211,85.24474334716797
2019-03-12,85.44081392557148,85.60420004757606,84.75461091078206,84.99151611328125,10219100.0,0.0,0.0,104.04000091552734,84.99151611328125
2019-03-13,85.11404779606873,85.75940890661239,84.91798446429203,85.27742767333984,13022200.0,0.0,0.0,104.38999938964844,85.27742767333984
2019-03-14,85.36727159834301,86.4864428572707,85.33459438284056,86.05347442626953,10926500.0,0.0,0.0,105.33999633789062,86.05347442626953
2019-03-15,86.11065245177636,87.24615904689873,85.96360811839514,87.04193115234375,24811700.0,0.0,0.0,106.55000305175781,87.04193115234375
2019-03-18,87.04193536402606,88.05490402492163,87.00108729012226,87.56475830078125,12935500.0,0.0,0.0,107.19000244140625,87.56475830078125
2019-03-19,88.3898645997906,88.55325071841595,87.04196495825458,87.2461929321289,12889300.0,0.0,0.0,106.80000305175781,87.2461929321289
2019-03-20,86.94392579335778,87.12364739208383,85.2937666489999,85.38362121582031,14920700.0,0.0,0.0,104.5199966430664,85.38362121582031
2019-03-21,84.5421868119539,84.5421868119539,83.55372444116092,84.03570556640625,19751000.0,0.0,0.0,102.87000274658203,84.03570556640625
2019-03-22,83.17797674366912,83.58643272968843,81.29907671496284,81.4951400756836,31115200.0,0.0,0.0,99.76000213623047,81.4951400756836
2019-03-25,81.35621309630827,82.15678910668665,80.13084584927651,80.81705474853516,21032300.0,0.0,0.0,98.93000030517578,80.81705474853516
2019-03-26,81.54413404270468,82.01794437331111,80.72722225857318,81.62582397460938,15987100.0,0.0,0.0,99.91999816894531,81.62582397460938
2019-03-27,81.59313800674184,82.0587774244682,80.93961238903448,81.34806823730469,12753200.0,0.0,0.0,99.58000183105469,81.34806823730469
2019-03-28,81.69118019711883,82.34471213171275,81.47878138349444,82.27118682861328,12454100.0,0.0,0.0,100.70999908447266,82.27118682861328
2019-03-29,82.94924750744764,83.31685542453235,82.17317734659396,82.69600677490234,14523400.0,0.0,0.0,101.2300033569336,82.69600677490234
2019-04-01,83.4475351963664,85.51432089414884,83.42302884145862,85.48164367675781,17499300.0,0.0,0.0,104.63999938964844,85.48164367675781
2019-04-02,85.44896549081157,86.13517458316116,85.22840206659964,85.89009857177734,10295400.0,0.0,0.0,105.13999938964844,85.89009857177734
2019-04-03,86.43741647552933,86.88672035932609,85.60416936585476,86.06163787841797,11499200.0,0.0,0.0,105.3499984741211,86.06163787841797
2019-04-04,86.06165379975205,87.03298593541317,85.97933251417196,86.8930435180664,11952100.0,0.8,0.0,105.55999755859375,86.8930435180664
2019-04-05,87.0906100759087,87.34578848537211,86.42384406502268,86.687255859375,9933700.0,0.0,0.0,105.30999755859375,86.687255859375
2019-04-08,86.52262399732828,86.96713256835938,86.3579939844571,86.96713256835938,8056300.0,0.0,0.0,105.6500015258789,86.96713256835938
2019-04-09,86.49794429749294,86.59671980930862,85.81471769967831,86.32508087158203,9092200.0,0.0,0.0,104.87000274658203,86.32508087158203
2019-04-10,86.53908118908036,87.02475038493978,85.99579714312056,86.71194458007812,10882300.0,0.0,0.0,105.33999633789062,86.71194458007812
2019-04-11,87.01651675501688,87.85614611490232,86.89304111030053,87.44456481933594,11183800.0,0.0,0.0,106.2300033569336,87.44456481933594
2019-04-12,90.08693472755239,92.07075371923307,89.62595931004542,91.54393005371094,25834100.0,0.0,0.0,111.20999908447266,91.54393005371094
2019-04-15,91.30519282925485,91.37104734360506,89.82350393776811,90.49849700927734,15163800.0,0.0,0.0,109.94000244140625,90.49849700927734
2019-04-16,90.46556137893795,91.69207176408646,90.43263412481046,91.45335388183594,11583200.0,0.0,0.0,111.0999984741211,91.45335388183594
2019-04-17,91.94727342701309,94.38384060786855,91.3792954200606,94.0875015258789,17791900.0,0.0,0.0,114.30000305175781,94.0875015258789
2019-04-18,94.2768103305093,94.62253711069658,93.28901773562221,93.39602661132812,12501900.0,0.0,0.0,113.45999908447266,93.39602661132812
2019-04-22,92.87744376479371,93.78292142821267,92.73750762085943,93.51127624511719,7975900.0,0.0,0.0,113.5999984741211,93.51127624511719
2019-04-23,93.01739480520996,94.14513008275901,92.8939191312802,93.62653350830078,9193100.0,0.0,0.0,113.73999786376953,93.62653350830078
2019-04-24,93.23141297401764,93.96402730456597,92.86098597572584,93.47013092041016,9245700.0,0.0,0.0,113.55000305175781,93.47013092041016
2019-04-25,93.02561962122749,93.96402460826596,92.60580488063667,93.51951599121094,9311800.0,0.0,0.0,113.61000061035156,93.51951599121094
2019-04-26,93.79939933325085,94.31799592094245,93.5112936068854,94.22744750976562,7889300.0,0.0,0.0,114.47000122070312,94.22744750976562
2019-04-29,94.33444438849367,96.44174517606803,94.21096872715316,95.58565521240234,14242200.0,0.0,0.0,116.12000274658203,95.58565521240234
2019-04-30,95.84083760369839,96.07955555076641,94.87773870983429,95.52803802490234,11389100.0,0.0,0.0,116.05000305175781,95.52803802490234
2019-05-01,95.25639454590184,96.310041862293,94.75426476539772,94.79542541503906,10412900.0,0.0,0.0,115.16000366210938,94.79542541503906
2019-05-02,94.80364949803126,95.30577926252532,94.31798650496205,95.00121307373047,8613300.0,0.0,0.0,115.41000366210938,95.00121307373047
2019-05-03,95.48687342728334,96.04662431582501,95.21522822838084,95.58565521240234,8185400.0,0.0,0.0,116.12000274658203,95.58565521240234
2019-05-06,93.98869546361654,95.05057585311756,93.61004146336705,94.7377700805664,9387000.0,0.0,0.0,115.08999633789062,94.7377700805664
2019-05-07,93.86524741548845,93.86524741548845,92.43294598837662,93.19025421142578,15017700.0,0.0,0.0,113.20999908447266,93.19025421142578
2019-05-08,92.73750311105611,93.56889282945845,92.57286682011085,92.69634246826172,9575800.0,0.0,0.0,112.61000061035156,92.69634246826172
2019-05-09,91.48628374976347,92.80334255133356,91.02531473927188,92.62224578857422,12205900.0,0.0,0.0,112.5199966430664,92.62224578857422
2019-05-10,91.98843873133838,92.88568312816554,90.99241254210358,92.61404418945312,13189000.0,0.0,0.0,112.51000213623047,92.61404418945312
2019-05-13,90.61376566868843,90.9183318958842,89.7082878133837,90.09516906738281,13783700.0,0.0,0.0,109.44999694824219,90.09516906738281
2019-05-14,90.1774924440522,91.96375431563992,90.13633178958888,90.81132507324219,10503600.0,0.0,0.0,110.31999969482422,90.81132507324219
2019-05-15,89.89756919122335,91.28871572252349,89.40367298397031,90.4655532836914,10142000.0,0.0,0.0,109.9000015258789,90.4655532836914
2019-05-16,91.05824281869357,92.3341409929212,91.03354266699499,91.626220703125,9672700.0,0.0,0.0,111.30999755859375,91.626220703125
2019-05-17,90.54788449081177,91.98841901680196,90.40794835839986,91.18171691894531,9570100.0,0.0,0.0,110.7699966430664,91.18171691894531
2019-05-20,91.02532434301715,92.0378108522037,90.85246094584463,91.6591567993164,8518200.0,0.0,0.0,111.3499984741211,91.6591567993164
2019-05-21,91.73324406250244,92.1283586017941,91.55214728189694,91.97196197509766,7967900.0,0.0,0.0,111.7300033569336,91.97196197509766
2019-05-22,91.7003209787612,92.02135391163755,91.16526399722306,91.22288513183594,7918900.0,0.0,0.0,110.81999969482422,91.22288513183594
2019-05-23,90.25157625832179,90.37505194444992,88.49000822491433,89.42841339111328,14558000.0,0.0,0.0,108.63999938964844,89.42841339111328
2019-05-24,90.15274020607342,90.5149336593787,89.88110139632495,90.30914306640625,8537300.0,0.0,0.0,109.70999908447266,90.30914306640625
2019-05-28,89.88936361470171,90.40796013093615,89.26376448943313,89.3296127319336,11665500.0,0.0,0.0,108.5199966430664,89.3296127319336
2019-05-29,88.44882572162948,89.23083402045349,88.12779278513555,89.0826644897461,9966400.0,0.0,0.0,108.22000122070312,89.0826644897461
2019-05-30,89.43661651064558,89.87289167778209,87.69974294621869,88.1277847290039,10367800.0,0.0,0.0,107.05999755859375,88.1277847290039
2019-05-31,86.89304661389164,87.74090313162237,86.30036850590012,87.2223129272461,10952800.0,0.0,0.0,105.95999908447266,87.2223129272461
2019-06-03,87.09059662091865,87.96314687736322,86.6790153633155,87.63388061523438,11680700.0,0.0,0.0,106.45999908447266,87.63388061523438
2019-06-04,88.7781079812564,90.46559425724861,88.1854297520253,90.3338851928711,12858600.0,0.0,0.0,109.73999786376953,90.3338851928711
2019-06-05,90.43265605758857,90.8606979045963,89.42839654394636,90.6549072265625,8340500.0,0.0,0.0,110.12999725341797,90.6549072265625
2019-06-06,90.67136598305528,91.26404408824152,89.6671065581822,90.85246276855469,8726700.0,0.0,0.0,110.37000274658203,90.85246276855469
2019-06-07,90.30096298789164,90.5643748511763,89.69182423158976,89.85646057128906,10618900.0,0.0,0.0,109.16000366210938,89.85646057128906
2019-06-10,91.1652737869926,91.54392789514354,90.72899853804117,90.82777404785156,11380600.0,0.0,0.0,110.33999633789062,90.82777404785156
2019-06-11,91.2228930360471,91.84026508049253,90.85247232147312,91.10765075683594,9847700.0,0.0,0.0,110.68000030517578,91.10765075683594
2019-06-12,91.12410622175899,91.28874252600322,89.63418377968759,89.94698333740234,9670500.0,0.0,0.0,109.2699966430664,89.94698333740234
2019-06-13,90.10340358331422,90.67962133862677,89.76591008512084,90.16925811767578,8406900.0,0.0,0.0,109.54000091552734,90.16925811767578
2019-06-14,90.19395903011026,90.79487071260087,89.42018389161856,90.39974975585938,9077400.0,0.0,0.0,109.81999969482422,90.39974975585938
2019-06-17,90.3009372963018,90.85246102708723,89.77411371961945,89.90582275390625,8128600.0,0.0,0.0,109.22000122070312,89.90582275390625
2019-06-18,89.73297294697424,91.70856479886002,89.7082790693636,91.1323471069336,11057300.0,0.0,0.0,110.70999908447266,91.1323471069336
2019-06-19,91.22289071377196,91.85672323329776,90.30094622331958,90.47381591796875,13126500.0,0.0,0.0,109.91000366210938,90.47381591796875
2019-06-20,91.2722855963937,91.44514902431355,89.74943572928056,90.70430755615234,13638000.0,0.0,0.0,110.19000244140625,90.70430755615234
2019-06-21,90.70429367436589,91.92257086951246,89.79880974255518,90.08692169189453,27089500.0,0.0,0.0,109.44000244140625,90.08692169189453
2019-06-24,89.95518853077405,90.35853635935598,89.34605009655613,89.44483184814453,13039600.0,0.0,0.0,108.66000366210938,89.44483184814453
2019-06-25,89.4613181497926,89.70826945991269,88.62992210463652,88.70401000976562,18660100.0,0.0,0.0,107.76000213623047,88.70401000976562
2019-06-26,89.14852235825906,89.97991215823303,89.03328008340657,89.29669189453125,10324600.0,0.0,0.0,108.4800033569336,89.29669189453125
2019-06-27,89.59302520751953,90.17747625082471,89.26376515187488,89.59302520751953,10906600.0,0.0,0.0,108.83999633789062,89.59302520751953
2019-06-28,91.40400415205241,92.5482000178236,91.28876185479733,92.02960968017578,21634700.0,0.0,0.0,111.80000305175781,92.02960968017578
2019-07-01,93.20672008611538,94.26859449721586,93.08324441870757,93.57714080810547,12724500.0,0.0,0.0,113.68000030517578,93.57714080810547
2019-07-02,93.43720825036932,94.00518629396268,93.19849029224255,93.6759262084961,10174900.0,0.0,0.0,113.80000305175781,93.6759262084961
2019-07-03,93.95776747003788,94.39713768809398,93.06246265843316,93.52669525146484,6849400.0,0.8,0.0,112.81999969482422,93.52669525146484
2019-07-05,94.0986985225429,94.7287266489781,93.60959091616617,94.08211517333984,7929400.0,0.0,0.0,113.48999786376953,94.08211517333984
2019-07-08,93.64275948520695,94.07383805648885,93.26142464119305,93.56815338134766,6917200.0,0.0,0.0,112.87000274658203,93.56815338134766
2019-07-09,93.07903738413002,94.08211496912159,92.97127091332243,93.96605682373047,8947300.0,0.0,0.0,113.3499984741211,93.96605682373047
2019-07-10,93.98263366270241,94.36396844610019,93.4603657199254,93.6924819946289,9242300.0,0.0,0.0,113.0199966430664,93.6924819946289
2019-07-11,93.98260932729245,94.80330775025611,93.775361803586,94.5877685546875,11595200.0,0.0,0.0,114.0999984741211,94.5877685546875
2019-07-12,94.61267980062352,95.62404918315715,94.44688423696357,95.58260345458984,10783400.0,0.0,0.0,115.30000305175781,95.58260345458984
2019-07-15,95.78156388322662,95.80643258647116,94.11529119419025,94.4220199584961,12946600.0,0.0,0.0,113.9000015258789,94.4220199584961
2019-07-16,94.07383633416133,95.74839421197244,93.60959739476522,95.43338012695312,16945000.0,0.0,0.0,115.12000274658203,95.43338012695312
2019-07-17,94.8613703434181,95.28415721217515,94.28107960174744,94.49661254882812,13120900.0,0.0,0.0,113.98999786376953,94.49661254882812
2019-07-18,94.44688209071717,95.39193069643304,94.13186799704361,95.06033325195312,9397200.0,0.0,0.0,114.66999816894531,95.06033325195312
2019-07-19,95.24270910834487,95.43337968833221,94.00751515008079,94.12357330322266,10402800.0,0.0,0.0,113.54000091552734,94.12357330322266
2019-07-22,93.60131567298771,94.87795541290804,93.48525119011786,94.7287368774414,9061100.0,0.0,0.0,114.2699966430664,94.7287368774414
2019-07-23,95.23442551655575,96.53594033699855,95.18468811090047,96.46133422851562,12752200.0,0.0,0.0,116.36000061035156,96.46133422851562
2019-07-24,95.81470657714966,96.89239024190202,95.76496285514655,96.85094451904297,10011000.0,0.0,0.0,116.83000183105469,96.85094451904297
2019-07-25,96.90067122559114,97.1908165523715,95.5991567671531,95.9224624633789,10138400.0,0.0,0.0,115.70999908447266,95.9224624633789
2019-07-26,95.97221116342064,96.58566858340309,95.77325524799919,96.34526062011719,12800400.0,0.0,0.0,116.22000122070312,96.34526062011719
2019-07-29,96.5442053799697,97.14107938196048,95.98878342105364,96.03852081298828,8500400.0,0.0,0.0,115.8499984741211,96.03852081298828
2019-07-30,95.4914145470402,96.22921556155761,95.13494839089283,95.82300567626953,7121100.0,0.0,0.0,115.58999633789062,95.82300567626953
2019-07-31,96.24577771334313,96.31209845881726,95.2178314572716,96.16287994384766,13648000.0,0.0,0.0,116.0,96.16287994384766
2019-08-01,95.6074536251364,96.82607038838893,93.34430730413969,93.62616729736328,15664500.0,0.0,0.0,112.94000244140625,93.62616729736328
2019-08-02,93.17851789526917,94.03237695564225,92.34952753378937,93.61788177490234,11025500.0,0.0,0.0,112.93000030517578,93.61788177490234
2019-08-05,91.84385072330224,92.0013609292899,89.75479129276343,90.83248138427734,15855300.0,0.0,0.0,109.56999969482422,90.83248138427734
2019-08-06,91.23041128731508,91.60345449974336,89.81283190081744,91.54542541503906,10203500.0,0.0,0.0,110.43000030517578,91.54542541503906
2019-08-07,89.53096320912833,89.76307950920082,87.82324500885656,89.55583190917969,17320900.0,0.0,0.0,108.02999877929688,89.55583190917969
2019-08-08,90.40142614183358,91.25528543543297,90.12785772989507,91.07290649414062,10903300.0,0.0,0.0,109.86000061035156,91.07290649414062
2019-08-09,90.6500981834629,91.56198635056091,89.7713703910387,90.97340393066406,9980800.0,0.0,0.0,109.73999786376953,90.97340393066406
2019-08-12,89.89572050661359,89.95374958130736,88.8760595373431,89.26568603515625,9393700.0,0.0,0.0,107.68000030517578,89.26568603515625
2019-08-13,89.4895038704686,91.46250490977664,88.72683428243582,90.64179992675781,12124700.0,0.0,0.0,109.33999633789062,90.64179992675781
2019-08-14,88.12166684293426,88.62735140564507,86.58802980783445,86.87818145751953,19491800.0,0.0,0.0,104.80000305175781,86.87818145751953
2019-08-15,86.89477899569667,88.18800207795664,86.49686079555002,87.20979309082031,13365600.0,0.0,0.0,105.19999694824219,87.20979309082031
2019-08-16,88.17970011901492,89.51437500240722,87.76520497074885,89.29883575439453,11830600.0,0.0,0.0,107.72000122070312,89.29883575439453
2019-08-19,90.8822206593617,90.98170179014554,89.87914297489847,90.10297393798828,8265400.0,0.0,0.0,108.69000244140625,90.10297393798828
2019-08-20,89.40660174475823,89.89570930597483,88.90091716056375,88.95894622802734,8374000.0,0.0,0.0,107.30999755859375,88.95894622802734
2019-08-21,89.70507284792572,89.88745179346476,89.07503821552625,89.20767974853516,8189300.0,0.0,0.0,107.61000061035156,89.20767974853516
2019-08-22,89.8377003618506,90.58378673216221,89.47294252769261,90.12784576416016,9343400.0,0.0,0.0,108.72000122070312,90.12784576416016
2019-08-23,89.53098392782572,90.17759557757527,87.13520162314016,87.88957977294922,14762300.0,0.0,0.0,106.0199966430664,87.88957977294922
2019-08-26,88.38696016030615,88.69368256548267,87.88127550211817,88.59420776367188,8209500.0,0.0,0.0,106.87000274658203,88.59420776367188
2019-08-27,88.99212293632489,89.16621017067554,86.91135515008493,87.6574478149414,14331800.0,0.0,0.0,105.73999786376953,87.6574478149414
2019-08-28,87.11030656082771,88.87605371048302,87.07714618822034,88.53617095947266,10585500.0,0.0,0.0,106.80000305175781,88.53617095947266
2019-08-29,89.64702433056033,91.09775757879352,89.54754320236269,90.5423355102539,10002200.0,0.0,0.0,109.22000122070312,90.5423355102539
2019-08-30,91.05632314055245,91.6531973758015,90.7496006708301,91.07290649414062,10170300.0,0.0,0.0,109.86000061035156,91.07290649414062
2019-09-03,90.34338190615455,90.35166725686321,88.96725472509385,89.99520111083984,9868800.0,0.0,0.0,108.55999755859375,89.99520111083984
2019-09-04,90.73298838574753,91.37131447673146,89.99518750373855,91.08116912841797,6929200.0,0.0,0.0,109.87000274658203,91.08116912841797
2019-09-05,92.22518445624117,94.27279181072645,92.18373240525925,93.15365600585938,13224700.0,0.0,0.0,112.37000274658203,93.15365600585938
2019-09-06,93.3940521433814,93.65932879181747,92.81375512670026,93.35260009765625,7836600.0,0.0,0.0,112.61000061035156,93.35260009765625
2019-09-09,94.26447842346717,96.21260420169715,94.17328899206676,95.66547393798828,13985100.0,0.0,0.0,115.4000015258789,95.66547393798828
2019-09-10,96.41159281827991,97.21570824998774,95.939068510095,96.88411712646484,14333100.0,0.0,0.0,116.87000274658203,96.88411712646484
2019-09-11,96.90068390388859,97.15766889484694,95.64890667349172,97.14938354492188,9919200.0,0.0,0.0,117.19000244140625,97.14938354492188
2019-09-12,96.61884168236897,98.21050186476626,96.09657363914508,97.74626922607422,12283500.0,0.0,0.0,117.91000366210938,97.74626922607422
2019-09-13,98.64986410438824,99.8104520058495,98.44261649072355,99.66952514648438,16257200.0,0.0,0.0,120.2300033569336,99.66952514648438
2019-09-16,98.56695432841346,99.37107598352328,98.13587580262319,98.7824935913086,11993900.0,0.0,0.0,119.16000366210938,98.7824935913086
2019-09-17,98.16906140492055,98.32657163651915,97.19085228308488,98.29341125488281,10735400.0,0.0,0.0,118.56999969482422,98.29341125488281
2019-09-18,98.08615130681753,99.54517629227969,97.61362699600303,99.27989959716797,10665600.0,0.0,0.0,119.76000213623047,99.27989959716797
2019-09-19,99.23015094953948,99.76070431346218,98.72446628631705,98.96487426757812,9382600.0,0.0,0.0,119.37999725341797,98.96487426757812
2019-09-20,99.26331980305564,99.76071283362666,98.54210212237109,98.56697082519531,21862800.0,0.0,0.0,118.9000015258789,98.56697082519531
2019-09-23,97.63847359557124,98.74932385311709,97.5555758329947,98.55036163330078,9135100.0,0.0,0.0,118.87999725341797,98.55036163330078
2019-09-24,98.44261442693579,98.86540132086294,97.02504153815133,97.26544952392578,11696500.0,0.0,0.0,117.33000183105469,97.26544952392578
2019-09-25,97.21569607484597,98.11929884995729,97.0913525814451,97.82086181640625,9389400.0,0.0,0.0,118.0,97.82086181640625
2019-09-26,97.72137941866491,97.86231258383309,96.95041814619235,97.01673889160156,9899200.0,0.0,0.0,117.02999877929688,97.01673889160156
2019-09-27,97.78770867543224,98.35142241108696,97.22399493977753,97.58875274658203,10207800.0,0.0,0.0,117.72000122070312,97.58875274658203
2019-09-30,98.11929529037141,98.45917803449426,97.17424682664256,97.56387329101562,9755000.0,0.0,0.0,117.69000244140625,97.56387329101562
2019-10-01,98.15246201036805,98.64985497217961,95.67378255130932,95.78984069824219,11250300.0,0.0,0.0,115.55000305175781,95.78984069824219
2019-10-02,95.17637099225328,95.25098340548615,93.61787155961974,93.88314819335938,12548700.0,0.0,0.0,113.25,93.88314819335938
2019-10-03,93.8163039579711,94.35111374535055,92.3539494836193,93.74945831298828,12735200.0,0.9,0.0,112.19000244140625,93.74945831298828
2019-10-04,93.87480018139472,96.04744626822402,93.81630625600222,95.78004455566406,9453100.0,0.0,0.0,114.62000274658203,95.78004455566406
2019-10-07,95.42072261329695,96.51539737457311,95.32044458063544,95.57113647460938,6771600.0,0.0,0.0,114.37000274658203,95.57113647460938
2019-10-08,94.4764579644794,94.4764579644794,93.3065794277035,93.44027709960938,10806300.0,0.0,0.0,111.81999969482422,93.44027709960938
2019-10-09,94.15055247316484,94.56001629357873,93.64917509906698,94.11712646484375,7273700.0,0.0,0.0,112.62999725341797,94.11712646484375
2019-10-10,94.54332894815182,96.43185755467321,94.4263410710131,95.43745422363281,10994100.0,0.0,0.0,114.20999908447266,95.43745422363281
2019-10-11,96.95828147933052,98.59611777107267,96.82458381029022,97.05020141601562,15076500.0,0.0,0.0,116.13999938964844,97.05020141601562
2019-10-14,96.80786484710035,97.66021216736311,96.64909926811771,97.30924224853516,8779000.0,0.0,0.0,116.44999694824219,97.30924224853516
2019-10-15,99.31476606496271,101.60439374988037,98.4958510655957,100.24231719970703,23379000.0,0.0,0.0,119.95999908447266,100.24231719970703
2019-10-16,100.24231463634436,100.7938342700826,99.75764702645802,100.00833892822266,11087700.0,0.0,0.0,119.68000030517578,100.00833892822266
2019-10-17,100.90246051938838,101.58767780164852,100.1754591298335,100.56820678710938,10818500.0,0.0,0.0,120.3499984741211,100.56820678710938
2019-10-18,100.27574667574567,101.12808771733098,100.15875881465278,100.74369812011719,10417400.0,0.0,0.0,120.55999755859375,100.74369812011719
2019-10-21,101.98879406210793,103.4260744208616,101.93865185311675,103.24224090576172,12714600.0,0.0,0.0,123.55000305175781,103.24224090576172
2019-10-22,103.15867035767988,104.53746312969731,102.88291690356455,104.2784194946289,12549100.0,0.0,0.0,124.79000091552734,104.2784194946289
2019-10-23,103.78538322056008,104.57923661487538,103.76031530685655,104.55416870117188,8828300.0,0.0,0.0,125.12000274658203,104.55416870117188
2019-10-24,104.69624694241335,105.00543282031626,103.67677573050955,104.4789810180664,8020500.0,0.0,0.0,125.02999877929688,104.4789810180664
2019-10-25,104.45389897599152,105.83269171754662,104.24499117803954,105.3145980834961,9055700.0,0.0,0.0,126.02999877929688,105.3145980834961
2019-10-28,105.76583407091616,106.30063749522091,105.62377830594514,105.7156982421875,9522200.0,0.0,0.0,126.51000213623047,105.7156982421875
2019-10-29,105.33966365807763,106.47612256370805,105.23939199751958,105.64884948730469,9797300.0,0.0,0.0,126.43000030517578,105.64884948730469
2019-10-30,105.33131316151922,105.50679494489641,104.38704584455061,105.06391143798828,8513700.0,0.0,0.0,125.7300033569336,105.06391143798828
2019-10-31,104.86334867345084,105.0639047348234,103.50127222726674,104.38703918457031,11589100.0,0.0,0.0,124.91999816894531,104.38703918457031
2019-11-01,105.45665562469227,106.95243624815829,105.30624175262977,106.79367065429688,11682600.0,0.0,0.0,127.80000305175781,106.79367065429688
2019-11-04,107.86327850706016,108.14739005931499,107.42874670608661,107.6460189819336,9159900.0,0.0,0.0,128.82000732421875,107.6460189819336
2019-11-05,108.12232470060982,108.88275218262127,107.66272497243143,107.87999725341797,13747600.0,0.0,0.0,129.10000610351562,107.87999725341797
2019-11-06,107.53737599372866,108.49834672720145,107.44545605612277,108.04711151123047,11231100.0,0.0,0.0,129.3000030517578,108.04711151123047
2019-11-07,108.99134952564222,109.70999272412871,108.56518228902446,108.63203430175781,13528900.0,0.0,0.0,130.0,108.63203430175781
2019-11-08,108.53179981891184,108.96631892437992,108.00534800758001,108.94961547851562,9293400.0,0.0,0.0,130.3800048828125,108.94961547851562
2019-11-11,108.29780545984195,108.71562104764887,108.08889766593849,108.56520080566406,8679000.0,0.0,0.0,129.9199981689453,108.56520080566406
2019-11-12,108.32287769313503,109.15014442950942,107.8047776731119,107.93013000488281,9099000.0,0.0,0.0,129.16000366210938,107.93013000488281
2019-11-13,107.06942943145994,107.64601699793393,106.47612567083186,107.36189270019531,8023300.0,0.0,0.0,128.47999572753906,107.36189270019531
2019-11-14,106.72682152995746,107.66272442569843,106.61818539001588,107.4621810913086,8483400.0,0.0,0.0,128.60000610351562,107.4621810913086
2019-11-15,107.98861930139564,108.23931121826172,107.29504385671176,108.23931121826172,10163600.0,0.0,0.0,129.52999877929688,108.23931121826172
2019-11-18,108.26436429139254,109.17519913876357,107.78806119029859,109.15013122558594,8749300.0,0.0,0.0,130.6199951171875,109.15013122558594
2019-11-19,109.45933395433651,109.67659347305248,108.78246198115512,109.1167221069336,8824500.0,0.0,0.0,130.5800018310547,109.1167221069336
2019-11-20,108.88273200992865,109.15012732450622,107.74627323385764,108.32286071777344,11782800.0,0.0,0.0,129.6300048828125,108.32286071777344
2019-11-21,108.63205529664272,109.23371077680481,108.12231975791428,108.57355499267578,7705500.0,0.0,0.0,129.92999267578125,108.57355499267578
2019-11-22,108.7573871353111,109.65151857023253,108.7156157791306,109.29219055175781,8167900.0,0.0,0.0,130.7899932861328,109.29219055175781
2019-11-25,109.67660302571713,110.36182678020491,109.35905906625,109.87715911865234,10068500.0,0.0,0.0,131.49000549316406,109.87715911865234
2019-11-26,110.15288678785122,110.15288678785122,108.93285989264281,110.02753448486328,10490700.0,0.0,0.0,131.6699981689453,110.02753448486328
2019-11-27,110.54564619626551,110.66263405461618,110.01084273655955,110.35345458984375,6607900.0,0.0,0.0,132.05999755859375,110.35345458984375
2019-11-29,110.19466498376687,110.64591290140847,109.8437014648891,110.10274505615234,5712000.0,0.0,0.0,131.75999450683594,110.10274505615234
2019-12-02,110.56237031565267,110.92169838894945,109.76017144395209,109.86044311523438,8615600.0,0.0,0.0,131.47000122070312,109.86044311523438
2019-12-03,108.43985994852353,108.59863191012964,107.4538085425739,108.44821166992188,10361300.0,0.0,0.0,129.77999877929688,108.44821166992188
2019-12-04,108.9495952901806,110.69606136353138,108.6236996461069,110.5874252319336,10318200.0,0.0,0.0,132.33999633789062,110.5874252319336
2019-12-05,110.87154297359909,111.3979947168473,110.4537273680295,111.1890869140625,9587400.0,0.0,0.0,133.05999755859375,111.1890869140625
2019-12-06,112.55114945048787,113.46198424522166,112.51771706770387,112.84361267089844,10170600.0,0.0,0.0,135.0399932861328,112.84361267089844
2019-12-09,112.50102431887167,113.1945996942976,112.31718444824219,112.31718444824219,8498200.0,0.0,0.0,134.41000366210938,112.31718444824219
2019-12-10,111.34785603236088,112.61801901096166,111.03867657238888,112.39239501953125,7532900.0,0.0,0.0,134.5,112.39239501953125
2019-12-11,112.21691231597491,112.82693229466338,111.98293659152917,112.12499237060547,9011900.0,0.0,0.0,134.17999267578125,112.12499237060547
2019-12-12,112.3840321127929,115.7098403467383,112.15005642301094,115.33380889892578,13717400.0,0.0,0.0,138.02000427246094,115.33380889892578
2019-12-13,115.27533492830197,116.01069455025842,113.8296963539755,114.32271575927734,10592100.0,0.0,0.0,136.80999755859375,114.32271575927734
2019-12-16,115.6346581354535,116.01904137563501,114.74889103769827,114.76559448242188,11372000.0,0.0,0.0,137.33999633789062,114.76559448242188
2019-12-17,115.09149775425814,115.87699323258606,114.67368209563453,115.467529296875,11546800.0,0.0,0.0,138.17999267578125,115.467529296875
2019-12-18,115.44246011505375,116.16946802359998,115.08314477291312,115.35054016113281,10381500.0,0.0,0.0,138.0399932861328,115.35054016113281
2019-12-19,115.11657072216455,115.50096675527367,114.56506371914372,114.77397155761719,9350400.0,0.0,0.0,137.35000610351562,114.77397155761719
2019-12-20,115.33383638128922,116.05247981420996,114.39792064842759,114.68204498291016,29992600.0,0.0,0.0,137.24000549316406,114.68204498291016
2019-12-23,114.98286549826922,115.24190914655047,114.38120997612909,114.64860534667969,9738400.0,0.0,0.0,137.1999969482422,114.64860534667969
2019-12-24,114.7572177183325,115.00790959241468,114.5315937565867,114.96612548828125,3324300.0,0.0,0.0,137.5800018310547,114.96612548828125
2019-12-26,115.22520913920219,116.23632870757064,115.13328917844143,116.1861801147461,6770900.0,0.0,0.0,139.0399932861328,116.1861801147461
2019-12-27,116.40344894846599,116.79619670080815,115.87699712070471,116.26974487304688,7868200.0,0.0,0.0,139.13999938964844,116.26974487304688
2019-12-30,116.90480172628888,117.05522197516802,115.70985521073757,115.84355926513672,6963000.0,0.0,0.0,138.6300048828125,115.84355926513672
2019-12-31,115.74325783312173,116.55382101151204,115.55941797303,116.48696899414062,7201600.0,0.0,0.0,139.39999389648438,116.48696899414062
2020-01-02,116.81287735242124,117.9075649117361,116.36999384590145,117.89920043945312,10803700.0,0.0,0.0,141.08999633789062,117.89920043945312
2020-01-03,115.63693506135392,117.0918543602765,115.28371832689417,116.34336853027344,10386800.0,0.9,0.0,138.33999633789062,116.34336853027344
2020-01-06,114.84636279269165,116.28447098652393,114.79590510739493,116.25082397460938,10259000.0,0.0,0.0,138.22999572753906,116.25082397460938
2020-01-07,115.45187910588538,115.93965811138911,114.22403267183715,114.27449035644531,10531300.0,0.0,0.0,135.8800048828125,114.27449035644531
2020-01-08,114.12311528963275,115.70419133098385,114.0390234181717,115.16595458984375,9695300.0,0.0,0.0,136.94000244140625,115.16595458984375
2020-01-09,116.09948720214562,116.25086030534295,115.25007312560803,115.58647918701172,9469000.0,0.0,0.0,137.44000244140625,115.58647918701172
2020-01-10,115.39303797081031,115.42667215607003,114.2156361654825,114.4343032836914,10190900.0,0.0,0.0,136.07000732421875,114.4343032836914
2020-01-13,114.53524225180394,115.3846435546875,114.17360731477984,115.3846435546875,12355200.0,0.0,0.0,137.1999969482422,115.3846435546875
2020-01-14,116.00695251282826,118.3785537875188,115.79670358130076,116.73020935058594,24906000.0,0.0,0.0,138.8000030517578,116.73020935058594
2020-01-15,115.93124801395429,116.56199471080372,114.50154523503608,114.98091888427734,16293400.0,0.0,0.0,136.72000122070312,114.98091888427734
2020-01-16,115.59484756160325,115.97329303115703,115.08183971051812,115.42665100097656,10783800.0,0.0,0.0,137.25,115.42665100097656
2020-01-17,115.67054855687206,116.30129536254609,115.48554129984484,116.2256088256836,14697700.0,0.0,0.0,138.1999969482422,116.2256088256836
2020-01-21,115.37623236726678,116.1163128836081,114.95573440708726,115.08187866210938,8474200.0,0.0,0.0,136.83999633789062,115.08187866210938
2020-01-22,115.41827221567603,115.55282179558475,114.6950152892826,114.94730377197266,7549100.0,0.0,0.0,136.67999267578125,114.94730377197266
2020-01-23,114.1315441143198,114.99776874994944,113.29895366389925,114.82955932617188,9345700.0,0.0,0.0,136.5399932861328,114.82955932617188
2020-01-24,114.68660738736837,114.73706508842444,111.28058424029193,111.97859954833984,15166400.0,0.0,0.0,133.14999389648438,111.97859954833984
2020-01-27,109.55653403823759,111.80199143966892,109.08557841086929,111.03668212890625,12860500.0,0.0,0.0,132.02999877929688,111.03668212890625
2020-01-28,111.7178886123983,113.50921392707716,111.4151295850241,113.05506896972656,13062800.0,0.0,0.0,134.42999267578125,113.05506896972656
2020-01-29,113.37465047937934,113.98857386755542,112.43273921723757,112.88687133789062,9326000.0,0.0,0.0,134.22999572753906,112.88687133789062
2020-01-30,111.59172934499789,114.4847568099499,111.59172934499789,114.28291320800781,9048900.0,0.0,0.0,135.88999938964844,114.28291320800781
2020-01-31,113.1055419675051,113.39147749054321,110.56573078429983,111.31421661376953,12785200.0,0.0,0.0,132.36000061035156,111.31421661376953
2020-02-03,111.56650490991228,112.89527980193637,111.56650490991228,112.16360473632812,10021100.0,0.0,0.0,133.3699951171875,112.16360473632812
2020-02-04,113.99699508543418,114.88004333357934,113.60172599181281,113.77832794189453,9157100.0,0.0,0.0,135.2899932861328,113.77832794189453
2020-02-05,114.85480943891878,115.83035487253964,114.3838409833694,115.71261596679688,10150700.0,0.0,0.0,137.58999633789062,115.71261596679688
2020-02-06,116.25924727771714,116.30128679560409,115.3089180540799,115.72941589355469,8992300.0,0.0,0.0,137.61000061035156,115.72941589355469
2020-02-07,114.98935006027213,115.7798881511806,114.62772803245248,115.35939025878906,6379800.0,0.0,0.0,137.1699981689453,115.35939025878906
2020-02-10,115.17437412626668,115.93127805818648,115.00617753003264,115.8387680053711,5960700.0,0.0,0.0,137.74000549316406,115.8387680053711
2020-02-11,116.27607310854364,116.74704152951017,115.87239872314967,116.05741882324219,6578600.0,0.0,0.0,138.0,116.05741882324219
2020-02-12,116.56202142941765,117.1422977441689,115.88922223204281,116.05741882324219,7958000.0,0.0,0.0,138.0,116.05741882324219
2020-02-13,115.84720175033398,116.34338632229459,114.71185199034737,115.95653533935547,7447500.0,0.0,0.0,137.8800048828125,115.95653533935547
2020-02-14,115.92285641666807,116.2172100756985,115.16596533998602,115.60328674316406,6627600.0,0.0,0.0,137.4600067138672,115.60328674316406
2020-02-18,115.50233710365872,115.8135142138776,113.57646275130114,114.07264709472656,8996400.0,0.0,0.0,135.63999938964844,114.07264709472656
2020-02-19,115.14076083864512,116.38543127578392,114.66138697816285,115.6285400390625,7071200.0,0.0,0.0,137.49000549316406,115.6285400390625
2020-02-20,115.35941517017841,116.36020242339855,114.82117826499028,115.6285400390625,7422800.0,0.0,0.0,137.49000549316406,115.6285400390625
2020-02-21,114.83797871691877,115.1491430555738,113.46715146054775,114.21563720703125,9772800.0,0.0,0.0,135.80999755859375,114.21563720703125
2020-02-24,110.54048574388102,112.02063367509348,110.00224896593313,111.14600372314453,13618400.0,0.0,0.0,132.16000366210938,111.14600372314453
2020-02-25,110.1704222168255,111.20484319871764,105.62063299812961,106.1841049194336,20797200.0,0.0,0.0,126.26000213623047,106.1841049194336
2020-02-26,106.74761273208529,108.44642167288517,106.25142180118853,106.50372314453125,24825600.0,0.0,0.0,126.63999938964844,106.50372314453125
2020-02-27,103.36680493538914,105.64590296153398,102.01280107827777,102.07167053222656,23005500.0,0.0,0.0,121.37000274658203,102.07167053222656
2020-02-28,98.83381084245806,99.64957768982363,94.74657768473043,97.64801025390625,45931400.0,0.0,0.0,116.11000061035156,97.64801025390625
2020-03-02,98.08535298719396,102.24828668966812,96.26039335935405,102.19782257080078,27355400.0,0.0,0.0,121.5199966430664,102.19782257080078
2020-03-03,101.735264260615,103.40043237290233,97.75735125230396,98.36286926269531,32547700.0,0.0,0.0,116.95999908447266,98.36286926269531
2020-03-04,99.51505443036163,101.07930744409786,96.46223496018766,100.79336547851562,25795900.0,0.0,0.0,119.8499984741211,100.79336547851562
2020-03-05,97.2779874837236,97.9171461200698,94.67931341231018,95.84829711914062,25025600.0,0.0,0.0,113.97000122070312,95.84829711914062
2020-03-06,89.36422417787799,92.77866540405694,88.32138466493645,90.89483642578125,38159400.0,0.0,0.0,108.08000183105469,90.89483642578125
2020-03-09,81.21497164751592,83.45202376187022,78.21261662097521,78.58265686035156,40352000.0,0.0,0.0,93.44000244140625,78.58265686035156
2020-03-10,83.25858784221472,85.17605732348979,79.54138778351208,84.68827819824219,31102700.0,0.0,0.0,100.69999694824219,84.68827819824219
2020-03-11,82.16528085762313,84.14162597066118,79.51614942170762,80.70195007324219,38127000.0,0.0,0.0,95.95999908447266,80.70195007324219
2020-03-12,75.34484155174667,81.5429854503452,72.59478698072778,74.04971313476562,49725200.0,0.0,0.0,88.05000305175781,74.04971313476562
2020-03-13,80.72717962354774,87.45514557167638,77.37160840347931,87.38787078857422,38543300.0,0.0,0.0,103.91000366210938,87.38787078857422
2020-03-16,71.65282959146893,79.03677707442655,71.10618753080568,74.31037902832031,38589700.0,0.0,0.0,88.36000061035156,74.31037902832031
2020-03-17,76.43811561867528,81.9466412423421,73.5871400764453,78.85177612304688,35239800.0,0.0,0.0,93.76000213623047,78.85177612304688
2020-03-18,73.73010304982311,76.35401235546638,67.58242557125796,70.55113983154297,41525600.0,0.0,0.0,83.88999938964844,70.55113983154297
2020-03-19,68.59162441021337,74.10015019074883,64.68099855924639,71.73695373535156,32175100.0,0.0,0.0,85.30000305175781,71.73695373535156
2020-03-20,72.57792729262435,75.23547021495554,69.36532416047241,70.22313690185547,30150800.0,0.0,0.0,83.5,70.22313690185547
2020-03-23,69.53354167046926,70.43340703201778,65.67336713069169,66.46390533447266,32536600.0,0.0,0.0,79.02999877929688,66.46390533447266
2020-03-24,71.40055571928539,75.77373198748495,69.71856385977945,74.36927032470703,34363200.0,0.0,0.0,88.43000030517578,74.36927032470703
2020-03-25,75.05044753092918,80.02073473810553,71.09777067297975,77.14453125,38111700.0,0.0,0.0,91.7300033569336,77.14453125
2020-03-26,79.12089247774875,82.89696211306381,78.66675394093144,82.51851654052734,29826300.0,0.0,0.0,98.12000274658203,82.51851654052734
2020-03-27,78.37239391660881,79.76003173426614,76.15216570881124,76.63993835449219,30041500.0,0.0,0.0,91.12999725341797,76.63993835449219
2020-03-30,76.23628061277203,79.12930218343509,75.10093741621921,78.63311767578125,21656900.0,0.0,0.0,93.5,78.63311767578125
2020-03-31,77.41366650045273,79.1965735025553,75.1345622201048,75.71485137939453,23379300.0,0.0,0.0,90.02999877929688,75.71485137939453
2020-04-01,71.56873857519153,72.79659162654521,70.01289768761337,70.94640350341797,28029600.0,0.0,0.0,84.36000061035156,70.94640350341797
2020-04-02,70.23155248861583,73.93193484054835,69.76900228851628,73.59553527832031,24018000.0,0.0,0.0,87.51000213623047,73.59553527832031
2020-04-03,73.0771998480112,74.33481032580613,70.33255332679745,71.42021942138672,21199400.0,0.9,0.0,84.05000305175781,71.42021942138672
2020-04-06,75.61791174234779,77.31738165037291,74.52175287371601,76.01728820800781,26820800.0,0.0,0.0,89.45999908447266,76.01728820800781
2020-04-07,80.25744587262857,80.29993520401645,76.79902564220791,77.01995849609375,22563800.0,0.0,0.0,90.63999938964844,77.01995849609375
2020-04-08,78.2605841845811,80.60585435950712,76.94349895931195,80.1300048828125,22903300.0,0.0,0.0,94.30000305175781,80.1300048828125
2020-04-09,82.35630834153528,88.70382934304715,82.33081733076023,87.31876373291016,42055900.0,0.0,0.0,102.76000213623047,87.31876373291016
2020-04-13,87.61618069013726,87.61618069013726,82.67922217117957,83.43548583984375,26911900.0,0.0,0.0,98.19000244140625,83.43548583984375
2020-04-14,85.84023092013322,86.67297411214618,79.56918865647435,81.14969635009766,46151300.0,0.0,0.0,95.5,81.14969635009766
2020-04-15,77.45337379314297,78.20113852232478,76.58664015778379,77.14746856689453,30118600.0,0.0,0.0,90.79000091552734,77.14746856689453
2020-04-16,76.67159211746647,76.96049890645396,73.96943455057195,74.20735931396484,32449600.0,0.0,0.0,87.33000183105469,74.20735931396484
2020-04-17,78.17561955564989,81.31963644459388,77.29189438271736,80.87777709960938,30191900.0,0.0,0.0,95.18000030517578,80.87777709960938
2020-04-20,78.57497658219829,80.47838068478694,76.86700784964118,77.9291763305664,23679400.0,0.0,0.0,91.70999908447266,77.9291763305664
2020-04-21,75.30350565747224,77.64876920428621,75.05708177001725,75.66889190673828,23035000.0,0.0,0.0,89.05000305175781,75.66889190673828
2020-04-22,77.06245329048592,78.06514064248063,75.77935189056065,75.9153060913086,16662400.0,0.0,0.0,89.33999633789062,75.9153060913086
2020-04-23,76.25522305432611,77.56381583472347,75.84735385285612,75.95781707763672,16638800.0,0.0,0.0,89.38999938964844,75.95781707763672
2020-04-24,77.01997133057061,77.41084860921961,75.19303998680465,77.07945251464844,15809200.0,0.0,0.0,90.70999908447266,77.07945251464844
2020-04-27,78.12464159776209,81.26015948476388,77.78474628540593,80.40193176269531,22870200.0,0.0,0.0,94.62000274658203,80.40193176269531
2020-04-28,83.11256621950128,83.57992299489393,80.75030429943496,80.97123718261719,20238900.0,0.0,0.0,95.29000091552734,80.97123718261719
2020-04-29,84.19175290345144,84.5061507325396,82.65372800715686,83.15507507324219,20462600.0,0.0,0.0,97.86000061035156,83.15507507324219
2020-04-30,81.2346447902557,82.2883141167386,80.34242714874429,81.37060546875,19127600.0,0.0,0.0,95.76000213623047,81.37060546875
2020-05-01,79.45023437990899,79.65416899517281,78.03967095716999,79.23780059814453,18547700.0,0.0,0.0,93.25,79.23780059814453
2020-05-04,78.19260802336623,78.74493704294645,77.15593681975562,78.2945785522461,15725900.0,0.0,0.0,92.13999938964844,78.2945785522461
2020-05-05,79.5776773316029,80.05352681690104,78.09064120708322,78.17561340332031,18064100.0,0.0,0.0,92.0,78.17561340332031
2020-05-06,78.3115713281369,78.82141097045265,76.41665965269077,76.70556640625,20978000.0,0.0,0.0,90.2699966430664,76.70556640625
2020-05-07,77.61477379843984,78.94886366286633,76.96898001585724,77.50431060791016,16771900.0,0.0,0.0,91.20999908447266,77.50431060791016
2020-05-08,78.8553949292562,79.94305447592807,78.269075821175,78.77041625976562,20487800.0,0.0,0.0,92.69999694824219,78.77041625976562
2020-05-11,77.4193503826359,77.4193503826359,75.90682323685743,76.45065307617188,31907600.0,0.0,0.0,89.97000122070312,76.45065307617188
2020-05-12,76.60360606940445,77.14743591188332,73.84196751686271,73.95243072509766,27962900.0,0.0,0.0,87.02999877929688,73.95243072509766
2020-05-13,73.40010465016621,73.80798028980062,70.8678980605236,71.40322875976562,35451600.0,0.0,0.0,84.02999877929688,71.40322875976562
2020-05-14,70.29007357841785,74.87014427589257,70.01815866349595,74.3687973022461,35152500.0,0.0,0.0,87.5199966430664,74.3687973022461
2020-05-15,73.79947888319107,74.16486516988216,72.48239360453299,72.99223327636719,26099000.0,0.0,0.0,85.9000015258789,72.99223327636719
2020-05-18,75.36299920532232,77.45334652683343,74.67470944708269,76.85852813720703,30504400.0,0.0,0.0,90.44999694824219,76.85852813720703
2020-05-19,76.5186391170174,77.49582917775825,75.2780203156764,75.34600067138672,19597300.0,0.0,0.0,88.66999816894531,75.34600067138672
2020-05-20,77.07946231166422,78.50701739394123,76.79055551884042,77.6063003540039,20552400.0,0.0,0.0,91.33000183105469,77.6063003540039
2020-05-21,76.70557003660255,77.97167976254767,76.19573037015691,76.62059783935547,14621400.0,0.0,0.0,90.16999816894531,76.62059783935547
2020-05-22,76.48462965563745,76.78203553318286,75.38847100728843,76.02577209472656,13557900.0,0.0,0.0,89.47000122070312,76.02577209472656
2020-05-26,78.93188414565084,82.84916303981132,78.69395938137478,81.4216079711914,41233900.0,0.0,0.0,95.81999969482422,81.4216079711914
2020-05-27,86.73245383166474,87.16582051009046,83.95382314956004,86.13764190673828,39402000.0,0.0,0.0,101.37000274658203,86.13764190673828
2020-05-28,87.47170760100751,87.48020028178112,84.46364545173216,84.85452270507812,24713900.0,0.0,0.0,99.86000061035156,84.85452270507812
2020-05-29,83.83485336368409,84.27671268562756,82.23734750697058,82.68770599365234,26526400.0,0.0,0.0,97.30999755859375,82.68770599365234
2020-06-01,83.06160858048459,84.55714421772645,82.74720424994442,83.78388214111328,15176800.0,0.0,0.0,98.5999984741211,83.78388214111328
2020-06-02,85.21141851826837,85.33038089091349,83.214542711196,84.06427764892578,21195000.0,0.0,0.0,98.93000030517578,84.06427764892578
2020-06-03,86.31607744801146,89.15418905837475,85.87421164523576,88.60186004638672,25941100.0,0.0,0.0,104.2699966430664,88.60186004638672
2020-06-04,88.21947029196474,90.5902312590753,87.34424444937143,90.4457778930664,26784700.0,0.0,0.0,106.44000244140625,90.4457778930664
2020-06-05,97.6600384632207,98.37381271232482,93.07146841781511,94.51602172851562,42231000.0,0.0,0.0,111.2300033569336,94.51602172851562
2020-06-08,96.36845160698583,97.03124388446543,95.11934009190641,96.40243530273438,24881800.0,0.0,0.0,113.44999694824219,96.40243530273438
2020-06-09,94.02317412253099,94.85591074846037,92.62960931415007,93.92970275878906,17031100.0,0.0,0.0,110.54000091552734,93.92970275878906
2020-06-10,93.86172173162181,93.90421107227657,89.94444309629861,90.12288665771484,24913300.0,0.0,0.0,106.05999755859375,90.12288665771484
2020-06-11,84.99898198349686,86.31607368677093,82.03340896375205,82.60272979736328,36259200.0,0.0,0.0,97.20999908447266,82.60272979736328
2020-06-12,85.57679601316113,85.93368309444872,82.7046945524295,84.86302185058594,24856800.0,0.0,0.0,99.87000274658203,84.86302185058594
2020-06-15,81.93144587699531,86.18861997638668,81.46409552400115,86.0356674194336,22153600.0,0.0,0.0,101.25,86.0356674194336
2020-06-16,89.5365647914436,89.79998052425869,84.38716711651189,86.72393798828125,22193600.0,0.0,0.0,102.05999755859375,86.72393798828125
2020-06-17,87.1233269117172,87.13182607679082,84.30220702287762,84.5316390991211,15639800.0,0.0,0.0,99.4800033569336,84.5316390991211
2020-06-18,83.84334473083935,85.41535306868971,83.38448708661393,84.0727767944336,16591900.0,0.0,0.0,98.94000244140625,84.0727767944336
2020-06-19,85.42385177117934,85.48333295716662,82.19486291578536,83.1125717163086,40371200.0,0.0,0.0,97.80999755859375,83.1125717163086
2020-06-22,82.63672815367232,83.23154005619459,82.0334170859816,82.21186065673828,16216900.0,0.0,0.0,96.75,82.21186065673828
2020-06-23,84.09827135389673,84.94800632728891,83.14656584983071,83.21454620361328,15381400.0,0.0,0.0,97.93000030517578,83.21454620361328
2020-06-24,82.21185601094068,82.28832904424482,80.13850066851965,80.4359130859375,22919800.0,0.0,0.0,94.66000366210938,80.4359130859375
2020-06-25,80.17249228255838,83.45246975101551,80.09601924788235,83.24003601074219,25743600.0,0.0,0.0,97.95999908447266,83.24003601074219
2020-06-26,80.8183075625981,81.03924050842882,78.17563082792984,78.67697143554688,41896300.0,0.0,0.0,92.58999633789062,78.67697143554688
2020-06-29,79.36524010156357,80.29144802076307,78.328562497458,79.02534484863281,18499700.0,0.0,0.0,93.0,79.02534484863281
2020-06-30,78.88089322905049,80.43590966982472,78.65996033728295,79.92606353759766,19137000.0,0.0,0.0,94.05999755859375,79.92606353759766
2020-07-01,80.63135790378149,81.3281403813834,79.05085020139795,79.24629211425781,18755700.0,0.0,0.0,93.26000213623047,79.24629211425781
2020-07-02,81.28836709217849,81.47713150417434,78.87734621164661,79.50370025634766,27845600.0,0.9,0.0,92.66000366210938,79.50370025634766
2020-07-06,81.02238327270975,81.68305215899171,80.20727137395266,81.5114517211914,18625300.0,0.0,0.0,95.0,81.5114517211914
2020-07-07,80.49898258747062,80.7392257864948,78.93739524767723,79.21195983886719,25757200.0,0.0,0.0,92.31999969482422,79.21195983886719
2020-07-08,79.18621359346575,80.08712551201175,78.76578803147761,80.05281066894531,18762200.0,0.0,0.0,93.30000305175781,80.05281066894531
2020-07-09,80.24158587259457,80.75640027601123,77.89062584513087,78.31963348388672,25600800.0,0.0,0.0,91.27999877929688,78.31963348388672
2020-07-10,78.93740528142418,83.09019606930114,78.82586565230977,82.60112762451172,28954200.0,0.0,0.0,96.2699966430664,82.60112762451172
2020-07-13,84.71185248145842,85.17517497756414,82.56681425596571,83.78519439697266,32079200.0,0.0,0.0,97.6500015258789,83.78519439697266
2020-07-14,84.40295634850862,85.75861536965522,82.91858719387714,84.26567077636719,42731700.0,0.0,0.0,98.20999908447266,84.26567077636719
2020-07-15,86.56515663548157,86.90836403910548,84.64320433977912,85.56986236572266,22508400.0,0.0,0.0,99.7300033569336,85.56986236572266
2020-07-16,84.75473522891994,86.84829428373791,84.55739541081658,85.81009674072266,16886900.0,0.0,0.0,100.01000213623047,85.81009674072266
2020-07-17,85.80151543273496,85.87015821615381,84.2056067219952,84.22277069091797,16137700.0,0.0,0.0,98.16000366210938,84.22277069091797
2020-07-20,83.59641815537047,84.42011193185591,83.45055714775181,83.48487854003906,14458100.0,0.0,0.0,97.30000305175781,83.48487854003906
2020-07-21,83.8366584223697,85.84441725105083,83.77659762450217,85.2952880859375,17798100.0,0.0,0.0,99.41000366210938,85.2952880859375
2020-07-22,85.50121454449867,85.91305816770324,83.68221999462538,84.67752075195312,14271200.0,0.0,0.0,98.69000244140625,84.67752075195312
2020-07-23,84.51451084120893,85.24382256969744,84.05976375919154,84.92636108398438,12870200.0,0.0,0.0,98.9800033569336,84.92636108398438
2020-07-24,85.45830912608919,85.62991608677356,84.03400735615807,84.32572937011719,12744200.0,0.0,0.0,98.27999877929688,84.32572937011719
2020-07-27,83.66505232037642,83.76800994049478,82.51530870868216,83.14166259765625,11959100.0,0.0,0.0,96.9000015258789,83.14166259765625
2020-07-28,82.7984799928692,83.9911207872102,82.7984799928692,83.5020523071289,11754300.0,0.0,0.0,97.31999969482422,83.5020523071289
2020-07-29,83.28753447474641,85.55269405927227,83.22747367311642,85.5269546508789,12743500.0,0.0,0.0,99.68000030517578,85.5269546508789
2020-07-30,83.690785119877,83.86238550395393,82.4123445839393,83.24461364746094,14834800.0,0.0,0.0,97.0199966430664,83.24461364746094
2020-07-31,82.78131532248177,83.16741957176106,81.7259536703751,82.91859436035156,14535000.0,0.0,0.0,96.63999938964844,82.91859436035156
2020-08-03,83.24462595838324,83.71653690358755,82.2407498161879,82.45525360107422,12962800.0,0.0,0.0,96.0999984741211,82.45525360107422
2020-08-04,82.29224630623239,82.3265611558557,81.53718869178144,81.98336029052734,13366200.0,0.0,0.0,95.55000305175781,81.98336029052734
2020-08-05,82.25791662406355,84.48875475465462,82.12921303946217,83.40765380859375,15260900.0,0.0,0.0,97.20999908447266,83.40765380859375
2020-08-06,83.72510098662019,84.17126588348928,82.83276464674739,83.4333724975586,10482100.0,0.0,0.0,97.23999786376953,83.4333724975586
2020-08-07,83.16741937072327,85.36393634042584,82.84995136807781,85.2695541381836,14743700.0,0.0,0.0,99.37999725341797,85.2695541381836
2020-08-10,85.89590756500658,87.55187726636599,85.827264773643,86.35065460205078,14989900.0,0.0,0.0,100.63999938964844,86.35065460205078
2020-08-11,89.1134382067417,91.0868753203913,88.81313426669979,89.07911682128906,31518600.0,0.0,0.0,103.81999969482422,89.07911682128906
2020-08-12,91.08689911260396,91.3185603422513,87.2687274468988,88.32408905029297,19240800.0,0.0,0.0,102.94000244140625,88.32408905029297
2020-08-13,87.51753117360684,88.68443211294573,87.2086452457739,87.83499908447266,13598600.0,0.0,0.0,102.37000274658203,87.83499908447266
2020-08-14,87.08854202208673,88.64154742545092,87.01989923562712,87.86933898925781,12134400.0,0.0,0.0,102.41000366210938,87.86933898925781
2020-08-17,87.08853648072578,87.51754404959635,85.39824561199397,85.55268859863281,14988000.0,0.0,0.0,99.70999908447266,85.55268859863281
2020-08-18,85.72430158509563,85.72430158509563,84.1884535949463,84.36005401611328,13246500.0,0.0,0.0,98.31999969482422,84.36005401611328
2020-08-19,84.87484969405989,86.30773329901618,84.37719937921688,84.55738830566406,13533000.0,0.0,0.0,98.55000305175781,84.55738830566406
2020-08-20,83.45057780635197,84.11124676955886,83.05589151654635,83.54496002197266,13672600.0,0.0,0.0,97.37000274658203,83.54496002197266
2020-08-21,83.45914892183822,84.574571478021,83.17600883578721,83.5020523071289,12228300.0,0.0,0.0,97.31999969482422,83.5020523071289
2020-08-24,84.47159936915277,85.98170805324621,83.5878447024947,85.8530044555664,17898300.0,0.0,0.0,100.05999755859375,85.8530044555664
2020-08-25,86.89120631344647,87.50040293538385,85.62992932464562,86.23053741455078,13648900.0,0.0,0.0,100.5,86.23053741455078
2020-08-26,85.75001649429298,86.03315645370982,84.98638370984304,85.02069854736328,12052400.0,0.0,0.0,99.08999633789062,85.02069854736328
2020-08-27,84.94349141821688,88.07524771407519,84.94349141821688,87.81784057617188,22163900.0,0.0,0.0,102.3499984741211,87.81784057617188
2020-08-28,88.4956829923547,88.59006518355349,87.35452125959557,88.17821502685547,13756700.0,0.0,0.0,102.7699966430664,88.17821502685547
2020-08-31,87.62051582497645,87.67199464294387,85.81867864247798,85.96454620361328,14219400.0,0.0,0.0,100.19000244140625,85.96454620361328
2020-09-01,85.41541268127091,86.54799244235784,84.9778231122198,85.92163848876953,11595600.0,0.0,0.0,100.13999938964844,85.92163848876953
2020-09-02,85.75862473302547,87.46607985574339,85.42399929706583,87.21725463867188,14475700.0,0.0,0.0,101.6500015258789,87.21725463867188
2020-09-03,88.65011318746757,90.08299672538033,86.35063263096325,86.94266510009766,23281200.0,0.0,0.0,101.33000183105469,86.94266510009766
2020-09-04,89.27648512696896,90.27177936555245,86.97700410469275,88.82173156738281,26325500.0,0.0,0.0,103.5199966430664,88.82173156738281
2020-09-08,88.35840281329071,88.86462860841927,85.35534979556427,85.73287200927734,22108600.0,0.0,0.0,99.91999816894531,85.73287200927734
2020-09-09,86.487943342289,87.25157642221126,85.42399967572152,86.54800415039062,13434000.0,0.0,0.0,100.87000274658203,86.54800415039062
2020-09-10,87.00273069583848,87.87790319990118,85.49262231735409,85.65564727783203,15922800.0,0.0,0.0,99.83000183105469,85.65564727783203
2020-09-11,85.77578144265348,86.96842205879878,85.4497314738903,86.71959686279297,13784300.0,0.0,0.0,101.06999969482422,86.71959686279297
2020-09-14,87.097143419648,88.77027079916469,86.97702178963848,87.92083740234375,19017400.0,0.0,0.0,102.47000122070312,87.92083740234375
2020-09-15,88.14390264751432,88.24686027996765,85.06362473593752,85.18374633789062,23683000.0,0.0,0.0,99.27999877929688,85.18374633789062
2020-09-16,85.31245193456539,86.77107516186784,84.7375833193692,85.54411315917969,19270600.0,0.0,0.0,99.69999694824219,85.54411315917969
2020-09-17,84.68610061245774,85.23522983616077,83.83666736737598,84.56597900390625,18290100.0,0.0,0.0,98.55999755859375,84.56597900390625
2020-09-18,83.99110178381507,85.36392470272158,83.60499758810688,84.38578796386719,20121600.0,0.0,0.0,98.3499984741211,84.38578796386719
2020-09-21,81.68303785584087,82.41235595412725,80.49897933162494,81.77742004394531,28378800.0,0.0,0.0,95.30999755859375,81.77742004394531
2020-09-22,81.4771339837935,82.0777486353442,80.37029343569976,80.88510131835938,19257000.0,0.0,0.0,94.2699966430664,80.88510131835938
2020-09-23,81.32268622550599,81.811754667454,79.50369804302986,79.57233428955078,19952700.0,0.0,0.0,92.73999786376953,79.57233428955078
2020-09-24,79.21197165249846,80.91084481432397,78.40543518165697,79.50370025634766,18366500.0,0.0,0.0,92.66000366210938,79.50370025634766
2020-09-25,78.98028960840628,80.41317320054094,78.82584663435888,80.19866943359375,13293100.0,0.0,0.0,93.47000122070312,80.19866943359375
2020-09-28,81.56291489019132,83.16740551486109,80.95372494293447,82.5067367553711,20894100.0,0.0,0.0,96.16000366210938,82.5067367553711
2020-09-29,82.39520294790844,82.39520294790844,80.93657964954558,81.81175231933594,12848200.0,0.0,0.0,95.3499984741211,81.81175231933594
2020-09-30,81.81175514277037,83.39908209191942,81.73453691018432,82.60112762451172,16400600.0,0.0,0.0,96.2699966430664,82.60112762451172
2020-10-01,83.33044004167922,83.88814469454854,82.39520005329028,83.20173645019531,15778700.0,0.0,0.0,96.97000122070312,83.20173645019531
2020-10-02,81.72595945735513,84.59172749198152,81.58867386362726,83.99111938476562,15149600.0,0.0,0.0,97.88999938964844,83.99111938476562
2020-10-05,85.14286053833185,85.94821943306296,84.45873789812967,85.76636505126953,13871900.0,0.9,0.0,99.04000091552734,85.76636505126953
2020-10-06,86.65831200805233,87.3424345825821,84.4414131587567,84.883056640625,19220400.0,0.0,0.0,98.0199966430664,84.883056640625
2020-10-07,85.69707802203796,86.90078545178042,85.44594391417286,86.36388397216797,16358500.0,0.0,0.0,99.7300033569336,86.36388397216797
2020-10-08,87.03934939426283,88.26037351850523,86.51110290011651,88.1391372680664,15659000.0,0.0,0.0,101.77999877929688,88.1391372680664
2020-10-09,88.32964021372558,88.42489819740837,86.69294446772747,87.63685607910156,13689100.0,0.0,0.0,101.19999694824219,87.63685607910156
2020-10-12,87.55026558826357,89.1956230632331,87.33377135752757,88.71067810058594,16058000.0,0.0,0.0,102.44000244140625,88.71067810058594
2020-10-13,89.19562508194899,89.38614106640925,86.82285010930697,87.27315521240234,21697300.0,0.0,0.0,100.77999877929688,87.27315521240234
2020-10-14,87.48965489009663,88.26903550824073,86.6842960191611,86.78821563720703,15204100.0,0.0,0.0,100.22000122070312,86.78821563720703
2020-10-15,85.81833384905205,88.13915286465674,85.76637733449296,88.08719635009766,17171200.0,0.0,0.0,101.72000122070312,88.08719635009766
2020-10-16,87.81871522115281,88.61541233470176,87.2211890825516,87.90531158447266,13275000.0,0.0,0.0,101.51000213623047,87.90531158447266
2020-10-19,87.983261775152,88.21707926472993,86.21666790440398,86.42450714111328,11725700.0,0.0,0.0,99.80000305175781,86.42450714111328
2020-10-20,86.86615822074658,88.13048395657232,86.70162706928593,86.91812133789062,11257100.0,0.0,0.0,100.37000274658203,86.91812133789062
2020-10-21,86.90945468634767,87.45501783317377,86.0174994084293,86.05213928222656,10730500.0,0.0,0.0,99.37000274658203,86.05213928222656
2020-10-22,86.00883689152974,89.40346520570483,86.00017527145063,89.09171295166016,14837200.0,0.0,0.0,102.87999725341797,89.09171295166016
2020-10-23,89.62863629107791,90.45131195244635,89.13502957288055,89.89708709716797,15087600.0,0.0,0.0,103.80999755859375,89.89708709716797
2020-10-26,88.89252404734857,88.93581892526988,86.81417830763537,87.67149353027344,12410700.0,0.0,0.0,101.23999786376953,87.67149353027344
2020-10-27,87.03933957271522,87.3943866641138,85.87027208575596,86.01748657226562,10391700.0,0.0,0.0,99.33000183105469,86.01748657226562
2020-10-28,84.43274693526182,85.12553109132853,83.19439971593614,83.60140991210938,16389500.0,0.0,0.0,96.54000091552734,83.60140991210938
2020-10-29,83.23770843455318,84.84842612149207,82.47564447529956,84.14698028564453,14208800.0,0.0,0.0,97.16999816894531,84.14698028564453
2020-10-30,84.78780074861916,85.22944420701106,83.3329593043839,84.90037536621094,15194500.0,0.0,0.0,98.04000091552734,84.90037536621094
2020-11-02,86.06946054547956,87.35976453115316,84.74451668414535,86.81420135498047,15011600.0,0.0,0.0,100.25,86.81420135498047
2020-11-03,89.21296017086517,90.70244187729614,88.92719274193267,89.55069732666016,17482600.0,0.0,0.0,103.41000366210938,89.55069732666016
2020-11-04,87.46368415813494,88.39027935969341,85.67111188570384,86.81420135498047,18886500.0,0.0,0.0,100.25,86.81420135498047
2020-11-05,87.5156277524621,91.01417539529085,87.46367125007941,90.36469268798828,17837400.0,0.0,0.0,104.3499984741211,90.36469268798828
2020-11-06,90.95355991392195,91.01417803742142,88.6673812463998,89.1609878540039,12552800.0,0.0,0.0,102.95999908447266,89.1609878540039
2020-11-09,97.99396707375949,102.96467353772564,95.56056704762446,101.23271942138672,47792400.0,0.0,0.0,116.9000015258789,101.23271942138672
2020-11-10,101.6224032684657,101.70899965019132,99.31890780153839,100.90364074707031,20539300.0,0.0,0.0,116.5199966430664,100.90364074707031
2020-11-11,101.22404725812753,101.28466538161064,98.68673447768357,99.39683532714844,14443400.0,0.0,0.0,114.77999877929688,99.39683532714844
2020-11-12,97.44840282070679,98.68675034833637,97.04139252320265,98.17582702636719,22063000.0,0.0,0.0,113.37000274658203,98.17582702636719
2020-11-13,99.32756622209577,99.46612572311406,98.3490145219566,98.79066467285156,11847900.0,0.0,0.0,114.08000183105469,98.79066467285156
2020-11-16,102.0034360905535,102.71353699738056,100.21952550662027,101.57910919189453,19858600.0,0.0,0.0,117.30000305175781,101.57910919189453
2020-11-17,99.92508710665268,100.83436561401146,99.22364783958638,100.54859161376953,14553200.0,0.0,0.0,116.11000061035156,100.54859161376953
2020-11-18,101.6137292397162,102.71352363465994,99.76053914819175,99.80384063720703,12571200.0,0.0,0.0,115.25,99.80384063720703
2020-11-19,98.87724276890326,100.29744435725245,98.34033471208659,100.0722885131836,10202500.0,0.0,0.0,115.55999755859375,100.0722885131836
2020-11-20,99.09375245205756,100.15024549263386,98.7993168243636,99.2149887084961,12718900.0,0.0,0.0,114.56999969482422,99.2149887084961
2020-11-23,100.49661528098218,102.33248195988725,100.080943489282,102.07269287109375,13209200.0,0.0,0.0,117.87000274658203,102.07269287109375
2020-11-24,103.9778568879945,106.94815822691189,103.66610464315512,106.79228210449219,20121600.0,0.0,0.0,123.31999969482422,106.79228210449219
2020-11-25,105.10363710947192,105.97826917445335,104.32425644181669,105.67517852783203,11715600.0,0.0,0.0,122.02999877929688,105.67517852783203
2020-11-27,105.64919299107761,105.95228361680714,104.8524957443371,104.9737319946289,5983600.0,0.0,0.0,121.22000122070312,104.9737319946289
2020-11-30,103.91725666434553,104.5407612614326,101.98612473763869,102.08138275146484,14411800.0,0.0,0.0,117.87999725341797,102.08138275146484
2020-12-01,104.21165481518128,105.2854709058824,103.59681202174784,103.69207000732422,12668900.0,0.0,0.0,119.73999786376953,103.69207000732422
2020-12-02,103.65744071490177,105.91764113621304,103.28507035335178,105.68383026123047,10811300.0,0.0,0.0,122.04000091552734,105.68383026123047
2020-12-03,105.51931255981148,105.55395243803113,104.2290084788152,104.9910659790039,12904400.0,0.0,0.0,121.23999786376953,104.9910659790039
2020-12-04,106.06487690414944,106.76631623293964,105.38075421013394,105.94363403320312,13583700.0,0.0,0.0,122.33999633789062,105.94363403320312
2020-12-07,104.9131133263112,105.79640694627558,104.0990928440977,105.54527282714844,9724300.0,0.0,0.0,121.87999725341797,105.54527282714844
2020-12-08,104.81785569224768,105.93496680249112,104.5753831920795,105.6491928100586,9592100.0,0.0,0.0,122.0,105.6491928100586
2020-12-09,106.66237438863297,106.77495561530375,104.29826112485965,104.82650756835938,13073900.0,0.0,0.0,121.05000305175781,104.82650756835938
2020-12-10,103.90858187127826,104.59270451708959,103.53621148449184,104.15105438232422,13668400.0,0.0,0.0,120.2699966430664,104.15105438232422
2020-12-11,102.99931517897231,103.93456539660248,102.50570851162723,103.53621673583984,9981600.0,0.0,0.0,119.55999755859375,103.53621673583984
2020-12-14,105.07764010685302,105.14691984861307,102.28053825380938,102.44507598876953,12112400.0,0.0,0.0,118.30000305175781,102.44507598876953
2020-12-15,103.30241108165272,104.6966347685988,102.72220799890351,104.19436645507812,12590200.0,0.0,0.0,120.31999969482422,104.19436645507812
2020-12-16,104.1770368877139,104.85249789803675,103.7960048893245,104.49744415283203,11169400.0,0.0,0.0,120.66999816894531,104.49744415283203
2020-12-17,105.00838437235868,105.1729155277026,103.55354258872268,103.63147735595703,11618000.0,0.0,0.0,119.66999816894531,103.63147735595703
2020-12-18,103.1725085734811,103.8133297614553,102.41910613693143,103.12055206298828,28954800.0,0.0,0.0,119.08000183105469,103.12055206298828
2020-12-21,106.66239481977074,108.24713445382613,104.86116091680769,106.99147033691406,28323600.0,0.0,0.0,123.55000305175781,106.99147033691406
2020-12-22,106.85288458155763,106.96545919525485,105.31144682274135,105.3634033203125,11788200.0,0.0,0.0,121.66999816894531,105.3634033203125
2020-12-23,106.3246586955096,109.56341093806364,105.95228830830213,108.30774688720703,14973200.0,0.0,0.0,125.06999969482422,108.30774688720703
2020-12-24,108.32505803388091,108.72341326159263,107.00877592186683,107.83145141601562,4164900.0,0.0,0.0,124.5199966430664,107.83145141601562
2020-12-28,108.95723685030154,109.67599941834922,108.06528150756132,108.54156494140625,8072600.0,0.0,0.0,125.33999633789062,108.54156494140625
2020-12-29,109.28629118468895,109.35557092807544,108.15186346597494,108.25578308105469,8389200.0,0.0,0.0,125.01000213623047,108.25578308105469
2020-12-30,108.67144303055889,108.98319525372217,108.16051981346773,108.55886840820312,7398000.0,0.0,0.0,125.36000061035156,108.55886840820312
2020-12-31,108.32505088380172,110.26484396183136,108.09124001998475,110.03968811035156,8580200.0,0.0,0.0,127.06999969482422,110.03968811035156
2021-01-04,110.4120897321517,110.72384204347536,108.05663076076475,109.00054931640625,16819900.0,0.0,0.0,125.87000274658203,109.00054931640625
2021-01-05,109.01797900248445,110.1605833749792,107.95387731647128,109.59364318847656,13731200.0,0.9,0.0,125.6500015258789,109.59364318847656
2021-01-06,113.28309768799502,115.8037942607368,111.53866397118186,114.73969268798828,24909100.0,0.0,0.0,131.5500030517578,114.73969268798828
2021-01-07,118.3506602300065,120.53119413266289,117.67905206148995,118.50765228271484,21940400.0,0.0,0.0,135.8699951171875,118.50765228271484
2021-01-08,118.59486017781255,118.92630553737303,116.98126002186044,118.63847351074219,12035100.0,0.0,0.0,136.02000427246094,118.63847351074219
2021-01-11,117.38249849087647,120.53990721133162,116.97255706697047,120.4090805053711,15937900.0,0.0,0.0,138.0500030517578,120.4090805053711
2021-01-12,121.62144763361275,123.5577625897442,121.08939688784832,122.30177307128906,18033500.0,0.0,0.0,140.22000122070312,122.30177307128906
2021-01-13,120.88003436574503,122.79890090543151,120.45265837948898,122.4151382446289,14816800.0,0.0,0.0,140.35000610351562,122.4151382446289
2021-01-14,122.53728752154211,124.50848537087764,122.10989808702536,123.13038635253906,18565600.0,0.0,0.0,141.1699981689453,123.13038635253906
2021-01-15,119.86826868892362,123.54900991827225,119.50194069614868,120.92365264892578,27881000.0,0.0,0.0,138.63999938964844,120.92365264892578
2021-01-19,121.98777206591495,122.72042816026378,120.20846250693624,120.40033721923828,19843800.0,0.0,0.0,138.0399932861328,120.40033721923828
2021-01-20,120.20845636488346,120.51372306747076,118.13258422804095,118.59485626220703,16028800.0,0.0,0.0,135.97000122070312,118.59485626220703
2021-01-21,118.3506596108685,118.76060104713716,117.1557312973192,117.60055541992188,13411700.0,0.0,0.0,134.8300018310547,117.60055541992188
2021-01-22,115.73399369267017,117.225471095905,115.30660435201305,116.69342041015625,12933200.0,0.0,0.0,133.7899932861328,116.69342041015625
2021-01-25,115.25431018196504,116.15268916898226,113.44010420858275,115.23686218261719,14212800.0,0.0,0.0,132.1199951171875,115.23686218261719
2021-01-26,115.78636517106646,116.15269331690963,114.55654069714151,114.76587677001953,11307800.0,0.0,0.0,131.5800018310547,114.76587677001953
2021-01-27,113.03015842240211,113.25694247850578,111.07640180103795,111.52123260498047,17603900.0,0.0,0.0,127.86000061035156,111.52123260498047
2021-01-28,113.30054053201765,115.28046911680856,112.50683627629444,113.48371124267578,13761800.0,0.0,0.0,130.11000061035156,113.48371124267578
2021-01-29,114.42569638477269,114.8879684960276,111.80905576608197,112.22771453857422,14808100.0,0.0,0.0,128.6699981689453,112.22771453857422
2021-02-01,112.86440928842399,113.44880398164975,112.06197455285893,113.0562973022461,11080700.0,0.0,0.0,129.6199951171875,113.0562973022461
2021-02-02,115.07985821190114,117.21677875310328,114.45186338957492,116.53645324707031,12253600.0,0.0,0.0,133.61000061035156,116.53645324707031
2021-02-03,116.57133815330978,118.41170931594141,116.44922878602762,117.87094116210938,10600800.0,0.0,0.0,135.13999938964844,117.87094116210938
2021-02-04,118.158751512268,120.94111441476456,118.158751512268,120.58350372314453,12419500.0,0.0,0.0,138.25,120.58350372314453
2021-02-05,121.5778621810026,121.66508887103575,119.82471750630064,120.34803771972656,10051300.0,0.0,0.0,137.97999572753906,120.34803771972656
2021-02-08,120.53991342249697,122.37156725385914,120.52246542449575,122.23200988769531,10136400.0,0.0,0.0,140.13999938964844,122.23200988769531
2021-02-09,121.61269791829824,122.09241791041714,120.83642858884008,121.74353790283203,8614800.0,0.0,0.0,139.5800018310547,121.74353790283203
2021-02-10,122.10988862592018,122.86871010352633,121.27255781941692,121.81333923339844,10323200.0,0.0,0.0,139.66000366210938,121.81333923339844
2021-02-11,121.81332247204848,122.58959183914277,120.55733308957686,121.47315979003906,9201000.0,0.0,0.0,139.27000427246094,121.47315979003906
2021-02-12,121.28129763335187,123.51416220746407,121.23768429376382,123.20016479492188,8324600.0,0.0,0.0,141.25,123.20016479492188
2021-02-16,125.20626819088656,126.75009002944726,124.20321453950332,126.16569519042969,12130600.0,0.0,0.0,144.64999389648438,126.16569519042969
2021-02-17,125.55509799574287,126.80236989686156,124.83115938202975,126.55815124511719,10810100.0,0.0,0.0,145.10000610351562,126.55815124511719
2021-02-18,125.59875640708802,127.16001287038884,125.07542293182257,126.9855728149414,10587800.0,0.0,0.0,145.58999633789062,126.9855728149414
2021-02-19,127.22107225144676,129.82026497169787,127.22107225144676,129.1050567626953,11969800.0,0.0,0.0,148.02000427246094,129.1050567626953
2021-02-22,128.101998737754,130.99775408735456,128.03222005727807,130.3174285888672,11488400.0,0.0,0.0,149.41000366210938,130.3174285888672
2021-02-23,132.14903082718564,132.846804121236,130.47438290681598,131.36404418945312,16234400.0,0.0,0.0,150.61000061035156,131.36404418945312
2021-02-24,130.92793332777276,134.11150641139534,130.92793332777276,133.67539978027344,15061400.0,0.0,0.0,153.25999450683594,133.67539978027344
2021-02-25,134.55637095463845,135.10585637111618,131.34661857863202,131.86122131347656,18127700.0,0.0,0.0,151.17999267578125,131.86122131347656
2021-02-26,131.09372647510756,131.59088138130332,127.78802898050928,128.3636932373047,19829200.0,0.0,0.0,147.1699981689453,128.3636932373047
2021-03-01,130.41334680653026,132.0356642070576,129.50623744875162,131.2681121826172,14845500.0,0.0,0.0,150.5,131.2681121826172
2021-03-02,130.90185115034905,132.3846119763074,130.6925150432187,130.84078979492188,14221700.0,0.0,0.0,150.00999450683594,130.84078979492188
2021-03-03,131.90485252595272,135.1756533653807,131.54725508228984,133.37017822265625,14324100.0,0.0,0.0,152.91000366210938,133.37017822265625
2021-03-04,133.10850546085663,134.65232711359457,129.62836873422293,131.32046508789062,20093900.0,0.0,0.0,150.55999755859375,131.32046508789062
2021-03-05,133.64052783114255,133.87602915734584,129.06140783686143,131.62571716308594,18465100.0,0.0,0.0,150.91000366210938,131.62571716308594
2021-03-08,132.98640212806907,135.5943254552518,131.4861937450043,133.37017822265625,17133300.0,0.0,0.0,152.91000366210938,133.37017822265625
2021-03-09,132.14039050560228,134.5389784520736,130.67507771204262,132.42822265625,16238800.0,0.0,0.0,151.8300018310547,132.42822265625
2021-03-10,132.49797437132972,136.20488226088966,132.14908093754636,135.30650329589844,14342200.0,0.0,0.0,155.1300048828125,135.30650329589844
2021-03-11,134.41682015769786,136.1961298039182,133.76266004661483,134.59999084472656,11771500.0,0.0,0.0,154.32000732421875,134.59999084472656
2021-03-12,136.81539860452136,137.48700666938183,135.2541424271099,136.1961212158203,12849500.0,0.0,0.0,156.14999389648438,136.1961212158203
2021-03-15,136.37060227841113,136.86775711193954,134.28601229767517,135.5158233642578,12101100.0,0.0,0.0,155.3699951171875,135.5158233642578
2021-03-16,134.39939441118952,134.84423187807795,132.7421938456674,133.8935089111328,12805600.0,0.0,0.0,153.50999450683594,133.8935089111328
2021-03-17,135.4896445658204,136.83286083528608,133.49228146738594,135.27159118652344,13952400.0,0.0,0.0,155.08999633789062,135.27159118652344
2021-03-18,137.46084028376376,141.02818997659742,137.03345091685122,137.5044403076172,21898500.0,0.0,0.0,157.64999389648438,137.5044403076172
2021-03-19,135.63793083448013,136.01298959949708,131.86997503951997,135.31521606445312,54418800.0,0.0,0.0,155.13999938964844,135.31521606445312
2021-03-22,133.27425322045855,134.29474163093764,131.36410312818052,131.6781005859375,19944800.0,0.0,0.0,150.97000122070312,131.6781005859375
2021-03-23,131.1198290143136,132.68108498953984,129.92490103368374,130.3610076904297,17076300.0,0.0,0.0,149.4600067138672,130.3610076904297
2021-03-24,130.8320193876385,133.60565181037424,130.70991003523355,131.37278747558594,13079800.0,0.0,0.0,150.6199951171875,131.37278747558594
2021-03-25,130.83206560188896,133.42254156552042,130.24768397260496,133.05621337890625,15608300.0,0.0,0.0,152.5500030517578,133.05621337890625
2021-03-26,134.58254836387076,135.58558858506797,133.056174708792,135.27159118652344,16754400.0,0.0,0.0,155.08999633789062,135.27159118652344
2021-03-29,132.68113341844236,134.08539789808074,131.73914109897154,133.16957092285156,17570300.0,0.0,0.0,152.67999267578125,133.16957092285156
2021-03-30,134.72211304062506,135.95192405189854,134.21622757609916,134.7395477294922,13184300.0,0.0,0.0,154.47999572753906,134.7395477294922
2021-03-31,133.69291137340966,134.748295778724,132.68114031373918,132.77708435058594,16736700.0,0.0,0.0,152.22999572753906,132.77708435058594
2021-04-01,132.48922972083804,134.1377127581581,132.18396297106602,134.0679473876953,16561500.0,0.0,0.0,153.7100067138672,134.0679473876953
2021-04-05,135.46289669560832,135.93667340951507,133.8836766820651,134.778564453125,13508000.0,0.9,0.0,153.6199951171875,134.778564453125
2021-04-06,134.0504076213853,135.35766498439006,133.2344778959358,133.83106994628906,13071600.0,0.0,0.0,152.5399932861328,133.83106994628906
2021-04-07,134.32240787417564,136.19115590578832,133.9275893189083,135.92794799804688,16903500.0,0.0,0.0,154.92999267578125,135.92794799804688
2021-04-08,135.11202166763854,136.4368165411816,133.629296690485,136.0946502685547,12335500.0,0.0,0.0,155.1199951171875,136.0946502685547
2021-04-09,136.70002503738237,137.77916276528865,135.96305358355912,137.1123809814453,12122400.0,0.0,0.0,156.27999877929688,137.1123809814453
2021-04-12,136.49821474598244,137.96338871440565,136.48944605897694,136.8228302001953,12273400.0,0.0,0.0,155.9499969482422,136.8228302001953
2021-04-13,135.77001840977053,136.16482354028545,133.73455839607112,135.1909637451172,16113600.0,0.0,0.0,154.08999633789062,135.1909637451172
2021-04-14,132.89232146739647,134.9628698086295,132.4185445573248,132.66421508789062,19939600.0,0.0,0.0,151.2100067138672,132.66421508789062
2021-04-15,132.69926309684334,133.53274339420523,131.0059830581096,133.5064239501953,17694100.0,0.0,0.0,152.1699981689453,133.5064239501953
2021-04-16,134.99791607155498,135.5594198515727,133.96264891574046,134.49783325195312,13773400.0,0.0,0.0,153.3000030517578,134.49783325195312
2021-04-19,134.6031302528563,135.00671742768907,133.55031218835987,133.9275665283203,11900200.0,0.0,0.0,152.64999389648438,133.9275665283203
2021-04-20,133.12918473646477,133.1379534230256,130.41816121069638,130.96212768554688,13716700.0,0.0,0.0,149.27000427246094,130.96212768554688
2021-04-21,129.66365578225899,132.13779121498087,128.78630507062303,132.0763702392578,12236700.0,0.0,0.0,150.5399932861328,132.0763702392578
2021-04-22,131.80438950732793,131.86581048111555,129.19865690489377,129.295166015625,15256100.0,0.0,0.0,147.3699951171875,129.295166015625
2021-04-23,129.12845326849802,132.5939988050386,128.69856004774692,131.769287109375,14041900.0,0.0,0.0,150.19000244140625,131.769287109375
2021-04-26,132.2869055074428,133.7608612886573,131.9359706671711,132.09388732910156,10799100.0,0.0,0.0,150.55999755859375,132.09388732910156
2021-04-27,132.04128201066953,132.98005369738482,131.69911576885852,132.6992950439453,12821200.0,0.0,0.0,151.25,132.6992950439453
2021-04-28,133.73451892129543,134.13810600740416,132.83084905409433,133.55905151367188,8943700.0,0.0,0.0,152.22999572753906,133.55905151367188
2021-04-29,134.70841500831395,136.2350099825177,134.4101189956228,136.1560516357422,12976900.0,0.0,0.0,155.19000244140625,136.1560516357422
2021-04-30,135.19973641888575,135.54190262651443,134.2434140650396,134.94529724121094,11705100.0,0.0,0.0,153.80999755859375,134.94529724121094
2021-05-03,135.85774857346306,136.41047035952002,134.3487044392825,134.5504913330078,11801100.0,0.0,0.0,153.36000061035156,134.5504913330078
2021-05-04,134.12056092427528,136.55082545395166,133.480098835068,136.4104461669922,12977700.0,0.0,0.0,155.47999572753906,136.4104461669922
2021-05-05,136.86667982146287,138.86703791709974,135.66471390440475,138.20025634765625,10506700.0,0.0,0.0,157.52000427246094,138.20025634765625
2021-05-06,138.6828364578715,141.09555096782216,137.88444407980623,140.9814910888672,13542400.0,0.0,0.0,160.69000244140625,140.9814910888672
2021-05-07,137.9370665099327,141.6921261187515,137.76159906216986,141.46401977539062,14257800.0,0.0,0.0,161.24000549316406,141.46401977539062
2021-05-10,141.69215984835478,143.64864846190036,141.3587622471249,141.44650268554688,14014300.0,0.0,0.0,161.22000122070312,141.44650268554688
2021-05-11,141.32364726184613,142.4729744953953,138.65649373321543,139.0951690673828,15451700.0,0.0,0.0,158.5399932861328,139.0951690673828
2021-05-12,140.03395103557267,141.06044978674913,137.77038453785931,138.1388702392578,14381700.0,0.0,0.0,157.4499969482422,138.1388702392578
2021-05-13,138.77929801896397,142.5255884659785,138.34062276152034,141.69210815429688,15395000.0,0.0,0.0,161.5,141.69210815429688
2021-05-14,142.47293789932496,144.28027766988598,142.12200307705683,143.8942413330078,10584000.0,0.0,0.0,164.00999450683594,143.8942413330078
2021-05-17,143.33278427068097,144.63127298808246,143.03448823586294,144.4733428955078,9886800.0,0.0,0.0,164.6699981689453,144.4733428955078
2021-05-18,144.48209667594477,145.20153062519208,142.34137236403018,142.43788146972656,11098100.0,0.0,0.0,162.35000610351562,142.43788146972656
2021-05-19,141.253435974127,141.41135264433993,139.1828881783929,141.34994506835938,13278900.0,0.0,0.0,161.11000061035156,141.34994506835938
2021-05-20,141.10426330566406,142.0079331266163,139.9549364491503,141.10426330566406,10426000.0,0.0,0.0,160.8300018310547,141.10426330566406
2021-05-21,141.5517600242279,143.2011836393055,141.20082509593067,142.70986938476562,10249000.0,0.0,0.0,162.66000366210938,142.70986938476562
2021-05-24,143.32400164505287,144.08729242089208,142.23608202777748,143.48191833496094,9440300.0,0.0,0.0,163.5399932861328,143.48191833496094
2021-05-25,143.7538923769107,145.3769828553027,141.7447521288418,141.9991912841797,12609100.0,0.0,0.0,161.85000610351562,141.9991912841797
2021-05-26,143.50828474931157,143.6574327871148,141.52546326334885,141.981689453125,13058300.0,0.0,0.0,161.8300018310547,141.981689453125
2021-05-27,143.8416176712542,144.54350077737655,142.63088303518253,144.19256591796875,15707500.0,0.0,0.0,164.35000610351562,144.19256591796875
2021-05-28,144.4820617605507,144.7101814392377,143.23622576182467,144.09603881835938,10291300.0,0.0,0.0,164.24000549316406,144.09603881835938
2021-06-01,145.52613670635102,146.43858880823447,145.1839705149716,145.68406677246094,9445400.0,0.0,0.0,166.0500030517578,145.68406677246094
2021-06-02,146.74564326470306,146.90357331981969,145.22783061242217,145.6928253173828,10498600.0,0.0,0.0,166.05999755859375,145.6928253173828
2021-06-03,145.12258594737304,146.7369080607674,144.4645729067418,145.78936767578125,13354400.0,0.0,0.0,166.1699981689453,145.78936767578125
2021-06-04,145.82444297733966,146.22801673945722,144.789162351524,146.02622985839844,8510800.0,0.0,0.0,166.44000244140625,146.02622985839844
2021-06-07,146.51756566041192,146.6053060845933,144.88569283672572,145.3419189453125,7267200.0,0.0,0.0,165.66000366210938,145.3419189453125
2021-06-08,144.3154191288462,145.42964486096648,143.14854111023755,144.7628631591797,10370700.0,0.0,0.0,165.0,144.7628631591797
2021-06-09,144.00833875876384,144.0785284189971,142.37646597344016,142.9555206298828,12377400.0,0.0,0.0,162.94000244140625,142.9555206298828
2021-06-10,144.20134990336555,144.9734227407462,140.64807717881288,140.72703552246094,12119400.0,0.0,0.0,160.39999389648438,140.72703552246094
2021-06-11,140.7533522318061,141.4289159513702,139.55138617752195,140.63052368164062,13683800.0,0.0,0.0,160.2899932861328,140.63052368164062
2021-06-14,140.50767788611114,140.665607938259,137.4457331944729,138.24412536621094,19917900.0,0.0,0.0,157.57000732421875,138.24412536621094
2021-06-15,137.48083926200746,137.67385746909093,135.22605513352613,136.1472625732422,24485500.0,0.0,0.0,155.17999267578125,136.1472625732422
2021-06-16,135.75244929198993,138.28799189155134,134.33114565939294,137.10357666015625,25321200.0,0.0,0.0,156.27000427246094,137.10357666015625
2021-06-17,137.831775319218,138.14762204940885,132.6992693004434,133.14671325683594,29722400.0,0.0,0.0,151.75999450683594,133.14671325683594
2021-06-18,130.98842737148848,131.33936220328832,129.46183273981725,129.77767944335938,43595700.0,0.0,0.0,147.9199981689453,129.77767944335938
2021-06-21,130.7954581164412,132.65543751777895,130.7428192107144,131.97987365722656,18664800.0,0.0,0.0,150.42999267578125,131.97987365722656
2021-06-22,132.12903149965578,132.45364700106543,130.42696886153223,131.786865234375,14251200.0,0.0,0.0,150.2100067138672,131.786865234375
2021-06-23,131.77805937952664,133.3923812943015,131.68155027661575,132.58522033691406,12733300.0,0.0,0.0,151.1199951171875,132.58522033691406
2021-06-24,133.2870996427108,134.33991767021917,132.67295690893988,133.8047332763672,13733200.0,0.0,0.0,152.50999450683594,133.8047332763672
2021-06-25,133.87493070772467,135.55067364011308,133.06776972683014,135.15586853027344,15484900.0,0.0,0.0,154.0500030517578,135.15586853027344
2021-06-28,134.84876941666292,135.53310173691733,133.46255401767664,135.40150451660156,14125800.0,0.0,0.0,154.3300018310547,135.40150451660156
2021-06-29,135.98937022500823,137.1386975991338,134.7698531823538,135.23484802246094,14528700.0,0.0,0.0,154.13999938964844,135.23484802246094
2021-06-30,134.89263750642692,136.9368657495864,134.8575493773277,136.4630889892578,12531000.0,0.0,0.0,155.5399932861328,136.4630889892578
2021-07-01,137.09482073369716,137.8668936627582,136.3578493308533,137.8142547607422,10479400.0,0.0,0.0,157.0800018310547,137.8142547607422
2021-07-02,137.61129063007104,137.93779019006493,136.8788916212101,137.681884765625,11424000.0,0.9,0.0,156.02999877929688,137.681884765625
2021-07-06,137.46124789562833,137.46124789562833,134.4346008473526,135.3699493408203,15083400.0,0.0,0.0,153.41000366210938,135.3699493408203
2021-07-07,134.13460473383392,136.13767122178757,133.72870529144512,135.52880859375,12271800.0,0.0,0.0,153.58999633789062,135.52880859375
2021-07-08,133.78164038425552,134.5934526901491,132.3962558159308,133.1904296875,17834600.0,0.0,0.0,150.94000244140625,133.1904296875
2021-07-09,135.05229204995146,137.7877436054317,134.6375599960046,137.4524383544922,13694500.0,0.0,0.0,155.77000427246094,137.4524383544922
2021-07-12,136.1994338040977,140.44380645180723,135.83764394709274,139.4202117919922,19940400.0,0.0,0.0,158.0,139.4202117919922
2021-07-13,137.69951297544227,138.88193424752143,135.44937410042743,137.34654235839844,22671700.0,0.0,0.0,155.64999389648438,137.34654235839844
2021-07-14,137.61127465626654,138.784876777768,134.96405547032572,136.87887573242188,14622800.0,0.0,0.0,155.1199951171875,136.87887573242188
2021-07-15,135.80231375178906,138.12304645113323,135.6258351982366,137.1788787841797,11539300.0,0.0,0.0,155.4600067138672,137.1788787841797
2021-07-16,137.62008906170453,137.90245206919187,133.26099989342407,134.0463409423828,14002700.0,0.0,0.0,151.91000366210938,134.0463409423828
2021-07-19,131.08149028413274,132.20215032641758,128.57545901705512,129.68728637695312,22172900.0,0.0,0.0,146.97000122070312,129.68728637695312
2021-07-20,129.29020830059582,133.3492702522294,129.1225489059008,132.10508728027344,15385200.0,0.0,0.0,149.7100067138672,132.10508728027344
2021-07-21,134.16989652122658,135.58173869000836,133.56103394769963,134.8846435546875,12356700.0,0.0,0.0,152.86000061035156,134.8846435546875
2021-07-22,134.9023135995332,135.39645909830062,132.3345073850934,133.18161010742188,9913300.0,0.0,0.0,150.92999267578125,133.18161010742188
2021-07-23,133.66690778681482,134.86698094037396,132.5815517653712,132.92568969726562,9666100.0,0.0,0.0,150.63999938964844,132.92568969726562
2021-07-26,132.52858902235513,134.09045176274827,132.51093712835038,133.81689453125,8208000.0,0.0,0.0,151.64999389648438,133.81689453125
2021-07-27,132.71392766717415,134.55816742197234,132.18449186398647,133.6404571533203,11218700.0,0.0,0.0,151.4499969482422,133.6404571533203
2021-07-28,134.38163939559402,134.8052040821422,133.13745683915408,133.86102294921875,9217300.0,0.0,0.0,151.6999969482422,133.86102294921875
2021-07-29,135.13174561341444,135.77589865864005,134.04638927005647,135.00820922851562,9063500.0,0.0,0.0,153.0,135.00820922851562
2021-07-30,134.6375684289838,135.59938816137955,133.4198433037231,133.931640625,9805200.0,0.0,0.0,151.77999877929688,133.931640625
2021-08-02,134.15224161158034,136.28766344718284,133.305139022218,133.39337158203125,10203200.0,0.0,0.0,151.1699981689453,133.39337158203125
2021-08-03,134.08163819631307,135.29054401563636,131.93739729261122,134.91110229492188,10394800.0,0.0,0.0,152.88999938964844,134.91110229492188
2021-08-04,133.4639583763172,135.3346555008019,133.1639434534191,133.45513916015625,10155000.0,0.0,0.0,151.24000549316406,133.45513916015625
2021-08-05,134.37284419542863,135.61704043868053,134.13459069972117,135.14053344726562,9151500.0,0.0,0.0,153.14999389648438,135.14053344726562
2021-08-06,136.94066237159782,139.2613956986616,136.8700682381922,138.97901916503906,13328800.0,0.0,0.0,157.5,138.97901916503906
2021-08-09,138.99666939152928,139.9055469684494,137.56716177006567,138.82901000976562,9516900.0,0.0,0.0,157.3300018310547,138.82901000976562
2021-08-10,138.3084039610328,141.16739249274676,137.92896215270906,140.5320587158203,8667000.0,0.0,0.0,159.25999450683594,140.5320587158203
2021-08-11,141.1850235121308,142.50863310755705,140.37321124267044,142.2086181640625,9156500.0,0.0,0.0,161.16000366210938,142.2086181640625
2021-08-12,142.84395317663672,143.27632369791723,141.6703510420337,142.7645263671875,8844200.0,0.0,0.0,161.7899932861328,142.7645263671875
2021-08-13,142.76449624165934,143.09099569850187,140.8055668228559,141.16734313964844,8980900.0,0.0,0.0,159.97999572753906,141.16734313964844
2021-08-16,140.2496926676909,140.32910602201642,138.3436913771498,140.24085998535156,8755800.0,0.0,0.0,158.92999267578125,140.24085998535156
2021-08-17,139.0407744647082,140.17907272720126,137.01123717510467,138.54661560058594,9347200.0,0.0,0.0,157.00999450683594,138.54661560058594
2021-08-18,137.92892761396854,139.42901564212022,137.07299241951196,137.28477478027344,8065500.0,0.0,0.0,155.5800018310547,137.28477478027344
2021-08-19,135.1493890365227,137.26715934891328,135.01701997671375,136.13768005371094,9517700.0,0.0,0.0,154.27999877929688,136.13768005371094
2021-08-20,136.1994538326342,136.6847666544991,135.1493879034477,136.52593994140625,6974100.0,0.0,0.0,154.72000122070312,136.52593994140625
2021-08-23,137.06417890748125,138.61720922433867,136.98476556806037,138.2730712890625,7934600.0,0.0,0.0,156.6999969482422,138.2730712890625
2021-08-24,138.53781759345077,139.9055503326464,138.42310044223206,139.1290283203125,7670900.0,0.0,0.0,157.6699981689453,139.1290283203125
2021-08-25,139.87023869794103,142.7557115008101,139.24373767127554,141.99684143066406,11335000.0,0.0,0.0,160.9199981689453,141.99684143066406
2021-08-26,143.17930111797725,144.56468604982672,142.19982917781292,142.72927856445312,11027500.0,0.0,0.0,161.75,142.72927856445312
2021-08-27,142.7292119474304,143.97340800020234,142.29682803466864,143.8763427734375,8780200.0,0.0,0.0,163.0500030517578,143.8763427734375
2021-08-30,144.01754199136514,144.2646146848037,141.07912731820102,141.57327270507812,7937600.0,0.0,0.0,160.44000244140625,141.57327270507812
2021-08-31,141.5732989428694,142.39393051292402,140.61147910341145,141.1409149169922,12340800.0,0.0,0.0,159.9499969482422,141.1409149169922
2021-09-01,141.37916098395274,141.8556545374964,140.27615293325061,140.93795776367188,8729900.0,0.0,0.0,159.72000122070312,140.93795776367188
2021-09-02,141.2026357465363,142.6056582921127,140.682005885595,141.5908966064453,8813300.0,0.0,0.0,160.4600067138672,141.5908966064453
2021-09-03,141.52917632397418,141.9703795687605,140.43498742970053,140.73501586914062,7959700.0,0.0,0.0,159.49000549316406,140.73501586914062
2021-09-07,141.17620621969866,142.40275058960086,140.2673286956069,140.48793029785156,9285600.0,0.0,0.0,159.2100067138672,140.48793029785156
2021-09-08,140.20554235180816,140.81440487866988,139.45549157955347,139.8614044189453,7852700.0,0.0,0.0,158.5,139.8614044189453
2021-09-09,139.6584787835529,141.9174372410717,139.4908193963308,140.4702911376953,7904300.0,0.0,0.0,159.19000244140625,140.4702911376953
2021-09-10,141.67913534011845,141.82032356161577,138.73190190472423,138.85543823242188,8311600.0,0.0,0.0,157.36000061035156,138.85543823242188
2021-09-13,139.8878907482811,141.22915229650678,139.48199132918947,141.06149291992188,10052800.0,0.0,0.0,159.86000061035156,141.06149291992188
2021-09-14,141.582087728084,142.36742879420936,137.88480318758363,138.5995635986328,11685600.0,0.0,0.0,157.07000732421875,138.5995635986328
2021-09-15,138.29071885960727,140.02906037851577,138.0701172807047,139.56138610839844,11691500.0,0.0,0.0,158.16000366210938,139.56138610839844
2021-09-16,140.6643706186022,141.9350376561553,138.731898954361,139.4995880126953,10880900.0,0.0,0.0,158.08999633789062,139.4995880126953
2021-09-17,138.8731062673003,140.31141936457183,138.53778756838295,139.1378173828125,25581600.0,0.0,0.0,157.67999267578125,139.1378173828125
2021-09-20,135.79353194974257,136.38474267247824,132.79335531940697,134.972900390625,15819900.0,0.0,0.0,152.9600067138672,134.972900390625
2021-09-21,135.47581986676443,136.3758779412642,134.63753668785913,134.99049377441406,8999900.0,0.0,0.0,152.97999572753906,134.99049377441406
2021-09-22,136.9494742842582,138.75841014598367,136.86124172054812,137.57598876953125,11236200.0,0.0,0.0,155.91000366210938,137.57598876953125
2021-09-23,139.42019647277522,142.6939297953238,139.1290007758004,142.2262420654297,12336100.0,0.0,0.0,161.17999267578125,142.2262420654297
2021-09-24,142.45569624253298,144.352864681638,141.90860856444667,143.86753845214844,10102400.0,0.0,0.0,163.0399932861328,143.86753845214844
2021-09-27,145.5970318922224,147.71480151578345,145.25289399178246,147.3441925048828,13220900.0,0.0,0.0,166.97999572753906,147.3441925048828
2021-09-28,147.9795274047677,149.39138280936893,146.1794245551296,146.55003356933594,13387900.0,0.0,0.0,166.0800018310547,146.55003356933594
2021-09-29,146.66481337168,147.27366264235965,145.63238575547496,146.4353790283203,7777100.0,0.0,0.0,165.9499969482422,146.4353790283203
2021-09-30,147.29130100326972,147.3530759252506,143.64695761115192,144.44113159179688,13161200.0,0.0,0.0,163.69000244140625,144.44113159179688
2021-10-01,144.71465654441621,148.50900693938615,144.36169935326012,147.47659301757812,11285000.0,0.0,0.0,167.1300048828125,147.47659301757812
2021-10-04,147.33538566125475,150.39733669652807,146.24119696734735,147.31773376464844,14120000.0,0.0,0.0,166.9499969482422,147.31773376464844
2021-10-05,148.43629871583514,151.0373228806252,147.95692029071319,149.72349548339844,12292900.0,1.0,0.0,168.66000366210938,149.72349548339844
2021-10-06,149.1287211610751,150.11409508867152,147.36214598043946,150.04307556152344,8692600.0,0.0,0.0,169.02000427246094,150.04307556152344
2021-10-07,151.9782784060651,152.25347055621103,150.50465397141386,150.99290466308594,10195400.0,0.0,0.0,170.08999633789062,150.99290466308594
2021-10-08,150.93078012107802,152.1025683058946,150.2916180036915,151.1083221435547,8190100.0,0.0,0.0,170.22000122070312,151.1083221435547
2021-10-11,151.6232009399624,152.0581768558747,147.77048358011973,147.93026733398438,12154700.0,0.0,0.0,166.63999938964844,147.93026733398438
2021-10-12,147.14020278889987,147.97466523143729,146.27023735853876,146.7939910888672,13032600.0,0.0,0.0,165.36000061035156,146.7939910888672
2021-10-13,145.64882579858283,146.83837223897822,142.56842364856442,142.9235076904297,22753500.0,0.0,0.0,161.0,142.9235076904297
2021-10-14,143.5893098167956,145.59556052113143,142.089054582482,145.11619567871094,15176800.0,0.0,0.0,163.47000122070312,145.11619567871094
2021-10-15,146.78511380271135,148.4007638334521,145.71096220524572,147.9036407470703,14267400.0,0.0,0.0,166.61000061035156,147.9036407470703
2021-10-18,147.7882404112545,149.6790962604667,147.28224493696283,147.8503875732422,12672900.0,0.0,0.0,166.5500030517578,147.8503875732422
2021-10-19,148.60493659348077,149.71459117839504,147.8770102294829,149.64358520507812,8053900.0,0.0,0.0,168.57000732421875,149.64358520507812
2021-10-20,149.40389453105317,151.68533729116422,148.6582099083732,151.65870666503906,8185600.0,0.0,0.0,170.83999633789062,151.65870666503906
2021-10-21,151.58771967894884,152.0937287750967,149.74125244633836,150.4691925048828,8415200.0,0.0,0.0,169.5,150.4691925048828
2021-10-22,150.9396628134963,152.76837150680382,150.64671236084186,152.49317932128906,8817900.0,0.0,0.0,171.77999877929688,152.49317932128906
2021-10-25,153.31875694687224,153.54068785849694,151.33912346235658,151.7474822998047,10159200.0,0.0,0.0,170.94000244140625,151.7474822998047
2021-10-26,151.8007539480115,153.12346714829795,151.39239508259521,152.1558380126953,8015100.0,0.0,0.0,171.39999389648438,152.1558380126953
2021-10-27,151.1971160983183,151.53444191342504,148.551689561808,148.98667907714844,9847000.0,0.0,0.0,167.8300018310547,148.98667907714844
2021-10-28,149.40389638735192,151.3657581127488,149.10207359045828,151.23260498046875,7212900.0,0.0,0.0,170.36000061035156,151.23260498046875
2021-10-29,151.96051081319317,152.90150915464721,150.37149161847853,150.8153533935547,8140100.0,0.0,0.0,169.88999938964844,150.8153533935547
2021-11-01,152.72399679586806,152.98144428374235,150.03419476192366,150.73550415039062,7435500.0,0.0,0.0,169.8000030517578,150.73550415039062
2021-11-02,150.735442376526,152.41323913135398,149.95424141704302,151.33021545410156,7173800.0,0.0,0.0,170.47000122070312,151.33021545410156
2021-11-03,151.02843035912286,151.91615401764597,150.15845142094682,151.38351440429688,8402700.0,0.0,0.0,170.52999877929688,151.38351440429688
2021-11-04,150.9130022314699,151.09054423086027,147.7970974735724,149.39498901367188,9574200.0,0.0,0.0,168.2899932861328,149.39498901367188
2021-11-05,149.93653336546495,150.992926777002,148.61383367000195,149.18197631835938,7975600.0,0.0,0.0,168.0500030517578,149.18197631835938
2021-11-08,150.06966462846458,151.72970328582724,149.79447250297517,150.0785369873047,6413700.0,0.0,0.0,169.05999755859375,150.0785369873047
2021-11-09,148.56054610576243,149.55479217792714,147.89475342266923,148.9422607421875,7990300.0,0.0,0.0,167.77999877929688,148.9422607421875
2021-11-10,148.6493357838505,149.98092137799472,148.3297546994323,148.8002471923828,6999200.0,0.0,0.0,167.6199951171875,148.8002471923828
2021-11-11,148.71145944627725,149.74120851503892,148.1610616100084,148.79135131835938,5815300.0,0.0,0.0,167.61000061035156,148.79135131835938
2021-11-12,148.8268602787252,148.90676569960334,147.11356018475198,148.1255645751953,8113400.0,0.0,0.0,166.86000061035156,148.1255645751953
2021-11-15,148.4362661266297,148.95113388414381,147.3621146322042,147.85923767089844,6492500.0,0.0,0.0,166.55999755859375,147.85923767089844
2021-11-16,148.30311866476382,148.31200457091123,146.58093252515914,146.7939910888672,9706100.0,0.0,0.0,165.36000061035156,146.7939910888672
2021-11-17,146.66082661144287,146.97152175403755,145.04516310583514,146.00390625,9909600.0,0.0,0.0,164.47000122070312,146.00390625
2021-11-18,145.93287825117406,146.34123705656822,144.30834248012798,144.7433319091797,8122500.0,0.0,0.0,163.0500030517578,144.7433319091797
2021-11-19,143.18983261989092,143.90888663503773,141.54753838990771,142.8524932861328,12193600.0,0.0,0.0,160.9199981689453,142.8524932861328
2021-11-22,145.72871498582677,147.34436495575113,144.69007995967803,145.8973846435547,14549900.0,0.0,0.0,164.35000610351562,145.8973846435547
2021-11-23,146.91826818364734,149.63470046131974,146.80285977133175,149.38613891601562,12354400.0,0.0,0.0,168.27999877929688,149.38613891601562
2021-11-24,149.54595641962828,150.4159219456947,147.75275056151622,148.21437072753906,9629800.0,0.0,0.0,166.9600067138672,148.21437072753906
2021-11-26,143.93552767822112,144.38826191240608,140.98829188431475,143.7490997314453,13619300.0,0.0,0.0,161.92999267578125,143.7490997314453
2021-11-29,144.97418334335717,146.27913851861342,141.87603569980413,143.12771606445312,12104400.0,0.0,0.0,161.22999572753906,143.12771606445312
2021-11-30,141.29012761252096,142.5950827223778,140.5177986717218,140.99717712402344,18922600.0,0.0,0.0,158.8300018310547,140.99717712402344
2021-12-01,142.9235103545511,144.93864687094828,140.0827973299137,140.16268920898438,12253400.0,0.0,0.0,157.88999938964844,140.16268920898438
2021-12-02,141.88489169754703,144.92090536361414,140.97053729865502,143.10995483398438,12969900.0,0.0,0.0,161.2100067138672,143.10995483398438
2021-12-03,143.3673910535043,143.66034152756737,139.54130371342652,140.51779174804688,12681800.0,0.0,0.0,158.2899932861328,140.51779174804688
2021-12-06,142.93236757846455,144.35273071316283,141.55640687710985,142.1778106689453,11186500.0,0.0,0.0,160.16000366210938,142.1778106689453
2021-12-07,143.7046987815039,145.04515652317295,143.06553671440145,144.31723022460938,9851600.0,0.0,0.0,162.57000732421875,144.31723022460938
2021-12-08,144.39713510383055,144.9386470831941,142.1866982938537,142.66607666015625,11705700.0,0.0,0.0,160.7100067138672,142.66607666015625
2021-12-09,141.72505488326885,142.86133990789585,140.83733136117988,142.44412231445312,11189600.0,0.0,0.0,160.4600067138672,142.44412231445312
2021-12-10,143.20759261923024,143.5449184114819,141.26347556477396,141.87600708007812,10405400.0,0.0,0.0,159.82000732421875,141.87600708007812
2021-12-13,141.59193618595006,141.84937010986525,139.6211884042916,140.1893310546875,12069000.0,0.0,0.0,157.9199981689453,140.1893310546875
2021-12-14,139.77209068487107,142.82586231088433,139.6389375511274,141.2634735107422,12563600.0,0.0,0.0,159.1300048828125,141.2634735107422
2021-12-15,141.9026015812583,141.9026015812583,139.6832929143358,140.20704650878906,14014200.0,0.0,0.0,157.94000244140625,140.20704650878906
2021-12-16,142.38199149061748,143.6514433164565,140.8817363989839,142.39974975585938,19542800.0,0.0,0.0,160.41000366210938,142.39974975585938
2021-12-17,141.43212968030053,141.48539092871525,137.75694099263876,139.1595458984375,28082000.0,0.0,0.0,156.75999450683594,139.1595458984375
2021-12-20,137.16215380111586,137.33082343426116,134.79193366961897,136.65615844726562,15148000.0,0.0,0.0,153.94000244140625,136.65615844726562
2021-12-21,137.96112801307527,139.5323890332335,137.67704995901607,138.5647735595703,11291300.0,0.0,0.0,156.08999633789062,138.5647735595703
2021-12-22,138.26297313566954,139.42588907307973,137.8102389026166,139.10630798339844,7273000.0,0.0,0.0,156.6999969482422,139.10630798339844
2021-12-23,139.9141480779987,141.25460613401202,139.5590639777114,139.6034393310547,8055200.0,0.0,0.0,157.25999450683594,139.6034393310547
2021-12-27,139.9052511960677,140.4378772531484,138.78671073958142,140.40237426757812,6188100.0,0.0,0.0,158.16000366210938,140.40237426757812
2021-12-28,140.43789060459122,142.16894915945403,140.33136809216552,140.8284912109375,6342300.0,0.0,0.0,158.63999938964844,140.8284912109375
2021-12-29,141.0148631350274,141.70728628190702,140.39344593783176,140.75741577148438,6398900.0,0.0,0.0,158.55999755859375,140.75741577148438
2021-12-30,141.2457327244573,142.24886494143172,140.58881224365075,140.68646240234375,6948200.0,0.0,0.0,158.47999572753906,140.68646240234375
2021-12-31,140.65982442764732,141.40550912113557,140.22484846257387,140.57106018066406,5805900.0,0.0,0.0,158.35000610351562,140.57106018066406
2022-01-03,141.9114984066782,144.37936898613825,141.60078972150527,143.54490661621094,13120900.0,0.0,0.0,161.6999969482422,143.54490661621094
2022-01-04,145.86188767412355,149.65247189183447,145.79086814841963,148.98667907714844,20195800.0,0.0,0.0,167.8300018310547,148.98667907714844
2022-01-05,149.87078709434957,150.35302529770058,146.2182234519516,146.26287841796875,17539400.0,1.0,0.0,163.77999877929688,146.26287841796875
2022-01-06,149.0581349058741,149.46892794920416,146.34327064452464,147.81680297851562,14047500.0,0.0,0.0,165.52000427246094,147.81680297851562
2022-01-07,147.9507304123867,149.61179428581275,147.40597253919904,149.2813720703125,13913300.0,0.0,0.0,167.16000366210938,149.2813720703125
2022-01-10,150.98709911515533,151.20142115770875,147.82571271966276,149.4242706298828,12922500.0,0.0,0.0,167.32000732421875,149.4242706298828
2022-01-11,150.26369968661737,150.49590003496505,148.52226520791496,149.57606506347656,11854100.0,0.0,0.0,167.49000549316406,149.57606506347656
2022-01-12,150.442333705723,151.45146506821953,149.29922381974978,150.42446899414062,12568000.0,0.0,0.0,168.44000244140625,150.42446899414062
2022-01-13,150.3351892285927,151.64796644427642,149.93332171143717,150.23695373535156,13623400.0,0.0,0.0,168.22999572753906,150.23695373535156
2022-01-14,143.56594994384147,143.80707597761415,140.11879472273722,141.00291442871094,40158400.0,0.0,0.0,157.88999938964844,141.00291442871094
2022-01-18,139.1185553519922,139.1185553519922,134.43899443301774,135.09092712402344,32324800.0,0.0,0.0,151.27000427246094,135.09092712402344
2022-01-19,135.35878003660366,135.9481791313774,132.66178145989167,133.00112915039062,22380000.0,0.0,0.0,148.92999267578125,133.00112915039062
2022-01-20,133.0547248749371,134.50145282089997,131.59905776149859,131.86697387695312,14860800.0,0.0,0.0,147.66000366210938,131.86697387695312
2022-01-21,131.72412482042682,131.73305036392497,128.8395935635875,129.56295776367188,20705400.0,0.0,0.0,145.0800018310547,129.56295776367188
2022-01-24,127.0624254247593,129.92016633763484,124.64228141213015,129.4468536376953,28471400.0,0.0,0.0,144.9499969482422,129.4468536376953
2022-01-25,128.2858608628007,131.1436146963741,125.7317525721211,130.8578338623047,18915900.0,0.0,0.0,146.52999877929688,130.8578338623047
2022-01-26,132.81360533644312,134.4657434381481,130.34880693573797,132.0991668701172,20709100.0,0.0,0.0,147.9199981689453,132.0991668701172
2022-01-27,133.43875583246762,134.29608485842846,128.71455471405014,129.76834106445312,17536800.0,0.0,0.0,145.30999755859375,129.76834106445312
2022-01-28,128.76813912804664,131.06325730708755,126.96418471517951,130.92930603027344,14117000.0,0.0,0.0,146.61000061035156,130.92930603027344
2022-01-31,130.0630629473018,132.87614902364783,129.19680827581053,132.70648193359375,13985700.0,0.0,0.0,148.60000610351562,132.70648193359375
2022-02-01,132.78682123900288,135.26948446376548,132.43853434421334,134.98370361328125,14584900.0,0.0,0.0,151.14999389648438,134.98370361328125
2022-02-02,134.40325542198886,134.79619735234516,132.2331628885896,133.9031524658203,12441100.0,0.0,0.0,149.94000244140625,133.9031524658203
2022-02-03,133.95673748407293,135.43025614568413,132.42962468096954,132.7957763671875,12474900.0,0.0,0.0,148.6999969482422,132.7957763671875
2022-02-04,133.15297746399662,137.0823689070362,132.85827106175142,136.24290466308594,16654400.0,0.0,0.0,152.55999755859375,136.24290466308594
2022-02-07,136.87698575835253,137.18954327472105,134.7158188915654,136.69837951660156,12572300.0,0.0,0.0,153.07000732421875,136.69837951660156
2022-02-08,138.42196525966506,141.52975782547924,138.2433589975901,139.27035522460938,20411400.0,0.0,0.0,155.9499969482422,139.27035522460938
2022-02-09,139.84187565059872,140.59202997831702,139.15424099691444,139.85081481933594,9131100.0,0.0,0.0,156.60000610351562,139.85081481933594
2022-02-10,139.90442312577747,142.02093526627363,138.6184362359828,139.27035522460938,16455600.0,0.0,0.0,155.9499969482422,139.27035522460938
2022-02-11,138.96670643795582,141.27076373285513,136.60906863358164,137.45745849609375,16830000.0,0.0,0.0,153.9199981689453,137.45745849609375
2022-02-14,136.39471140831753,137.24310113672053,134.24248406618716,136.18038940429688,17026500.0,0.0,0.0,152.49000549316406,136.18038940429688
2022-02-15,137.98436009618737,139.26142136600333,137.39496082920968,138.17190551757812,9500000.0,0.0,0.0,154.72000122070312,138.17190551757812
2022-02-16,137.29668942279363,139.4042753422663,137.29668942279363,138.4219207763672,9076500.0,0.0,0.0,155.0,138.4219207763672
2022-02-17,136.63586691247866,137.28778586067935,134.5550707027151,135.23377990722656,11367500.0,0.0,0.0,151.42999267578125,135.23377990722656
2022-02-18,135.85891808502598,137.65393333705288,134.96587323046438,135.8678436279297,11733300.0,0.0,0.0,152.13999938964844,135.8678436279297
2022-02-22,134.492536772073,136.8501742262607,134.32285609941718,135.62669372558594,11333500.0,0.0,0.0,151.8699951171875,135.62669372558594
2022-02-23,136.74300096302238,136.90375609595887,132.14382617982338,132.7868194580078,11799000.0,0.0,0.0,148.69000244140625,132.7868194580078
2022-02-24,127.65184252532512,129.4825873292277,124.8298173191874,129.0896453857422,25655100.0,0.0,0.0,144.5500030517578,129.0896453857422
2022-02-25,129.71476157639572,134.07282470800104,129.41112960457934,132.1438446044922,18367700.0,0.0,0.0,147.97000122070312,132.1438446044922
2022-02-28,128.19660243126467,129.54509536996872,125.81217410329678,126.63377380371094,31315300.0,0.0,0.0,141.8000030517578,126.63377380371094
2022-03-01,125.06198450854104,125.45492639049641,119.29292288319827,121.85595703125,36840400.0,0.0,0.0,136.4499969482422,121.85595703125
2022-03-02,122.6061063259076,125.06197936024843,121.99884244372564,124.38327026367188,19405600.0,0.0,0.0,139.27999877929688,124.38327026367188
2022-03-03,124.88336751750282,125.90143792994189,122.40070434283946,123.4991455078125,16640800.0,0.0,0.0,138.2899932861328,123.4991455078125
2022-03-04,120.50748228993073,120.93614003106849,118.239140588393,120.02523040771484,21016000.0,0.0,0.0,134.39999389648438,120.02523040771484
2022-03-07,118.03373249590018,118.49811961886832,115.15812707873793,115.39032745361328,27560100.0,0.0,0.0,129.2100067138672,115.39032745361328
2022-03-08,115.77434417201607,117.69438532066783,113.65782523524322,114.57766723632812,19207800.0,0.0,0.0,128.3000030517578,114.57766723632812
2022-03-09,118.6856482632882,120.7753834480156,118.27485528699926,119.16790008544922,17536200.0,0.0,0.0,133.44000244140625,119.16790008544922
2022-03-10,117.75690460205078,119.17684276534469,116.38162141045717,117.75690460205078,15604200.0,0.0,0.0,131.86000061035156,117.75690460205078
2022-03-11,118.31951237610286,119.73945036069834,114.6848134403135,115.10454559326172,20061800.0,0.0,0.0,128.88999938964844,115.10454559326172
2022-03-14,115.6135807384728,118.70350798009756,115.40817063218913,116.24763488769531,15786900.0,0.0,0.0,130.1699981689453,116.24763488769531
2022-03-15,117.70332102833702,119.26614960974989,117.10498257809587,118.31058502197266,15096600.0,0.0,0.0,132.47999572753906,118.31058502197266
2022-03-16,120.44494974619396,123.67778124022901,120.05200784760983,123.59739685058594,20354900.0,0.0,0.0,138.39999389648438,123.59739685058594
2022-03-17,122.22211347971272,125.1959543380185,121.38264917639259,125.16022491455078,17050500.0,0.0,0.0,140.14999389648438,125.16022491455078
2022-03-18,125.19595609090248,125.78536894533065,123.65099236046133,125.11558532714844,23656500.0,0.0,0.0,140.10000610351562,125.11558532714844
2022-03-21,125.33882625930892,125.70496422166993,123.89208461183765,124.71368408203125,12676100.0,0.0,0.0,139.64999389648438,124.71368408203125
2022-03-22,127.05349320228457,128.53593728032945,126.56231581492807,127.36605072021484,13548600.0,0.0,0.0,142.6199951171875,127.36605072021484
2022-03-23,125.90146221704737,126.44622013394346,124.31184343530798,124.8298110961914,12093200.0,0.0,0.0,139.77999877929688,124.8298110961914
2022-03-24,125.29418439702289,125.6603360244383,124.23145893670015,125.64247131347656,10017600.0,0.0,0.0,140.69000244140625,125.64247131347656
2022-03-25,125.99969975893404,127.86616030118844,125.74072273764804,126.74092864990234,8383500.0,0.0,0.0,141.9199981689453,126.74092864990234
2022-03-28,125.02624767440751,125.89250205200828,123.15084850857957,125.80319213867188,10818100.0,0.0,0.0,140.8699951171875,125.80319213867188
2022-03-29,128.01799763693367,128.24125887199858,125.24062732765479,126.080078125,11316500.0,0.0,0.0,141.17999267578125,126.080078125
2022-03-30,126.72304821486571,126.91951915565257,124.94589783245077,125.50850677490234,8771000.0,0.0,0.0,140.5399932861328,125.50850677490234
2022-03-31,124.87445036447642,125.33883745494641,121.68627403199235,121.7398681640625,17353900.0,0.0,0.0,136.32000732421875,121.7398681640625
2022-04-01,122.70434325350259,122.71328242214666,119.48939032815098,120.83788299560547,15721300.0,0.0,0.0,135.30999755859375,120.83788299560547
2022-04-04,119.77516801737328,122.29356097416841,118.6767266940052,121.37372589111328,17416400.0,0.0,0.0,135.91000366210938,121.37372589111328
2022-04-05,120.61801521489215,121.81455681141192,119.66435939964433,119.96125030517578,12110300.0,1.0,0.0,133.33999633789062,119.96125030517578
2022-04-06,118.37786440388057,119.25953182853948,117.8200767698013,118.2968978881836,12914700.0,0.0,0.0,131.49000549316406,118.2968978881836
2022-04-07,117.81106686369151,118.68374255161295,115.81381051894255,117.93701934814453,12994200.0,0.0,0.0,131.08999633789062,117.93701934814453
2022-04-08,118.45881837989072,120.46506629171597,118.2968853656385,120.0962142944336,13126900.0,0.0,0.0,133.49000549316406,120.0962142944336
2022-04-11,119.65536499023438,121.36472185612202,119.26851588825143,119.65536499023438,10466400.0,0.0,0.0,133.0,119.65536499023438
2022-04-12,118.8816544171002,121.07683777078546,117.58613547211941,118.34185028076172,12989900.0,0.0,0.0,131.5399932861328,118.34185028076172
2022-04-13,114.2034181921401,116.28164107013852,113.36672990059992,114.52729797363281,30838000.0,0.0,0.0,127.30000305175781,114.52729797363281
2022-04-14,113.80753004648716,115.42692847650056,112.47602390804352,113.46566009521484,18835200.0,0.0,0.0,126.12000274658203,113.46566009521484
2022-04-18,113.06082848906898,116.2726371281174,112.9438745829109,115.5708999633789,11834400.0,0.0,0.0,128.4600067138672,115.5708999633789
2022-04-19,115.56190942970362,118.14395603936258,115.36398212923382,117.9640121459961,15015400.0,0.0,0.0,131.1199951171875,117.9640121459961
2022-04-20,119.22352482960204,120.11418376020698,118.16191374636419,118.37783813476562,13430200.0,0.0,0.0,131.5800018310547,118.37783813476562
2022-04-21,118.95362839270985,119.48442709549727,116.92039178513346,117.4601821899414,12174200.0,0.0,0.0,130.55999755859375,117.4601821899414
2022-04-22,117.20828546282758,117.42420987654418,113.97849332647044,114.0864486694336,14318800.0,0.0,0.0,126.80999755859375,114.0864486694336
2022-04-25,113.3667283500431,114.36535651867105,110.7576998632124,114.05046844482422,17149000.0,0.0,0.0,126.7699966430664,114.05046844482422
2022-04-26,112.13416311275483,113.72657284294047,110.54176024646341,110.67670440673828,17209500.0,0.0,0.0,123.0199966430664,110.67670440673828
2022-04-27,110.05594919150788,111.16253257473028,109.05732114485659,109.23725128173828,17215200.0,0.0,0.0,121.41999816894531,109.23725128173828
2022-04-28,110.48777859361121,111.24350023028722,108.98534074970415,110.964599609375,13015600.0,0.0,0.0,123.33999633789062,110.964599609375
2022-04-29,110.70371329607225,111.2075231915258,106.97010445653474,107.38394927978516,14874800.0,0.0,0.0,119.36000061035156,107.38394927978516
2022-05-02,107.85177738792764,108.5985005674857,106.35833789270694,108.36458587646484,18545000.0,0.0,0.0,120.44999694824219,108.36458587646484
2022-05-03,109.3362256008999,111.71133933209506,108.66147722581275,110.68572235107422,15720900.0,0.0,0.0,123.02999877929688,110.68572235107422
2022-05-04,110.47879802873133,114.6172531567878,110.42481349388046,114.34735107421875,17128500.0,0.0,0.0,127.0999984741211,114.34735107421875
2022-05-05,112.68295193850777,113.44766520962307,109.90299258655013,111.48639678955078,15055400.0,0.0,0.0,123.91999816894531,111.48639678955078
2022-05-06,111.37843993822645,111.81927351087909,109.02131706783221,111.30646514892578,14417900.0,0.0,0.0,123.72000122070312,111.30646514892578
2022-05-09,109.85801851306121,110.95561016010113,108.4095583052652,109.63310241699219,14312300.0,0.0,0.0,121.86000061035156,109.63310241699219
2022-05-10,110.75769040385855,111.36046393484135,105.76454998716217,106.96110534667969,16382400.0,0.0,0.0,118.88999938964844,106.96110534667969
2022-05-11,107.32996038285035,110.55975212521275,106.10641630996078,106.28634643554688,14630300.0,0.0,0.0,118.13999938964844,106.28634643554688
2022-05-12,105.26072886829334,106.44828553481575,103.79427844993359,106.19638061523438,16318800.0,0.0,0.0,118.04000091552734,106.19638061523438
2022-05-13,107.42892855325138,108.18464334933826,106.12441106396625,107.14102935791016,10443200.0,0.0,0.0,119.08999633789062,107.14102935791016
2022-05-16,106.64622256963487,107.47391219955917,105.46766436041887,106.39431762695312,10269000.0,0.0,0.0,118.26000213623047,106.39431762695312
2022-05-17,108.89538074384784,110.63173332545871,108.68845490994003,109.9209976196289,11160200.0,0.0,0.0,122.18000030517578,109.9209976196289
2022-05-18,109.1292874553332,109.73206091727765,107.53687772584509,108.04068756103516,12664900.0,0.0,0.0,120.08999633789062,108.04068756103516
2022-05-19,106.33132232935517,107.64483134064899,105.82750567041556,106.43927764892578,12765800.0,0.0,0.0,118.30999755859375,106.43927764892578
2022-05-20,107.47391091670589,107.66283962146207,103.47939869073286,105.56661987304688,13150100.0,0.0,0.0,117.33999633789062,105.56661987304688
2022-05-23,108.37357999351177,113.87053039147749,108.364581427024,112.09819030761719,24376700.0,0.0,0.0,124.5999984741211,112.09819030761719
2022-05-24,111.88226603730769,114.69821315602941,110.7576855302295,113.68159484863281,19324900.0,0.0,0.0,126.36000061035156,113.68159484863281
2022-05-25,113.6096201128851,115.03109152196792,112.61099207292516,114.47329711914062,12780400.0,0.0,0.0,127.23999786376953,114.47329711914062
2022-05-26,115.48992807423521,117.12732406211168,115.34599218660581,116.45257568359375,15990900.0,0.0,0.0,129.44000244140625,116.45257568359375
2022-05-27,117.10032518338836,118.09895324707031,116.18266362351555,118.09895324707031,11177800.0,0.0,0.0,131.27000427246094,118.09895324707031
2022-05-31,117.11830126017365,119.79030554101354,116.69547163525124,118.96261596679688,17015000.0,0.0,0.0,132.22999572753906,118.96261596679688
2022-06-01,119.53838766189638,119.53838766189638,115.75980045765246,116.8753890991211,10768000.0,0.0,0.0,129.91000366210938,116.8753890991211
2022-06-02,116.86639845272646,118.76469085958635,115.75981509981052,118.75569915771484,8374800.0,0.0,0.0,132.0,118.75569915771484
2022-06-03,118.04497694349016,118.54878683229511,116.94738523096942,117.10032653808594,8596000.0,0.0,0.0,130.16000366210938,117.10032653808594
2022-06-06,117.93699158652628,119.10655793987664,116.47054809011271,116.71344757080078,11323500.0,0.0,0.0,129.72999572753906,116.71344757080078
2022-06-07,115.90376696947148,117.24427187522622,115.7148314041518,117.01935577392578,6722200.0,0.0,0.0,130.07000732421875,117.01935577392578
2022-06-08,116.0567078590393,116.46155409438506,114.16741398760132,115.15704345703125,8422100.0,0.0,0.0,128.0,115.15704345703125
2022-06-09,114.59025172103082,115.24700972232138,112.70095107858411,112.7369384765625,13560100.0,0.0,0.0,125.30999755859375,112.7369384765625
2022-06-10,110.28985970425487,111.01859256347376,107.34796002425864,107.55488586425781,12945200.0,0.0,0.0,119.55000305175781,107.55488586425781
2022-06-13,105.13477649558172,106.11540734246348,103.51537791993975,104.35206604003906,16805600.0,0.0,0.0,115.98999786376953,104.35206604003906
2022-06-14,103.9562198694619,105.5486227715406,101.86000025675558,102.61571502685547,13357900.0,0.0,0.0,114.05999755859375,102.61571502685547
2022-06-15,104.01918991175354,105.21573822655722,101.81500823564306,103.83026123046875,14083500.0,0.0,0.0,115.41000366210938,103.83026123046875
2022-06-16,102.43578325147227,102.79565036358842,100.64545312015963,102.0489273071289,16724900.0,0.0,0.0,113.43000030517578,102.0489273071289
2022-06-17,102.14790244652868,103.12853340206972,100.9063679768972,101.68907165527344,30919900.0,0.0,0.0,113.02999877929688,101.68907165527344
2022-06-21,104.2441249147797,105.28773213380639,103.49740175516095,104.20813751220703,11680500.0,0.0,0.0,115.83000183105469,104.20813751220703
2022-06-22,103.35343475007033,104.54099137951715,102.91260115456578,103.62333679199219,9842700.0,0.0,0.0,115.18000030517578,103.62333679199219
2022-06-23,103.47040676802952,103.62334807194982,100.29459246666248,102.4897689819336,11851500.0,0.0,0.0,113.91999816894531,102.4897689819336
2022-06-24,101.8689982043996,105.99845431002949,101.50913108867529,105.54862213134766,14841100.0,0.0,0.0,117.31999969482422,105.54862213134766
2022-06-27,106.2143783826469,106.61023292073985,104.03719215092518,104.70294189453125,11280500.0,0.0,0.0,116.37999725341797,104.70294189453125
2022-06-28,105.86349715993853,107.32095580556243,104.00119232247715,104.1991195678711,11590900.0,0.0,0.0,115.81999969482422,104.1991195678711
2022-06-29,104.36108566876835,105.09881031014693,103.21851473371575,103.7313232421875,9338400.0,0.0,0.0,115.30000305175781,103.7313232421875
2022-06-30,101.8150281771545,102.6337261536329,99.7997816515162,101.31121826171875,15172600.0,0.0,0.0,112.61000061035156,101.31121826171875
2022-07-01,101.34718853115355,102.93959138117171,100.00669059626647,102.60671997070312,10573600.0,0.0,0.0,114.05000305175781,102.60671997070312
2022-07-05,100.53734630362622,102.29813625751622,99.20314697860752,102.2164535522461,12514200.0,1.0,0.0,112.62000274658203,102.2164535522461
2022-07-06,101.40864755113412,102.55224671895928,100.55548033182198,101.55386352539062,10656200.0,0.0,0.0,111.88999938964844,101.55386352539062
2022-07-07,103.01516634766683,104.28583938797875,102.92440547148976,104.12246704101562,10347400.0,0.0,0.0,114.72000122070312,104.12246704101562
2022-07-08,104.52180845883026,104.96654153657856,103.11499084043402,103.79570770263672,8807800.0,0.0,0.0,114.36000061035156,103.79570770263672
2022-07-11,103.0605421638434,103.67772576789007,101.85340252400628,102.43428039550781,7939500.0,0.0,0.0,112.86000061035156,102.43428039550781
2022-07-12,102.18013881541624,104.53995584050604,101.88969990347611,102.53411102294922,11250900.0,0.0,0.0,112.97000122070312,102.53411102294922
2022-07-13,101.42681382014564,102.08938128834953,100.18336850908824,101.57203674316406,12979900.0,0.0,0.0,111.91000366210938,101.57203674316406
2022-07-14,98.01416097100527,98.23199537702668,96.26244910576173,98.02323913574219,26204800.0,0.0,0.0,108.0,98.02323913574219
2022-07-15,99.07607006855429,103.36004222032456,97.72370763093286,102.51595306396484,18863900.0,0.0,0.0,112.94999694824219,102.51595306396484
2022-07-18,104.16783066308354,105.13898645536467,101.00930825951559,101.46311950683594,13977900.0,0.0,0.0,111.79000091552734,101.46311950683594
2022-07-19,102.67934847181616,104.32215018617427,102.2618428814511,103.97724914550781,11862300.0,0.0,0.0,114.55999755859375,103.97724914550781
2022-07-20,103.55972743519882,104.140605290037,102.99700590841762,103.9590835571289,11667500.0,0.0,0.0,114.54000091552734,103.9590835571289
2022-07-21,103.86831742630905,104.8576225923545,102.89716166279044,104.66702270507812,11595900.0,0.0,0.0,115.31999969482422,104.66702270507812
2022-07-22,104.59441499315257,105.51111565732424,103.16944794470042,104.15876007080078,7645500.0,0.0,0.0,114.76000213623047,104.15876007080078
2022-07-25,105.13900027541744,105.70172878892247,104.16784435548219,104.57627868652344,9394000.0,0.0,0.0,115.22000122070312,104.57627868652344
2022-07-26,103.99538846118368,104.903010967723,102.58857080620362,102.94254302978516,10675100.0,0.0,0.0,113.41999816894531,102.94254302978516
2022-07-27,103.4780344249909,105.04821733960455,102.83362333536574,104.59440612792969,9337400.0,0.0,0.0,115.23999786376953,104.59440612792969
2022-07-28,104.60349583569682,105.26606332469507,103.04238398730452,104.20413970947266,10384800.0,0.0,0.0,114.80999755859375,104.20413970947266
2022-07-29,104.91208028855732,105.73802007821718,104.18598645136994,104.70333099365234,12944500.0,0.0,0.0,115.36000061035156,104.70333099365234
2022-08-01,103.92278780122531,104.47643814173347,102.62488720497667,103.65957641601562,14740400.0,0.0,0.0,114.20999908447266,103.65957641601562
2022-08-02,103.39636977553488,103.83203169078001,101.898791030432,102.04401397705078,14942900.0,0.0,0.0,112.43000030517578,102.04401397705078
2022-08-03,102.96978255144504,103.55973863410931,101.39052114561119,103.11500549316406,14394500.0,0.0,0.0,113.61000061035156,103.11500549316406
2022-08-04,102.42520185397181,102.8517855540431,100.76425095035351,101.98046875,18033900.0,0.0,0.0,112.36000061035156,101.98046875
2022-08-05,102.1347447839968,105.45664600138852,101.6990899216364,105.06636810302734,14174600.0,0.0,0.0,115.76000213623047,105.06636810302734
2022-08-08,105.51113608057814,105.91956351491643,103.63235741832135,103.78665161132812,10332500.0,0.0,0.0,114.3499984741211,103.78665161132812
2022-08-09,104.14968164237897,105.2751316009744,103.80478758600896,104.72148132324219,10233800.0,0.0,0.0,115.37999725341797,104.72148132324219
2022-08-10,107.06314461138093,108.34289560451963,106.64563911049727,107.45342254638672,12847300.0,0.0,0.0,118.38999938964844,107.45342254638672
2022-08-11,108.82392823697425,110.00383321404902,108.2884274148036,109.04175567626953,11684900.0,0.0,0.0,120.13999938964844,109.04175567626953
2022-08-12,109.52279538113947,110.95684046169175,108.4064236861774,110.8479232788086,9906700.0,0.0,0.0,122.12999725341797,110.8479232788086
2022-08-15,109.94937676071238,111.38342181173202,109.45925983474582,111.1474380493164,8456200.0,0.0,0.0,122.45999908447266,111.1474380493164
2022-08-16,110.99315503303534,112.76301611709646,110.61195524948526,112.20936584472656,9555000.0,0.0,0.0,123.62999725341797,112.20936584472656
2022-08-17,111.00223745622554,111.78279338084268,110.44858716261082,111.26544189453125,8149300.0,0.0,0.0,122.58999633789062,111.26544189453125
2022-08-18,110.9477856809423,111.15654192764482,109.4139081819101,110.40321350097656,9531800.0,0.0,0.0,121.63999938964844,110.40321350097656
2022-08-19,109.47742306158675,109.8132389383295,107.19928875967574,107.67124938964844,13464500.0,0.0,0.0,118.62999725341797,107.67124938964844
2022-08-22,105.96491492051162,106.3370434273426,104.830386923504,105.89230346679688,8967600.0,0.0,0.0,116.66999816894531,105.89230346679688
2022-08-23,105.91044936431913,106.45502136434098,104.72145943179174,104.84852600097656,7607000.0,0.0,0.0,115.5199966430664,104.84852600097656
2022-08-24,104.6398022216113,105.65634194716718,103.87739569629183,105.10269165039062,9771300.0,0.0,0.0,115.80000305175781,105.10269165039062
2022-08-25,105.42945331881305,107.77111455909643,104.99379138770713,107.59867095947266,10758900.0,0.0,0.0,118.55000305175781,107.59867095947266
2022-08-26,108.42458482179282,108.9056236468533,104.01353884448274,104.07707214355469,11276200.0,0.0,0.0,114.66999816894531,104.07707214355469
2022-08-29,103.46897239478419,104.24952835453824,102.97885537880298,103.82294464111328,8117300.0,0.0,0.0,114.38999938964844,103.82294464111328
2022-08-30,104.37658892922275,104.90301164833747,102.88808856280961,103.84109497070312,10745400.0,0.0,0.0,114.41000366210938,103.84109497070312
2022-08-31,103.90462432920928,104.40381253734783,102.86992833363875,103.22390747070312,10738300.0,0.0,0.0,113.7300033569336,103.22390747070312
2022-09-01,102.82456123998635,104.04077215351198,101.57204459290033,103.9318618774414,9979800.0,0.0,0.0,114.51000213623047,103.9318618774414
2022-09-02,105.16622513135546,106.6002634672433,102.73379647194963,103.20575714111328,10666600.0,0.0,0.0,113.70999908447266,103.20575714111328
2022-09-06,103.76849502213983,104.14969485775177,101.7172659775536,103.23299407958984,9751900.0,0.0,0.0,113.73999786376953,103.23299407958984
2022-09-07,102.67933268210457,105.38405082502955,102.34351678313175,105.19345092773438,10647900.0,0.0,0.0,115.9000015258789,105.19345092773438
2022-09-08,104.63072127029264,107.81647820178921,104.04076525711028,107.64402770996094,11435000.0,0.0,0.0,118.5999984741211,107.64402770996094
2022-09-09,108.134134129783,108.96007385247263,107.70755048616172,108.16136169433594,9299700.0,0.0,0.0,119.16999816894531,108.16136169433594
2022-09-12,109.47743732569589,110.32152659616844,108.72410892766551,109.44113159179688,8614600.0,0.0,0.0,120.58000183105469,109.44113159179688
2022-09-13,107.16298969054854,107.93446744065152,105.08453330758677,105.63818359375,12904600.0,0.0,0.0,116.38999938964844,105.63818359375
2022-09-14,105.91954322994398,106.95423232841526,104.26767055303281,105.39312744140625,9345700.0,0.0,0.0,116.12000274658203,105.39312744140625
2022-09-15,105.39314383368516,108.35198866514635,105.0663991281257,106.98148345947266,10821400.0,0.0,0.0,117.87000274658203,106.98148345947266
2022-09-16,106.54580319895298,106.55488136271414,104.71240882197272,106.26444244384766,14844100.0,0.0,0.0,117.08000183105469,106.26444244384766
2022-09-19,105.28421430798113,107.76202688119582,104.83948120367455,107.24468231201172,8201300.0,0.0,0.0,118.16000366210938,107.24468231201172
2022-09-20,106.56397397471923,106.81810719760725,104.04985546698215,105.12992858886719,9619000.0,0.0,0.0,115.83000183105469,105.12992858886719
2022-09-21,105.77433928837232,105.82879442883322,102.03493166041227,102.09846496582031,12606300.0,0.0,0.0,112.48999786376953,102.09846496582031
2022-09-22,102.90623032805375,103.10590837390453,100.80962469584004,100.93669128417969,11684500.0,0.0,0.0,111.20999908447266,100.93669128417969
2022-09-23,99.88384680332022,100.14705120280087,97.26081864982193,99.05790710449219,18138600.0,0.0,0.0,109.13999938964844,99.05790710449219
2022-09-26,98.0232331100431,99.48450593537461,96.2624431883022,96.92501068115234,15753600.0,0.0,0.0,106.79000091552734,96.92501068115234
2022-09-27,97.79632248042036,98.17752226112906,94.98269416984998,96.07183837890625,12793600.0,0.0,0.0,105.8499984741211,96.07183837890625
2022-09-28,96.16260926812394,98.68580584898338,95.88124848511528,98.01416015625,12762600.0,0.0,0.0,107.98999786376953,98.01416015625
2022-09-29,97.07022614935472,97.36974324411146,94.75579286845979,96.35321044921875,12713900.0,0.0,0.0,106.16000366210938,96.35321044921875
2022-09-30,96.26244659636295,97.67834250014899,94.75579674601661,94.8465576171875,15973400.0,0.0,0.0,104.5,94.8465576171875
2022-10-03,95.8630913175498,98.3499750383792,94.8102458896218,97.7781753540039,12248100.0,0.0,0.0,107.7300033569336,97.7781753540039
2022-10-04,100.3921238672329,102.5522628939969,99.71140700180528,102.35258483886719,16013600.0,0.0,0.0,112.7699966430664,102.35258483886719
2022-10-05,100.5027998233193,101.60168868963162,99.66031789337549,101.08887481689453,10943500.0,1.0,0.0,110.38999938964844,101.08887481689453
2022-10-06,100.23723052388458,100.90572600519454,98.84530420211476,99.02845001220703,11521400.0,0.0,0.0,108.13999938964844,99.02845001220703
2022-10-07,98.46069135916748,98.63468477736758,96.40026946115013,97.05045318603516,11681100.0,0.0,0.0,105.9800033569336,97.05045318603516
2022-10-10,97.7372345165245,98.26836004377017,95.71343673068569,96.14383697509766,8931700.0,0.0,0.0,104.98999786376953,96.14383697509766
2022-10-11,95.57609987779172,95.73177451175344,93.26842359438685,93.36915588378906,12739700.0,0.0,0.0,101.95999908447266,93.36915588378906
2022-10-12,93.22263446077322,95.90576156520447,92.7464442175861,94.880126953125,13181000.0,0.0,0.0,103.61000061035156,94.880126953125
2022-10-13,93.38747537838252,100.64015835202872,93.18601079802045,100.15481567382812,22398700.0,0.0,0.0,109.37000274658203,100.15481567382812
2022-10-14,102.52657587932734,105.53021152133871,101.39105662147124,101.82145690917969,33387100.0,0.0,0.0,111.19000244140625,101.82145690917969
2022-10-17,105.68590275946444,107.15109015904487,104.68773925856723,106.09798431396484,22276300.0,0.0,0.0,115.86000061035156,106.09798431396484
2022-10-18,109.57778960158558,110.01734224434209,107.1052797864678,108.82687377929688,21539700.0,0.0,0.0,118.83999633789062,108.82687377929688
2022-10-19,108.04851008724987,108.81773780803796,105.92398669571581,106.6932144165039,17072000.0,0.0,0.0,116.51000213623047,106.6932144165039
2022-10-20,107.28844354669732,108.70784087660407,105.90566978530704,106.34522247314453,12207400.0,0.0,0.0,116.12999725341797,106.34522247314453
2022-10-21,106.64742591227989,112.07778202749257,106.52838184082461,111.93126678466797,20593300.0,0.0,0.0,122.2300033569336,111.93126678466797
2022-10-24,111.7847483080427,112.7279624850652,111.10710044077992,112.0686264038086,12624200.0,0.0,0.0,122.37999725341797,112.0686264038086
2022-10-25,111.58328366211862,112.88363705127985,110.7041712164928,112.36166381835938,11289100.0,0.0,0.0,122.69999694824219,112.36166381835938
2022-10-26,112.63637971430619,114.65101135359498,112.52648804820234,113.6528549194336,11667000.0,0.0,0.0,124.11000061035156,113.6528549194336
2022-10-27,114.6510145018732,115.56675745152576,113.74443093795517,114.10157012939453,10727600.0,0.0,0.0,124.5999984741211,114.10157012939453
2022-10-28,114.73345601974997,115.64003974975591,113.59793651038939,115.45689392089844,11859500.0,0.0,0.0,126.08000183105469,115.45689392089844
2022-10-31,115.10888577748291,116.69312415172827,115.00815349427032,115.27371978759766,13295200.0,0.0,0.0,125.87999725341797,115.27371978759766
2022-11-01,116.18031225073543,117.4715061957716,115.68581021224358,117.35245513916016,13386900.0,0.0,0.0,128.14999389648438,117.35245513916016
2022-11-02,116.89459424650867,119.37625691475094,115.96969186898045,116.27188873291016,16546100.0,0.0,0.0,126.97000122070312,116.27188873291016
2022-11-03,115.66749509431108,117.37993001810507,115.3012034867295,116.48250579833984,12474400.0,0.0,0.0,127.19999694824219,116.48250579833984
2022-11-04,118.57955864183005,119.80665083109656,117.6363445290073,119.66928100585938,14953200.0,0.0,0.0,130.67999267578125,119.66928100585938
2022-11-07,119.96234986289507,121.14365235077179,119.48615952348163,120.3011703491211,12011200.0,0.0,0.0,131.3699951171875,120.3011703491211
2022-11-08,120.18210671759188,120.933008651379,119.17478390907824,120.37440490722656,9884100.0,0.0,0.0,131.4499969482422,120.37440490722656
2022-11-09,120.25538554057319,120.35610386313091,118.33231952221442,118.80850982666016,9494000.0,0.0,0.0,129.74000549316406,118.80850982666016
2022-11-10,121.45500262109827,123.85424488989284,121.36342272878547,123.69857025146484,16351600.0,0.0,0.0,135.0800018310547,123.69857025146484
2022-11-11,123.79930737662698,124.69673166918126,122.50810629951107,123.90003967285156,10704700.0,0.0,0.0,135.3000030517578,123.90003967285156
2022-11-14,123.44214686010653,124.29378105790795,122.62713623046875,122.62713623046875,11085600.0,0.0,0.0,133.91000366210938,122.62713623046875
2022-11-15,123.33222929886634,124.27545720527169,120.51175386950881,121.73884582519531,14038300.0,0.0,0.0,132.94000244140625,121.73884582519531
2022-11-16,121.793809472829,122.30662327701408,120.90553771446262,121.90369415283203,7893400.0,0.0,0.0,133.1199951171875,121.90369415283203
2022-11-17,120.8780939660086,121.6931047982178,120.21875779016169,121.37258911132812,8820200.0,0.0,0.0,132.5399932861328,121.37258911132812
2022-11-18,123.23152880612429,123.32309471228184,121.13446973938957,122.56302642822266,9468500.0,0.0,0.0,133.83999633789062,122.56302642822266
2022-11-21,122.47147213562357,123.2223741190831,121.56488154799005,121.83960723876953,7800500.0,0.0,0.0,133.0500030517578,121.83960723876953
2022-11-22,122.70954457416349,123.87254193148381,122.42566652017736,123.66191101074219,9185700.0,0.0,0.0,135.0399932861328,123.66191101074219
2022-11-23,123.57036040358601,124.99891722184935,123.4970992881457,124.98059844970703,7316200.0,0.0,0.0,136.47999572753906,124.98059844970703
2022-11-25,124.98058686844412,125.58498053497402,124.59597652786903,125.21868896484375,3220500.0,0.0,0.0,136.74000549316406,125.21868896484375
2022-11-28,124.60514639117245,125.19122130367973,122.88354522243881,123.03006744384766,9906900.0,0.0,0.0,134.35000610351562,123.03006744384766
2022-11-29,123.31395739125288,125.12712464315098,123.0850216381753,125.05386352539062,7925300.0,0.0,0.0,136.55999755859375,125.05386352539062
2022-11-30,124.62345411287608,126.537353515625,121.96780515989336,126.537353515625,14761200.0,0.0,0.0,138.17999267578125,126.537353515625
2022-12-01,126.53734024273736,126.97690687116938,124.01904740649437,124.76081085205078,8858500.0,0.0,0.0,136.24000549316406,124.76081085205078
2022-12-02,123.15827397065328,123.94581346398753,122.10516119774077,123.77182006835938,8931900.0,0.0,0.0,135.16000366210938,123.77182006835938
2022-12-05,122.92936263028933,123.23155953954412,119.59605820065781,120.3011703491211,10154500.0,0.0,0.0,131.3699951171875,120.3011703491211
2022-12-06,122.15094932768046,123.72602829098362,118.92753028962653,120.50260925292969,13966700.0,0.0,0.0,131.58999633789062,120.50260925292969
2022-12-07,120.24621075738449,121.86707977531921,119.34878653237514,120.42020416259766,11739400.0,0.0,0.0,131.5,120.42020416259766
2022-12-08,121.18026042106706,121.77548772068307,120.35608342183585,121.68392181396484,8907300.0,0.0,0.0,132.8800048828125,121.68392181396484
2022-12-09,121.06119784435955,122.4897544059121,120.8780520752345,121.02457427978516,7957800.0,0.0,0.0,132.16000366210938,121.02457427978516
2022-12-12,121.24435668014594,123.30477824439174,120.51177352469429,122.90186309814453,8841600.0,0.0,0.0,134.2100067138672,122.90186309814453
2022-12-13,125.35606500823162,125.53921082280596,121.86708623866639,122.78282928466797,10025400.0,0.0,0.0,134.0800018310547,122.78282928466797
2022-12-14,122.50810910616701,124.2755005307564,121.57404724460615,122.1692886352539,9966100.0,0.0,0.0,133.41000366210938,122.1692886352539
2022-12-15,120.09967960294495,120.95132779332344,118.17662783505968,119.1381607055664,12087800.0,0.0,0.0,130.10000610351562,119.1381607055664
2022-12-16,118.26818937580855,118.9549965474988,117.6088533731357,118.39639282226562,21133700.0,0.0,0.0,129.2899932861328,118.39639282226562
2022-12-19,118.72608160535512,120.26453720525814,118.21326772976415,119.1015396118164,9017200.0,0.0,0.0,130.05999755859375,119.1015396118164
2022-12-20,119.9348584530206,120.92386254196667,119.22973245038584,119.67845153808594,8549900.0,0.0,0.0,130.69000244140625,119.67845153808594
2022-12-21,121.0428790755091,121.77547612513582,120.66743513939701,121.02457427978516,8051700.0,0.0,0.0,132.16000366210938,121.02457427978516
2022-12-22,120.05390722506925,120.23705302180252,117.59055643559027,119.6509780883789,8648200.0,0.0,0.0,130.66000366210938,119.6509780883789
2022-12-23,119.57772505217594,120.36526460714066,118.7169243789436,120.21874237060547,5091900.0,0.0,0.0,131.27999877929688,120.21874237060547
2022-12-27,120.48430950243451,121.07953684483128,119.5502477587565,120.63998413085938,5411000.0,0.0,0.0,131.74000549316406,120.63998413085938
2022-12-28,120.74072024622446,122.16927709178944,119.9714855059647,121.29932403564453,8827700.0,0.0,0.0,132.4600067138672,121.29932403564453
2022-12-29,121.729704123271,122.04106734709401,121.16194796340132,121.99527740478516,6585200.0,0.0,0.0,133.22000122070312,121.99527740478516
2022-12-30,121.61983111238689,123.01176444801733,121.28101065841543,122.8011474609375,9292500.0,0.0,0.0,134.10000610351562,122.8011474609375
2023-01-03,123.84507473607256,125.21868908507152,122.6088162327224,123.73517608642578,11054800.0,0.0,0.0,135.1199951171875,123.73517608642578
2023-01-04,124.53189125792152,126.0794851365286,124.14728088810833,124.88903045654297,11687600.0,0.0,0.0,136.3800048828125,124.88903045654297
2023-01-05,125.14734892409813,125.1934771062939,123.33922834697609,124.86137390136719,8381300.0,1.0,0.0,135.35000610351562,124.86137390136719
2023-01-06,125.58092773692631,127.65656923603096,124.06801627396604,127.25066375732422,10029100.0,0.0,0.0,137.94000244140625,127.25066375732422
2023-01-09,127.85948631850927,128.11778717358982,126.27277302224822,126.72479248046875,8482300.0,0.0,0.0,137.3699951171875,126.72479248046875
2023-01-10,127.11227720647598,127.97021633227186,126.66947763502837,127.8595199584961,9048700.0,0.0,0.0,138.60000610351562,127.8595199584961
2023-01-11,128.13625195241275,128.92038874886458,127.3982574102741,128.8096923828125,8703700.0,0.0,0.0,139.6300048828125,128.8096923828125
2023-01-12,129.15098499532414,129.94434160906331,128.43143063360026,128.68051147460938,11001700.0,0.0,0.0,139.49000549316406,128.68051147460938
2023-01-13,125.09198197829284,132.37056322485412,124.35397340286053,131.92774963378906,20200000.0,0.0,0.0,143.00999450683594,131.92774963378906
2023-01-17,130.23036130203369,130.57168451812987,128.44069478543568,129.8890380859375,14292900.0,0.0,0.0,140.8000030517578,129.8890380859375
2023-01-18,128.1547076642737,129.82444356300687,125.83921949480727,125.98682403564453,13392600.0,0.0,0.0,136.57000732421875,125.98682403564453
2023-01-19,124.83366661032244,125.36870833720619,123.2377192040971,124.30783081054688,13303400.0,0.0,0.0,134.75,124.30783081054688
2023-01-20,124.68609170285276,124.99052080505861,123.20085436706671,124.61228942871094,13092500.0,0.0,0.0,135.0800018310547,124.61228942871094
2023-01-23,124.64915439695137,127.2690852494994,124.37241352902481,126.63255310058594,10487100.0,0.0,0.0,137.27000427246094,126.63255310058594
2023-01-24,125.848449232367,129.41854812235326,124.53849050290523,127.72113800048828,6945000.0,0.0,0.0,138.4499969482422,127.72113800048828
2023-01-25,127.35214259398586,128.33921813964844,126.61413389807234,128.33921813964844,8967000.0,0.0,0.0,139.1199951171875,128.33921813964844
2023-01-26,128.61593612631194,129.206340097772,127.63808086823815,129.13253784179688,7487600.0,0.0,0.0,139.97999572753906,129.13253784179688
2023-01-27,129.71374894441735,130.31337304468045,128.92039212215033,129.44622802734375,7489900.0,0.0,0.0,140.32000732421875,129.44622802734375
2023-01-30,128.44069199449729,129.23404886369812,128.14549696772326,128.34844970703125,6729300.0,0.0,0.0,139.1300048828125,128.34844970703125
2023-01-31,129.0403182144774,129.21559684362194,127.53662689744111,129.11412048339844,9188700.0,0.0,0.0,139.9600067138672,129.11412048339844
2023-02-01,127.49971585355509,129.96280818647722,127.41667951434165,128.77276611328125,8841800.0,0.0,0.0,139.58999633789062,128.77276611328125
2023-02-02,129.1510428998859,129.57540252014945,127.30602800131611,128.17318725585938,11822100.0,0.0,0.0,138.94000244140625,128.17318725585938
2023-02-03,127.47204053619367,131.30045393398444,127.42592643640081,130.1565399169922,11501200.0,0.0,0.0,141.08999633789062,130.1565399169922
2023-02-06,129.36321661683098,131.21746561230057,129.17871794089558,130.92225646972656,8406200.0,0.0,0.0,141.9199981689453,130.92225646972656
2023-02-07,130.42407668185118,133.1546901998994,130.23956397477656,132.51815795898438,10447900.0,0.0,0.0,143.64999389648438,132.51815795898438
2023-02-08,131.59563052586188,132.87791481564662,131.25430740759305,131.58641052246094,6958000.0,0.0,0.0,142.63999938964844,131.58641052246094
2023-02-09,132.02921863498875,132.232171333837,129.03107040131695,129.5384521484375,6443100.0,0.0,0.0,140.4199981689453,129.5384521484375
2023-02-10,128.9480585636298,130.33181939876073,127.8502727155443,130.11041259765625,6582900.0,0.0,0.0,141.0399932861328,130.11041259765625
2023-02-13,130.35026256892732,131.66944103130464,129.83366081928747,131.5218505859375,7134600.0,0.0,0.0,142.57000732421875,131.5218505859375
2023-02-14,131.45725993912467,132.66574197126275,130.6270091910982,132.10301208496094,9249400.0,0.0,0.0,143.1999969482422,132.10301208496094
2023-02-15,130.63626189665706,132.73957745609866,130.35028688022297,132.65655517578125,6728300.0,0.0,0.0,143.8000030517578,132.65655517578125
2023-02-16,131.83550073283425,132.27830022529912,130.70080679865134,130.82997131347656,8165300.0,0.0,0.0,141.82000732421875,130.82997131347656
2023-02-17,130.05506958755439,131.76171364927728,129.21559867888436,131.21743774414062,7948800.0,0.0,0.0,142.24000549316406,131.21743774414062
2023-02-21,129.78754781985546,130.387171904429,127.99788149484765,128.8096923828125,9996300.0,0.0,0.0,139.6300048828125,128.8096923828125
2023-02-22,128.15468919040865,128.62516276062055,126.78938257533628,127.82258605957031,11107500.0,0.0,0.0,138.55999755859375,127.82258605957031
2023-02-23,127.97941389653887,129.30782645428664,127.25063943639948,128.84657287597656,8068000.0,0.0,0.0,139.6699981689453,128.84657287597656
2023-02-24,128.33000081532785,130.40564239801506,128.1639421690133,130.0089569091797,9126900.0,0.0,0.0,140.92999267578125,130.0089569091797
2023-02-27,131.0975180581738,132.20452404590353,130.73774076025302,131.14364624023438,10014700.0,0.0,0.0,142.16000366210938,131.14364624023438
2023-02-28,131.8631931964461,132.6196418483036,130.90377774001217,132.24142456054688,11019800.0,0.0,0.0,143.35000610351562,132.24142456054688
2023-03-01,131.0883077110964,132.34291834332376,130.811552674686,131.50343322753906,7139200.0,0.0,0.0,142.5500030517578,131.50343322753906
2023-03-02,131.21739296022247,131.39265745569583,128.72661294696914,130.1380615234375,11106800.0,0.0,0.0,141.07000732421875,130.1380615234375
2023-03-03,130.54397554325527,132.6011765252421,130.1473042441955,132.52737426757812,9513100.0,0.0,0.0,143.66000366210938,132.52737426757812
2023-03-06,132.32442182637027,132.87791764537647,131.60486740822327,131.75247192382812,9261300.0,0.0,0.0,142.82000732421875,131.75247192382812
2023-03-07,131.00522037722607,131.2819753059609,127.13069360395971,127.87792205810547,11747600.0,0.0,0.0,138.6199951171875,127.87792205810547
2023-03-08,127.30601965859069,127.85029563967765,126.28203589393516,127.12152099609375,10002500.0,0.0,0.0,137.8000030517578,127.12152099609375
2023-03-09,126.16208845622894,126.70637844043762,119.20638987379802,120.23959350585938,25888100.0,0.0,0.0,130.33999633789062,120.23959350585938
2023-03-10,118.96654355462098,124.77832808584189,117.91487879327784,123.2930908203125,37599700.0,0.0,0.0,133.64999389648438,123.2930908203125
2023-03-13,121.04219983140361,123.50529285310989,119.38168372790905,121.07909393310547,42901100.0,0.0,0.0,131.25,121.07909393310547
2023-03-14,124.79675477043675,125.02738153695165,121.11594650937624,124.18789672851562,29648100.0,0.0,0.0,134.6199951171875,124.18789672851562
2023-03-15,120.82998322201568,120.83921730242474,116.90933485138834,118.32076263427734,34280600.0,0.0,0.0,128.25999450683594,118.32076263427734
2023-03-16,118.09014585331869,121.72482660430684,116.25435842995631,120.6178207397461,24558500.0,0.0,0.0,130.75,120.6178207397461
2023-03-17,118.43148110430431,118.52372338026191,115.72852763693783,116.06063079833984,38396000.0,0.0,0.0,125.80999755859375,116.06063079833984
2023-03-20,117.14919726872469,119.43701841508131,116.24514407761322,117.2875747680664,22875500.0,0.0,0.0,127.13999938964844,117.2875747680664
2023-03-21,120.47019792314585,121.52185544634439,120.10120071640084,120.43330383300781,17807800.0,0.0,0.0,130.5500030517578,120.43330383300781
2023-03-22,120.4425267786873,120.5347831207978,117.2322059572907,117.32445526123047,17250200.0,0.0,0.0,127.18000030517578,117.32445526123047
2023-03-23,117.98867327821704,119.49235749309963,116.25435522322675,117.01081085205078,16677600.0,0.0,0.0,126.83999633789062,117.01081085205078
2023-03-24,115.89457646612907,115.94070464118424,113.56986142967864,115.23037719726562,22311100.0,0.0,0.0,124.91000366210938,115.23037719726562
2023-03-27,116.96468494288993,119.35398217332511,116.50343135783469,118.53295135498047,18853900.0,0.0,0.0,128.49000549316406,118.53295135498047
2023-03-28,118.73589856099942,119.31706847934788,117.84105848314509,118.8927230834961,10820500.0,0.0,0.0,128.8800048828125,118.8927230834961
2023-03-29,120.0181736979339,120.12887004030037,117.86872352865781,119.13256072998047,14595300.0,0.0,0.0,129.13999938964844,119.13256072998047
2023-03-30,119.87981010605174,120.03663464387499,117.7580477285773,118.7728042602539,12134700.0,0.0,0.0,128.75,118.7728042602539
2023-03-31,119.61230518033767,120.23960341540405,118.86507648654305,120.21192932128906,13105200.0,0.0,0.0,130.30999755859375,120.21192932128906
2023-04-03,119.84289770593514,121.25433240710251,119.38164416761009,120.07352447509766,11775400.0,0.0,0.0,130.16000366210938,120.07352447509766
2023-04-04,120.38719287706124,120.47021514899892,117.53664892978881,118.46837615966797,11579900.0,0.0,0.0,128.4199981689453,118.46837615966797
2023-04-05,117.89194186582034,119.14709201057964,117.57582414515304,118.64503479003906,9614700.0,1.0,0.0,127.61000061035156,118.64503479003906
2023-04-06,118.0778873969131,119.08201601577716,117.94772336410566,118.5148696899414,8760200.0,0.0,0.0,127.47000122070312,118.5148696899414
2023-04-10,117.65019263184118,119.22146032380778,117.35267385939126,118.90534973144531,9477300.0,0.0,0.0,127.88999938964844,118.90534973144531
2023-04-11,119.28655862413275,119.88159621491059,118.5799488250562,119.49110412597656,10516300.0,0.0,0.0,128.52000427246094,119.49110412597656
2023-04-12,120.10472488738162,121.26690877514532,119.06341266372614,119.47250366210938,11821000.0,0.0,0.0,128.5,119.47250366210938
2023-04-13,119.43531289368853,119.9745537010394,117.919820654687,119.9280776977539,12450200.0,0.0,0.0,128.99000549316406,119.9280776977539
2023-04-14,125.65531412466714,129.3464112241228,125.42287735108336,128.9838104248047,43931300.0,0.0,0.0,138.72999572753906,128.9838104248047
2023-04-17,130.11809586712968,130.22036860936103,127.98898138025827,130.00653076171875,16050500.0,0.0,0.0,139.8300018310547,130.00653076171875
2023-04-18,130.41561260269637,131.8195254325071,129.26272124249093,131.46621704101562,13760100.0,0.0,0.0,141.39999389648438,131.46621704101562
2023-04-19,131.30819678395326,131.55923250733605,130.53650488378904,131.2989044189453,9158100.0,0.0,0.0,141.22000122070312,131.2989044189453
2023-04-20,130.08092733043537,131.49413278576523,130.01583822017926,130.91769409179688,10586200.0,0.0,0.0,140.80999755859375,130.91769409179688
2023-04-21,129.9228397895457,131.19658853096476,129.03027650358848,130.6666259765625,11842500.0,0.0,0.0,140.5399932861328,130.6666259765625
2023-04-24,130.59228598862495,131.18732357463173,130.20177971600683,130.8433074951172,7567500.0,0.0,0.0,140.72999572753906,130.8433074951172
2023-04-25,129.7926794829972,130.1273889514079,127.96107686236238,127.99826049804688,10629300.0,0.0,0.0,137.6699981689453,127.99826049804688
2023-04-26,127.95178545062049,128.12843966134915,124.58610564390162,125.72969055175781,14416100.0,0.0,0.0,135.22999572753906,125.72969055175781
2023-04-27,126.44559203599226,128.22141221133293,126.12948146073748,127.42182922363281,9041100.0,0.0,0.0,137.0500030517578,127.42182922363281
2023-04-28,126.96624644240126,128.60261022124138,126.13877219035167,128.52822875976562,9887300.0,0.0,0.0,138.24000549316406,128.52822875976562
2023-05-01,132.26578761333266,133.29780722986916,130.93625636880267,131.28025817871094,20415800.0,0.0,0.0,141.1999969482422,131.28025817871094
2023-05-02,131.4662146588088,132.4052681693228,128.7048650486828,129.1604461669922,14113400.0,0.0,0.0,138.9199981689453,129.1604461669922
2023-05-03,128.71420151054193,128.92803938903776,126.22247169793857,126.42701721191406,12930900.0,0.0,0.0,135.97999572753906,126.42701721191406
2023-05-04,125.47867596517398,126.1852786601543,122.5499640622479,124.69767761230469,17089200.0,0.0,0.0,134.1199951171875,124.69767761230469
2023-05-05,126.85466380297957,128.19350155079115,126.36189910230048,127.13359069824219,11261400.0,0.0,0.0,136.74000549316406,127.13359069824219
2023-05-08,127.83095234103517,128.27722704115507,126.89189855490372,127.44046020507812,7484900.0,0.0,0.0,137.07000732421875,127.44046020507812
2023-05-09,126.38051629294698,127.3288623057515,125.71111143387805,126.8268051147461,7343600.0,0.0,0.0,136.41000366210938,126.8268051147461
2023-05-10,128.2586209725423,128.3608937300772,125.39499794838092,126.89189147949219,8133400.0,0.0,0.0,136.47999572753906,126.89189147949219
2023-05-11,125.51584351268195,127.19868329285076,125.42286313905839,126.49208068847656,7057300.0,0.0,0.0,136.0500030517578,126.49208068847656
2023-05-12,127.20799788265374,127.36605317835334,123.77722900657062,124.67908477783203,9988600.0,0.0,0.0,134.10000610351562,124.67908477783203
2023-05-15,124.8371413216115,126.13878152674747,124.54892200381812,125.72969055175781,7639500.0,0.0,0.0,135.22999572753906,125.72969055175781
2023-05-16,125.9435475942871,126.38982222709488,124.54892695329985,124.88363647460938,6477200.0,0.0,0.0,134.32000732421875,124.88363647460938
2023-05-17,126.3526522917661,128.85367479660817,125.94357539702828,128.7235107421875,12711500.0,0.0,0.0,138.4499969482422,128.7235107421875
2023-05-18,128.55612218887362,129.91354486981814,128.08194213737082,129.69970703125,10999600.0,0.0,0.0,139.5,129.69970703125
2023-05-19,129.9693374456531,130.6201717479733,128.42596808225812,129.40219116210938,13492200.0,0.0,0.0,139.17999267578125,129.40219116210938
2023-05-22,131.09435819452145,131.6893958486409,127.98900588042339,128.3330078125,11402500.0,0.0,0.0,138.02999877929688,128.3330078125
2023-05-23,127.87741281159326,129.26274112947746,126.87329840506368,126.99415588378906,9514900.0,0.0,0.0,136.58999633789062,126.99415588378906
2023-05-24,125.8877451386668,126.77101618732583,125.59023345923494,125.83196258544922,8578000.0,0.0,0.0,135.33999633789062,125.83196258544922
2023-05-25,125.34850979951426,126.69664024605038,125.12536539009835,126.13878631591797,8472500.0,0.0,0.0,135.6699981689453,126.13878631591797
2023-05-26,126.5478654730383,127.9331936183434,126.10159088275205,127.3195571899414,8579900.0,0.0,0.0,136.94000244140625,127.3195571899414
2023-05-30,127.18942585291337,128.0447916152198,126.46422413733148,127.80306243896484,7399900.0,0.0,0.0,137.4600067138672,127.80306243896484
2023-05-31,127.12432677336852,127.22659952969529,124.95801416158596,126.17599487304688,14219900.0,0.0,0.0,135.7100067138672,126.17599487304688
2023-06-01,126.92905184628603,128.51891111427392,125.93421584510475,127.91458129882812,12248100.0,0.0,0.0,137.5800018310547,127.91458129882812
2023-06-02,129.7555196432597,131.54063260172768,129.55097412008783,130.60159301757812,12922500.0,0.0,0.0,140.47000122070312,130.60159301757812
2023-06-05,130.26687328356348,130.26687328356348,128.42597790551955,129.3185272216797,8511900.0,0.0,0.0,139.08999633789062,129.3185272216797
2023-06-06,128.93734301871834,130.25759661038836,128.5003748590288,129.5509796142578,9329500.0,0.0,0.0,139.33999633789062,129.5509796142578
2023-06-07,129.74622583432867,131.34539216852002,129.07680670900132,130.80613708496094,9281400.0,0.0,0.0,140.69000244140625,130.80613708496094
2023-06-08,130.7875249381189,130.99207043832266,129.6811236016028,130.8433074951172,7368100.0,0.0,0.0,140.72999572753906,130.8433074951172
2023-06-09,130.49000018411496,131.83813052835976,130.35983616853576,131.10362243652344,7249100.0,0.0,0.0,141.00999450683594,131.10362243652344
2023-06-12,131.1594647341573,131.39190157034585,129.94148379560156,131.09437561035156,7596600.0,0.0,0.0,141.0,131.09437561035156
2023-06-13,130.61087553751943,132.83297065646826,130.29476491165087,132.04269409179688,7701600.0,0.0,0.0,142.02000427246094,132.04269409179688
2023-06-14,132.9538552409123,133.52100162444762,130.81543375282095,131.54994201660156,9068700.0,0.0,0.0,141.49000549316406,131.54994201660156
2023-06-15,130.71316839085526,133.32575601175247,130.1925121771727,133.03753662109375,9343100.0,0.0,0.0,143.08999633789062,133.03753662109375
2023-06-16,133.00031770567188,133.8556832851755,132.4889539932474,133.195556640625,13813500.0,0.0,0.0,143.25999450683594,133.195556640625
2023-06-20,132.5912424367851,132.95384326002164,131.13153259272033,132.51686096191406,8428600.0,0.0,0.0,142.52999877929688,132.51686096191406
2023-06-21,132.86086563296203,133.90219211599842,131.73587949582742,132.32162475585938,9926500.0,0.0,0.0,142.32000732421875,132.32162475585938
2023-06-22,132.31229907643169,132.58193366281853,129.18834845257769,129.7740936279297,10075200.0,0.0,0.0,139.5800018310547,129.7740936279297
2023-06-23,128.80716441468397,129.40220202550213,127.95179873580885,129.09539794921875,9919500.0,0.0,0.0,138.85000610351562,129.09539794921875
2023-06-26,129.11397314658396,130.1738842559491,128.01687839601942,129.4114990234375,8429700.0,0.0,0.0,139.19000244140625,129.4114990234375
2023-06-27,129.2348450460071,130.0158291939676,128.80715514394416,129.42079162597656,8154000.0,0.0,0.0,139.1999969482422,129.42079162597656
2023-06-28,129.3836156345039,129.43010582894865,128.26792190190724,128.85365295410156,7558600.0,0.0,0.0,138.58999633789062,128.85365295410156
2023-06-29,130.22968573677505,133.4744941017453,130.02514023569887,133.35362243652344,15423200.0,0.0,0.0,143.42999267578125,133.35362243652344
2023-06-30,134.44141282797466,135.74305286566013,133.5674484368948,135.22239685058594,14212800.0,0.0,0.0,145.44000244140625,135.22239685058594
2023-07-03,135.91971913562398,137.11908654933129,135.7430649319183,136.31021118164062,8021600.0,0.0,0.0,146.61000061035156,136.31021118164062
2023-07-05,135.68300316098157,136.14169879641477,135.14004477164264,135.40216064453125,8934900.0,1.0,0.0,144.63999938964844,135.40216064453125
2023-07-06,133.8856244268661,134.2319887522731,132.40653391206402,134.06349182128906,9709500.0,0.0,0.0,143.2100067138672,134.06349182128906
2023-07-07,134.7187774160945,136.52550555928698,133.8668937548906,135.12130737304688,8981500.0,0.0,0.0,144.33999633789062,135.12130737304688
2023-07-10,135.27112782587213,136.66597020322195,135.27112782587213,135.87960815429688,9100100.0,0.0,0.0,145.14999389648438,135.87960815429688
2023-07-11,136.99359880427176,138.37908490759793,136.40384516231424,138.00462341308594,11260900.0,0.0,0.0,147.4199981689453,138.00462341308594
2023-07-12,138.03269855763006,140.29813690742736,137.61144189846328,138.68798828125,11323200.0,0.0,0.0,148.14999389648438,138.68798828125
2023-07-13,139.20287398923173,139.83008093340652,138.3135511365733,139.3620147705078,11234900.0,0.0,0.0,148.8699951171875,139.3620147705078
2023-07-14,141.870827603696,143.1252412336155,138.93137327763844,140.2045135498047,27028400.0,0.0,0.0,149.77000427246094,140.2045135498047
2023-07-17,140.74748954065532,143.93033347784979,140.74748954065532,143.58396911621094,17262400.0,0.0,0.0,153.3800048828125,143.58396911621094
2023-07-18,143.58396870813758,144.5388133160355,143.05973693495963,143.84608459472656,13491700.0,0.0,0.0,153.66000366210938,143.84608459472656
2023-07-19,142.99419342486166,145.2970849199136,142.49804450203536,144.3983917236328,12510000.0,0.0,0.0,154.25,144.3983917236328
2023-07-20,144.66050292793233,146.58893291052811,144.54817163861398,146.17703247070312,9935900.0,0.0,0.0,156.14999389648438,146.17703247070312
2023-07-21,145.84939849751257,146.16768001485138,144.81029119211755,145.05368041992188,10636400.0,0.0,0.0,154.9499969482422,145.05368041992188
2023-07-24,145.07238037328685,148.64839726412828,144.84770354601892,147.9088592529297,14381400.0,0.0,0.0,158.0,147.9088592529297
2023-07-25,147.25359971580744,147.6467735305015,145.99918598070113,146.80426025390625,9944700.0,0.0,0.0,156.82000732421875,146.80426025390625
2023-07-26,146.70127676307158,148.14291400130324,146.29873250733112,147.6842041015625,8728600.0,0.0,0.0,157.75999450683594,147.6842041015625
2023-07-27,147.69360576809055,148.6390943050811,145.6153907955602,146.0553741455078,10778400.0,0.0,0.0,156.02000427246094,146.0553741455078
2023-07-28,147.234883659289,147.53445284492707,146.4485359733566,146.88851928710938,9103800.0,0.0,0.0,156.91000366210938,146.88851928710938
2023-07-31,147.14124846387747,149.2007506770254,147.11316564135666,147.87144470214844,8892700.0,0.0,0.0,157.9600067138672,147.87144470214844
2023-08-01,147.3752836576012,147.9088858617673,146.17703559842258,147.14125061035156,6853900.0,0.0,0.0,157.17999267578125,147.14125061035156
2023-08-02,145.62474493018428,145.74644670568168,144.10821510612257,145.47496032714844,8299400.0,0.0,0.0,155.39999389648438,145.47496032714844
2023-08-03,145.10051915990488,146.89789161861475,144.4920388255136,146.3643035888672,6084000.0,0.0,0.0,156.35000610351562,146.3643035888672
2023-08-04,146.41109472740982,147.7216885960237,145.75580493522597,146.0553741455078,6209400.0,0.0,0.0,156.02000427246094,146.0553741455078
2023-08-07,146.59833758419595,147.62807463981366,146.59833758419595,146.74810791015625,7251800.0,0.0,0.0,156.75999450683594,146.74810791015625
2023-08-08,144.46393710846394,146.01790580284208,142.84441801525406,145.92430114746094,8623400.0,0.0,0.0,155.8800048828125,145.92430114746094
2023-08-09,145.40006893140463,145.58729252584976,143.66821854323672,143.9677734375,6277800.0,0.0,0.0,153.7899932861328,143.9677734375
2023-08-10,144.5201072567677,145.51240519701045,143.31248860553254,143.75247192382812,5995100.0,0.0,0.0,153.55999755859375,143.75247192382812
2023-08-11,143.25634127753443,144.65118370801733,142.8818940279704,144.5856475830078,5180700.0,0.0,0.0,154.4499969482422,144.5856475830078
2023-08-14,143.7992911732594,145.02562226899528,143.15335756484984,144.8852081298828,5044300.0,0.0,0.0,154.77000427246094,144.8852081298828
2023-08-15,143.0878141862051,143.48098800077395,140.63513807973655,141.1968231201172,10300300.0,0.0,0.0,150.8300018310547,141.1968231201172
2023-08-16,140.98153496964974,141.31854318067522,140.12028065372675,140.59771728515625,6978200.0,0.0,0.0,150.19000244140625,140.59771728515625
2023-08-17,141.24361099584877,141.5993314684171,138.92199318247168,139.13731384277344,9953900.0,0.0,0.0,148.6300048828125,139.13731384277344
2023-08-18,138.21992597052116,139.95177640901298,138.0233461901272,139.45562744140625,8517500.0,0.0,0.0,148.97000122070312,139.45562744140625
2023-08-21,140.0922157539315,140.51348678480727,138.56632957017854,139.93307495117188,8327000.0,0.0,0.0,149.47999572753906,139.93307495117188
2023-08-22,139.72708740694694,140.08282221486544,136.534887452353,137.03103637695312,9673300.0,0.0,0.0,146.3800048828125,137.03103637695312
2023-08-23,137.00294965470403,138.16374441088766,136.16979258953467,137.95779418945312,7858000.0,0.0,0.0,147.3699951171875,137.95779418945312
2023-08-24,138.0795114244007,139.86752750903037,137.60208910349877,137.82675170898438,6534000.0,0.0,0.0,147.22999572753906,137.82675170898438
2023-08-25,137.8735553172173,139.1279690919885,136.53489306897146,137.6582489013672,6695500.0,0.0,0.0,147.0500030517578,137.6582489013672
2023-08-28,138.14505161734553,139.11862293308627,137.73315111613948,138.13568115234375,5094100.0,0.0,0.0,147.55999755859375,138.13568115234375
2023-08-29,138.27609058280225,139.34328069655484,137.77992738593437,139.25901794433594,6337000.0,0.0,0.0,148.75999450683594,139.25901794433594
2023-08-30,139.127970012283,139.62411896057506,137.78930775518225,138.69735717773438,6277300.0,0.0,0.0,148.16000366210938,138.69735717773438
2023-08-31,138.79098156731098,138.8752443375692,136.6378885199195,136.9842529296875,10933900.0,0.0,0.0,146.3300018310547,136.9842529296875
2023-09-01,136.75956054270785,138.62246891114418,136.3944695270514,137.4429473876953,7903500.0,0.0,0.0,146.82000732421875,137.4429473876953
2023-09-05,137.76123245014202,138.7441742202353,135.74853943819002,135.92640686035156,7854700.0,0.0,0.0,145.1999969482422,135.92640686035156
2023-09-06,135.45831769328464,136.2446652620402,134.90600315934276,135.70172119140625,8629200.0,0.0,0.0,144.9600067138672,135.70172119140625
2023-09-07,134.92474171145767,135.9919318730385,134.2319987249338,134.54092407226562,8373700.0,0.0,0.0,143.72000122070312,134.54092407226562
2023-09-08,134.21327851187928,134.91537771193597,133.53926213708527,134.64390563964844,7107900.0,0.0,0.0,143.8300018310547,134.64390563964844
2023-09-11,135.5051451671015,135.78598770305322,134.5128472530841,135.23367309570312,6854200.0,0.0,0.0,144.4600067138672,135.23367309570312
2023-09-12,135.2711113808214,137.9110112067669,134.84985472125945,136.99359130859375,8363200.0,0.0,0.0,146.33999633789062,136.99359130859375
2023-09-13,137.92970859849189,138.26671674641662,136.5067980043591,137.05911254882812,8325900.0,0.0,0.0,146.41000366210938,137.05911254882812
2023-09-14,138.39777786104037,140.32620786354758,138.09822299168405,139.7177276611328,10034900.0,0.0,0.0,149.25,139.7177276611328
2023-09-15,139.40882229373597,140.16708718154675,138.83778101161687,139.30584716796875,19863400.0,0.0,0.0,148.80999755859375,139.30584716796875
2023-09-18,138.6973598429271,139.61476546325227,138.31354218596897,139.59603881835938,6512400.0,0.0,0.0,149.1199951171875,139.59603881835938
2023-09-19,139.95175402826723,140.1577042404797,137.80801772654655,139.41815185546875,7943400.0,0.0,0.0,148.92999267578125,139.41815185546875
2023-09-20,140.09218487834835,140.65386993955852,138.67863032943688,138.8284149169922,7332000.0,0.0,0.0,148.3000030517578,138.8284149169922
2023-09-21,138.15439313326482,139.34328503841164,137.26507039146745,137.74249267578125,8052400.0,0.0,0.0,147.13999938964844,137.74249267578125
2023-09-22,137.88289496335204,138.08884517442365,135.91702606345376,136.4225311279297,7071700.0,0.0,0.0,145.72999572753906,136.4225311279297
2023-09-25,136.06683591353567,137.16210899360448,134.52220904350628,137.09657287597656,7044700.0,0.0,0.0,146.4499969482422,137.09657287597656
2023-09-26,135.36474916009422,136.5255441805106,135.01837046288418,135.6736602783203,7468400.0,0.0,0.0,144.92999267578125,135.6736602783203
2023-09-27,135.91704574382544,136.75955906802622,135.28046837627247,136.4693603515625,6717800.0,0.0,0.0,145.77999877929688,136.4693603515625
2023-09-28,136.93739609796205,139.36197469636025,136.68463644309008,138.16372680664062,8868100.0,0.0,0.0,147.58999633789062,138.16372680664062
2023-09-29,139.10929052137706,139.2590608602964,135.6081499471453,135.7579345703125,11917800.0,0.0,0.0,145.02000427246094,135.7579345703125
2023-10-02,135.58002056869492,136.31955867978297,133.520532702074,134.5877227783203,9170600.0,0.0,0.0,143.77000427246094,134.5877227783203
2023-10-03,134.054139400051,134.41923041723004,133.25843553401722,133.59544372558594,9431100.0,0.0,0.0,142.7100067138672,133.59544372558594
2023-10-04,134.0447954716826,134.30691139083365,132.8652595512566,134.194580078125,8128700.0,0.0,0.0,143.35000610351562,134.194580078125
2023-10-05,133.94939154112294,134.94902600061062,132.80832123107882,134.76040649414062,8576200.0,1.05,0.0,142.89999389648438,134.76040649414062
2023-10-06,134.76980848069118,137.57063757203986,134.0436638745079,136.83506774902344,10270600.0,0.0,0.0,145.10000610351562,136.83506774902344
2023-10-09,135.47710521963256,137.11798531189535,135.32621539355333,136.5238800048828,6964900.0,0.0,0.0,144.77000427246094,136.5238800048828
2023-10-10,137.13684937657925,138.40995889388373,137.004824376904,137.35374450683594,11288800.0,0.0,0.0,145.64999389648438,137.35374450683594
2023-10-11,138.16476653612236,138.8437563954765,136.75964633550754,137.8252716064453,8698200.0,0.0,0.0,146.14999389648438,137.8252716064453
2023-10-12,137.96671807007812,138.58912775754237,136.86336329119763,137.50462341308594,10484400.0,0.0,0.0,145.80999755859375,137.50462341308594
2023-10-13,140.04138982618178,144.38880324418298,139.41898019566213,139.5698699951172,29427000.0,0.0,0.0,148.0,139.5698699951172
2023-10-16,140.9372758593186,141.00329554327354,138.3627815883004,139.4284210205078,12663500.0,0.0,0.0,147.85000610351562,139.4284210205078
2023-10-17,139.16440812185908,140.80528837588392,138.4288237446185,139.12667846679688,11482700.0,0.0,0.0,147.52999877929688,139.12667846679688
2023-10-18,138.24019813274663,139.07950296279404,137.0896884480104,137.59893798828125,9620300.0,0.0,0.0,145.91000366210938,137.59893798828125
2023-10-19,137.1934315805182,138.64572098900047,136.62761631159904,137.01425170898438,11143600.0,0.0,0.0,145.2899932861328,137.01425170898438
2023-10-20,136.3352597722285,136.87278493216152,134.02480093728053,134.80752563476562,13332900.0,0.0,0.0,142.9499969482422,134.80752563476562
2023-10-23,134.79812766595725,135.49596799323533,132.71400312369968,132.9686279296875,10133400.0,0.0,0.0,141.0,132.9686279296875
2023-10-24,133.1478015940857,133.6570367926189,132.36507677495513,133.12893676757812,8881400.0,0.0,0.0,141.1699981689453,133.12893676757812
2023-10-25,132.56310041145807,133.1383408268775,131.56346622047414,132.40277099609375,8242600.0,0.0,0.0,140.39999389648438,132.40277099609375
2023-10-26,131.79920893785996,133.60041802221002,131.48800414399508,132.74224853515625,9109400.0,0.0,0.0,140.75999450683594,132.74224853515625
2023-10-27,131.03539507182188,131.1768596947608,127.4895701240556,127.96109008789062,17434700.0,0.0,0.0,135.69000244140625,127.96109008789062
2023-10-30,128.6683694597706,130.17722470352462,128.29114485659662,129.59254455566406,9855500.0,0.0,0.0,137.4199981689453,129.59254455566406
2023-10-31,129.86601926333935,131.30886902920932,129.63968452745254,131.1391143798828,9672500.0,0.0,0.0,139.05999755859375,131.1391143798828
2023-11-01,131.31832582840485,132.5254159308082,130.58275574692934,131.02598571777344,9432000.0,0.0,0.0,138.94000244140625,131.02598571777344
2023-11-02,132.1104404141124,133.42126514351625,131.29942562105097,133.36468505859375,10186200.0,0.0,0.0,141.4199981689453,133.36468505859375
2023-11-03,134.09081544854737,135.5808198813388,133.7701854083583,134.85467529296875,9538700.0,0.0,0.0,143.0,134.85467529296875
2023-11-06,135.01496899422398,135.97687335255037,134.65660936492483,135.87313842773438,7625100.0,0.0,0.0,144.0800018310547,135.87313842773438
2023-11-07,135.33563951339102,136.04291937904668,134.68495412429016,135.80715942382812,6297900.0,0.0,0.0,144.00999450683594,135.80715942382812
2023-11-08,135.90146025925483,136.58987525429612,135.4393655970245,136.47671508789062,7618200.0,0.0,0.0,144.72000122070312,136.47671508789062
2023-11-09,137.15571722301596,137.35374753206762,135.51482271407195,136.0712127685547,7992500.0,0.0,0.0,144.2899932861328,136.0712127685547
2023-11-10,136.68417450960825,138.13644929586334,135.87315980335984,138.08929443359375,7983300.0,0.0,0.0,146.42999267578125,138.08929443359375
2023-11-13,137.40088871139884,137.91956345188186,136.89165357778936,137.47633361816406,6676300.0,0.0,0.0,145.77999877929688,137.47633361816406
2023-11-14,138.32505839820212,140.7486773711874,138.17418298003085,139.9848175048828,9927700.0,0.0,0.0,148.44000244140625,139.9848175048828
2023-11-15,140.00367999024377,141.6068445999882,140.00367999024377,141.2107696533203,8365300.0,0.0,0.0,149.74000549316406,141.2107696533203
2023-11-16,141.5408296491821,142.8988091629842,141.5408296491821,142.8233642578125,8126200.0,0.0,0.0,151.4499969482422,142.8233642578125
2023-11-17,143.53064675784515,144.15305644499725,142.90823707069305,144.11534118652344,7812400.0,0.0,0.0,152.82000732421875,144.11534118652344
2023-11-20,143.41750828184567,144.99238317230925,143.2666184458422,144.55857849121094,7019000.0,0.0,0.0,153.2899932861328,144.55857849121094
2023-11-21,144.47370055393674,144.87921516759508,143.87959523992686,144.25680541992188,7083500.0,0.0,0.0,152.97000122070312,144.25680541992188
2023-11-22,144.67172786384498,145.11495768637337,144.19076839406415,144.59628295898438,5174500.0,0.0,0.0,153.3300018310547,144.59628295898438
2023-11-24,144.84146638712082,145.64305590080474,144.54912637778605,144.7943115234375,3496900.0,0.0,0.0,153.5399932861328,144.7943115234375
2023-11-27,144.69058425026378,144.78489398263042,144.01160885787445,144.46426391601562,6259100.0,0.0,0.0,153.19000244140625,144.46426391601562
2023-11-28,144.4925462972237,145.1055163561744,144.02102643967882,144.7943115234375,6582700.0,0.0,0.0,153.5399932861328,144.7943115234375
2023-11-29,145.38842738039006,146.76527166017885,145.22811235973722,145.52989196777344,9126100.0,0.0,0.0,154.32000732421875,145.52989196777344
2023-11-30,146.08626637785397,147.2367758291202,145.58645654619724,147.1896209716797,9869800.0,0.0,0.0,156.0800018310547,147.1896209716797
2023-12-01,146.94443626974908,148.86823070778377,146.94443626974908,147.9063262939453,8916000.0,0.0,0.0,156.83999633789062,147.9063262939453
2023-12-04,147.1330704680428,149.04744006979425,147.0010454744615,148.99085998535156,9607500.0,0.0,0.0,157.99000549316406,148.99085998535156
2023-12-05,148.30242033448647,149.47179476083681,148.02894514870184,148.97198486328125,9135600.0,0.0,0.0,157.97000122070312,148.97198486328125
2023-12-06,149.79242931546503,150.1507890224694,147.11419989902313,147.4065399169922,9366000.0,0.0,0.0,156.30999755859375,147.4065399169922
2023-12-07,147.7649118050395,148.34959188917585,147.25566224366952,147.8592071533203,8130900.0,0.0,0.0,156.7899932861328,147.8592071533203
2023-12-08,148.3024223551613,149.73584676995327,148.0383723826528,149.49066162109375,7369400.0,0.0,0.0,158.52000427246094,149.49066162109375
2023-12-11,149.49066339865834,150.2262332436277,149.1417289104025,150.03762817382812,8093900.0,0.0,0.0,159.10000610351562,150.03762817382812
2023-12-12,150.16021020801867,151.4993248802861,149.83015494063707,151.37673950195312,10223000.0,0.0,0.0,160.52000427246094,151.37673950195312
2023-12-13,151.3767663804212,152.800751426603,150.66948646661925,151.88600158691406,12379100.0,0.0,0.0,161.05999755859375,151.88600158691406
2023-12-14,152.61213937426155,155.45068411871856,152.49897919789595,154.64910888671875,13643000.0,0.0,0.0,163.99000549316406,154.64910888671875
2023-12-15,153.79092125929148,155.8656057922749,153.14022154170772,155.81845092773438,20309300.0,0.0,0.0,165.22999572753906,155.81845092773438
2023-12-18,156.46916508532496,157.61024959807705,156.19568986918287,156.76150512695312,8469600.0,0.0,0.0,166.22999572753906,156.76150512695312
2023-12-19,156.54461205309389,158.87392158842906,156.12024700678276,158.8550567626953,10345700.0,0.0,0.0,168.4499969482422,158.8550567626953
2023-12-20,158.42127317416848,159.760388064777,156.9689837140342,157.06329345703125,10734700.0,0.0,0.0,166.5500030517578,157.06329345703125
2023-12-21,157.33674255642595,158.51554219987133,156.24281303379408,157.9591522216797,7601700.0,0.0,0.0,167.5,157.9591522216797
2023-12-22,157.95917790673107,158.64759298134297,157.7045531132431,157.8648681640625,6576300.0,0.0,0.0,167.39999389648438,157.8648681640625
2023-12-26,157.9214570337028,159.15683691468658,157.65739264154033,158.79847717285156,4683600.0,0.0,0.0,168.38999938964844,158.79847717285156
2023-12-27,158.2797759335722,159.81693521176237,158.0345907978248,159.75091552734375,6428600.0,0.0,0.0,169.39999389648438,159.75091552734375
2023-12-28,159.70377036247393,160.93915000069595,159.37370072936653,160.5996551513672,6320100.0,0.0,0.0,170.3000030517578,160.5996551513672
2023-12-29,160.3167620438129,160.96746179209865,159.96784193110983,160.41107177734375,6435100.0,0.0,0.0,170.10000610351562,160.41107177734375
2024-01-02,159.45859562508764,162.3631599230326,159.2888553688662,162.27828979492188,9977400.0,0.0,0.0,172.0800018310547,162.27828979492188
2024-01-03,162.07080905271448,162.24054929758722,160.6656746705868,161.5709991455078,9852300.0,0.0,0.0,171.3300018310547,161.5709991455078
2024-01-04,161.9126118704199,164.4840152154625,161.81772058185265,162.6432342529297,11972500.0,1.05,0.0,171.41000366210938,162.6432342529297
2024-01-05,162.70015693042274,164.5124733318374,162.70015693042274,163.45924377441406,10066000.0,0.0,0.0,172.27000427246094,163.45924377441406
2024-01-08,163.22203063964844,163.5446378440562,160.82142880255864,163.22203063964844,11229900.0,0.0,0.0,172.02000427246094,163.22203063964844
2024-01-09,162.8424721796584,163.00377577413855,161.40022316605578,161.93157958984375,9923600.0,0.0,0.0,170.66000366210938,161.93157958984375
2024-01-10,161.30534199467218,162.33010708122012,160.30904139844134,162.27317810058594,9670200.0,0.0,0.0,171.02000427246094,162.27317810058594
2024-01-11,161.61843030436634,161.64689478842016,160.0148634702537,161.5899658203125,11919500.0,0.0,0.0,170.3000030517578,161.5899658203125
2024-01-12,164.91099163359718,167.29261232317756,160.26159373589286,160.4039306640625,19436500.0,0.0,0.0,169.0500030517578,160.4039306640625
2024-01-16,156.4377252817288,159.4930396584481,155.89688543951812,159.39816284179688,17206400.0,0.0,0.0,167.99000549316406,159.39816284179688
2024-01-17,158.78137265631167,160.42290202843512,157.97485469273727,158.54415893554688,11107500.0,0.0,0.0,167.08999633789062,158.54415893554688
2024-01-18,158.57262518214884,158.9616591633274,156.788787827513,158.85728454589844,9382300.0,0.0,0.0,167.4199981689453,158.85728454589844
2024-01-19,158.9806227818617,161.8461682983927,158.53465987279188,161.59945678710938,13115700.0,0.0,0.0,170.30999755859375,161.59945678710938
2024-01-22,161.7418340542588,163.18408326891642,161.0301927849708,161.40972900390625,12837500.0,0.0,0.0,170.11000061035156,161.40972900390625
2024-01-23,160.99221452601276,161.0681246579549,159.82512701395376,160.3470001220703,8360800.0,0.0,0.0,168.99000549316406,160.3470001220703
2024-01-24,160.6980455138972,162.26365010364287,160.2236181256864,161.7797393798828,9967100.0,0.0,0.0,170.5,161.7797393798828
2024-01-25,163.49718747582935,164.142416344373,162.1687963911467,164.094970703125,8873500.0,0.0,0.0,172.94000244140625,164.094970703125
2024-01-26,163.78184333389387,164.20882513921873,162.9942920368661,163.46871948242188,7443000.0,0.0,0.0,172.27999877929688,163.46871948242188
2024-01-29,163.43077653240536,164.00008079702863,162.5388505916141,163.8957061767578,6971200.0,0.0,0.0,172.72999572753906,163.8957061767578
2024-01-30,163.99059082342822,167.71958355620103,163.99059082342822,167.25465393066406,10822100.0,0.0,0.0,176.27000427246094,167.25465393066406
2024-01-31,167.18822653609234,169.18082757038678,165.42335588463555,165.4423370361328,11521800.0,0.0,0.0,174.36000061035156,165.4423370361328
2024-02-01,164.75916524911648,165.8977882402984,162.66218953700178,164.8445587158203,9354800.0,0.0,0.0,173.72999572753906,164.8445587158203
2024-02-02,164.4365557087008,166.82767409091414,164.39859340512308,165.7934112548828,8607600.0,0.0,0.0,174.72999572753906,165.7934112548828
2024-02-05,164.9679134968324,166.13500096991308,164.07598757427212,165.57518005371094,7820200.0,0.0,0.0,174.5,165.57518005371094
2024-02-06,165.6795566137463,166.8751085895703,164.87302414792433,166.14450073242188,6764800.0,0.0,0.0,175.10000610351562,166.14450073242188
2024-02-07,166.70430734707855,166.87509426680478,165.0627925456374,166.4575958251953,7225500.0,0.0,0.0,175.42999267578125,166.4575958251953
2024-02-08,166.04961611663302,166.34375883435635,164.69276048884402,165.85984802246094,6060300.0,0.0,0.0,174.8000030517578,165.85984802246094
2024-02-09,166.04959869496852,166.14448997128747,164.78762000748162,166.05908203125,6296700.0,0.0,0.0,175.00999450683594,166.05908203125
2024-02-12,165.84085611158963,167.76703037532326,164.81609109548293,166.7991943359375,8539300.0,0.0,0.0,175.7899932861328,166.7991943359375
2024-02-13,166.3532562916045,167.2167032899838,163.79133635147977,165.3474578857422,8397600.0,0.0,0.0,174.25999450683594,165.3474578857422
2024-02-14,166.11602396443158,167.09334329239704,165.49925963075256,167.02691650390625,7056700.0,0.0,0.0,176.02999877929688,167.02691650390625
2024-02-15,167.1407757730594,170.99313861983137,167.1407757730594,170.67051696777344,8723400.0,0.0,0.0,179.8699951171875,170.67051696777344
2024-02-16,170.42382695213206,170.77489862748652,169.04799026069725,169.8734893798828,8152600.0,0.0,0.0,179.02999877929688,169.8734893798828
2024-02-20,170.02528350131405,171.23033307735642,169.28517796097287,170.53765869140625,9668000.0,0.0,0.0,179.72999572753906,170.53765869140625
2024-02-21,170.74641798610924,171.7332350838135,169.3895625747349,171.6478271484375,7024000.0,0.0,0.0,180.89999389648438,171.6478271484375
2024-02-22,172.52081000181218,174.0389691999663,171.970472406029,173.70687866210938,9296500.0,0.0,0.0,183.07000732421875,173.70687866210938
2024-02-23,174.40901731437765,175.72792504973566,173.82073190790015,174.57981872558594,7105800.0,0.0,0.0,183.99000549316406,174.57981872558594
2024-02-26,174.3520779572995,175.02577126846347,173.14702824890108,173.98202514648438,7145400.0,0.0,0.0,183.36000061035156,173.98202514648438
2024-02-27,173.9346047290859,174.15283732137044,172.91933742537933,174.06744384765625,5717100.0,0.0,0.0,183.4499969482422,174.06744384765625
2024-02-28,174.0484663009059,175.7279437106466,173.60251776947524,174.94989013671875,6131600.0,0.0,0.0,184.3800048828125,174.94989013671875
2024-02-29,176.16442435922684,176.89503229136554,174.44699911032092,176.54396057128906,9643000.0,0.0,0.0,186.05999755859375,176.54396057128906
2024-03-01,176.20234267897524,176.90450047991027,175.63303845622815,175.8133087158203,6311800.0,0.0,0.0,185.2899932861328,175.8133087158203
2024-03-04,175.26297156494704,177.99566346704023,174.84547314811167,177.1322021484375,7063600.0,0.0,0.0,186.67999267578125,177.1322021484375
2024-03-05,176.82862140879405,179.61825747313026,176.82862140879405,178.9066162109375,6617800.0,0.0,0.0,188.5500030517578,178.9066162109375
2024-03-06,179.570778102442,180.3488460192698,178.0336378978686,179.83645629882812,7572900.0,0.0,0.0,189.52999877929688,179.83645629882812
2024-03-07,180.1970245029766,180.75684537868307,177.0847818143066,178.2613525390625,7618300.0,0.0,0.0,187.8699951171875,178.2613525390625
2024-03-08,178.80220930717653,180.7189001480093,178.3088007338345,178.5934600830078,6172200.0,0.0,0.0,188.22000122070312,178.5934600830078
2024-03-11,177.70151300734722,178.80218797100855,176.6957293082124,178.65985107421875,5762600.0,0.0,0.0,188.2899932861328,178.65985107421875
2024-03-12,179.28611974419184,180.43424047505954,178.2993170776544,180.13059997558594,5708400.0,0.0,0.0,189.83999633789062,180.13059997558594
2024-03-13,180.62402184480607,181.92394844272968,180.1306132360268,181.59185791015625,7795500.0,0.0,0.0,191.3800048828125,181.59185791015625
2024-03-14,181.25974046676782,181.82905916695464,177.53074786350967,178.3562469482422,10310900.0,0.0,0.0,187.97000122070312,178.3562469482422
2024-03-15,176.94247512959424,181.17437477098684,176.94247512959424,180.56710815429688,17214200.0,0.0,0.0,190.3000030517578,180.56710815429688
2024-03-18,180.88019191558524,182.84431378763173,180.1780341639533,182.80636596679688,9013800.0,0.0,0.0,192.66000366210938,182.80636596679688
2024-03-19,182.85385043194006,184.01144019291252,182.54072654965233,183.87860107421875,8478700.0,0.0,0.0,193.7899932861328,183.87860107421875
2024-03-20,184.25813215855158,186.50691359955096,183.70779458867116,186.28868103027344,9367000.0,0.0,0.0,196.3300018310547,186.28868103027344
2024-03-21,186.4689435734579,189.23009995235682,186.28865885050274,188.8790283203125,11203800.0,0.0,0.0,199.05999755859375,188.8790283203125
2024-03-22,188.83160536845347,190.22642320705918,186.48793264526574,186.5638427734375,8108800.0,0.0,0.0,196.6199951171875,186.5638427734375
2024-03-25,186.54485635359586,186.86746350539403,184.4194164249036,184.85589599609375,8620000.0,0.0,0.0,194.82000732421875,184.85589599609375
2024-03-26,184.63766637481814,186.60180291274617,184.13477445009167,185.7193603515625,5961500.0,0.0,0.0,195.72999572753906,185.7193603515625
2024-03-27,186.4499755769137,189.39143136464278,186.33611762948894,189.31552124023438,8725800.0,0.0,0.0,199.52000427246094,189.31552124023438
2024-03-28,189.28707861308453,190.4541661440958,188.38565483061902,190.05564880371094,8628300.0,0.0,0.0,200.3000030517578,190.05564880371094
2024-04-01,189.76149830319193,190.66290757030683,188.41412607095276,188.76519775390625,7309000.0,0.0,0.0,198.94000244140625,188.76519775390625
2024-04-02,188.24332231873962,189.56223004560812,187.9491796173942,188.6892852783203,7014700.0,0.0,0.0,198.86000061035156,188.6892852783203
2024-04-03,188.8600718225351,189.353480421599,187.5886097387711,188.15792846679688,9353400.0,0.0,0.0,198.3000030517578,188.15792846679688
2024-04-04,190.06669747224808,190.5725228336972,186.63090338860295,186.72633361816406,9243800.0,1.15,0.0,195.64999389648438,186.72633361816406
2024-04-05,187.21307291356746,189.08366842916283,186.21096089165496,188.44422912597656,6532300.0,0.0,0.0,197.4499969482422,188.44422912597656
2024-04-08,188.60648563767035,189.90445619693176,188.60648563767035,189.42726135253906,8001000.0,0.0,0.0,198.47999572753906,189.42726135253906
2024-04-09,189.03597982912675,189.80903317635733,186.02010480291608,188.15792846679688,7351500.0,0.0,0.0,197.14999389648438,188.15792846679688
2024-04-10,186.63088782709028,188.08156408606877,185.3233641819326,186.55453491210938,7681400.0,0.0,0.0,195.47000122070312,186.55453491210938
2024-04-11,187.0603818015725,187.60439092248092,184.42627146372058,186.51637268066406,10137700.0,0.0,0.0,195.42999267578125,186.51637268066406
2024-04-12,179.730669116781,180.31283283345405,174.21428344257563,174.452880859375,31532300.0,0.0,0.0,182.7899932861328,174.452880859375
2024-04-15,176.08487712916175,178.90987668749668,173.88977818734347,174.54830932617188,14766600.0,0.0,0.0,182.88999938964844,174.54830932617188
2024-04-16,174.5578902815886,174.80604095219934,171.4561234016168,172.55368041992188,16451800.0,0.0,0.0,180.8000030517578,172.55368041992188
2024-04-17,173.09765717367875,174.0997692825039,171.02663324895016,171.8665008544922,9017100.0,0.0,0.0,180.0800018310547,171.8665008544922
2024-04-18,172.83995591100177,174.99687108359075,171.76149104329275,172.9831085205078,9557700.0,0.0,0.0,181.25,172.9831085205078
2024-04-19,174.08068859594022,177.40197548789726,173.13585204182792,177.32562255859375,13402300.0,0.0,0.0,185.8000030517578,177.32562255859375
2024-04-22,177.5069394038577,181.45811204263342,177.49738618697634,180.7709503173828,11529700.0,0.0,0.0,189.41000366210938,180.7709503173828
2024-04-23,182.4125059825634,183.46232590313252,181.83032768955627,183.37643432617188,9144400.0,0.0,0.0,192.13999938964844,183.37643432617188
2024-04-24,181.83986299476692,184.41671219594375,181.49628213042132,184.2735595703125,6964900.0,0.0,0.0,193.0800018310547,184.2735595703125
2024-04-25,183.48141172959566,185.0943325814848,182.46020780549338,184.55032348632812,9802300.0,0.0,0.0,193.3699951171875,184.55032348632812
2024-04-26,184.74122414056745,185.9819191199223,184.25447606565834,184.6648712158203,6413700.0,0.0,0.0,193.49000549316406,184.6648712158203
2024-04-29,184.6553220561309,185.39974488523453,183.65320992069704,184.46444702148438,5387800.0,0.0,0.0,193.27999877929688,184.46444702148438
2024-04-30,184.0158640239999,186.09644101035263,182.89922989355478,182.9946746826172,8153700.0,0.0,0.0,191.74000549316406,182.9946746826172
2024-05-01,183.50051042268325,185.59062618122607,182.08800319125083,183.1092071533203,7445300.0,0.0,0.0,191.86000061035156,183.1092071533203
2024-05-02,184.26402794452196,184.67440852887157,180.87594156798932,182.9183349609375,6501700.0,0.0,0.0,191.66000366210938,182.9183349609375
2024-05-03,183.2428161104816,183.74864146909349,179.86428309609008,181.82077026367188,8922800.0,0.0,0.0,190.50999450683594,181.82077026367188
2024-05-06,182.98512382682264,183.43368812810877,181.16225065998637,183.24281311035156,7911100.0,0.0,0.0,192.0,183.24281311035156
2024-05-07,182.95647377693828,184.1303688455543,182.90875138688438,183.0041961669922,7688800.0,0.0,0.0,191.75,183.0041961669922
2024-05-08,182.28842746572758,187.6807232907595,182.28842746572758,186.72633361816406,9227600.0,0.0,0.0,195.64999389648438,186.72633361816406
2024-05-09,186.26825911130967,188.57788072431907,186.2014593966942,188.4919891357422,7977300.0,0.0,0.0,197.5,188.4919891357422
2024-05-10,189.48453565711975,190.24805037411755,189.22686090836316,189.7040557861328,7529800.0,0.0,0.0,198.77000427246094,189.7040557861328
2024-05-13,189.7326467786561,190.73475872572587,189.007301395376,189.66583251953125,7049200.0,0.0,0.0,198.72999572753906,189.66583251953125
2024-05-14,189.92356346762142,192.38589081187718,189.1218795591192,192.31907653808594,8596200.0,0.0,0.0,201.50999450683594,192.31907653808594
2024-05-15,192.79626357615743,193.44525616341704,190.65843990714103,192.89170837402344,8370000.0,0.0,0.0,202.11000061035156,192.89170837402344
2024-05-16,192.9966778539951,195.1535932389949,192.77717231019278,193.2352752685547,8497900.0,0.0,0.0,202.47000122070312,193.2352752685547
2024-05-17,194.51414986383685,195.69759825802052,193.55976022547813,195.44944763183594,9260500.0,0.0,0.0,204.7899932861328,195.44944763183594
2024-05-20,195.06771712380632,196.48976306989658,186.4877481736679,186.6595458984375,17373300.0,0.0,0.0,195.5800018310547,186.6595458984375
2024-05-21,188.01476428528767,190.78248849278148,187.6330142438508,190.41983032226562,14420800.0,0.0,0.0,199.52000427246094,190.41983032226562
2024-05-22,189.92354585608186,191.77506416081215,188.6732977083887,189.2650146484375,9425300.0,0.0,0.0,198.30999755859375,189.2650146484375
2024-05-23,188.78780643900882,189.25546259056458,187.12717783768824,187.9384002685547,8069400.0,0.0,0.0,196.9199981689453,187.9384002685547
2024-05-24,188.73055741751145,191.6032650842563,188.54922104999036,191.55555725097656,7356200.0,0.0,0.0,200.7100067138672,191.55555725097656
2024-05-28,190.7443377315382,191.26925501132146,189.59907293381323,190.4007568359375,6910200.0,0.0,0.0,199.5,190.4007568359375
2024-05-29,188.9691437571096,189.91399471851386,187.90977070201868,189.07412719726562,6120000.0,0.0,0.0,198.11000061035156,189.07412719726562
2024-05-30,189.5036107487647,190.7347815795727,189.35090490632123,190.23849487304688,6829100.0,0.0,0.0,199.3300018310547,190.23849487304688
2024-05-31,190.2098508442745,194.02740925735446,189.30318363373397,193.38796997070312,14417900.0,0.0,0.0,202.6300048828125,193.38796997070312
2024-06-03,193.0825708149027,193.18755426057615,190.10487971991847,192.61492919921875,6444300.0,0.0,0.0,201.82000732421875,192.61492919921875
2024-06-04,191.0306378288864,192.7676194373073,189.2363806080914,190.0762481689453,6848300.0,0.0,0.0,199.16000366210938,190.0762481689453
2024-06-05,190.6488832103386,190.70615882571187,187.9384199292547,188.26290893554688,8351600.0,0.0,0.0,197.25999450683594,188.26290893554688
2024-06-06,188.26290644052494,188.98825193066074,186.42094131495605,187.9288787841797,7640300.0,0.0,0.0,196.91000366210938,187.9288787841797
2024-06-07,188.42513429310472,191.75595928489324,188.0242924032084,190.8302001953125,6964500.0,0.0,0.0,199.9499969482422,190.8302001953125
2024-06-10,190.15261775965763,191.67963261173603,189.38910305220256,190.5057373046875,6070800.0,0.0,0.0,199.61000061035156,190.5057373046875
2024-06-11,188.8832644889089,188.9118950141953,184.7698473106833,185.49517822265625,9235300.0,0.0,0.0,194.36000061035156,185.49517822265625
2024-06-12,187.06035782031864,187.74751948346045,182.58426835670835,182.7942352294922,12751300.0,0.0,0.0,191.52999877929688,182.7942352294922
2024-06-13,183.54822402834617,185.7051393894414,182.17390060566132,184.8271026611328,8587800.0,0.0,0.0,193.66000366210938,184.8271026611328
2024-06-14,182.71789030520225,185.97236241283088,182.6892597815552,184.94161987304688,6874000.0,0.0,0.0,193.77999877929688,184.94161987304688
2024-06-17,184.6553142600554,186.65953844630556,183.85363041068777,186.08689880371094,8725400.0,0.0,0.0,194.97999572753906,186.08689880371094
2024-06-18,185.72424105772285,188.930991025547,185.27567673463204,188.0147705078125,9023000.0,0.0,0.0,197.0,188.0147705078125
2024-06-20,187.43258948693125,190.35301959036525,187.16536154039684,189.6085968017578,8731100.0,0.0,0.0,198.6699981689453,189.6085968017578
2024-06-21,187.73801349633672,188.17702462466875,185.36157778424015,187.34671020507812,20972100.0,0.0,0.0,196.3000030517578,187.34671020507812
2024-06-24,188.78780188897784,190.14303335508282,188.11019343734003,189.8090057373047,9785900.0,0.0,0.0,198.8800048828125,189.8090057373047
2024-06-25,189.0550270132535,190.94472885295818,188.7209994004138,189.03594970703125,6862500.0,0.0,0.0,198.07000732421875,189.03594970703125
2024-06-26,188.44426277199767,188.9119190158098,187.32762845546597,188.4251708984375,7758600.0,0.0,0.0,197.42999267578125,188.4251708984375
2024-06-27,188.43471002085207,190.74433141255324,187.91933141310852,190.08580017089844,7913500.0,0.0,0.0,199.1699981689453,190.08580017089844
2024-06-28,190.88747429822308,193.35935463256504,190.20986578187188,193.03485107421875,15307600.0,0.0,0.0,202.25999450683594,193.03485107421875
2024-07-01,193.58841832722447,197.64457486806845,193.41663515800704,196.07937622070312,10205800.0,0.0,0.0,205.4499969482422,196.07937622070312
2024-07-02,195.92664354617938,199.33382156432344,195.43037141669657,199.30519104003906,7802900.0,0.0,0.0,208.8300018310547,199.30519104003906
2024-07-03,199.9923607921085,200.78450597577336,198.17901165846095,199.1715850830078,5560900.0,0.0,0.0,208.69000244140625,199.1715850830078
2024-07-05,198.64377422771068,199.0084419463454,196.27336816071954,196.532470703125,8093100.0,1.15,0.0,204.7899932861328,196.532470703125
2024-07-08,196.77239292168676,198.55739478921961,195.74554496023563,196.89715576171875,8707000.0,0.0,0.0,205.1699981689453,196.89715576171875
2024-07-09,197.33859380980596,201.30205403205485,197.1658441534367,199.25794982910156,9058900.0,0.0,0.0,207.6300048828125,199.25794982910156
2024-07-10,197.82801262669597,199.58422503774028,197.2905953160313,199.42108154296875,8328500.0,0.0,0.0,207.8000030517578,199.42108154296875
2024-07-11,197.89521368869632,199.70900458588088,197.09867916383936,199.085205078125,10658100.0,0.0,0.0,207.4499969482422,199.085205078125
2024-07-12,195.77433759701847,199.085224201204,193.9509550160253,196.6764373779297,15443400.0,0.0,0.0,204.94000244140625,196.6764373779297
2024-07-15,198.83568835973134,203.07746338803915,198.3846385255346,201.5803680419922,10719700.0,0.0,0.0,210.0500030517578,201.5803680419922
2024-07-16,201.5323790339862,205.12158000845062,199.6897990400412,205.00640869140625,11557000.0,0.0,0.0,213.6199951171875,205.00640869140625
2024-07-17,205.17916232258048,208.78754638356358,204.67053414664076,208.1253662109375,11572500.0,0.0,0.0,216.8699951171875,208.1253662109375
2024-07-18,206.93538878296755,207.90465837072435,200.80304644620205,201.51319885253906,12415100.0,0.0,0.0,209.97999572753906,201.51319885253906
2024-07-19,202.68399960778325,203.787638142558,200.49593484279177,201.32125854492188,8095900.0,0.0,0.0,209.77999877929688,201.32125854492188
2024-07-22,201.97385135034514,203.6148926358178,201.25409280392114,201.8011016845703,7663200.0,0.0,0.0,210.27999877929688,201.8011016845703
2024-07-23,202.5112554797567,202.95269915898984,200.9085949784075,201.8490753173828,5557300.0,0.0,0.0,210.3300018310547,201.8490753173828
2024-07-24,201.10054238495405,203.4805398970385,199.6802229423339,200.1792449951172,7119000.0,0.0,0.0,208.58999633789062,200.1792449951172
2024-07-25,200.23681430218042,201.71472666285024,199.66101627259542,200.25601196289062,6403800.0,0.0,0.0,208.6699981689453,200.25601196289062
2024-07-26,200.8030488593653,204.56498521561846,200.20803848586095,203.6820831298828,8027800.0,0.0,0.0,212.24000549316406,203.6820831298828
2024-07-29,204.07553810374966,204.99683550482567,202.06022291940437,202.34812927246094,6533600.0,0.0,0.0,210.85000610351562,202.34812927246094
2024-07-30,204.63213201184072,207.08890530291896,204.37302950002504,206.5131072998047,8850700.0,0.0,0.0,215.19000244140625,206.5131072998047
2024-07-31,206.11965617262393,207.66473846208044,204.09473484474648,204.21949768066406,9071600.0,0.0,0.0,212.8000030517578,204.21949768066406
2024-08-01,204.6033650548551,205.20796693510616,198.05836812142135,199.5746612548828,10918600.0,0.0,0.0,207.9600067138672,199.5746612548828
2024-08-02,195.65916985684163,196.4173090899953,188.951014866982,191.11029052734375,18041700.0,0.0,0.0,199.13999938964844,191.11029052734375
2024-08-05,186.2255269573448,188.26003972022244,183.2025323392783,187.04124450683594,13927000.0,0.0,0.0,194.89999389648438,187.04124450683594
2024-08-06,187.5210898263343,194.4307836748442,186.17754637997143,192.26190185546875,10605800.0,0.0,0.0,200.33999633789062,192.26190185546875
2024-08-07,195.30408805090468,197.4537723017031,192.1275558309593,192.31948852539062,9204400.0,0.0,0.0,200.39999389648438,192.31948852539062
2024-08-08,194.30599424752398,196.64761077088747,193.65340563179683,195.83187866210938,7761200.0,0.0,0.0,204.05999755859375,195.83187866210938
2024-08-09,195.26570304351597,198.14473732678184,194.71867950080318,197.5017547607422,5540200.0,0.0,0.0,205.8000030517578,197.5017547607422
2024-08-12,198.0871679594775,198.78772889996102,195.44805308023797,197.87603759765625,6936000.0,0.0,0.0,206.19000244140625,197.87603759765625
2024-08-13,199.35394209823576,199.69942682508034,197.11789020553704,199.55548095703125,6387800.0,0.0,0.0,207.94000244140625,199.55548095703125
2024-08-14,199.36350046327019,202.26171729780307,198.76849018306535,201.7626953125,6999800.0,0.0,0.0,210.24000549316406,201.7626953125
2024-08-15,204.41142772567014,205.26554061728052,202.58804526064463,203.0198974609375,7001000.0,0.0,0.0,211.5500030517578,203.0198974609375
2024-08-16,203.15422067607378,205.45744182040994,203.05824702692524,205.34228515625,7931200.0,0.0,0.0,213.97000122070312,205.34228515625
2024-08-19,205.37108886847773,206.83939501460688,205.1983538600032,206.7626190185547,6090800.0,0.0,0.0,215.4499969482422,206.7626190185547
2024-08-20,206.33080438043606,207.29048254034507,205.0640221804634,205.8701629638672,5640000.0,0.0,0.0,214.52000427246094,205.8701629638672
2024-08-21,205.7837412719152,206.33076474687974,204.25785680520957,205.9468994140625,5202300.0,0.0,0.0,214.60000610351562,205.9468994140625
2024-08-22,205.92772233240674,208.05820882254338,205.6973943235858,207.8950653076172,5247100.0,0.0,0.0,216.6300048828125,207.8950653076172
2024-08-23,208.82596096633335,210.35184563489813,207.77030919614816,209.50732421875,7214000.0,0.0,0.0,218.30999755859375,209.50732421875
2024-08-26,210.17910484301336,210.82208744164993,209.25782202603688,210.33265686035156,5105200.0,0.0,0.0,219.1699981689453,210.33265686035156
2024-08-27,210.65891263842738,211.53222313341251,210.3518232928703,211.30189514160156,5185200.0,0.0,0.0,220.17999267578125,211.30189514160156
2024-08-28,210.40940501408693,213.25005838467985,210.35182667608916,212.3671417236328,6506400.0,0.0,0.0,221.2899932861328,212.3671417236328
2024-08-29,213.19248330758634,213.98901788500726,210.11192481779804,213.2500762939453,6416100.0,0.0,0.0,222.2100067138672,213.2500762939453
2024-08-30,213.52837890369267,216.38821556365377,212.98135535356386,215.7356414794922,8574100.0,0.0,0.0,224.8000030517578,215.7356414794922
2024-09-03,213.336424500989,215.06384784728323,210.39981213405102,211.4170684814453,8956100.0,0.0,0.0,220.3000030517578,211.4170684814453
2024-09-04,212.12721670145393,213.11569850429112,208.4516628819831,210.48617553710938,7389500.0,0.0,0.0,219.3300018310547,210.48617553710938
2024-09-05,211.2731298787107,211.89692943579365,207.31926075481468,208.85475158691406,8067900.0,0.0,0.0,217.6300048828125,208.85475158691406
2024-09-06,208.82594829731795,209.91998068208017,202.57843485706223,203.89320373535156,7777000.0,0.0,0.0,212.4600067138672,203.89320373535156
2024-09-09,206.51312105129102,209.35375986693387,205.54383685302398,208.0677947998047,8935100.0,0.0,0.0,216.80999755859375,208.0677947998047
2024-09-10,209.78561744862617,209.82399812562028,192.52100489184315,197.2714080810547,28406900.0,0.0,0.0,205.55999755859375,197.2714080810547
2024-09-11,196.97392597392317,199.32513434186177,193.69182869664772,198.87408447265625,13658700.0,0.0,0.0,207.22999572753906,198.87408447265625
2024-09-12,199.27713568329062,200.36157653556083,196.6284296106188,198.2694854736328,9054400.0,0.0,0.0,206.60000610351562,198.2694854736328
2024-09-13,198.5190120847975,199.4690986741892,194.833851700199,196.08143615722656,10226700.0,0.0,0.0,204.32000732421875,196.08143615722656
2024-09-16,197.53052305856136,199.8145613678539,197.3001950685702,199.47866821289062,8634900.0,0.0,0.0,207.86000061035156,199.47866821289062
2024-09-17,199.3539377018796,201.4652267000243,199.28676784611358,200.81265258789062,7573300.0,0.0,0.0,209.25,200.81265258789062
2024-09-18,200.58229137057424,202.81834284396587,198.3654375571648,199.16197204589844,8259900.0,0.0,0.0,207.52999877929688,199.16197204589844
2024-09-19,201.32127025220836,203.36538928713296,198.97965334983056,201.9930419921875,11635200.0,0.0,0.0,210.47999572753906,201.9930419921875
2024-09-20,201.4652305055459,202.89515624559218,201.05257592275953,202.57846069335938,20885000.0,0.0,0.0,211.08999633789062,202.57846069335938
2024-09-23,202.49207645675105,203.25982185543435,201.52280686007273,202.91433715820312,7223500.0,0.0,0.0,211.44000244140625,202.91433715820312
2024-09-24,202.63601263414566,204.3634360377964,201.88746493315114,203.0582733154297,7323200.0,0.0,0.0,211.58999633789062,203.0582733154297
2024-09-25,203.14466326540543,203.68209532865095,200.19845896675733,201.71475219726562,8976500.0,0.0,0.0,210.19000244140625,201.71475219726562
2024-09-26,202.61682975945425,203.16383862893971,200.582302352154,201.32125854492188,7807500.0,0.0,0.0,209.77999877929688,201.32125854492188
2024-09-27,202.1561834046356,203.87401538274102,200.88941594295318,202.01223754882812,7032500.0,0.0,0.0,210.5,202.01223754882812
2024-09-30,197.99118871746668,202.4537007192819,196.9835237723132,202.35772705078125,8663800.0,0.0,0.0,210.86000061035156,202.35772705078125
2024-10-01,200.47674374625123,200.6590849232253,197.87602436679808,198.69174194335938,8540100.0,0.0,0.0,207.0399932861328,198.69174194335938
2024-10-02,198.73013169432915,200.52472495596922,197.39617979497947,198.93165588378906,5810900.0,0.0,0.0,207.2899932861328,198.93165588378906
2024-10-03,197.85684223472236,198.16394627131464,196.1006294647172,196.95474243164062,7251300.0,0.0,0.0,205.22999572753906,196.95474243164062
2024-10-04,202.09148689963916,204.37985684800876,199.78380164736595,203.9453582763672,10211700.0,1.25,0.0,211.22000122070312,203.9453582763672
2024-10-07,203.7619212935509,205.9827100132501,202.4680757269759,203.6653594970703,6718900.0,0.0,0.0,210.92999267578125,203.6653594970703
2024-10-08,203.32741862551052,204.0515878849043,201.20319174460775,203.49156188964844,6021800.0,0.0,0.0,210.75,203.49156188964844
2024-10-09,202.47769976692018,206.8613454534999,202.1687285781039,206.069580078125,7024000.0,0.0,0.0,213.4199981689453,206.069580078125
2024-10-10,207.41173500682478,207.41173500682478,204.1867713494914,205.50958251953125,7927100.0,0.0,0.0,212.83999633789062,205.50958251953125
2024-10-11,208.24206904380281,216.89348255789045,207.7496393493337,214.63406372070312,18320700.0,0.0,0.0,222.2899932861328,214.63406372070312
2024-10-14,215.51276767760157,215.99554718168815,211.34156042358927,213.8520050048828,9048900.0,0.0,0.0,221.47999572753906,213.8520050048828
2024-10-15,215.95693117924253,217.68527532023913,214.1803061412129,214.7306671142578,9235800.0,0.0,0.0,222.38999938964844,214.7306671142578
2024-10-16,214.67274209136121,215.97623794909032,213.42716268516796,215.9376220703125,6382500.0,0.0,0.0,223.63999938964844,215.9376220703125
2024-10-17,216.54592216463283,218.0715071604394,215.6189790372494,216.6907501220703,6470200.0,0.0,0.0,224.4199981689453,216.6907501220703
2024-10-18,217.2507648690765,218.13907733966104,215.4162087479307,217.60801696777344,7000500.0,0.0,0.0,225.3699951171875,217.60801696777344
2024-10-21,217.46319852448005,217.92666271781536,215.22309457904748,215.3196563720703,5870000.0,0.0,0.0,223.0,215.3196563720703
2024-10-22,215.33897121583806,217.52112924082374,213.48509971320877,216.4010772705078,9586800.0,0.0,0.0,224.1199951171875,216.4010772705078
2024-10-23,215.95692013506684,217.05765675812557,214.86583379761672,215.7155303955078,6180500.0,0.0,0.0,223.41000366210938,215.7155303955078
2024-10-24,214.18995560232,217.3087070595921,214.02581233964898,217.23146057128906,6002200.0,0.0,0.0,224.97999572753906,217.23146057128906
2024-10-25,217.25078329046238,217.84942517866347,213.27268477329852,214.65342712402344,6369700.0,0.0,0.0,222.30999755859375,214.65342712402344
2024-10-28,215.65760510182318,217.868728693903,215.27137266803004,217.73355102539062,6843000.0,0.0,0.0,225.5,217.73355102539062
2024-10-29,217.45355245759362,218.94050685947278,215.13620197943288,215.2230987548828,6580000.0,0.0,0.0,222.89999389648438,215.2230987548828
2024-10-30,214.87550115342282,218.5156628404685,213.94857273050474,216.6811065673828,7110900.0,0.0,0.0,224.41000366210938,216.6811065673828
2024-10-31,216.96109290971893,217.91700157327347,214.18029315501,214.27684020996094,7829900.0,0.0,0.0,221.9199981689453,214.27684020996094
2024-11-01,215.86036059570225,218.36115478761525,215.0299792936343,215.26171875,6923500.0,0.0,0.0,222.94000244140625,215.26171875
2024-11-04,214.9817056480971,216.05347672838175,211.62156445041862,212.21055603027344,8229600.0,0.0,0.0,219.77999877929688,212.21055603027344
2024-11-05,212.45194122469928,214.3154777176928,212.42297563395553,213.86166381835938,5600700.0,0.0,0.0,221.49000549316406,213.86166381835938
2024-11-06,226.90635614480942,239.45862265494782,226.68428170878914,238.55099487304688,23987800.0,0.0,0.0,247.05999755859375,238.55099487304688
2024-11-07,236.07918035167899,236.1467765550335,227.11879382619438,228.2388458251953,16451100.0,0.0,0.0,236.3800048828125,228.2388458251953
2024-11-08,231.09688077350958,231.09688077350958,227.65949319123993,228.8181610107422,9502100.0,0.0,0.0,236.97999572753906,228.8181610107422
2024-11-11,231.734152593889,233.76183232238978,230.7685936247478,231.04859924316406,9017100.0,0.0,0.0,239.2899932861328,231.04859924316406
2024-11-12,232.2651889801845,233.14385108731827,230.5368303533381,231.3092803955078,6861000.0,0.0,0.0,239.55999755859375,231.3092803955078
2024-11-13,232.29419152794952,235.68329839480197,232.0334864664189,232.85421752929688,11472600.0,0.0,0.0,241.16000366210938,232.85421752929688
2024-11-14,234.07082483230462,235.87641555426896,232.74801363884512,233.53976440429688,10172200.0,0.0,0.0,241.8699951171875,233.53976440429688
2024-11-15,233.1438739185833,237.93303812916133,233.1438739185833,236.86126708984375,11518800.0,0.0,0.0,245.30999755859375,236.86126708984375
2024-11-18,239.22689914149407,239.39104240803502,234.32185751806605,236.59092712402344,9051400.0,0.0,0.0,245.02999877929688,236.59092712402344
2024-11-19,233.90666165823853,236.70677679200912,233.2307733224933,234.7177276611328,6792700.0,0.0,0.0,243.08999633789062,234.7177276611328
2024-11-20,235.9825927244949,236.1853665791003,230.4209786829753,232.48727416992188,9015300.0,0.0,0.0,240.77999877929688,232.48727416992188
2024-11-21,234.85292652668068,237.0350994361045,233.77150509187655,236.33023071289062,8783500.0,0.0,0.0,244.75999450683594,236.33023071289062
2024-11-22,235.21983634263424,240.56902689654652,234.65981033615955,239.9897003173828,7997300.0,0.0,0.0,248.5500030517578,239.9897003173828
2024-11-25,240.99386567944467,245.55130530795057,240.4821205914916,241.6697540283203,10295400.0,0.0,0.0,250.2899932861328,241.6697540283203
2024-11-26,241.86288889278865,242.3553186985206,239.78692811975665,241.3607940673828,6212100.0,0.0,0.0,249.97000122070312,241.3607940673828
2024-11-27,240.76214760817405,242.53877266956593,240.20212160840157,241.18698120117188,5472300.0,0.0,0.0,249.7899932861328,241.18698120117188
2024-11-29,241.25456243074825,243.09878358106323,240.8586797210085,241.119384765625,5494800.0,0.0,0.0,249.72000122070312,241.119384765625
2024-12-02,240.9552533116239,241.63114167034325,236.59092247162565,237.76890563964844,8899700.0,0.0,0.0,246.25,237.76890563964844
2024-12-03,239.68069795223073,240.4627983571973,236.20469451535047,236.38815307617188,6657700.0,0.0,0.0,244.82000732421875,236.38815307617188
2024-12-04,236.2722736572103,236.89989581875426,233.8873418565162,235.0170440673828,7346300.0,0.0,0.0,243.39999389648438,235.0170440673828
2024-12-05,236.93853962104166,238.66688387387458,236.19505501175584,237.0254364013672,6572500.0,0.0,0.0,245.47999572753906,237.0254364013672
2024-12-06,237.23783629630563,239.20758484833834,236.4074549916763,238.84066772460938,5519700.0,0.0,0.0,247.36000061035156,238.84066772460938
2024-12-09,238.61859624597477,239.3331004642951,235.36465245379455,235.41293334960938,7076500.0,0.0,0.0,243.80999755859375,235.41293334960938
2024-12-10,235.49017580217017,239.42000786865495,233.87769409575165,234.4956512451172,9108300.0,0.0,0.0,242.86000061035156,234.4956512451172
2024-12-11,235.59639202600604,235.85709707692163,233.8390676036829,235.142578125,7884400.0,0.0,0.0,243.52999877929688,235.142578125
2024-12-12,234.63084451171937,235.6929653390277,232.73834232849595,233.2114715576172,6113800.0,0.0,0.0,241.52999877929688,233.2114715576172
2024-12-13,233.7328537003409,234.36046110198654,230.90375841719614,231.67620849609375,10392700.0,0.0,0.0,239.94000244140625,231.67620849609375
2024-12-16,232.32313781366128,232.38106899290696,229.33956421642742,231.32861328125,9032000.0,0.0,0.0,239.5800018310547,231.32861328125
2024-12-17,230.43064038196303,230.78790721651086,228.4802218867217,230.150634765625,8083600.0,0.0,0.0,238.36000061035156,230.150634765625
2024-12-18,230.76860039603835,230.83619659782678,221.6247555113085,222.43582153320312,11322400.0,0.0,0.0,230.3699951171875,222.43582153320312
2024-12-19,224.27039218428922,228.21952494296886,224.27039218428922,224.93663024902344,11790800.0,0.0,0.0,232.9600067138672,224.93663024902344
2024-12-20,223.93244155838863,230.97137492047273,223.61380532033132,229.4168243408203,32348400.0,0.0,0.0,237.60000610351562,229.4168243408203
2024-12-23,227.93950685968346,230.40167037895355,226.79048935961865,230.17959594726562,8611500.0,0.0,0.0,238.38999938964844,230.17959594726562
2024-12-24,231.1837698892596,234.13839262104892,230.836182814854,233.96458435058594,3729100.0,0.0,0.0,242.30999755859375,233.96458435058594
2024-12-26,233.11489415476902,234.88186883103566,232.4969370056862,234.76600646972656,4451800.0,0.0,0.0,243.13999938964844,234.76600646972656
2024-12-27,234.3604804730654,235.0074032318014,231.77277470486047,232.86386108398438,5730200.0,0.0,0.0,241.1699981689453,232.86386108398438
2024-12-30,230.54651531283838,232.54521468407714,228.94368391501692,231.07757568359375,5723800.0,0.0,0.0,239.32000732421875,231.07757568359375
2024-12-31,231.78243385290807,233.12456023279114,230.79755957752477,231.4541473388672,4871000.0,0.0,0.0,239.7100067138672,231.4541473388672
2025-01-02,232.62245857695913,234.90117826978482,231.20308575332456,231.73414611816406,9220900.0,0.0,0.0,240.0,231.73414611816406
2025-01-03,235.4901756406523,236.4460843210158,231.9851918792467,234.90118408203125,9491100.0,0.0,0.0,243.27999877929688,234.90118408203125
2025-01-06,236.52199744283416,238.45338882592614,233.4938994273639,233.75595092773438,9917800.0,1.25,0.0,240.85000610351562,233.75595092773438
2025-01-07,235.00793797890452,238.03603585964578,233.8044559653357,236.00759887695312,8753400.0,0.0,0.0,243.1699981689453,236.00759887695312
2025-01-08,235.59998364793563,237.05580229045634,233.41625568415455,235.9687957763672,8675300.0,0.0,0.0,243.1300048828125,235.9687957763672
2025-01-10,235.9299526770056,236.62874677173156,231.70808773150114,232.80479431152344,10256800.0,0.0,0.0,239.8699951171875,232.80479431152344
2025-01-13,232.61071202939766,237.33726537542867,231.96044811515128,237.01699829101562,10005300.0,0.0,0.0,244.2100067138672,237.01699829101562
2025-01-14,235.51263136841433,240.42359041299397,235.05647368868276,240.1809539794922,12407400.0,0.0,0.0,247.47000122070312,240.1809539794922
2025-01-15,243.02466018784034,246.19834907161936,236.50259128635952,244.917236328125,18448500.0,0.0,0.0,252.35000610351562,244.917236328125
2025-01-16,246.51861866884337,249.46908602016472,244.8978090555052,246.78067016601562,15292300.0,0.0,0.0,254.27000427246094,246.78067016601562
2025-01-17,246.65449800073918,252.94363035716344,244.71340648745428,251.52664184570312,17678100.0,0.0,0.0,259.1600036621094,251.52664184570312
2025-01-21,252.409816435987,256.4666901787651,251.85659830232555,255.28262329101562,13712100.0,0.0,0.0,263.0299987792969,255.28262329101562
2025-01-22,255.1564817205521,255.62235436148842,252.5845413063042,255.09825134277344,9021900.0,0.0,0.0,262.8399963378906,255.09825134277344
2025-01-23,256.89377150881944,258.999839319307,256.03968646138014,258.1166687011719,10749700.0,0.0,0.0,265.95001220703125,258.1166687011719
2025-01-24,255.92321545084891,259.2327800677332,255.26325143834285,257.0393371582031,7666300.0,0.0,0.0,264.8399963378906,257.0393371582031
2025-01-27,256.389052216982,258.1360225042347,254.5353065086594,258.0195617675781,7522300.0,0.0,0.0,265.8500061035156,258.0195617675781
2025-01-28,258.0195637615963,259.45595234973075,257.02958825496063,259.2715759277344,7375400.0,0.0,0.0,267.1400146484375,259.2715759277344
2025-01-29,259.3395063870375,262.7073011271936,257.78662735417487,258.7280578613281,7684900.0,0.0,0.0,266.5799865722656,258.7280578613281
2025-01-30,260.7177106689235,261.75620173432395,258.76690422515134,260.3294982910156,8753500.0,0.0,0.0,268.2300109863281,260.3294982910156
2025-01-31,261.3000250446993,262.8431891272981,259.09686738707205,259.4268493652344,7193800.0,0.0,0.0,267.29998779296875,259.4268493652344
2025-02-03,254.11799568005065,260.2712821624786,253.99184960482245,258.9513244628906,8381400.0,0.0,0.0,266.80999755859375,258.9513244628906
2025-02-04,261.8920656979003,261.8920656979003,258.97071346699056,260.04803466796875,5626000.0,0.0,0.0,267.94000244140625,260.04803466796875
2025-02-05,260.98947222246505,262.66852710369653,260.4265390771867,262.4646911621094,5704400.0,0.0,0.0,270.42999267578125,262.4646911621094
2025-02-06,264.42513927132086,268.8217093004837,263.2022424358256,268.7440490722656,7264400.0,0.0,0.0,276.8999938964844,268.7440490722656
2025-02-07,269.10318646976515,270.3454837389774,266.61859193134063,267.6764831542969,6857900.0,0.0,0.0,275.79998779296875,267.6764831542969
2025-02-10,268.01617572204907,268.04529090684423,261.6493986180838,263.05670166015625,8627400.0,0.0,0.0,271.0400085449219,263.05670166015625
2025-02-11,262.29968817500816,268.0841322055861,261.7173548361182,266.8903503417969,7196400.0,0.0,0.0,274.989990234375,266.8903503417969
2025-02-12,266.0071803987953,268.3073988294126,265.2016404153094,267.33685302734375,6683900.0,0.0,0.0,275.45001220703125,267.33685302734375
2025-02-13,267.38535874167565,268.81206220355733,265.74513402635904,268.18121337890625,8398700.0,0.0,0.0,276.32000732421875,268.18121337890625
2025-02-14,269.20026178200214,271.0054922240324,268.30737630553097,268.4432373046875,5688600.0,0.0,0.0,276.5899963378906,268.4432373046875
2025-02-18,268.6082716385242,271.7237154392855,267.8900475882826,271.7043151855469,7919800.0,0.0,0.0,279.95001220703125,271.7043151855469
2025-02-19,270.18053227508295,271.9954480996811,269.0546956439582,271.02490234375,7007200.0,0.0,0.0,279.25,271.02490234375
2025-02-20,270.47167738640707,270.52990776080935,257.9128132494212,258.94158935546875,13846700.0,0.0,0.0,266.79998779296875,258.94158935546875
2025-02-21,260.41687498668233,261.2709600914064,255.09827295553427,256.45703125,12835600.0,0.0,0.0,264.239990234375,256.45703125
2025-02-24,257.67020002120825,259.1357336859581,250.9928400471611,253.64244079589844,10372800.0,0.0,0.0,261.3399963378906,253.64244079589844
2025-02-25,254.50623421668564,255.2535438153115,245.88778282719832,249.8184814453125,9608400.0,0.0,0.0,257.3999938964844,249.8184814453125
2025-02-26,249.5855472014318,253.22509374318383,249.36231101747035,251.16754150390625,5943600.0,0.0,0.0,258.7900085449219,251.16754150390625
2025-02-27,252.51656693419218,255.87467629942992,250.2648938568394,251.4198455810547,8204400.0,0.0,0.0,259.04998779296875,251.4198455810547
2025-02-28,253.05042685493686,257.0102408394051,250.2940802308907,256.8549499511719,10467100.0,0.0,0.0,264.6499938964844,256.8549499511719
2025-03-03,256.2240834773225,258.47575677394605,250.22611772259287,252.94363403320312,9058300.0,0.0,0.0,260.6199951171875,252.94363403320312
2025-03-04,247.76090247214182,249.6534784144641,238.70570941047404,242.87905883789062,13465600.0,0.0,0.0,250.25,242.87905883789062
2025-03-05,243.84961678618464,245.59660207726964,240.5303521377995,244.12136840820312,7861400.0,0.0,0.0,251.52999877929688,244.12136840820312
2025-03-06,240.80209946195242,242.015281613365,236.66758002130527,239.27833557128906,9983200.0,0.0,0.0,246.5399932861328,239.27833557128906
2025-03-07,238.00693642207267,239.45305495919504,232.36806783489953,235.14382934570312,20498700.0,0.0,0.0,242.27999877929688,235.14382934570312
2025-03-10,229.25260968443942,230.5143072655119,221.9638018922669,225.380126953125,18887200.0,0.0,0.0,232.22000122070312,225.380126953125
2025-03-11,224.9239788967364,226.44774284176466,220.01301974210133,222.39085388183594,18143000.0,0.0,0.0,229.13999938964844,222.39085388183594
2025-03-12,227.1076817928428,227.41826350891142,220.56619878932352,221.18734741210938,16054000.0,0.0,0.0,227.89999389648438,221.18734741210938
2025-03-13,222.5461333861297,222.7402395654928,217.62545954737027,218.55718994140625,16467900.0,0.0,0.0,225.19000244140625,218.55718994140625
2025-03-14,221.40089366257604,226.27303751626079,220.87680546916633,225.59365844726562,11962100.0,0.0,0.0,232.44000244140625,225.59365844726562
2025-03-17,224.37077862165546,228.728534744304,223.6719992463231,227.03977966308594,9586000.0,0.0,0.0,233.92999267578125,227.03977966308594
2025-03-18,227.4182844946614,229.2137852248078,226.6418449421928,228.04913330078125,10344900.0,0.0,0.0,234.97000122070312,228.04913330078125
2025-03-19,228.79646520042016,235.19235827185224,227.9714953720013,232.06719970703125,10120600.0,0.0,0.0,239.11000061035156,232.06719970703125
2025-03-20,229.5923043813926,234.6391394103261,229.24290731273203,231.9701385498047,8328500.0,0.0,0.0,239.00999450683594,231.9701385498047
2025-03-21,230.8054931833966,235.16324913514356,229.5340805612011,234.5129852294922,19326900.0,0.0,0.0,241.6300048828125,234.5129852294922
2025-03-24,238.2495608050386,241.36501910335522,237.21108457850144,240.75357055664062,9422700.0,0.0,0.0,248.05999755859375,240.75357055664062
2025-03-25,241.96675395701018,244.4028332211237,240.32652930123646,243.733154296875,9287700.0,0.0,0.0,251.1300048828125,243.733154296875
2025-03-26,245.1598570425021,247.16887900045046,242.42291097853027,243.63609313964844,12779300.0,0.0,0.0,251.02999877929688,243.63609313964844
2025-03-27,242.1802711082619,243.25757744441526,239.89948275399726,240.81179809570312,8022500.0,0.0,0.0,248.1199951171875,240.81179809570312
2025-03-28,239.66658074525773,242.1608757350301,234.00829698898778,235.69705200195312,11978400.0,0.0,0.0,242.85000610351562,235.69705200195312
2025-03-31,232.35836101622476,238.61837812715723,230.36873927152533,238.0748748779297,13603000.0,0.0,0.0,245.3000030517578,238.0748748779297
2025-04-01,235.47380892493115,238.45339153399044,233.78506877067235,236.48318481445312,8054700.0,0.0,0.0,243.66000366210938,236.48318481445312
2025-04-02,234.48387014274496,239.9674479641913,234.34799432373393,238.57957458496094,7758800.0,0.0,0.0,245.82000732421875,238.57957458496094
2025-04-03,227.36976405138714,228.2141341410838,220.60505877931982,221.95411682128906,17188500.0,0.0,0.0,228.69000244140625,221.95411682128906
2025-04-04,210.25535885692955,212.58925038559218,204.02513159690807,205.34344482421875,27170700.0,1.4,0.0,210.27999877929688,205.34344482421875
2025-04-07,200.93930233618102,216.8371082788502,197.41405089517536,209.40576171875,22914400.0,0.0,0.0,214.44000244140625,209.40576171875
2025-04-08,218.27259368729497,222.49116855668552,208.24369056058796,211.77870178222656,19485700.0,0.0,0.0,216.8699951171875,211.77870178222656
2025-04-09,207.5113293287422,231.9048922466148,206.04654347465694,228.83860778808594,24022400.0,0.0,0.0,234.33999633789062,228.83860778808594
2025-04-10,224.60048894505405,224.9422782580252,214.9329086419956,221.77833557128906,18896400.0,0.0,0.0,227.11000061035156,221.77833557128906
2025-04-11,220.9971025358475,232.97905393688654,219.71785872027854,230.65492248535156,20284500.0,0.0,0.0,236.1999969482422,230.65492248535156
2025-04-14,231.53378705459363,234.1508635519738,228.14524845049638,229.20965576171875,13017800.0,0.0,0.0,234.72000122070312,229.20965576171875
2025-04-15,230.55727455130136,233.04739831448416,227.35427768752865,227.65699768066406,10912900.0,0.0,0.0,233.1300048828125,227.65699768066406
2025-04-16,226.55352634462056,228.09643576900157,222.5790672431111,224.21963500976562,9322300.0,0.0,0.0,229.61000061035156,224.21963500976562
2025-04-17,225.38170933973876,228.83859723978307,225.13757837531108,226.5144805908203,9557900.0,0.0,0.0,231.9600067138672,226.5144805908203
2025-04-21,225.21569525952322,226.36798622449223,221.02639969234494,223.61419677734375,8716200.0,0.0,0.0,228.99000549316406,223.61419677734375
2025-04-22,226.53399818903708,230.44986835764868,225.9383180454656,230.0592498779297,10701400.0,0.0,0.0,235.58999633789062,230.0592498779297
2025-04-23,234.5805730456871,240.99632733668028,234.36573659509583,235.22508239746094,14126800.0,0.0,0.0,240.8800048828125,235.22508239746094
2025-04-24,234.1118287364866,239.7073061190241,232.00253368423319,238.89678955078125,9055200.0,0.0,0.0,244.63999938964844,238.89678955078125
2025-04-25,238.9065494767277,239.85377878556818,236.07463632488924,237.83238220214844,8588600.0,0.0,0.0,243.5500030517578,237.83238220214844
2025-04-28,238.81868556081264,241.04515888837096,235.18601541572858,237.51014709472656,7394300.0,0.0,0.0,243.22000122070312,237.51014709472656
2025-04-29,236.50432761587396,239.49248838967188,236.01606566197046,238.8772735595703,7216800.0,0.0,0.0,244.6199951171875,238.8772735595703
2025-04-30,235.54733835838334,239.46319386448346,232.8325881861533,238.8772735595703,12991700.0,0.0,0.0,244.6199951171875,238.8772735595703
2025-05-01,237.1390391998316,242.6173383874093,236.48477003311547,241.09396362304688,8689600.0,0.0,0.0,246.88999938964844,241.09396362304688
2025-05-02,245.36139162446273,247.66598864209374,243.60366051149063,246.58204650878906,7165000.0,0.0,0.0,252.50999450683594,246.58204650878906
2025-05-05,245.28325170363556,249.16982732673011,244.7071062124704,246.630859375,5450700.0,0.0,0.0,252.55999755859375,246.630859375
2025-05-06,244.13095242759528,246.71873456309945,243.1544286178849,243.3985595703125,6369900.0,0.0,0.0,249.25,243.3985595703125
2025-05-07,243.98450112705527,246.5234543137232,242.98844258199068,243.53529357910156,8724100.0,0.0,0.0,249.38999938964844,243.53529357910156
2025-05-08,245.66409623863075,249.87291137635128,245.64456159073174,247.5194854736328,8320100.0,0.0,0.0,253.47000122070312,247.5194854736328
2025-05-09,248.52533403320697,249.51161781388714,246.4160388204813,247.138671875,5087600.0,0.0,0.0,253.0800018310547,247.138671875
2025-05-12,256.72809074382644,257.41166929681515,252.62670882931454,253.9449920654297,9603900.0,0.0,0.0,260.04998779296875,253.9449920654297
2025-05-13,254.90204315724205,257.480080666336,254.2770833315241,256.8355712890625,8589000.0,0.0,0.0,263.010009765625,256.8355712890625
2025-05-14,256.82577133737385,260.38033243913924,256.13244775146745,259.40380859375,8643100.0,0.0,0.0,265.6400146484375,259.40380859375
2025-05-15,260.7025759874391,263.19269990894253,258.5444666020599,261.2103576660156,9214600.0,0.0,0.0,267.489990234375,261.2103576660156
2025-05-16,261.22009748379395,262.1575519192299,258.49558793581224,261.2786865234375,8932900.0,0.0,0.0,267.55999755859375,261.2786865234375
2025-05-19,259.31587533133506,262.02086524830315,255.78086405036862,258.66162109375,12145000.0,0.0,0.0,264.8800048828125,258.66162109375
2025-05-20,256.3570217379832,260.3998446453458,256.14218530617444,259.4428405761719,8436300.0,0.0,0.0,265.67999267578125,259.4428405761719
2025-05-21,258.1440958860731,259.41356502066975,254.60908417787425,254.91180419921875,7464000.0,0.0,0.0,261.0400085449219,254.91180419921875
2025-05-22,253.3493410528591,256.1421848603704,252.792715325804,254.55047607421875,6514100.0,0.0,0.0,260.6700134277344,254.55047607421875
2025-05-23,250.78110131024334,255.83948797883488,249.99011933238478,254.58953857421875,6671800.0,0.0,0.0,260.7099914550781,254.58953857421875
2025-05-27,255.8883093139594,259.0717566921421,255.83946524243134,259.06201171875,7506600.0,0.0,0.0,265.2900085449219,259.06201171875
2025-05-28,259.9897008471859,260.45844302460614,256.7281147573034,257.30426025390625,5535400.0,0.0,0.0,263.489990234375,257.30426025390625
2025-05-29,258.58353340559717,259.17922851944735,256.3668347386543,258.16363525390625,5081200.0,0.0,0.0,264.3699951171875,258.16363525390625
2025-05-30,257.26520045551075,259.10104011963335,256.56210214543427,257.8022766113281,10977700.0,0.0,0.0,264.0,257.8022766113281
2025-06-02,256.84529442949264,258.8081169206428,255.75159247660167,258.4468078613281,6011200.0,0.0,0.0,264.6600036621094,258.4468078613281
2025-06-03,257.53863293425644,260.32170192801004,256.70858174263634,260.01898193359375,6998400.0,0.0,0.0,266.2699890136719,260.01898193359375
2025-06-04,259.67722274650265,260.8490334291481,257.9780510648975,258.0171203613281,5915700.0,0.0,0.0,264.2200012207031,258.0171203613281
2025-06-05,258.5249411811546,258.5249411811546,254.19894723167462,255.8004608154297,8173800.0,0.0,0.0,261.95001220703125,255.8004608154297
2025-06-06,258.12454195712064,260.39008449229345,258.056207934954,259.49169921875,7738100.0,0.0,0.0,265.7300109863281,259.49169921875
2025-06-09,259.75531775168025,261.61070691825,257.1675357719009,260.4779357910156,8285000.0,0.0,0.0,266.739990234375,260.4779357910156
2025-06-10,259.63816546492893,262.58725675736963,259.6088709415357,262.2943115234375,7538100.0,0.0,0.0,268.6000061035156,262.2943115234375
2025-06-11,262.3724454128917,263.2903803018637,259.550306718951,261.8548889160156,7434100.0,0.0,0.0,268.1499938964844,261.8548889160156
2025-06-12,260.5951413369258,261.9915930968164,258.91554891738133,261.9427490234375,6618000.0,0.0,0.0,268.239990234375,261.9427490234375
2025-06-13,258.85693405632503,260.75139274608847,256.5425772552077,258.7300109863281,7098300.0,0.0,0.0,264.95001220703125,258.7300109863281
2025-06-16,260.73183404829985,265.3508019866292,260.58536145007355,264.012939453125,8566000.0,0.0,0.0,270.3599853515625,264.012939453125
2025-06-17,261.87440467845437,264.2375756229939,261.51306583381086,263.19268798828125,6739300.0,0.0,0.0,269.5199890136719,263.19268798828125
2025-06-18,263.66144669321045,271.20021221292876,263.3880211997966,267.5284729003906,9586400.0,0.0,0.0,273.9599914550781,267.5284729003906
2025-06-20,269.1006625666469,270.79002961674195,267.3819711943445,268.5440368652344,13969700.0,0.0,0.0,275.0,268.5440368652344
2025-06-23,268.60267120020006,272.0107301972778,265.72191367124316,271.7373046875,8094600.0,0.0,0.0,278.2699890136719,271.7373046875
2025-06-24,273.6317365805569,276.0730461780452,272.94818777394573,274.6571044921875,9267900.0,0.0,0.0,281.260009765625,274.6571044921875
2025-06-25,274.89148903780136,277.60622439824255,274.31534348949015,277.3913879394531,6826900.0,0.0,0.0,284.05999755859375,277.3913879394531
2025-06-26,278.0163428990485,282.61576173740934,277.79173169250225,281.97125244140625,8942100.0,0.0,0.0,288.75,281.97125244140625
2025-06-27,279.10028187976,281.9224501380631,278.34836923641,280.3697509765625,17868600.0,0.0,0.0,287.1099853515625,280.3697509765625
2025-06-30,283.58249100733053,285.77966944457916,282.13725493022537,283.10400390625,12689200.0,0.0,0.0,289.9100036621094,283.10400390625
2025-07-01,284.0610273166312,284.2953834962509,279.86195702454677,283.59228515625,9338300.0,0.0,0.0,290.4100036621094,283.59228515625
2025-07-02,285.18402779363225,285.9457151893501,282.89896560647867,285.14495849609375,8158700.0,0.0,0.0,292.0,285.14495849609375
2025-07-03,286.66583810355576,290.83605832396694,285.74348111805267,290.4435729980469,6541600.0,1.4,0.0,296.0,290.4435729980469
2025-07-07,289.7076857742013,290.4828645965253,284.6347217587213,286.4892578125,8825700.0,0.0,0.0,291.9700012207031,286.4892578125
2025-07-08,283.83993409983367,284.2618850781592,275.048135846527,277.4717712402344,15440900.0,0.0,0.0,282.7799987792969,277.4717712402344
2025-07-09,281.7891933154563,281.8088370500666,277.17743733437857,277.84466552734375,11273800.0,0.0,0.0,283.1600036621094,277.84466552734375
2025-07-10,277.687634657396,282.89795501811136,277.687634657396,282.78021240234375,8410900.0,0.0,0.0,288.19000244140625,282.78021240234375
2025-07-11,280.16028588065166,281.9853860406829,278.3253938002881,281.4751281738281,7384700.0,0.0,0.0,286.8599853515625,281.4751281738281
2025-07-14,281.6812326297011,283.8693527089549,279.90521169280953,283.2806396484375,9079900.0,0.0,0.0,288.70001220703125,283.2806396484375
2025-07-15,282.5937831680985,286.46964738040805,280.121098345475,281.1709899902344,12526100.0,0.0,0.0,286.54998779296875,281.1709899902344
2025-07-16,282.9862680414337,285.2725470105113,277.6974624718264,280.4547119140625,9979800.0,0.0,0.0,285.82000732421875,280.4547119140625
2025-07-17,278.11937245969557,284.85058472552134,278.11937245969557,284.4580993652344,8509500.0,0.0,0.0,289.8999938964844,284.4580993652344
2025-07-18,284.08521856694546,287.009289803847,282.819455566978,285.8023681640625,12217000.0,0.0,0.0,291.2699890136719,285.8023681640625
2025-07-21,285.5374312562634,288.65773001934355,285.125302200427,285.50799560546875,7898100.0,0.0,0.0,290.9700012207031,285.50799560546875
2025-07-22,286.0280742772089,288.11809552877634,283.75161723688194,285.9593811035156,6717500.0,0.0,0.0,291.42999267578125,285.9593811035156
2025-07-23,287.3429329100002,291.4150249489527,287.0583682777473,291.1893615722656,7083500.0,0.0,0.0,296.760009765625,291.1893615722656
2025-07-24,291.8369396401929,293.96618832212596,290.6398398939318,290.9832458496094,7001200.0,0.0,0.0,296.54998779296875,290.9832458496094
2025-07-25,291.1304626389869,293.2891470363467,290.4043332995373,293.014404296875,5918500.0,0.0,0.0,298.6199951171875,293.014404296875
2025-07-28,292.0724293571669,293.8091927274499,291.2482011503524,292.6807861328125,5840400.0,0.0,0.0,298.2799987792969,292.6807861328125
2025-07-29,294.36853919701497,295.6343323000827,290.6398830117393,291.464111328125,7635700.0,0.0,0.0,297.0400085449219,291.464111328125
2025-07-30,291.83695632333047,294.9670472888904,291.79769880383014,294.0054626464844,8061700.0,0.0,0.0,299.6300048828125,294.0054626464844
2025-07-31,293.5246633224064,295.33011989507037,289.9529777509294,290.6790771484375,14749700.0,0.0,0.0,296.239990234375,290.6790771484375
2025-08-01,284.9487133421405,286.32242707449086,278.9043429750852,283.93804931640625,12007100.0,0.0,0.0,289.3699951171875,283.93804931640625
2025-08-04,284.81135364584816,288.79513839592664,284.81135364584816,288.73626708984375,6649500.0,0.0,0.0,294.260009765625,288.73626708984375
2025-08-05,289.15819815384634,290.2375553774225,281.84803463230764,285.9005126953125,7182300.0,0.0,0.0,291.3699951171875,285.9005126953125
2025-08-06,286.8130388717205,287.784475314663,284.71322574362773,285.8808898925781,6330200.0,0.0,0.0,291.3500061035156,285.8808898925781
2025-08-07,287.44105083933385,287.95127882891904,281.03363056399576,281.5536804199219,8057100.0,0.0,0.0,286.94000244140625,281.5536804199219
2025-08-08,283.555348950698,285.76311250140685,279.3654851809607,283.3394775390625,6634100.0,0.0,0.0,288.760009765625,283.3394775390625
2025-08-11,283.9674810703858,285.8514526951056,283.3591242790355,284.1244812011719,5510100.0,0.0,0.0,289.55999755859375,284.1244812011719
2025-08-12,286.02805793473163,289.21705000432985,284.88982947960193,287.35272216796875,8570900.0,0.0,0.0,292.8500061035156,287.35272216796875
2025-08-13,288.4321392210523,289.02085238501184,281.76958909820456,285.0763244628906,8420400.0,0.0,0.0,290.5299987792969,285.0763244628906
2025-08-14,285.1253084483277,288.6773800754172,284.20298138831316,288.63812255859375,6322400.0,0.0,0.0,294.1600036621094,288.63812255859375
2025-08-15,289.30536719380285,289.95298150728627,284.3796115875491,285.0370178222656,7340500.0,0.0,0.0,290.489990234375,285.0370178222656
2025-08-18,284.5562169634104,286.4205448097455,282.9960675051489,286.0574951171875,5386900.0,0.0,0.0,291.5299987792969,286.0574951171875
2025-08-19,285.3706494849781,286.9897003409671,284.0950645111781,285.203857421875,6031500.0,0.0,0.0,290.6600036621094,285.203857421875
2025-08-20,285.35103146886894,287.82371628155875,281.87747451352897,286.7541809082031,7374200.0,0.0,0.0,292.239990234375,286.7541809082031
2025-08-21,286.45983579537915,287.27424223237057,284.0362003285711,285.9986572265625,6624000.0,0.0,0.0,291.4700012207031,285.9986572265625
2025-08-22,287.6961645212777,291.5818204071259,284.6837862966605,290.6790771484375,8552800.0,0.0,0.0,296.239990234375,290.6790771484375
2025-08-25,290.67910031440016,291.76827944217837,288.61854456863614,289.3642578125,5856300.0,0.0,0.0,294.8999938964844,289.3642578125
2025-08-26,288.63814183000835,293.13215460321874,287.99052751038425,292.9653625488281,6714700.0,0.0,0.0,298.57000732421875,292.9653625488281
2025-08-27,291.6701254801894,295.41842494390727,291.46407591230917,293.6620178222656,6056500.0,0.0,0.0,299.2799987792969,293.6620178222656
2025-08-28,294.38811877937053,295.5852185641284,293.0929201153854,295.4184265136719,6410500.0,0.0,0.0,301.07000732421875,295.4184265136719
2025-08-29,296.37019756170366,297.26311888832026,294.1035626344117,295.7618408203125,6796400.0,0.0,0.0,301.4200134277344,295.7618408203125
2025-09-02,294.62364321253557,294.8198709218748,288.9717581566039,294.07415771484375,7221900.0,0.0,0.0,299.70001220703125,294.07415771484375
2025-09-03,294.92785615758544,294.92785615758544,290.81650636476985,293.88775634765625,6316900.0,0.0,0.0,299.510009765625,293.88775634765625
2025-09-04,294.36852159403367,298.7153562428407,292.68080753910596,298.1168212890625,6605800.0,0.0,0.0,303.82000732421875,298.1168212890625
2025-09-05,297.9500113286781,299.42185399614533,288.7853412459479,288.8540344238281,9837700.0,0.0,0.0,294.3800048828125,288.8540344238281
2025-09-08,289.3544641521949,290.8949700189617,285.9692141135519,287.41162109375,8188500.0,0.0,0.0,292.9100036621094,287.41162109375
2025-09-09,287.1074315912692,293.3872872696363,286.8228669749493,292.2588806152344,7848200.0,0.0,0.0,297.8500061035156,292.2588806152344
2025-09-10,291.1304933247864,295.8796354332035,289.8548783719408,294.8984069824219,7787300.0,0.0,0.0,300.5400085449219,294.8984069824219
2025-09-11,295.5852136096933,299.9909491896388,295.1436788264331,299.8241271972656,7942500.0,0.0,0.0,305.55999755859375,299.8241271972656
2025-09-12,299.27465392414524,301.7767742987404,297.9990690164523,301.1488037109375,6846700.0,0.0,0.0,306.9100036621094,301.1488037109375
2025-09-15,301.40393449781925,304.13174819496044,301.40393449781925,303.1014404296875,7122000.0,0.0,0.0,308.8999938964844,303.1014404296875
2025-09-16,304.18080946841434,305.06390905534744,301.3646887009418,303.3860168457031,10525600.0,0.0,0.0,309.19000244140625,303.3860168457031
2025-09-17,304.56346260331446,307.03614710830897,302.9738476236277,305.8979187011719,8657800.0,0.0,0.0,311.75,305.8979187011719
2025-09-18,305.9372178866198,307.556238792954,303.7981171700278,307.3501892089844,8050700.0,0.0,0.0,313.2300109863281,307.3501892089844
2025-09-19,307.7132209495945,309.8719053836384,303.31730709863126,308.8710632324219,23568600.0,0.0,0.0,314.7799987792969,308.8710632324219
2025-09-22,303.9845245259009,307.8113389670314,303.74903930910966,306.5749816894531,7520200.0,0.0,0.0,312.44000244140625,306.5749816894531
2025-09-23,305.9666409066948,310.37234675445063,304.74989735202223,306.8693542480469,8584400.0,0.0,0.0,312.739990234375,306.8693542480469
2025-09-24,308.15476983779797,310.63727651453155,305.81947137817144,307.53662109375,7310500.0,0.0,0.0,313.4200134277344,307.53662109375
2025-09-25,308.2234462682717,309.72472445454315,305.94698929656073,307.5660400390625,7083200.0,0.0,0.0,313.45001220703125,307.5660400390625
2025-09-26,308.9888161441515,311.8441943720275,307.8113600348933,310.1270446777344,7258100.0,0.0,0.0,316.05999755859375,310.1270446777344
2025-09-29,311.10828573544467,312.0404647281687,307.7721150397051,309.7640075683594,6462400.0,0.0,0.0,315.69000244140625,309.7640075683594
2025-09-30,310.31346452838187,311.45169300349573,304.28870810842403,309.50885009765625,11823300.0,0.0,0.0,315.42999267578125,309.50885009765625
2025-10-01,308.07628613361976,308.68464295873514,301.6394301376976,304.8774719238281,9235200.0,0.0,0.0,310.7099914550781,304.8774719238281
2025-10-02,304.1807853263183,304.7302708010082,300.3932583082978,301.7767639160156,7600000.0,0.0,0.0,307.54998779296875,301.7767639160156
2025-10-03,302.7187488597389,305.80961197949307,302.4243624063698,304.210205078125,6029900.0,0.0,0.0,310.0299987792969,304.210205078125
2025-10-06,305.8371035459471,307.38512889871987,300.8578215934895,304.8511047363281,7214500.0,1.5,0.0,309.17999267578125,304.8511047363281
2025-10-07,305.0187809092415,305.66954382645594,300.4338918141804,303.38201904296875,8454200.0,0.0,0.0,307.69000244140625,303.38201904296875
2025-10-08,303.8946917756213,304.4567183318842,299.2999336047902,299.7732238769531,6489900.0,0.0,0.0,304.0299987792969,299.7732238769531
2025-10-09,300.7789070325195,303.72706376015515,299.14217558490407,301.252197265625,7060300.0,0.0,0.0,305.5299987792969,301.252197265625
2025-10-10,301.3804193716138,306.1230715472904,296.5983188157025,296.6772155761719,8597400.0,0.0,0.0,300.8900146484375,296.6772155761719
2025-10-13,301.3212684867699,305.1272097801061,301.17337467050265,303.6580810546875,10788700.0,0.0,0.0,307.9700012207031,303.6580810546875
2025-10-14,301.5578902761218,302.70165257420854,290.0907186231138,297.85052490234375,16178800.0,0.0,0.0,302.0799865722656,297.85052490234375
2025-10-15,302.1002149225357,307.7499693151439,301.1635039391426,301.4100036621094,11354800.0,0.0,0.0,305.69000244140625,301.4100036621094
2025-10-16,301.0747260223031,304.35808863852304,292.9106575300408,294.3600769042969,10549400.0,0.0,0.0,298.5400085449219,294.3600769042969
2025-10-17,294.97143359875633,295.3559575215809,290.08088749555986,293.3938293457031,10153500.0,0.0,0.0,297.55999755859375,293.3938293457031
2025-10-20,294.32064593592156,299.43798218705626,293.9854099500461,298.1265869140625,6894900.0,0.0,0.0,302.3599853515625,298.1265869140625
2025-10-21,297.43638030144115,299.7929016175946,292.841622611914,292.93035888671875,7372700.0,0.0,0.0,297.0899963378906,292.93035888671875
2025-10-22,293.60088610479784,293.88683421544886,286.47213320670807,289.99212646484375,8054100.0,0.0,0.0,294.1099853515625,289.99212646484375
2025-10-23,290.25834375227123,292.2204718178062,288.4145307332595,290.4161071777344,5438800.0,0.0,0.0,294.5400085449219,290.4161071777344
2025-10-24,291.93451945757295,298.36325106738366,291.31336547241364,296.2334899902344,7228300.0,0.0,0.0,300.44000244140625,296.2334899902344
2025-10-27,297.92941246883,300.2662249001909,296.7955198233114,299.89154052734375,5642200.0,0.0,0.0,304.1499938964844,299.89154052734375
2025-10-28,300.59159530101573,303.6580673748709,298.915415308335,301.0845947265625,6336000.0,0.0,0.0,305.3599853515625,301.0845947265625
2025-10-29,299.2605157595805,303.93414060421026,298.7675163425421,301.2325134277344,7520300.0,0.0,0.0,305.510009765625,301.2325134277344
2025-10-30,301.50862332627236,308.233113206998,300.8282816526182,305.1075134277344,7514600.0,0.0,0.0,309.44000244140625,305.1075134277344
2025-10-31,304.220113094536,308.48947514882747,302.9481660712639,306.76397705078125,7721300.0,0.0,0.0,311.1199951171875,306.76397705078125
2025-11-03,306.6456604912348,307.9471862719047,301.9227172950412,305.0187683105469,7770000.0,0.0,0.0,309.3500061035156,305.0187683105469
2025-11-04,302.415720333495,307.84858401169095,300.82827651560933,304.920166015625,7085200.0,0.0,0.0,309.25,304.920166015625
2025-11-05,305.2750763211935,308.71623262048166,301.35082032546103,307.31610107421875,6865200.0,0.0,0.0,311.67999267578125,307.31610107421875
2025-11-06,306.63579903674446,310.4319009529449,305.9160390722913,309.03179931640625,7206100.0,0.0,0.0,313.4200134277344,309.03179931640625
2025-11-07,307.5231746391179,310.02758988101914,303.3326798145578,309.8106689453125,7302300.0,0.0,0.0,314.2099914550781,309.8106689453125
2025-11-10,310.58966412464275,315.0858168552232,309.810716541713,312.4532165527344,5794100.0,0.0,0.0,316.8900146484375,312.4532165527344
2025-11-11,313.05464094031504,314.58292715130625,310.86572224729366,311.2009582519531,5030200.0,0.0,0.0,315.6199951171875,311.2009582519531
2025-11-12,311.8320301504691,317.7381540918137,311.78271214996033,315.9239196777344,10578300.0,0.0,0.0,320.4100036621094,315.9239196777344
2025-11-13,314.7604311532612,316.14082355780937,304.7722577523736,305.1469421386719,8973300.0,0.0,0.0,309.4800109863281,305.1469421386719
2025-11-14,303.20451997960254,303.3327046462357,297.0124483237873,299.3591003417969,10327000.0,0.0,0.0,303.6099853515625,299.3591003417969
2025-11-17,299.74363974118836,301.31137424610444,293.5022804823602,296.1644592285156,8344000.0,0.0,0.0,300.3699951171875,296.1644592285156
2025-11-18,295.30663178632864,298.70833958092004,292.86134400280395,295.2178955078125,8077300.0,0.0,0.0,299.4100036621094,295.2178955078125
2025-11-19,295.5432899586994,300.1873662746028,295.0798692888629,299.02386474609375,5546600.0,0.0,0.0,303.2699890136719,299.02386474609375
2025-11-20,302.05087369332443,305.5807663052954,293.9854105998292,294.20233154296875,7501600.0,0.0,0.0,298.3800048828125,294.20233154296875
2025-11-21,297.0715864028587,297.456110287291,288.71030575970536,293.84735107421875,11766800.0,0.0,0.0,298.0199890136719,293.84735107421875
2025-11-24,294.0642973394352,295.6221924256846,290.386540762355,293.8276672363281,10940200.0,0.0,0.0,298.0,293.8276672363281
2025-11-25,295.84892096661844,300.2366275598507,291.4217960873232,298.75762939453125,8877200.0,0.0,0.0,303.0,298.75762939453125
2025-11-26,300.7296512123902,304.21022597199055,298.95486530692773,303.33270263671875,7910900.0,0.0,0.0,307.6400146484375,303.33270263671875
2025-11-28,304.77227670123045,309.3275869646093,303.9243019705234,308.696533203125,4322400.0,0.0,0.0,313.0799865722656,308.696533203125
2025-12-01,308.5683618849884,309.6430970545817,304.2201032083801,304.59478759765625,7727300.0,0.0,0.0,308.9200134277344,304.59478759765625
2025-12-02,304.4172805196406,306.1329390093465,302.7903884074122,303.5693359375,7249000.0,0.0,0.0,307.8800048828125,303.5693359375
2025-12-03,302.89885953876745,307.98658713845214,302.50443592551073,307.75982666015625,8535300.0,0.0,0.0,312.1300048828125,307.75982666015625
2025-12-04,308.8740221323167,314.0307770729326,308.61765279183703,311.67425537109375,9627800.0,0.0,0.0,316.1000061035156,311.67425537109375
2025-12-05,311.22069468967254,314.02092784192007,310.2741141188276,310.62908935546875,6518900.0,0.0,0.0,315.0400085449219,310.62908935546875
2025-12-08,310.64879808375287,312.0390600856641,308.96274846028484,310.79669189453125,7417200.0,0.0,0.0,315.2099914550781,310.79669189453125
2025-12-09,310.54034639506574,314.33641785317275,295.8193608594167,296.3025207519531,18049200.0,0.0,0.0,300.510009765625,296.3025207519531
2025-12-10,296.2926621709551,306.8329925602339,294.2812160390869,305.7680969238281,18874100.0,0.0,0.0,310.1099853515625,305.7680969238281
2025-12-11,304.9102649889192,313.5476242674454,304.9102649889192,312.9363098144531,9721900.0,0.0,0.0,317.3800048828125,312.9363098144531
2025-12-12,315.2040954937631,315.7858311866128,312.16723236849225,314.0603332519531,8982900.0,0.0,0.0,318.5199890136719,314.0603332519531
2025-12-15,315.11539535630396,318.35934027084556,313.9322146909975,315.53936767578125,10864100.0,0.0,0.0,320.0199890136719,315.53936767578125
2025-12-16,314.6223410116007,315.0463132571263,309.99800441565543,311.13189697265625,8331300.0,0.0,0.0,315.54998779296875,311.13189697265625
2025-12-17,313.9716244610726,314.8984658400699,310.2544194174254,310.5699462890625,8718700.0,0.0,0.0,314.9800109863281,310.5699462890625
2025-12-18,311.57564186364317,313.2518519730792,307.84856735129125,308.6176452636719,11444900.0,0.0,0.0,313.0,308.6176452636719
2025-12-19,309.39657764946713,314.099781180705,308.8049723403709,312.7686767578125,24494400.0,0.0,0.0,317.2099914550781,312.7686767578125
2025-12-22,313.0644852104395,318.7043994886834,313.0644852104395,318.56634521484375,8354600.0,0.0,0.0,323.0899963378906,318.56634521484375
2025-12-23,319.07908304324746,323.1907116116738,318.56637445826755,321.3666076660156,6668300.0,0.0,0.0,325.92999267578125,321.3666076660156
2025-12-24,321.6722493328215,325.36974495293686,320.9426198260136,324.5612487792969,4289300.0,0.0,0.0,329.1700134277344,324.5612487792969
2025-12-26,324.502058709128,326.2275566521161,321.96806459862194,323.3188781738281,4158300.0,0.0,0.0,327.9100036621094,323.3188781738281
2025-12-29,322.4216288798564,323.1808371734579,319.0002116144308,319.2171325683594,8635300.0,0.0,0.0,323.75,319.2171325683594
2025-12-30,320.2622768741799,320.3904615362508,317.97475237184364,318.8917541503906,7904300.0,0.0,0.0,323.4200134277344,318.8917541503906
2025-12-31,319.79886991908165,320.3313177342217,317.5310845539587,317.70855712890625,5048500.0,0.0,0.0,322.2200012207031,317.70855712890625
2026-01-02,317.98465546632457,321.169442848154,316.2492877176746,320.9229431152344,8054000.0,0.0,0.0,325.4800109863281,320.9229431152344
2026-01-05,320.942628937084,332.5281155423397,320.63697169770103,329.3630676269531,10752600.0,0.0,0.0,334.0400085449219,329.3630676269531
2026-01-06,329.44229029813283,332.6612412306879,327.49110960074296,331.41326904296875,7660800.0,1.5,0.0,334.6099853515625,331.41326904296875
2026-01-07,327.9764659913386,328.9767963949314,321.4989374679619,323.8660888671875,9815200.0,0.0,0.0,326.989990234375,323.8660888671875
2026-01-08,323.27183137637843,328.2339475379842,322.53888044956136,326.63934326171875,11737100.0,0.0,0.0,329.7900085449219,326.63934326171875
2026-01-09,326.1936353875406,328.7291759216584,325.0348299492433,326.0450744628906,6738100.0,0.0,0.0,329.19000244140625,326.0450744628906
2026-01-12,318.80490292970194,322.9053354478686,318.1611187929736,321.38995361328125,12805100.0,0.0,0.0,324.489990234375,321.38995361328125
2026-01-13,321.20175473899405,323.7372950994605,307.60294504088824,307.9297790527344,19371200.0,0.0,0.0,310.8999938964844,307.9297790527344
2026-01-14,305.2556057077196,308.78159262538577,303.19546018048277,304.9287414550781,25951500.0,0.0,0.0,307.8699951171875,304.9287414550781
2026-01-15,305.5230197927318,309.95031666446005,304.8098971346673,306.30548095703125,14751400.0,0.0,0.0,309.260009765625,306.30548095703125
2026-01-16,307.38506061636195,314.17950872864606,307.0383983149945,309.48480224609375,14652500.0,0.0,0.0,312.4700012207031,309.48480224609375
2026-01-20,303.2845981841295,308.1774060521912,298.9761500928895,299.8477478027344,12900600.0,0.0,0.0,302.739990234375,299.8477478027344
2026-01-21,300.53118494697816,302.4823658305288,298.2729680555718,299.15447998046875,10270100.0,0.0,0.0,302.0400085449219,299.15447998046875
2026-01-22,301.9474777854751,305.2555953909441,300.0062112868251,300.729248046875,10535800.0,0.0,0.0,303.6300048828125,300.729248046875
2026-01-23,299.11481126550876,299.4812715954647,293.6772702297321,294.8757019042969,11107900.0,0.0,0.0,297.7200012207031,294.8757019042969
2026-01-26,294.96484861763906,298.8969221500132,294.60830241167326,298.16400146484375,11752700.0,0.0,0.0,301.0400085449219,298.16400146484375
2026-01-27,298.45122352878457,299.08512378237486,295.3016109870806,297.44097900390625,11527400.0,0.0,0.0,300.30999755859375,297.44097900390625
2026-01-28,297.4013222225187,299.03558292254246,295.2025300603667,297.89654541015625,9556700.0,0.0,0.0,300.7699890136719,297.89654541015625
2026-01-29,299.51100066931883,303.898671192008,299.3327275624257,303.49261474609375,11580000.0,0.0,0.0,306.4200134277344,303.49261474609375
2026-01-30,302.333781642444,304.98817089860455,299.66947824936375,302.9676818847656,11953200.0,0.0,0.0,305.8900146484375,302.9676818847656
2026-02-02,301.5513314360023,306.34508884518107,298.49085539325506,305.1961975097656,9839400.0,0.0,0.0,308.1400146484375,305.1961975097656
2026-02-03,306.77099053389486,313.22869052113475,306.14700443281885,311.8420715332031,12688000.0,0.0,0.0,314.8500061035156,311.8420715332031
2026-02-04,311.4062598905275,316.25944126204155,311.4062598905275,314.2389221191406,9848800.0,0.0,0.0,317.2699890136719,314.2389221191406
2026-02-05,311.99062599899656,312.9909865673853,302.6210112179966,307.1968688964844,9388000.0,0.0,0.0,310.1600036621094,307.1968688964844
2026-02-06,311.7034102684662,321.15227836348157,311.7034102684662,319.3199462890625,17797400.0,0.0,0.0,322.3999938964844,319.3199462890625
2026-02-09,318.27007812796035,323.2817350541263,317.05181803840316,319.0228271484375,11477500.0,0.0,0.0,322.1000061035156,319.0228271484375
2026-02-10,319.4684837021083,323.01429884581904,312.1094739861534,315.2392883300781,9902200.0,0.0,0.0,318.2799987792969,315.2392883300781
2026-02-11,320.15191444315514,322.1724337503843,305.78055639607567,307.8505859375,8703500.0,0.0,0.0,310.82000732421875,307.8505859375
2026-02-12,309.29660600764385,310.62380057979817,297.15372325834437,299.74871826171875,13443400.0,0.0,0.0,302.6400146484375,299.74871826171875
2026-02-13,295.6680481198895,301.38294318623025,293.6871553220786,299.6595458984375,9114500.0,0.0,0.0,302.54998779296875,299.6595458984375
2026-02-17,299.8675549474044,305.29518175186814,299.61002921690664,304.19580078125,8896800.0,0.0,0.0,307.1300048828125,304.19580078125
2026-02-18,305.51309749540866,309.2966101142475,304.2849535938903,305.8300476074219,7209600.0,0.0,0.0,308.7799987792969,305.8300476074219
2026-02-19,304.2354576365961,306.226234501648,302.2050242231491,305.1070251464844,6737700.0,0.0,0.0,308.04998779296875,305.1070251464844
2026-02-20,305.4536802835111,308.0288471084009,302.75966472033866,307.82086181640625,7792700.0,0.0,0.0,310.7900085449219,307.82086181640625
2026-02-23,305.84987743753925,308.028871901531,292.2807780649544,294.82623291015625,12955400.0,0.0,0.0,297.6700134277344,294.82623291015625
2026-02-24,293.98432184665864,296.886322684036,288.5962907533433,294.459716796875,13554100.0,0.0,0.0,297.29998779296875,294.459716796875
2026-02-25,295.78692074637365,300.75895068108485,294.1724883145502,300.4023742675781,8095500.0,0.0,0.0,303.29998779296875,300.4023742675781
2026-02-26,301.67017313360896,306.05787397622345,300.73918125790124,303.20538330078125,7007800.0,0.0,0.0,306.1300048828125,303.20538330078125
2026-02-27,297.13393894248406,300.0557680991628,291.636973162459,297.4310607910156,18620800.0,0.0,0.0,300.29998779296875,297.4310607910156
2026-03-02,291.9935267958635,297.11414843979566,290.4088063693875,294.7172546386719,8508900.0,0.0,0.0,297.55999755859375,294.7172546386719
2026-03-03,289.4975898716125,299.5011046657454,286.73423592223537,297.3914489746094,10278200.0,0.0,0.0,300.260009765625,297.3914489746094
2026-03-04,297.12402886142485,298.12438947518206,292.99388398032096,296.52978515625,8055700.0,0.0,0.0,299.3900146484375,296.52978515625
2026-03-05,295.1332451958745,298.3620800816865,289.63624924146006,290.74554443359375,12732500.0,0.0,0.0,293.54998779296875,290.74554443359375
2026-03-06,283.6044306839189,287.21955415339994,280.99955170429564,286.7144470214844,13496500.0,0.0,0.0,289.4800109863281,286.7144470214844
2026-03-09,282.7724816341387,288.31898819476027,277.77073879547015,287.1502685546875,12241100.0,0.0,0.0,289.9200134277344,287.1502685546875
2026-03-10,286.52626625452876,289.9532025593205,284.43640849634494,285.97161865234375,8344900.0,0.0,0.0,288.7300109863281,285.97161865234375
2026-03-11,286.05084727233185,287.7049062038017,282.1385715612803,284.7731628417969,10205000.0,0.0,0.0,287.5199890136719,284.7731628417969
2026-03-12,280.1279843639117,281.16797137675815,276.43363807803536,280.18743896484375,13760500.0,0.0,0.0,282.8900146484375,280.18743896484375
2026-03-13,281.9504072447318,284.4463214441296,280.2468381234208,280.7321472167969,9091200.0,0.0,0.0,283.44000244140625,280.7321472167969
2026-03-16,283.6044205599556,286.506421278288,281.89093739443587,283.4261474609375,8149000.0,0.0,0.0,286.1600036621094,283.4261474609375
2026-03-17,286.23902796907333,288.97266988082987,283.2181783456238,284.1492004394531,8961200.0,0.0,0.0,286.8900146484375,284.1492004394531
2026-03-18,284.08971801136914,286.6450865635814,282.3960631878955,284.99102783203125,10057000.0,0.0,0.0,287.739990234375,284.99102783203125
2026-03-19,284.13928904174674,286.7441681021885,281.900870340191,285.2188720703125,9846700.0,0.0,0.0,287.9700012207031,285.2188720703125
2026-03-20,285.3277943529036,287.9326733008621,282.5446423017302,283.82232666015625,22436500.0,0.0,0.0,286.55999755859375,283.82232666015625
2026-03-23,291.4982779446762,292.9245231806114,285.2188513876401,287.14031982421875,11470800.0,0.0,0.0,289.9100036621094,287.14031982421875
2026-03-24,283.4360748065673,292.6571288676103,282.64369950840546,289.6065368652344,11092300.0,0.0,0.0,292.3999938964844,289.6065368652344
2026-03-25,291.3398308899875,294.7965097163498,289.6461758443202,292.59771728515625,12188200.0,0.0,0.0,295.4200134277344,292.59771728515625
2026-03-26,289.78478993876473,292.1717693530369,287.95248830787267,288.87359619140625,8669200.0,0.0,0.0,291.6600036621094,288.87359619140625
2026-03-27,286.3777093696089,287.3384134369941,279.05829538327214,280.13787841796875,9873300.0,0.0,0.0,282.8399963378906,280.13787841796875
2026-03-30,282.01972478590784,284.50575515603197,279.6327451103039,281.0589904785156,11734400.0,0.0,0.0,283.7699890136719,281.0589904785156
2026-03-31,285.71408872506316,292.25104134220237,282.22772810140145,291.3497314453125,12956900.0,0.0,0.0,294.1600036621094,291.3497314453125
2026-04-01,292.567989087923,295.8661624411999,290.1116710297465,292.5580749511719,11267200.0,0.0,0.0,295.3800048828125,292.5580749511719
2026-04-02,289.1212191631598,292.7957669317203,285.9616926535428,291.7855224609375,6669300.0,0.0,0.0,294.6000061035156,291.7855224609375
2026-04-06,292.7412191857173,295.4987855589938,291.88509063240025,294.125,7142600.0,1.5,0.0,295.45001220703125,294.125
2026-04-07,291.8253790066561,296.8427544058445,291.38734983011653,296.0662536621094,7849100.0,0.0,0.0,297.3999938964844,296.0662536621094
2026-04-08,306.5888366699219,309.8640903908154,303.96066179364243,306.5888366699219,10590200.0,0.0,0.0,307.9700012207031,306.5888366699219
2026-04-09,305.5734164156603,309.8640846884941,304.73715687535,308.938232421875,6586600.0,0.0,0.0,310.3299865722656,308.938232421875
2026-04-10,308.6097380099313,308.9581744354404,305.344449093958,308.4803161621094,6069700.0,0.0,0.0,309.8699951171875,308.4803161621094
2026-04-13,306.0910825316173,312.33295236293975,304.0900871089203,312.2732238769531,8318200.0,0.0,0.0,313.67999267578125,312.2732238769531
2026-04-14,308.4305432499699,312.91036189245165,307.4847916064935,309.7247009277344,11455500.0,0.0,0.0,311.1199951171875,309.7247009277344
2026-04-15,312.54203541599225,312.8307129741003,302.8954898881459,304.5579833984375,9885800.0,0.0,0.0,305.92999267578125,304.5579833984375
2026-04-16,303.98059076810495,308.5599670410156,303.8312695552229,308.5599670410156,8208600.0,0.0,0.0,309.95001220703125,308.5599670410156
2026-04-17,311.068653468178,313.4877482505245,308.69932229637936,308.8984375,11082400.0,0.0,0.0,310.2900085449219,308.8984375
2026-04-20,309.45594165814435,315.70777661938337,308.9780833700189,315.5683898925781,10772000.0,0.0,0.0,316.989990234375,315.5683898925781
2026-04-21,316.0661368489313,318.8038038717339,311.3474041387296,311.5962829589844,7084300.0,0.0,0.0,313.0,311.5962829589844
2026-04-22,313.43799038623484,313.73663281642627,310.5410372905177,311.6161804199219,5545900.0,0.0,0.0,313.0199890136719,311.6161804199219
2026-04-23,312.11395497732667,313.57736372602733,307.5047445243564,310.29217529296875,6969700.0,0.0,0.0,311.69000244140625,310.29217529296875
2026-04-24,309.7545850384977,309.7545850384977,306.5092257615542,306.8974609375,5215300.0,0.0,0.0,308.2799987792969,306.8974609375
2026-04-27,305.50372444273444,311.1781431330245,305.50372444273444,310.232421875,7925300.0,0.0,0.0,311.6300048828125,310.232421875
2026-04-28,313.78643555890045,314.03531438457196,309.7745101043047,310.0532531738281,7398600.0,0.0,0.0,311.45001220703125,310.0532531738281
2026-04-29,309.1771855961317,310.65052875636707,305.91189671624613,307.86309814453125,8031800.0,0.0,0.0,309.25,307.86309814453125
2026-04-30,305.6928786901284,312.6913497643884,305.1951210592971,311.82525634765625,8865400.0,0.0,0.0,313.2300109863281,311.82525634765625
2026-05-01,312.54203812020876,314.6624601726697,310.43152018106696,311.06866455078125,6135400.0,0.0,0.0,312.4700012207031,311.06866455078125
2026-05-04,309.22694520939064,309.2568094519629,305.13539207341324,306.270263671875,7338200.0,0.0,0.0,307.6499938964844,306.270263671875
2026-05-05,306.32999740556414,309.5753869306937,305.42407485773,308.0124206542969,6316800.0,0.0,0.0,309.3999938964844,308.0124206542969
2026-05-06,310.0532528884956,314.84167905955115,309.95369528217543,313.4877624511719,8629500.0,0.0,0.0,314.8999938964844,313.4877624511719
2026-05-07,313.23887676443206,314.8814709002291,304.76706239082745,304.8964538574219,8359600.0,0.0,0.0,306.2699890136719,304.8964538574219
2026-05-08,306.86759124184925,307.60426284206056,299.1523476664256,300.74517822265625,9464300.0,0.0,0.0,302.1000061035156,300.74517822265625
2026-05-11,300.74515961007836,301.83026757429667,297.5395993270601,298.6545715332031,9512000.0,0.0,0.0,300.0,298.6545715332031
2026-05-12,298.67447538308426,304.6873960201211,294.2245209852311,303.5126953125,9498200.0,0.0,0.0,304.8800048828125,303.5126953125
2026-05-13,300.91440289675086,301.6411400127173,298.72428743531935,298.9034729003906,7709500.0,0.0,0.0,300.25,298.9034729003906
2026-05-14,300.8945046380796,302.38777761395096,297.4699295162906,298.56500244140625,7364300.0,0.0,0.0,299.9100036621094,298.56500244140625
2026-05-15,298.86362628854243,299.44104214981957,295.1205095874812,296.4743957519531,8699300.0,0.0,0.0,297.80999755859375,296.4743957519531
2026-05-18,296.6635495230975,299.908939014877,295.8870488301784,299.3813171386719,7546300.0,0.0,0.0,300.7300109863281,299.3813171386719
2026-05-19,299.7396822358739,300.436555061437,293.935841710235,294.3738708496094,8066900.0,0.0,0.0,295.70001220703125,294.3738708496094
2026-05-20,295.3694126574367,301.57145376364997,292.35300240137923,300.625732421875,9327000.0,0.0,0.0,301.9800109863281,300.625732421875
2026-05-21,299.8790926087445,302.6167597554335,298.8636475324957,301.6411437988281,7874400.0,0.0,0.0,303.0,301.6411437988281
2026-05-22,303.31359328873907,306.07119010408854,302.4773640852478,305.0059814453125,5973900.0,0.0,0.0,306.3800048828125,305.0059814453125
2026-05-26,307.1065011172144,308.54004556072954,304.0701916446211,305.3643493652344,7725400.0,0.0,0.0,306.739990234375,305.3643493652344
2026-05-27,303.63215366632585,304.52811132231307,294.42363753054383,297.93780517578125,11779200.0,0.0,0.0,299.2799987792969,297.93780517578125
2026-05-28,296.23549066837876,299.7197941661088,294.4236455581874,295.3992614746094,9757700.0,0.0,0.0,296.7300109863281,295.3992614746094
2026-05-29,295.070728717322,298.53513289689414,293.87612858626386,297.9676818847656,13969000.0,0.0,0.0,299.30999755859375,297.9676818847656
2026-06-01,296.3549462063085,298.20659004481905,293.94578586060317,295.2499084472656,7930000.0,0.0,0.0,296.5799865722656,295.2499084472656
2026-06-02,295.17027051801705,300.7152977310929,293.9457758280521,299.6102600097656,8296200.0,0.0,0.0,300.9599914550781,299.6102600097656
2026-06-03,298.5749714904202,300.60580089187994,295.23002417973413,299.50079345703125,7003900.0,0.0,0.0,300.8500061035156,299.50079345703125
2026-06-04,304.36883009196185,311.5066879726736,303.0746723882986,309.4957580566406,10345200.0,0.0,0.0,310.8900146484375,309.4957580566406
2026-06-05,312.8805189963161,313.58732636819616,308.211549706599,310.9691162109375,9118800.0,0.0,0.0,312.3699951171875,310.9691162109375
2026-06-08,311.84516953437026,314.88147906470095,309.3862455138746,309.7147521972656,6827000.0,0.0,0.0,311.1099853515625,309.7147521972656
2026-06-09,312.1040028799189,315.0009559692908,307.62418415256917,311.2976379394531,11594600.0,0.0,0.0,312.70001220703125,311.2976379394531
2026-06-10,311.1582462393224,313.3384270822022,307.64407859799763,307.75360107421875,7446200.0,0.0,0.0,309.1400146484375,307.75360107421875
2026-06-11,308.1717081621576,313.30857066124145,307.4947650619962,312.0840759277344,9116600.0,0.0,0.0,313.489990234375,312.0840759277344
2026-06-12,314.5529794375797,319.85906276888113,314.1348496322589,319.28167724609375,7426200.0,0.0,0.0,320.7200012207031,319.28167724609375
2026-06-15,322.4673390673774,324.4583697274161,317.41010417767774,317.96759033203125,7988900.0,0.0,0.0,319.3999938964844,317.96759033203125
2026-06-16,322.8455866314347,330.26218746993305,322.56684357389287,329.6549377441406,11094900.0,0.0,0.0,331.1400146484375,329.6549377441406
2026-06-17,330.69024974688585,336.25517637046335,330.01330666560995,331.9645080566406,12246400.0,0.0,0.0,333.4599914550781,331.9645080566406
2026-06-18,335.4388795655989,336.57375116590936,322.70623086248213,323.761474609375,20111000.0,0.0,0.0,325.2200012207031,323.761474609375
2026-06-22,328.22139226156105,331.2776010100568,325.28461010223134,329.993408203125,10182500.0,0.0,0.0,331.4800109863281,329.993408203125
2026-06-23,327.9924099173137,333.86594380335947,325.7425357353925,332.6414794921875,7582200.0,0.0,0.0,334.1400146484375,332.6414794921875
2026-06-24,331.57628916780243,333.02973300317086,328.291070440402,331.95458984375,7907400.0,0.0,0.0,333.45001220703125,331.95458984375
2026-06-25,333.4577793441399,341.90972446819404,333.2586945227413,333.6170654296875,10043100.0,0.0,0.0,335.1199951171875,333.6170654296875
2026-06-26,334.49312290223526,334.8913229247855,326.03124330500606,327.57427978515625,17640900.0,0.0,0.0,329.04998779296875,327.57427978515625
2026-06-29,326.80774304304947,330.8993264933345,325.73259994718205,327.91278076171875,7981800.0,0.0,0.0,329.3900146484375,327.91278076171875
2026-06-30,327.41503128103255,328.95806779511634,325.2149206632551,325.86199951171875,8080100.0,0.0,0.0,327.3299865722656,325.86199951171875
2026-07-01,326.89735842569155,334.13477419390347,323.5524415571975,332.5718078613281,15210200.0,0.0,0.0,334.07000732421875,332.5718078613281
2026-07-02,336.5040683580973,338.4751995750331,330.2820977776739,332.9700012207031,8413900.0,0.0,0.0,334.4700012207031,332.9700012207031
2026-07-06,335.0,339.7200012207031,334.1099853515625,337.7200012207031,8673500.0,1.5,0.0,337.7200012207031,337.7200012207031
2026-07-07,340.9800109863281,341.3999938964844,337.0899963378906,339.2200012207031,7115800.0,0.0,0.0,339.2200012207031,339.2200012207031
2026-07-08,336.5299987792969,336.5299987792969,330.1300048828125,330.6199951171875,18505200.0,0.0,0.0,330.6199951171875,330.6199951171875
2026-07-09,331.4599914550781,337.0,330.80999755859375,335.4700012207031,15570600.0,0.0,0.0,335.4700012207031,335.4700012207031
2026-07-10,337.4700012207031,338.5899963378906,335.7699890136719,336.4700012207031,6299000.0,0.0,0.0,336.4700012207031,336.4700012207031
2026-07-13,338.3399963378906,338.3500061035156,332.5,334.5299987792969,7120300.0,0.0,0.0,334.5299987792969,334.5299987792969
2026-07-14,327.0,344.7300109863281,325.75,342.8900146484375,14537900.0,0.0,0.0,342.8900146484375,342.8900146484375
2026-07-15,345.8500061035156,351.239990234375,344.04998779296875,346.9100036621094,10750000.0,0.0,0.0,346.9100036621094,346.9100036621094
2026-07-16,349.2799987792969,349.3399963378906,341.1099853515625,343.1499938964844,12432400.0,0.0,0.0,343.1499938964844,343.1499938964844
2026-07-17,339.0299987792969,346.1300048828125,335.04998779296875,341.1000061035156,9250900.0,0.0,0.0,341.1000061035156,341.1000061035156
2026-07-20,341.79998779296875,344.260009765625,337.3699951171875,338.8699951171875,7723300.0,0.0,0.0,338.8699951171875,338.8699951171875
2026-07-21,340.1199951171875,345.739990234375,337.29998779296875,345.2300109863281,6015300.0,0.0,0.0,345.2300109863281,345.2300109863281
2026-07-22,345.07000732421875,349.07000732421875,344.25,348.2099914550781,8040200.0,0.0,0.0,348.2099914550781,348.2099914550781
2026-07-23,346.5799865722656,349.9200134277344,345.4200134277344,349.8999938964844,10913000.0,0.0,0.0,349.8999938964844,349.8999938964844
2026-07-24,350.6400146484375,353.3699951171875,347.5,353.2099914550781,7520800.0,0.0,0.0,353.2099914550781,353.2099914550781
2026-07-27,357.8900146484375,359.04998779296875,352.5799865722656,356.20001220703125,7884900.0,0.0,0.0,356.20001220703125,356.20001220703125
2026-07-28,357.29998779296875,359.29998779296875,354.1499938964844,357.30999755859375,6533800.0,0.0,0.0,357.30999755859375,357.30999755859375
2026-07-29,356.5,357.3699951171875,343.7799987792969,344.7099914550781,8265300.0,0.0,0.0,344.7099914550781,344.7099914550781
2026-07-30,347.5400085449219,352.2799987792969,345.3699951171875,350.8500061035156,7606500.0,0.0,0.0,350.8500061035156,350.8500061035156
2026-07-31,353.29998779296875,354.4700012207031,349.70001220703125,351.7900085449219,6603400.0,0.0,0.0,351.7900085449219,351.7900085449219
2026-08-03,353.75,355.6199951171875,350.8399963378906,352.6400146484375,6436600.0,0.0,0.0,352.6400146484375,352.6400146484375
2026-08-04,355.0,363.0,353.8699951171875,357.5199890136719,8477200.0,0.0,0.0,357.5199890136719,357.5199890136719
2026-08-05,358.9700012207031,362.1700134277344,358.20001220703125,359.239990234375,5269500.0,0.0,0.0,359.239990234375,359.239990234375
2026-08-06,362.80999755859375,362.80999755859375,354.95001220703125,356.29998779296875,5820100.0,0.0,0.0,356.29998779296875,356.29998779296875
2026-08-07,355.760009765625,358.8500061035156,353.3299865722656,357.5199890136719,4566200.0,0.0,0.0,357.5199890136719,357.5199890136719
2026-08-10,357.9599914550781,359.989990234375,356.5,359.7900085449219,5327500.0,0.0,0.0,359.7900085449219,359.7900085449219
2026-08-11,360.04998779296875,363.1199951171875,358.6000061035156,362.0400085449219,4576500.0,0.0,0.0,362.0400085449219,362.0400085449219
2026-08-12,362.9700012207031,366.0899963378906,361.29998779296875,365.17999267578125,4366800.0,0.0,0.0,365.17999267578125,365.17999267578125
2026-08-13,366.5,366.5,361.5199890136719,363.1099853515625,5102700.0,0.0,0.0,363.1099853515625,363.1099853515625
2026-08-14,363.0,365.8999938964844,361.45001220703125,362.8399963378906,5058600.0,0.0,0.0,362.8399963378906,362.8399963378906
2026-08-17,361.94000244140625,365.75,360.9599914550781,360.9599914550781,5282600.0,0.0,0.0,360.9599914550781,360.9599914550781
2026-08-18,362.3399963378906,363.57000732421875,359.2699890136719,363.25,5525100.0,0.0,0.0,363.25,363.25
2026-08-19,363.010009765625,363.04998779296875,355.6499938964844,357.260009765625,6696200.0,0.0,0.0,357.260009765625,357.260009765625
2026-08-20,357.6000061035156,357.95001220703125,351.54998779296875,351.54998779296875,6799700.0,0.0,0.0,351.54998779296875,351.54998779296875
2026-08-21,354.07000732421875,356.8599853515625,350.3699951171875,351.5799865722656,8112100.0,0.0,0.0,351.5799865722656,351.5799865722656
2026-08-24,353.29998779296875,358.2799987792969,352.82000732421875,356.3900146484375,4394400.0,0.0,0.0,356.3900146484375,356.3900146484375
2026-08-25,357.0,357.3699951171875,353.07000732421875,356.69000244140625,4298000.0,0.0,0.0,356.69000244140625,356.69000244140625
2026-08-26,356.5,358.3500061035156,354.6000061035156,356.5,5796500.0,0.0,0.0,356.5,356.5
2026-08-27,354.67999267578125,357.57000732421875,352.2300109863281,354.2200012207031,5209900.0,0.0,0.0,354.2200012207031,354.2200012207031
2026-08-28,355.6700134277344,358.7300109863281,354.2200012207031,357.6199951171875,3914500.0,0.0,0.0,357.6199951171875,357.6199951171875
2026-08-31,355.8999938964844,357.7699890136719,354.7699890136719,356.0199890136719,7962900.0,0.0,0.0,356.0199890136719,356.0199890136719
2026-09-01,355.7300109863281,359.92999267578125,354.1199951171875,354.95001220703125,5079000.0,0.0,0.0,354.95001220703125,354.95001220703125
2026-09-02,357.54998779296875,361.4700012207031,353.7900085449219,356.2200012207031,5341400.0,0.0,0.0,356.2200012207031,356.2200012207031
2026-09-03,358.67999267578125,362.8500061035156,356.3900146484375,362.05999755859375,5414200.0,0.0,0.0,362.05999755859375,362.05999755859375
2026-09-04,361.0,362.8599853515625,355.20001220703125,358.6400146484375,4873500.0,0.0,0.0,358.6400146484375,358.6400146484375
2026-09-08,357.1000061035156,358.54998779296875,353.2300109863281,353.510009765625,5631400.0,0.0,0.0,353.510009765625,353.510009765625
2026-09-09,352.0,356.3299865722656,348.69000244140625,354.7099914550781,6318200.0,0.0,0.0,354.7099914550781,354.7099914550781
2026-09-10,353.510009765625,354.2200012207031,351.1199951171875,353.55999755859375,4184200.0,0.0,0.0,353.55999755859375,353.55999755859375
2026-09-11,358.32000732421875,360.04998779296875,354.7900085449219,356.2300109863281,5354600.0,0.0,0.0,356.2300109863281,356.2300109863281
2026-09-14,354.2300109863281,355.2799987792969,347.54998779296875,350.1300048828125,9609900.0,0.0,0.0,350.1300048828125,350.1300048828125
2026-09-15,351.0,354.70001220703125,343.07000732421875,352.489990234375,14026500.0,0.0,0.0,352.489990234375,352.489990234375
2026-09-16,353.3800048828125,355.6000061035156,344.69000244140625,348.9200134277344,8303400.0,0.0,0.0,348.9200134277344,348.9200134277344
2026-09-17,352.25,353.489990234375,345.2699890136719,349.30999755859375,6480100.0,0.0,0.0,349.30999755859375,349.30999755859375
2026-09-18,347.8900146484375,349.6700134277344,345.010009765625,349.6700134277344,18312400.0,0.0,0.0,349.6700134277344,349.6700134277344
2026-09-21,353.6700134277344,354.5,350.0799865722656,352.0400085449219,6414700.0,0.0,0.0,352.0400085449219,352.0400085449219
2026-09-22,352.0,352.1000061035156,337.29998779296875,340.0,11485600.0,0.0,0.0,340.0,340.0
2026-09-23,337.6099853515625,341.44000244140625,336.9800109863281,337.5299987792969,7068500.0,0.0,0.0,337.5299987792969,337.5299987792969
2026-09-24,338.1199951171875,339.3699951171875,335.2799987792969,338.55999755859375,6934300.0,0.0,0.0,338.55999755859375,338.55999755859375
2026-09-25,340.7699890136719,343.30999755859375,338.6400146484375,343.05999755859375,11460300.0,0.0,0.0,343.05999755859375,343.05999755859375
2026-09-28,341.8299865722656,342.0,336.29998779296875,336.5899963378906,10483700.0,0.0,0.0,336.5899963378906,336.5899963378906
2026-09-29,337.0,338.75,333.3299865722656,334.9800109863281,7254900.0,0.0,0.0,334.9800109863281,334.9800109863281
