Date,Open,High,Low,Close,Volume,Dividends,Stock_Splits,Close_unadjusted,Adj_Close
2016-01-04,87.77531630322343,87.93538835915359,86.20419303406318,87.04607391357422,3919531.0,0.0,0.0,122.75919342041016,87.04607391357422
2016-01-05,87.04610313210749,87.44926152976464,86.32872430302487,87.42554473876953,3214968.0,0.0,0.0,123.2943115234375,87.42554473876953
2016-01-06,86.31688181179163,86.41767278224009,85.03034304059152,85.66471862792969,3584532.0,0.0,0.0,120.81103515625,85.66471862792969
2016-01-07,84.49674246467626,84.85839649957686,83.37620517136837,83.5777816772461,4249986.0,0.0,0.0,117.86788940429688,83.5777816772461
2016-01-08,83.80901532507905,84.48489530985555,83.13314075015553,83.293212890625,3186144.0,0.0,0.0,117.466552734375,83.293212890625
2016-01-11,83.57778320198466,83.85051009005002,82.65289860943275,83.27542114257812,3319498.0,0.0,0.0,117.44147491455078,83.27542114257812
2016-01-12,83.8089885644348,84.27736266806801,82.48687501148922,83.5125503540039,2826746.0,0.0,0.0,117.77591705322266,83.5125503540039
2016-01-13,83.53035113515594,84.30109276792352,82.13709240809345,82.24381256103516,3107567.0,0.0,0.0,115.98662567138672,82.24381256103516
2016-01-14,82.84854833734718,84.44931829361919,82.32681674868745,83.7022933959961,4449598.0,0.0,0.0,118.0434799194336,83.7022933959961
2016-01-15,81.9948059427803,83.06198046803915,81.34857202944141,82.22602844238281,5601466.0,0.0,0.0,115.96154022216797,82.22602844238281
2016-01-19,83.0619815321225,83.4769983610279,81.46714621706064,82.04816436767578,4066161.0,0.0,0.0,115.71070098876953,82.04816436767578
2016-01-20,81.19441107373429,81.66870898571884,79.82486388358241,81.2003402709961,4947015.0,0.0,0.0,114.51505279541016,81.2003402709961
2016-01-21,81.2003616918981,82.21417895319523,80.72012904611339,81.6746597290039,4012819.0,0.0,0.0,115.18394470214844,81.6746597290039
2016-01-22,83.0856923472413,83.2576282646924,81.86436956114085,82.71810913085938,3563004.0,0.0,0.0,116.655517578125,82.71810913085938
2016-01-25,82.38611080623147,82.62918630660707,81.5382949246245,81.56201171875,3355378.0,0.0,0.0,115.02508544921875,81.56201171875
2016-01-26,84.0639391005291,85.97892933163361,83.198341140922,85.83663940429688,6134404.0,0.0,0.0,121.05351257324219,85.83663940429688
2016-01-27,85.93740644507325,87.72789395673576,85.40382203736526,86.29313659667969,4301294.0,0.0,0.0,121.69732666015625,86.29313659667969
2016-01-28,86.65482146170737,87.650851094102,86.09751465918069,87.34255981445312,3668610.0,0.0,0.0,123.17726135253906,87.34255981445312
2016-01-29,87.88799805122356,89.52433776855469,87.74570811144281,89.52433776855469,4775867.0,0.0,0.0,126.25418090820312,89.52433776855469
2016-02-01,88.53423744465654,88.80696435428487,87.80500010579392,88.17851257324219,3230994.0,0.0,0.0,124.35618591308594,88.17851257324219
2016-02-02,87.50262577701486,87.91171340457346,86.58959958001815,87.66863250732422,4283833.0,0.0,0.0,123.63712310791016,87.66863250732422
2016-02-03,88.55200779142503,90.62114625110642,88.31485612005989,90.42549896240234,6897093.0,0.0,0.0,127.52508544921875,90.42549896240234
2016-02-04,90.36621777098131,91.52824858711587,89.98677615620255,90.970947265625,4136246.0,0.0,0.0,128.2943115234375,90.970947265625
2016-02-05,90.82866909939764,91.2318221480385,90.01049919497615,90.9887466430664,4028726.0,0.0,0.0,128.31939697265625,90.9887466430664
2016-02-08,89.89786503915997,91.55791641366673,89.53028173246136,91.24369049072266,2996458.0,0.0,0.0,128.67892456054688,91.24369049072266
2016-02-09,90.68044087633524,92.34642651163846,90.38400261324375,91.74169158935547,3550206.0,0.0,0.0,129.3812713623047,91.74169158935547
2016-02-10,92.21940920477478,92.85240152495393,90.83997221008093,91.03703308105469,3482632.0,0.928094,0.0,127.466552734375,91.03703308105469
2016-02-11,89.52026365544374,90.76832692464622,88.97684635779612,89.97410583496094,3805911.0,0.0,0.0,125.97826385498047,89.97410583496094
2016-02-12,89.97410554016801,92.00445126573376,89.97410554016801,91.93875885009766,2741471.0,0.0,0.0,128.72909545898438,91.93875885009766
2016-02-16,92.55979320862518,93.09723293659637,92.11789517290646,92.87628936767578,2560158.0,0.0,0.0,130.04180908203125,92.87628936767578
2016-02-17,93.15698034968977,93.83176622399141,92.9181097028961,93.52721405029297,2578696.0,0.0,0.0,130.9531707763672,93.52721405029297
2016-02-18,93.36597351140628,93.73620714343977,93.13904698387462,93.62274932861328,2404199.0,0.0,0.0,131.0869598388672,93.62274932861328
2016-02-19,93.75410701953898,93.80785534782798,93.07931048919541,93.42566680908203,2537075.0,0.0,0.0,130.81103515625,93.42566680908203
2016-02-22,93.42569932819725,94.63793597187245,93.42569932819725,94.17214965820312,2640290.0,0.0,0.0,131.85618591308594,94.17214965820312
2016-02-23,94.13031293977689,94.16614515875645,92.66130094038307,93.25846099853516,2299669.0,0.0,0.0,130.57691955566406,93.25846099853516
2016-02-24,92.46426959892037,94.12436540255152,91.7476686243151,93.88550567626953,2317609.0,0.0,0.0,131.45484924316406,93.88550567626953
2016-02-25,94.07662452690869,94.94847692242077,93.7601282234355,94.9425048828125,2054848.0,0.0,0.0,132.93478393554688,94.9425048828125
2016-02-26,95.03800788686827,95.24701829009503,94.39905439859527,94.51251220703125,2205065.0,0.0,0.0,132.33277893066406,94.51251220703125
2016-02-29,94.35725181274918,95.02009346148203,93.64663386577313,93.67648315429688,2383867.0,0.0,0.0,131.16220092773438,93.67648315429688
2016-03-01,94.79916274400172,95.36646277112041,94.11839399315552,95.30078125,2636104.0,0.0,0.0,133.43646240234375,95.30078125
2016-03-02,94.87678686292693,95.47394707119524,94.67375936675863,95.19328308105469,2161411.0,0.0,0.0,133.28594970703125,95.19328308105469
2016-03-03,95.19327774629033,95.36048390298055,94.65583794811957,95.17536163330078,2303496.0,0.0,0.0,133.2608642578125,95.17536163330078
2016-03-04,95.22313747321324,95.71878390321906,94.90066923672168,95.58740997314453,2112495.0,0.0,0.0,133.83779907226562,95.58740997314453
2016-03-07,95.53365791717148,95.885986328125,94.45279543258194,95.885986328125,2407309.0,0.0,0.0,134.255859375,95.885986328125
2016-03-08,95.18730113663372,95.90986316977848,95.15744094975203,95.66503143310547,2416040.0,0.0,0.0,133.9464874267578,95.66503143310547
2016-03-09,95.84418498925662,96.01139114372982,95.2589688975398,95.5993423461914,2252068.0,0.0,0.0,133.85450744628906,95.5993423461914
2016-03-10,96.00539540001054,96.02331150833861,94.51846738754223,95.47988891601562,2243337.0,0.0,0.0,133.68728637695312,95.47988891601562
2016-03-11,96.22634540007412,96.7697680288776,95.93373740682489,96.66824340820312,2029851.0,0.0,0.0,135.35116577148438,96.66824340820312
2016-03-14,96.50703171522245,97.19974451965302,96.14277009719824,96.62647247314453,2089771.0,0.0,0.0,135.2926483154297,96.62647247314453
2016-03-15,95.64116114876742,97.03852007494253,95.15745872456677,96.98477172851562,2186168.0,0.0,0.0,135.7943115234375,96.98477172851562
2016-03-16,96.71603691944385,97.51623546490097,96.45328906196674,97.27139282226562,2305529.0,0.0,0.0,136.19564819335938,97.27139282226562
2016-03-17,97.432652261277,98.1492424669442,97.24155790713854,97.78498077392578,3336840.0,0.0,0.0,136.9147186279297,97.78498077392578
2016-03-18,98.02382384127883,98.72846984863281,97.87453378645674,98.72846984863281,7000188.0,0.0,0.0,138.23577880859375,98.72846984863281
2016-03-21,98.56127247777376,98.71653456739647,98.17908384275805,98.43585968017578,2505740.0,0.0,0.0,137.82608032226562,98.43585968017578
2016-03-22,98.23283698877722,98.82999722454949,98.16714456777505,98.47766876220703,2566975.0,0.0,0.0,137.88461303710938,98.47766876220703
2016-03-23,98.29253732145688,98.52543589453535,97.61177951113012,98.0954818725586,2756780.0,0.0,0.0,137.34950256347656,98.0954818725586
2016-03-24,97.74312198269816,98.25668436741194,97.36691642126145,98.20890808105469,2235085.0,0.0,0.0,137.50836181640625,98.20890808105469
2016-03-28,98.48960574778488,99.5167199716183,98.28060621903998,99.2957763671875,2794693.0,0.0,0.0,139.0301055908203,99.2957763671875
2016-03-29,98.48958242922545,98.52541464779948,97.4087201207122,98.1671142578125,3019900.0,0.0,0.0,137.4498291015625,98.1671142578125
2016-03-30,98.7523446165918,99.85709523169403,98.62694273119844,99.57643127441406,2625579.0,0.0,0.0,139.42308044433594,99.57643127441406
2016-03-31,99.57644045516768,100.02431060022433,99.42715040681547,99.50477600097656,2125531.0,0.0,0.0,139.32273864746094,99.50477600097656
2016-04-01,98.90758759854552,100.16760004234217,98.4059801537862,100.04219818115234,2405874.0,0.0,0.0,140.07525634765625,100.04219818115234
2016-04-04,99.7914213031117,100.01834786460967,99.08080322235496,99.36743927001953,2419269.0,0.0,0.0,139.13043212890625,99.36743927001953
2016-04-05,98.63888203591169,99.45699661687371,98.32238587014464,99.01509857177734,1934410.0,0.0,0.0,138.6371307373047,99.01509857177734
2016-04-06,98.73443152020673,99.77348975675834,98.43585144191168,99.61226654052734,2502271.0,0.0,0.0,139.47325134277344,99.61226654052734
2016-04-07,99.05690743620791,99.86307806932268,98.68070173934065,99.82127380371094,3263047.0,0.0,0.0,139.76588439941406,99.82127380371094
2016-04-08,100.1497124971795,100.31691865907949,99.18827979072435,99.50477600097656,2068243.0,0.0,0.0,139.32273864746094,99.50477600097656
2016-04-11,99.79741519326575,100.29903383545386,99.46897480485268,99.48091888427734,1819236.0,0.0,0.0,139.28929138183594,99.48091888427734
2016-04-12,99.73171596143055,100.56176394689457,99.68393965220761,100.3408203125,1957254.0,0.0,0.0,140.49331665039062,100.3408203125
2016-04-13,100.60355548852252,100.86033132234554,100.1497133019696,100.67520904541016,1848896.0,0.0,0.0,140.96153259277344,100.67520904541016
2016-04-14,100.9200373024393,100.9200373024393,100.25121274489003,100.41841888427734,1451226.0,0.0,0.0,140.6020050048828,100.41841888427734
2016-04-15,100.51398578458128,100.92006260972826,100.44233221994865,100.78868865966797,1694732.0,0.0,0.0,141.1204071044922,100.78868865966797
2016-04-18,100.60354531432617,101.43956514811698,100.55576901597985,101.24848175048828,1371334.0,0.0,0.0,141.76422119140625,101.24848175048828
2016-04-19,101.46940821513864,101.9769986057951,100.96181782448218,101.30817413330078,2211524.0,0.0,0.0,141.8478240966797,101.30817413330078
2016-04-20,101.60082171155689,101.78594401068374,100.69313722964283,100.88423156738281,1721881.0,0.0,0.0,141.25418090820312,100.88423156738281
2016-04-21,100.90210219614174,101.33802812474214,100.56768998032133,100.71697998046875,1955460.0,0.0,0.0,141.0200653076172,100.71697998046875
2016-04-22,100.9737557293171,101.37386034026771,100.23327776450093,100.71697998046875,2155551.0,0.0,0.0,141.0200653076172,100.71697998046875
2016-04-25,100.32290427306853,100.62745644883556,99.51076150506285,100.54981994628906,2844447.0,0.0,0.0,140.78594970703125,100.54981994628906
2016-04-26,100.02430026264157,100.19747844449275,98.51348382171562,99.23604583740234,3817752.0,0.0,0.0,138.9464874267578,99.23604583740234
2016-04-27,99.71977402536916,100.5498220286565,99.188295267494,100.1795883178711,2664329.0,0.0,0.0,140.26756286621094,100.1795883178711
2016-04-28,99.63615032790464,100.7827053143199,99.24800055981302,99.7257308959961,1979021.0,0.0,0.0,139.63211059570312,99.7257308959961
2016-04-29,99.71376180074212,100.19149201705633,99.42712585052891,99.95262145996094,2345595.0,0.0,0.0,139.9498291015625,99.95262145996094
2016-05-02,99.90487961330685,100.62146965773213,99.68989715103967,100.52591705322266,2033559.0,0.0,0.0,140.75250244140625,100.52591705322266
2016-05-03,99.95860580160918,100.36467163142,99.52267978625096,100.30496215820312,2298951.0,0.0,0.0,140.44314575195312,100.30496215820312
2016-05-04,99.34951549973114,100.14374205695685,99.30175009405434,99.82127380371094,2533248.0,0.0,0.0,139.76588439941406,99.82127380371094
2016-05-05,100.0004017496872,100.51992534351919,99.8391676590104,100.1855239868164,2009519.0,0.0,0.0,140.2759246826172,100.1855239868164
2016-05-06,100.22733449822177,100.94990746056106,99.72572692838355,100.85435485839844,1949719.0,0.0,0.0,141.21237182617188,100.85435485839844
2016-05-09,100.675200956817,100.94990378014057,100.13776118076171,100.63340759277344,1556355.0,0.0,0.0,140.90301513671875,100.63340759277344
2016-05-10,101.0574013876723,101.75010331980462,100.92005540886916,101.67247772216797,2072190.0,0.0,0.0,142.3578643798828,101.67247772216797
2016-05-11,101.63665868909389,102.2756232590138,101.26044203465987,101.3798828125,2136534.0,0.0,0.0,141.9481658935547,101.3798828125
2016-05-12,101.43361042207121,101.8934246784942,100.77674069709559,101.6067886352539,2083312.0,0.0,0.0,142.26588439941406,101.6067886352539
2016-05-13,101.54708194943971,101.74413742342472,100.21540455207926,100.51398468017578,2243576.0,0.0,0.0,140.73577880859375,100.51398468017578
2016-05-16,100.62146142620603,101.45748125999684,100.57965716515301,101.24848175048828,2184135.0,0.0,0.0,141.76422119140625,101.24848175048828
2016-05-17,101.26044142366845,101.48139596345828,99.77948476619868,100.2094497680664,2542696.0,0.0,0.0,140.3093719482422,100.2094497680664
2016-05-18,100.08919940584674,100.94882147842164,99.64435886090125,100.28155517578125,1942782.0,0.928094,0.0,139.48159790039062,100.28155517578125
2016-05-19,99.40990461553906,99.82469709324761,98.08740665255986,99.25360870361328,1982131.0,0.0,0.0,138.0518341064453,99.25360870361328
2016-05-20,99.3377613620176,100.07114640338322,99.14539465545604,99.19348907470703,2088814.0,0.0,0.0,137.96823120117188,99.19348907470703
2016-05-23,99.35580059097389,100.12525647637499,98.89893650184332,99.854736328125,1977586.0,0.0,0.0,138.88795471191406,99.854736328125
2016-05-24,100.48596705982358,101.46582541167183,100.20944598213838,101.36963653564453,1946370.0,0.0,0.0,140.99497985839844,101.36963653564453
2016-05-25,101.59202448100258,102.40956379988474,101.44174038866251,102.18714904785156,2224560.0,0.0,0.0,142.13211059570312,102.18714904785156
2016-05-26,102.1991724842023,102.65603656297979,101.30949153665283,101.53791809082031,1870424.0,0.0,0.0,141.22909545898438,101.53791809082031
2016-05-27,101.53794829119613,101.61008994266977,101.15923753229687,101.52592468261719,1314524.0,0.0,0.0,141.21237182617188,101.52592468261719
2016-05-31,101.78439451039685,102.04289108423177,100.78651194652139,101.18325805664062,2594842.0,0.0,0.0,140.73577880859375,101.18325805664062
2016-06-01,100.85865519253721,101.54995773718535,100.44386269530409,101.40568542480469,1468927.0,0.0,0.0,141.04515075683594,101.40568542480469
2016-06-02,101.41769622351408,101.41769622351408,100.55206245855229,101.01493835449219,2368678.0,0.0,0.0,140.50167846679688,101.01493835449219
2016-06-03,101.02096987671348,101.38765700116278,100.69635440887639,101.2193374633789,1714466.0,0.0,0.0,140.78594970703125,101.2193374633789
2016-06-06,101.50185219319424,102.54782908601075,101.34555629102887,102.24124908447266,1806797.0,0.0,0.0,142.2073516845703,102.24124908447266
2016-06-07,102.34345015340898,103.0888588505497,102.32541474495682,102.74019622802734,2060828.0,0.0,0.0,142.90133666992188,102.74019622802734
2016-06-08,102.76425824442491,103.35337112362943,102.58391510436451,103.04679107666016,2015140.0,0.0,0.0,143.3277587890625,103.04679107666016
2016-06-09,102.49373463355106,103.0768356272281,101.83248020295807,102.27130889892578,2641725.0,0.0,0.0,142.24916076660156,102.27130889892578
2016-06-10,101.75432732444743,101.77236273112102,100.9187416674482,101.32752227783203,2539586.0,0.0,0.0,140.93646240234375,101.32752227783203
2016-06-13,101.26142166634196,101.37563497111545,100.45589478807834,100.4679183959961,2547360.0,0.0,0.0,139.7407989501953,100.4679183959961
2016-06-14,100.56412915767142,100.8767210907111,100.14933653507613,100.75648498535156,2417594.0,0.0,0.0,140.1421356201172,100.75648498535156
2016-06-15,100.96084021045115,101.50787041741376,100.6722955990375,100.87067413330078,2026263.0,0.0,0.0,140.30101013183594,100.87067413330078
2016-06-16,100.60017950942299,102.42763649277363,100.16135067768442,102.15111541748047,3147992.0,0.0,0.0,142.08193969726562,102.15111541748047
2016-06-17,102.18716471698404,102.19317652041718,101.24337740064642,101.55596923828125,4123808.0,0.0,0.0,141.25418090820312,101.55596923828125
2016-06-20,102.73420048698152,103.87635543730853,102.51178568885133,102.93257904052734,2586709.0,0.0,0.0,143.1688995361328,102.93257904052734
2016-06-21,102.90253320541956,103.37743285175445,102.8303915510894,103.0167465209961,2259364.0,0.0,0.0,143.28594970703125,103.0167465209961
2016-06-22,103.29325435463043,103.7561303326075,102.78830672079715,102.93257904052734,1638042.0,0.0,0.0,143.1688995361328,102.93257904052734
2016-06-23,103.82225458947441,104.68788846129429,103.6719704740705,104.6638412475586,2417834.0,0.0,0.0,145.57691955566406,104.6638412475586
2016-06-24,101.51388519823547,103.1189269880529,101.2313523817074,101.66416931152344,5462730.0,0.0,0.0,141.40467834472656,101.66416931152344
2016-06-27,100.85866466938842,100.88871271902272,99.28368172167086,100.50399017333984,3042744.0,0.0,0.0,139.7909698486328,100.50399017333984
2016-06-28,101.07506296020544,101.99480310908405,100.96686146340936,101.94670867919922,2675811.0,0.0,0.0,141.7976531982422,101.94670867919922
2016-06-29,102.8063196361776,103.3052553570774,102.4095626159036,103.10688781738281,2265344.0,0.0,0.0,143.411376953125,103.10688781738281
2016-06-30,103.4315307654629,105.28303496190138,103.4315307654629,105.27101135253906,2929482.0,0.0,0.0,146.42140197753906,105.27101135253906
2016-07-01,105.28302542240611,105.84809112944937,105.14476489771351,105.52347564697266,2309356.0,0.0,0.0,146.77256774902344,105.52347564697266
2016-07-05,105.11469210766377,105.66774510443318,104.30316447822256,105.57756805419922,2814906.0,0.0,0.0,146.8478240966797,105.57756805419922
2016-07-06,105.31907589842301,105.48138360830173,104.63377424105876,105.29502868652344,2850427.0,0.0,0.0,146.45484924316406,105.29502868652344
2016-07-07,105.25291516007808,105.58354228572772,104.6758261257137,105.12066650390625,2203391.0,0.0,0.0,146.21237182617188,105.12066650390625
2016-07-08,105.72183841959284,106.87601687780621,105.69177940340106,106.47325897216797,3261014.0,0.0,0.0,148.09364318847656,106.47325897216797
2016-07-11,106.64755361672961,107.28476065906754,106.51530496141346,107.00823974609375,1984762.0,0.0,0.0,148.83779907226562,107.00823974609375
2016-07-12,107.45311534363469,107.98211013829938,107.02028745834436,107.69957733154297,2287828.0,0.0,0.0,149.79933166503906,107.69957733154297
2016-07-13,107.73567183864289,108.00618109859448,107.41706814298573,107.72966003417969,1783834.0,0.0,0.0,149.8411407470703,107.72966003417969
2016-07-14,108.29469974793003,108.998025848879,108.13239203687357,108.74555206298828,2277543.0,0.0,0.0,151.25418090820312,108.74555206298828
2016-07-15,109.1062377198051,109.31061708045485,108.54116115041658,109.0461196899414,2960339.0,0.0,0.0,151.6722412109375,109.0461196899414
2016-07-18,109.07018948226226,109.2264854218218,108.65540790166239,108.87181091308594,1464382.0,0.0,0.0,151.4297637939453,108.87181091308594
2016-07-19,108.87178247849505,109.19639788129463,108.37884757163485,108.94993591308594,1257355.0,0.0,0.0,151.53846740722656,108.94993591308594
2016-07-20,109.24449089597178,109.56910629459168,108.99801796049381,109.05813598632812,1690307.0,0.0,0.0,151.68896484375,109.05813598632812
2016-07-21,108.97998541510316,109.14229311867612,108.02418557233236,108.36082458496094,2237477.0,0.0,0.0,150.7190704345703,108.36082458496094
2016-07-22,108.45703919562041,108.52315807772828,107.81983177097237,108.46906280517578,1441898.0,0.0,0.0,150.86956787109375,108.46906280517578
2016-07-25,108.32476755820795,108.45701626490947,107.55531156158106,107.98211669921875,2316652.0,0.0,0.0,150.1923065185547,107.98211669921875
2016-07-26,106.50333324947327,107.59740480251904,105.8841613089755,106.79788970947266,4092234.0,0.0,0.0,148.54515075683594,106.79788970947266
2016-07-27,106.64760668162336,107.56734689574307,106.64760668162336,107.16458892822266,2822201.0,0.0,0.0,149.05519104003906,107.16458892822266
2016-07-28,106.79187108161699,107.22468803781037,106.41917216258024,106.99024963378906,2152202.0,0.0,0.0,148.81271362304688,106.99024963378906
2016-07-29,107.06838958715136,107.4951947295657,106.7738331529186,107.21867370605469,1939792.0,0.0,0.0,149.13043212890625,107.21867370605469
2016-08-01,106.44919386031914,107.32685116288224,106.44919386031914,107.17656707763672,1911686.0,0.0,0.0,149.0718994140625,107.17656707763672
2016-08-02,107.35092241423628,107.37496962853193,106.54540655799889,107.21867370605469,2529660.0,0.0,0.0,149.13043212890625,107.21867370605469
2016-08-03,107.43508033957505,107.68154232841324,106.98422801360321,107.2306900024414,1697483.0,0.0,0.0,149.14715576171875,107.2306900024414
2016-08-04,107.5793521139305,107.85587311722367,106.78584895241349,106.8880386352539,1281873.0,0.0,0.0,148.67056274414062,106.8880386352539
2016-08-05,107.15256912762797,107.60943334884175,106.62356325390606,107.34492492675781,2152202.0,0.0,0.0,149.30601501464844,107.34492492675781
2016-08-08,107.54325780111243,107.6153994229646,107.16454719771235,107.35089111328125,1587929.0,0.0,0.0,149.3143768310547,107.35089111328125
2016-08-09,107.22464021629051,107.54324373023589,106.96615471268949,107.23666381835938,1314284.0,0.0,0.0,149.155517578125,107.23666381835938
2016-08-10,107.07439254796166,107.51322126128305,106.91208483531473,107.49518585205078,1466655.0,0.0,0.0,149.51504516601562,107.49518585205078
2016-08-11,107.6515049338751,108.86580165334702,107.5312798168914,108.80569458007812,2443906.0,0.0,0.0,151.33779907226562,108.80569458007812
2016-08-12,109.08820570584331,109.08820570584331,108.1444184302716,108.3668441772461,1474548.0,0.0,0.0,150.72743225097656,108.3668441772461
2016-08-15,108.8056765910583,109.04011498189415,108.48106114955934,108.54116821289062,1516767.0,0.0,0.0,150.9698944091797,108.54116821289062
2016-08-16,108.27666799606001,108.40290489326918,107.7296377846723,107.7536849975586,1630866.0,0.0,0.0,149.8745880126953,107.7536849975586
2016-08-17,108.07426116720329,108.93319023244568,107.8625480128236,108.80011749267578,1624766.0,0.928094,0.0,150.39297485351562,108.80011749267578
2016-08-18,108.69732165176606,108.69732165176606,108.01984819816211,108.38278198242188,1301128.0,0.0,0.0,149.81605529785156,108.38278198242188
2016-08-19,108.06819419149022,108.7456563046241,107.71735909218238,108.64282989501953,1561139.0,0.0,0.0,150.1755828857422,108.64282989501953
2016-08-22,108.38275740805817,108.63075511316319,107.89280022203988,108.31621551513672,1598334.0,0.0,0.0,149.7240753173828,108.31621551513672
2016-08-23,108.64285107662374,109.20538836648684,108.44324748016957,108.73963928222656,1430177.0,0.0,0.0,150.3093719482422,108.73963928222656
2016-08-24,108.52185821533203,108.85454553733736,108.2799098204912,108.52185821533203,1359972.0,0.0,0.0,150.00836181640625,108.52185821533203
2016-08-25,108.32828782810196,109.07229180218582,108.30409078198566,108.62467956542969,1004999.0,0.0,0.0,150.15049743652344,108.62467956542969
2016-08-26,108.99366752019067,109.63484511695746,108.2254664641925,108.52185821533203,1584341.0,0.0,0.0,150.00836181640625,108.52185821533203
2016-08-29,108.79407499266199,109.30217997147682,108.44325085284332,109.18120574951172,1257953.0,0.0,0.0,150.91973876953125,109.18120574951172
2016-08-30,109.3142529982406,109.4957087694602,108.6307305895585,108.96946716308594,1243601.0,0.0,0.0,150.62709045410156,108.96946716308594
2016-08-31,108.57024973873399,108.73961802663128,108.01980004336815,108.41902923583984,1956656.0,0.0,0.0,149.86622619628906,108.41902923583984
2016-09-01,108.46140534769177,108.98160893768971,108.15291495987039,108.86668395996094,1309979.0,0.0,0.0,150.48495483398438,108.86668395996094
2016-09-02,109.19936790142033,109.78006417177455,108.93322234342698,109.36873626708984,1577524.0,0.0,0.0,151.17892456054688,109.36873626708984
2016-09-06,109.21748689976373,109.65300070860417,108.80617014232567,109.1570053100586,1588408.0,0.0,0.0,150.88629150390625,109.1570053100586
2016-09-07,108.90296088822612,109.20540199086561,108.60051978558664,108.72755432128906,1355307.0,0.0,0.0,150.2926483154297,108.72755432128906
2016-09-08,108.3888083456974,109.0057890252972,108.23758780734062,108.93924713134766,1703104.0,0.0,0.0,150.5852813720703,108.93924713134766
2016-09-09,108.20732171751001,108.27386359929933,106.241455078125,106.241455078125,2491627.0,0.0,0.0,146.85618591308594,106.241455078125
2016-09-12,105.85435647558697,107.91095141481408,105.66684035569469,107.72948455810547,2288307.0,0.0,0.0,148.9130401611328,107.72948455810547
2016-09-13,106.96127487510445,107.42703498703561,106.42898391221202,106.5015640258789,2230062.0,0.0,0.0,147.21571350097656,106.5015640258789
2016-09-14,106.43503401199554,107.27581530188603,105.97532315915453,106.2293701171875,2230301.0,0.0,0.0,146.83946228027344,106.2293701171875
2016-09-15,106.17491168584398,107.06408685913736,106.07207424432441,106.81607818603516,1989905.0,0.0,0.0,147.65049743652344,106.81607818603516
2016-09-16,106.38660839424084,106.42895322096908,105.48533474380966,105.8906021118164,4017125.0,0.0,0.0,146.37123107910156,105.8906021118164
2016-09-19,106.48947394662144,107.6387566802403,106.48947394662144,106.8947525024414,2098860.0,0.0,0.0,147.7592010498047,106.8947525024414
2016-09-20,107.49361252950776,107.97147132534295,107.26375150925605,107.42707061767578,1911926.0,0.0,0.0,148.49497985839844,107.42707061767578
2016-09-21,107.59642855783241,108.7577989594912,107.36657859867208,108.63077545166016,2104960.0,0.0,0.0,150.1588592529297,108.63077545166016
2016-09-22,108.77592637635914,109.88286423234459,108.6670506812986,108.78802490234375,2211404.0,0.0,0.0,150.37625122070312,108.78802490234375
2016-09-23,108.5158550285692,108.69732192114881,107.17906694994527,107.30004119873047,2285556.0,0.0,0.0,148.31939697265625,107.30004119873047
2016-09-26,106.97337509261794,107.00967066942579,106.3382466536835,106.42898559570312,2177916.0,0.0,0.0,147.11538696289062,106.42898559570312
2016-09-27,106.223335223917,107.08227545706184,106.20518743320245,106.64070129394531,2910586.0,0.0,0.0,147.40802001953125,106.64070129394531
2016-09-28,106.9310590360184,107.65691549862082,106.87661566177225,107.42100524902344,2026024.0,0.0,0.0,148.4866180419922,107.42100524902344
2016-09-29,107.3544539982613,107.4451818993055,105.77570683296901,106.0781478881836,2216906.0,0.0,0.0,146.63043212890625,106.0781478881836
2016-09-30,106.81006792770603,107.15485386816661,106.51367609504399,106.5983657836914,2893602.0,0.0,0.0,147.34950256347656,106.5983657836914
2016-10-03,106.05399583870141,106.42902820492655,105.49145832816886,105.87857818603516,2135578.0,0.0,0.0,146.35450744628906,105.87857818603516
2016-10-04,105.60633325069121,105.83619418136712,103.55578785567148,103.84613037109375,3787612.0,0.0,0.0,143.54515075683594,103.84613037109375
2016-10-05,103.83404117289707,104.37843067851163,103.64047579896263,104.27560424804688,2757378.0,0.0,0.0,144.1387939453125,104.27560424804688
2016-10-06,103.99737042225256,104.23326962078593,103.19287357199926,103.82195281982422,2718986.0,0.0,0.0,143.51170349121094,103.82195281982422
2016-10-07,103.97919288618927,104.00338993322995,102.85411850918764,103.63440704345703,2689924.0,0.0,0.0,143.25250244140625,103.63440704345703
2016-10-10,103.94291601541178,104.4933658182194,103.39852651425345,103.51950073242188,2316174.0,0.0,0.0,143.09364318847656,103.51950073242188
2016-10-11,102.97511972649795,103.11424174468905,102.03755014044366,102.63638305664062,2390445.0,0.0,0.0,141.87290954589844,102.63638305664062
2016-10-12,102.58798470952951,102.93881989158058,102.15852014601252,102.66057586669922,1858704.0,0.0,0.0,141.90635681152344,102.66057586669922
2016-10-13,102.14642750394374,103.01746624614997,101.8984297802639,102.84204864501953,2295961.0,0.0,0.0,142.15719604492188,102.84204864501953
2016-10-14,103.42875495825467,103.67070335278811,103.01137797142609,103.02952575683594,1808830.0,0.0,0.0,142.4163818359375,103.02952575683594
2016-10-17,103.15657721898556,103.48925355647852,102.79364352870142,102.95696258544922,1470123.0,0.0,0.0,142.31605529785156,102.95696258544922
2016-10-18,103.8461354131412,103.98525741525249,102.73314835745032,102.79969024658203,1417978.0,0.0,0.0,142.09866333007812,102.79969024658203
2016-10-19,103.31387939546968,103.3985580623838,102.62430737555162,102.77552795410156,1392383.0,0.0,0.0,142.06521606445312,102.77552795410156
2016-10-20,102.569875007411,103.0356353224632,102.21905073388996,102.74529266357422,1447758.0,0.0,0.0,142.02340698242188,102.74529266357422
2016-10-21,101.68671158377235,102.56378850736952,101.45081239861777,102.52750396728516,2407787.0,0.0,0.0,141.722412109375,102.52750396728516
2016-10-24,104.4328765987814,104.91073526300642,103.37433283735173,103.59814453125,3191526.0,0.0,0.0,143.2023468017578,103.59814453125
2016-10-25,102.5093787335162,102.76342576401295,99.87208708047864,100.549560546875,4576135.0,0.0,0.0,138.98829650878906,100.549560546875
2016-10-26,100.22288855487292,101.49314535672737,100.05352024537233,100.7188949584961,2601180.0,0.0,0.0,139.222412109375,100.7188949584961
2016-10-27,100.93664117395888,100.9850352710019,99.97488576682521,100.26522827148438,1777734.0,0.0,0.0,138.59532165527344,100.26522827148438
2016-10-28,100.74311837628089,101.12418889329678,99.89022734310693,100.27130889892578,2313423.0,0.0,0.0,138.6036834716797,100.27130889892578
2016-10-31,100.68868188045755,100.7370759959454,99.91443122667057,99.98702239990234,2737764.0,0.0,0.0,138.21070861816406,99.98702239990234
2016-11-01,100.04747770906695,100.29548644695207,99.10990820074214,99.35186767578125,2936898.0,0.0,0.0,137.33277893066406,99.35186767578125
2016-11-02,99.62404811346939,100.63419759201928,99.14618953369093,100.24707794189453,2671146.0,0.0,0.0,138.5702362060547,100.24707794189453
2016-11-03,100.49509428954183,101.40241752197427,99.96280329180608,100.91246032714844,2995980.0,0.0,0.0,139.48995971679688,100.91246032714844
2016-11-04,101.14234597367147,101.52946579026073,100.66448718841005,100.7007827758789,2305290.0,0.0,0.0,139.19732666015625,100.7007827758789
2016-11-07,101.71088679708795,102.76338108717415,101.60806038445851,102.67265319824219,2309356.0,0.0,0.0,141.92308044433594,102.67265319824219
2016-11-08,102.76944226971933,104.06993436885553,102.69686215791467,103.45296478271484,2339017.0,0.0,0.0,143.00167846679688,103.45296478271484
2016-11-09,100.31363313501572,103.43483229675955,100.31363313501572,103.06584930419922,4376523.0,0.0,0.0,142.466552734375,103.06584930419922
2016-11-10,102.92669644093792,105.65471473886731,102.70289583812878,105.41881561279297,3922880.0,0.0,0.0,145.7190704345703,105.41881561279297
2016-11-11,105.27971052029548,105.93298679470138,105.0861561743098,105.90274047851562,2234367.0,0.0,0.0,146.38795471191406,105.90274047851562
2016-11-14,105.99346317360455,106.16283147947155,103.97920232892902,104.59013366699219,3117972.0,0.0,0.0,144.57357788085938,104.59013366699219
2016-11-15,104.74135425745295,105.40067969444256,103.98525166224461,105.3946304321289,2603812.0,0.0,0.0,145.6856231689453,105.3946304321289
2016-11-16,105.39461993968519,105.45550040008659,104.44495141486153,104.71281433105469,2419030.0,0.928094,0.0,143.82107543945312,104.71281433105469
2016-11-17,104.712840675671,105.46770302669837,104.712840675671,105.17549896240234,2133305.0,0.0,0.0,144.45652770996094,105.17549896240234
2016-11-18,105.01722066236616,105.4859669958983,104.8832947255821,105.2911605834961,2046476.0,0.0,0.0,144.61538696289062,105.2911605834961
2016-11-21,104.35363980445442,104.69454815692652,103.92750991865073,104.41452026367188,2384704.0,0.0,0.0,143.411376953125,104.41452026367188
2016-11-22,104.50586786396447,104.7554556184147,104.2684562057876,104.65196990966797,1857747.0,0.0,0.0,143.73745727539062,104.65196990966797
2016-11-23,104.75545094020464,105.1633279279935,104.5606556276838,104.85894775390625,1767568.0,0.0,0.0,144.02174377441406,104.85894775390625
2016-11-25,104.83456282516168,105.91815723968129,104.83456282516168,105.61377716064453,1131177.0,0.0,0.0,145.05853271484375,105.61377716064453
2016-11-28,105.65639341958064,105.78424239818442,104.87719011220216,105.01111602783203,2006529.0,0.0,0.0,144.23077392578125,105.01111602783203
2016-11-29,105.03548497782616,105.49204410740982,104.79806223210073,105.17549896240234,1773907.0,0.0,0.0,144.45652770996094,105.17549896240234
2016-11-30,104.82848984950189,105.43116204825283,104.45714121147931,104.5484619140625,3104577.0,0.0,0.0,143.59532165527344,104.5484619140625
2016-12-01,104.48758352655149,105.15722425386603,104.37192174388389,105.09025573730469,2101252.0,0.0,0.0,144.33946228027344,105.09025573730469
2016-12-02,105.02941686422616,105.73557496870362,104.85287456071231,104.96853637695312,2238314.0,0.0,0.0,144.1722412109375,104.96853637695312
2016-12-05,105.0902511096297,105.28505749420054,104.15275857650195,104.47540283203125,2608835.0,0.0,0.0,143.49497985839844,104.47540283203125
2016-12-06,104.59718696045574,104.7250359829184,104.23802541655627,104.58502197265625,1755130.0,0.0,0.0,143.64549255371094,104.58502197265625
2016-12-07,104.93806413534959,107.1782987402303,104.68847643279094,107.17221069335938,3784503.0,0.0,0.0,147.19898986816406,107.17221069335938
2016-12-08,107.19049069058079,107.35485687083568,106.39302308996866,107.06874084472656,2141677.0,0.0,0.0,147.05685424804688,107.06874084472656
2016-12-09,106.7521974241829,108.88894691501389,106.71566913315867,108.65762329101562,3169878.0,0.0,0.0,149.2391357421875,108.65762329101562
2016-12-12,108.51149414230956,109.46115170477677,108.09752916655293,109.357666015625,2746136.0,0.0,0.0,150.20066833496094,109.357666015625
2016-12-13,109.31506043946715,109.61335255187078,107.61054043120404,108.86457824707031,3239486.0,0.0,0.0,149.52340698242188,108.86457824707031
2016-12-14,109.06546325207522,109.2054772247641,107.39137251728872,107.50703430175781,2672103.0,0.0,0.0,147.6588592529297,107.50703430175781
2016-12-15,107.90882347055447,108.10361875767259,106.56345394449052,107.15396118164062,2458498.0,0.0,0.0,147.17391967773438,107.15396118164062
2016-12-16,107.48268747027727,108.66369089077172,107.47659942291891,108.02449035644531,4652081.0,0.0,0.0,148.36956787109375,108.02449035644531
2016-12-19,108.12188281654188,108.76717136726347,107.94534056119588,108.45670318603516,1652872.0,0.0,0.0,148.9632110595703,108.45670318603516
2016-12-20,108.56629413281425,109.16896644960352,108.39583989751529,108.75501251220703,1648327.0,0.0,0.0,149.37290954589844,108.75501251220703
2016-12-21,108.72454891714727,109.29070393371099,108.61497518569837,108.62106323242188,1860856.0,0.0,0.0,149.18896484375,108.62106323242188
2016-12-22,108.9011177357014,109.24811426446419,108.34714978698437,109.08983612060547,1465818.0,0.0,0.0,149.83277893066406,109.08983612060547
2016-12-23,109.02288943016552,109.14463930915922,108.68198088131976,108.81591796875,874396.0,0.0,0.0,149.45652770996094,108.81591796875
2016-12-27,108.76110966489655,109.08984206695092,108.70631722802828,108.91938781738281,778596.0,0.0,0.0,149.59866333007812,108.91938781738281
2016-12-28,108.89499223304563,109.24198864245895,108.3714647054413,108.4079818725586,1540328.0,0.0,0.0,148.8963165283203,108.4079818725586
2016-12-29,108.53584540687564,109.05329612034735,108.37756728001408,108.60890197753906,1317992.0,0.0,0.0,149.1722412109375,108.60890197753906
2016-12-30,108.96808140926503,109.2602854911226,108.53585222483987,108.70630645751953,1906663.0,0.0,0.0,149.30601501464844,108.70630645751953
2017-01-03,108.8645590303557,109.57681603350822,107.88446130956832,108.38972473144531,3001123.0,0.0,0.0,148.87123107910156,108.38972473144531
2017-01-04,108.3775653995514,108.9071921989441,108.12188962581735,108.55410766601562,1844232.0,0.0,0.0,149.09698486328125,108.55410766601562
2017-01-05,108.51759016496452,109.05329390062226,107.68358321474545,108.18276977539062,1731569.0,0.0,0.0,148.5869598388672,108.18276977539062
2017-01-06,107.92705511317295,108.7245335735384,107.02000293682207,108.49929809570312,1943500.0,0.0,0.0,149.02174377441406,108.49929809570312
2017-01-09,108.58451594913497,108.59060399479304,107.87227015500291,107.91488647460938,1940630.0,0.0,0.0,148.2190704345703,107.91488647460938
2017-01-10,107.96971511708077,108.04885974533792,107.33051448100497,107.49488067626953,2428000.0,0.0,0.0,147.6421356201172,107.49488067626953
2017-01-11,107.5252971385102,108.6332439220455,107.37919512053877,108.2923355102539,1889202.0,0.0,0.0,148.73745727539062,108.2923355102539
2017-01-12,107.732263265914,108.17665729932305,106.98957719488006,108.01837921142578,1580873.0,0.0,0.0,148.3612060546875,108.01837921142578
2017-01-13,108.1036607921474,108.30455531402615,107.64709041302606,107.98799896240234,1513538.0,0.0,0.0,148.31939697265625,107.98799896240234
2017-01-17,107.75055061336147,108.16450450565269,107.29398038949489,107.90882873535156,1862770.0,0.0,0.0,148.21070861816406,107.90882873535156
2017-01-18,108.29845064843258,109.23594346058886,107.9818943453778,108.65762329101562,2158302.0,0.0,0.0,149.2391357421875,108.65762329101562
2017-01-19,109.12027380334234,109.45508311826042,108.21322129891917,108.77327728271484,1751422.0,0.0,0.0,149.3979949951172,108.77327728271484
2017-01-20,109.08984140606954,109.24811955759692,108.25583430890433,108.65762329101562,2107232.0,0.0,0.0,149.2391357421875,108.65762329101562
2017-01-23,108.3045315084493,108.96199626493716,107.82969708538327,108.66979217529297,2376213.0,0.0,0.0,149.255859375,108.66979217529297
2017-01-24,108.0549321284657,108.21321025245649,106.17994683035552,107.12352752685547,4153947.0,0.0,0.0,147.13211059570312,107.12352752685547
2017-01-25,107.805352055814,108.74284486803528,107.48879575273726,107.5862045288086,4141270.0,0.0,0.0,147.76756286621094,107.5862045288086
2017-01-26,107.33048490397378,107.89055186703216,107.16611875400356,107.64095306396484,2674136.0,0.0,0.0,147.84280395507812,107.64095306396484
2017-01-27,108.04271697998047,108.3470970230498,107.64701625824738,108.04271697998047,1941945.0,0.0,0.0,148.3946533203125,108.04271697998047
2017-01-30,107.90273880026601,108.19494284966258,106.45388353823066,106.78870391845703,2180428.0,0.0,0.0,146.6722412109375,106.78870391845703
2017-01-31,106.37474575931948,106.8130518158034,105.80859071548309,106.4234390258789,2207218.0,0.0,0.0,146.17056274414062,106.4234390258789
2017-02-01,106.63651275634766,107.02002640116925,106.10688597874622,106.63651275634766,2718388.0,0.0,0.0,146.4632110595703,106.63651275634766
2017-02-02,106.00339612994374,106.3990969632249,105.65032273496062,106.0338363647461,3715733.0,0.0,0.0,145.6354522705078,106.0338363647461
2017-02-03,105.93647050667032,106.7156740939437,105.83297367729054,106.5573959350586,3373318.0,0.0,0.0,146.35450744628906,106.5573959350586
2017-02-06,105.99731077949212,107.26353570288424,105.86338485252949,106.5938949584961,1940869.0,0.0,0.0,146.40467834472656,106.5938949584961
2017-02-07,107.19049233400723,107.38529875610647,106.62434832088049,106.99569702148438,1491890.0,0.0,0.0,146.95652770996094,106.99569702148438
2017-02-08,106.91044411024713,108.11578848267365,106.83131061256248,107.79314422607422,2566257.0,0.0,0.0,148.0518341064453,107.79314422607422
2017-02-09,107.67139350551776,108.69410757764221,107.67139350551776,108.4688720703125,2403601.0,0.0,0.0,148.9799346923828,108.4688720703125
2017-02-10,108.54192228861149,109.32113674765019,108.47496488196717,108.96806335449219,1665310.0,0.0,0.0,149.66555786132812,108.96806335449219
2017-02-13,109.49161113895468,110.41692778531448,109.12636158459797,110.19776916503906,2308041.0,0.0,0.0,151.35450744628906,110.19776916503906
2017-02-14,110.10036010472739,110.79435307242154,109.97252221846152,110.55084228515625,2434936.0,0.0,0.0,151.83946228027344,110.55084228515625
2017-02-15,110.47424798448169,111.41171825210102,110.38234373903735,111.33206939697266,2108428.0,0.982441,0.0,151.92308044433594,111.33206939697266
2017-02-16,111.36269514148128,112.41045262023648,111.2830351135344,112.37981414794922,2588144.0,0.0,0.0,153.35284423828125,112.37981414794922
2017-02-17,112.39209134113152,112.4962509851912,111.84063227874924,112.09798431396484,2345954.0,0.0,0.0,152.96823120117188,112.09798431396484
2017-02-21,111.99993220696392,112.50849735906165,111.54038861610707,112.35531616210938,2076615.0,0.0,0.0,153.31939697265625,112.35531616210938
2017-02-22,112.37368367702118,114.04029352710468,112.17760864115138,113.99127197265625,3409676.0,0.0,0.0,155.5518341064453,113.99127197265625
2017-02-23,113.9116035075215,114.86132886982774,113.78906082443211,114.69589233398438,2872314.0,0.0,0.0,156.5133819580078,114.69589233398438
2017-02-24,114.46922257694297,115.4434590842742,114.15060477008971,114.83073425292969,2543055.0,0.0,0.0,156.69732666015625,114.83073425292969
2017-02-27,114.885845808553,114.91648427943223,114.19959997047683,114.52434539794922,1666985.0,0.0,0.0,156.27926635742188,114.52434539794922
2017-02-28,114.41405456850893,114.88584227785515,114.15670260295614,114.18121337890625,2310792.0,0.0,0.0,155.81103515625,114.18121337890625
2017-03-01,115.24125762562814,116.74855893881282,115.19836375600562,116.3319091796875,2662535.0,0.0,0.0,158.74581909179688,116.3319091796875
2017-03-02,116.08679701399194,116.47893590027316,115.82331734313037,116.35026550292969,2109744.0,0.0,0.0,158.77090454101562,116.35026550292969
2017-03-03,116.35030283998577,116.56474984373344,115.52311976029897,115.99491882324219,1946370.0,0.0,0.0,158.28594970703125,115.99491882324219
2017-03-06,115.7620583157553,115.95200566665514,115.3576528355267,115.7436752319336,1995765.0,0.0,0.0,157.94314575195312,115.7436752319336
2017-03-07,115.36988734082817,115.96422888244622,115.34538774875854,115.86006927490234,1988111.0,0.0,0.0,158.1020050048828,115.86006927490234
2017-03-08,116.24609031447518,116.54632492870932,115.78654685297869,116.1174087524414,1870185.0,0.0,0.0,158.4531707763672,116.1174087524414
2017-03-09,115.95815216509838,116.65666480325461,115.90914177749131,116.35643005371094,1861813.0,0.0,0.0,158.77926635742188,116.35643005371094
2017-03-10,116.80980903809649,117.17744832933641,116.43604205260512,117.15906524658203,3007940.0,0.0,0.0,159.8745880126953,117.15906524658203
2017-03-13,117.50221839145969,117.61864461772204,116.69955729142475,117.34903717041016,2359349.0,0.0,0.0,160.13377380371094,117.34903717041016
2017-03-14,116.98751237389106,117.30000244727725,115.87235018507226,116.619873046875,2264746.0,0.0,0.0,159.1387939453125,116.619873046875
2017-03-15,116.52798910471057,117.5573637449729,116.24613745646599,117.15296936035156,2448212.0,0.0,0.0,159.86622619628906,117.15296936035156
2017-03-16,117.06716381724125,117.42254776243117,116.19709822114199,116.60762023925781,2316772.0,0.0,0.0,159.1220703125,116.60762023925781
2017-03-17,116.92007271669252,117.8636703491211,116.63209350893808,117.8636703491211,5056808.0,0.0,0.0,160.83612060546875,117.8636703491211
2017-03-20,117.96174345078425,118.56221284804388,117.81468994904569,118.26197814941406,2494378.0,0.0,0.0,161.3795928955078,118.26197814941406
2017-03-21,118.55606235046127,118.55606235046127,117.34286839897582,117.72276306152344,2266540.0,0.0,0.0,160.64381408691406,117.72276306152344
2017-03-22,117.82695685625434,118.18234084599489,116.69955029336963,117.77794647216797,1946251.0,0.0,0.0,160.7190704345703,117.77794647216797
2017-03-23,117.71663407751814,118.2374545138392,117.17130286556927,117.72888946533203,1772472.0,0.0,0.0,160.6521759033203,117.72888946533203
2017-03-24,117.71659367946968,118.02295590583317,116.96907118897309,117.34282684326172,1716738.0,0.0,0.0,160.1254119873047,117.34282684326172
2017-03-27,116.84657364562065,117.03038210686596,115.9029758350204,116.68113708496094,2373582.0,0.0,0.0,159.222412109375,116.68113708496094
2017-03-28,116.3809094575799,117.33063501966178,116.17257902516005,117.02426147460938,2786919.0,0.0,0.0,159.6906280517578,117.02426147460938
2017-03-29,116.77915556839022,117.20193287167035,116.57695286598566,116.83430480957031,2023871.0,0.0,0.0,159.4314422607422,116.83430480957031
2017-03-30,116.87106933358871,117.33062401711092,116.4789304656039,117.20194244384766,2195138.0,0.0,0.0,159.93310546875,117.20194244384766
2017-03-31,117.21421426660194,117.88821596955272,117.02426690897994,117.23259735107422,2069080.0,0.0,0.0,159.97491455078125,117.23259735107422
2017-04-03,117.56347760948888,117.74729728339096,116.3870495875964,116.85884857177734,1849853.0,0.0,0.0,159.4648895263672,116.85884857177734
2017-04-04,116.76691815841563,117.0181424472133,116.28286384596798,116.53408813476562,1614480.0,0.0,0.0,159.02174377441406,116.53408813476562
2017-04-05,116.84660586960945,117.90049128398243,116.44220030672588,116.56474304199219,1732645.0,0.0,0.0,159.06353759765625,116.56474304199219
2017-04-06,116.66888324012486,117.04263904365361,116.11129660907142,116.35026550292969,1946370.0,0.0,0.0,158.77090454101562,116.35026550292969
2017-04-07,116.43607847266085,116.76082400571775,116.12358833194024,116.41156768798828,1226139.0,0.0,0.0,158.85450744628906,116.41156768798828
2017-04-10,116.51569884540461,116.73627346849015,115.99487839425105,116.23997497558594,2012509.0,0.0,0.0,158.6204071044922,116.23997497558594
2017-04-11,115.8845974825026,116.47281141911317,115.7988209425486,116.46055603027344,1745682.0,0.0,0.0,158.92140197753906,116.46055603027344
2017-04-12,116.60761202305204,116.71789934305815,116.05003654654546,116.23385620117188,1693656.0,0.0,0.0,158.61204528808594,116.23385620117188
2017-04-13,115.95814333444865,116.3319104098302,115.57213204954328,115.59051513671875,1524182.0,0.0,0.0,157.73411560058594,115.59051513671875
2017-04-17,115.99491939759545,116.63828277587889,115.98266400510035,116.6382827758789,1846146.0,0.0,0.0,159.16387939453125,116.6382827758789
2017-04-18,116.27061981660603,116.93236614960873,116.11743862336839,116.55248260498047,1407572.0,0.0,0.0,159.0468292236328,116.55248260498047
2017-04-19,116.90787173941449,117.11007452101737,116.12358257838791,116.31352996826172,1603118.0,0.0,0.0,158.72073364257812,116.31352996826172
2017-04-20,116.4299283559848,117.71052715310748,116.35640719805212,117.1284408569336,2090847.0,0.0,0.0,159.83277893066406,117.1284408569336
2017-04-21,117.12233735775622,117.41031671784154,116.77920873138449,117.33678436279297,3090703.0,0.0,0.0,160.11705017089844,117.33678436279297
2017-04-24,118.25586723077404,119.14432724432606,118.21298454054721,119.00952911376953,3240682.0,0.0,0.0,162.39967346191406,119.00952911376953
2017-04-25,118.8624387648157,119.85505821465793,117.86370280219819,119.56095123291016,5001911.0,0.0,0.0,163.1521759033203,119.56095123291016
2017-04-26,119.910193681657,120.6454610514975,119.47514977182483,119.48127746582031,3158875.0,0.0,0.0,163.04347229003906,119.48127746582031
2017-04-27,119.74480343999818,120.42492182693218,119.54872833822932,120.16145324707031,2117159.0,0.0,0.0,163.97157287597656,120.16145324707031
2017-04-28,120.18592794817317,120.78026958947378,119.81216094595098,119.98985290527344,2950652.0,0.0,0.0,163.73745727539062,119.98985290527344
2017-05-01,119.78764552417707,119.92857131088192,119.15653774018739,119.3648681640625,1792206.0,0.0,0.0,162.88461303710938,119.3648681640625
2017-05-02,119.57936542390041,120.41879272460938,119.22398140270509,120.41879272460938,2950771.0,0.0,0.0,164.32273864746094,120.41879272460938
2017-05-03,120.46169591569651,121.23985749557968,119.91637563106569,121.09280395507812,2798042.0,0.0,0.0,165.2424774169922,121.09280395507812
2017-05-04,121.50332506597388,122.26310354913277,121.17245180715935,122.24472045898438,2775677.0,0.0,0.0,166.8143768310547,122.24472045898438
2017-05-05,122.3427360917125,122.4836619025612,121.91994747724061,122.17729949951172,2019566.0,0.0,0.0,166.722412109375,122.17729949951172
2017-05-08,121.83417321039182,122.02412058750865,121.50330001978213,121.71775817871094,1884776.0,0.0,0.0,166.09532165527344,121.71775817871094
2017-05-09,122.1527701473284,122.1527701473284,121.03148034442022,121.29496002197266,2090369.0,0.0,0.0,165.51840209960938,121.29496002197266
2017-05-10,120.93345608196617,121.06825418552857,120.41876326497125,120.48616790771484,2688249.0,0.0,0.0,164.4147186279297,120.48616790771484
2017-05-11,120.11851797397908,120.66997691103369,119.64059136796794,120.55355072021484,2039180.0,0.0,0.0,164.50668334960938,120.55355072021484
2017-05-12,120.0327762515516,120.78029925769164,120.0082654674278,120.44329833984375,1582428.0,0.0,0.0,164.35618591308594,120.44329833984375
2017-05-15,120.50458979307191,121.16019743759678,120.23498231721206,121.09280395507812,1763502.0,0.0,0.0,165.2424774169922,121.09280395507812
2017-05-16,121.00087876262678,121.28274160933167,120.62099513938304,121.26435852050781,1415586.0,0.0,0.0,165.47659301757812,121.26435852050781
2017-05-17,121.26740858701858,121.26740858701858,120.0223226949963,120.09628295898438,2250633.0,0.982441,0.0,162.90969848632812,120.09628295898438
2017-05-18,119.88671054842484,120.70034096011396,119.2949834303635,120.34283447265625,2307084.0,0.0,0.0,163.244140625,120.34283447265625
2017-05-19,120.9962109599497,120.9962109599497,119.8559067130259,120.68801879882812,2266061.0,0.0,0.0,163.71237182617188,120.68801879882812
2017-05-22,121.02703520856159,122.45705001868477,121.02703520856159,122.3584213256836,2195736.0,0.0,0.0,165.97825622558594,122.3584213256836
2017-05-23,122.49403177276398,122.64196357230233,121.74820848139517,121.87764739990234,1810983.0,0.0,0.0,165.32608032226562,121.87764739990234
2017-05-24,122.34604412567924,122.37070128913217,121.60022117475775,121.72966003417969,1442854.0,0.0,0.0,165.1254119873047,121.72966003417969
2017-05-25,122.29677730231707,123.03643618164696,121.88995648215366,122.9932861328125,1803568.0,0.0,0.0,166.83946228027344,122.9932861328125
2017-05-26,122.74671966156521,123.70211740200695,122.64192670056072,123.68978881835938,1687078.0,0.0,0.0,167.78428649902344,123.68978881835938
2017-05-30,123.46787294291238,125.14443641185353,123.25213399983598,124.78077697753906,2596636.0,0.0,0.0,169.26422119140625,124.78077697753906
2017-05-31,124.95958834023563,126.03209686279297,124.67605328522927,126.03209686279297,3703773.0,0.0,0.0,170.96153259277344,126.03209686279297
2017-06-01,125.89645643726422,126.29711297165126,125.54512549396279,125.95809936523438,2813829.0,0.0,0.0,170.8612060546875,125.95809936523438
2017-06-02,126.39574320147896,127.83192233016835,126.22931852782351,127.40660858154297,2190952.0,0.0,0.0,172.82608032226562,127.40660858154297
2017-06-05,127.4497389913108,127.7949168722604,127.11072540283203,127.11072540283203,1498708.0,0.0,0.0,172.42474365234375,127.11072540283203
2017-06-06,126.98131221928672,127.38196881359403,126.61148834228517,126.61148834228516,1744725.0,0.0,0.0,171.74749755859375,126.61148834228516
2017-06-07,126.80868632466769,126.89498641160705,125.80398548197184,126.3648910522461,2255178.0,0.0,0.0,171.4130401611328,126.3648910522461
2017-06-08,126.36487626452193,126.99358897238834,125.7978064686842,126.9381103515625,2931755.0,0.0,0.0,172.1906280517578,126.9381103515625
2017-06-09,126.9751173004687,127.57300865215376,126.75322527752807,127.5483627319336,2264148.0,0.0,0.0,173.01840209960938,127.5483627319336
2017-06-12,127.54833614655094,128.46674800546302,126.6668987846166,127.83187103271484,2856287.0,0.0,0.0,173.40301513671875,127.83187103271484
2017-06-13,127.94905082626059,129.23729834449904,127.9367222376679,128.89212036132812,2019805.0,0.0,0.0,174.8411407470703,128.89212036132812
2017-06-14,129.30505564243308,129.92760418523633,129.15095957984522,129.4468231201172,1896019.0,0.0,0.0,175.59364318847656,129.4468231201172
2017-06-15,129.13247960798276,130.25430220537567,129.0954938495752,130.23580932617188,1906544.0,0.0,0.0,176.66387939453125,130.23580932617188
2017-06-16,130.50701861777745,131.57336260120553,130.3282653635536,131.43775939941406,4091038.0,0.0,0.0,178.2943115234375,131.43775939941406
2017-06-19,131.9062150370257,131.9062150370257,131.10491314514294,131.51173400878906,1994450.0,0.0,0.0,178.3946533203125,131.51173400878906
2017-06-20,131.5672014002241,132.2575572605263,131.32065216366502,131.51173400878906,1831315.0,0.0,0.0,178.3946533203125,131.51173400878906
2017-06-21,131.91853874585627,131.91853874585627,130.72892016307415,131.2035369873047,2168228.0,0.0,0.0,177.97659301757812,131.2035369873047
2017-06-22,131.12340798176618,131.36380417727338,130.72892694764326,130.80905151367188,1674878.0,0.0,0.0,177.44146728515625,130.80905151367188
2017-06-23,130.67339696840915,131.39456277418165,130.49464377754438,131.2281494140625,1895540.0,0.0,0.0,178.01004028320312,131.2281494140625
2017-06-26,131.16035395856804,131.57949203932301,130.86449046054014,131.04940795898438,1617112.0,0.0,0.0,177.76756286621094,131.04940795898438
2017-06-27,130.67342537643245,130.98161749700452,129.05850451396333,129.3050537109375,2679279.0,0.0,0.0,175.40133666992188,129.3050537109375
2017-06-28,129.92146290697443,130.168012151305,129.49616039858432,129.82284545898438,1845308.0,0.0,0.0,176.1036834716797,129.82284545898438
2017-06-29,130.0878600221352,130.0878600221352,127.64081598307466,128.1154327392578,2164640.0,0.0,0.0,173.78762817382812,128.1154327392578
2017-06-30,129.38524926666685,129.38524926666685,128.11549444379853,128.32505798339844,2116920.0,0.0,0.0,174.0718994140625,128.32505798339844
2017-07-03,128.91057403389547,129.65023288091612,128.67017787817076,129.33587646484375,1244079.0,0.0,0.0,175.44314575195312,129.33587646484375
2017-07-05,129.44065637670988,129.5885881440448,129.07699687506212,129.292724609375,1274099.0,0.0,0.0,175.38461303710938,129.292724609375
2017-07-06,128.85510728565623,129.26808116984793,128.1401055423806,128.22023010253906,1423120.0,0.0,0.0,173.9297637939453,128.22023010253906
2017-07-07,128.51609481661404,129.53313567676818,128.23872412701198,129.18795776367188,1831076.0,0.0,0.0,175.2424774169922,129.18795776367188
2017-07-10,129.19411398814023,130.51317137898698,128.81811463330158,129.74269104003906,1564846.0,0.0,0.0,175.99497985839844,129.74269104003906
2017-07-11,129.69339785783458,130.18033202034238,128.2079044516569,129.23110961914062,1516648.0,0.0,0.0,175.30101013183594,129.23110961914062
2017-07-12,130.00154325236957,131.15417566355507,129.60705113131448,130.24192810058594,1731688.0,0.0,0.0,176.6722412109375,130.24192810058594
2017-07-13,130.18032954377696,130.6734392387449,129.5516166512171,130.11253356933594,1362005.0,0.0,0.0,176.4966583251953,130.11253356933594
2017-07-14,130.37759640374583,130.82139182517497,129.82901923313128,130.5316925048828,1270152.0,0.0,0.0,177.06521606445312,130.5316925048828
2017-07-17,130.79668644361723,130.79668644361723,129.80431421731583,130.47616577148438,1568315.0,0.0,0.0,176.98995971679688,130.47616577148438
2017-07-18,129.859825673634,130.37759260791614,129.6256050061065,130.24815368652344,1868870.0,0.0,0.0,176.68060302734375,130.24815368652344
2017-07-19,130.37139091220877,130.74122593755382,130.16181623135216,130.7350616455078,987059.0,0.0,0.0,177.3411407470703,130.7350616455078
2017-07-20,130.80291960991357,131.54259001120758,130.71046643410855,130.9508514404297,1611490.0,0.0,0.0,177.63377380371094,130.9508514404297
2017-07-21,130.457697995047,130.57480830149188,129.12013653901494,130.15567016601562,2686455.0,0.0,0.0,176.55519104003906,130.15567016601562
2017-07-24,130.18033276452158,130.4638790014579,129.440673828125,129.440673828125,2589579.0,0.0,0.0,175.5852813720703,129.440673828125
2017-07-25,124.91026182434584,126.05056612530109,121.53247647829915,122.90084838867188,7885228.0,0.0,0.0,166.71405029296875,122.90084838867188
2017-07-26,123.55419427749922,123.98567227717204,122.38306863221175,122.6789321899414,3494832.0,0.0,0.0,166.4130401611328,122.6789321899414
2017-07-27,122.7467344469855,123.62199649914734,121.84065093199209,123.3076400756836,2600702.0,0.0,0.0,167.26588439941406,123.3076400756836
2017-07-28,123.76378245509028,123.91787854354267,122.46938206131657,123.104248046875,1779648.0,0.0,0.0,166.98995971679688,123.104248046875
2017-07-31,123.276831417696,124.30003659773031,123.15972109548082,123.99800872802734,2192986.0,0.0,0.0,168.2023468017578,123.99800872802734
2017-08-01,124.68831975740805,125.31703250039034,124.36163480282256,125.23690795898438,2410060.0,0.0,0.0,169.88294982910156,125.23690795898438
2017-08-02,125.24310512637479,126.72859867423344,125.01504875619717,126.61148834228516,2427402.0,0.0,0.0,171.74749755859375,126.61148834228516
2017-08-03,126.91967081399906,127.9860148047557,126.432725393618,127.97368621826172,2456823.0,0.0,0.0,173.59532165527344,127.97368621826172
2017-08-04,128.17707089087767,128.58389170171412,127.04293105147673,127.9921646118164,1821149.0,0.0,0.0,173.6204071044922,127.9921646118164
2017-08-07,128.1462323030037,128.45442436481204,127.39424502203619,127.86268615722656,1402430.0,0.0,0.0,173.44480895996094,127.86268615722656
2017-08-08,127.48673380749345,128.1401038610071,126.78404941070792,127.24017333984375,2220135.0,0.0,0.0,172.60032653808594,127.24017333984375
2017-08-09,127.40041972313256,128.1524183806496,126.72240382111256,127.27098083496094,1940151.0,0.0,0.0,172.6421356201172,127.27098083496094
2017-08-10,126.7408942514261,127.69012774464021,126.46968789585299,127.11688232421875,1879514.0,0.0,0.0,172.43310546875,127.11688232421875
2017-08-11,127.49908177893758,127.49908177893758,126.74709417325374,126.96282196044922,1737549.0,0.0,0.0,172.2240753173828,126.96282196044922
2017-08-14,127.38197945124695,127.97987099706714,127.01830858888304,127.81961059570312,1512222.0,0.0,0.0,173.38629150390625,127.81961059570312
2017-08-15,127.59151160313067,128.10927844538767,127.28948375732476,127.70246887207031,1254006.0,0.0,0.0,173.22743225097656,127.70246887207031
2017-08-16,127.72095754376399,128.5962309145573,127.35729799942736,128.15859985351562,2038343.0,0.0,0.0,173.84616088867188,128.15859985351562
2017-08-17,128.0784761995752,128.28188664110965,126.53135098209104,126.57450103759766,1670214.0,0.0,0.0,171.69732666015625,126.57450103759766
2017-08-18,126.57449753689095,126.74708650543305,125.40337176664684,125.45267486572266,2198966.0,0.0,0.0,170.1755828857422,125.45267486572266
2017-08-21,125.61911730989027,126.2971446930205,125.13217180275105,126.08140563964844,1874850.0,0.0,0.0,171.02842712402344,126.08140563964844
2017-08-22,126.48203545286972,126.888856332143,126.13070446458396,126.64229583740234,2501075.0,0.0,0.0,171.78929138183594,126.64229583740234
2017-08-23,126.49658002448243,126.52757876148448,125.4241029180652,125.64108276367188,1515691.0,0.982441,0.0,169.45652770996094,125.64108276367188
2017-08-24,126.39742435783853,126.39742435783853,125.20095202910531,125.3001480102539,1472037.0,0.0,0.0,168.9966583251953,125.3001480102539
2017-08-25,126.11843458463231,126.1246456462542,125.25673746351687,125.30633544921875,1480768.0,0.0,0.0,169.00502014160156,125.30633544921875
2017-08-28,125.7092830308507,126.01304806135309,125.13275171038877,125.51090240478516,1404941.0,0.0,0.0,169.2809295654297,125.51090240478516
2017-08-29,125.34972229873554,125.89526620090437,124.8103894581849,125.79608154296875,1185595.0,0.0,0.0,169.66555786132812,125.79608154296875
2017-08-30,125.79608319247693,126.27342987060545,125.22574028999324,126.27342987060547,1430655.0,0.0,0.0,170.3093719482422,126.27342987060547
2017-08-31,126.66400146484375,126.84998263155495,125.85809061803603,126.66400146484375,1875208.0,0.0,0.0,170.83612060546875,126.66400146484375
2017-09-01,126.84379193760891,127.02977311759733,125.98828303502702,126.19286346435547,1689948.0,0.0,0.0,170.20066833496094,126.19286346435547
2017-09-05,125.38074882479997,125.55433049971077,124.3020715912491,124.59343719482422,2313662.0,0.0,0.0,168.04347229003906,124.59343719482422
2017-09-06,125.07073276925037,125.38069749467657,124.75456829677937,125.2567138671875,2674495.0,0.0,0.0,168.93812561035156,125.2567138671875
2017-09-07,124.89712137036477,126.90569185943244,124.89712137036477,126.7507095336914,2034994.0,0.0,0.0,170.9531707763672,126.7507095336914
2017-09-08,126.68256161333724,127.77983771351586,125.94484823693017,127.51325988769531,1762904.0,0.0,0.0,171.98159790039062,127.51325988769531
2017-09-11,127.9906433162387,130.04881297871998,127.76127522239051,129.9124298095703,2160813.0,0.0,0.0,175.21739196777344,129.9124298095703
2017-09-12,130.12937222340264,130.78028913556153,129.72641126785777,129.9619903564453,1723675.0,0.0,0.0,175.28428649902344,129.9619903564453
2017-09-13,129.63965048381766,130.3649645013542,129.2986869383962,129.8690185546875,1351002.0,0.0,0.0,175.1588592529297,129.8690185546875
2017-09-14,129.65819580019806,131.3692012508148,129.40401752729522,131.07162475585938,2373103.0,0.0,0.0,176.7809295654297,131.07162475585938
2017-09-15,131.79083110325743,132.73932494539164,130.59436989510905,132.26197814941406,4349134.0,0.0,0.0,178.38629150390625,132.26197814941406
2017-09-18,132.66489592763085,132.6896949209292,131.77839979767035,132.51611328125,1521790.0,0.0,0.0,178.72909545898438,132.51611328125
2017-09-19,132.80745422311526,133.06783229110374,131.9519569932585,132.39210510253906,1709921.0,0.0,0.0,178.56187438964844,132.39210510253906
2017-09-20,131.28248519926052,131.79703049275713,129.13753015484204,130.50137329101562,3572691.0,0.0,0.0,176.01170349121094,130.50137329101562
2017-09-21,130.7431238931296,131.18947184207627,130.33396312153795,130.45794677734375,1653350.0,0.0,0.0,175.9531707763672,130.45794677734375
2017-09-22,129.96199586163968,130.99107478325152,129.7388162584401,130.65631103515625,1785987.0,0.0,0.0,176.22073364257812,130.65631103515625
2017-09-25,130.79270822541267,130.94149087239742,129.79462793496756,130.63772583007812,1924603.0,0.0,0.0,176.19564819335938,130.63772583007812
2017-09-26,130.96628284216024,131.93957540041868,130.76170247099918,130.82369995117188,1464622.0,0.0,0.0,176.4464874267578,130.82369995117188
2017-09-27,130.86093054028285,131.04071196347635,129.0445396865566,129.8628387451172,2230660.0,0.0,0.0,175.15049743652344,129.8628387451172
2017-09-28,129.1312619583597,130.1107540277361,129.10026322577068,129.9061737060547,2502989.0,0.0,0.0,175.2090301513672,129.9061737060547
2017-09-29,129.60243931403156,130.12318420410156,129.39785894410963,130.12318420410156,1952111.0,0.0,0.0,175.50167846679688,130.12318420410156
2017-10-02,130.63770572636713,131.91476318261672,130.20375734889222,131.8961639404297,1545352.0,0.0,0.0,177.89297485351562,131.8961639404297
2017-10-03,131.8093740614026,133.03683349444944,131.040661978955,133.0182342529297,1955340.0,0.0,0.0,179.40635681152344,133.0182342529297
2017-10-04,133.1918179572355,134.4874633161785,132.9748381161628,134.2270965576172,1957134.0,0.0,0.0,181.0367889404297,134.2270965576172
2017-10-05,134.20854095146564,134.902867617921,133.84278968378925,134.1341552734375,2081638.0,0.0,0.0,180.911376953125,134.1341552734375
2017-10-06,133.9047323263473,134.23949605215893,133.45218471579676,134.2270965576172,1974357.0,0.0,0.0,181.0367889404297,134.2270965576172
2017-10-09,133.8799916639423,134.65490384336397,133.71260972811422,134.3263397216797,1261302.0,0.0,0.0,181.17056274414062,134.3263397216797
2017-10-10,134.76023612006352,134.89661924179507,134.24569105498918,134.3696746826172,1400396.0,0.0,0.0,181.22909545898438,134.3696746826172
2017-10-11,134.36972994264744,134.43792718826307,133.0740727832438,134.220947265625,2455268.0,0.0,0.0,181.02842712402344,134.220947265625
2017-10-12,134.27675765621254,134.92148642182454,134.08457671388342,134.89048767089844,2281968.0,0.0,0.0,181.9314422607422,134.89048767089844
2017-10-13,135.65913498727159,136.23566622401282,134.4006768112483,134.97100830078125,1748074.0,0.0,0.0,182.04013061523438,134.97100830078125
2017-10-16,134.95867415019393,135.5972031681788,134.6487092665166,135.59100341796875,1417499.0,0.0,0.0,182.87625122070312,135.59100341796875
2017-10-17,135.4483714326376,135.59095432242893,134.196112850933,134.9896240234375,2572357.0,0.0,0.0,182.06521606445312,134.9896240234375
2017-10-18,134.84706448108366,135.54139111976917,134.75407955891464,135.31201171875,1690666.0,0.0,0.0,182.5,135.31201171875
2017-10-19,135.44838288165917,135.91952982661425,134.81605378939287,135.913330078125,1637324.0,0.0,0.0,183.31103515625,135.913330078125
2017-10-20,136.35344998930069,137.2027587890625,135.88230314210165,137.2027587890625,1970769.0,0.0,0.0,185.0501708984375,137.2027587890625
2017-10-23,137.47556610717305,138.10789525713574,137.12840278691695,137.3453826904297,2584915.0,0.0,0.0,185.2424774169922,137.3453826904297
2017-10-24,141.96381833519496,148.10111572042857,141.9576185877995,145.46641540527344,7784046.0,0.0,0.0,196.19564819335938,145.46641540527344
2017-10-25,145.6896249268838,147.50601552601003,145.02629707293013,147.34483337402344,4920942.0,0.0,0.0,198.72909545898438,147.34483337402344
2017-10-26,147.70436967140944,148.0391334126632,144.01579139687695,144.40634155273438,4048460.0,0.0,0.0,194.76588439941406,144.40634155273438
2017-10-27,145.20605229855735,145.65240018205148,144.1645739037377,145.522216796875,2392478.0,0.0,0.0,196.27090454101562,145.522216796875
2017-10-30,144.8527040432553,144.8527040432553,142.9805158531956,143.21609497070312,3256230.0,0.0,0.0,193.16053771972656,143.21609497070312
2017-10-31,143.43928216727605,143.57567664524154,142.46600076839638,142.70156860351562,2282207.0,0.0,0.0,192.466552734375,142.70156860351562
2017-11-01,143.20368840317488,143.67483530151634,142.03201524849283,142.69534301757812,1662320.0,0.0,0.0,192.45819091796875,142.69534301757812
2017-11-02,142.7325424539905,144.31956478668462,142.30479378793572,143.96620178222656,1924962.0,0.0,0.0,194.1722412109375,143.96620178222656
2017-11-03,143.55085727826395,144.1831863327292,143.154096025489,143.9600067138672,1892909.0,0.0,0.0,194.16387939453125,143.9600067138672
2017-11-06,143.96000128010212,144.21416831655483,142.67674397525218,142.77593994140625,1596301.0,0.0,0.0,192.56689453125,142.77593994140625
2017-11-07,142.81936097234956,143.06113988418494,142.05064861810874,142.6147918701172,1858106.0,0.0,0.0,192.34950256347656,142.6147918701172
2017-11-08,142.48459330339386,142.98672769497054,142.1994161763104,142.4783935546875,1806199.0,0.0,0.0,192.16555786132812,142.4783935546875
2017-11-09,141.6786437881682,142.21177677745985,140.75494936401688,141.5856475830078,1884657.0,0.0,0.0,190.96153259277344,141.5856475830078
2017-11-10,141.0153444428016,141.6166747700231,140.20323398827605,141.00294494628906,1549777.0,0.0,0.0,190.1755828857422,141.00294494628906
2017-11-13,140.55659107382633,141.61046903900376,140.26522554490958,141.48028564453125,2111299.0,0.0,0.0,190.81939697265625,141.48028564453125
2017-11-14,141.43064096439818,142.55891553298514,140.56894415814327,142.16836547851562,1666267.0,0.0,0.0,191.74749755859375,142.16836547851562
2017-11-15,141.3873148760407,141.66008118824965,140.12885641461915,140.97195434570312,1808472.0,0.0,0.0,190.13377380371094,140.97195434570312
2017-11-16,141.213717668774,142.5775603929551,141.213717668774,142.2241973876953,1464861.0,0.0,0.0,191.82273864746094,142.2241973876953
2017-11-17,141.6104803628089,142.53417500737658,141.18273165722061,142.18701171875,2083193.0,0.0,0.0,191.77256774902344,142.18701171875
2017-11-20,142.52175430624342,144.8093027710192,142.30478576818928,143.5074462890625,2033200.0,0.0,0.0,193.5535125732422,143.5074462890625
2017-11-21,143.95380452144974,146.12355793840584,143.95380452144974,145.11927795410156,2538630.0,0.0,0.0,195.72743225097656,145.11927795410156
2017-11-22,145.20962953161379,145.70806602319323,144.17534765947556,144.28750610351562,1640673.0,0.982441,0.0,193.62876892089844,144.28750610351562
2017-11-24,144.56786613961384,144.57409716370807,143.80773805252812,144.16287231445312,788284.0,0.0,0.0,193.46153259277344,144.16287231445312
2017-11-27,144.39340998788572,146.1255096246031,144.00710923192455,145.7952880859375,2129837.0,0.0,0.0,195.6521759033203,145.7952880859375
2017-11-28,145.87005087466758,147.00401769002633,145.40898919355195,146.8108673095703,2238553.0,0.0,0.0,197.01504516601562,146.8108673095703
2017-11-29,147.07257231212523,148.40590928276177,146.81711166623273,148.29376220703125,2098502.0,0.0,0.0,199.00502014160156,148.29376220703125
2017-11-30,148.82338073451626,151.68321696123144,148.09440755476908,151.4900665283203,4788066.0,0.0,0.0,203.2943115234375,151.4900665283203
2017-12-01,151.52119065077133,151.79533299400518,149.00403862357354,150.25015258789062,2669831.0,0.0,0.0,201.63043212890625,150.25015258789062
2017-12-04,151.43394293789189,152.16914687300016,148.60526288171064,149.0725555419922,2952565.0,0.0,0.0,200.0501708984375,149.0725555419922
2017-12-05,149.67074456849534,149.69566867235287,148.20032477526948,148.44955444335938,1845548.0,0.0,0.0,199.21405029296875,148.44955444335938
2017-12-06,149.7392110746132,150.20650371260464,147.64574642388058,148.70494079589844,2301224.0,0.0,0.0,199.55685424804688,148.70494079589844
2017-12-07,148.567860369653,150.33734580831717,148.24386991791903,149.72052001953125,1635052.0,0.0,0.0,200.91973876953125,149.72052001953125
2017-12-08,149.53357547871144,150.16286320722241,147.96970269026207,148.3684539794922,2391761.0,0.0,0.0,199.1053466796875,148.3684539794922
2017-12-11,149.02893188766268,149.6644507876125,148.2002626342911,149.09747314453125,2084508.0,0.0,0.0,200.0836181640625,149.09747314453125
2017-12-12,147.40280151367188,150.58038554069896,147.11618572899766,147.40280151367188,3308495.0,0.0,0.0,197.8093719482422,147.40280151367188
2017-12-13,147.60841790294356,149.2782077307684,147.4339605522029,148.97914123535156,3238648.0,0.0,0.0,199.92474365234375,148.97914123535156
2017-12-14,149.73296884167615,150.0320351752523,148.169095927548,148.33731079101562,2373701.0,0.0,0.0,199.06353759765625,148.33731079101562
2017-12-15,149.0289717458404,149.33426923076453,148.0694621159407,148.28753662109375,5404365.0,0.0,0.0,198.9966583251953,148.28753662109375
2017-12-18,148.648894619611,149.53987430079286,147.75792630891223,148.54920959472656,2675811.0,0.0,0.0,199.3478240966797,148.54920959472656
2017-12-19,149.20339211387903,149.37161837721206,147.60213278571825,148.53048706054688,2235204.0,0.0,0.0,199.32273864746094,148.53048706054688
2017-12-20,148.4121536747163,148.5803799887055,147.34672793310776,147.61463928222656,1939434.0,0.0,0.0,198.09364318847656,147.61463928222656
2017-12-21,147.0414086453375,147.8202298463798,146.05074398423798,146.28128051757812,2680954.0,0.0,0.0,196.30435180664062,146.28128051757812
2017-12-22,146.6426424888819,147.09124212602504,145.9697487184083,146.2501220703125,1531598.0,0.0,0.0,196.26254272460938,146.2501220703125
2017-12-26,146.46819006255484,147.21585609134488,146.43703494250488,146.69871520996094,943764.0,0.0,0.0,196.8645477294922,146.69871520996094
2017-12-27,146.74232486666375,147.3778438012251,146.31863799663537,147.16600036621094,1160718.0,0.0,0.0,197.49163818359375,147.16600036621094
2017-12-28,147.62705610810903,147.71429043629735,146.5927858100984,146.86692810058594,1422881.0,0.0,0.0,197.09030151367188,146.86692810058594
2017-12-29,147.34044758781212,147.85758840737643,146.6488494873047,146.6488494873047,1607304.0,0.0,0.0,196.7976531982422,146.6488494873047
2018-01-02,146.90431196355453,147.7080571227101,145.0538344757334,146.81707763671875,3505476.0,0.0,0.0,197.02340698242188,146.81707763671875
2018-01-03,146.4619640644833,146.87317755180845,145.3529213460198,146.8108673095703,2623665.0,0.0,0.0,197.01504516601562,146.8108673095703
2018-01-04,147.66450879700454,149.18476549718773,147.3342871467172,148.7299346923828,2682748.0,0.0,0.0,199.59030151367188,148.7299346923828
2018-01-05,148.6925167543647,150.09439502665265,148.1255389687245,149.8887939453125,2195736.0,0.0,0.0,201.14549255371094,149.8887939453125
2018-01-08,149.1473408737854,150.1193124952202,149.0227317514052,149.40280151367188,2235324.0,0.0,0.0,200.49331665039062,149.40280151367188
2018-01-09,149.28441754332107,150.6426900016884,149.12242226711595,150.33116149902344,2027340.0,0.0,0.0,201.7391357421875,150.33116149902344
2018-01-10,150.15665827451394,151.1348492871292,149.55229452853845,150.24388122558594,1962516.0,0.0,0.0,201.6220703125,150.24388122558594
2018-01-11,149.99470907782484,150.99159346526545,149.37788309662335,150.972900390625,1779289.0,0.0,0.0,202.60032653808594,150.972900390625
2018-01-12,151.446363013432,153.27192749080504,151.09122885012275,152.3186492919922,2361263.0,0.0,0.0,204.40635681152344,152.3186492919922
2018-01-16,152.8358570552481,154.0134412926634,151.91996452086101,152.48695373535156,2883676.0,0.0,0.0,204.63211059570312,152.48695373535156
2018-01-17,153.80148082172246,154.84822409677437,153.14728048790997,154.58653259277344,3012724.0,0.0,0.0,207.4498291015625,154.58653259277344
2018-01-18,154.59905088004362,155.14111577724415,152.59904028509283,153.2158660888672,2671266.0,0.0,0.0,205.61036682128906,153.2158660888672
2018-01-19,153.6645235624653,154.82964572571228,153.02277342443662,154.63026428222656,2408146.0,0.0,0.0,207.50836181640625,154.63026428222656
2018-01-22,153.97602365489044,154.4495473891593,152.6987546401735,154.08193969726562,1985958.0,0.0,0.0,206.77256774902344,154.08193969726562
2018-01-23,153.83891124779143,154.05698566884533,152.7236377930194,153.46507263183594,2179949.0,0.0,0.0,205.94480895996094,153.46507263183594
2018-01-24,154.5118705455868,154.85455416897784,153.42775182263836,154.324951171875,4151316.0,0.0,0.0,207.09866333007812,154.324951171875
2018-01-25,155.7641505695482,158.75481381904032,153.9572792049617,157.23455810546875,4195448.0,0.0,0.0,211.0033416748047,157.23455810546875
2018-01-26,157.9012955048954,161.8514695399928,157.87637140604582,161.1411895751953,4461798.0,0.0,0.0,216.24581909179688,161.1411895751953
2018-01-29,161.06640074836653,161.583530227983,159.4838344503898,159.50875854492188,2758335.0,0.0,0.0,214.05519104003906,159.50875854492188
2018-01-30,159.25330766940738,159.3093868855284,156.6427019059632,156.72369384765625,2885470.0,0.0,0.0,210.31771850585938,156.72369384765625
2018-01-31,156.6925552859436,157.71436366460716,155.51497130178635,156.0757293701172,3751134.0,0.0,0.0,209.4481658935547,156.0757293701172
2018-02-01,154.16919962438828,155.82029625883123,153.38414728650397,154.48072814941406,3187938.0,0.0,0.0,207.3076934814453,154.48072814941406
2018-02-02,153.53987392284478,154.9853691084698,152.57413345783044,152.75482177734375,4695137.0,0.0,0.0,204.99163818359375,152.75482177734375
2018-02-05,151.7143736738465,152.2751205301976,140.8171051670029,144.20030212402344,7882238.0,0.0,0.0,193.51170349121094,144.20030212402344
2018-02-06,141.7516704693173,146.15045580615921,141.3155328247812,145.5647735595703,6109288.0,0.0,0.0,195.34280395507812,145.5647735595703
2018-02-07,145.29061889648438,147.98845923189788,145.06009372880337,145.29061889648438,3451178.0,0.0,0.0,194.97491455078125,145.29061889648438
2018-02-08,145.27193485694937,145.365400231132,138.72360519952562,138.87313842773438,4486555.0,0.0,0.0,186.3628692626953,138.87313842773438
2018-02-09,139.94479142937922,141.40896842910965,135.93852708280767,140.31861877441406,5404246.0,0.0,0.0,188.30267333984375,140.31861877441406
2018-02-12,141.73919107854624,143.53982066216864,140.87314692051277,142.7983856201172,3935318.0,0.0,0.0,191.63043212890625,142.7983856201172
2018-02-13,143.12238168283784,144.53049090003864,142.63639587826594,144.15042114257812,3018226.0,0.0,0.0,193.44480895996094,144.15042114257812
2018-02-14,142.96039666295786,145.09124802996374,142.34980169381015,144.5491943359375,2796009.0,0.0,0.0,193.9799346923828,144.5491943359375
2018-02-15,146.2225647689313,147.2190596484532,144.69960034215674,147.20025634765625,2544490.0,1.137124,0.0,196.3795928955078,147.20025634765625
2018-02-16,147.26298945888436,149.43774527772229,146.2727505359565,148.32843017578125,2657273.0,0.0,0.0,197.88461303710938,148.32843017578125
2018-02-20,146.9934233129581,148.3283545537554,146.5985769239352,147.32559204101562,3200376.0,0.0,0.0,196.5468292236328,147.32559204101562
2018-02-21,147.09997381574252,149.0741715813583,145.46420112956616,145.51434326171875,3063434.0,0.0,0.0,194.13043212890625,145.51434326171875
2018-02-22,145.67104496975358,148.76709328302246,145.56450436257606,147.90847778320312,2732262.0,0.0,0.0,197.3244171142578,147.90847778320312
2018-02-23,148.4411774581008,149.09297944592095,146.89942122250426,148.5477294921875,1933573.0,0.0,0.0,198.17726135253906,148.5477294921875
2018-02-26,149.79490136633416,153.4612698481343,149.48153595228996,153.01002502441406,3691813.0,0.0,0.0,204.13043212890625,153.01002502441406
2018-02-27,153.30459195041567,153.34219854628765,150.8666139851827,150.9042205810547,2126847.0,0.0,0.0,201.32107543945312,150.9042205810547
2018-02-28,151.44321915986202,151.84433335102034,147.53241870248578,147.6013641357422,2943834.0,0.0,0.0,196.9147186279297,147.6013641357422
2018-03-01,148.002466790964,148.42865204847763,143.85351407833957,144.98789978027344,4170572.0,0.0,0.0,193.4281005859375,144.98789978027344
2018-03-02,143.99137667303387,144.9440084681152,141.8479608528655,144.37994384765625,3483709.0,0.0,0.0,192.61705017089844,144.37994384765625
2018-03-05,144.14807830366573,146.4732482032535,143.22678521727417,145.90919494628906,2673419.0,0.0,0.0,194.65719604492188,145.90919494628906
2018-03-06,146.68634125628128,147.8583221407934,144.64946574607217,146.44190979003906,2500956.0,0.0,0.0,195.36788940429688,146.44190979003906
2018-03-07,144.91266292118246,148.04631698671034,144.51782799893965,147.63894653320312,2647705.0,0.0,0.0,196.9648895263672,147.63894653320312
2018-03-08,148.12782310211043,148.96764671668743,146.7302139585633,148.12156677246094,2338419.0,0.0,0.0,197.60870361328125,148.12156677246094
2018-03-09,149.16193277548584,151.27401014346052,148.01501146937846,151.261474609375,2201716.0,0.0,0.0,201.7976531982422,151.261474609375
2018-03-12,151.73151099463365,152.35824189991965,149.976673609857,150.2900390625,2572955.0,0.0,0.0,200.50167846679688,150.2900390625
2018-03-13,150.97940066547338,152.2767365366189,148.46620986921013,148.89239501953125,2403840.0,0.0,0.0,198.6371307373047,148.89239501953125
2018-03-14,149.66330295796791,149.98919249486755,146.56097593455166,146.8367462158203,2678681.0,0.0,0.0,195.8946533203125,146.8367462158203
2018-03-15,147.4196100712757,149.21205408230844,146.78034362327654,147.8269805908203,2117518.0,0.0,0.0,197.21571350097656,147.8269805908203
2018-03-16,147.70163002412852,149.26845724011622,147.70163002412852,148.67306518554688,5810168.0,0.0,0.0,198.344482421875,148.67306518554688
2018-03-19,147.9147129129436,148.1152585483763,144.3110105532293,145.12576293945312,3135553.0,0.0,0.0,193.61204528808594,145.12576293945312
2018-03-20,145.47672313526544,146.89940306503377,145.13829808729488,145.6835479736328,2066688.0,0.0,0.0,194.35618591308594,145.6835479736328
2018-03-21,146.02823823817363,148.6730407719544,145.5957967425794,146.74270629882812,1899607.0,0.0,0.0,195.76922607421875,146.74270629882812
2018-03-22,145.42661694296413,145.4767476413698,139.6356234309252,139.8675079345703,5137418.0,0.0,0.0,186.59698486328125,139.8675079345703
2018-03-23,140.07433269153438,140.55691643693137,134.91633789985244,134.97274780273438,5048555.0,0.0,0.0,180.06689453125,134.97274780273438
2018-03-26,136.53955970745096,138.38214574250134,134.85991272054042,138.0311737060547,4274504.0,0.0,0.0,184.14715576171875,138.0311737060547
2018-03-27,138.5200489139115,139.04650705884876,134.5779091880628,135.29238891601562,3225253.0,0.0,0.0,180.49331665039062,135.29238891601562
2018-03-28,136.14472186112465,137.66767478680094,134.69070293129565,135.7122802734375,3017388.0,0.0,0.0,181.0535125732422,135.7122802734375
2018-03-29,136.4957123370714,138.745669312485,136.28888744656166,137.5799560546875,3161028.0,0.0,0.0,183.54515075683594,137.5799560546875
2018-04-02,136.6586230497328,137.07852903842863,131.28126896302382,133.25547790527344,4593597.0,0.0,0.0,177.7759246826172,133.25547790527344
2018-04-03,133.493625485595,135.66211221381445,132.1962895329358,135.5806427001953,3596133.0,0.0,0.0,180.8779296875,135.5806427001953
2018-04-04,133.11136694448604,136.57717925118894,132.31541767286538,136.3515625,2976605.0,0.0,0.0,181.90635681152344,136.3515625
2018-04-05,137.028418831007,138.07505579509825,135.72481487271588,137.04721069335938,3444360.0,0.0,0.0,182.83444213867188,137.04721069335938
2018-04-06,136.25129631355932,137.16006551897553,132.2402220234047,133.0236358642578,2994664.0,0.0,0.0,177.466552734375,133.0236358642578
2018-04-09,133.9636817353033,135.91281966563562,133.11760197014976,133.3745574951172,2614576.0,0.0,0.0,177.93478393554688,133.3745574951172
2018-04-10,134.9476679202246,137.07228066456778,134.89125802102726,135.988037109375,3417450.0,0.0,0.0,181.42140197753906,135.988037109375
2018-04-11,134.24572850430198,135.30491246772368,133.80701914114013,134.32720947265625,2176481.0,0.0,0.0,179.2056884765625,134.32720947265625
2018-04-12,135.19834512985256,136.4267357826834,134.75336805025864,135.63705444335938,2742308.0,0.0,0.0,180.9531707763672,135.63705444335938
2018-04-13,136.6837303993045,137.05349436063912,134.40869097497742,135.07302856445312,2433262.0,0.0,0.0,180.20066833496094,135.07302856445312
2018-04-16,136.12595026444228,137.42328676717997,135.74365072108432,136.43931579589844,2464358.0,0.0,0.0,182.02340698242188,136.43931579589844
2018-04-17,137.34805899498616,138.93995755609686,137.09110340393335,137.93719482421875,2216786.0,0.0,0.0,184.02174377441406,137.93719482421875
2018-04-18,138.12520607848776,138.5137847894416,137.35432786162852,137.5799560546875,1912763.0,0.0,0.0,183.54515075683594,137.5799560546875
2018-04-19,136.65234897717232,137.44203023012057,136.01935042173346,137.16000366210938,1737908.0,0.0,0.0,182.98495483398438,137.16000366210938
2018-04-20,136.8842498257493,138.05624203358056,135.8376129409702,136.47061157226562,3150623.0,0.0,0.0,182.06521606445312,136.47061157226562
2018-04-23,136.639844179361,137.08482131036718,134.5904331199836,135.29864501953125,3014757.0,0.0,0.0,180.50167846679688,135.29864501953125
2018-04-24,129.41989847182356,129.41989847182356,123.39702083781764,126.05435943603516,13958994.0,0.0,0.0,168.1688995361328,126.05435943603516
2018-04-25,126.03556061742691,126.44293114798775,123.47222698946346,124.61914825439453,7421658.0,0.0,0.0,166.25418090820312,124.61914825439453
2018-04-26,124.5188603038173,125.11425232908734,122.94576539887666,123.52235412597656,4932663.0,0.0,0.0,164.7909698486328,123.52235412597656
2018-04-27,123.32180685381623,123.53489947915592,121.83646055558395,122.91443634033203,4012341.0,0.0,0.0,163.9799346923828,122.91443634033203
2018-04-30,123.44091738308585,124.30580070339555,121.69860376949204,121.83021545410156,4794405.0,0.0,0.0,162.533447265625,121.83021545410156
2018-05-01,121.60455066534112,122.55091468128268,119.98132512684263,122.22501373291016,5633758.0,0.0,0.0,163.06019592285156,122.22501373291016
2018-05-02,122.30650608770581,123.09618746889443,121.59829423243882,121.89912414550781,4805050.0,0.0,0.0,162.6254119873047,121.89912414550781
2018-05-03,121.9116415696762,123.27792294590888,120.55163939646012,122.63865661621094,4097376.0,0.0,0.0,163.61204528808594,122.63865661621094
2018-05-04,122.2563530953656,125.30226999150914,121.62335449336503,124.94503021240234,3673753.0,0.0,0.0,166.68896484375,124.94503021240234
2018-05-07,125.38375796950054,125.97288229719567,125.08292803886766,125.50910186767578,3424626.0,0.0,0.0,167.44146728515625,125.50910186767578
2018-05-08,125.34614942558069,126.6685566965318,125.07039056636401,126.43666076660156,3915106.0,0.0,0.0,168.67892456054688,126.43666076660156
2018-05-09,126.61836281534661,128.3105333167324,126.20472469557144,127.4895248413086,4020115.0,0.0,0.0,170.0836181640625,127.4895248413086
2018-05-10,126.98189608083801,128.90596280863087,126.84401667954245,128.4985809326172,3230157.0,0.0,0.0,171.4297637939453,128.4985809326172
2018-05-11,128.31684338243127,128.7116897775196,127.63998182125485,128.580078125,3774217.0,0.0,0.0,171.53846740722656,128.580078125
2018-05-14,128.8997325139689,129.13161702616054,128.2730015417851,128.9561309814453,4049536.0,0.0,0.0,172.04013061523438,128.9561309814453
2018-05-15,128.45476829148564,128.83707928957807,126.3740293040216,126.85661315917969,2702003.0,0.0,0.0,169.2391357421875,126.85661315917969
2018-05-16,125.67206111192742,125.99796213238051,124.75076795556129,125.477783203125,3484546.0,0.0,0.0,167.39967346191406,125.477783203125
2018-05-17,125.74278240262029,127.08685522546405,125.37680020324062,126.43059539794922,2709897.0,1.137124,0.0,167.52508544921875,126.43059539794922
2018-05-18,126.38012633277515,126.68301375063547,125.22537237059129,125.54718017578125,3499137.0,0.0,0.0,166.35450744628906,125.54718017578125
2018-05-21,126.51888290684984,128.05226261671095,126.20337438452042,127.31396484375,2543294.0,0.0,0.0,168.69564819335938,127.31396484375
2018-05-22,127.44020017711684,127.53485966868917,125.40201549671796,125.55345916748047,2767424.0,0.0,0.0,166.3628692626953,125.55345916748047
2018-05-23,124.777342319747,125.44622350957941,124.03274503213984,125.36419677734375,3274289.0,0.0,0.0,166.11204528808594,125.36419677734375
2018-05-24,125.46515248156473,126.31703053510407,124.26622408805221,125.83114624023438,2457780.0,0.0,0.0,166.73077392578125,125.83114624023438
2018-05-25,125.14963691035481,125.83113931568288,124.89723458321761,125.59134674072266,2017054.0,0.0,0.0,166.4130401611328,125.59134674072266
2018-05-29,124.94140427728972,125.26322359549837,123.11145851696983,123.51530456542969,2806773.0,0.0,0.0,163.66220092773438,123.51530456542969
2018-05-30,124.36719964755237,125.81223146020174,124.12110790734599,125.37052154541016,2563148.0,0.0,0.0,166.1204071044922,125.37052154541016
2018-05-31,125.0107835874492,125.22533357352718,123.84339720246267,124.45548248291016,6282708.0,0.0,0.0,164.90802001953125,124.45548248291016
2018-06-01,125.41462831978477,126.46843482716542,125.11805163099577,125.94468688964844,2185092.0,0.0,0.0,166.8812713623047,125.94468688964844
2018-06-04,126.66407504611924,127.26986136506731,126.24760774786323,126.872314453125,2880446.0,0.0,0.0,168.11036682128906,126.872314453125
2018-06-05,126.88491235927933,127.52855084810439,126.76502185067062,126.96063995361328,2686336.0,0.0,0.0,168.22743225097656,126.96063995361328
2018-06-06,127.36450426066457,128.75905068213302,127.18150739707731,128.63916015625,2747571.0,0.0,0.0,170.45150756835938,128.63916015625
2018-06-07,128.84107914343147,129.92011682600088,128.5760440609421,129.40267944335938,2725923.0,0.0,0.0,171.4632110595703,129.40267944335938
2018-06-08,129.3458736203553,130.4627750152584,128.98620209815164,130.36181640625,2595559.0,0.0,0.0,172.73411560058594,130.36181640625
2018-06-11,130.36184400100936,130.48804516792222,129.35852226832853,129.4342498779297,2754268.0,0.0,0.0,171.50502014160156,129.4342498779297
2018-06-12,129.7812614867714,129.95793614260702,128.69590193048748,129.30799865722656,2160096.0,0.0,0.0,171.33779907226562,129.30799865722656
2018-06-13,129.44683204872175,129.7749618930419,128.55709048342,129.28907775878906,2509088.0,0.0,0.0,171.31271362304688,129.28907775878906
2018-06-14,129.83806439825932,130.15988362943423,128.41196507207786,128.49400329589844,2656914.0,0.0,0.0,170.2592010498047,128.49400329589844
2018-06-15,127.81257135477885,129.39642585161388,126.27289131045775,129.33963012695312,6517602.0,0.0,0.0,171.3795928955078,129.33963012695312
2018-06-18,127.79991812809119,129.08719543912886,126.36119710491711,128.8347930908203,3399989.0,0.0,0.0,170.71070861816406,128.8347930908203
2018-06-19,126.9985237333542,127.35820686414276,125.14964603551326,125.81852722167969,3835333.0,0.0,0.0,166.71405029296875,125.81852722167969
2018-06-20,125.78696462357533,126.20343191723624,124.47444488730278,124.99188232421875,2808567.0,0.0,0.0,165.6187286376953,124.99188232421875
2018-06-21,124.84042043646305,124.84042043646305,122.78961440520713,123.37645721435547,2894798.0,0.0,0.0,163.47825622558594,123.37645721435547
2018-06-22,124.5564772656346,124.58803043391654,123.16193086936613,123.99486541748047,2738960.0,0.0,0.0,164.2976531982422,123.99486541748047
2018-06-25,123.66671860745667,123.88757923950853,122.19014569109225,123.55313873291016,3495310.0,0.0,0.0,163.71237182617188,123.55313873291016
2018-06-26,124.2094140785988,124.90984834372745,123.6667341373883,124.04534912109375,2559679.0,0.0,0.0,164.3645477294922,124.04534912109375
2018-06-27,124.03900691852343,126.14029766335825,122.89686314026024,122.99783325195312,3456081.0,0.0,0.0,162.97659301757812,122.99783325195312
2018-06-28,123.36380847678848,124.21568616790968,122.54980609119072,123.66038513183594,2366525.0,0.0,0.0,163.85450744628906,123.66038513183594
2018-06-29,123.97594317182474,125.83745357213178,123.96964405343262,124.13369750976562,3195234.0,0.0,0.0,164.48159790039062,124.13369750976562
2018-07-02,123.33860493190511,123.60993912086025,122.1081121005486,123.37645721435547,2171338.0,0.0,0.0,163.47825622558594,123.37645721435547
2018-07-03,123.98854212166275,125.54085420081319,123.36383551649688,123.57207489013672,1469764.0,0.0,0.0,163.73745727539062,123.57207489013672
2018-07-05,124.3545648753255,124.61327785778663,123.06728756599423,124.52494049072266,2415083.0,0.0,0.0,165.0,124.52494049072266
2018-07-06,124.36719177635996,124.9792772863085,123.92548188952418,124.60066223144531,1942902.0,0.0,0.0,165.10032653808594,124.60066223144531
2018-07-09,125.0297384207059,126.73348280980133,124.98556398575487,126.5378646850586,2352652.0,0.0,0.0,167.66722106933594,126.5378646850586
2018-07-10,126.8344721661602,127.83148341641265,126.44955797271973,127.13735961914062,2019685.0,0.0,0.0,168.46153259277344,127.13735961914062
2018-07-11,126.08984336709592,126.08984336709592,124.6195693986615,124.73947143554688,2216308.0,0.0,0.0,165.28428649902344,124.73947143554688
2018-07-12,125.67968977921291,126.20342631106163,124.56278822935633,125.77433776855469,2073266.0,0.0,0.0,166.655517578125,125.77433776855469
2018-07-13,126.37380307155605,127.33295030419755,126.20342747656349,126.94803619384766,1943978.0,0.0,0.0,168.21070861816406,126.94803619384766
2018-07-16,127.18152979097111,127.20046169561589,126.25393555791985,126.90388488769531,1755728.0,0.0,0.0,168.1521759033203,126.90388488769531
2018-07-17,126.8281259599527,128.14064556525435,126.28545755712898,127.50962829589844,2297038.0,0.0,0.0,168.95484924316406,127.50962829589844
2018-07-18,127.6043265938896,128.2038024487521,127.05534734128177,127.59170532226562,2326220.0,0.0,0.0,169.06353759765625,127.59170532226562
2018-07-19,127.31402473003875,127.64846530291295,125.89423571171243,127.21306610107422,3129214.0,0.0,0.0,168.56187438964844,127.21306610107422
2018-07-20,125.780639691227,128.06491618637145,125.09913736474826,127.43389892578125,2781178.0,0.0,0.0,168.85450744628906,127.43389892578125
2018-07-23,127.17519522982948,127.17519522982948,124.73947487589619,125.47145080566406,3909844.0,0.0,0.0,166.25418090820312,125.47145080566406
2018-07-24,121.74847859500431,127.5853898918338,120.25296174057746,126.63255310058594,9791054.0,0.0,0.0,167.7926483154297,126.63255310058594
2018-07-25,126.60097031902299,129.0366906093194,126.53155335019898,128.96728515625,4000859.0,0.0,0.0,170.88629150390625,128.96728515625
2018-07-26,129.28908854986523,131.52919044127688,129.13764487951974,131.22630310058594,3406567.0,0.0,0.0,173.8795928955078,131.22630310058594
2018-07-27,131.6806603907784,132.89222151108345,130.5259064923504,130.88558959960938,2688608.0,0.0,0.0,173.4281005859375,130.88558959960938
2018-07-30,131.40932865686847,132.04034600718845,129.20707856488198,129.4342498779297,2440438.0,0.0,0.0,171.50502014160156,129.4342498779297
2018-07-31,130.76567229822177,134.26782042053696,130.30503061624066,133.97755432128906,4273428.0,0.0,0.0,177.52508544921875,133.97755432128906
2018-08-01,133.1319788234324,133.18246388653475,130.53850447435917,130.65208435058594,2471654.0,0.0,0.0,173.1187286376953,130.65208435058594
2018-08-02,129.9579556682296,129.98319819878478,128.63282645585988,129.69293212890625,2032841.0,0.0,0.0,171.8478240966797,129.69293212890625
2018-08-03,129.9390402221943,130.98652466975497,129.48469768644756,130.80352783203125,1554680.0,0.0,0.0,173.31939697265625,130.80352783203125
2018-08-06,130.9045222031896,130.91083283779207,129.50997559785102,130.43125915527344,1272305.0,0.0,0.0,172.82608032226562,130.43125915527344
2018-08-07,131.25784893049692,132.26748102022373,130.85400300405772,131.61122131347656,1572262.0,0.0,0.0,174.38963317871094,131.61122131347656
2018-08-08,131.56072853438968,131.9077902646025,130.4753804352846,130.7088623046875,1258312.0,0.0,0.0,173.19398498535156,130.7088623046875
2018-08-09,130.70888658031114,131.23262307316392,129.0366839389929,129.2196807861328,2167870.0,0.0,0.0,171.22073364257812,129.2196807861328
2018-08-10,128.60759496315637,128.80952370917547,126.83443371275527,127.4402084350586,2264267.0,0.0,0.0,168.8628692626953,127.4402084350586
2018-08-13,127.47808492645513,127.96396918246158,125.88792036420769,126.10247039794922,1898291.0,0.0,0.0,167.09030151367188,126.10247039794922
2018-08-14,126.06457243017218,126.88489702421356,125.83110207403271,126.53152465820312,2055924.0,0.0,0.0,167.6588592529297,126.53152465820312
2018-08-15,125.73016007307062,127.31401392640865,124.3797881438294,127.0805435180664,2426564.0,0.0,0.0,168.38629150390625,127.0805435180664
2018-08-16,127.47806090997986,128.36780253060985,127.35185977333639,128.1911163330078,1961679.0,0.0,0.0,169.8578643798828,128.1911163330078
2018-08-17,128.27313329427997,129.35217078000636,127.39602452129103,129.21334838867188,1912284.0,0.0,0.0,171.21237182617188,129.21334838867188
2018-08-20,129.81284300683922,129.86332807587297,128.5129561210132,129.10610961914062,2501673.0,0.0,0.0,171.0702362060547,129.10610961914062
2018-08-21,129.35853081699813,130.01479074722081,128.97361665668905,129.79393005371094,2044801.0,0.0,0.0,171.98159790039062,129.79393005371094
2018-08-22,129.84440771307516,129.84440771307516,128.3489025676062,128.89157104492188,1747715.0,0.0,0.0,170.78594970703125,128.89157104492188
2018-08-23,128.95509163926855,129.0503856342598,127.97680951501891,128.79627990722656,1635291.0,1.137124,0.0,169.52340698242188,128.79627990722656
2018-08-24,129.13297365375868,130.53686763498348,128.99957364185144,130.40982055664062,2005214.0,0.0,0.0,171.64715576171875,130.40982055664062
2018-08-27,130.9751849311627,132.4489611777593,130.76556130997318,132.34097290039062,2125531.0,0.0,0.0,174.18896484375,132.34097290039062
2018-08-28,132.74748011959437,133.47802085404936,132.4362096689133,133.03970336914062,2555493.0,0.0,0.0,175.10870361328125,133.03970336914062
2018-08-29,132.87459070681751,134.01803774765042,132.45533181545537,133.69406127929688,2523919.0,0.0,0.0,175.9698944091797,133.69406127929688
2018-08-30,133.2176190075833,134.09426594376373,132.91270135837584,133.54159545898438,2679997.0,0.0,0.0,175.76922607421875,133.54159545898438
2018-08-31,133.12866021998974,134.49443640673067,133.04607209532955,133.98623657226562,2324426.0,0.0,0.0,176.35450744628906,133.98623657226562
2018-09-04,133.751164700954,133.878211726618,131.84542453717555,132.51243591308594,2521766.0,0.0,0.0,174.4147186279297,132.51243591308594
2018-09-05,132.31559999640422,134.6152003143523,131.7184704394484,134.5643768310547,2333994.0,0.0,0.0,177.11538696289062,134.5643768310547
2018-09-06,134.6723279664179,135.54262191292278,134.0815515079467,135.1424102783203,2826746.0,0.0,0.0,177.87625122070312,135.1424102783203
2018-09-07,134.82480384259676,135.28853327952294,133.38279205611803,135.03443908691406,3276083.0,0.0,0.0,177.73411560058594,135.03443908691406
2018-09-10,135.73951193042225,137.44833480592024,135.21861784864672,135.26307678222656,2870041.0,0.0,0.0,178.0351104736328,135.26307678222656
2018-09-11,134.2657622533986,134.81206812443193,133.4018213225138,134.53256225585938,2353130.0,0.0,0.0,177.07357788085938,134.53256225585938
2018-09-12,134.8628467061902,136.4255517884343,130.7972723199789,131.3118133544922,5904652.0,0.0,0.0,172.83444213867188,131.3118133544922
2018-09-13,131.71203916738656,132.85548571087566,131.21019234714285,132.79830932617188,2596875.0,0.0,0.0,174.7909698486328,132.79830932617188
2018-09-14,132.6649499979993,133.5924087430177,131.59138537358456,132.05511474609375,2059034.0,0.0,0.0,173.81271362304688,132.05511474609375
2018-09-17,131.78827672275963,133.52249972024052,131.68664139878783,133.10324096679688,1926038.0,0.0,0.0,175.1923065185547,133.10324096679688
2018-09-18,133.55424805896513,134.56429461469833,132.4044486024978,134.37371826171875,1976868.0,0.0,0.0,176.8645477294922,134.37371826171875
2018-09-19,134.52620111698218,136.03174182290394,134.43727165256763,135.3837890625,2253862.0,0.0,0.0,178.19398498535156,135.3837890625
2018-09-20,136.38743310266622,137.84850287099874,135.47268061208814,136.74952697753906,2481820.0,0.0,0.0,179.99163818359375,136.74952697753906
2018-09-21,138.05182181022067,138.40120991630536,136.96555148942167,137.4229278564453,6654185.0,0.0,0.0,180.8779296875,137.4229278564453
2018-09-24,136.82577017098194,137.1306876857201,135.1105946594045,135.63150024414062,2445581.0,0.0,0.0,178.5200653076172,135.63150024414062
2018-09-25,136.02540687899895,136.02540687899895,133.5797013723794,133.8083953857422,2500358.0,0.0,0.0,176.1204071044922,133.8083953857422
2018-09-26,134.34834297953032,135.04711926569502,133.8083900247157,134.08154296875,2006529.0,0.0,0.0,176.4799346923828,134.08154296875
2018-09-27,134.67236805677135,135.225038670759,133.40187369039762,133.4717559814453,1925321.0,0.0,0.0,175.67726135253906,133.4717559814453
2018-09-28,133.10325610549597,134.21493823508627,132.6839973043673,133.85284423828125,2990239.0,0.0,0.0,176.17892456054688,133.85284423828125
2018-10-01,134.92639557790596,135.56164239241144,134.2339723766361,134.79298400878906,2187245.0,0.0,0.0,177.4163818359375,134.79298400878906
2018-10-02,134.91370376377193,137.11165611597983,134.73583324603442,137.02906799316406,2092282.0,0.0,0.0,180.35952758789062,137.02906799316406
2018-10-03,137.21328030847135,138.06451523293487,136.53991588731103,137.06082153320312,2558483.0,0.0,0.0,180.40133666992188,137.06082153320312
2018-10-04,136.4828017816322,136.9973430936736,134.69775474656998,135.84120178222656,2012270.0,0.0,0.0,178.79598999023438,135.84120178222656
2018-10-05,136.1651163361202,136.5970808979106,134.0751525875625,135.42822265625,2559799.0,0.0,0.0,178.25250244140625,135.42822265625
2018-10-08,135.39013553792637,136.31124117325436,134.8374652009642,136.17784118652344,1993373.0,0.0,0.0,179.2391357421875,136.17784118652344
2018-10-09,135.10430257812303,135.3774671525183,133.17316131265636,133.6686553955078,3525090.0,0.0,0.0,175.93646240234375,133.6686553955078
2018-10-10,132.88725896969584,132.88725896969584,128.03397784517094,128.41513061523438,4216139.0,0.0,0.0,169.02174377441406,128.41513061523438
2018-10-11,127.77990656420735,128.89794175087619,124.82600105064368,124.97210693359375,4182651.0,0.0,0.0,164.48995971679688,124.97210693359375
2018-10-12,127.60200785236529,128.669219333637,124.46389113893336,125.9249496459961,3346528.0,0.0,0.0,165.744140625,125.9249496459961
2018-10-15,125.66452490435566,127.49404221839607,125.41043075185151,126.37600708007812,2168109.0,0.0,0.0,166.33779907226562,126.37600708007812
2018-10-16,127.34158937021051,128.65018938770078,126.56022488984797,128.5294952392578,2319642.0,0.0,0.0,169.1722412109375,128.5294952392578
2018-10-17,128.1864109554251,129.444198614546,127.33517612237806,128.9105987548828,2181743.0,0.0,0.0,169.67391967773438,128.9105987548828
2018-10-18,128.53583840381765,128.650179609813,126.0329681808054,127.29075622558594,2797922.0,0.0,0.0,167.54180908203125,127.29075622558594
2018-10-19,127.12558864646482,127.74812972134528,126.01390649947204,126.95407104492188,3788091.0,0.0,0.0,167.09866333007812,126.95407104492188
2018-10-22,127.84341729330147,129.20920522772678,126.85244083570285,127.91329956054688,3902907.0,0.0,0.0,168.3612060546875,127.91329956054688
2018-10-23,119.93456638369445,123.80322366604919,117.20301434963176,122.31674194335938,9873698.0,0.0,0.0,160.99497985839844,122.31674194335938
2018-10-24,122.03089317564817,122.57721058290863,116.86634170449977,117.22842407226562,5984186.0,0.0,0.0,154.2976531982422,117.22842407226562
2018-10-25,118.51798737397215,119.09606949574014,115.84359967212156,117.5143051147461,4228099.0,0.0,0.0,154.67391967773438,117.5143051147461
2018-10-26,116.44706504386217,118.57514657310844,115.60219463856923,117.48887634277344,4241255.0,0.0,0.0,154.64047241210938,117.48887634277344
2018-10-29,119.33112602470467,119.98543186542615,116.35182019684261,118.02251434326172,3429650.0,0.0,0.0,155.34280395507812,118.02251434326172
2018-10-30,118.68314471046263,120.74769709114847,117.52065079161594,120.57617950439453,3491842.0,0.0,0.0,158.70401000976562,120.57617950439453
2018-10-31,121.14157803899774,122.04362507404689,120.48727223436885,120.862060546875,3402740.0,0.0,0.0,159.08026123046875,120.862060546875
2018-11-01,121.08439450073094,122.73604124936409,120.7540651510043,122.10714721679688,2682389.0,0.0,0.0,160.7190704345703,122.10714721679688
2018-11-02,123.02192113263153,123.53646245252285,121.7133093763831,122.4819564819336,3671242.0,0.0,0.0,161.21237182617188,122.4819564819336
2018-11-05,122.92024055824952,123.59360505558064,122.1007817940744,122.76142883300781,3452254.0,0.0,0.0,161.58026123046875,122.76142883300781
2018-11-06,122.77412245523819,124.19072197569326,122.60260488164572,124.06367492675781,2272639.0,0.0,0.0,163.2943115234375,124.06367492675781
2018-11-07,125.26433718421126,127.93872535353819,124.13359606786237,127.86884307861328,2923502.0,0.0,0.0,168.30267333984375,127.86884307861328
2018-11-08,127.68463010969741,129.76188901815559,127.51311246823232,129.6348419189453,3030664.0,0.0,0.0,170.62709045410156,129.6348419189453
2018-11-09,129.59036552424183,129.59036552424183,126.85881243926887,127.74815368652344,2905443.0,0.0,0.0,168.14381408691406,127.74815368652344
2018-11-12,127.41149124698157,127.53853836029093,124.82603206181388,125.1690673828125,3312920.0,0.0,0.0,164.74916076660156,125.1690673828125
2018-11-13,125.4738982607831,127.60833234049834,125.24521593366981,126.01386260986328,2593885.0,0.0,0.0,165.8612060546875,126.01386260986328
2018-11-14,127.5575468924859,127.7100056869587,124.69258286860486,125.81697082519531,3346049.0,0.0,0.0,165.6020050048828,125.81697082519531
2018-11-15,125.60734501850041,130.30817945296644,124.66082751691243,130.16842651367188,3776370.0,0.0,0.0,171.32943725585938,130.16842651367188
2018-11-16,129.10754833457827,133.25571209907642,128.7009954080704,132.76657104492188,3133998.0,0.0,0.0,174.74916076660156,132.76657104492188
2018-11-19,132.0233147357995,132.1630676442042,129.8253626067174,130.59400939941406,3851598.0,0.0,0.0,171.88963317871094,130.59400939941406
2018-11-20,129.32357149218532,129.6793126448349,127.17008895833006,127.37335968017578,3201931.0,0.0,0.0,167.65049743652344,127.37335968017578
2018-11-21,127.71229783359156,128.67167527083618,127.0599202424964,127.07910919189453,2191909.0,1.137124,0.0,166.12876892089844,127.07910919189453
2018-11-23,126.48433071614255,127.07275701910041,125.86393449185881,125.87033081054688,1195880.0,0.0,0.0,164.54849243164062,125.87033081054688
2018-11-26,127.00239451198811,129.08744261752935,126.202913055448,127.82746124267578,2775916.0,0.0,0.0,167.10702514648438,127.82746124267578
2018-11-27,127.35413987554277,128.76122458630118,125.8575067255268,128.35829162597656,2487202.0,0.0,0.0,167.80101013183594,128.35829162597656
2018-11-28,129.1897650737344,130.69919111799658,127.54603969166976,130.6927947998047,2612542.0,0.0,0.0,170.85284423828125,130.6927947998047
2018-11-29,130.3921699678844,131.65215106971672,129.61827395318483,130.83348083496094,1876763.0,0.0,0.0,171.0367889404297,130.83348083496094
2018-11-30,130.70555756382055,132.98248291015625,130.4625092001906,132.98248291015625,3793592.0,0.0,0.0,173.84616088867188,132.98248291015625
2018-12-03,135.0867414004462,135.560033940192,132.4260714029715,133.51976013183594,2982106.0,0.0,0.0,174.54849243164062,133.51976013183594
2018-12-04,133.07208697942556,133.38548331348912,129.25376409097558,129.32411193847656,3227645.0,0.0,0.0,169.06353759765625,129.32411193847656
2018-12-06,127.66751354563546,129.88687177470547,126.75930671177477,129.63104248046875,3578193.0,0.0,0.0,169.4648895263672,129.63104248046875
2018-12-07,129.59271754013471,130.71199158598046,126.00463960600764,126.79132843017578,2696382.0,0.0,0.0,165.75250244140625,126.79132843017578
2018-12-10,126.86806879169019,127.24542819740486,123.84922856231121,126.84248352050781,2368439.0,0.0,0.0,165.81939697265625,126.84248352050781
2018-12-11,128.72282925825408,129.19612164249608,125.44816046590377,126.29240417480469,2187364.0,0.0,0.0,165.10032653808594,126.29240417480469
2018-12-12,128.30072998691574,129.5926927146802,127.72510811388132,127.79545593261719,2295124.0,0.0,0.0,167.06521606445312,127.79545593261719
2018-12-13,128.83154405774235,129.45193993430752,127.60992957781333,129.2792510986328,2190713.0,0.0,0.0,169.00502014160156,129.2792510986328
2018-12-14,127.99373266486592,128.9211286665116,125.26270352764115,125.42259979248047,2957947.0,0.0,0.0,163.9632110595703,125.42259979248047
2018-12-17,125.25633151299157,126.79772760315134,122.70438709789994,123.32478332519531,3046930.0,0.0,0.0,161.22073364257812,123.32478332519531
2018-12-18,123.68934170938033,125.94707865359032,123.53584174270864,124.43765258789062,3153015.0,0.0,0.0,162.6755828857422,124.43765258789062
2018-12-19,125.35863599783025,126.78490973937552,121.32925948149317,121.49555206298828,3906734.0,0.0,0.0,158.82943725585938,121.49555206298828
2018-12-20,120.95186356972782,122.2374296113314,118.64295707840975,119.84538269042969,4316603.0,0.0,0.0,156.6722412109375,119.84538269042969
2018-12-21,120.15236858717115,121.84086729449145,117.45332217810417,117.523681640625,8012243.0,0.0,0.0,153.6371307373047,117.523681640625
2018-12-24,116.33409695270706,117.3894076226048,114.172305073533,114.2426528930664,2690402.0,0.0,0.0,149.3478240966797,114.2426528930664
2018-12-26,114.72871996232853,119.17383305280711,113.1233612628541,119.12905883789062,3498898.0,0.0,0.0,155.73577880859375,119.12905883789062
2018-12-27,117.36383893659551,121.9688491821289,116.96729058404082,121.9688491821289,3359564.0,0.0,0.0,159.4481658935547,121.9688491821289
2018-12-28,122.67877161269809,122.99216780852977,120.60651659550021,121.1181869506836,2764434.0,0.0,0.0,158.33612060546875,121.1181869506836
2018-12-31,121.73857855902246,122.57643771358725,120.56174962459733,121.86649322509766,2158062.0,0.0,0.0,159.3143768310547,121.86649322509766
2019-01-02,120.12686866892273,122.15435015545226,119.41053926580474,122.12877655029297,2960339.0,0.0,0.0,159.65719604492188,122.12877655029297
2019-01-03,120.42101096160941,120.42101096160941,116.97365349763723,117.53009796142578,4016407.0,0.0,0.0,153.64549255371094,117.53009796142578
2019-01-04,119.44249896957196,122.78752824571542,118.98198740726377,122.36539459228516,3582140.0,0.0,0.0,159.966552734375,122.36539459228516
2019-01-07,122.39094607005448,122.99215312134847,120.66406904062424,122.08394622802734,2585991.0,0.0,0.0,159.59866333007812,122.08394622802734
2019-01-08,123.4398629496322,124.14980739490598,121.25248610935213,122.59561920166016,2965841.0,0.0,0.0,160.26756286621094,122.59561920166016
2019-01-09,123.5997527020853,124.04107517457417,122.40373495252194,122.99214935302734,2587666.0,0.0,0.0,160.78594970703125,122.99214935302734
2019-01-10,122.07754252551014,123.9579193621843,121.13735410717307,123.8236083984375,2319403.0,0.0,0.0,161.87290954589844,123.8236083984375
2019-01-11,122.69794117586291,123.24159303086036,122.07114888324288,122.9345932006836,2822440.0,0.0,0.0,160.71070861816406,122.9345932006836
2019-01-14,121.93046817995732,123.33115666948758,121.39321252397714,122.9090347290039,2289622.0,0.0,0.0,160.67726135253906,122.9090347290039
2019-01-15,120.77919936842126,121.95603995852113,120.15240700850693,120.8431625366211,3273811.0,0.0,0.0,157.97659301757812,120.8431625366211
2019-01-16,120.56811471561483,121.80252197413834,120.51055954487643,121.18852233886719,2980552.0,0.0,0.0,158.4281005859375,121.18852233886719
2019-01-17,120.60011501127696,123.37591810463573,120.17799311454495,122.61481475830078,2366764.0,0.0,0.0,160.2926483154297,122.61481475830078
2019-01-18,124.29698673893726,125.61453536796934,123.03060867324393,125.26915740966797,3284934.0,0.0,0.0,163.76254272460938,125.26915740966797
2019-01-22,124.22013721384833,124.39282606276646,121.79612035761834,122.966552734375,3240682.0,0.0,0.0,160.75250244140625,122.966552734375
2019-01-23,123.20326486097005,124.07949049222694,121.70023501199469,122.98580169677734,1976868.0,0.0,0.0,160.777587890625,122.98580169677734
2019-01-24,122.966596201838,123.54862611027005,122.48690737907992,123.13288879394531,1893029.0,0.0,0.0,160.9698944091797,123.13288879394531
2019-01-25,124.53997826042104,126.1005630070441,124.37368567777351,125.29468536376953,2774840.0,0.0,0.0,163.79598999023438,125.29468536376953
2019-01-28,123.52942452599558,123.72769868710274,122.20548024236311,123.56780242919922,3775294.0,0.0,0.0,161.53846740722656,123.56780242919922
2019-01-29,124.72545126828065,127.84663251233708,124.20739622691568,125.96625518798828,5156076.0,0.0,0.0,164.67391967773438,125.96625518798828
2019-01-30,126.77850663471361,127.98732886258891,124.48240387605047,127.4500732421875,2593048.0,0.0,0.0,166.61370849609375,127.4500732421875
2019-01-31,127.14947860094905,128.4862155925533,126.47151562881798,128.10885620117188,3992726.0,0.0,0.0,167.47491455078125,128.10885620117188
2019-02-01,128.8699400075608,129.04902519965495,126.82327043980175,127.37971496582031,2678322.0,0.0,0.0,166.52174377441406,127.37971496582031
2019-02-04,127.28381897141536,128.08330048943503,125.51856331274332,128.05133056640625,2360426.0,0.0,0.0,167.39967346191406,128.05133056640625
2019-02-05,128.3775359301409,128.63977339562462,127.74434689611051,128.6333770751953,2436132.0,0.0,0.0,168.16053771972656,128.6333770751953
2019-02-06,128.69727021606593,129.8869035713435,128.07687410437438,129.5607147216797,2000190.0,0.0,0.0,169.37290954589844,129.5607147216797
2019-02-07,128.56933559164142,129.45196891290686,127.18783626909477,127.81462860107422,2331482.0,0.0,0.0,167.09030151367188,127.81462860107422
2019-02-08,127.41811649658857,127.82106120847081,126.57387250694593,127.80187225341797,1736353.0,0.0,0.0,167.07357788085938,127.80187225341797
2019-02-11,128.51180081381136,128.68448971555466,127.68673421039605,128.49900817871094,1810146.0,0.0,0.0,167.98495483398438,128.49900817871094
2019-02-12,129.75257178919225,132.25974110442206,129.31765728335063,132.11903381347656,3137108.0,0.0,0.0,172.71739196777344,132.11903381347656
2019-02-13,132.45162510197406,134.568654225571,132.1318326061598,134.13372802734375,3548891.0,0.0,0.0,175.35116577148438,134.13372802734375
2019-02-14,133.04541181976066,133.38673703429507,131.4096317078769,131.9763641357422,2666721.0,1.204013,0.0,171.34616088867188,131.9763641357422
2019-02-15,132.96165451589496,134.57811263423704,132.6654131620078,134.5072784423828,2392478.0,0.0,0.0,174.63211059570312,134.5072784423828
2019-02-19,133.89544954642673,134.6940176484417,133.56056501143897,134.2174530029297,1835142.0,0.0,0.0,174.255859375,134.2174530029297
2019-02-20,134.55232156674504,134.578083722907,133.5154770508847,134.2947235107422,2247404.0,0.0,0.0,174.35618591308594,134.2947235107422
2019-02-21,134.0564212966735,134.6682253766543,133.47036761509517,133.8052520751953,2078170.0,0.0,0.0,173.72073364257812,133.8052520751953
2019-02-22,133.8052651274553,135.02244462115277,133.40598700319148,134.8227996826172,1834903.0,0.0,0.0,175.04180908203125,134.8227996826172
2019-02-25,135.54412902786467,136.11086135120027,135.46041375155104,135.61497497558594,2611466.0,0.0,0.0,176.0702362060547,135.61497497558594
2019-02-26,135.6149538268059,136.26540132501964,134.83570728745087,134.84214782714844,1998875.0,0.0,0.0,175.06689453125,134.84214782714844
2019-02-27,134.98383226399628,135.04178537031768,134.05646503475336,134.6167449951172,1842558.0,0.0,0.0,174.7742462158203,134.6167449951172
2019-02-28,134.62964011718168,134.62964011718168,133.28366115944223,133.5605926513672,2537553.0,0.0,0.0,173.40301513671875,133.5605926513672
2019-03-01,134.4751387465934,135.086943362292,133.24508897175446,133.6250457763672,2098262.0,0.0,0.0,173.4866180419922,133.6250457763672
2019-03-04,134.59095193164782,135.22851822445998,132.4979297301282,133.21922302246094,2379920.0,0.0,0.0,172.95986938476562,133.21922302246094
2019-03-05,132.39487854599574,133.47036607691933,131.27430725097656,131.27430725097656,3282422.0,0.0,0.0,170.43478393554688,131.27430725097656
2019-03-06,131.84751393135502,131.8861571711561,130.57882158036696,130.60458374023438,2183059.0,0.0,0.0,169.56521606445312,130.60458374023438
2019-03-07,130.45002875121438,130.45002875121438,127.83535744501835,128.71121215820312,3994162.0,0.0,0.0,167.10702514648438,128.71121215820312
2019-03-08,127.75809920584165,129.55488089324976,127.51337039665738,129.3745574951172,2062502.0,0.0,0.0,167.96823120117188,129.3745574951172
2019-03-11,130.01208004572254,133.4124377892148,129.87039994217807,133.37379455566406,2852819.0,0.0,0.0,173.16053771972656,133.37379455566406
2019-03-12,133.85039738704393,134.20460362342206,132.26614188729945,132.53662109375,2529660.0,0.0,0.0,172.07357788085938,132.53662109375
2019-03-13,133.19994679807036,133.50262870156047,132.42714068779657,133.09046936035156,2435893.0,0.0,0.0,172.7926483154297,133.09046936035156
2019-03-14,133.1162201845212,133.59922547404776,132.49153475373757,133.5541534423828,2144906.0,0.0,0.0,173.3946533203125,133.5541534423828
2019-03-15,134.21101409431944,134.3784563638477,133.1741577805465,134.0049285888672,5256061.0,0.0,0.0,173.9799346923828,134.0049285888672
2019-03-18,134.23676397832622,134.3398126070573,132.4142323913526,134.2689666748047,2204946.0,0.0,0.0,174.32273864746094,134.2689666748047
2019-03-19,134.6618453704998,135.58921271403378,134.15307791385212,134.61032104492188,2812514.0,0.0,0.0,174.76588439941406,134.61032104492188
2019-03-20,134.59743955188443,135.56989067732502,133.4961893657044,134.14663696289062,2074582.0,0.0,0.0,174.16387939453125,134.14663696289062
2019-03-21,133.18060256666485,135.3444710608914,132.6460730444319,134.99026489257812,2736568.0,0.0,0.0,175.2592010498047,134.99026489257812
2019-03-22,134.14019974854386,134.2689988124772,131.68008944088905,131.80245971679688,3248456.0,0.0,0.0,171.1204071044922,131.80245971679688
2019-03-25,131.0296235718599,132.324078077304,130.2503770031795,130.86862182617188,2416638.0,0.0,0.0,169.90802001953125,130.86862182617188
2019-03-26,132.0213686117084,133.72155327238872,131.8732479768592,133.4639434814453,2267138.0,0.0,0.0,173.277587890625,133.4639434814453
2019-03-27,133.56700625818715,133.91476012069296,132.10510961769538,133.41244506835938,2396784.0,0.0,0.0,173.21070861816406,133.41244506835938
2019-03-28,133.95339844721292,134.4299630777841,133.07755565455648,134.2947235107422,1998038.0,0.0,0.0,174.35618591308594,134.2947235107422
2019-03-29,134.7841727051711,134.91941227571056,132.7941871238951,133.8117218017578,3418527.0,0.0,0.0,173.72909545898438,133.8117218017578
2019-04-01,135.1705638434078,136.780580906158,134.76483343213496,136.4907684326172,3095726.0,0.0,0.0,177.2073516845703,136.4907684326172
2019-04-02,136.68397809281439,136.98021936331608,135.88541006905905,136.61314392089844,1690546.0,0.0,0.0,177.36622619628906,136.61314392089844
2019-04-03,137.14122667233707,137.77235247076325,136.81278269537583,137.2571563720703,1877720.0,0.0,0.0,178.2023468017578,137.2571563720703
2019-04-04,137.49544192950722,138.635335116208,136.74195759527782,138.48077392578125,1866836.0,0.0,0.0,179.7909698486328,138.48077392578125
2019-04-05,139.02817620824814,139.42101382376038,138.33264501644516,138.72549438476562,1663756.0,0.0,0.0,180.10870361328125,138.72549438476562
2019-04-08,138.2747506965007,138.50659846296386,137.4761822275052,138.47439575195312,1351480.0,0.0,0.0,179.78260803222656,138.47439575195312
2019-04-09,138.08794803667112,138.1845561426362,136.41353681419665,136.50369262695312,1813734.0,0.0,0.0,177.2240753173828,136.50369262695312
2019-04-10,136.79989516986683,136.98664726675207,135.7050742237846,136.60025024414062,1612926.0,0.0,0.0,177.34950256347656,136.60025024414062
2019-04-11,136.34267456527786,137.6306884682976,136.16879174814542,137.5147705078125,1412715.0,0.0,0.0,178.5367889404297,137.5147705078125
2019-04-12,138.5258556693602,140.06502701175393,138.04285048725887,140.0199432373047,2299190.0,0.0,0.0,181.78929138183594,140.0199432373047
2019-04-15,139.64643442068348,139.98131897109553,138.39706377258207,138.99598693847656,1774027.0,0.0,0.0,180.45986938476562,138.99598693847656
2019-04-16,139.48545585807065,140.18097547978994,138.77060286171294,139.68508911132812,1853322.0,0.0,0.0,181.35450744628906,139.68508911132812
2019-04-17,140.15519581327447,141.25000521859383,139.8653832991765,140.16163635253906,2365210.0,0.0,0.0,181.97325134277344,140.16163635253906
2019-04-18,140.3806069962317,141.46897598489463,140.14877106220695,140.96022033691406,2129000.0,0.0,0.0,183.01004028320312,140.96022033691406
2019-04-22,139.94267332999974,141.29508083468568,139.92335171171447,140.74124145507812,1678586.0,0.0,0.0,182.7257537841797,140.74124145507812
2019-04-23,140.39991198352996,141.39168450765922,139.86538248610242,141.35948181152344,1867913.0,0.0,0.0,183.52842712402344,141.35948181152344
2019-04-24,141.0374954553265,141.5205006974969,140.4578938658461,141.08901977539062,2450484.0,0.0,0.0,183.17726135253906,141.08901977539062
2019-04-25,127.21714017689237,128.13162657721483,122.1037261805899,122.82501983642578,17516855.0,0.0,0.0,159.4648895263672,122.82501983642578
2019-04-26,122.70262351228772,123.81031417490408,121.94913906077102,123.43679809570312,5371595.0,0.0,0.0,160.2592010498047,123.43679809570312
2019-04-29,123.34016874311514,123.77166136352908,122.20027557535008,122.49652862548828,4548866.0,0.0,0.0,159.03846740722656,122.49652862548828
2019-04-30,122.91514473346118,122.91514473346118,120.1394717698703,122.04573059082031,5431036.0,0.0,0.0,158.4531707763672,122.04573059082031
2019-05-01,122.03284144779501,122.17452155306924,119.73373356277159,119.83032989501953,4566926.0,0.0,0.0,155.57691955566406,119.83032989501953
2019-05-02,118.81926101580372,120.1072749401552,118.09796757681822,118.98026275634766,6763260.0,0.0,0.0,154.47325134277344,118.98026275634766
2019-05-03,119.66290796232475,120.22964023250782,118.55521733516056,119.28295135498047,5678249.0,0.0,0.0,154.86622619628906,119.28295135498047
2019-05-06,117.23499085790966,117.92408157965873,116.00494182430589,117.87899780273438,7795050.0,0.0,0.0,153.04347229003906,117.87899780273438
2019-05-07,117.08686027210787,117.14482512323819,114.51083271125073,115.35448455810547,6477058.0,0.0,0.0,149.76588439941406,115.35448455810547
2019-05-08,115.60566271140226,116.26253897731942,114.95521523218522,115.01316833496094,3576638.0,0.0,0.0,149.32273864746094,115.01316833496094
2019-05-09,114.18239100513767,114.24679639656739,112.17309557904281,112.88150787353516,6097447.0,0.0,0.0,146.55519104003906,112.88150787353516
2019-05-10,112.71408466156768,113.55772491505223,111.41963009748773,113.25504302978516,5994711.0,0.0,0.0,147.04013061523438,113.25504302978516
2019-05-13,112.0185491372276,112.43070843820368,111.27794580234472,112.10226440429688,7076373.0,0.0,0.0,145.54347229003906,112.10226440429688
2019-05-14,112.56597708325596,113.96990924177564,112.38565368860385,112.83645629882812,4800744.0,0.0,0.0,146.4966583251953,112.83645629882812
2019-05-15,112.07006680594334,113.119792492461,111.83177859323864,112.13446044921875,3606538.0,0.0,0.0,145.5852813720703,112.13446044921875
2019-05-16,112.3083388050771,112.3083388050771,110.35699641492322,110.64679718017578,4831242.0,0.0,0.0,143.65383911132812,110.64679718017578
2019-05-17,109.48118797897392,109.64863030194523,108.47009349976976,108.89513397216797,5495620.0,0.0,0.0,141.3795928955078,108.89513397216797
2019-05-20,108.16739700808573,108.16739700808573,106.65397576358028,107.06614685058594,5232022.0,0.0,0.0,139.00502014160156,107.06614685058594
2019-05-21,107.55559142686648,107.81963007909249,107.02106182916813,107.74235534667969,4961247.0,0.0,0.0,139.88294982910156,107.74235534667969
2019-05-22,107.82605423453231,109.97060108706968,107.20136891847625,109.31371307373047,5387023.0,0.0,0.0,141.92308044433594,109.31371307373047
2019-05-23,108.84606224159302,109.31372506357225,106.90400625859816,107.73538970947266,4580919.0,1.204013,0.0,138.68728637695312,107.73538970947266
2019-05-24,108.04065229904785,108.74213461971546,107.37815570586714,107.8782730102539,2830812.0,0.0,0.0,138.87123107910156,107.8782730102539
2019-05-28,108.33945387633324,108.46285930664658,106.0986099243164,106.0986099243164,5830620.0,0.0,0.0,136.58026123046875,106.0986099243164
2019-05-29,105.87775899406829,106.3908793984229,104.2474706026958,104.83203125,4388124.0,0.0,0.0,134.9498291015625,104.83203125
2019-05-30,104.8320339767624,105.39711955677285,103.92271475655554,104.2994384765625,2964525.0,0.0,0.0,134.26422119140625,104.2994384765625
2019-05-31,103.81231062629237,104.40336699094706,103.68239770802238,103.76034545898438,4212192.0,0.0,0.0,133.5702362060547,103.76034545898438
2019-06-03,103.76035331757177,104.89700846494293,103.48106422887541,103.94871520996094,4456894.0,0.0,0.0,133.81271362304688,103.94871520996094
2019-06-04,105.04640798168123,107.22877946572086,104.94897327492994,106.70917510986328,4481173.0,0.0,0.0,137.36622619628906,106.70917510986328
2019-06-05,107.26123412961485,107.70939812207044,105.7933248841519,106.42335510253906,3781274.0,0.0,0.0,136.99832153320312,106.42335510253906
2019-06-06,106.52077534239172,108.04713333869772,105.52051716209911,106.9884262084961,4283833.0,0.0,0.0,137.7257537841797,106.9884262084961
2019-06-07,107.53405033562909,108.52780125361478,106.93648643152456,108.21603393554688,2413169.0,0.0,0.0,139.30601501464844,108.21603393554688
2019-06-10,109.19032170008846,110.5608084027784,109.03443802401965,109.30724334716797,2700090.0,0.0,0.0,140.71070861816406,109.30724334716797
2019-06-11,110.35945534268727,110.65173575403004,109.44364022624777,109.7099380493164,2663731.0,0.0,0.0,141.22909545898438,109.7099380493164
2019-06-12,110.33346528153992,110.51533153377045,109.50208177993026,109.77488708496094,2591014.0,0.0,0.0,141.31271362304688,109.77488708496094
2019-06-13,110.00218314247697,110.35292426482476,109.0344031602124,109.67092895507812,2561234.0,0.0,0.0,141.17892456054688,109.67092895507812
2019-06-14,109.27474409272678,109.28123973853731,107.85230434053577,108.26799011230469,3252163.0,0.0,0.0,139.37290954589844,108.26799011230469
2019-06-17,108.5342605518808,108.7486049562821,108.11857488479298,108.32642364501953,2132827.0,0.0,0.0,139.4481658935547,108.32642364501953
2019-06-18,109.02142746442821,111.8923014503171,108.83957308562604,111.62599182128906,4333108.0,0.0,0.0,143.69564819335938,111.62599182128906
2019-06-19,111.63897798438333,112.2430256129856,110.76863259235526,110.905029296875,3321770.0,0.0,0.0,142.76756286621094,110.905029296875
2019-06-20,112.28202580418697,113.19785278353737,111.52209435610531,112.97701263427734,3664783.0,0.0,0.0,145.43478393554688,112.97701263427734
2019-06-21,112.85360216748218,113.37970214860788,112.12613713409972,112.59378814697266,5837437.0,0.0,0.0,144.94146728515625,112.59378814697266
2019-06-24,112.59377905224402,113.2368006246757,112.58728340592171,112.61326599121094,3243432.0,0.0,0.0,144.966552734375,112.61326599121094
2019-06-25,112.52882922547326,112.61975641640092,111.24928178625294,111.73641967773438,3268907.0,0.0,0.0,143.83779907226562,111.73641967773438
2019-06-26,111.94427928636338,112.52235633906731,111.53508906437004,111.63900756835938,2167391.0,0.0,0.0,143.71237182617188,111.63900756835938
2019-06-27,112.04820962250237,112.23007589447752,110.84010219201416,111.39219665527344,2055326.0,0.0,0.0,143.3946533203125,111.39219665527344
2019-06-28,111.61948499092786,113.25626906308669,111.56753168220524,112.58726501464844,4306557.0,0.0,0.0,144.93310546875,112.58726501464844
2019-07-01,113.96427567499629,114.17212452231708,112.7042150040189,113.34723663330078,2519613.0,0.0,0.0,145.911376953125,113.34723663330078
2019-07-02,113.73043937903397,113.73043937903397,112.41191794234334,113.02896881103516,1860258.0,0.0,0.0,145.50167846679688,113.02896881103516
2019-07-03,113.12637696081633,113.69145072977858,112.320976151543,113.6524887084961,1400157.0,0.0,0.0,146.30435180664062,113.6524887084961
2019-07-05,112.36643605375464,112.5483022665225,110.2425141608795,111.7169189453125,2081638.0,0.0,0.0,143.81271362304688,111.7169189453125
2019-07-08,110.36593892140714,110.72967141073016,109.61899885705566,109.89179229736328,2733219.0,0.0,0.0,141.4632110595703,109.89179229736328
2019-07-09,108.35243023335069,108.76163224507621,106.70916210023141,107.6249771118164,5425176.0,0.0,0.0,138.54515075683594,107.6249771118164
2019-07-10,107.94324007499438,108.6772006962227,107.54054556296289,107.6249771118164,3183393.0,0.0,0.0,138.54515075683594,107.6249771118164
2019-07-11,108.0146957931965,109.82683893793332,107.73539484526718,109.79437255859375,3366501.0,0.0,0.0,141.33779907226562,109.79437255859375
2019-07-12,110.48283004378241,112.60025630517092,109.93074761004642,112.58726501464844,3780197.0,0.0,0.0,144.93310546875,112.58726501464844
2019-07-15,112.61327632205716,113.17836204382982,111.20382762114002,112.26253509521484,2616250.0,0.0,0.0,144.51504516601562,112.26253509521484
2019-07-16,112.2040613934902,115.126888501745,112.18457445703106,114.63325500488281,4687004.0,0.0,0.0,147.56689453125,114.63325500488281
2019-07-17,114.5423500383139,114.6332891021728,113.08093604949377,113.45116424560547,3525090.0,0.0,0.0,146.04515075683594,113.45116424560547
2019-07-18,113.2887593493285,113.75641029781858,111.9767336938278,112.40541076660156,2657273.0,0.0,0.0,144.69898986816406,112.40541076660156
2019-07-19,112.37294264280945,113.00946852280367,111.85332653477765,112.11312866210938,2822919.0,0.0,0.0,144.32273864746094,112.11312866210938
2019-07-22,112.24302805480502,113.80187635569371,111.8013597035689,113.43164825439453,2397262.0,0.0,0.0,146.0200653076172,113.43164825439453
2019-07-23,114.31498677525795,115.62701227565019,114.08765104715714,115.30225372314453,2823397.0,0.0,0.0,148.4281005859375,115.30225372314453
2019-07-24,114.91903406364104,117.10140489288996,114.48386139749823,116.53633117675781,4224631.0,0.0,0.0,150.0167236328125,116.53633117675781
2019-07-25,121.46620222614784,121.92736949270446,114.74370489359275,115.69849395751953,8804952.0,0.0,0.0,148.93812561035156,115.69849395751953
2019-07-26,115.37370845348818,115.86734198941362,110.78811427151884,113.00297546386719,4803256.0,0.0,0.0,145.46823120117188,113.00297546386719
2019-07-29,112.905553057645,115.36722535909428,112.79513891699388,114.80864715576172,3156124.0,0.0,0.0,147.7926483154297,114.80864715576172
2019-07-30,114.09414808346568,115.49060513491985,112.88604103793291,115.37369537353516,2366764.0,0.0,0.0,148.5200653076172,115.37369537353516
2019-07-31,115.3867095182155,115.62703658721671,112.6262612415097,113.48362731933594,3606897.0,0.0,0.0,146.0869598388672,113.48362731933594
2019-08-01,113.52912204596042,115.39972642731693,112.38597097289623,112.60030364990234,2847915.0,0.0,0.0,144.9498291015625,112.60030364990234
2019-08-02,112.275503417591,112.31447729112618,110.29447375329976,110.77511596679688,2898028.0,0.0,0.0,142.60032653808594,110.77511596679688
2019-08-05,109.73588556327616,109.78135507822269,106.79357174233829,106.98193359375,3462061.0,0.0,0.0,137.71739196777344,106.98193359375
2019-08-06,107.05342028034781,107.48209742825983,105.80633901241814,106.33245086669922,4179781.0,0.0,0.0,136.8812713623047,106.33245086669922
2019-08-07,105.22176898963993,106.48832523475576,102.64968262026757,106.28697204589844,7167867.0,0.0,0.0,136.82273864746094,106.28697204589844
2019-08-08,106.76111913395708,107.48858413418459,106.22852353025795,106.6636962890625,3899080.0,0.0,0.0,137.3076934814453,106.6636962890625
2019-08-09,106.8715385435189,107.007935259319,105.2412498933307,106.17655181884766,1892192.0,0.0,0.0,136.68060302734375,106.17655181884766
2019-08-12,105.88426888841677,107.02741960975135,104.92948004753478,105.28670501708984,1762665.0,0.0,0.0,135.5351104736328,105.28670501708984
2019-08-13,105.5854751081471,109.0408974211689,105.31916552059157,107.09234619140625,3880542.0,0.0,0.0,137.85952758789062,107.09234619140625
2019-08-14,105.54651091986229,105.78682609649164,103.05885649527774,103.14979553222656,4851096.0,0.0,0.0,132.78428649902344,103.14979553222656
2019-08-15,103.60207438297819,104.67702443113934,102.00929662007943,102.80241394042969,5325429.0,1.204013,0.0,131.1371307373047,102.80241394042969
2019-08-16,103.45787593870892,106.12559182513404,103.20223961979084,105.85685729980469,4164233.0,0.0,0.0,135.033447265625,105.85685729980469
2019-08-19,107.30542437781523,107.46273443658272,106.04038882348364,106.8072738647461,3824808.0,0.0,0.0,136.24581909179688,106.8072738647461
2019-08-20,106.91213496593103,106.91213496593103,105.50289963040939,105.53567504882812,2465793.0,0.0,0.0,134.62374877929688,105.53567504882812
2019-08-21,106.63684488855978,107.26608507200363,105.56189490214844,105.62743377685547,1941826.0,0.0,0.0,134.7407989501953,105.62743377685547
2019-08-22,106.18456852507819,106.79414339167515,104.9719619129994,105.45044708251953,1724154.0,0.0,0.0,134.51504516601562,105.45044708251953
2019-08-23,104.92610831106494,105.10307166068851,101.77334008766768,102.15351104736328,5051784.0,0.0,0.0,130.3093719482422,102.15351104736328
2019-08-26,102.91384913694164,103.21535911011141,101.64881348183793,102.33048248291016,2649499.0,0.0,0.0,130.5351104736328,102.33048248291016
2019-08-27,103.12359081221278,103.22190511243639,101.8585433065859,102.08795928955078,2728196.0,0.0,0.0,130.2257537841797,102.08795928955078
2019-08-28,101.6619082257608,103.41853908236267,100.9408968639736,103.26778411865234,2806892.0,0.0,0.0,131.73077392578125,103.26778411865234
2019-08-29,104.41484007528946,105.54878582631152,104.25097494408013,105.109619140625,3791918.0,0.0,0.0,134.08026123046875,105.109619140625
2019-08-30,105.90273093815023,106.28288988881921,105.14238911315029,106.00104522705078,2352532.0,0.0,0.0,135.21739196777344,106.00104522705078
2019-09-03,105.79130271355791,105.94205768119035,103.07770133434208,103.98223114013672,2195617.0,0.0,0.0,132.6421356201172,103.98223114013672
2019-09-04,104.7622379835844,105.28659684597505,104.21164682387597,104.91954803466797,1801894.0,0.0,0.0,133.83779907226562,104.91954803466797
2019-09-05,106.51233995531577,109.07518698915882,106.44023401502113,107.64628601074219,2895994.0,0.0,0.0,137.31605529785156,107.64628601074219
2019-09-06,107.91499675465322,108.07230680962239,106.80727128583565,107.4561767578125,2107711.0,0.0,0.0,137.07357788085938,107.4561767578125
2019-09-09,108.15096742358176,110.01902282429855,107.94777178111994,108.76709747314453,3697195.0,0.0,0.0,138.74581909179688,108.76709747314453
2019-09-10,108.9113043167689,110.83835559667095,108.81299001217849,110.68104553222656,3875279.0,0.0,0.0,141.18728637695312,110.68104553222656
2019-09-11,111.33651354844953,111.3561788030449,108.39349575701448,110.16979217529297,4280604.0,0.0,0.0,140.5351104736328,110.16979217529297
2019-09-12,111.17918570417208,112.64086173897778,110.51717008593658,111.80842590332031,3432998.0,0.0,0.0,142.6254119873047,111.80842590332031
2019-09-13,111.81500786293637,113.0538352693762,111.33652251474925,112.37215423583984,3030903.0,0.0,0.0,143.344482421875,112.37215423583984
2019-09-16,112.22136326546388,112.22136326546388,110.05834128288708,111.21195220947266,2941323.0,0.0,0.0,141.8645477294922,111.21195220947266
2019-09-17,109.96003196962359,110.49094589297366,109.13415124661847,110.16321563720703,3248814.0,0.0,0.0,140.52674865722656,110.16321563720703
2019-09-18,109.86170674781897,110.15011846659473,108.31482662469499,109.75028228759766,2507653.0,0.0,0.0,140.0,109.75028228759766
2019-09-19,109.71750981484307,110.64827190899642,109.4028897148518,109.50775909423828,1941108.0,0.0,0.0,139.6906280517578,109.50775909423828
2019-09-20,109.74373544050285,110.88423634840868,109.12105029432901,109.30458068847656,4423884.0,0.0,0.0,139.4314422607422,109.30458068847656
2019-09-23,108.47214481158659,109.74373544050285,107.82323932884418,109.30458068847656,2318566.0,0.0,0.0,139.4314422607422,109.30458068847656
2019-09-24,109.49466176339763,109.82239203366011,107.60037410265463,107.98054504394531,3572213.0,0.0,0.0,137.7424774169922,107.98054504394531
2019-09-25,107.99363378889113,108.13783364378172,107.29228780034323,107.4954833984375,3298807.0,0.0,0.0,137.12374877929688,107.4954833984375
2019-09-26,107.49551541651327,107.7642499586038,106.70896508200052,107.38407897949219,3304907.0,0.0,0.0,136.98159790039062,107.38407897949219
2019-09-27,107.81012008985938,108.57044997721478,107.18087991248508,107.8428955078125,3432879.0,0.0,0.0,137.56689453125,107.8428955078125
2019-09-30,108.28857803434923,108.52454902235174,107.45614243714323,107.75765228271484,3000166.0,0.0,0.0,137.45819091796875,107.75765228271484
2019-10-01,108.15096003531255,108.2886048282764,103.67416093213379,103.81180572509766,3912714.0,0.0,0.0,132.42474365234375,103.81180572509766
2019-10-02,102.9466222761088,103.05149166736975,101.35384438249055,102.02241516113281,3554871.0,0.0,0.0,130.1421356201172,102.02241516113281
2019-10-03,101.68812033322769,101.89787105811389,98.84998429154817,101.74711608886719,3618737.0,0.0,0.0,129.7909698486328,101.74711608886719
2019-10-04,101.74711643696597,102.28459743802418,101.20308035192537,102.13384246826172,3165094.0,0.0,0.0,130.28428649902344,102.13384246826172
2019-10-07,101.59637781153066,101.82578186415489,100.62629699707031,100.62629699707031,2955555.0,0.0,0.0,128.3612060546875,100.62629699707031
2019-10-08,99.84628064840234,100.15434567501124,98.69922467276331,98.8041000366211,3327033.0,0.0,0.0,126.03678894042969,98.8041000366211
2019-10-09,99.8528424174512,99.91838728140691,98.83688207384638,98.96797180175781,4016886.0,0.0,0.0,126.24581909179688,98.96797180175781
2019-10-10,98.94174241116525,100.34443466842775,98.88930772098148,99.83316802978516,3817632.0,0.0,0.0,127.34949493408203,99.83316802978516
2019-10-11,101.02611115988265,104.61147915490452,101.01300099112453,103.62828826904297,5585559.0,0.0,0.0,132.1906280517578,103.62828826904297
2019-10-14,103.58894567118543,106.44019140102327,103.13012575668819,105.20793151855469,3910681.0,0.0,0.0,134.2056884765625,105.20793151855469
2019-10-15,104.447614273837,107.50862337367808,104.447614273837,106.82694244384766,3705926.0,0.0,0.0,136.27090454101562,106.82694244384766
2019-10-16,106.90557107141069,107.62658236987306,106.26322077067027,106.30255126953125,2314499.0,0.0,0.0,135.6020050048828,106.30255126953125
2019-10-17,106.93180122675187,108.47213825049403,106.89247072427798,107.1939926147461,2325742.0,0.0,0.0,136.7391357421875,107.1939926147461
2019-10-18,107.20707754458442,107.67245249547632,106.82690670049634,106.90555572509766,3221665.0,0.0,0.0,136.37123107910156,106.90555572509766
2019-10-21,108.45903244836315,108.90474227551152,107.99365736918632,108.76709747314453,2390326.0,0.0,0.0,138.74581909179688,108.76709747314453
2019-10-22,108.98337550932834,110.71378566668496,108.2164787229903,109.81581115722656,2468544.0,0.0,0.0,140.0836181640625,109.81581115722656
2019-10-23,109.73060215204086,110.615478515625,109.17346796467629,110.615478515625,3243911.0,0.0,0.0,141.1036834716797,110.615478515625
2019-10-24,108.25582157042084,108.31481731820335,104.6311237836093,106.11246490478516,7120147.0,0.0,0.0,135.35952758789062,106.11246490478516
2019-10-25,106.51883938476783,109.87479019919547,106.26975822845685,108.8653793334961,3713341.0,0.0,0.0,138.87123107910156,108.8653793334961
2019-10-28,109.12105360917525,111.2381903475795,108.93752320945246,110.8121337890625,3753048.0,0.0,0.0,141.35450744628906,110.8121337890625
2019-10-29,110.1370090107991,111.39548938510883,109.79616858245163,110.64826965332031,3192602.0,0.0,0.0,141.14549255371094,110.64826965332031
2019-10-30,110.26809644388828,110.49094536116489,109.48154622620046,110.35985565185547,2129358.0,0.0,0.0,140.777587890625,110.35985565185547
2019-10-31,110.45163121796031,110.48440663705006,107.20054888089365,108.1444091796875,3173108.0,0.0,0.0,137.95150756835938,108.1444091796875
2019-11-01,109.42254788454827,111.52657415275516,109.27834801153746,111.48724365234375,2951010.0,0.0,0.0,142.21571350097656,111.48724365234375
2019-11-04,112.49011022357381,114.70557311801728,112.49011022357381,114.64002227783203,4954789.0,0.0,0.0,146.23745727539062,114.64002227783203
2019-11-05,114.70556255143168,115.00707246484467,113.89934710058179,114.88253784179688,2756062.0,0.0,0.0,146.5468292236328,114.88253784179688
2019-11-06,114.64656697822161,114.70556272904506,112.97514032320167,114.05010223388672,3603428.0,0.0,0.0,145.48495483398438,114.05010223388672
2019-11-07,115.18405073913682,115.82640108309143,113.91246021839662,114.39094543457031,4017125.0,0.0,0.0,145.91973876953125,114.39094543457031
2019-11-08,114.4302632444639,114.62034870537047,112.81127722773356,113.49295806884766,1932258.0,0.0,0.0,144.7742462158203,113.49295806884766
2019-11-11,113.06689271527084,113.06689271527084,111.19882582954821,111.50033569335938,3186503.0,0.0,0.0,142.23243713378906,111.50033569335938
2019-11-12,111.66422359622315,112.7850591718444,111.44792975860793,111.97884368896484,2081518.0,0.0,0.0,142.84280395507812,111.97884368896484
2019-11-13,111.50035756849933,112.33934846299974,111.15296206017898,111.78875732421875,1960005.0,0.0,0.0,142.60032653808594,111.78875732421875
2019-11-14,111.41516426897077,112.94893436731027,111.38238884767449,112.03784942626953,1930224.0,0.0,0.0,142.91806030273438,112.03784942626953
2019-11-15,112.51635306310001,113.19147900470577,112.10997365817138,112.66055297851562,3129812.0,0.0,0.0,143.71237182617188,112.66055297851562
2019-11-18,111.94605350645219,112.21478794931062,110.88420197558143,111.78218841552734,2828062.0,0.0,0.0,142.59197998046875,111.78218841552734
2019-11-19,112.55565086054162,112.55565086054162,111.12019524709866,111.87397003173828,2142993.0,0.0,0.0,142.7090301513672,111.87397003173828
2019-11-20,111.29062983893795,111.42827464680826,109.56020720957022,109.96659851074219,3216642.0,0.0,0.0,140.2759246826172,109.96659851074219
2019-11-21,110.3302225904458,110.40956461326718,108.7633382936512,109.17984771728516,4312656.0,1.204013,0.0,138.07691955566406,109.17984771728516
2019-11-22,109.41785195081935,110.90540615736683,109.08728434936437,110.80622863769531,3908887.0,0.0,0.0,140.13377380371094,110.80622863769531
2019-11-25,111.38141033218666,112.6309504253941,110.98472442603709,112.55162048339844,3303232.0,0.0,0.0,142.3411407470703,112.55162048339844
2019-11-26,112.26070807817261,112.55821643310513,111.54006654100782,111.88385772705078,3122636.0,0.0,0.0,141.4966583251953,111.88385772705078
2019-11-27,112.39294845642976,113.29869731445311,112.06899272394108,112.79623413085938,1592474.0,0.0,0.0,142.65049743652344,112.79623413085938
2019-11-29,112.67725833264805,112.7764237985536,111.90373391548407,112.24091339111328,1127230.0,0.0,0.0,141.9481658935547,112.24091339111328
2019-12-02,112.49874687007349,113.5168970964365,111.2293710374093,111.24920654296875,2801271.0,0.0,0.0,140.69398498535156,111.24920654296875
2019-12-03,110.07898252812352,110.14508880640166,108.69059383419706,109.19966888427734,3231592.0,0.0,0.0,138.1020050048828,109.19966888427734
2019-12-04,110.02607463305142,111.64585320441435,109.74840175378627,110.50209045410156,2558483.0,0.0,0.0,139.74916076660156,110.50209045410156
2019-12-05,110.5550167551878,110.9847498641877,107.57990797333039,108.6707763671875,3957923.0,0.0,0.0,137.43310546875,108.6707763671875
2019-12-06,110.57484085075399,113.70862129496933,110.57484085075399,113.36483001708984,4640480.0,0.0,0.0,143.36956787109375,113.36483001708984
2019-12-09,111.99626336481322,113.22598002965621,111.59297768745157,112.28054809570312,2461607.0,0.0,0.0,141.99832153320312,112.28054809570312
2019-12-10,111.81774571699242,111.98964131972969,110.38969829336781,110.84587860107422,3193918.0,0.0,0.0,140.18394470214844,110.84587860107422
2019-12-11,111.32190730045338,111.62602754080928,110.62771297572446,111.55992126464844,2223364.0,0.0,0.0,141.0869598388672,111.55992126464844
2019-12-12,110.23107453438823,112.95494596971716,109.96661314861412,111.44095611572266,3435390.0,0.0,0.0,140.93646240234375,111.44095611572266
2019-12-13,112.1417210664398,113.13342385624547,111.12357093844332,111.59298706054688,2509208.0,0.0,0.0,141.12876892089844,111.59298706054688
2019-12-16,111.69214406977795,112.94168418169933,111.19629271235999,112.88880157470703,3488971.0,0.0,0.0,142.76756286621094,112.88880157470703
2019-12-17,112.62432967239712,113.5763733586829,111.87064098886825,112.3466567993164,3196430.0,0.0,0.0,142.08193969726562,112.3466567993164
2019-12-18,112.24749929498053,112.39294757522381,111.19629009842504,111.75164794921875,2715398.0,0.0,0.0,141.32943725585938,111.75164794921875
2019-12-19,112.14171863939232,114.09867683845907,111.8309865531586,113.81439208984375,3298090.0,0.0,0.0,143.93812561035156,113.81439208984375
2019-12-20,115.55977952971827,116.00934801007631,113.84743531272537,115.94322967529297,8985548.0,0.0,0.0,146.63043212890625,115.94322967529297
2019-12-23,116.82918406913306,118.46218669022399,116.73000654231019,117.99278259277344,5832055.0,0.0,0.0,149.222412109375,117.99278259277344
2019-12-24,117.86054306038352,118.12499230103798,116.38620053775317,116.80933380126953,1506362.0,0.0,0.0,147.7257537841797,116.80933380126953
2019-12-26,116.65726328816267,116.79609973041052,116.0291873485038,116.74981689453125,1716499.0,0.0,0.0,147.65049743652344,116.74981689453125
2019-12-27,116.78948944034023,117.37789438559392,116.10851882210454,117.19278717041016,1761588.0,0.0,0.0,148.21070861816406,117.19278717041016
2019-12-30,117.19279217408112,118.31671950769046,116.08868827728134,116.24736022949219,2051260.0,0.0,0.0,147.01504516601562,116.24736022949219
2019-12-31,115.85065766354651,116.74979448139153,115.7448683447029,116.63740539550781,1881906.0,0.0,0.0,147.50836181640625,116.63740539550781
2020-01-02,117.470435926558,119.01088429336366,117.11342110632084,119.0042724609375,4307633.0,0.0,0.0,150.50167846679688,119.0042724609375
2020-01-03,117.03414837482306,118.11840496485354,116.11516354543618,117.97956848144531,2950412.0,0.0,0.0,149.2056884765625,117.97956848144531
2020-01-06,117.1200442477562,118.15141781349926,116.59113379875548,118.09191131591797,2389608.0,0.0,0.0,149.3478240966797,118.09191131591797
2020-01-07,117.86713895493803,118.01921113851536,116.90188357326926,117.61591339111328,2598908.0,0.0,0.0,148.74581909179688,117.61591339111328
2020-01-08,117.68201979105895,119.99599256480296,117.45061768752879,119.4207992553711,3298927.0,0.0,0.0,151.02842712402344,119.4207992553711
2020-01-09,120.00263090163085,120.05551351510256,118.84564425923017,119.79767608642578,3284575.0,0.0,0.0,151.50502014160156,119.79767608642578
2020-01-10,120.06874474145056,120.44559522128826,119.09687734851569,119.31505584716797,2516145.0,0.0,0.0,150.8946533203125,119.31505584716797
2020-01-13,119.62574960624832,120.47861575609936,119.2422874141258,119.6125259399414,2500597.0,0.0,0.0,151.27090454101562,119.6125259399414
2020-01-14,119.61257148165267,120.69021623824952,119.14316734520158,119.91007995605469,3481795.0,0.0,0.0,151.64715576171875,119.91007995605469
2020-01-15,119.94311702961448,120.23401361473515,118.46217470081044,118.85884857177734,2968711.0,0.0,0.0,150.31771850585938,118.85884857177734
2020-01-16,119.45384916805853,119.79764034732611,118.79932597395073,119.67202758789062,2571280.0,0.0,0.0,151.34616088867188,119.67202758789062
2020-01-17,119.6654604792423,120.42576121828694,119.46711748393713,119.8968505859375,4413360.0,0.0,0.0,151.63043212890625,119.8968505859375
2020-01-21,120.22739609870537,120.26706710354473,118.0985423557396,118.60100555419922,4027769.0,0.0,0.0,149.99163818359375,118.60100555419922
2020-01-22,118.68036504920967,119.38115924433347,117.60270831797907,117.70187377929688,2894559.0,0.0,0.0,148.85450744628906,117.70187377929688
2020-01-23,117.06718590214466,117.97294698605252,116.61761731044493,117.5101547241211,2820646.0,0.0,0.0,148.61204528808594,117.5101547241211
2020-01-24,118.00599453002184,118.8786842869387,117.37130668303091,117.78120422363281,3161148.0,0.0,0.0,148.95484924316406,117.78120422363281
2020-01-27,118.91172025503165,119.39434788055985,116.05561343551686,116.11511993408203,5216234.0,0.0,0.0,146.8478240966797,116.11511993408203
2020-01-28,113.64909562696293,113.9399921775574,109.12032739557613,109.47071838378906,10669157.0,0.0,0.0,138.44480895996094,109.47071838378906
2020-01-29,109.9797971439605,110.05913915068706,106.79313451491672,107.10386657714844,6391304.0,0.0,0.0,135.45150756835938,107.10386657714844
2020-01-30,106.44272556858333,107.52698180954452,104.96178344668604,107.4410400390625,5211092.0,0.0,0.0,135.8779296875,107.4410400390625
2020-01-31,107.10388700971548,107.53362009862835,104.61140613707859,104.89569091796875,6865399.0,0.0,0.0,132.6588592529297,104.89569091796875
2020-02-03,105.80141648243045,105.98653573922728,103.38826637652501,103.52711486816406,4694898.0,0.0,0.0,130.9281005859375,103.52711486816406
2020-02-04,105.62955998934733,105.75517279622188,103.79821430771682,103.9568862915039,5219224.0,0.0,0.0,131.47157287597656,103.9568862915039
2020-02-05,105.199827882943,107.32208251953125,104.92215489318518,107.32208251953125,3729367.0,0.0,0.0,135.72743225097656,107.32208251953125
2020-02-06,108.75010477988636,109.08728421557258,107.41461070641479,107.6922836303711,4082905.0,0.0,0.0,136.19564819335938,107.6922836303711
2020-02-07,106.7138047905768,107.05098422719222,105.53698267975028,105.83450317382812,3272495.0,0.0,0.0,133.84616088867188,105.83450317382812
2020-02-10,105.92043119564552,106.61462548263736,105.03450579396743,105.8807601928711,3294741.0,0.0,0.0,133.90467834472656,105.8807601928711
2020-02-11,106.44275397989283,107.44768055213191,105.79484238271144,107.40139770507812,2721020.0,0.0,0.0,135.8277587890625,107.40139770507812
2020-02-12,108.5848343120531,109.11374495175353,108.14187753318316,108.29393768310547,3272734.0,0.0,0.0,136.95652770996094,108.29393768310547
2020-02-13,107.91365871206726,107.98703533320428,106.07240102982098,106.57941436767578,4083024.0,1.229097,0.0,133.57859802246094,106.57941436767578
2020-02-14,106.63943774969266,107.50002722050732,105.95231268930945,107.4133071899414,2671266.0,0.0,0.0,134.62374877929688,107.4133071899414
2020-02-18,106.97968762515733,107.09310668088912,105.43197284639389,105.99234771728516,2964764.0,0.0,0.0,132.84280395507812,105.99234771728516
2020-02-19,106.1257497543455,107.0530439988882,105.64541118957662,106.29920196533203,2746494.0,0.0,0.0,133.22743225097656,106.29920196533203
2020-02-20,106.07237750948548,107.66679379064333,105.73881649735094,105.77884674072266,3917020.0,0.0,0.0,132.57525634765625,105.77884674072266
2020-02-21,105.6254457430778,105.79888584099281,104.15109533892868,104.69146728515625,4228219.0,0.0,0.0,131.21237182617188,104.69146728515625
2020-02-24,103.03699597017479,103.21044822741753,101.54931445309911,101.76946258544922,4348178.0,0.0,0.0,127.55016326904297,101.76946258544922
2020-02-25,102.27650281161456,102.3632228705338,97.379820534836,97.96688842773438,6295026.0,0.0,0.0,122.7842788696289,97.96688842773438
2020-02-26,99.78144027084797,101.28246521850988,98.79410039035803,99.37449645996094,6161912.0,0.0,0.0,124.54849243164062,99.37449645996094
2020-02-27,100.88887460114937,103.69078567334437,99.40119292729064,100.17505645751953,9856954.0,0.0,0.0,125.55184173583984,100.17505645751953
2020-02-28,102.79684216909868,104.55136775116266,97.39981906549971,99.56129455566406,13753641.0,0.0,0.0,124.78260803222656,99.56129455566406
2020-03-02,100.9622172874349,102.35650056106712,98.9808664111169,102.0829849243164,9599455.0,0.0,0.0,127.94314575195312,102.0829849243164
2020-03-03,101.69607657855398,102.73679008827948,96.3591052924986,96.8927993774414,9922614.0,0.0,0.0,121.43812561035156,96.8927993774414
2020-03-04,98.08028120289772,102.73679312483117,97.39314388480737,102.72344970703125,6905465.0,0.0,0.0,128.74581909179688,102.72344970703125
2020-03-05,100.60201306844188,102.97029948340547,99.76811025857104,101.00895690917969,7040852.0,0.0,0.0,126.59699249267578,101.00895690917969
2020-03-06,99.79476067256195,103.23044042228496,98.64731221595007,102.5032730102539,8557500.0,0.0,0.0,128.4698944091797,102.5032730102539
2020-03-09,97.79341291461448,99.70805330035411,95.7653656557842,96.10559844970703,9800502.0,0.0,0.0,120.45150756835938,96.10559844970703
2020-03-10,99.41452899944157,102.32317503597838,96.65264230176639,102.26981353759766,6759433.0,0.0,0.0,128.17726135253906,102.26981353759766
2020-03-11,99.88818462112941,99.88818462112941,97.71336569816685,98.22705078125,5678847.0,0.0,0.0,123.11036682128906,98.22705078125
2020-03-12,93.37039030629765,94.53785399880536,86.95267585154829,89.11415100097656,9826097.0,0.0,0.0,111.68896484375,89.11415100097656
2020-03-13,94.07087111897411,94.52451686233786,87.39298395452575,94.5178451538086,7870039.0,0.0,0.0,118.46154022216797,94.5178451538086
2020-03-16,86.63247210193157,90.3950360487376,85.39829721802128,87.33294677734375,8899197.0,0.0,0.0,109.4565200805664,87.33294677734375
2020-03-17,88.02007607970836,91.2422739017864,86.46568364764852,89.68788146972656,7816338.0,0.0,0.0,112.40802764892578,89.68788146972656
2020-03-18,85.69850923426903,92.97680904130632,85.65180726502759,91.40907287597656,8205038.0,0.0,0.0,114.56521606445312,91.40907287597656
2020-03-19,91.86937474300811,93.51716505849132,88.68052927743886,91.73594665527344,7613377.0,0.0,0.0,114.97491455078125,91.73594665527344
2020-03-20,92.10953857863326,92.8900676344163,81.8625426102469,83.3168716430664,11468683.0,0.0,0.0,104.42308044433594,83.3168716430664
2020-03-23,85.49834957352314,85.65845839780751,76.0785914246017,78.6336669921875,9489423.0,0.0,0.0,98.55351257324219,78.6336669921875
2020-03-24,81.58234879213956,89.02743400725741,80.72176532141695,88.54043579101562,11136793.0,0.0,0.0,110.96990203857422,88.54043579101562
2020-03-25,88.82728546690825,89.85465546023009,84.59106130245797,87.75321960449219,9260030.0,0.0,0.0,109.9832763671875,87.75321960449219
2020-03-26,87.92001143056987,90.9821005925619,87.13281065158488,90.84867858886719,8033532.0,0.0,0.0,113.86287689208984,90.84867858886719
2020-03-27,88.61382101294163,91.44241864247556,87.33294420270288,88.88733673095703,5097711.0,0.0,0.0,111.40467834472656,88.88733673095703
2020-03-30,88.22687391489949,92.06949772136967,87.43300153296364,91.88937377929688,4627922.0,0.0,0.0,115.16722106933594,91.88937377929688
2020-03-31,90.52178725985925,93.02349543042503,90.51511555108503,91.0688247680664,4321985.0,0.0,0.0,114.1387939453125,91.0688247680664
2020-04-01,88.06010527340963,90.62185888167211,87.39965478822535,88.82062530517578,4518010.0,0.0,0.0,111.3210678100586,88.82062530517578
2020-04-02,88.3002900736755,92.20295437477232,88.12683778586437,92.00281524658203,4772399.0,0.0,0.0,115.30936431884766,92.00281524658203
2020-04-03,90.73525927692422,91.68924662477687,88.66051013193062,89.2542495727539,4291607.0,0.0,0.0,111.86454772949219,89.2542495727539
2020-04-06,91.96943576313701,94.23098061270419,91.329000438419,93.86406707763672,6745081.0,0.0,0.0,117.64214324951172,93.86406707763672
2020-04-07,98.4004832062136,100.495247283976,96.33240595979997,96.46582794189453,6573575.0,0.0,0.0,120.90300750732422,96.46582794189453
2020-04-08,97.21966718941,99.88148357695633,96.00550778471263,99.39448547363281,3673036.0,0.0,0.0,124.57357788085938,99.39448547363281
2020-04-09,99.04092755346434,99.88817365333158,97.76005692831409,98.58728790283203,5721305.0,0.0,0.0,123.56187438964844,98.58728790283203
2020-04-13,98.40047424468935,99.12096383956795,96.93280822601378,97.66664123535156,3160191.0,0.0,0.0,122.40802764892578,97.66664123535156
2020-04-14,99.81477768491426,100.72206295294941,98.7673987326994,100.16168212890625,3968806.0,0.0,0.0,125.53511810302734,100.16168212890625
2020-04-15,98.86080731581862,99.10097665438668,96.66597951113252,96.83943176269531,3640504.0,0.0,0.0,121.3712387084961,96.83943176269531
2020-04-16,96.91282008165504,97.70002696796195,95.55188882516633,96.66598510742188,4987798.0,0.0,0.0,121.15384674072266,96.66598510742188
2020-04-17,98.36047277527113,99.06761911879236,96.59926949424818,97.7066879272461,6450148.0,0.0,0.0,122.45819091796875,97.7066879272461
2020-04-20,96.565918282561,98.08028671611405,95.83208504824691,95.84542846679688,3460028.0,0.0,0.0,120.12541961669922,95.84542846679688
2020-04-21,94.89811260828664,95.24501714090869,93.73064870898412,94.4844970703125,2787996.0,0.0,0.0,118.41973114013672,94.4844970703125
2020-04-22,95.63860124629242,96.38577777097186,94.53785462732692,95.80538177490234,3288522.0,0.0,0.0,120.07524871826172,95.80538177490234
2020-04-23,96.45250900767653,98.4538695573909,95.98551980663831,96.28572845458984,3092019.0,0.0,0.0,120.67726135253906,96.28572845458984
2020-04-24,96.84607871974109,98.29372956591064,96.27235452940481,98.06690979003906,2687532.0,0.0,0.0,122.90969848632812,98.06690979003906
2020-04-27,98.73403832530587,103.06365991101029,98.66065563082394,102.5032730102539,5555300.0,0.0,0.0,128.4698944091797,102.5032730102539
2020-04-28,106.75954752920696,108.79426059004487,103.53734326390772,105.14510345458984,9919744.0,0.0,0.0,131.7809295654297,105.14510345458984
2020-04-29,105.76552392021178,106.88628573030945,103.51731641683813,104.2444839477539,4768572.0,0.0,0.0,130.6521759033203,104.2444839477539
2020-04-30,102.94360491208006,103.36388605284894,101.23576916384636,101.34918212890625,4386689.0,0.0,0.0,127.0234146118164,101.34918212890625
2020-05-01,99.60132759497598,100.09499756101681,98.55394227897575,99.13433837890625,3499974.0,0.0,0.0,124.24748992919922,99.13433837890625
2020-05-04,99.09429809658123,99.10764151306002,97.43983619971114,99.00090026855469,2666841.0,0.0,0.0,124.08026885986328,99.00090026855469
2020-05-05,99.99491647048922,100.06829917726299,98.13364370495101,98.35379791259766,2713963.0,0.0,0.0,123.26923370361328,98.35379791259766
2020-05-06,98.59394068849221,98.84744729895277,97.39311862055818,97.53321838378906,2593646.0,0.0,0.0,122.24080657958984,97.53321838378906
2020-05-07,98.53392169366582,98.63399124066166,96.66598319482144,97.22636413574219,3349757.0,0.0,0.0,121.85618591308594,97.22636413574219
2020-05-08,98.12030005411351,99.5212614500085,97.65331698036539,99.07428741455078,2594961.0,0.0,0.0,124.1722412109375,99.07428741455078
2020-05-11,98.61397813233492,98.70736987919699,97.12629058133984,97.21968841552734,3629382.0,0.0,0.0,121.84782409667969,97.21968841552734
2020-05-12,97.76673603548107,98.21370401148893,94.3644140489595,94.4111099243164,3623880.0,0.0,0.0,118.3277587890625,94.4111099243164
2020-05-13,93.87074236530287,93.88407969563856,90.06147055266068,90.80864715576172,5747976.0,0.0,0.0,113.81270599365234,90.80864715576172
2020-05-14,90.061473332114,90.82866508538382,87.4730450203623,90.721923828125,7053649.0,0.0,0.0,113.70401000976562,90.721923828125
2020-05-15,89.74791780104361,92.64322615822891,89.52776968825485,92.52314758300781,12095985.0,0.0,0.0,115.96154022216797,92.52314758300781
2020-05-18,95.50518326823689,99.88150135729725,95.0715526581796,99.581298828125,7196452.0,0.0,0.0,124.80769348144531,99.581298828125
2020-05-19,99.06762613987752,101.16906236771929,98.31377778155098,98.9875717163086,4855640.0,0.0,0.0,124.06354522705078,98.9875717163086
2020-05-20,99.98156289707896,101.0222701906292,99.28775397649567,99.85481262207031,4100845.0,0.0,0.0,125.15050506591797,99.85481262207031
2020-05-21,99.53813580449417,100.14450189661979,97.92116160805921,98.23782348632812,3335764.0,1.229097,0.0,121.91471862792969,98.23782348632812
2020-05-22,98.19070198441544,98.79706834611144,97.42263874596085,98.66232299804688,3183034.0,0.0,0.0,122.44147491455078,98.66232299804688
2020-05-26,101.35052441466848,103.0685549816231,100.52182037438024,102.46218872070312,5521095.0,0.0,0.0,127.15718841552734,102.46218872070312
2020-05-27,103.74902379081217,106.55851095182348,103.31109844228226,106.55177307128906,7243335.0,0.0,0.0,132.23243713378906,106.55177307128906
2020-05-28,106.92909252974816,107.71062536092785,103.84336390602296,105.65573120117188,8049917.0,0.0,0.0,131.1204071044922,105.65573120117188
2020-05-29,104.76639225620168,105.6894083132689,103.11572798060152,105.39970397949219,10324111.0,0.0,0.0,130.80267333984375,105.39970397949219
2020-06-01,105.06954369761979,106.14753074592478,104.35537758550278,104.82026672363281,2491746.0,0.0,0.0,130.0836181640625,104.82026672363281
2020-06-02,105.60855341730895,106.85497536459329,105.5276988433559,106.20817565917969,2791225.0,0.0,0.0,131.80601501464844,106.20817565917969
2020-06-03,107.3602588489511,108.91659861683716,106.8010639379196,108.61341857910156,4394463.0,0.0,0.0,134.7909698486328,108.61341857910156
2020-06-04,107.63652436084531,109.5364718862876,107.24575178518695,109.5162582397461,3445317.0,0.0,0.0,135.911376953125,109.5162582397461
2020-06-05,111.16689726601062,113.4239152719222,111.16689726601062,112.79060363769531,5414531.0,0.0,0.0,139.97491455078125,112.79060363769531
2020-06-08,112.5817320261288,114.22566419616288,111.3487982678561,112.42677307128906,3573170.0,0.0,0.0,139.52340698242188,112.42677307128906
2020-06-09,111.4903109633486,113.16118280189241,110.54706892842516,112.31227111816406,3781274.0,0.0,0.0,139.3812713623047,112.31227111816406
2020-06-10,112.44699027337373,112.74343243154976,110.36514499008013,110.42577362060547,3051355.0,0.0,0.0,137.04013061523438,110.42577362060547
2020-06-11,107.83863999458771,107.96664745047906,102.61715672788404,102.66432189941406,5999854.0,0.0,0.0,127.40802764892578,102.66432189941406
2020-06-12,105.29189102357246,106.05994795118403,102.22637660306286,104.34191131591797,3586565.0,0.0,0.0,129.48995971679688,104.34191131591797
2020-06-15,101.65370372271656,107.54217523345697,101.39094480666276,106.26881408691406,4896185.0,0.0,0.0,131.8812713623047,106.26881408691406
2020-06-16,109.71832193394434,110.07540494189496,105.70284100740528,107.57583618164062,4050493.0,0.0,0.0,133.5033416748047,107.57583618164062
2020-06-17,107.93292997928418,108.38433104606378,107.10423222917174,107.27266693115234,2050662.0,0.0,0.0,133.12709045410156,107.27266693115234
2020-06-18,106.49788848620582,107.68366946107608,106.17449479264148,107.26594543457031,2160096.0,0.0,0.0,133.1187286376953,107.26594543457031
2020-06-19,108.70773500207146,109.20630127541115,105.41989520932373,106.55177307128906,7660619.0,0.0,0.0,132.23243713378906,106.55177307128906
2020-06-22,105.77697723345959,106.05994362228238,104.75289317484089,105.568115234375,2416996.0,0.0,0.0,131.01170349121094,105.568115234375
2020-06-23,106.42376829842325,106.90212094212431,105.26493888533544,106.34292602539062,2752953.0,0.0,0.0,131.97325134277344,106.34292602539062
2020-06-24,105.29862390129635,105.59506604906849,102.21289598517092,102.55650329589844,3639189.0,0.0,0.0,127.27424621582031,102.55650329589844
2020-06-25,102.44199403061114,104.46321105453103,101.12819927644173,104.20718383789062,2464597.0,0.0,0.0,129.32273864746094,104.20718383789062
2020-06-26,104.16001736278459,104.28128692567564,102.09163543560355,102.75863647460938,3380374.0,0.0,0.0,127.52508544921875,102.75863647460938
2020-06-29,103.6883852944709,105.44684920111457,103.40541889620286,104.81353759765625,2565540.0,0.0,0.0,130.07525634765625,104.81353759765625
2020-06-30,104.36883954706836,105.5815717422247,103.78943111414483,105.09648132324219,3518154.0,0.0,0.0,130.42642211914062,105.09648132324219
2020-07-01,105.33231802335851,106.31597483666344,104.63836549038521,104.71920776367188,1944218.0,0.0,0.0,129.95819091796875,104.71920776367188
2020-07-02,106.19470769866744,107.04361931052352,105.41317490338902,105.80394744873047,2371429.0,0.0,0.0,131.30435180664062,105.80394744873047
2020-07-06,107.03687690332855,107.77125679135739,105.8106808566948,106.51809692382812,2511002.0,0.0,0.0,132.1906280517578,106.51809692382812
2020-07-07,105.15716974725525,105.8443722630808,104.2206655869632,104.30825805664062,1879753.0,0.0,0.0,129.4481658935547,104.30825805664062
2020-07-08,104.4766846548051,104.83375550168034,103.66818802565567,104.14655303955078,1987752.0,0.0,0.0,129.24749755859375,104.14655303955078
2020-07-09,103.70186868472678,104.24086229354795,101.76150644745488,102.03773498535156,2619240.0,0.0,0.0,126.63043212890625,102.03773498535156
2020-07-10,102.19942581820243,103.2504614491799,101.72781104904163,102.98096466064453,2337582.0,0.0,0.0,127.8010025024414,102.98096466064453
2020-07-13,103.9915892129959,105.7298273757684,103.86356946558453,104.29476928710938,2652489.0,0.0,0.0,129.4314422607422,104.29476928710938
2020-07-14,104.2947690835375,107.27942923955578,103.70187240394914,106.8145523071289,3825884.0,0.0,0.0,132.55853271484375,106.8145523071289
2020-07-15,107.78470415727942,108.7279335285578,107.29287583284703,107.3467788696289,4152871.0,0.0,0.0,133.2190704345703,107.3467788696289
2020-07-16,107.29291230061096,108.4113146261632,106.4776900692031,108.13508605957031,2154594.0,0.0,0.0,134.19732666015625,108.13508605957031
2020-07-17,108.37760262733745,108.84922967037633,107.46806253448177,107.68366241455078,3051833.0,0.0,0.0,133.6371307373047,107.68366241455078
2020-07-20,107.02339533958086,107.0368711015962,105.35252380371094,105.35252380371094,2140960.0,0.0,0.0,130.744140625,105.35252380371094
2020-07-21,105.7769778203426,107.54890514365339,105.7702399398379,106.31597137451172,3297611.0,0.0,0.0,131.93980407714844,106.31597137451172
2020-07-22,106.06669742556444,107.75104484122674,105.79046887574133,106.92908477783203,2271922.0,0.0,0.0,132.70066833496094,106.92908477783203
2020-07-23,107.12445324252839,107.56237857966104,106.69325349035269,107.31983947753906,3223340.0,0.0,0.0,133.1856231689453,107.31983947753906
2020-07-24,107.83188236319442,108.87616775940701,106.93580574526527,107.69039916992188,3019541.0,0.0,0.0,133.64549255371094,107.69039916992188
2020-07-27,107.48156271118107,110.07545056011608,107.3468173663048,109.98113250732422,3825406.0,0.0,0.0,136.48829650878906,109.98113250732422
2020-07-28,104.74619642510967,106.10041256758305,103.62105601307411,104.6518783569336,9255605.0,0.0,0.0,129.8745880126953,104.6518783569336
2020-07-29,105.44012511258748,106.13407773304877,104.37561359638804,105.27169036865234,3973949.0,0.0,0.0,130.64381408691406,105.27169036865234
2020-07-30,103.96461163872911,104.24084011786229,101.97707850825816,102.48912048339844,3723148.0,0.0,0.0,127.19063568115234,102.48912048339844
2020-07-31,102.19268638071094,102.23985154552942,100.25232428729736,101.3774642944336,3906614.0,0.0,0.0,125.81103515625,101.3774642944336
2020-08-03,101.79522108497153,102.01755893730623,100.59597007937265,101.33708190917969,2708820.0,0.0,0.0,125.76087188720703,101.33708190917969
2020-08-04,100.99344279139257,101.89625124111387,100.83174593913508,101.87603759765625,2314858.0,0.0,0.0,126.42976379394531,101.87603759765625
2020-08-05,102.51609557278042,104.69900312722153,102.47566828495833,104.66531372070312,3162702.0,0.0,0.0,129.89129638671875,104.66531372070312
2020-08-06,105.05609105430125,105.43338783376997,104.2139173298109,105.10325622558594,3451417.0,0.0,0.0,130.43478393554688,105.10325622558594
2020-08-07,105.09650413077316,106.73368618705744,104.47666828790398,106.67305755615234,2612423.0,0.0,0.0,132.38294982910156,106.67305755615234
2020-08-10,106.82126423737392,108.87615773391803,106.82126423737392,108.76836395263672,2718269.0,0.0,0.0,134.9832763671875,108.76836395263672
2020-08-11,110.58075899581289,112.27184449107718,109.84639130560618,110.07545471191406,4502342.0,0.0,0.0,136.6053466796875,110.07545471191406
2020-08-12,111.1669166157458,111.80696624239944,110.05523982643696,110.66835021972656,2486723.0,0.0,0.0,137.3411407470703,110.66835021972656
2020-08-13,111.51724400607017,112.84450822176538,110.9984640467117,111.74630737304688,3449264.0,0.0,0.0,138.67892456054688,111.74630737304688
2020-08-14,110.90411912085952,112.04274710645042,110.84349049423761,111.90798950195312,1922331.0,0.0,0.0,138.8795928955078,111.90798950195312
2020-08-17,111.28140682712429,112.0898909117442,110.25732288813876,110.97148895263672,2473448.0,0.0,0.0,137.71739196777344,110.97148895263672
2020-08-18,110.78287306305312,111.46334992844797,110.33147187847591,110.74918365478516,1816844.0,0.0,0.0,137.44146728515625,110.74918365478516
2020-08-19,111.12647912746846,111.63178335932173,110.34494634188093,110.47295379638672,2407309.0,0.0,0.0,137.09866333007812,110.47295379638672
2020-08-20,109.8328761057879,110.26406352991943,109.40167638625519,109.79918670654297,2380399.0,0.0,0.0,136.26254272460938,109.79918670654297
2020-08-21,109.41169245330339,110.6082667922974,109.28251984576856,109.9419937133789,2398698.0,1.229097,0.0,135.2090301513672,109.9419937133789
2020-08-24,109.83322243962995,111.46490913535075,109.56126638546293,111.17936706542969,3114862.0,0.0,0.0,136.73077392578125,111.17936706542969
2020-08-25,112.08356757202696,112.34872436690756,110.4246843288879,110.88699340820312,2318446.0,0.0,0.0,136.37123107910156,110.88699340820312
2020-08-26,110.73061633036305,112.02237934934615,109.92837160545426,111.4308853149414,2994066.0,0.0,0.0,137.04013061523438,111.4308853149414
2020-08-27,111.83880756581735,112.42348995417711,110.94137394743925,111.55325317382812,2781776.0,0.0,0.0,137.1906280517578,111.55325317382812
2020-08-28,111.93400207195734,112.97420684976352,111.44449613075184,112.62747192382812,3643375.0,0.0,0.0,138.51170349121094,112.62747192382812
2020-08-31,112.28754587038097,112.68867451562755,110.20033692457326,110.83262634277344,3445796.0,0.0,0.0,136.30435180664062,110.83262634277344
2020-09-01,110.25473240593155,112.55270452848642,109.8943990219358,112.04280090332031,3469716.0,0.0,0.0,137.7926483154297,112.04280090332031
2020-09-02,112.28754909152232,115.57813166014554,112.27395066876322,115.2449951171875,4716665.0,0.0,0.0,141.73077392578125,115.2449951171875
2020-09-03,115.5781118014667,115.86365381570593,112.17195563195826,113.06938934326172,4163635.0,0.0,0.0,139.05519104003906,113.06938934326172
2020-09-04,114.34074855443956,114.97302550888428,111.43089735163234,112.70226287841797,3907332.0,0.0,0.0,138.6036834716797,112.70226287841797
2020-09-08,112.5730711493847,112.607067200241,110.05754949578554,110.93458557128906,3425224.0,0.0,0.0,136.4297637939453,110.93458557128906
2020-09-09,111.49887664241503,113.76963901189391,111.49887664241503,112.65465545654297,3255153.0,0.0,0.0,138.54515075683594,112.65465545654297
2020-09-10,113.02179709911528,113.31413832932701,110.64904639105853,110.92098999023438,2456823.0,0.0,0.0,136.4130401611328,110.92098999023438
2020-09-11,111.11816453810162,113.33454601210744,110.85981933670352,112.97421264648438,2031406.0,0.0,0.0,138.93812561035156,112.97421264648438
2020-09-14,113.98721305316167,115.19058645975136,113.15097219872726,114.53111267089844,2707983.0,0.0,0.0,140.85284423828125,114.53111267089844
2020-09-15,115.48972529299833,115.53052055540513,112.9742035543529,113.24614715576172,2459335.0,0.0,0.0,139.27256774902344,113.24614715576172
2020-09-16,114.12999889486093,116.32598287529626,113.88525209983707,115.2449951171875,3506313.0,0.0,0.0,141.73077392578125,115.2449951171875
2020-09-17,114.2183891326931,117.75371851150368,113.66769023054735,117.19622039794922,3296296.0,0.0,0.0,144.13043212890625,117.19622039794922
2020-09-18,116.9786362862314,117.46815460198542,115.21777733935342,115.27217102050781,4885062.0,0.0,0.0,141.76422119140625,115.27217102050781
2020-09-21,112.84502947120204,113.31413776071953,108.53464031686295,109.70401763916016,4678393.0,0.0,0.0,134.9163818359375,109.70401763916016
2020-09-22,109.50008331002111,111.27454099891072,109.06495859653,110.37030792236328,2516145.0,0.0,0.0,135.73577880859375,110.37030792236328
2020-09-23,110.49267965025248,111.66205700688474,108.1811093717128,108.4462661743164,2688847.0,0.0,0.0,133.36956787109375,108.4462661743164
2020-09-24,108.37148674614116,110.11196075464255,107.46726609292709,109.06495666503906,1877361.0,0.0,0.0,134.13043212890625,109.06495666503906
2020-09-25,108.31029235135303,109.4456736342555,108.0043402913907,108.96296691894531,2330884.0,0.0,0.0,134.00502014160156,108.96296691894531
2020-09-28,110.13914261651776,111.59406196163525,109.6836203389311,109.9079818725586,2509806.0,0.0,0.0,135.16722106933594,109.9079818725586
2020-09-29,109.91478430796734,110.10514979552202,107.94996135227676,108.65023040771484,2400013.0,0.0,0.0,133.6204071044922,108.65023040771484
2020-09-30,109.41167509064408,110.88699204451252,107.8343699833381,108.90177154541016,3656052.0,0.0,0.0,133.9297637939453,108.90177154541016
2020-10-01,109.23492430554225,110.0711652517215,107.2293058769605,107.95677185058594,2378964.0,0.0,0.0,132.76756286621094,107.95677185058594
2020-10-02,106.3794452760898,110.09834012223074,106.22987506593604,109.02413940429688,2115246.0,0.0,0.0,134.08026123046875,109.02413940429688
2020-10-05,110.30912735635773,111.15896674134231,109.97599081373659,110.64906311035156,1742572.0,0.0,0.0,136.07859802246094,110.64906311035156
2020-10-06,111.11814404542254,112.65465377050532,110.02355813584212,110.29550170898438,2418192.0,0.0,0.0,135.64381408691406,110.29550170898438
2020-10-07,112.24674419682653,114.0484109846947,111.77763587382874,113.1917724609375,2577858.0,0.0,0.0,139.2056884765625,113.1917724609375
2020-10-08,113.7424592888542,114.32034251618342,112.94700133904037,114.02120208740234,2275510.0,0.0,0.0,140.2257537841797,114.02120208740234
2020-10-09,114.81668700224895,115.90448654378888,114.18440987748136,115.10224151611328,2410538.0,0.0,0.0,141.55519104003906,115.10224151611328
2020-10-12,115.21777632528502,115.99282423832481,114.2999450004716,114.6602783203125,1834186.0,0.0,0.0,141.01170349121094,114.6602783203125
2020-10-13,114.42232750662322,115.20417460736691,112.85862089781854,113.28693389892578,1884059.0,0.0,0.0,139.32273864746094,113.28693389892578
2020-10-14,113.5453100423565,115.26538635269807,113.39573980762933,114.49032592773438,1716619.0,0.0,0.0,140.80267333984375,114.49032592773438
2020-10-15,112.89262955775371,115.36055691367744,112.72266169883933,114.95262908935547,1959168.0,0.0,0.0,141.37123107910156,114.95262908935547
2020-10-16,115.53733311095836,116.98545342780072,115.0478271274911,116.23760223388672,2964406.0,0.0,0.0,142.95150756835938,116.23760223388672
2020-10-19,116.27158046781317,117.17580097309832,114.809849545331,115.27217102050781,2284240.0,0.0,0.0,141.76422119140625,115.27217102050781
2020-10-20,115.9180593472892,117.74691060059176,115.5713244057027,116.2239990234375,2168348.0,0.0,0.0,142.93478393554688,116.2239990234375
2020-10-21,115.80927008940385,117.01264354902685,114.94583235493268,115.01382446289062,1807276.0,0.0,0.0,141.4464874267578,115.01382446289062
2020-10-22,115.3333632324545,116.25119465867806,114.4835239145879,116.06082916259766,1989187.0,0.0,0.0,142.73411560058594,116.06082916259766
2020-10-23,116.88346727882205,117.06023434663986,114.91184509781613,115.44214630126953,2556450.0,0.0,0.0,141.97325134277344,115.44214630126953
2020-10-26,114.00078969243422,114.27953245488118,111.76401116171338,112.9673843383789,3993205.0,0.0,0.0,138.9297637939453,112.9673843383789
2020-10-27,111.83883550838395,112.16517283163455,109.22132530385339,109.47968292236328,4657702.0,0.0,0.0,134.64047241210938,109.47968292236328
2020-10-28,108.65024342434769,110.71704237829641,107.50125115083557,107.7800064086914,3665860.0,0.0,0.0,132.5501708984375,107.7800064086914
2020-10-29,107.49442096908611,108.90175805362651,106.14827676902709,107.74597930908203,3206356.0,0.0,0.0,132.50836181640625,107.74597930908203
2020-10-30,107.64401289088825,108.752197265625,106.73978000077283,108.752197265625,2672462.0,0.0,0.0,133.74581909179688,108.752197265625
2020-11-02,110.26834034936225,111.10458137425216,109.41170168882613,110.77824401855469,2531454.0,0.0,0.0,136.23745727539062,110.77824401855469
2020-11-03,112.08356595779854,113.42291111158355,111.32211645032326,112.5254898071289,2268692.0,0.0,0.0,138.38629150390625,112.5254898071289
2020-11-04,110.64903963367584,112.38271409267044,108.71140128409644,108.88816833496094,3756516.0,0.0,0.0,133.9130401611328,108.88816833496094
2020-11-05,110.2479107414716,111.77762130542797,110.15273421004505,110.9549789428711,2605486.0,0.0,0.0,136.45484924316406,110.9549789428711
2020-11-06,111.2677386366229,111.70286333779202,109.84681516493791,110.83262634277344,2015260.0,0.0,0.0,136.30435180664062,110.83262634277344
2020-11-09,118.38599666272033,119.26983211761076,110.92100838744308,111.11137390136719,5284048.0,0.0,0.0,136.64715576171875,111.11137390136719
2020-11-10,112.30790398845814,115.08178265863465,111.40367125567083,114.99339294433594,4186478.0,0.0,0.0,141.42140197753906,114.99339294433594
2020-11-11,116.07442886894324,116.0812280798542,113.9464247416473,115.04102325439453,3449742.0,0.0,0.0,141.4799346923828,115.04102325439453
2020-11-12,114.32032256005775,115.0273906554341,112.5730499482891,113.57247161865234,2651173.0,0.0,0.0,139.67391967773438,113.57247161865234
2020-11-13,114.16398296746672,115.75488659739781,113.72887070681104,115.43534851074219,2167272.0,0.0,0.0,141.9648895263672,115.43534851074219
2020-11-16,117.35936781150217,118.22280546744634,115.70048460138808,118.20240783691406,2911423.0,0.0,0.0,145.36788940429688,118.20240783691406
2020-11-17,117.64493338854098,118.63754372467305,116.16280468784608,118.05284881591797,3097520.0,0.0,0.0,145.18394470214844,118.05284881591797
2020-11-18,118.63753645262183,118.77350825341291,116.48233564190782,116.5299301147461,3128497.0,0.0,0.0,143.31103515625,116.5299301147461
2020-11-19,116.96879916687357,117.86713817027662,116.09790478732943,117.6819839477539,3571256.0,1.229097,0.0,143.4866180419922,117.6819839477539
2020-11-20,117.6065248339419,118.60086342315105,117.23621649383696,118.5597152709961,3177652.0,0.0,0.0,144.55685424804688,118.5597152709961
2020-11-23,119.15637400105082,119.9106945216275,118.94378764380427,119.41695404052734,2468903.0,0.0,0.0,145.6020050048828,119.41695404052734
2020-11-24,120.00674022515246,121.5291102597649,119.93815992486,121.43309783935547,3690856.0,0.0,0.0,148.06019592285156,121.43309783935547
2020-11-25,121.26847510689197,121.61135145880772,120.3152843550117,121.46048736572266,2454431.0,0.0,0.0,148.09364318847656,121.46048736572266
2020-11-27,121.9405344097045,123.18175003774952,120.39759053943399,121.30278778076172,1515452.0,0.0,0.0,147.90133666992188,121.30278778076172
2020-11-30,120.53475631192147,120.6924784687297,118.42949152521122,118.45006561279297,7344995.0,0.0,0.0,144.42308044433594,118.45006561279297
2020-12-01,119.47182257316285,120.47987765608629,116.58480537720148,116.93453979492188,4616082.0,0.0,0.0,142.57525634765625,116.93453979492188
2020-12-02,116.75625673250971,118.3471943478623,116.72882461592575,117.84659576416016,2896473.0,0.0,0.0,143.68728637695312,117.84659576416016
2020-12-03,117.29112109323509,118.9026324612139,117.29112109323509,117.83285522460938,2843849.0,0.0,0.0,143.67056274414062,117.83285522460938
2020-12-04,118.03859778007286,118.74492466195584,117.63401163966898,118.26490020751953,3185666.0,0.0,0.0,144.19732666015625,118.26490020751953
2020-12-07,117.75742902276993,118.29231763920276,116.01561513417684,116.68079376220703,3022053.0,0.0,0.0,142.26588439941406,116.68079376220703
2020-12-08,116.39965410351088,118.51862223450917,116.37222198931727,118.26490020751953,2070037.0,0.0,0.0,144.19732666015625,118.26490020751953
2020-12-09,118.40888564226883,120.445569590146,117.90142916213763,120.20555114746094,3337916.0,0.0,0.0,146.56353759765625,120.20555114746094
2020-12-10,119.91757011467746,120.28102062927576,118.42263239615463,118.97123718261719,2665645.0,0.0,0.0,145.05853271484375,118.97123718261719
2020-12-11,118.15515015488192,119.7666739373539,118.06600831469626,119.33465576171875,2243337.0,0.0,0.0,145.50167846679688,119.33465576171875
2020-12-14,120.46614453894115,120.82959496193567,118.62833085641189,118.6900405883789,4425320.0,0.0,0.0,144.71571350097656,118.6900405883789
2020-12-15,119.58836119592402,120.04781141716872,118.32657195077935,119.7872314453125,2715638.0,0.0,0.0,146.0535125732422,119.7872314453125
2020-12-16,119.73928274612115,120.58961584803033,119.56098649017312,120.28788757324219,2332080.0,0.0,0.0,146.66387939453125,120.28788757324219
2020-12-17,120.6924493476492,121.6936462804778,120.27413469705637,121.13818359375,2784049.0,0.0,0.0,147.70066833496094,121.13818359375
2020-12-18,121.21362918570438,121.69365359836675,120.08212966158997,120.98046875,5599672.0,0.0,0.0,147.50836181640625,120.98046875
2020-12-21,119.05347893443192,120.78157651788158,118.65575092942335,120.45927429199219,2038702.0,0.0,0.0,146.87290954589844,120.45927429199219
2020-12-22,120.04096139654563,120.64443021130342,119.4443631232387,119.85581970214844,1651915.0,0.0,0.0,146.1371307373047,119.85581970214844
2020-12-23,120.21239806754255,120.56213240090291,119.29349757511726,119.31407165527344,2108070.0,0.0,0.0,145.47659301757812,119.31407165527344
2020-12-24,119.60900148568571,119.86273608629975,118.92324853006318,119.67758178710938,784815.0,0.0,0.0,145.91973876953125,119.67758178710938
2020-12-28,120.21927493420716,120.96674990509813,119.58838643580516,119.80783081054688,1677988.0,0.0,0.0,146.07859802246094,119.80783081054688
2020-12-29,120.38386344597126,120.44558570039841,118.73806180774825,119.21808624267578,1457804.0,0.0,0.0,145.35952758789062,119.21808624267578
2020-12-30,119.23865543439624,119.9518402865766,118.89577906428258,119.39637756347656,1697244.0,0.0,0.0,145.57691955566406,119.39637756347656
2020-12-31,119.40324615883294,119.91756075952107,118.75864152948668,119.86270904541016,2202195.0,0.0,0.0,146.14549255371094,119.86270904541016
2021-01-04,120.00667978139057,120.829580397163,116.95507070448696,117.86026763916016,3583455.0,0.0,0.0,143.70401000976562,117.86026763916016
2021-01-05,117.95629777258056,118.80663062269284,117.02366859117569,117.66141510009766,2745179.0,0.0,0.0,143.46153259277344,117.66141510009766
2021-01-06,118.44314769865665,120.39753485496118,117.9768394931916,119.45120239257812,4002294.0,0.0,0.0,145.64381408691406,119.45120239257812
2021-01-07,117.64769457829843,118.95063217175515,113.94463513299709,116.38591766357422,7012626.0,0.0,0.0,141.90635681152344,116.38591766357422
2021-01-08,116.00876573532302,116.26250026434265,112.88173013650018,114.26009368896484,5750488.0,0.0,0.0,139.3143768310547,114.26009368896484
2021-01-11,113.90351134087632,114.61669627900693,113.14919074450825,113.28633880615234,3272974.0,0.0,0.0,138.12709045410156,113.28633880615234
2021-01-12,113.76637000030668,114.64413516719692,112.51829628484455,114.18468475341797,3527124.0,0.0,0.0,139.222412109375,114.18468475341797
2021-01-13,114.70585711255806,115.02815945569806,113.86924012330391,114.02696228027344,2509208.0,0.0,0.0,139.0301055908203,114.02696228027344
2021-01-14,114.7058340867315,114.76754382250054,113.30689652777669,114.11608123779297,3462898.0,0.0,0.0,139.1387939453125,114.11608123779297
2021-01-15,113.58118837582114,114.01321908333986,112.03824480474502,113.52633666992188,4246637.0,0.0,0.0,138.41973876953125,113.52633666992188
2021-01-19,114.69897141008236,116.26934708634604,114.38352717225013,115.9744644165039,4668227.0,0.0,0.0,141.40467834472656,115.9744644165039
2021-01-20,115.91960565523536,116.97565423054677,115.50129102966969,116.72879028320312,3196071.0,0.0,0.0,142.3244171142578,116.72879028320312
2021-01-21,116.72882064960602,117.59972774829573,116.15964179378405,117.03740692138672,3215087.0,0.0,0.0,142.70066833496094,117.03740692138672
2021-01-22,116.71507766696597,116.71507766696597,114.68525175280202,115.91960906982422,2809763.0,0.0,0.0,141.33779907226562,115.91960906982422
2021-01-25,115.80988039469254,118.28545305098378,115.364146163045,116.84536743164062,4010308.0,0.0,0.0,142.466552734375,116.84536743164062
2021-01-26,119.17007049212293,121.26846406362473,118.00428099005238,120.65814971923828,6158084.0,0.0,0.0,147.11538696289062,120.65814971923828
2021-01-27,121.59074127585428,128.42083417582958,121.48788340667745,127.99567413330078,9684012.0,0.0,0.0,156.06187438964844,127.99567413330078
2021-01-28,126.86423216698472,127.9477129887534,125.20470202234725,125.7807388305664,4967825.0,0.0,0.0,153.3612060546875,125.7807388305664
2021-01-29,125.00580810262113,125.47898691604343,119.91752772615675,120.45927429199219,5043771.0,0.0,0.0,146.87290954589844,120.45927429199219
2021-02-01,120.67190967501622,121.45366246415894,119.30040389327979,119.8010025024414,3073361.0,0.0,0.0,146.0702362060547,119.8010025024414
2021-02-02,120.86390646483105,121.74167155417773,119.90384503211557,120.02043151855469,3401902.0,0.0,0.0,146.33779907226562,120.02043151855469
2021-02-03,120.26728092823436,121.67993453413929,119.01236196131619,120.33586120605469,3437543.0,0.0,0.0,146.722412109375,120.33586120605469
2021-02-04,120.54841553470675,121.57704444769644,120.35641581717155,121.4467544555664,2192268.0,0.0,0.0,148.07691955566406,121.4467544555664
2021-02-05,121.78965714105462,122.90744064291248,121.17248466543244,122.75657653808594,2179590.0,0.0,0.0,149.67391967773438,122.75657653808594
2021-02-08,122.95543262688798,124.0320679449253,122.86629077671502,123.9566421508789,2816700.0,0.0,0.0,151.1371307373047,123.9566421508789
2021-02-09,124.27206747868411,124.73837577199261,123.55888272736061,124.0800552368164,2323589.0,0.0,0.0,151.28762817382812,124.0800552368164
2021-02-10,124.72466819240216,125.0675445373239,123.87433535758221,124.17606353759766,2307084.0,0.0,0.0,151.40467834472656,124.17606353759766
2021-02-11,124.00324211428506,124.36968765243789,121.57641420521934,122.52364349365234,2617326.0,1.237458,0.0,148.1688995361328,122.52364349365234
2021-02-12,122.56508368307634,123.65057817709909,122.52359644160722,123.55378723144531,1293474.0,0.0,0.0,149.4147186279297,123.55378723144531
2021-02-16,123.76122946564533,124.2382949610876,121.90825857861634,122.12259674072266,2193464.0,0.0,0.0,147.68394470214844,122.12259674072266
2021-02-17,121.72155877070364,122.5858132019765,121.09238608713564,122.13640594482422,1887408.0,0.0,0.0,147.70066833496094,122.13640594482422
2021-02-18,122.55126731401249,124.22446004907437,121.79071827928864,124.01703643798828,2496172.0,0.0,0.0,149.97491455078125,124.01703643798828
2021-02-19,124.15532101634174,124.98501550330103,121.8252972413117,122.06037902832031,3572213.0,0.0,0.0,147.60870361328125,122.06037902832031
2021-02-22,122.00504788395331,122.4406260807206,121.00251522134364,121.76996612548828,2716714.0,0.0,0.0,147.2575225830078,121.76996612548828
2021-02-23,122.75179735279524,122.75179735279524,120.79513313847225,121.80458068847656,2813351.0,0.0,0.0,147.29933166503906,121.80458068847656
2021-02-24,121.68702106166178,123.05599932308334,120.13827734077192,122.81400299072266,3280150.0,0.0,0.0,148.5200653076172,122.81400299072266
2021-02-25,122.73795112060625,124.97118388974411,122.67572025001178,123.59529113769531,3150623.0,0.0,0.0,149.4648895263672,123.59529113769531
2021-02-26,124.06544881388102,124.07236335543323,120.72596498191425,121.03709411621094,4022507.0,0.0,0.0,146.37123107910156,121.03709411621094
2021-03-01,121.47960252241799,122.72413170793551,121.47960252241799,121.97049713134766,2200640.0,0.0,0.0,147.5,121.97049713134766
2021-03-02,122.37842043812587,122.9246187210145,120.85042039516874,122.4544677734375,2717790.0,0.0,0.0,148.0852813720703,122.4544677734375
2021-03-03,122.67573457451591,124.4664747707426,122.24014366504355,123.11131286621094,2712289.0,0.0,0.0,148.8795928955078,123.11131286621094
2021-03-04,123.961728544081,124.57708487824326,120.35260288962633,122.81400299072266,4228697.0,0.0,0.0,148.5200653076172,122.81400299072266
2021-03-05,123.3809689832377,125.53122753716856,122.34386337879096,125.0057601928711,2706309.0,0.0,0.0,151.17056274414062,125.0057601928711
2021-03-08,125.13712820438879,128.39363756782706,125.09564095469203,127.05921936035156,3079580.0,0.0,0.0,153.65383911132812,127.05921936035156
2021-03-09,126.87253831584646,127.32194561919086,125.15784573960507,125.26847839355469,3399152.0,0.0,0.0,151.48829650878906,125.26847839355469
2021-03-10,126.09124833967344,128.1723737728857,125.42750287301548,127.57084655761719,2835357.0,0.0,0.0,154.27256774902344,127.57084655761719
2021-03-11,126.616716994158,127.95803702424004,125.90456973255137,127.61233520507812,2843251.0,0.0,0.0,154.32273864746094,127.61233520507812
2021-03-12,128.33142042763785,128.74626773345003,127.40493484080555,127.85435485839844,3219154.0,0.0,0.0,154.61538696289062,127.85435485839844
2021-03-15,128.62177337720738,131.1108313457764,128.4005333134311,131.0071258544922,3946800.0,0.0,0.0,158.4281005859375,131.0071258544922
2021-03-16,129.98384509239733,130.30190136236627,128.58722136271706,129.18873596191406,2707744.0,0.0,0.0,156.22909545898438,129.18873596191406
2021-03-17,129.52060891021392,131.3597380338093,129.32701437860774,130.19126892089844,3091780.0,0.0,0.0,157.44146728515625,130.19126892089844
2021-03-18,130.39869597452093,132.8116942155404,130.39869597452093,132.0580596923828,3648398.0,0.0,0.0,159.69898986816406,132.0580596923828
2021-03-19,131.7815247855364,132.058081244389,130.46094813695925,130.4747772216797,7987964.0,0.0,0.0,157.78428649902344,130.4747772216797
2021-03-22,130.1636198276646,131.20072535068823,129.29936522514495,131.00022888183594,3115939.0,0.0,0.0,158.41973876953125,131.00022888183594
2021-03-23,130.51623546410494,132.5489718671212,129.91472082543362,130.21202087402344,3311365.0,0.0,0.0,157.466552734375,130.21202087402344
2021-03-24,130.2811921317007,133.26113298574876,130.03919574926522,131.84376525878906,3383723.0,0.0,0.0,159.43980407714844,131.84376525878906
2021-03-25,132.50057761584915,133.68979049565007,131.48421566539912,133.51002502441406,2656316.0,0.0,0.0,161.45484924316406,133.51002502441406
2021-03-26,133.4478067845249,134.7891397128184,132.89469385244573,134.74073791503906,3202410.0,0.0,0.0,162.94314575195312,134.74073791503906
2021-03-29,133.8695578086204,136.01290179139272,133.79349784683765,135.3353271484375,3111753.0,0.0,0.0,163.66220092773438,135.3353271484375
2021-03-30,134.80986778967022,135.95069157726448,134.0493312157188,134.57479858398438,2244533.0,0.0,0.0,162.7424774169922,134.57479858398438
2021-03-31,134.09080416903686,134.42959147443253,132.78404412124164,133.21963500976562,2902572.0,0.0,0.0,161.1036834716797,133.21963500976562
2021-04-01,133.61370609466098,134.07695508067363,131.9474279829091,133.2334442138672,2274912.0,0.0,0.0,161.1204071044922,133.2334442138672
2021-04-05,134.0562583385986,135.48055326226776,133.9318091816873,134.802978515625,2347748.0,0.0,0.0,163.01840209960938,134.802978515625
2021-04-06,134.82372433102788,135.24548626712044,134.1254058785925,134.71310424804688,1761349.0,0.0,0.0,162.90969848632812,134.71310424804688
2021-04-07,134.24292779035127,135.06569525809957,134.07699138830307,134.7891387939453,1795794.0,0.0,0.0,163.00167846679688,134.7891387939453
2021-04-08,134.42269052755412,135.9783489965995,134.15303599363057,135.32151794433594,2860593.0,0.0,0.0,163.64549255371094,135.32151794433594
2021-04-09,135.55656809816495,137.56163368492858,135.55656809816495,136.89788818359375,2582882.0,0.0,0.0,165.5518341064453,136.89788818359375
2021-04-12,137.03620571213827,137.78982778047163,136.24799831239193,136.78038024902344,2011792.0,0.0,0.0,165.40969848632812,136.78038024902344
2021-04-13,135.52199843919666,136.43465483294608,135.0795056342804,135.8400421142578,2702601.0,0.0,0.0,164.27256774902344,135.8400421142578
2021-04-14,135.20397884556735,136.47616639018014,134.83753331449228,136.03366088867188,1883700.0,0.0,0.0,164.50668334960938,136.03366088867188
2021-04-15,136.40009762585288,136.76654313330272,135.45288103456232,136.5383758544922,1748074.0,0.0,0.0,165.11705017089844,136.5383758544922
2021-04-16,137.39572591821522,138.0525696327151,136.88408760292128,137.29893493652344,3312322.0,0.0,0.0,166.0367889404297,137.29893493652344
2021-04-19,136.97392868806108,137.37494679557852,135.9783105774396,137.30580139160156,2631798.0,0.0,0.0,166.04515075683594,137.30580139160156
2021-04-20,137.5478215889055,137.83129255891976,136.51071605568396,137.10531616210938,1977108.0,0.0,0.0,165.80267333984375,137.10531616210938
2021-04-21,137.1053343645948,139.31782393898163,136.98088521706347,138.88916015625,3168204.0,0.0,0.0,167.95986938476562,138.88916015625
2021-04-22,138.74393228167455,139.78103769021777,138.40514501959478,138.9029541015625,2650097.0,0.0,0.0,167.97659301757812,138.9029541015625
2021-04-23,138.97212157850143,140.46556181493807,138.96520703600763,139.8018035888672,2229464.0,0.0,0.0,169.06353759765625,139.8018035888672
2021-04-26,140.3410818714713,140.34799641306944,137.99031437697016,138.02488708496094,3084364.0,0.0,0.0,166.9147186279297,138.02488708496094
2021-04-27,132.41066893415527,135.41827970592755,130.4194325798766,134.4434051513672,6249100.0,0.0,0.0,162.5836181640625,134.4434051513672
2021-04-28,134.8237059488894,136.42085178835194,134.69234225242596,135.4667205810547,3010212.0,0.0,0.0,163.82107543945312,135.4667205810547
2021-04-29,136.0750968956097,137.87275116010528,135.7017369623857,137.62384033203125,2256852.0,0.0,0.0,166.4297637939453,137.62384033203125
2021-04-30,136.66286049308647,137.58241906902404,135.60501104758234,136.30332946777344,2998492.0,0.0,0.0,164.83277893066406,136.30332946777344
2021-05-03,136.89098002211003,137.91425648732107,135.97142168242655,137.3196563720703,2128641.0,0.0,0.0,166.06187438964844,137.3196563720703
2021-05-04,137.23670955776404,137.9765151980017,136.57987843468774,137.85206604003906,2247284.0,0.0,0.0,166.7056884765625,137.85206604003906
2021-05-05,138.2806905769254,139.46990332729249,136.81492141680812,139.2763214111328,2414126.0,0.0,0.0,168.4281005859375,139.2763214111328
2021-05-06,139.16571341028276,140.01613903138448,138.59877140806697,139.94700622558594,2201358.0,0.0,0.0,169.2391357421875,139.94700622558594
2021-05-07,139.87783777436906,140.9564304979302,139.13803233500363,140.40330505371094,2204946.0,0.0,0.0,169.7909698486328,140.40330505371094
2021-05-10,141.73771920534955,144.46876126902242,141.08780276222492,143.34869384765625,3842389.0,0.0,0.0,173.35284423828125,143.34869384765625
2021-05-11,142.84397138198142,143.05830955690007,139.94007837024907,140.85272216796875,3052790.0,0.0,0.0,170.33444213867188,140.85272216796875
2021-05-12,140.76282845088494,140.83887578246404,137.43025949872256,137.49940490722656,2667798.0,0.0,0.0,166.27926635742188,137.49940490722656
2021-05-13,137.3403856485488,141.0739601863861,137.16753474183827,140.6383819580078,2014423.0,0.0,0.0,170.07525634765625,140.6383819580078
2021-05-14,141.04634201730465,141.82072035548137,140.36185273734947,141.30908203125,1764578.0,0.0,0.0,170.88629150390625,141.30908203125
2021-05-17,141.46116534375352,141.97971812289566,140.83199251412742,141.81378173828125,1833109.0,0.0,0.0,171.4966583251953,141.81378173828125
2021-05-18,141.7307899478109,141.86216622534457,140.2235335866139,140.37564086914062,2119073.0,0.0,0.0,169.7575225830078,140.37564086914062
2021-05-19,139.60134919437624,140.14754774500173,137.81752287077322,140.0784149169922,2655359.0,0.0,0.0,169.3979949951172,140.0784149169922
2021-05-20,140.05745617730227,140.8236019881271,139.6465215754049,140.44749450683594,1689350.0,1.237458,0.0,168.6036834716797,140.44749450683594
2021-05-21,140.4892991373185,141.91710964915833,140.05051547211872,140.59378051757812,1838491.0,0.0,0.0,168.77926635742188,140.59378051757812
2021-05-24,141.24844972775708,141.74992211485164,140.6355432692951,141.11611938476562,1828923.0,0.0,0.0,169.40635681152344,141.11611938476562
2021-05-25,141.28329591645078,141.38776457804389,140.25248930763266,140.48928833007812,1817202.0,0.0,0.0,168.65383911132812,140.48928833007812
2021-05-26,140.13409719888506,140.54501915277845,139.507247064326,140.3987579345703,2209371.0,0.0,0.0,168.54515075683594,140.3987579345703
2021-05-27,141.3877284220772,142.0702890368669,141.12306776805204,141.5548858642578,2939290.0,0.0,0.0,169.93310546875,141.5548858642578
2021-05-28,142.00069174042304,142.35590300450852,141.24847666103497,141.41563415527344,2082475.0,0.0,0.0,169.76588439941406,141.41563415527344
2021-06-01,142.76676681155763,142.84338645758226,141.07429628289725,141.5270233154297,1874491.0,0.0,0.0,169.89967346191406,141.5270233154297
2021-06-02,141.89619018255974,142.06334765302586,140.9420033292489,141.58973693847656,2245370.0,0.0,0.0,169.97491455078125,141.58973693847656
2021-06-03,141.03951207137504,142.55090749949673,140.55893591382593,141.8544158935547,2274912.0,0.0,0.0,170.2926483154297,141.8544158935547
2021-06-04,142.1608638289538,143.56081241292648,141.9240521159704,143.51205444335938,2234846.0,0.0,0.0,172.28260803222656,143.51205444335938
2021-06-07,143.7209930953015,144.0413771630102,141.60365682620252,141.89617919921875,1831196.0,0.0,0.0,170.34280395507812,141.89617919921875
2021-06-08,140.6912494402947,142.1120941801695,140.0922738487802,141.79867553710938,2034874.0,0.0,0.0,170.2257537841797,141.79867553710938
2021-06-09,141.77777637616754,141.784741799677,140.64946674202506,141.20664978027344,2042290.0,0.0,0.0,169.51504516601562,141.20664978027344
2021-06-10,142.1886937539541,142.75980757018414,141.2344944016394,141.478271484375,2335908.0,0.0,0.0,169.8411407470703,141.478271484375
2021-06-11,141.91709663401542,142.7111042086497,140.35695589422332,141.25543212890625,2028775.0,0.0,0.0,169.57357788085938,141.25543212890625
2021-06-14,140.89324753524468,141.79868914367842,139.59081487246675,140.24551391601562,2088096.0,0.0,0.0,168.3612060546875,140.24551391601562
2021-06-15,140.55199716666198,140.59378972150174,138.9709599042362,139.72317504882812,2045040.0,0.0,0.0,167.73411560058594,139.72317504882812
2021-06-16,139.69527260641644,139.98779498372485,137.07646392630937,137.1461181640625,2654761.0,0.0,0.0,164.64047241210938,137.1461181640625
2021-06-17,137.06951686410292,137.55705846180285,134.4228461343517,135.91334533691406,3091540.0,0.0,0.0,163.16053771972656,135.91334533691406
2021-06-18,134.45071410606548,134.81985621157443,133.39901118980552,133.44776916503906,6045302.0,0.0,0.0,160.20066833496094,133.44776916503906
2021-06-21,134.83378981211422,136.95112653789238,134.83378981211422,135.9621124267578,3023966.0,0.0,0.0,163.2190704345703,135.9621124267578
2021-06-22,135.64170648391604,136.54714814286106,135.18899200975804,135.91334533691406,2120030.0,0.0,0.0,163.16053771972656,135.91334533691406
2021-06-23,135.67654852582433,136.10837948396835,133.92138841261206,133.97711181640625,3559894.0,0.0,0.0,160.83612060546875,133.97711181640625
2021-06-24,134.63177404777207,134.93822726333912,133.47560271051813,134.60391235351562,2621393.0,0.0,0.0,161.588623046875,134.60391235351562
2021-06-25,134.71538313867435,136.0456775914809,134.631798041009,135.64170837402344,7385898.0,0.0,0.0,162.83444213867188,135.64170837402344
2021-06-28,136.34517709654534,137.1531156005519,135.39099008037624,136.86058044433594,2512198.0,0.0,0.0,164.2976531982422,136.86058044433594
2021-06-29,136.65163060477724,137.78690586690718,136.31731563736295,136.53321838378906,2222168.0,0.0,0.0,163.90467834472656,136.53321838378906
2021-06-30,136.4426798189942,138.58786539628443,136.19193723950363,138.34410095214844,3100032.0,0.0,0.0,166.07859802246094,138.34410095214844
2021-07-01,138.915201761281,139.06842836606057,137.7311560423564,138.66445922851562,2222048.0,0.0,0.0,166.4632110595703,138.66445922851562
2021-07-02,138.41372609873463,139.50025596348567,137.86350845308593,139.22166442871094,1929028.0,0.0,0.0,167.13211059570312,139.22166442871094
2021-07-06,136.7978719707288,137.75205876121228,135.64865331514372,137.13218688964844,3045494.0,0.0,0.0,164.62374877929688,137.13218688964844
2021-07-07,136.60287753448782,139.34008619492425,136.60287753448782,139.20079040527344,2027220.0,0.0,0.0,167.10702514648438,139.20079040527344
2021-07-08,138.25354532362536,138.98486405027646,137.4316887895157,138.09335327148438,2591852.0,0.0,0.0,165.777587890625,138.09335327148438
2021-07-09,139.08935253073437,140.62163159645561,138.77592112426228,139.99478149414062,2925536.0,0.0,0.0,168.06019592285156,139.99478149414062
2021-07-12,137.97496457538702,140.31516943125254,137.83566878573808,139.28436279296875,2588144.0,0.0,0.0,167.2073516845703,139.28436279296875
2021-07-13,139.36096419757126,140.08531746153696,138.70626517461298,139.01968383789062,2019207.0,0.0,0.0,166.88963317871094,139.01968383789062
2021-07-14,139.70225723410192,141.51314055833924,139.30525344559047,141.2693634033203,2939409.0,0.0,0.0,169.59030151367188,141.2693634033203
2021-07-15,140.294292839309,141.2275835737813,139.66744268879052,141.1022186279297,2557885.0,0.0,0.0,169.38963317871094,141.1022186279297
2021-07-16,141.47135609370798,141.53403220925546,138.53912819434393,138.85951232910156,2959024.0,0.0,0.0,166.69732666015625,138.85951232910156
2021-07-19,137.7590384878851,138.28140719176068,135.89244454501232,137.59884643554688,3762975.0,0.0,0.0,165.18394470214844,137.59884643554688
2021-07-20,138.14213211912065,140.8445138511314,137.95407834068754,139.8694305419922,3328827.0,0.0,0.0,167.90969848632812,139.8694305419922
2021-07-21,140.08533731910498,141.30419773511736,139.2704334263142,139.8345947265625,2390924.0,0.0,0.0,167.86788940429688,139.8345947265625
2021-07-22,140.34999505054944,140.4475109996982,138.37893232030987,138.6505584716797,2033798.0,0.0,0.0,166.4464874267578,138.6505584716797
2021-07-23,139.65351825370394,140.02266039348714,138.56003539634528,139.63958740234375,1878557.0,0.0,0.0,167.63377380371094,139.63958740234375
2021-07-26,139.6116948783921,141.20666261134426,139.2495309548725,140.46142578125,2881403.0,0.0,0.0,168.6204071044922,140.46142578125
2021-07-27,137.35506257999256,140.0365602131534,135.7531421348606,139.62562561035156,3587880.0,0.0,0.0,167.61705017089844,139.62562561035156
2021-07-28,138.82464920375514,139.55596781032702,137.9749311112924,138.1002960205078,2558364.0,0.0,0.0,165.78594970703125,138.1002960205078
2021-07-29,139.29828315474836,139.29828315474836,137.86352010557377,138.02371215820312,2535759.0,0.0,0.0,165.69398498535156,138.02371215820312
2021-07-30,137.90530522853487,138.7689543451952,137.34812209053143,137.863525390625,2284719.0,0.0,0.0,165.50167846679688,137.863525390625
2021-08-02,138.65051765311702,139.78580532020212,137.51524269665765,137.57095336914062,1593670.0,0.0,0.0,165.15049743652344,137.57095336914062
2021-08-03,138.2814071879729,140.83752731146626,137.48741235078032,140.0156707763672,2641007.0,0.0,0.0,168.0852813720703,140.0156707763672
2021-08-04,139.57689426283125,139.86245125963455,137.34812355516323,137.5779571533203,2460172.0,0.0,0.0,165.1588592529297,137.5779571533203
2021-08-05,138.28835986665297,138.6853636039724,137.41078001662586,137.7659912109375,1883939.0,0.0,0.0,165.38461303710938,137.7659912109375
2021-08-06,138.03067673160763,138.77591359424346,137.59188041273345,137.995849609375,1334975.0,0.0,0.0,165.66053771972656,137.995849609375
2021-08-09,137.6615426761598,138.0097884975149,137.05558884589988,137.50831604003906,1427187.0,0.0,0.0,165.07525634765625,137.50831604003906
2021-08-10,138.07246759982488,138.94308217206142,137.69637278154752,138.7759246826172,1911686.0,0.0,0.0,166.59698486328125,138.7759246826172
2021-08-11,139.29827409918997,140.5310651792852,138.81769797254344,140.3917694091797,2652010.0,0.0,0.0,168.5367889404297,140.3917694091797
2021-08-12,140.32909541909316,140.94898009196592,139.5490313977092,140.29428100585938,1473233.0,0.0,0.0,168.41973876953125,140.29428100585938
2021-08-13,140.15495441009926,140.48926933475002,139.5002554085438,139.70223999023438,2285197.0,0.0,0.0,167.7090301513672,139.70223999023438
2021-08-16,140.05748551828165,141.2275880413823,139.56297843396186,140.91416931152344,1921972.0,0.0,0.0,169.16387939453125,140.91416931152344
2021-08-17,140.6912806063722,140.6912806063722,137.62672231216698,138.98487854003906,2736328.0,0.0,0.0,166.8478240966797,138.98487854003906
2021-08-18,138.30228348448227,138.46944093714785,136.72821217578678,136.8675079345703,2530856.0,0.0,0.0,164.30601501464844,136.8675079345703
2021-08-19,135.81584674455783,136.67253054000497,135.33527051016173,136.06658935546875,2766109.0,0.0,0.0,163.344482421875,136.06658935546875
2021-08-20,136.38936815114826,136.9437986636385,135.7086157521582,136.26304626464844,2867290.0,1.237458,0.0,162.3411407470703,136.26304626464844
2021-08-23,136.85259069214123,137.7228325393362,135.9262128857979,136.62802124023438,2361263.0,0.0,0.0,162.7759246826172,136.62802124023438
2021-08-24,136.72625418915092,137.62457032392012,136.3893872395694,136.6771240234375,1665310.0,0.0,0.0,162.83444213867188,136.6771240234375
2021-08-25,136.5156956710094,136.88765555939182,135.25245113857596,136.38937377929688,1928670.0,0.0,0.0,162.49163818359375,136.38937377929688
2021-08-26,136.2841416275086,137.12630912818423,135.91218164644826,137.07717895507812,1742931.0,0.0,0.0,163.31103515625,137.07717895507812
2021-08-27,137.55439541127421,138.01759710986101,136.23500188747795,136.88768005371094,2567214.0,0.0,0.0,163.0852813720703,136.88768005371094
2021-08-30,136.97891634213386,138.45972469959847,136.69116673897904,137.6737060546875,1511624.0,0.0,0.0,164.02174377441406,137.6737060546875
2021-08-31,137.4491331493712,137.54738068378984,136.25606150633897,136.6701202392578,3365424.0,0.0,0.0,162.82608032226562,136.6701202392578
2021-09-01,136.53678209841692,136.67714121045003,135.40687779851066,135.75778198242188,2302778.0,0.0,0.0,161.7391357421875,135.75778198242188
2021-09-02,136.199919417814,136.79646167240907,135.77884206838567,136.77540588378906,2505022.0,0.0,0.0,162.95150756835938,136.77540588378906
2021-09-03,136.47362968438142,137.28070419698278,135.89112463149525,136.42449951171875,1751542.0,0.0,0.0,162.533447265625,136.42449951171875
2021-09-07,135.39282403077607,136.55080257285226,130.2275094406089,130.24154663085938,7035231.0,0.0,0.0,155.16722106933594,130.24154663085938
2021-09-08,130.28367831433235,132.22066998371386,129.84855096470517,131.8627471923828,4374131.0,0.0,0.0,157.09866333007812,131.8627471923828
2021-09-09,131.6170810950376,132.2978335516389,129.8765976826095,130.36085510253906,3634046.0,0.0,0.0,155.3093719482422,130.36085510253906
2021-09-10,131.13988778973828,131.3995630512619,129.48362710072658,129.51870727539062,2668874.0,0.0,0.0,154.30601501464844,129.51870727539062
2021-09-13,130.0450432632368,131.88378717295498,128.8519717043581,129.9959259033203,6035614.0,0.0,0.0,154.8745880126953,129.9959259033203
2021-09-14,130.29068943308712,130.53632747863838,127.50451182063502,128.0238494873047,3975624.0,0.0,0.0,152.52508544921875,128.0238494873047
2021-09-15,128.3045686518618,129.91171183438243,127.96068307014413,129.26605224609375,3055182.0,0.0,0.0,154.00502014160156,129.26605224609375
2021-09-16,129.2380006397176,129.55381189366312,127.60278278557318,128.1923065185547,3054106.0,0.0,0.0,152.7257537841797,128.1923065185547
2021-09-17,127.0904466347294,128.19228938538666,125.91141213400574,127.37117767333984,12820283.0,0.0,0.0,151.74749755859375,127.37117767333984
2021-09-20,125.37103633107866,127.54664775454238,125.12539823861503,126.69744873046875,4965912.0,0.0,0.0,150.94480895996094,126.69744873046875
2021-09-21,127.0062430672217,127.08343482140805,124.71132850104073,125.21662902832031,3564200.0,0.0,0.0,149.18060302734375,125.21662902832031
2021-09-22,125.84119775680897,126.99217042066715,125.581535372959,126.2131576538086,2656077.0,0.0,0.0,150.36788940429688,126.2131576538086
2021-09-23,126.43074159639666,128.32562155112342,126.325475468556,127.39923095703125,2615054.0,0.0,0.0,151.7809295654297,127.39923095703125
2021-09-24,127.37817856922406,127.77820007159745,126.7605806162273,127.05533599853516,2483972.0,0.0,0.0,151.37123107910156,127.05533599853516
2021-09-27,126.90792368667124,128.54314064894803,126.89388650013781,127.58165740966797,2454312.0,0.0,0.0,151.99832153320312,127.58165740966797
2021-09-28,127.60275165586961,128.32561574964384,126.16405487135944,126.36054992675781,2739318.0,0.0,0.0,150.54347229003906,126.36054992675781
2021-09-29,126.26932027695032,127.30097694638083,125.74296404922114,126.94305419921875,2003061.0,0.0,0.0,151.23745727539062,126.94305419921875
2021-09-30,127.53261756712833,127.77122426789605,123.07612832581668,123.11122131347656,3869778.0,0.0,0.0,146.6722412109375,123.11122131347656
2021-10-01,123.69367130752673,124.50776421978114,122.26899910534098,123.99544525146484,2893483.0,0.0,0.0,147.7257537841797,123.99544525146484
2021-10-04,122.21989067896286,124.29022270359954,121.96022825525526,123.54630279541016,3600080.0,0.0,0.0,147.1906280517578,123.54630279541016
2021-10-05,123.64458232185787,125.34997325269428,123.21647353613504,124.83765411376953,2258407.0,0.0,0.0,148.72909545898438,124.83765411376953
2021-10-06,123.96035880401057,125.30782653870736,123.1813588227595,125.20256042480469,2460890.0,0.0,0.0,149.16387939453125,125.20256042480469
2021-10-07,126.32545192803315,126.87285105998544,124.71129048678188,124.78146362304688,3442208.0,0.0,0.0,148.66220092773438,124.78146362304688
2021-10-08,124.62005096045743,124.99201085448894,124.06563322432231,124.1849365234375,2953522.0,0.0,0.0,147.95150756835938,124.1849365234375
2021-10-11,124.93590344666777,125.34294359860951,123.6586086065747,123.7147445678711,3218556.0,0.0,0.0,147.39129638671875,123.7147445678711
2021-10-12,123.72875794691716,124.14282942294186,122.90764639729082,123.1883773803711,2578456.0,0.0,0.0,146.76422119140625,123.1883773803711
2021-10-13,123.24454649499232,125.2025940780622,122.8445121008583,124.33937072753906,2428478.0,0.0,0.0,148.1354522705078,124.33937072753906
2021-10-14,124.92184758952624,126.60618232990015,124.88675461417361,126.55003356933594,2725923.0,0.0,0.0,150.76922607421875,126.55003356933594
2021-10-15,126.8097359266181,128.43091646607357,126.80271733004504,127.68699645996094,2584317.0,0.0,0.0,152.12374877929688,127.68699645996094
2021-10-18,126.87991693353004,127.67296716471249,125.86229721343362,127.53260803222656,2096947.0,0.0,0.0,151.93980407714844,127.53260803222656
2021-10-19,128.03786648694745,128.32560325430077,127.47641733398443,127.94662475585938,1667344.0,0.0,0.0,152.43310546875,127.94662475585938
2021-10-20,128.14315280834904,128.55722434558623,127.75715565433562,128.0238494873047,2139046.0,0.0,0.0,152.52508544921875,128.0238494873047
2021-10-21,128.32562014392428,128.45194205747913,126.69041544036527,127.81330108642578,1986556.0,0.0,0.0,152.2742462158203,127.81330108642578
2021-10-22,128.12909583837956,128.6343962354378,126.87285703662917,126.88689422607422,3146556.0,0.0,0.0,151.17056274414062,126.88689422607422
2021-10-25,126.67638066880747,128.3958085526839,125.93947934495857,128.0098114013672,3235300.0,0.0,0.0,152.50836181640625,128.0098114013672
2021-10-26,127.07638638784533,129.0063590965648,125.74295582124657,127.84136199951172,3750178.0,0.0,0.0,152.3076934814453,127.84136199951172
2021-10-27,127.91856746130169,127.96768481818282,124.9779811065486,125.09027862548828,3141892.0,0.0,0.0,149.0301055908203,125.09027862548828
2021-10-28,125.0972921035393,126.3324751077679,125.09027350889265,126.23421478271484,2326100.0,0.0,0.0,150.39297485351562,126.23421478271484
2021-10-29,126.1219501314691,126.96411758471277,125.00607025113594,125.39908599853516,3061162.0,0.0,0.0,149.3979949951172,125.39908599853516
2021-11-01,125.29376148024618,126.14296002797077,124.57792901115116,126.0306625366211,2404558.0,0.0,0.0,150.15049743652344,126.0306625366211
2021-11-02,126.31845882133364,127.7992672679264,126.05176498828371,127.70803833007812,2646748.0,0.0,0.0,152.14883422851562,127.70803833007812
2021-11-03,127.58168992550648,128.16419489214678,126.31142668170389,127.89049530029297,2372146.0,0.0,0.0,152.36622619628906,127.89049530029297
2021-11-04,128.05892427876495,128.4028098091024,126.49389290522357,126.75355529785156,2453474.0,0.0,0.0,151.01170349121094,126.75355529785156
2021-11-05,127.81330448725414,129.006376121288,126.99219281581526,127.5887222290039,2169903.0,0.0,0.0,152.00668334960938,127.5887222290039
2021-11-08,128.1922968434399,128.73269035597284,126.5149803409788,127.40626525878906,2219656.0,0.0,0.0,151.78929138183594,127.40626525878906
2021-11-09,127.2869321067342,128.12909945896197,126.64127260463539,127.25885772705078,2131750.0,0.0,0.0,151.61370849609375,127.25885772705078
2021-11-10,127.25887377508376,128.31860489584093,126.32547737883348,128.0238494873047,2048270.0,0.0,0.0,152.52508544921875,128.0238494873047
2021-11-11,128.43792054841344,128.45896352809666,125.98159133263303,126.47285461425781,2376093.0,0.0,0.0,150.67726135253906,126.47285461425781
2021-11-12,126.99219020405626,130.7468571165214,126.52898850546296,128.8940887451172,5268021.0,0.0,0.0,153.56187438964844,128.8940887451172
2021-11-15,129.19588013016693,129.86259557746396,128.36073117189318,128.64846801757812,1750226.0,0.0,0.0,153.26922607421875,128.64846801757812
2021-11-16,128.64844018726373,129.27305672743782,128.22034430965053,128.6905517578125,2362100.0,0.0,0.0,153.31939697265625,128.6905517578125
2021-11-17,128.6905656752468,129.0414698524583,127.46941965085709,128.6695098876953,2692316.0,0.0,0.0,153.2943115234375,128.6695098876953
2021-11-18,128.84637621164535,129.1506060595232,126.42666303143967,126.48326873779297,3029229.0,1.237458,0.0,149.47325134277344,126.48326873779297
2021-11-19,126.95731579099957,127.92661114022492,126.02338609998029,126.8087387084961,2969190.0,0.0,0.0,149.8578643798828,126.8087387084961
2021-11-22,126.8229052181292,128.96667896616654,126.49035953159655,127.11298370361328,2836792.0,0.0,0.0,150.21739196777344,127.11298370361328
2021-11-23,127.78510860975774,128.287445564849,126.39837196981937,126.97146606445312,2325263.0,0.0,0.0,150.0501708984375,126.97146606445312
2021-11-24,126.62478554442717,126.99977257100814,125.61302297931945,125.67670440673828,1780246.0,0.0,0.0,148.5200653076172,125.67670440673828
2021-11-26,123.47634092027603,125.11070198045076,122.68391248101294,124.1838607788086,2287111.0,0.0,0.0,146.755859375,124.1838607788086
2021-11-29,124.85597670043202,125.11067656710964,123.8017728418312,124.68617248535156,2780102.0,0.0,0.0,147.34950256347656,124.68617248535156
2021-11-30,123.60368601717788,124.42440437251037,120.2358911065692,120.30664825439453,6387238.0,0.0,0.0,142.17391967773438,120.30664825439453
2021-12-01,122.08248394792257,123.56828043236685,120.7735802943745,120.79480743408203,3893698.0,0.0,0.0,142.75083923339844,120.79480743408203
2021-12-02,121.36792242333401,122.2452464566119,120.18635558027604,120.46229553222656,4027052.0,0.0,0.0,142.3578643798828,120.46229553222656
2021-12-03,120.20756912442364,122.33720399251757,119.6981564767851,122.11079406738281,3610604.0,0.0,0.0,144.30601501464844,122.11079406738281
2021-12-06,123.47631779066433,126.13657956501267,123.10840650019351,125.37246704101562,4088646.0,0.0,0.0,148.16053771972656,125.37246704101562
2021-12-07,125.30877361674507,126.17902176343145,124.65078394990822,124.91255950927734,2778069.0,0.0,0.0,147.61705017089844,124.91255950927734
2021-12-08,124.87718954306143,125.11066224213596,123.41262028575446,124.55171966552734,2305888.0,0.0,0.0,147.1906280517578,124.55171966552734
2021-12-09,124.87011831437816,125.51395655598395,124.26872143929246,124.4809799194336,2103286.0,0.0,0.0,147.10702514648438,124.4809799194336
2021-12-10,125.89605626111135,125.89605626111135,124.60129077218511,125.3017349243164,1846146.0,0.0,0.0,148.07691955566406,125.3017349243164
2021-12-13,125.23095174891908,125.49272730424114,123.3984712141249,123.51874542236328,3025760.0,0.0,0.0,145.9698944091797,123.51874542236328
2021-12-14,123.70981501281314,124.94797477844949,123.28531084029974,123.61784362792969,2783690.0,0.0,0.0,146.0869598388672,123.61784362792969
2021-12-15,123.87254649221292,124.6791263893635,123.02352521512485,124.3678207397461,2559320.0,0.0,0.0,146.97325134277344,124.3678207397461
2021-12-16,125.0257750238604,126.6035428805999,123.68855559521582,126.15779876708984,2691000.0,0.0,0.0,149.088623046875,126.15779876708984
2021-12-17,125.83940929187763,126.16486625824471,123.34893914243644,123.63903045654297,4799189.0,0.0,0.0,146.11204528808594,123.63903045654297
2021-12-20,122.54947673014529,123.02351086458035,120.9575571793422,122.14618682861328,2369754.0,0.0,0.0,144.3478240966797,122.14618682861328
2021-12-21,122.71218770475191,123.10132612168316,121.84901522116739,122.34427642822266,2384944.0,0.0,0.0,144.58193969726562,122.34427642822266
2021-12-22,122.34429392213974,122.56362815910344,121.37499850983238,122.14618682861328,2418312.0,0.0,0.0,144.3478240966797,122.14618682861328
2021-12-23,122.39380503757177,124.25457562767899,122.24522796832497,123.79469299316406,2339017.0,0.0,0.0,146.29598999023438,123.79469299316406
2021-12-27,123.92202642944996,125.03991152454371,123.75222224264063,125.01868438720703,1414868.0,0.0,0.0,147.7424774169922,125.01868438720703
2021-12-28,125.11772809308252,126.29221885623318,125.05405959466454,125.68374633789062,1936204.0,0.0,0.0,148.52842712402344,125.68374633789062
2021-12-29,125.5705868634958,126.5681851301673,125.3937069140364,126.22857666015625,1461392.0,0.0,0.0,149.1722412109375,126.22857666015625
2021-12-30,126.55399438592818,126.77332855397242,125.6412920643562,125.68374633789062,1276491.0,0.0,0.0,148.52842712402344,125.68374633789062
2021-12-31,125.60596017704896,126.18611709042737,124.88428898051761,125.67670440673828,1691862.0,0.0,0.0,148.5200653076172,125.67670440673828
2022-01-03,126.16487687391563,126.70966807193811,124.410229063519,125.75452423095703,2309117.0,0.0,0.0,148.61204528808594,125.75452423095703
2022-01-04,126.27809867186713,128.2450051348384,125.95970445347447,127.5162582397461,3016551.0,0.0,0.0,150.69398498535156,127.5162582397461
2022-01-05,125.32290113690013,128.61286175539334,125.23092979657757,126.9926528930664,3531070.0,0.0,0.0,150.07525634765625,126.9926528930664
2022-01-06,127.9761735496342,128.25917635827733,125.61305232347036,125.93852233886719,2996458.0,0.0,0.0,148.82943725585938,125.93852233886719
2022-01-07,126.03044868849074,127.7002008159985,125.38661042739957,127.3181381225586,3349039.0,0.0,0.0,150.45986938476562,127.3181381225586
2022-01-10,126.96438415121554,127.23323544457622,125.0753106484236,125.52104187011719,2772328.0,0.0,0.0,148.33612060546875,125.52104187011719
2022-01-11,125.93849808672414,127.0351434429515,124.8206126752651,126.63186645507812,2707983.0,0.0,0.0,149.64883422851562,126.63186645507812
2022-01-12,126.64601446511757,127.3606099575248,126.35592309246807,126.94316864013672,2067286.0,0.0,0.0,150.0167236328125,126.94316864013672
2022-01-13,127.26861326647149,128.3015899759778,126.66721634891098,128.07518005371094,2505261.0,0.0,0.0,151.35450744628906,128.07518005371094
2022-01-14,127.96197107938468,127.96197107938468,125.7049864905955,126.4620361328125,2734176.0,0.0,0.0,149.4481658935547,126.4620361328125
2022-01-18,126.0658371943894,126.32761278267999,124.64372200773032,126.13658142089844,2883078.0,0.0,0.0,149.06353759765625,126.13658142089844
2022-01-19,127.23323529541031,127.96905786231434,125.67669451028277,126.27809143066406,2354446.0,0.0,0.0,149.23077392578125,126.27809143066406
2022-01-20,126.3488588878687,126.80167881779106,122.62022828440907,122.80418395996094,3369491.0,0.0,0.0,145.1254119873047,122.80418395996094
2022-01-21,122.68387612581387,124.53758380356228,122.08955497248313,122.15323638916016,4161004.0,0.0,0.0,144.35618591308594,122.15323638916016
2022-01-24,121.59430347249686,122.54946023920255,119.45051721646875,122.25936889648438,5635193.0,0.0,0.0,144.48159790039062,122.25936889648438
2022-01-25,122.77586577454103,123.50459968235407,118.87035610867456,122.9315185546875,6041116.0,0.0,0.0,145.2759246826172,122.9315185546875
2022-01-26,123.30652083534328,123.99281346055763,119.00479651610009,119.78307342529297,5274360.0,0.0,0.0,141.55519104003906,119.78307342529297
2022-01-27,119.6415740109496,121.77828500781092,119.17461555453394,120.39154815673828,3328229.0,0.0,0.0,142.2742462158203,120.39154815673828
2022-01-28,119.13921229582277,119.39392507229759,113.58519032719651,115.39643096923828,7441034.0,0.0,0.0,136.37123107910156,115.39643096923828
2022-01-31,115.11344814727556,117.65344898994265,114.32810836518374,117.46241760253906,6088118.0,0.0,0.0,138.81271362304688,117.46241760253906
2022-02-01,117.15816567711815,118.83499374475501,116.57093304283751,118.46000671386719,3573528.0,0.0,0.0,139.99163818359375,118.46000671386719
2022-02-02,118.72177894484098,119.74767989744623,117.30673958624462,117.91519927978516,3816795.0,0.0,0.0,139.3478240966797,117.91519927978516
2022-02-03,117.63220351306477,117.96473623252793,116.10395265200788,116.30913543701172,3120005.0,0.0,0.0,137.4498291015625,116.30913543701172
2022-02-04,115.88463323133598,116.55677439485126,113.27387560530893,113.71961975097656,4839614.0,0.0,0.0,134.38963317871094,113.71961975097656
2022-02-07,113.73377539855001,114.83750932108453,113.21021129353547,114.03092956542969,2919556.0,0.0,0.0,134.7575225830078,114.03092956542969
2022-02-08,114.21488059877257,115.40351013009386,113.42954092896414,114.90824890136719,2839184.0,0.0,0.0,135.7943115234375,114.90824890136719
2022-02-09,115.71484252760743,116.21717953046716,114.56865422934607,115.77851104736328,2563746.0,0.0,0.0,136.82273864746094,115.77851104736328
2022-02-10,114.62523571287366,115.17710260145014,112.50975242927312,113.0191650390625,4345307.0,0.0,0.0,133.56187438964844,113.0191650390625
2022-02-11,113.31632579221092,114.33515107135862,112.35410622142231,112.87767028808594,4344709.0,0.0,0.0,133.3946533203125,112.87767028808594
2022-02-14,112.74324956810902,112.91306672005351,109.92025891912915,111.79518127441406,5542742.0,0.0,0.0,132.11538696289062,111.79518127441406
2022-02-15,112.29749983721709,112.55221261141408,110.54992772100752,111.32112884521484,3989617.0,0.0,0.0,131.55519104003906,111.32112884521484
2022-02-16,111.08058304529233,111.78810284700613,109.03584358768228,110.11127471923828,5346120.0,0.0,0.0,130.1254119873047,110.11127471923828
2022-02-17,107.76102031845286,108.20392260708066,106.06798986630396,106.18228912353516,7424409.0,1.245819,0.0,124.28093719482422,106.18228912353516
2022-02-18,105.86796199145051,106.94664446916002,105.18217952236068,105.4536361694336,6002485.0,0.0,0.0,123.42809295654297,105.4536361694336
2022-02-22,105.8679789296481,106.08943335642661,104.21066885807235,104.83216094970703,5392884.0,0.0,0.0,122.70066833496094,104.83216094970703
2022-02-23,104.83216025769734,105.24648614326873,102.96053988342298,103.13912963867188,4600534.0,0.0,0.0,120.71906280517578,103.13912963867188
2022-02-24,101.5103789302839,102.78908353051293,99.82449259858471,102.65335845947266,7304092.0,0.0,0.0,120.15050506591797,102.65335845947266
2022-02-25,103.1605542999388,108.4110914100163,103.1176896330596,107.51814270019531,8052309.0,0.0,0.0,125.844482421875,107.51814270019531
2022-02-28,106.64663605897006,106.88951630507462,104.83216202910907,106.18944549560547,5041499.0,0.0,0.0,124.28929901123047,106.18944549560547
2022-03-01,106.13942725977726,106.4537485958738,102.97482067542232,103.40343475341797,3963424.0,0.0,0.0,121.02842712402344,103.40343475341797
2022-03-02,104.01779047016244,105.989421894859,103.52488587316334,105.16790771484375,4466582.0,0.0,0.0,123.09364318847656,105.16790771484375
2022-03-03,106.09656475104781,107.14667082856975,105.38220581096223,105.93940734863281,4549823.0,0.0,0.0,123.99665832519531,105.93940734863281
2022-03-04,104.41069692326738,105.50366785954097,104.11066376869704,104.81787872314453,3869299.0,0.0,0.0,122.68394470214844,104.81787872314453
2022-03-07,104.1106535652211,104.1106535652211,101.84613971783861,102.35333251953125,5446584.0,0.0,0.0,119.79933166503906,102.35333251953125
2022-03-08,103.75347569699403,106.77521325702261,102.3390459044998,103.8677749633789,5507939.0,0.0,0.0,121.57190704345703,103.8677749633789
2022-03-09,105.62509900005553,106.62520294269432,104.64642739265581,104.72500610351562,3991411.0,0.0,0.0,122.57524871826172,104.72500610351562
2022-03-10,103.82490657176216,104.26780887998088,102.38905101445853,102.81766510009766,4537624.0,0.0,0.0,120.34281158447266,102.81766510009766
2022-03-11,102.48905710961944,103.21056021417029,100.60315510384774,100.6960220336914,4962682.0,0.0,0.0,117.85953521728516,100.6960220336914
2022-03-14,101.04606429015462,103.78920118525531,101.04606429015462,102.49620819091797,4676480.0,0.0,0.0,119.966552734375,102.49620819091797
2022-03-15,103.48916424607029,103.92492246334317,101.86042412625201,103.08912658691406,3991411.0,0.0,0.0,120.66053771972656,103.08912658691406
2022-03-16,103.41058086023483,104.48926344637793,102.0390092658301,103.94635009765625,4561305.0,0.0,0.0,121.66387939453125,103.94635009765625
2022-03-17,103.8034798563923,105.51793618408654,102.97482161910699,105.50365447998047,3332893.0,0.0,0.0,123.48662567138672,105.50365447998047
2022-03-18,105.06074089567917,106.04655649859897,103.73917815366518,105.95368957519531,9426992.0,0.0,0.0,124.01337432861328,105.95368957519531
2022-03-21,106.21799061935434,106.96807003624814,105.29647211437896,106.13941192626953,5399820.0,0.0,0.0,124.23076629638672,106.13941192626953
2022-03-22,106.76094172577368,107.75390168405515,106.08230316960659,107.11097717285156,5085392.0,0.0,0.0,125.36788940429688,107.11097717285156
2022-03-23,106.9323766855932,106.99667369312102,105.41079817107362,105.49652099609375,3154091.0,0.0,0.0,123.47826385498047,105.49652099609375
2022-03-24,105.81083055950387,106.60376828089314,105.2964936350919,106.42517852783203,2425608.0,0.0,0.0,124.56521606445312,106.42517852783203
2022-03-25,106.63233783418941,107.99675876616352,106.37516938860765,107.482421875,2688369.0,0.0,0.0,125.80267333984375,107.482421875
2022-03-28,107.10382473081104,107.2466939275611,105.14648153624479,106.77521514892578,3205160.0,0.0,0.0,124.97491455078125,106.77521514892578
2022-03-29,107.86816607283272,109.23973748513869,107.18238362585416,108.6396713256836,3221067.0,0.0,0.0,127.15718841552734,108.6396713256836
2022-03-30,108.10391940734009,109.48263514997149,107.70388175555966,108.17535400390625,2864540.0,0.0,0.0,126.61370849609375,108.17535400390625
2022-03-31,107.47528529406566,108.04677511429928,106.2965981321526,106.35374450683594,3819785.0,0.0,0.0,124.48160552978516,106.35374450683594
2022-04-01,106.88951489499848,107.05381642750031,104.90359524486762,106.932373046875,2626894.0,0.0,0.0,125.15885925292969,106.932373046875
2022-04-04,106.48232231536633,107.16096071162885,104.35352716549507,106.81806945800781,3147633.0,0.0,0.0,125.02508544921875,106.81806945800781
2022-04-05,106.18943698943751,107.6038667186721,106.08942595061744,106.36802673339844,2569726.0,0.0,0.0,124.49832916259766,106.36802673339844
2022-04-06,105.24648237459134,107.43242402937135,105.04646680982083,107.36813354492188,3235778.0,0.0,0.0,125.66889953613281,107.36813354492188
2022-04-07,106.71807297906479,107.48957840494603,105.410798266734,107.11811065673828,2630004.0,0.0,0.0,125.37625122070312,107.11811065673828
2022-04-08,107.86817986988609,108.33251451039798,106.71091858341399,107.0180892944336,3337438.0,0.0,0.0,125.25919342041016,107.0180892944336
2022-04-11,107.47528385504846,108.73970033958196,107.12524846330584,107.23954772949219,2964645.0,0.0,0.0,125.51839447021484,107.23954772949219
2022-04-12,108.11104291856597,108.24677449269329,105.78937660327874,106.13941192626953,3125028.0,0.0,0.0,124.23076629638672,106.13941192626953
2022-04-13,106.09657556487925,106.56091022693178,105.41793710996787,106.19658660888672,2382552.0,0.0,0.0,124.29766082763672,106.19658660888672
2022-04-14,106.18944834296806,106.86094272324793,105.16076791822718,105.28221130371094,2787996.0,0.0,0.0,123.22742462158203,105.28221130371094
2022-04-18,105.33219526806272,105.9608313855274,104.11778769762718,104.42496490478516,2123857.0,0.0,0.0,122.22408294677734,104.42496490478516
2022-04-19,104.90359860179709,107.5753009142478,104.90359860179709,107.22526550292969,2746016.0,0.0,0.0,125.50167083740234,107.22526550292969
2022-04-20,107.73244314834515,108.93970656484007,107.53242109122857,107.57527923583984,2367960.0,0.0,0.0,125.91136932373047,107.57527923583984
2022-04-21,108.56824143659217,109.36832968380648,108.08961861406557,108.41822814941406,2795291.0,0.0,0.0,126.89799499511719,108.41822814941406
2022-04-22,107.72531085617108,107.86103593373738,105.89654873621662,106.56090545654297,3776250.0,0.0,0.0,124.72408294677734,106.56090545654297
2022-04-25,106.23229574660633,106.4608942704608,104.21066218000105,106.15371704101562,4104911.0,0.0,0.0,124.24748992919922,106.15371704101562
2022-04-26,103.87491663868269,104.9964573865396,102.06044271557234,103.02482604980469,5789118.0,0.0,0.0,120.58528137207031,103.02482604980469
2022-04-27,103.4248732235417,104.35353602790883,102.67479365378173,103.01768493652344,3736663.0,0.0,0.0,120.57691955566406,103.01768493652344
2022-04-28,103.4034371614803,105.53222589705861,102.95339073951678,105.11075592041016,3035089.0,0.0,0.0,123.0267562866211,105.11075592041016
2022-04-29,105.2250559139479,106.12514876412469,102.77480170661109,103.02482604980469,4966151.0,0.0,0.0,120.58528137207031,103.02482604980469
2022-05-02,103.23201261077382,105.36794589393173,102.71053148736318,104.23211669921875,4445891.0,0.0,0.0,121.99832916259766,104.23211669921875
2022-05-03,104.44639841739956,106.33230690880343,104.23923874545746,105.7822494506836,3000405.0,0.0,0.0,123.81270599365234,105.7822494506836
2022-05-04,106.43945614919294,110.48272306255765,105.63937439590475,110.17555236816406,4418263.0,0.0,0.0,128.95484924316406,110.17555236816406
2022-05-05,109.41833617129527,109.76122744330276,105.88940589214334,106.76806640625,3965816.0,0.0,0.0,124.966552734375,106.76806640625
2022-05-06,106.63233560923817,106.98951508481834,104.78929186185036,106.81806945800781,2954479.0,0.0,0.0,125.02508544921875,106.81806945800781
2022-05-09,106.03941848757144,109.84695604779897,105.68223899521838,108.85399627685547,4979068.0,0.0,0.0,127.40802764892578,108.85399627685547
2022-05-10,110.011256710158,110.03983315519446,105.82511387475189,106.52518463134766,4189827.0,0.0,0.0,124.6822738647461,106.52518463134766
2022-05-11,107.14666647090645,107.2466775006529,104.41781829883574,104.58926391601562,3286608.0,0.0,0.0,122.41638946533203,104.58926391601562
2022-05-12,104.71786194336502,106.88237136110807,104.30353605401838,106.8609390258789,3371524.0,0.0,0.0,125.07524871826172,106.8609390258789
2022-05-13,107.30384009028356,107.40385113515075,105.70367640910857,106.65377807617188,3292947.0,0.0,0.0,124.83277893066406,106.65377807617188
2022-05-16,106.59662808266316,107.74674535239755,104.51784797392811,107.5110092163086,3245585.0,0.0,0.0,125.83612060546875,107.5110092163086
2022-05-17,108.57539984333542,108.93972346160902,107.52529365812327,108.82542419433594,2519733.0,0.0,0.0,127.37458038330078,108.82542419433594
2022-05-18,108.28964786079935,108.3753706760672,106.06084814548525,106.38945770263672,3538605.0,0.0,0.0,124.5234146118164,106.38945770263672
2022-05-19,105.49471269294641,107.44297124061221,103.98660948229356,106.04310607910156,3285053.0,1.245819,0.0,122.87625122070312,106.04310607910156
2022-05-20,106.46161286217087,106.75023884622858,101.80742998223432,103.78455352783203,5017698.0,0.0,0.0,120.25919342041016,103.78455352783203
2022-05-23,104.32574658217996,105.32873441443117,103.91444335038973,104.18142700195312,3391976.0,0.0,0.0,120.71906280517578,104.18142700195312
2022-05-24,104.15978735427439,105.50913834871622,101.74250165846342,105.16999816894531,3156005.0,0.0,0.0,121.86454772949219,105.16999816894531
2022-05-25,104.9390775888599,105.46582853807254,103.58251052404744,105.19884490966797,2244772.0,0.0,0.0,121.89799499511719,105.19884490966797
2022-05-26,105.88433876538879,107.3780090523355,105.8554735357366,106.10081481933594,2544251.0,0.0,0.0,122.94314575195312,106.10081481933594
2022-05-27,106.94507862294539,107.89034924344615,106.69974387383711,107.88313293457031,2124933.0,0.0,0.0,125.00836181640625,107.88313293457031
2022-05-31,106.98836970817544,108.12124453511272,105.29987863828703,107.72438049316406,4956224.0,0.0,0.0,124.82441711425781,107.72438049316406
2022-06-01,107.75323771302429,107.86869206197896,105.06175223500942,105.65345001220703,2882838.0,0.0,0.0,122.42475128173828,105.65345001220703
2022-06-02,106.44717276272446,107.00278893615342,104.268005914107,106.92341613769531,2274074.0,0.0,0.0,123.89632415771484,106.92341613769531
2022-06-03,106.07196243130828,106.41110258389106,104.8597148182651,105.3287353515625,2244055.0,0.0,0.0,122.04849243164062,105.3287353515625
2022-06-06,105.63179430589621,106.2884322316285,105.09782702956697,105.50190734863281,1884418.0,0.0,0.0,122.24916076660156,105.50190734863281
2022-06-07,104.94631152389931,106.06475379433164,103.77735509180665,105.97816467285156,2159139.0,0.0,0.0,122.8010025024414,105.97816467285156
2022-06-08,105.03290651036332,105.79055971956508,104.11650108273064,104.931884765625,2046834.0,0.0,0.0,121.58863067626953,104.931884765625
2022-06-09,104.99681359919302,106.2090678206117,104.00825177067269,104.03711700439453,2593287.0,0.0,0.0,120.55184173583984,104.03711700439453
2022-06-10,102.46407430945582,102.80321447081822,99.2747029961976,99.32521057128906,7037144.0,0.0,0.0,115.09197235107422,99.32521057128906
2022-06-13,98.66134814149238,99.82309469920281,97.86039722502144,98.40158081054688,4922736.0,0.0,0.0,114.02173614501953,98.40158081054688
2022-06-14,98.62528933450524,99.83032735256607,96.98008938492153,97.59342956542969,3199539.0,0.0,0.0,113.08528137207031,97.59342956542969
2022-06-15,97.96142615082255,98.6252804348442,96.01316773343163,96.92957305908203,3912236.0,0.0,0.0,112.31605529785156,96.92957305908203
2022-06-16,95.64517681919463,95.64517681919463,94.04327462604189,94.48343658447266,4458927.0,0.0,0.0,109.48160552978516,94.48343658447266
2022-06-17,94.36075365891,95.16170465152084,92.8815223350555,93.68968963623047,8588356.0,0.0,0.0,108.56187438964844,93.68968963623047
2022-06-21,94.05047241028501,94.58443970282627,93.2783801195681,93.81234741210938,4459166.0,0.0,0.0,108.70401000976562,93.81234741210938
2022-06-22,92.91760768498881,94.95246207473174,92.49909466258069,94.09378051757812,3468639.0,0.0,0.0,109.03009796142578,94.09378051757812
2022-06-23,93.95666607315194,94.57722247237157,92.72276958272174,93.91336822509766,2680236.0,0.0,0.0,108.8210678100586,93.91336822509766
2022-06-24,94.90915155760604,97.08831867562319,94.69989836642834,96.92957305908203,4376523.0,0.0,0.0,112.31605529785156,96.92957305908203
2022-06-27,96.98729391667392,97.17490476099671,95.45754851358079,95.82555389404297,2856766.0,0.0,0.0,111.03678894042969,95.82555389404297
2022-06-28,96.5904232942237,97.10274163493628,93.91336408338563,94.04325103759766,2880327.0,0.0,0.0,108.97157287597656,94.04325103759766
2022-06-29,93.80512970054284,94.05047100312717,92.9464548941655,93.63916778564453,3374036.0,0.0,0.0,108.50334167480469,93.63916778564453
2022-06-30,92.87430009873229,93.95666730359227,91.85687308258156,93.37940216064453,3995956.0,0.0,0.0,108.20233917236328,93.37940216064453
2022-07-01,93.37940863082832,93.68247383950845,91.35899365896374,92.71556091308594,4450077.0,0.0,0.0,107.43311309814453,92.71556091308594
2022-07-05,91.6259739202948,93.40105408635527,90.63019579645584,93.23509216308594,4670739.0,0.0,0.0,108.03511810302734,93.23509216308594
2022-07-06,93.44435489771926,94.51950586309785,92.33312238951999,93.68968963623047,3625794.0,0.0,0.0,108.56187438964844,93.68968963623047
2022-07-07,93.89895514244385,94.0288355360726,92.05171172183621,93.84122467041016,4125722.0,0.0,0.0,108.73745727539062,93.84122467041016
2022-07-08,93.67525782318411,93.9205925638012,92.46300356890443,92.88152313232422,2620795.0,0.0,0.0,107.62541961669922,92.88152313232422
2022-07-11,92.88873003832876,94.1731340804096,92.7588430804303,93.09076690673828,3221067.0,0.0,0.0,107.86788940429688,93.09076690673828
2022-07-12,93.19901185816933,95.26994094079565,93.1268553580803,93.94945526123047,3155168.0,0.0,0.0,108.86287689208984,93.94945526123047
2022-07-13,92.36199123989434,93.43714224736678,92.12386621640115,92.62897491455078,2978399.0,0.0,0.0,107.33277893066406,92.62897491455078
2022-07-14,91.62597388935374,92.75163239440471,90.83223923072937,92.5856704711914,3020498.0,0.0,0.0,107.28260803222656,92.5856704711914
2022-07-15,93.71133781670427,94.05047797962916,92.54238143351093,93.8989486694336,3155766.0,0.0,0.0,108.80435180664062,93.8989486694336
2022-07-18,93.94222963865086,94.3968241036297,92.73719184501554,93.01860809326172,3037601.0,0.0,0.0,107.7842788696289,93.01860809326172
2022-07-19,94.09376528144534,95.4431161520012,93.84843055522322,95.34209442138672,3363989.0,0.0,0.0,110.4765853881836,95.34209442138672
2022-07-20,95.33488355111372,96.30901937181015,95.14006297119764,95.97708892822266,2398339.0,0.0,0.0,111.21237182617188,95.97708892822266
2022-07-21,95.99873464722641,96.6842378531218,95.51528149155828,96.6553726196289,1996244.0,0.0,0.0,111.99832916259766,96.6553726196289
2022-07-22,97.16046837750885,97.37694444617199,96.31622619501216,96.77803039550781,2104960.0,0.0,0.0,112.14046478271484,96.77803039550781
2022-07-25,96.69144128488706,97.48518248050355,96.53269567945277,96.77803039550781,2815504.0,0.0,0.0,112.14046478271484,96.77803039550781
2022-07-26,103.55365959018756,105.1339126559938,99.95298497130693,101.56210327148438,15011235.0,0.0,0.0,117.68394470214844,101.56210327148438
2022-07-27,100.74671842243073,101.17245428728987,99.26748711084943,100.19831848144531,6016239.0,0.0,0.0,116.10367584228516,100.19831848144531
2022-07-28,100.94876266662125,101.47551368613532,99.79423889198146,101.28790283203125,3700663.0,0.0,0.0,117.36621856689453,101.28790283203125
2022-07-29,101.57654425758074,103.70519744648094,100.89104755857186,103.35884094238281,4781967.0,0.0,0.0,119.76588439941406,103.35884094238281
2022-08-01,102.57231183288181,103.95052798099535,102.16101517309035,103.44541931152344,3415656.0,0.0,0.0,119.86621856689453,103.44541931152344
2022-08-02,102.88979227362462,103.58972802902201,102.19707941012952,102.2836685180664,3226449.0,0.0,0.0,118.52006530761719,102.2836685180664
2022-08-03,102.39192283794225,103.77013906072679,102.13937178163474,103.53923034667969,3271658.0,0.0,0.0,119.97491455078125,103.53923034667969
2022-08-04,103.53923470036538,107.03167153522551,103.32998148822665,106.88014221191406,7062260.0,0.0,0.0,123.84615325927734,106.88014221191406
2022-08-05,106.07918813538208,107.14712284572781,105.63180990309607,106.3678207397461,5008130.0,0.0,0.0,123.25251007080078,106.3678207397461
2022-08-08,106.8152078744762,108.34495356245532,106.49049369841978,107.1399154663086,3765606.0,0.0,0.0,124.14715576171875,107.1399154663086
2022-08-09,107.01723206105892,107.55119936437818,106.20906479785494,106.67808532714844,3628066.0,0.0,0.0,123.6120376586914,106.67808532714844
2022-08-10,108.15010333262343,108.6768543105495,107.39965997545607,107.78931427001953,3046212.0,0.0,0.0,124.89966583251953,107.78931427001953
2022-08-11,108.23669061082862,109.27575993309992,107.7820961362793,107.9913558959961,2748767.0,0.0,0.0,125.13378143310547,107.9913558959961
2022-08-12,108.50366897206996,109.89631755945553,108.23668534661952,109.85301971435547,2806773.0,0.0,0.0,127.29096984863281,109.85301971435547
2022-08-15,109.23968840995073,109.75200677931416,108.58305046292278,109.26854705810547,2796487.0,0.0,0.0,126.61370849609375,109.26854705810547
2022-08-16,108.575830443818,109.18195421346874,107.42852309092349,108.42430114746094,5253430.0,0.0,0.0,125.63545227050781,108.42430114746094
2022-08-17,107.1110358310872,107.3635934621476,106.12247398518693,106.38224792480469,5832772.0,0.0,0.0,123.26923370361328,106.38224792480469
2022-08-18,106.3606068315675,106.38947206792247,104.90301774321881,105.84107208251953,6762543.0,0.0,0.0,122.64214324951172,105.84107208251953
2022-08-19,105.4182446231861,106.17638936229652,104.39767335351323,105.84834289550781,15204987.0,1.245819,0.0,121.40467834472656,105.84834289550781
2022-08-22,104.44870684927061,104.74030151257179,102.8084943514689,103.21672821044922,12179346.0,0.0,0.0,118.38629150390625,103.21672821044922
2022-08-23,102.78661368688128,103.82177231711215,102.57521306339623,103.3333511352539,18368646.0,0.0,0.0,118.52006530761719,103.3333511352539
2022-08-24,102.72102778885315,103.21673943555452,101.84625035560843,102.8157958984375,18454878.0,0.0,0.0,117.92642211914062,102.8157958984375
2022-08-25,102.83764731745016,104.44140785542277,102.52418158364472,104.06962585449219,56637298.0,0.0,0.0,119.36454772949219,104.06962585449219
2022-08-26,104.71112604606797,104.98084957689377,93.80553898116383,94.140869140625,45907384.0,0.0,0.0,107.9765853881836,94.140869140625
2022-08-29,93.88574759894,93.88574759894,91.31973161867808,92.17263793945312,60436750.0,0.0,0.0,105.71906280517578,92.17263793945312
2022-08-30,92.50066584759588,93.12030028249897,89.68678463647748,91.02082824707031,41236286.0,0.0,0.0,104.39799499511719,91.02082824707031
2022-08-31,91.01355480474678,92.18721726248414,90.10961593479014,90.64906311035156,37843952.0,0.0,0.0,103.97157287597656,90.64906311035156
2022-09-01,90.6126012632541,92.13618116669069,90.15334151301411,91.5821533203125,37093222.0,0.0,0.0,105.04180908203125,91.5821533203125
2022-09-02,91.87374191646632,92.1216010321499,88.31630973514196,88.68080139160156,14735438.0,0.0,0.0,101.71405029296875,88.68080139160156
2022-09-06,88.469396625406,88.57145509034056,84.54746602397644,84.99943542480469,36757386.0,0.0,0.0,97.49163818359375,84.99943542480469
2022-09-07,85.02860131483692,88.38921386003675,84.57663189047108,87.87892150878906,44932165.0,0.0,0.0,100.7943115234375,87.87892150878906
2022-09-08,86.30431049401938,87.32488175432057,85.40766213292439,86.94581604003906,30786714.0,0.0,0.0,99.72408294677734,86.94581604003906
2022-09-09,88.40377891793888,89.87631948013419,87.38320104818365,89.7378158569336,31359240.0,0.0,0.0,102.92642211914062,89.7378158569336
2022-09-12,90.62717488760075,92.23093537918011,90.37203208009392,90.5761489868164,22690392.0,0.0,0.0,103.8879623413086,90.5761489868164
2022-09-13,89.01614363966341,90.83131180246068,87.64565455974076,87.82061004638672,9287538.0,0.0,0.0,100.72742462158203,87.82061004638672
2022-09-14,87.9080687195759,87.9080687195759,84.78801879824053,85.67738342285156,6781918.0,0.0,0.0,98.26923370361328,85.67738342285156
2022-09-15,85.88878875772404,86.55945578238733,84.61306799410318,84.86821746826172,4847149.0,0.0,0.0,97.34114074707031,84.86821746826172
2022-09-16,83.61437654588192,85.51702249407266,83.18427818601664,85.0067367553711,8685113.0,0.0,0.0,97.5,85.0067367553711
2022-09-19,84.56932762655688,85.22541388360114,84.03717091697638,85.0285873413086,3815599.0,0.0,0.0,97.52508544921875,85.0285873413086
2022-09-20,84.05175918955487,85.4368289323891,83.65082232438819,84.94112396240234,4969619.0,0.0,0.0,97.42475128173828,84.94112396240234
2022-09-21,85.16709689614474,86.0418808503756,83.68726584717018,83.69454956054688,4468017.0,0.0,0.0,95.99497985839844,83.69454956054688
2022-09-22,83.2207193418112,83.86950865568991,82.68856257211668,83.20613861083984,4398888.0,0.0,0.0,95.43478393554688,83.20613861083984
2022-09-23,82.90726028917742,83.22801644111904,81.36910612773679,82.36781311035156,4405705.0,0.0,0.0,94.4732437133789,82.36781311035156
2022-09-26,82.20013609583403,82.96556455682483,81.81377335693206,82.37509155273438,4303088.0,0.0,0.0,94.48160552978516,82.37509155273438
2022-09-27,83.19884170529767,83.19884170529767,81.22329915342469,81.94499206542969,3975863.0,0.0,0.0,93.98829650878906,81.94499206542969
2022-09-28,82.74687121222462,83.62164847188944,82.41883140279849,83.30818939208984,4398649.0,0.0,0.0,95.55184173583984,83.30818939208984
2022-09-29,82.34593899087008,82.66669513104323,81.35452241070568,81.86481475830078,2769697.0,0.0,0.0,93.89632415771484,81.86481475830078
2022-09-30,81.64611014963467,82.48444228017868,80.47244782759026,80.5526351928711,3722909.0,0.0,0.0,92.39130401611328,80.5526351928711
2022-10-03,81.42012964287659,83.11865836565093,80.8515210629323,82.53546905517578,3487536.0,0.0,0.0,94.6655502319336,82.53546905517578
2022-10-04,83.64351342696595,84.54745207953552,83.60706160557515,84.28501892089844,3352029.0,0.0,0.0,96.6722412109375,84.28501892089844
2022-10-05,83.35194025244384,84.63495157034717,82.68127978067206,83.95700073242188,3061880.0,0.0,0.0,96.29598999023438,83.95700073242188
2022-10-06,83.35922326759875,83.78932157375834,80.34123145538427,81.00460815429688,5176408.0,0.0,0.0,92.90969848632812,81.00460815429688
2022-10-07,80.4578653239286,80.74216960463625,78.06679854140748,78.38026428222656,5138614.0,0.0,0.0,89.89966583251953,78.38026428222656
2022-10-10,79.11653853702818,79.54663681797614,78.13970278559297,79.06550598144531,3088550.0,0.0,0.0,90.68561553955078,79.06550598144531
2022-10-11,79.09466159894295,80.51617625648333,78.69371815615338,79.34251403808594,3462898.0,0.0,0.0,91.00334167480469,79.34251403808594
2022-10-12,79.14571552007197,79.96946041811118,78.91243709524086,79.4227294921875,3290196.0,0.0,0.0,91.09532165527344,79.4227294921875
2022-10-13,78.36569650160712,83.70914249421459,78.0522373607838,83.29362487792969,5708149.0,0.0,0.0,95.53511810302734,83.29362487792969
2022-10-14,83.29361031934535,83.94969660304123,82.26574202994821,82.8343505859375,4137323.0,0.0,0.0,95.00836181640625,82.8343505859375
2022-10-17,84.0590526913929,84.35793774879019,82.5865118064904,83.00202941894531,3592186.0,0.0,0.0,95.20066833496094,83.00202941894531
2022-10-18,84.3725122440844,84.85364311646096,83.43212159621056,84.52559661865234,3066544.0,0.0,0.0,96.94815826416016,84.52559661865234
2022-10-19,83.90596429061722,84.32877224900615,82.55005602565241,83.2498779296875,3084006.0,0.0,0.0,95.48494720458984,83.2498779296875
2022-10-20,83.0895147290339,84.3069195162079,82.29492461078459,82.4552993774414,3758908.0,0.0,0.0,94.57357788085938,82.4552993774414
2022-10-21,82.48445242219886,85.24729496277902,82.41155541314338,85.15252685546875,3997630.0,0.0,0.0,97.66722106933594,85.15252685546875
2022-10-24,85.67738550831204,86.85104777677171,85.42952640680423,86.2970199584961,4059344.0,0.0,0.0,98.97993469238281,86.2970199584961
2022-10-25,82.7468871827889,86.4574108653899,82.48445395423852,86.38451385498047,5997581.0,0.0,0.0,99.08026885986328,86.38451385498047
2022-10-26,87.17910564134938,89.87634164272025,87.17910564134938,89.44624328613281,5535088.0,0.0,0.0,102.59197235107422,89.44624328613281
2022-10-27,90.02213650926792,90.7219584208342,88.95782291012858,89.51913452148438,4444934.0,0.0,0.0,102.67558288574219,89.51913452148438
2022-10-28,89.65034168812588,92.34028676646189,89.30772114703247,92.28926086425781,4559870.0,0.0,0.0,105.85284423828125,92.28926086425781
2022-10-31,91.92476423982467,92.17990704058393,91.385317180462,91.69877624511719,5174135.0,0.0,0.0,105.17558288574219,91.69877624511719
2022-11-01,92.41318710310189,92.65375584848145,90.80942650893883,91.34158325195312,2549633.0,0.0,0.0,104.76588439941406,91.34158325195312
2022-11-02,91.15205382210581,92.44235541896035,89.40978281324851,89.56287384033203,3063793.0,0.0,0.0,102.72575378417969,89.56287384033203
2022-11-03,88.92135733748091,90.59801485010621,88.2944325299644,89.55557250976562,2400252.0,0.0,0.0,102.71739196777344,89.55557250976562
2022-11-04,90.72924217507502,91.39261886061838,89.78156119572735,91.00625610351562,2775438.0,0.0,0.0,104.38127136230469,91.00625610351562
2022-11-07,90.85315749182091,91.23222317234233,89.8836055683745,90.88960266113281,2289503.0,0.0,0.0,104.24748992919922,90.88960266113281
2022-11-08,91.38533449426025,92.31843480413406,90.42307272101736,91.37804412841797,2182461.0,0.0,0.0,104.80769348144531,91.37804412841797
2022-11-09,91.33430261303943,91.61860692762261,90.18980164060385,90.26998901367188,2131750.0,0.0,0.0,103.53678894042969,90.26998901367188
2022-11-10,93.06197831550647,94.22835020225807,92.48608606277735,94.14816284179688,3779001.0,0.0,0.0,107.98494720458984,94.14816284179688
2022-11-11,94.46892373983287,97.31195327969243,94.14816762988274,96.94017791748047,4101443.0,0.0,0.0,111.18729400634766,96.94017791748047
2022-11-14,96.62670179815984,97.61811817846362,95.45303961298129,95.51864624023438,3127899.0,0.0,0.0,109.55685424804688,95.51864624023438
2022-11-15,96.60484751592219,97.3046760516414,94.60014331344917,95.65717315673828,3008060.0,0.0,0.0,109.7157211303711,95.65717315673828
2022-11-16,95.82482375193561,95.82482375193561,93.60871258601847,93.84928131103516,3837127.0,0.0,0.0,107.64214324951172,93.84928131103516
2022-11-17,93.03803156257555,93.82718096048659,91.94650410535442,93.77555084228516,2689804.0,1.245819,0.0,106.31270599365234,93.77555084228516
2022-11-18,94.40243831746986,94.65319296356708,92.85364259885253,93.4879150390625,3798616.0,0.0,0.0,105.98662567138672,93.4879150390625
2022-11-21,93.39941128532922,94.31393454691404,93.09702653167719,94.12955474853516,2575586.0,0.0,0.0,106.71405029296875,94.12955474853516
2022-11-22,94.513052533631,94.89656356445975,93.90091406807309,94.84494018554688,2101492.0,0.0,0.0,107.52508544921875,94.84494018554688
2022-11-23,94.83757740126728,95.22846421525192,93.84192776897243,94.4024429321289,2810241.0,0.0,0.0,107.0234146118164,94.4024429321289
2022-11-25,95.05144390112646,95.7447154197847,94.78593780770865,95.16944885253906,1055350.0,0.0,0.0,107.89297485351562,95.16944885253906
2022-11-28,94.48355971246454,94.83019210665553,91.54085876751074,91.92436981201172,3317106.0,0.0,0.0,104.21405029296875,91.92436981201172
2022-11-29,91.51135271721591,93.17814651996342,91.45972933822837,93.02326965332031,2228268.0,0.0,0.0,105.45986938476562,93.02326965332031
2022-11-30,92.853635698825,93.11177278586622,89.50530332367248,92.90526580810547,6973398.0,0.0,0.0,105.32608795166016,92.90526580810547
2022-12-01,93.88615226913208,95.0440609639011,92.41848987563688,92.92000579833984,3156005.0,0.0,0.0,105.34281158447266,92.92000579833984
2022-12-02,92.01287268308872,93.84929489167686,91.62936163508657,93.65753936767578,2178992.0,0.0,0.0,106.1789321899414,93.65753936767578
2022-12-05,92.24150504114627,92.5291383424682,91.65148697745803,91.91699981689453,2563148.0,0.0,0.0,104.2056884765625,91.91699981689453
2022-12-06,92.30049464236673,92.72826004983995,90.94346131136858,91.88011169433594,2295722.0,0.0,0.0,104.16387939453125,91.88011169433594
2022-12-07,91.69573421237044,93.89354022430335,91.52610588294591,93.1855239868164,3230994.0,0.0,0.0,105.64381408691406,93.1855239868164
2022-12-08,93.66491018908171,95.464453652714,92.52175283511434,92.9273910522461,4527219.0,0.0,0.0,105.3511734008789,92.9273910522461
2022-12-09,93.50266067407877,94.05580008473707,92.68401515386621,92.75039672851562,2792540.0,0.0,0.0,105.15050506591797,92.75039672851562
2022-12-12,92.98638473372571,93.58377842994464,91.59984856820724,93.55427551269531,4637849.0,0.0,0.0,106.06187438964844,93.55427551269531
2022-12-13,95.47184288363266,95.89222589001815,93.27403662180805,93.87879943847656,3895252.0,0.0,0.0,106.42976379394531,93.87879943847656
2022-12-14,93.29615151798943,94.74906261640643,92.07186785475659,92.99376678466797,3702457.0,0.0,0.0,105.42642211914062,92.99376678466797
2022-12-15,92.03498456117754,92.24886725562122,89.79293105296018,90.257568359375,3990454.0,0.0,0.0,102.32441711425781,90.257568359375
2022-12-16,89.46843778541228,89.82982168461263,88.50966678475729,89.74869537353516,9089361.0,0.0,0.0,101.74748992919922,89.74869537353516
2022-12-19,89.48317080319403,91.28272092697786,89.3577968617715,90.07318878173828,2918360.0,0.0,0.0,102.11538696289062,90.07318878173828
2022-12-20,89.96994602278765,90.22070066520105,89.01854410613076,89.09967041015625,3471988.0,0.0,0.0,101.01170349121094,89.09967041015625
2022-12-21,89.85194344572614,91.33435760780155,89.61594025773893,91.0541000366211,3083408.0,0.0,0.0,103.22742462158203,91.0541000366211
2022-12-22,90.13957940542589,90.34608640705478,87.91227023136898,89.67494201660156,2617326.0,0.0,0.0,101.66387939453125,89.67494201660156
2022-12-23,89.08491951139047,89.23980311976239,86.87973763907628,88.60553741455078,3120723.0,0.0,0.0,100.45150756835938,88.60553741455078
2022-12-27,88.60553640974322,89.11442142234593,87.8827686778073,88.66453552246094,2166195.0,0.0,0.0,100.51839447021484,88.66453552246094
2022-12-28,88.76042765638805,89.23981655508216,87.21163844726107,87.24113464355469,2345356.0,0.0,0.0,98.90467834472656,87.24113464355469
2022-12-29,87.66888848545402,89.13655118252944,87.39600664553751,88.92266845703125,2464717.0,0.0,0.0,100.81103515625,88.92266845703125
2022-12-30,88.24415092625749,88.52440848347112,87.4033782546166,88.44327545166016,2506816.0,0.0,0.0,100.2675552368164,88.44327545166016
2023-01-03,89.62331876576201,90.44934004383796,88.77517029540371,90.32395935058594,3124909.0,0.0,0.0,102.39966583251953,90.32395935058594
2023-01-04,90.97296848831834,92.40375245422234,90.50095540986156,92.30049896240234,3312561.0,0.0,0.0,104.64046478271484,92.30049896240234
2023-01-05,91.60724761261764,91.87275374639597,90.316588869992,90.68534851074219,3117494.0,0.0,0.0,102.80936431884766,90.68534851074219
2023-01-06,91.93910436197355,93.76078162163753,91.26796683809309,93.4583969116211,2890732.0,0.0,0.0,105.95317840576172,93.4583969116211
2023-01-09,93.66491625876354,95.47921129945152,93.00852337688256,93.5100326538086,3434075.0,0.0,0.0,106.01170349121094,93.5100326538086
2023-01-10,93.7165403320876,94.54256155577872,93.44365850094896,94.4983139038086,1971128.0,0.0,0.0,107.13211059570312,94.4983139038086
2023-01-11,95.08832244837807,95.28007797058538,94.12217583696186,95.22845458984375,2408146.0,0.0,0.0,107.95986938476562,95.22845458984375
2023-01-12,95.58245105872628,95.74470364090723,94.24753829611419,95.3980712890625,2200042.0,0.0,0.0,108.15217590332031,95.3980712890625
2023-01-13,94.71218874058553,95.58984006552636,94.54993613586734,95.51608276367188,2025306.0,0.0,0.0,108.28594970703125,95.51608276367188
2023-01-17,95.7004748904463,95.80372839666649,93.21504192875275,93.36991882324219,4199036.0,0.0,0.0,105.85284423828125,93.36991882324219
2023-01-18,93.55429951620674,93.80505418812292,90.16908789145216,90.53047180175781,5093166.0,0.0,0.0,102.63378143310547,90.53047180175781
2023-01-19,89.97732294443624,90.19119893799665,87.26324930525195,87.34437561035156,5955721.0,0.0,0.0,99.02173614501953,87.34437561035156
2023-01-20,87.43287096688368,89.02591421448791,86.11271626515179,88.9816665649414,5230706.0,0.0,0.0,100.8779296875,88.9816665649414
2023-01-23,88.95215640396444,91.3785963623527,88.80465527790994,90.4345703125,4080991.0,0.0,0.0,102.52508544921875,90.4345703125
2023-01-24,85.58170407584426,88.50227775448279,84.44592243207126,84.81468200683594,12290694.0,0.0,0.0,96.15384674072266,84.81468200683594
2023-01-25,84.44591933417327,85.72920206890271,83.15526086984467,83.28801727294922,7167867.0,0.0,0.0,94.42308044433594,83.28801727294922
2023-01-26,83.71578974031456,84.1509242099874,82.4251310632445,83.74529266357422,5532218.0,0.0,0.0,94.94147491455078,83.74529266357422
2023-01-27,83.87804646075033,85.38996367684193,83.67891517837242,84.99907684326172,4920942.0,0.0,0.0,96.36287689208984,84.99907684326172
2023-01-30,84.42378859947492,85.55219442458822,83.01512525040565,83.02987670898438,7059868.0,0.0,0.0,94.13043212890625,83.02987670898438
2023-01-31,83.45028694445475,84.87369537353516,82.88239602717167,84.87369537353516,6065155.0,0.0,0.0,96.22073364257812,84.87369537353516
2023-02-01,84.4827975457809,86.09796118540832,83.81902899304734,85.44894409179688,3708557.0,0.0,0.0,96.87290954589844,85.44894409179688
2023-02-02,85.61857082729368,89.12916230551707,85.19081216907256,88.71614837646484,5880971.0,0.0,0.0,100.57691955566406,88.71614837646484
2023-02-03,87.71311673193568,87.93437513899192,86.1348318857385,86.65109252929688,3208150.0,0.0,0.0,98.23578643798828,86.65109252929688
2023-02-06,86.13484217638482,86.48147455646323,85.46369787583272,85.92095947265625,2974811.0,0.0,0.0,97.40802764892578,85.92095947265625
2023-02-07,85.41944788267656,86.44460034569985,84.6450567850644,86.21597290039062,2610509.0,0.0,0.0,97.74247741699219,86.21597290039062
2023-02-08,85.67759700364539,86.06110137636826,84.82207275441063,84.99907684326172,3003993.0,0.0,0.0,96.36287689208984,84.99907684326172
2023-02-09,85.86932747192613,86.13484027813524,82.94137817082967,83.28801727294922,4307872.0,0.0,0.0,94.42308044433594,83.28801727294922
2023-02-10,83.50927391580196,84.23941735190225,83.11838714262645,83.98866271972656,2720302.0,0.0,0.0,95.21739196777344,83.98866271972656
2023-02-13,84.3500652427517,85.27196440447446,83.92968218606627,85.02120971679688,2688130.0,0.0,0.0,96.3879623413086,85.02120971679688
2023-02-14,84.65979815430988,84.87367411384538,83.30275818576469,84.2320327758789,2944911.0,0.0,0.0,95.4933090209961,84.2320327758789
2023-02-15,83.81904021187373,84.68193338920975,83.48715252624504,84.6598129272461,3022651.0,0.0,0.0,95.97826385498047,84.6598129272461
2023-02-16,84.0694581672551,84.69717503171833,82.76918411004606,83.69581604003906,3223340.0,1.254181,0.0,93.6454849243164,83.69581604003906
2023-02-17,83.66590366475043,84.47297484198495,82.70938521655064,84.43560791015625,3381929.0,0.0,0.0,94.4732437133789,84.43560791015625
2023-02-21,83.69581693904725,83.99473200778779,81.58847831917834,81.64078521728516,4651364.0,0.0,0.0,91.34615325927734,81.64078521728516
2023-02-22,81.85001439300285,82.48520455878977,81.08778346654503,81.40911865234375,3175380.0,0.0,0.0,91.08695983886719,81.40911865234375
2023-02-23,81.97704568636979,82.41794823156795,80.71413878262477,81.3866958618164,3520785.0,0.0,0.0,91.06187438964844,81.3866958618164
2023-02-24,80.78886736798849,81.11020254951606,79.78003513940871,80.55721282958984,3424028.0,0.0,0.0,90.13378143310547,80.55721282958984
2023-02-27,81.34933539771009,82.71686300642696,80.85612592457282,80.90843963623047,4252976.0,0.0,0.0,90.5267562866211,80.90843963623047
2023-02-28,80.79635844578591,81.39418861817525,80.14622137223546,80.51239013671875,4043078.0,0.0,0.0,90.08361053466797,80.51239013671875
2023-03-01,82.97841980954212,83.94241179676206,82.0069476159887,82.35816955566406,5877981.0,0.0,0.0,92.1488265991211,82.35816955566406
2023-03-02,82.01442425062,82.38059297989096,80.49743561862054,82.12651824951172,9076803.0,0.0,0.0,91.88963317871094,82.12651824951172
2023-03-03,82.78411933515787,83.6883309748437,81.90979442470561,83.14281463623047,3636797.0,0.0,0.0,93.0267562866211,83.14281463623047
2023-03-06,83.24743953156467,83.41184041657637,81.96211236346284,82.14893341064453,3373677.0,0.0,0.0,91.91471862792969,82.14893341064453
2023-03-07,82.20124859284066,82.20872198098428,79.98928935316437,80.02664947509766,4033869.0,0.0,0.0,89.54013061523438,80.02664947509766
2023-03-08,80.28819781724138,80.53479914933854,79.34661917645698,80.0789566040039,4107901.0,0.0,0.0,89.59866333007812,80.0789566040039
2023-03-09,80.45259002333468,81.12514709685715,78.77867413564253,78.85340118408203,4142585.0,0.0,0.0,88.22742462158203,78.85340118408203
2023-03-10,78.8683621153594,79.95939494726686,77.52324772685002,77.76238250732422,4417904.0,0.0,0.0,87.0066909790039,77.76238250732422
2023-03-13,77.47094337035873,78.22570103928847,76.76849260080706,77.34390258789062,5036476.0,0.0,0.0,86.53845977783203,77.34390258789062
2023-03-14,78.15843477099025,78.59185712915793,75.75217459279357,76.80584716796875,5707312.0,0.0,0.0,85.93645477294922,76.80584716796875
2023-03-15,75.7148144760527,76.83574071638853,74.93016338030405,76.80584716796875,5850473.0,0.0,0.0,85.93645477294922,76.80584716796875
2023-03-16,76.0585698976709,78.03887446541107,75.83438190178165,77.87447357177734,4356550.0,0.0,0.0,87.13211059570312,77.87447357177734
2023-03-17,77.97908450656946,78.06129176915933,76.20054783652536,76.98519897460938,13617297.0,0.0,0.0,86.13712310791016,76.98519897460938
2023-03-20,77.2766462976477,78.05382410521274,77.1346655621497,77.94920349121094,3255392.0,0.0,0.0,87.2157211303711,77.94920349121094
2023-03-21,78.64416713070808,78.82351479075282,77.24674596856879,77.93424987792969,3137826.0,0.0,0.0,87.1989974975586,77.93424987792969
2023-03-22,77.95667859669204,78.12855288820124,75.84933313168702,75.87922668457031,3355378.0,0.0,0.0,84.89966583251953,75.87922668457031
2023-03-23,75.96888693062989,76.91793887700324,75.29632984259666,75.47567749023438,3800051.0,0.0,0.0,84.44815826416016,75.47567749023438
2023-03-24,75.00489706160262,75.72976794336059,74.84796955609697,75.58030700683594,4249268.0,0.0,0.0,84.56521606445312,75.58030700683594
2023-03-27,76.38736664010912,76.43220696383938,75.1767665435843,75.84185028076172,3345690.0,0.0,0.0,84.85785675048828,75.84185028076172
2023-03-28,75.9165993292738,76.84323135042487,75.70735808094024,76.0286865234375,2945509.0,0.0,0.0,85.06688690185547,76.0286865234375
2023-03-29,76.8282753689914,77.14960377299418,76.14824480276627,77.11224365234375,3853034.0,0.0,0.0,86.27926635742188,77.11224365234375
2023-03-30,77.53071116687781,77.65775192887806,76.61902612791278,76.80584716796875,2810241.0,0.0,0.0,85.93645477294922,76.80584716796875
2023-03-31,77.34388571797714,78.60679942253309,76.97771704584291,78.54701232910156,4319354.0,0.0,0.0,87.88461303710938,78.54701232910156
2023-04-03,78.57690837016905,79.09253115468314,77.85204438956939,78.14348602294922,4804691.0,0.0,0.0,87.43311309814453,78.14348602294922
2023-04-04,78.39008673278852,78.39008673278852,76.27527508377719,76.40978240966797,4154067.0,0.0,0.0,85.4933090209961,76.40978240966797
2023-04-05,76.49198890020354,76.7983773293114,75.98383946629134,76.43968200683594,3171792.0,0.0,0.0,85.5267562866211,76.43968200683594
2023-04-06,76.48450722276203,76.82078916522204,75.86426386310706,75.89415740966797,2893363.0,0.0,0.0,84.91638946533203,75.89415740966797
2023-04-10,75.92404891555418,77.06738839659408,75.51303993652235,76.7908935546875,3444719.0,0.0,0.0,85.91973114013672,76.7908935546875
2023-04-11,77.44105467961221,78.30043302004302,77.2019266950642,78.13603210449219,3530592.0,0.0,0.0,87.42475128173828,78.13603210449219
2023-04-12,78.46481547240593,78.57690945891805,77.48587677944327,77.99402618408203,3258861.0,0.0,0.0,87.26588439941406,77.99402618408203
2023-04-13,78.34525785752744,79.54091810420934,77.78480149272417,79.32420349121094,4108499.0,0.0,0.0,88.75418090820312,79.32420349121094
2023-04-14,79.21211171688284,80.04906982181095,78.47230083925822,79.04023742675781,3341146.0,0.0,0.0,88.43645477294922,79.04023742675781
2023-04-17,79.33167459388274,80.03411849072792,79.16727370127444,79.79499053955078,2911184.0,0.0,0.0,89.28093719482422,79.79499053955078
2023-04-18,80.13126240786715,80.18357611985701,79.11495672440432,79.41387176513672,2286872.0,0.0,0.0,88.8545150756836,79.41387176513672
2023-04-19,78.98794247379065,79.46619847568938,78.80859476838216,79.27190399169922,2293928.0,0.0,0.0,88.69564819335938,79.27190399169922
2023-04-20,78.8085694134404,78.90570980539682,77.79973037160734,78.26304626464844,4419579.0,0.0,0.0,87.56688690185547,78.26304626464844
2023-04-21,78.44986735019184,78.55448794788632,77.76237030646196,78.07622528076172,7644593.0,0.0,0.0,87.35785675048828,78.07622528076172
2023-04-24,78.50219305483775,78.69648750613544,77.9865633744601,78.5096664428711,4229056.0,0.0,0.0,87.84281158447266,78.5096664428711
2023-04-25,78.97297169582845,80.18357174883508,77.83709869423532,77.99402618408203,6065394.0,0.0,0.0,87.26588439941406,77.99402618408203
2023-04-26,77.71754121640961,78.6142864039046,76.79838268378536,76.91047668457031,3795386.0,0.0,0.0,86.05351257324219,76.91047668457031
2023-04-27,77.03005132630283,78.75627455330368,77.03005132630283,78.71144104003906,2862148.0,0.0,0.0,88.06856536865234,78.71144104003906
2023-04-28,78.69647930086792,79.51849052976732,78.57691192358568,79.37650299072266,4764505.0,0.0,0.0,88.81270599365234,79.37650299072266
2023-05-01,79.46618245921637,79.8323511855226,78.88330594351093,79.10001373291016,2738003.0,0.0,0.0,88.50334167480469,79.10001373291016
2023-05-02,78.84593770959114,78.98792525638152,76.71617905801052,76.95530700683594,3602352.0,0.0,0.0,86.10367584228516,76.95530700683594
2023-05-03,77.34388429858828,78.1658954491353,76.72364094710295,76.84320831298828,2459096.0,0.0,0.0,85.97826385498047,76.84320831298828
2023-05-04,76.6339784234512,76.9553068169796,75.29633749826517,76.10340881347656,3543987.0,0.0,0.0,85.15050506591797,76.10340881347656
2023-05-05,76.8207788895403,77.32892820040433,76.26031587919223,77.23178100585938,2324785.0,0.0,0.0,86.41304016113281,77.23178100585938
2023-05-08,77.38873588424005,77.66523077018898,75.96142112871672,76.47705078125,2504424.0,0.0,0.0,85.56856536865234,76.47705078125
2023-05-09,75.82691580071359,76.03615020354567,75.02731785338746,75.32623291015625,3733194.0,0.0,0.0,84.28093719482422,75.32623291015625
2023-05-10,75.76713923836039,75.99880065568853,74.42950491282197,75.40097045898438,3281944.0,0.0,0.0,84.36454772949219,75.40097045898438
2023-05-11,75.1020533106505,75.4756954686953,74.57895701690188,75.31129455566406,3317704.0,0.0,0.0,84.26421356201172,75.31129455566406
2023-05-12,75.6326265538837,75.67746006514946,74.18289149735054,74.93017578125,2937496.0,0.0,0.0,83.8377914428711,74.93017578125
2023-05-15,74.78071135322341,75.34864787627387,74.18288128092269,75.09456634521484,2878772.0,0.0,0.0,84.02173614501953,75.09456634521484
2023-05-16,74.72839746129279,74.75829101047073,73.23382910293988,73.24130249023438,4476748.0,0.0,0.0,81.94815826416016,73.24130249023438
2023-05-17,73.54767928731633,74.96004698096174,73.2338175269119,74.86289978027344,4279288.0,0.0,0.0,83.76254272460938,74.86289978027344
2023-05-18,74.68083255137458,75.74293460232424,74.39254780786587,75.59120178222656,3485503.0,1.254181,0.0,83.31103515625,75.59120178222656
2023-05-19,76.05397647019228,76.22088327131428,74.85532244720372,75.12843322753906,3229080.0,0.0,0.0,82.8010025024414,75.12843322753906
2023-05-22,75.01464053583028,77.41195567033866,74.58980382224073,77.16160583496094,5008011.0,0.0,0.0,85.04180908203125,77.16160583496094
2023-05-23,77.16159313235191,78.01886032879901,76.36501490715983,76.3953628540039,4324975.0,0.0,0.0,84.19732666015625,76.3953628540039
2023-05-24,76.20570665048042,76.3953674848864,73.56562894313862,73.58080291748047,4942590.0,0.0,0.0,81.09532165527344,73.58080291748047
2023-05-25,73.24700579639507,73.74771240277116,72.33663644156078,73.62632751464844,3731042.0,0.0,0.0,81.1454849243164,73.62632751464844
2023-05-26,73.62632714416932,73.92219891361029,73.11044656406943,73.54287719726562,3333730.0,0.0,0.0,81.05351257324219,73.54287719726562
2023-05-30,73.53527880661242,73.74011360926595,72.22282697916089,72.87525939941406,3433477.0,0.0,0.0,80.3177261352539,72.87525939941406
2023-05-31,72.07109001188499,72.65524643842133,70.69794929038883,70.78898620605469,7405273.0,0.0,0.0,78.01839447021484,70.78898620605469
2023-06-01,70.9103970391553,71.75249054809507,70.08347750878956,71.52489471435547,3982082.0,0.0,0.0,78.82942962646484,71.52489471435547
2023-06-02,72.90561805084947,79.31615223523403,72.86009612249501,77.78369140625,16938828.0,0.0,0.0,85.72742462158203,77.78369140625
2023-06-05,76.54710549883255,77.75334665828943,74.27876211411264,74.33187103271484,7070752.0,0.0,0.0,81.92308044433594,74.33187103271484
2023-06-06,74.39256023095857,75.5836274170935,73.80840365926409,74.56704711914062,5351024.0,0.0,0.0,82.1822738647461,74.56704711914062
2023-06-07,74.89326125350976,76.74434783444701,74.04358091887012,76.62296295166016,3996075.0,0.0,0.0,84.44815826416016,76.62296295166016
2023-06-08,76.4712430342505,76.88849970766802,75.54569967123255,76.4408950805664,3768476.0,0.0,0.0,84.24748992919922,76.4408950805664
2023-06-09,76.39537729483902,77.07057078271812,74.49876870723521,75.78845977783203,5398266.0,0.0,0.0,83.52842712402344,75.78845977783203
2023-06-12,76.12986098166219,77.71543104552619,76.02365697237244,76.82022857666016,4185880.0,0.0,0.0,84.6655502319336,76.82022857666016
2023-06-13,76.82020968059155,78.24645953482354,76.50158388622563,77.94300079345703,3926827.0,0.0,0.0,85.90300750732422,77.94300079345703
2023-06-14,78.26165311355399,78.64856189428482,76.75195293871631,77.34369659423828,3888196.0,0.0,0.0,85.24247741699219,77.34369659423828
2023-06-15,77.30575727321161,78.96719022397426,77.09333542081939,78.75476837158203,3375590.0,0.0,0.0,86.79766082763672,78.75476837158203
2023-06-16,79.08855442916642,79.57408704044117,78.26922204150954,79.30856323242188,7412210.0,0.0,0.0,87.40802764892578,79.30856323242188
2023-06-20,77.97335490274732,78.08715280505191,76.68366380312091,77.60920715332031,3284455.0,0.0,0.0,85.53511810302734,77.60920715332031
2023-06-21,77.13126389001522,77.60162256799586,76.47124434313213,76.97953796386719,3011648.0,0.0,0.0,84.84114074707031,76.97953796386719
2023-06-22,76.84296897142399,76.85814294652718,75.59120601705021,76.19053649902344,3103500.0,0.0,0.0,83.97157287597656,76.19053649902344
2023-06-23,78.36785059258199,78.51957651400681,75.46983565183865,76.41055297851562,9342315.0,0.0,0.0,84.21405029296875,76.41055297851562
2023-06-26,75.8643311111065,76.5395246735166,75.46225530720167,76.17537689208984,4371858.0,0.0,0.0,83.95484924316406,76.17537689208984
2023-06-27,75.80363100056421,76.03122679178306,74.40014208120584,74.54428100585938,6493562.0,0.0,0.0,82.15718841552734,74.54428100585938
2023-06-28,74.54426672884534,75.31049697744734,74.17253208416906,74.77944946289062,4539538.0,0.0,0.0,82.41638946533203,74.77944946289062
2023-06-29,74.42290285357343,75.45465705440817,74.2863439947062,75.28775024414062,4182292.0,0.0,0.0,82.9765853881836,75.28775024414062
2023-06-30,75.87189077991617,76.16776247639585,75.25739335063737,75.93258666992188,6084052.0,0.0,0.0,83.68729400634766,75.93258666992188
2023-07-03,76.01605029630143,76.95676753660429,75.803628487863,76.72917175292969,1913002.0,0.0,0.0,84.56521606445312,76.72917175292969
2023-07-05,76.46364565492524,76.90365631137661,74.77945905815233,74.8249740600586,4716306.0,0.0,0.0,82.466552734375,74.8249740600586
2023-07-06,74.34702236772908,74.40771826187002,72.50352303186187,73.0649185180664,6137035.0,0.0,0.0,80.5267562866211,73.0649185180664
2023-07-07,72.97389660104221,75.09809411669782,72.95872262438755,73.80840301513672,4770126.0,0.0,0.0,81.34615325927734,73.80840301513672
2023-07-10,73.67944264811769,74.73395804359919,73.49736874468276,73.73255157470703,4506408.0,0.0,0.0,81.26254272460938,73.73255157470703
2023-07-11,74.90842622141366,77.40436516350016,74.63531543457178,77.32091522216797,7477392.0,0.0,0.0,85.21739196777344,77.32091522216797
2023-07-12,78.5043932418785,79.10372371316717,77.01745446721515,77.05538940429688,4345307.0,0.0,0.0,84.92475128173828,77.05538940429688
2023-07-13,77.15402095533156,78.07956428740248,77.00228811441922,78.03404235839844,2980552.0,0.0,0.0,86.00334167480469,78.03404235839844
2023-07-14,77.95059393779948,78.02645689852434,77.04022456423198,77.60920715332031,2650097.0,0.0,0.0,85.53511810302734,77.60920715332031
2023-07-17,77.30574049335749,77.47264037439493,76.47123416573642,77.15401458740234,2753312.0,0.0,0.0,85.033447265625,77.15401458740234
2023-07-18,77.09332716975038,78.54992510141342,76.88849925090362,78.14784240722656,2978877.0,0.0,0.0,86.1287612915039,78.14784240722656
2023-07-19,78.02645651128495,78.71682398756758,77.83679564919677,78.50440216064453,2498324.0,0.0,0.0,86.52173614501953,78.50440216064453
2023-07-20,78.26922375603462,79.45270389746373,77.76851715805898,79.11890411376953,3428095.0,0.0,0.0,87.1989974975586,79.11890411376953
2023-07-21,79.02786133870589,79.30855910785974,78.30715290835874,79.14924621582031,2992392.0,0.0,0.0,87.2324447631836,79.14924621582031
2023-07-24,79.30098473822441,80.11273022495837,78.88372805062153,79.1037368774414,3986746.0,0.0,0.0,87.1822738647461,79.1037368774414
2023-07-25,81.5920906782562,84.09561008251472,81.18242097181378,83.32179260253906,10499564.0,0.0,0.0,91.83110046386719,83.32179260253906
2023-07-26,83.3293559037996,85.7797726121999,83.3293559037996,85.45355987548828,6691620.0,0.0,0.0,94.18060302734375,85.45355987548828
2023-07-27,83.7921277740593,85.83288182211557,83.7921277740593,84.35352325439453,6713746.0,0.0,0.0,92.96822357177734,84.35352325439453
2023-07-28,84.86941954266047,85.2790892103907,84.24733497539826,84.87700653076172,3479762.0,0.0,0.0,93.54515075683594,84.87700653076172
2023-07-31,84.876991700388,85.17286341733677,84.1031744287425,84.58870697021484,8661312.0,0.0,0.0,93.22742462158203,84.58870697021484
2023-08-01,84.58870885672376,84.9073415411055,83.70109368608176,83.8755874633789,3414819.0,0.0,0.0,92.44147491455078,83.8755874633789
2023-08-02,83.07143036405841,83.37488910427622,82.0548501606411,82.62383270263672,3810934.0,0.0,0.0,91.06187438964844,82.62383270263672
2023-08-03,82.31279671389805,82.5707335585067,81.12172949759899,81.31897735595703,3374514.0,0.0,0.0,89.62374877929688,81.31897735595703
2023-08-04,81.59966289028064,81.9182886732051,79.71064146533152,80.04444122314453,3487775.0,0.0,0.0,88.21906280517578,80.04444122314453
2023-08-07,80.41619552039487,80.83345224180525,79.57410201071592,79.83203887939453,3001242.0,0.0,0.0,87.98494720458984,79.83203887939453
2023-08-08,79.13407504385421,79.20235101108464,77.79886211560293,78.98992919921875,3483350.0,0.0,0.0,87.05685424804688,78.98992919921875
2023-08-09,78.82304061523092,79.42237119805652,78.45130585238431,78.67890167236328,2565540.0,0.0,0.0,86.71405029296875,78.67890167236328
2023-08-10,78.9519927905036,80.302372628259,78.42093831728891,78.8230209350586,2633951.0,0.0,0.0,86.87290954589844,78.8230209350586
2023-08-11,78.7699252820206,79.49822070677439,78.4740535351059,79.31614685058594,1947925.0,0.0,0.0,87.41638946533203,79.31614685058594
2023-08-14,79.02028077682913,79.13407867572535,78.06438950199585,78.4588851928711,3653062.0,0.0,0.0,86.47157287597656,78.4588851928711
2023-08-15,77.79886086030602,78.04921068440092,76.56227187019975,76.72917175292969,4000859.0,0.0,0.0,84.56521606445312,76.72917175292969
2023-08-16,76.44847958810351,77.17677507340979,76.21330372198771,76.46365356445312,3412666.0,0.0,0.0,84.27257537841797,76.46365356445312
2023-08-17,76.79745066553512,77.92783571722545,76.69883366758432,77.2298812866211,4071304.0,0.0,0.0,85.11705780029297,77.2298812866211
2023-08-18,76.9834898357725,77.37617778633228,76.6754928114092,77.00658416748047,3150742.0,1.254181,0.0,83.62039947509766,77.00658416748047
2023-08-21,76.9988858569303,77.075883358673,75.86700361121909,76.37519836425781,2754029.0,0.0,0.0,82.93478393554688,76.37519836425781
2023-08-22,76.74479762967752,76.78329989635682,75.543618246777,75.85160827636719,3097879.0,0.0,0.0,82.36621856689453,75.85160827636719
2023-08-23,76.0363938599587,77.13748123858221,75.22790961290453,76.72938537597656,3904820.0,0.0,0.0,83.31939697265625,76.72938537597656
2023-08-24,76.43677991998979,77.51476581015392,75.83618687784646,75.84388732910156,2272400.0,0.0,0.0,82.35785675048828,75.84388732910156
2023-08-25,76.21348586984385,76.54458421758966,75.47429870868436,76.19039154052734,2617566.0,0.0,0.0,82.73411560058594,76.19039154052734
2023-08-28,81.08752470361362,81.34931899898912,78.99315628868963,80.17123413085938,9135646.0,0.0,0.0,87.05685424804688,80.17123413085938
2023-08-29,80.8411216201676,82.27330028428007,80.75642367522092,81.2877197265625,6270867.0,0.0,0.0,88.26923370361328,81.2877197265625
2023-08-30,81.22613798356073,81.5033332487444,79.77855802584938,80.42535400390625,3915584.0,0.0,0.0,87.33277893066406,80.42535400390625
2023-08-31,81.57262892225751,83.4128967130618,81.22612960703975,82.13471984863281,7781296.0,0.0,0.0,89.18896484375,82.13471984863281
2023-09-01,82.61981369349313,83.38980280776146,81.70352299401412,82.3503189086914,4354038.0,0.0,0.0,89.42308044433594,82.3503189086914
2023-09-05,82.23480493740831,83.35898660182741,81.9114070359087,82.27330017089844,5817583.0,0.0,0.0,89.33946228027344,82.27330017089844
2023-09-06,82.0192091679984,82.24250822859719,81.1106190472516,81.9037094116211,3210423.0,0.0,0.0,88.93812561035156,81.9037094116211
2023-09-07,81.75741097545269,82.22710340476891,80.81801909086057,81.58031463623047,3476652.0,0.0,0.0,88.58695983886719,81.58031463623047
2023-09-08,81.6804267808456,81.91912679376996,81.17223899210069,81.80362701416016,3317824.0,0.0,0.0,88.82942962646484,81.80362701416016
2023-09-11,82.38879802955523,83.3281828789424,82.22710259550192,83.07408905029297,3398314.0,0.0,0.0,90.20903015136719,83.07408905029297
2023-09-12,82.81229758673935,83.77478382400382,82.44270399578338,82.51200103759766,3823134.0,0.0,0.0,89.59866333007812,82.51200103759766
2023-09-13,82.49661235143044,82.75070622635413,77.39158431188453,77.80738067626953,9059820.0,0.0,0.0,84.4899673461914,77.80738067626953
2023-09-14,78.23086505176094,79.74774165886208,77.93056850590501,78.7852554321289,5004184.0,0.0,0.0,85.55184173583984,78.7852554321289
2023-09-15,78.45415945048282,78.85455485706187,77.49937364677587,77.81507110595703,7178631.0,0.0,0.0,84.49832916259766,77.81507110595703
2023-09-18,77.8150835238921,78.46187242375761,77.0835896371513,77.7996826171875,5141006.0,0.0,0.0,84.48160552978516,77.7996826171875
2023-09-19,77.776565673675,77.96136246518178,76.89877740103798,77.17597961425781,3192483.0,0.0,0.0,83.80435180664062,77.17597961425781
2023-09-20,77.03739085053566,77.69188017748073,76.21349858260135,76.22119903564453,2936300.0,0.0,0.0,82.7675552368164,76.22119903564453
2023-09-21,75.88240733138088,76.39830255632545,74.99691846359399,75.06621551513672,4252856.0,0.0,0.0,81.51337432861328,75.06621551513672
2023-09-22,75.1432157229772,75.30491117592877,74.38092712197641,74.71971893310547,4172724.0,0.0,0.0,81.13712310791016,74.71971893310547
2023-09-25,74.35781808303214,74.61191191513123,72.19414569342216,72.98723602294922,5315263.0,0.0,0.0,79.25585174560547,72.98723602294922
2023-09-26,72.65616074960668,73.23365260774024,72.0863693449918,72.28656005859375,4159927.0,0.0,0.0,78.49497985839844,72.28656005859375
2023-09-27,72.47903043345643,72.66382719736797,71.67824679849271,71.96314239501953,3669089.0,0.0,0.0,78.14381408691406,71.96314239501953
2023-09-28,71.64745526070193,72.25574879420274,71.154661477683,71.80915069580078,4883866.0,0.0,0.0,77.9765853881836,71.80915069580078
2023-09-29,72.37895322289111,72.64074752023332,71.87845895888391,72.08635711669922,3640744.0,0.0,0.0,78.27759552001953,72.08635711669922
2023-10-02,71.33946857740125,71.4780697032008,68.76770701789955,69.46839904785156,9823466.0,0.0,0.0,75.43478393554688,69.46839904785156
2023-10-03,69.10649613111327,69.25279066321839,67.8822086078984,68.36730194091797,6428620.0,0.0,0.0,74.23912811279297,68.36730194091797
2023-10-04,68.22101280126054,68.42121051172536,67.22772470133589,67.77442169189453,7799475.0,0.0,0.0,73.59532165527344,67.77442169189453
2023-10-05,67.75902108777429,67.94381789426028,66.64253277046453,67.62812042236328,5812799.0,0.0,0.0,73.43645477294922,67.62812042236328
2023-10-06,67.29702750343746,68.69071114350497,66.47314225986645,68.0670166015625,5331888.0,0.0,0.0,73.91304016113281,68.0670166015625
2023-10-09,67.81290921181635,68.59059860798767,67.72051081949695,68.56749725341797,2822082.0,0.0,0.0,74.4565200805664,68.56749725341797
2023-10-10,69.29899181667636,70.06128031915415,68.69069829463388,69.79177856445312,4435844.0,0.0,0.0,75.78594970703125,69.79177856445312
2023-10-11,69.91498641341634,70.05358753173935,69.10650213873966,69.59928894042969,2536955.0,0.0,0.0,75.57691955566406,69.59928894042969
2023-10-12,69.70707930760446,69.70707930760446,68.11320529411714,68.54439544677734,2796128.0,0.0,0.0,74.43143463134766,68.54439544677734
2023-10-13,68.68300344516813,69.18349771134508,67.95921714174305,68.28260803222656,2809284.0,0.0,0.0,74.14715576171875,68.28260803222656
2023-10-16,68.46741000706356,69.40679499242357,68.18251433032454,69.25279998779297,3186862.0,0.0,0.0,75.20066833496094,69.25279998779297
2023-10-17,68.65990326081612,70.09978246596685,68.59060621538069,69.72248840332031,2535759.0,0.0,0.0,75.71070098876953,69.72248840332031
2023-10-18,69.0834061456256,69.14500274412971,67.85912544687582,68.0670166015625,3214130.0,0.0,0.0,73.91304016113281,68.0670166015625
2023-10-19,67.75901823107284,68.38270567017848,67.00442310611497,67.03522491455078,3667295.0,0.0,0.0,72.79264068603516,67.03522491455078
2023-10-20,66.76572491733161,67.23541732923563,66.51933154710436,66.64252471923828,3056258.0,0.0,0.0,72.36621856689453,66.64252471923828
2023-10-23,66.21904592213859,66.85813432044941,65.7185516217937,65.91104888916016,4158014.0,0.0,0.0,71.57190704345703,65.91104888916016
2023-10-24,69.38369511663528,69.9380855201663,68.0824100302238,69.39139556884766,7675928.0,0.0,0.0,75.3511734008789,69.39139556884766
2023-10-25,68.83700861296977,69.61469819706588,68.29801903185576,68.82931518554688,4618593.0,0.0,0.0,74.74080657958984,68.82931518554688
2023-10-26,69.1142009105196,69.72249454615768,67.99001907591223,68.25951385498047,4623975.0,0.0,0.0,74.1220703125,68.25951385498047
2023-10-27,68.62140046278351,68.71379885516848,66.96592282542328,67.38941955566406,3962109.0,0.0,0.0,73.17726135253906,67.38941955566406
2023-10-30,67.80520834954413,69.09109240866222,67.58960976011845,68.92938995361328,3161626.0,0.0,0.0,74.84949493408203,68.92938995361328
2023-10-31,68.89860484610016,70.5078799893179,68.84470167819677,70.03048706054688,5555659.0,0.0,0.0,76.04515075683594,70.03048706054688
2023-11-01,70.19218613932482,70.33848771951908,68.9679054568856,69.73019409179688,4181934.0,0.0,0.0,75.71906280517578,69.73019409179688
2023-11-02,70.53098486264332,71.14697191623507,70.09978760176445,71.07767486572266,3144404.0,0.0,0.0,77.1822738647461,71.07767486572266
2023-11-03,72.00936258082086,73.01035124765218,71.66287028705058,72.27116394042969,3266396.0,0.0,0.0,78.47826385498047,72.27116394042969
2023-11-06,72.24805360781808,72.31735065277367,71.58586388967771,72.00935363769531,2578217.0,0.0,0.0,78.19397735595703,72.00935363769531
2023-11-07,71.54736804907937,71.95546395503376,71.27787327143506,71.7244644165039,2636223.0,0.0,0.0,77.88461303710938,71.7244644165039
2023-11-08,71.91696629947783,71.91696629947783,70.27688914348519,71.08538055419922,4142466.0,0.0,0.0,77.19063568115234,71.08538055419922
2023-11-09,71.28557716651186,71.77067060007894,70.56948418326098,70.60798645019531,2540543.0,0.0,0.0,76.6722412109375,70.60798645019531
2023-11-10,70.838981866343,71.65516664407562,70.57718051838815,71.4626693725586,2864420.0,0.0,0.0,77.60033416748047,71.4626693725586
2023-11-13,71.3779702282,71.70906159516063,70.77737706483252,71.37026977539062,2551307.0,0.0,0.0,77.5,71.37026977539062
2023-11-14,72.37897424769979,73.52625764909558,72.32507106655493,73.12586212158203,3972394.0,0.0,0.0,79.40635681152344,73.12586212158203
2023-11-15,73.48773830476351,74.84291960954043,73.48773830476351,74.55032348632812,4533079.0,0.0,0.0,80.95317840576172,74.55032348632812
2023-11-16,74.99611411568556,75.4340968447373,74.22965147636869,74.85533905029297,3661913.0,1.254181,0.0,80.02508544921875,74.85533905029297
2023-11-17,75.28548893660071,75.35588360200917,74.30785661560486,74.56595611572266,9073693.0,0.0,0.0,79.7157211303711,74.56595611572266
2023-11-20,74.31569558746591,74.49557883466312,73.8777199164455,74.28441619873047,3986627.0,0.0,0.0,79.41471862792969,74.28441619873047
2023-11-21,74.00285178994159,74.11234749189525,73.31460532598987,73.5101318359375,3239605.0,0.0,0.0,78.58695983886719,73.5101318359375
2023-11-22,74.27658794754855,74.91009007193577,74.01066677958545,74.58943176269531,2863463.0,0.0,0.0,79.74080657958984,74.58943176269531
2023-11-24,74.53468992983521,75.06652519760476,74.39391483366325,75.04306030273438,1267640.0,0.0,0.0,80.22575378417969,75.04306030273438
2023-11-27,75.08215653887977,76.22403618134935,75.03523388865486,75.91901397705078,3939504.0,0.0,0.0,81.1622085571289,75.91901397705078
2023-11-28,75.80169575023277,77.5066899943857,75.504495180574,77.04524230957031,5184182.0,0.0,0.0,82.36621856689453,77.04524230957031
2023-11-29,77.6239990478993,77.78042452972835,76.74021898292251,77.01396179199219,3087594.0,0.0,0.0,82.33277893066406,77.01396179199219
2023-11-30,77.14691424589267,78.27315058168953,76.84971368444171,77.48322296142578,7190950.0,0.0,0.0,82.8344497680664,77.48322296142578
2023-12-01,77.3033266031847,78.37481134137823,76.77149148057065,78.09325408935547,3329425.0,0.0,0.0,83.48662567138672,78.09325408935547
2023-12-04,78.47649678425599,81.16693789640648,78.39046598391069,80.9010238647461,6016119.0,0.0,0.0,86.48829650878906,80.9010238647461
2023-12-05,80.36136964785956,80.55689614678276,79.33681450449478,79.53234100341797,3675786.0,0.0,0.0,85.02508544921875,79.53234100341797
2023-12-06,79.5167035545895,81.010528113793,79.4854170287868,80.39266204833984,4285029.0,0.0,0.0,85.94481658935547,80.39266204833984
2023-12-07,80.59599568830775,81.04961454818488,80.08762541812939,80.77587890625,2831650.0,0.0,0.0,86.3545150756836,80.77587890625
2023-12-08,80.84627532958984,82.050720850367,80.55689639575014,80.84627532958984,4119024.0,0.0,0.0,86.42976379394531,80.84627532958984
2023-12-11,81.10436921731976,81.5032438194465,80.33790653449554,80.6820297241211,4169136.0,0.0,0.0,86.25418090820312,80.6820297241211
2023-12-12,81.0183322625096,81.1278279523112,80.04070695779534,80.2127685546875,5590463.0,0.0,0.0,85.75251007080078,80.2127685546875
2023-12-13,79.77477900230383,81.50323786406376,77.98376137530461,81.48759460449219,7142512.0,0.0,0.0,87.11538696289062,81.48759460449219
2023-12-14,82.1054568907839,84.17803900509408,82.0898136305476,83.71659851074219,6894342.0,0.0,0.0,89.49832916259766,83.71659851074219
2023-12-15,83.17694308205895,84.09983122245242,82.87192804853397,83.66967010498047,13255507.0,0.0,0.0,89.44815826416016,83.66967010498047
2023-12-18,83.68532429402691,83.9199589590208,82.63730420587233,82.80154418945312,3616704.0,0.0,0.0,88.52006530761719,82.80154418945312
2023-12-19,83.19259205690629,83.48979261712272,82.81718232537489,83.09873962402344,3151101.0,0.0,0.0,88.8377914428711,83.09873962402344
2023-12-20,82.74679578520745,83.11438389039886,81.04962320548991,81.0809097290039,3883890.0,0.0,0.0,86.68060302734375,81.0809097290039
2023-12-21,81.5110625041215,82.61383393943632,81.42503170229189,82.55908966064453,2624263.0,0.0,0.0,88.26087188720703,82.55908966064453
2023-12-22,82.80935584062975,84.00597964213799,82.70768178292269,83.16130065917969,2728913.0,0.0,0.0,88.90467834472656,83.16130065917969
2023-12-26,83.13783598545821,84.92885358697373,83.11437109643471,84.5534439086914,3332176.0,0.0,0.0,90.39297485351562,84.5534439086914
2023-12-27,84.4674304589079,85.32774567100414,84.21715966751668,85.04618835449219,2922785.0,0.0,0.0,90.91973114013672,85.04618835449219
2023-12-28,84.98362128104048,86.1724235811067,84.97579964986704,85.78919219970703,3360282.0,0.0,0.0,91.71405029296875,85.78919219970703
2023-12-29,85.64058385295681,86.00035032197005,85.05400436485729,85.49980163574219,2887622.0,0.0,0.0,91.40467834472656,85.49980163574219
2024-01-02,84.9523325272783,86.54783106040016,84.81937907386788,86.0316390991211,3321053.0,0.0,0.0,91.9732437133789,86.0316390991211
2024-01-03,85.42941369562647,85.6092969292913,83.52890015953123,84.30318450927734,3547575.0,0.0,0.0,90.12541961669922,84.30318450927734
2024-01-04,84.52998527157071,85.51543931820845,84.24060636178179,84.60037994384766,3319976.0,0.0,0.0,90.44314575195312,84.60037994384766
2024-01-05,84.4517645689611,85.63274493754699,84.1154630601189,84.92884826660156,1991579.0,0.0,0.0,90.7943115234375,84.92884826660156
2024-01-08,84.6707601856964,85.21823143710074,84.14674668650633,85.14002227783203,2535042.0,0.0,0.0,91.02006530761719,85.14002227783203
2024-01-09,84.6238466883907,85.48416901542777,83.95905800192773,85.32774353027344,2939768.0,0.0,0.0,91.22073364257812,85.32774353027344
2024-01-10,85.26517146301187,85.34338063168092,84.34228329044925,84.70205688476562,2391761.0,0.0,0.0,90.55184173583984,84.70205688476562
2024-01-11,84.70204534010784,85.24951658269659,83.84954482188846,85.18695068359375,3212217.0,0.0,0.0,91.07023620605469,85.18695068359375
2024-01-12,85.578012233626,86.15677005234762,84.38138844497563,84.56127166748047,3490526.0,0.0,0.0,90.40133666992188,84.56127166748047
2024-01-16,84.20932457026404,84.52216836186966,83.43504028954129,84.18585968017578,3631534.0,0.0,0.0,90.0,84.18585968017578
2024-01-17,83.56800493945154,84.2015142376912,82.53562813881342,82.96578216552734,3156842.0,0.0,0.0,88.69564819335938,82.96578216552734
2024-01-18,83.16131465204063,83.48198013976844,82.38703021172915,83.24735260009766,2981748.0,0.0,0.0,88.99665832519531,83.24735260009766
2024-01-19,83.48196727935651,84.74897863527607,82.19931266256368,84.27971649169922,3910322.0,0.0,0.0,90.10033416748047,84.27971649169922
2024-01-22,84.85847245071095,85.57019084905616,83.99815735039998,84.48306274414062,5879656.0,0.0,0.0,90.3177261352539,84.48306274414062
2024-01-23,78.88318781659513,78.88318781659513,73.60397952522725,75.16036987304688,32544236.0,0.0,0.0,80.3511734008789,75.16036987304688
2024-01-24,75.58269251998932,75.89553630272937,72.52466363390587,72.92353820800781,11202454.0,0.0,0.0,77.95986938476562,72.92353820800781
2024-01-25,73.34588315798429,75.30114821596021,73.21292970141779,75.06652069091797,7322988.0,0.0,0.0,80.25083923339844,75.06652069091797
2024-01-26,75.2542159184773,75.7860439496161,74.91790723154705,75.07432556152344,4449359.0,0.0,0.0,80.25919342041016,75.07432556152344
2024-01-29,75.08214821465927,75.77822335193345,74.64417260284371,75.37934875488281,4544800.0,0.0,0.0,80.58528137207031,75.37934875488281
2024-01-30,75.2151066196361,75.48102063114658,74.12797854697497,74.8866195678711,3827798.0,0.0,0.0,80.05852508544922,74.8866195678711
2024-01-31,75.0352258226927,75.0352258226927,73.6430755434493,73.79167938232422,8260533.0,0.0,0.0,78.8879623413086,73.79167938232422
2024-02-01,73.82294728753241,75.09778005080211,73.4710025255686,75.01174926757812,3943571.0,0.0,0.0,80.19230651855469,75.01174926757812
2024-02-02,74.51903733403422,74.61288976523679,73.74475299248206,74.19837188720703,4440030.0,0.0,0.0,79.32273864746094,74.19837188720703
2024-02-05,73.71346796105658,73.71346796105658,72.40734851837004,72.52466583251953,5354372.0,0.0,0.0,77.533447265625,72.52466583251953
2024-02-06,72.53247357102225,73.4006101110234,72.26655247347341,73.33021545410156,4453186.0,0.0,0.0,78.39464569091797,73.33021545410156
2024-02-07,73.98720810729074,74.07323890649812,73.12689297869275,73.39280700683594,4521956.0,0.0,0.0,78.46154022216797,73.39280700683594
2024-02-08,73.63526319831631,73.8151464444865,72.50903393367253,72.89226531982422,4741303.0,0.0,0.0,77.92642211914062,72.89226531982422
2024-02-09,72.89225793229897,72.97046710055203,72.25874868274843,72.65762329101562,4388244.0,0.0,0.0,77.67558288574219,72.65762329101562
2024-02-12,72.82969996684588,74.34698226059217,72.77494854753135,74.01067352294922,4893673.0,0.0,0.0,79.1220703125,74.01067352294922
2024-02-13,72.9704736395663,73.51013050826793,71.47664913231948,72.46992492675781,5496338.0,0.0,0.0,77.47491455078125,72.46992492675781
2024-02-14,72.73582249727527,72.92353446650716,72.08667721220124,72.2822036743164,6024132.0,0.0,0.0,77.27424621582031,72.2822036743164
2024-02-15,72.75131878403208,73.5941173424588,72.44123026331864,73.45100402832031,4559391.0,1.262542,0.0,77.24080657958984,73.45100402832031
2024-02-16,73.0375516514107,73.18861650923999,72.52073745741058,72.55254364013672,5345522.0,0.0,0.0,76.29598999023438,72.55254364013672
2024-02-20,72.43329231870183,73.53847758567554,71.9721315964032,73.0057601928711,5174614.0,0.0,0.0,76.77257537841797,73.0057601928711
2024-02-21,72.85467681609671,73.125014871989,72.33786985261028,72.91828918457031,4061855.0,0.0,0.0,76.68060302734375,72.91828918457031
2024-02-22,72.79900886878109,73.48279090938324,72.46506576543912,73.33172607421875,5083837.0,0.0,0.0,77.11538696289062,73.33172607421875
2024-02-23,73.45896660472813,73.89627271191164,73.07732133194492,73.61003875732422,3774217.0,0.0,0.0,77.40802764892578,73.61003875732422
2024-02-26,73.29199412995573,73.54642913296078,72.70362316121597,73.0057601928711,3914388.0,0.0,0.0,76.77257537841797,73.0057601928711
2024-02-27,73.14886553309204,73.42714786485314,72.73541418073387,73.38739013671875,2736807.0,0.0,0.0,77.17391204833984,73.38739013671875
2024-02-28,73.14886739398776,73.64977850592481,72.68770675613646,72.71951293945312,3543030.0,0.0,0.0,76.47157287597656,72.71951293945312
2024-02-29,73.1488666601688,73.37943972172131,72.64000400750743,73.24427795410156,6169446.0,0.0,0.0,77.0234146118164,73.24427795410156
2024-03-01,73.18068048116612,73.18068048116612,72.26631782944284,73.03756713867188,4064128.0,0.0,0.0,76.80602264404297,73.03756713867188
2024-03-04,72.43327487444564,73.0295972468571,71.9403153367879,72.70360565185547,6678703.0,0.0,0.0,76.45484924316406,72.70360565185547
2024-03-05,72.88648717345129,74.25405160308996,72.80697896336731,73.6974868774414,5251636.0,0.0,0.0,77.5,73.6974868774414
2024-03-06,74.33355840169536,74.49257480332362,73.09320435077949,73.56230926513672,3591349.0,0.0,0.0,77.35785675048828,73.56230926513672
2024-03-07,73.9837179109256,74.18249205593925,73.23633060810324,73.64183044433594,3751613.0,0.0,0.0,77.44147491455078,73.64183044433594
2024-03-08,74.33356913193145,75.32743992322541,74.08708569326132,74.65955352783203,4925846.0,0.0,0.0,78.51170349121094,74.65955352783203
2024-03-11,74.72317790091095,75.10482318524346,74.30972642453007,74.7788314819336,4206571.0,0.0,0.0,78.63712310791016,74.7788314819336
2024-03-12,79.66867002771015,80.18547706633481,77.24362224852429,78.49192810058594,16737302.0,0.0,0.0,82.54180908203125,78.49192810058594
2024-03-13,79.28702777922601,82.76160011651616,78.87357632864585,82.74569702148438,12935338.0,0.0,0.0,87.01505279541016,82.74569702148438
2024-03-14,82.18114850012198,83.11936552691053,81.29064074396003,81.99032592773438,8282539.0,0.0,0.0,86.22073364257812,81.99032592773438
2024-03-15,81.89492945312413,83.91447717371928,81.72000993930932,83.48512268066406,32098966.0,0.0,0.0,87.79264068603516,83.48512268066406
2024-03-18,83.11143358151669,84.51080427907124,83.02397381980217,83.32611083984375,6622491.0,0.0,0.0,87.62541961669922,83.32611083984375
2024-03-19,84.11324901587558,85.07531357048194,83.12732982229703,83.73955535888672,6987869.0,0.0,0.0,88.0602035522461,83.73955535888672
2024-03-20,83.47716939045532,86.745015534184,83.03987061505254,85.95787048339844,8390299.0,0.0,0.0,90.39297485351562,85.95787048339844
2024-03-21,86.02943097369385,86.81658331456514,85.703446577996,85.76705169677734,7886663.0,0.0,0.0,90.19230651855469,85.76705169677734
2024-03-22,85.55238198772571,85.96583343390768,84.87655124149514,84.90040588378906,5321243.0,0.0,0.0,89.28093719482422,84.90040588378906
2024-03-25,84.20071609947696,84.92425609252221,83.310208129214,83.35791015625,6680019.0,0.0,0.0,87.65885925292969,83.35791015625
2024-03-26,82.73774527047871,83.22275339244746,81.41788270188707,81.60075378417969,7279693.0,0.0,0.0,85.81103515625,81.60075378417969
2024-03-27,81.8949251382041,83.29429568511338,81.88697359208051,83.15913391113281,4641676.0,0.0,0.0,87.44983673095703,83.15913391113281
2024-03-28,83.17502300123382,84.48693368942274,83.1591271653364,84.33586883544922,5245776.0,0.0,0.0,88.68729400634766,84.33586883544922
2024-04-01,86.58267219453819,89.71124331664502,83.90103462197416,89.40694427490234,13004800.0,0.0,1.196,94.0199966430664,89.40694427490234
2024-04-02,88.53208869253928,89.7873231927717,87.39096905780497,88.28484344482422,8912000.0,0.0,0.0,92.83999633789062,88.28484344482422
2024-04-03,88.76028736786523,90.05355980981275,87.9615052887528,88.6176528930664,6060200.0,0.0,0.0,93.19000244140625,88.6176528930664
2024-04-04,89.85388643010535,90.97599052372189,85.8029067363395,86.09769439697266,5864200.0,0.0,0.0,90.54000091552734,86.09769439697266
2024-04-05,85.9930770667375,86.93450095601915,85.14674525378707,86.56363677978516,3514000.0,0.0,0.0,91.02999877929688,86.56363677978516
2024-04-08,86.72530100191346,88.33238406473534,86.72530100191346,87.41948699951172,3706700.0,0.0,0.0,91.93000030517578,87.41948699951172
2024-04-09,87.58114489907922,88.62717234041338,87.48605281442357,88.06612396240234,4236600.0,0.0,0.0,92.61000061035156,88.06612396240234
2024-04-10,87.27685795829355,88.16122825264472,86.12622688801937,88.08515167236328,3494900.0,0.0,0.0,92.62999725341797,88.08515167236328
2024-04-11,88.28482491064361,88.96949944977091,87.94249489614015,88.60814666748047,2993700.0,0.0,0.0,93.18000030517578,88.60814666748047
2024-04-12,88.20875547972614,88.25629788900585,86.67774915275191,86.82989501953125,3590800.0,0.0,0.0,91.30999755859375,86.82989501953125
2024-04-15,87.4670327222443,88.22777661473971,86.2973791025125,86.82039642333984,3674800.0,0.0,0.0,91.30000305175781,86.82039642333984
2024-04-16,86.47806102329346,86.84892522069433,85.74583675812504,86.5826644897461,3037000.0,0.0,0.0,91.05000305175781,86.5826644897461
2024-04-17,87.22930221895056,87.59065503752387,85.89799128753488,86.49707794189453,3421600.0,0.0,0.0,90.95999908447266,86.49707794189453
2024-04-18,86.91549294938336,87.89495520480251,86.41149837174524,86.99156951904297,3069400.0,0.0,0.0,91.4800033569336,86.99156951904297
2024-04-19,86.7633280989543,87.8664164449433,86.63019774755013,87.74279022216797,3588500.0,0.0,0.0,92.2699966430664,87.74279022216797
2024-04-22,87.99954599989132,88.161203245839,87.20075664363578,88.07562255859375,2992900.0,0.0,0.0,92.62000274658203,88.07562255859375
2024-04-23,88.41796568776381,89.42595476478148,88.2372856626152,88.43698120117188,3729800.0,0.0,0.0,93.0,88.43698120117188
2024-04-24,88.04709876613636,88.65570405229552,86.93450617069665,87.50506591796875,3813400.0,0.0,0.0,92.0199966430664,87.50506591796875
2024-04-25,87.09616444837489,87.48605142083174,86.20229016077737,86.92500305175781,2954800.0,0.0,0.0,91.41000366210938,86.92500305175781
2024-04-26,87.01058382189538,87.66673152971278,86.61119271933737,87.32439422607422,4520900.0,0.0,0.0,91.83000183105469,87.32439422607422
2024-04-29,87.06763188071658,88.07562821055866,87.06763188071658,87.63819885253906,4905000.0,0.0,0.0,92.16000366210938,87.63819885253906
2024-04-30,91.03303666424765,93.03950341094347,89.17870853318531,91.77476501464844,16731900.0,0.0,0.0,96.51000213623047,91.77476501464844
2024-05-01,93.28675511705623,94.80825020538055,92.50698843084871,93.61007690429688,11062600.0,0.0,0.0,98.44000244140625,93.61007690429688
2024-05-02,93.15362809224891,93.57204197719695,91.90790507759507,92.06005096435547,6317100.0,0.0,0.0,96.80999755859375,92.06005096435547
2024-05-03,92.7922719309364,93.37234306694415,92.08857455787268,92.38336944580078,4818500.0,0.0,0.0,97.1500015258789,92.38336944580078
2024-05-06,92.32631302932188,92.9539338657296,91.80330292071001,91.85084533691406,4329500.0,0.0,0.0,96.58999633789062,91.85084533691406
2024-05-07,91.85084905728282,92.41190472968114,90.83334844451922,90.85237121582031,4409000.0,0.0,0.0,95.54000091552734,90.85237121582031
2024-05-08,90.70971500906549,91.70819994661687,90.34836221755354,91.62261199951172,3489900.0,0.0,0.0,96.3499984741211,91.62261199951172
2024-05-09,91.37538497547949,92.60209259091678,91.19471217131091,92.55455017089844,2584200.0,0.0,0.0,97.33000183105469,92.55455017089844
2024-05-10,93.71467412432287,94.77021285852527,93.35331407708145,94.0760269165039,4157900.0,0.0,0.0,98.93000030517578,94.0760269165039
2024-05-13,94.14259731613468,96.74815807912381,94.14259731613468,94.74168395996094,5578700.0,0.0,0.0,99.62999725341797,94.74168395996094
2024-05-14,95.02697493801763,96.2346597053896,94.90335594767605,95.16961669921875,2973100.0,0.0,0.0,100.08000183105469,95.16961669921875
2024-05-15,95.27421963608023,96.68159995916666,95.23618134963718,96.27269744873047,4203300.0,0.0,0.0,101.23999786376953,96.27269744873047
2024-05-16,96.72914387617861,100.05741756378961,96.60551763882839,99.71508026123047,8384500.0,0.0,0.0,104.86000061035156,99.71508026123047
2024-05-17,100.04790168812461,100.53288072082427,99.54390714171893,100.09545135498047,5396500.0,0.0,0.0,105.26000213623047,100.09545135498047
2024-05-20,100.05741635295684,100.83718303155844,99.49636073691745,100.04790496826172,3962700.0,0.0,0.0,105.20999908447266,100.04790496826172
2024-05-21,99.74359681524506,99.88623855236011,97.61350390752321,98.07946014404297,4603000.0,0.0,0.0,103.13999938964844,98.07946014404297
2024-05-22,97.60399880106466,98.05093955374197,95.99691581932561,96.51042175292969,3807800.0,0.0,0.0,101.48999786376953,96.51042175292969
2024-05-23,96.156132082723,96.25188458880731,94.71025243831961,95.28477478027344,3845500.0,0.7,0.0,99.51000213623047,95.28477478027344
2024-05-24,95.57202798601959,96.25188024562348,95.12198319173801,95.43797302246094,2602000.0,0.0,0.0,99.66999816894531,95.43797302246094
2024-05-28,95.33265308352969,95.85930285667027,93.6665360005597,94.49002075195312,4360900.0,0.0,0.0,98.68000030517578,94.49002075195312
2024-05-29,93.64738681242612,93.7431393225944,92.65154463468996,93.41757202148438,4826600.0,0.0,0.0,97.55999755859375,93.41757202148438
2024-05-30,93.54204034176283,94.05911257190373,92.77600578478811,94.03038024902344,4520300.0,0.0,0.0,98.19999694824219,94.03038024902344
2024-05-31,93.8963316094057,95.99334568837116,93.2835068448085,95.88801574707031,21754400.0,0.0,0.0,100.13999938964844,95.88801574707031
2024-06-03,96.10826209254024,96.51042701228522,94.76770505460883,95.52416229248047,4508100.0,0.0,0.0,99.76000213623047,95.52416229248047
2024-06-04,94.7964364437629,95.1794538096759,93.532484250064,94.4229965209961,4988100.0,0.0,0.0,98.61000061035156,94.4229965209961
2024-06-05,94.62406673893861,95.41882639181962,93.71440700497926,94.85387420654297,3115400.0,0.0,0.0,99.05999755859375,94.85387420654297
2024-06-06,94.6049277110466,95.32308250448436,93.99210287174891,94.04955291748047,2510000.0,0.0,0.0,98.22000122070312,94.04955291748047
2024-06-07,95.28477649427032,97.63074581005134,94.22190685508512,96.57745361328125,5636700.0,0.0,0.0,100.86000061035156,96.57745361328125
2024-06-10,96.16571845120707,97.5158457148469,96.02208602602445,96.38595581054688,3506200.0,0.0,0.0,100.66000366210938,96.38595581054688
2024-06-11,95.84971431534935,97.16154622217081,95.01665952304853,97.01791381835938,2831500.0,0.0,0.0,101.31999969482422,97.01791381835938
2024-06-12,98.26271674506475,99.2777063870722,96.48169249804765,96.91258239746094,3704600.0,0.0,0.0,101.20999908447266,96.91258239746094
2024-06-13,97.6882069307135,98.43509410937239,96.46255715873312,97.22859191894531,5034700.0,0.0,0.0,101.54000091552734,97.22859191894531
2024-06-14,96.2327434478133,97.1136782514409,95.09326882446884,96.61576080322266,2685000.0,0.0,0.0,100.9000015258789,96.61576080322266
2024-06-17,95.73481692906296,97.13282393421972,95.67735958265396,96.26145935058594,3490000.0,0.0,0.0,100.52999877929688,96.26145935058594
2024-06-18,95.8209971074887,97.16155414327193,95.81141966500113,96.49127197265625,3446200.0,0.0,0.0,100.7699966430664,96.49127197265625
2024-06-20,96.0029335430812,97.99461059132868,95.93590605547837,97.34349060058594,3476600.0,0.0,0.0,101.66000366210938,97.34349060058594
2024-06-21,97.60202071819134,98.09036800473756,96.6636286092837,98.04248809814453,7865800.0,0.0,0.0,102.38999938964844,98.04248809814453
2024-06-24,97.84139963239637,99.10535165109094,97.36262981765681,98.61700439453125,2948000.0,0.0,0.0,102.98999786376953,98.61700439453125
2024-06-25,98.51167895134266,98.7989437754891,96.98919437753122,97.71692657470703,5115700.0,0.0,0.0,102.05000305175781,97.71692657470703
2024-06-26,97.30518995510388,97.47754739865547,96.29977031681157,97.14240264892578,2356100.0,0.0,0.0,101.44999694824219,97.14240264892578
2024-06-27,97.63074553208804,99.62242983276889,97.32433312471007,98.78936767578125,4338300.0,0.0,0.0,103.16999816894531,98.78936767578125
2024-06-28,98.63617260545551,99.55540989730505,97.34349539208736,97.85099029541016,6196500.0,0.0,0.0,102.19000244140625,97.85099029541016
2024-07-01,98.492538143336,99.0574830827615,95.95505637375821,96.33807373046875,2705600.0,0.0,0.0,100.61000061035156,96.33807373046875
2024-07-02,96.29017884798427,97.60201071645412,96.19442635005849,97.30517578125,2291300.0,0.0,0.0,101.62000274658203,97.30517578125
2024-07-03,96.98918596319236,97.81267059515922,96.4050862287636,97.30517578125,1230800.0,0.0,0.0,101.62000274658203,97.30517578125
2024-07-05,97.09451874111848,97.34348108736181,96.36678658580203,97.01791381835938,3059600.0,0.0,0.0,101.31999969482422,97.01791381835938
2024-07-08,97.19985337496064,98.37762307107567,96.34764365811385,96.80725860595703,2338700.0,0.0,0.0,101.0999984741211,96.80725860595703
2024-07-09,96.56787263178624,97.15197240508328,95.24647053940566,95.4571304321289,2809300.0,0.0,0.0,99.69000244140625,95.4571304321289
2024-07-10,95.57203346570685,97.50626771729246,94.08785133965448,97.35305786132812,4519500.0,0.0,0.0,101.66999816894531,97.35305786132812
2024-07-11,98.03291007145401,99.8426594870736,97.47754260770448,98.8468246459961,4581100.0,0.0,0.0,103.2300033569336,98.8468246459961
2024-07-12,99.38304397473937,100.82893093285858,99.28729146810753,99.62242889404297,3381000.0,0.0,0.0,104.04000091552734,99.62242889404297
2024-07-15,100.44591147582844,100.54166398043454,98.21484232181227,98.35847473144531,3316600.0,0.0,0.0,102.72000122070312,98.35847473144531
2024-07-16,96.58703932313328,99.28730118492291,96.58703932313328,98.92343139648438,3609000.0,0.0,0.0,103.30999755859375,98.92343139648438
2024-07-17,98.4925333363681,100.35016267721035,98.32975334198142,100.19695281982422,3567900.0,0.0,0.0,104.63999938964844,100.19695281982422
2024-07-18,99.7947990863595,101.03959644260976,99.04791921151956,99.60328674316406,3023800.0,0.0,0.0,104.0199966430664,99.60328674316406
2024-07-19,100.30228227703073,100.30228227703073,98.75106535314303,99.50752258300781,2884900.0,0.0,0.0,103.91999816894531,99.50752258300781
2024-07-22,99.64157485440114,100.57996693722316,98.05206281488154,100.512939453125,2686600.0,0.0,0.0,104.97000122070312,100.512939453125
2024-07-23,100.5416593120316,100.8001917930085,99.7468996803529,100.28312683105469,2172600.0,0.0,0.0,104.7300033569336,100.28312683105469
2024-07-24,100.12034910061729,100.63742141736972,98.70319442991641,98.86597442626953,3252000.0,0.0,0.0,103.25,98.86597442626953
2024-07-25,98.35848824199579,100.34059531194066,97.44882105966624,99.00003814697266,4598100.0,0.0,0.0,103.38999938964844,99.00003814697266
2024-07-26,107.90514264876045,122.59379698553015,107.90514264876045,121.7607421875,32748900.0,0.0,0.0,127.16000366210938,121.7607421875
2024-07-29,122.56508185445242,123.18747681638602,118.85940057779787,119.84567260742188,10816700.0,0.0,0.0,125.16000366210938,119.84567260742188
2024-07-30,120.50637682108484,122.26825377080567,118.84025969131459,121.3681640625,6746500.0,0.0,0.0,126.75,121.3681640625
2024-07-31,121.25324375718711,123.1396053499041,120.00844659024419,122.13418579101562,6889900.0,0.0,0.0,127.55000305175781,122.13418579101562
2024-08-01,122.08630894999698,122.50762874607757,119.14666243063458,121.10004425048828,5563700.0,0.0,0.0,126.47000122070312,121.10004425048828
2024-08-02,120.4680614091265,122.32569067373512,119.48179673538408,119.9222640991211,4021400.0,0.0,0.0,125.23999786376953,119.9222640991211
2024-08-05,114.4930148253835,119.99886777283025,114.24405247266924,119.31901550292969,6669700.0,0.0,0.0,124.61000061035156,119.31901550292969
2024-08-06,118.12209317299428,120.77447481973786,117.5092683743507,119.58712768554688,4334300.0,0.0,0.0,124.88999938964844,119.58712768554688
2024-08-07,120.06590817687669,121.19580536947224,117.48055378463273,117.61460876464844,3410100.0,0.0,0.0,122.83000183105469,117.61460876464844
2024-08-08,117.25074107946581,120.40104777698868,116.99220855780405,119.81694793701172,2932900.0,0.0,0.0,125.12999725341797,119.81694793701172
2024-08-09,119.34774225636316,119.34774225636316,118.10293778016414,118.89769744873047,3247700.0,0.0,0.0,124.16999816894531,118.89769744873047
2024-08-12,118.73491033049454,118.82108538782934,117.3369033919666,118.12208557128906,2585800.0,0.0,0.0,123.36000061035156,118.12208557128906
2024-08-13,118.18912862946944,120.07548305787601,117.52842388102594,120.02760314941406,3056600.0,0.0,0.0,125.3499984741211,120.02760314941406
2024-08-14,119.6637375689028,121.64584445719272,119.33817027182211,120.81278228759766,3252800.0,0.0,0.0,126.16999816894531,120.81278228759766
2024-08-15,121.91394472862434,122.50762192591914,120.81277269909334,121.7607421875,3359900.0,0.0,0.0,127.16000366210938,121.7607421875
2024-08-16,121.35858374039334,121.93310611922438,120.66915396361674,121.65542602539062,3812600.0,0.0,0.0,127.05000305175781,121.65542602539062
2024-08-19,121.68414306640625,122.42144539820909,121.15749332551286,121.68414306640625,2243600.0,0.0,0.0,127.08000183105469,121.68414306640625
2024-08-20,121.59794928813719,122.63210109388251,121.49261934984123,122.27780151367188,2792900.0,0.0,0.0,127.69999694824219,122.27780151367188
2024-08-21,122.41186411231611,124.47058310554846,122.2395139902877,123.74284362792969,3664600.0,0.0,0.0,129.22999572753906,123.74284362792969
2024-08-22,123.61838013674107,124.24077509246042,122.85234546061987,123.13961029052734,2300400.0,0.0,0.0,128.60000610351562,123.13961029052734
2024-08-23,123.74283095215178,125.10253534882011,123.37897586150982,125.00679016113281,2618800.0,0.0,0.0,130.5500030517578,125.00679016113281
2024-08-26,124.76613421263207,126.99959430349382,124.76613421263207,126.93221282958984,3915800.0,0.7,0.0,131.85000610351562,126.93221282958984
2024-08-27,126.4219820888648,127.6734824263014,126.06577250528692,126.49898529052734,2878500.0,0.0,0.0,131.39999389648438,126.49898529052734
2024-08-28,126.49898281922935,127.67347993205831,126.25830742216867,126.70115661621094,3274000.0,0.0,0.0,131.61000061035156,126.70115661621094
2024-08-29,126.73965387530674,128.2125860796956,126.44121874351893,127.95266723632812,2992600.0,0.0,0.0,132.91000366210938,127.95266723632812
2024-08-30,128.10670320322546,129.95508842936084,127.66385402368573,129.66627502441406,6092800.0,0.0,0.0,134.69000244140625,129.66627502441406
2024-09-03,128.04892176526874,128.79020603649099,125.35336930565913,125.96949768066406,4024100.0,0.0,0.0,130.85000610351562,125.96949768066406
2024-09-04,126.29682300743313,127.90453288807153,125.96950799477486,127.22100830078125,3300700.0,0.0,0.0,132.14999389648438,127.22100830078125
2024-09-05,126.99959423929845,127.99117571938724,125.82509710352439,126.49898529052734,2726000.0,0.0,0.0,131.39999389648438,126.49898529052734
2024-09-06,125.63256351203677,127.17289200567335,123.24506756759514,123.80343627929688,3562200.0,0.0,0.0,128.60000610351562,123.80343627929688
2024-09-09,124.56396084257753,126.09465287833848,123.40872184746853,123.66865539550781,3616300.0,0.0,0.0,128.4600067138672,123.66865539550781
2024-09-10,124.04410580375179,125.30524253687939,123.66865277106753,125.23784637451172,2732500.0,0.0,0.0,130.08999633789062,125.23784637451172
2024-09-11,124.66985160554734,125.51703367622217,122.3786245445031,125.37261962890625,3283800.0,0.0,0.0,130.22999572753906,125.37261962890625
2024-09-12,125.44002197588068,127.76975809548391,125.24748459295641,127.1054916381836,3978800.0,0.0,0.0,132.02999877929688,127.1054916381836
2024-09-13,126.9611002950971,128.39551637472414,126.45086958776294,128.2126007080078,2670100.0,0.0,0.0,133.17999267578125,128.2126007080078
2024-09-16,128.98275720286665,130.23427222999692,128.83835783766963,129.58926391601562,3069300.0,0.0,0.0,134.61000061035156,129.58926391601562
2024-09-17,129.08865272209675,129.4159677372911,127.37504506647866,128.5880584716797,3969000.0,0.0,0.0,133.57000732421875,128.5880584716797
2024-09-18,128.28961873291843,129.2715785454205,126.84556623380546,128.38589477539062,2960900.0,0.0,0.0,133.36000061035156,128.38589477539062
2024-09-19,129.38708722213298,130.27278560774067,128.34738243663952,128.8479766845703,2691500.0,0.0,0.0,133.83999633789062,128.8479766845703
2024-09-20,128.04890702061905,129.91655007376298,127.81786808763302,129.74327087402344,11579600.0,0.0,0.0,134.77000427246094,129.74327087402344
2024-09-23,129.67592953956296,131.01408445415697,129.6663078098406,130.58087158203125,2638400.0,0.0,0.0,135.63999938964844,130.58087158203125
2024-09-24,131.3799024345068,132.79507511148395,131.26438293096976,132.1019287109375,3145300.0,0.0,0.0,137.22000122070312,132.1019287109375
2024-09-25,132.11152737775043,132.7469139156127,130.965910202118,131.50503540039062,3579900.0,0.0,0.0,136.60000610351562,131.50503540039062
2024-09-26,132.42923667993756,135.47137742074923,132.4196149517116,134.23912048339844,4111100.0,0.0,0.0,139.44000244140625,134.23912048339844
2024-09-27,133.8155296905689,134.0947067063284,131.9382644062234,132.17893981933594,2956100.0,0.0,0.0,137.3000030517578,132.17893981933594
2024-09-30,132.68917597203435,132.8046954743833,130.18614569695228,131.601318359375,3814000.0,0.0,0.0,136.6999969482422,131.601318359375
2024-10-01,130.92741465387064,132.2174312433241,129.8684370418355,131.9478759765625,3050500.0,0.0,0.0,137.05999755859375,131.9478759765625
2024-10-02,132.10192154734182,132.10192154734182,130.32091761952773,130.37867736816406,2624900.0,0.0,0.0,135.42999267578125,130.37867736816406
2024-10-03,129.964709946018,130.5423367549754,128.847972616519,129.75291442871094,2504900.0,0.0,0.0,134.77999877929688,129.75291442871094
2024-10-04,130.77338744836698,130.8600270705783,129.05015797363143,130.2246551513672,2387300.0,0.0,0.0,135.27000427246094,130.2246551513672
2024-10-07,129.69515659529586,130.22464539635934,128.83835278617866,129.8203125,2254200.0,0.0,0.0,134.85000610351562,129.8203125
2024-10-08,129.46410123405332,130.00321175546864,128.32812044816532,129.66627502441406,2882100.0,0.0,0.0,134.69000244140625,129.66627502441406
2024-10-09,129.57000181692274,130.48456537780424,129.22342866136486,129.97433471679688,2671400.0,0.0,0.0,135.00999450683594,129.97433471679688
2024-10-10,129.41598488624848,129.47375932863892,127.9719323093986,128.482177734375,3060100.0,0.0,0.0,133.4600067138672,128.482177734375
2024-10-11,128.42439172186428,129.82994256681954,128.13559298424295,129.7240447998047,3103600.0,0.0,0.0,134.75,129.7240447998047
2024-10-14,129.3870603666837,130.83111244528354,129.03086555465276,130.6963348388672,2207900.0,0.0,0.0,135.75999450683594,130.6963348388672
2024-10-15,130.92742929586416,131.8419929596308,129.96472760986515,130.66749572753906,2465800.0,0.0,0.0,135.72999572753906,130.66749572753906
2024-10-16,130.5423475532054,131.93826198571668,130.2824139987073,131.26437377929688,2021100.0,0.0,0.0,136.35000610351562,131.26437377929688
2024-10-17,131.5146590675734,131.5627970829082,130.0802284726918,130.6193389892578,2328500.0,0.0,0.0,135.67999267578125,130.6193389892578
2024-10-18,130.62899141774074,131.04294608310803,129.2812002714627,130.09950256347656,2791400.0,0.0,0.0,135.13999938964844,130.09950256347656
2024-10-21,130.23427527145293,130.77338583365972,128.76134295340185,129.81068420410156,5940600.0,0.0,0.0,134.83999633789062,129.81068420410156
2024-10-22,134.96113499721685,136.06823592314964,125.94062601718062,126.8166732788086,13082300.0,0.0,0.0,131.72999572753906,126.8166732788086
2024-10-23,126.32569997186266,127.22100537228843,121.21375703482506,123.13916015625,8116200.0,0.0,0.0,127.91000366210938,123.13916015625
2024-10-24,123.26431020172373,124.13075048223905,121.17525677289196,121.75287628173828,5084900.0,0.0,0.0,126.47000122070312,121.75287628173828
2024-10-25,121.87801947771247,122.30161052645101,119.85634761343977,120.0970230102539,3774600.0,0.0,0.0,124.75,120.0970230102539
2024-10-28,121.92616338968341,125.92137663891779,121.35816560642975,125.43038940429688,5239200.0,0.0,0.0,130.2899932861328,125.43038940429688
2024-10-29,124.1981211191058,125.35337472564227,123.0043732590226,124.44843292236328,2820400.0,0.0,0.0,129.27000427246094,124.44843292236328
2024-10-30,124.18851596670339,124.62172878214326,122.66744555877041,122.8022232055664,2737200.0,0.0,0.0,127.55999755859375,122.8022232055664
2024-10-31,122.26310353100752,124.33290610074691,122.23422365810218,123.67827606201172,3408800.0,0.0,0.0,128.47000122070312,123.67827606201172
2024-11-01,123.67827629754181,123.72641431569595,122.11869705421056,122.47489929199219,3068700.0,0.0,0.0,127.22000122070312,122.47489929199219
2024-11-04,122.49415290327234,124.00559416313304,120.79980332885548,121.15599822998047,3642900.0,0.0,0.0,125.8499984741211,121.15599822998047
2024-11-05,120.81905010779263,123.12953540352126,120.17404180224736,121.8010025024414,3943800.0,0.0,0.0,126.5199966430664,121.8010025024414
2024-11-06,125.82510256727528,129.38709573010252,124.7661395673328,128.9250030517578,4803200.0,0.0,0.0,133.9199981689453,128.9250030517578
2024-11-07,128.3858817031991,129.77217431154173,127.53869962262078,128.10670471191406,3906400.0,0.0,0.0,133.07000732421875,128.10670471191406
2024-11-08,128.4725266011261,129.9839751761522,128.23185119921703,129.32933044433594,3465700.0,0.0,0.0,134.33999633789062,129.32933044433594
2024-11-11,129.82031039081346,130.29202475073865,127.82751112364065,128.039306640625,3791300.0,0.0,0.0,133.0,128.039306640625
2024-11-12,127.84677515694038,128.23184992029002,123.67827547469086,125.4881591796875,3144600.0,0.0,0.0,130.35000610351562,125.4881591796875
2024-11-13,127.0862220105733,128.1066979582258,125.94061954429948,126.54711151123047,2675500.0,0.0,0.0,131.4499969482422,126.54711151123047
2024-11-14,126.95146183698874,128.3377545628124,126.85520048582185,127.38468933105469,2283900.0,0.0,0.0,132.32000732421875,127.38468933105469
2024-11-15,125.92325825299517,127.02657419241217,125.53613555304634,125.6135482788086,1928800.0,0.7,0.0,129.7899932861328,125.6135482788086
2024-11-18,125.60389626643114,126.18459518070192,124.43284030529372,125.9813461303711,2433000.0,0.0,0.0,130.1699981689453,125.9813461303711
2024-11-19,124.85865421822754,125.1006096083807,123.88115975841144,124.06504821777344,2600500.0,0.0,0.0,128.19000244140625,124.06504821777344
2024-11-20,123.88116573141332,124.06505419964161,123.01012480808575,123.72631072998047,1700600.0,0.0,0.0,127.83999633789062,123.72631072998047
2024-11-21,123.61984809392092,124.4424949230867,122.25521618332158,123.22303771972656,2544800.0,0.0,0.0,127.31999969482422,123.22303771972656
2024-11-22,123.58113782612786,124.34571036359095,122.30361365745715,124.28764343261719,3052400.0,0.0,0.0,128.4199981689453,124.28764343261719
2024-11-25,125.0522432450908,126.39751476241045,123.44565574446835,126.12652587890625,5074700.0,0.0,0.0,130.32000732421875,126.12652587890625
2024-11-26,125.80713141781584,128.94286385864484,125.4780608599312,128.671875,3080300.0,0.0,0.0,132.9499969482422,128.671875
2024-11-27,129.60098773964998,131.1882144962646,128.10086137855927,128.2169952392578,2579600.0,0.0,0.0,132.47999572753906,128.2169952392578
2024-11-29,128.58477664086877,129.43646436312898,127.7911558509835,129.23321533203125,1618300.0,0.0,0.0,133.52999877929688,129.23321533203125
2024-12-02,129.23322055763816,129.46550306431578,128.12023159468652,128.6138153076172,3001900.0,0.0,0.0,132.88999938964844,128.6138153076172
2024-12-03,128.61381690776383,128.94287272047822,126.53300629277943,126.92980194091797,2378400.0,0.0,0.0,131.14999389648438,126.92980194091797
2024-12-04,126.71686189150859,127.16206627928105,124.81994002169156,126.25231170654297,2503400.0,0.0,0.0,130.4499969482422,126.25231170654297
2024-12-05,126.61041568601071,131.21724070842495,126.2523116890095,129.03964233398438,4171800.0,0.0,0.0,133.3300018310547,129.03964233398438
2024-12-06,128.96223088630626,129.90101903928425,127.94601523158119,128.8267364501953,1912300.0,0.0,0.0,133.11000061035156,128.8267364501953
2024-12-09,128.81707414252747,129.5429404173326,127.04595865986857,127.25888061523438,3442400.0,0.0,0.0,131.49000549316406,127.25888061523438
2024-12-10,125.93293644842771,126.39750142924689,123.4940293702671,125.59420776367188,3225700.0,0.0,0.0,129.77000427246094,125.59420776367188
2024-12-11,126.07811854285308,126.46524125908405,125.10060931752463,125.59420776367188,4089500.0,0.0,0.0,129.77000427246094,125.59420776367188
2024-12-12,125.47806392310218,126.46524608528478,124.62639096133529,125.5748519897461,2915300.0,0.0,0.0,129.75,125.5748519897461
2024-12-13,125.52644271748409,125.9716470950983,124.76187024784464,125.73936462402344,2382000.0,0.0,0.0,129.9199981689453,125.73936462402344
2024-12-16,125.72001972416261,126.01036915723769,124.71349175965935,125.30386352539062,3097800.0,0.0,0.0,129.47000122070312,125.30386352539062
2024-12-17,124.27798181494333,125.19740943032258,123.542435292304,123.9295654296875,2693200.0,0.0,0.0,128.0500030517578,123.9295654296875
2024-12-18,124.08440818201744,125.20706996336524,121.33579112358744,121.49063873291016,3748900.0,0.0,0.0,125.52999877929688,121.49063873291016
2024-12-19,122.57459623157408,123.62951813762346,121.66484164551889,123.03914642333984,3038100.0,0.0,0.0,127.12999725341797,123.03914642333984
2024-12-20,122.30363019632682,126.155563789481,121.70357808751473,125.11998748779297,8351300.0,0.0,0.0,129.27999877929688,125.11998748779297
2024-12-23,124.36509295167669,125.03289231169514,123.6392266504023,124.82964324951172,2067400.0,0.0,0.0,128.97999572753906,124.82964324951172
2024-12-24,124.59737099815088,126.16523742675781,123.96827803235867,126.16523742675781,803200.0,0.0,0.0,130.36000061035156,126.16523742675781
2024-12-26,126.13619985874868,127.17176136504919,125.07159011602229,126.9588394165039,1484900.0,0.0,0.0,131.17999267578125,126.9588394165039
2024-12-27,125.72971136622117,126.95883420223113,125.05223917948612,125.99101257324219,1842600.0,0.0,0.0,130.17999267578125,125.99101257324219
2024-12-30,124.9651277006932,125.73938798031237,123.80374466515771,124.97481536865234,2154000.0,0.0,0.0,129.1300048828125,124.97481536865234
2024-12-31,125.0425418943291,125.86519612281076,124.51992475269738,124.93608093261719,2220300.0,0.0,0.0,129.08999633789062,124.93608093261719
2025-01-02,126.0974699407564,127.3846744426728,124.82962600584676,125.52645874023438,3248900.0,0.0,0.0,129.6999969482422,125.52645874023438
2025-01-03,125.52645873321647,126.6491353349766,125.1393359998164,125.69098663330078,2273700.0,0.0,0.0,129.8699951171875,125.69098663330078
2025-01-06,126.61043219263705,127.18144340766682,125.70067750141753,126.09747314453125,3067000.0,0.0,0.0,130.2899932861328,126.09747314453125
2025-01-07,125.90389609158724,128.52669886901234,125.82646859902215,128.49766540527344,3414500.0,0.0,0.0,132.77000427246094,128.49766540527344
2025-01-08,127.78148062247391,130.34620187418983,127.42339136749833,130.20103454589844,4676000.0,0.0,0.0,134.52999877929688,130.20103454589844
2025-01-10,129.52356472361953,129.5913045554419,126.42653859965475,126.98787689208984,4661700.0,0.0,0.0,131.2100067138672,126.98787689208984
2025-01-13,126.52330421407157,130.3945903258761,125.3715942329642,130.26878356933594,4207200.0,0.0,0.0,134.60000610351562,130.26878356933594
2025-01-14,130.288130796281,133.2690229072034,130.14296347260975,132.7947998046875,4629000.0,0.0,0.0,137.2100067138672,132.7947998046875
2025-01-15,133.76262174775468,134.38202694359967,132.70768504400948,133.34645080566406,4114300.0,0.0,0.0,137.77999877929688,133.34645080566406
2025-01-16,133.58841184413274,135.01111075175686,132.04957907230593,134.70140075683594,4122700.0,0.0,0.0,139.17999267578125,134.70140075683594
2025-01-17,135.15629886812968,137.10162999941525,135.0111315155506,136.4918975830078,5724500.0,0.0,0.0,141.02999877929688,136.4918975830078
2025-01-21,140.8180131517071,145.1732094347496,140.33410245359127,142.1632843017578,11368500.0,0.0,0.0,146.88999938964844,142.1632843017578
2025-01-22,143.12147429283823,147.18632238189662,142.66659692331305,144.32156372070312,7077700.0,0.0,0.0,149.1199951171875,144.32156372070312
2025-01-23,144.6409089760158,145.61841806639902,143.63438119209553,144.81512451171875,4439100.0,0.0,0.0,149.6300048828125,144.81512451171875
2025-01-24,144.1086529429829,145.2700508594303,143.62474206705915,144.62159729003906,4858400.0,0.0,0.0,149.42999267578125,144.62159729003906
2025-01-27,144.20543332512588,147.10889842563176,144.11833291637964,146.64434814453125,4929600.0,0.0,0.0,151.52000427246094,146.64434814453125
2025-01-28,146.4507550010351,148.037981654419,144.96997453451178,146.52816772460938,4286800.0,0.0,0.0,151.39999389648438,146.52816772460938
2025-01-29,146.62494415397745,147.86375438190856,145.7926171476066,146.6636505126953,3996100.0,0.0,0.0,151.5399932861328,146.6636505126953
2025-01-30,147.10888984596727,149.67361129471993,146.94436193866864,149.43165588378906,3962300.0,0.0,0.0,154.39999389648438,149.43165588378906
2025-01-31,150.00267498998002,150.01234788957007,147.23470462530622,147.3024444580078,4164200.0,0.0,0.0,152.1999969482422,147.3024444580078
2025-02-03,144.37961742360426,146.7507921286675,143.38276236928834,145.21194458007812,3556300.0,0.0,0.0,150.0399932861328,145.21194458007812
2025-02-04,144.65061359002385,147.8444128516977,144.51511916539397,146.79916381835938,3110400.0,0.0,0.0,151.67999267578125,146.79916381835938
2025-02-05,147.55409074375888,148.67675259990364,145.88943637525082,147.54440307617188,2841400.0,0.0,0.0,152.4499969482422,147.54440307617188
2025-02-06,147.78634123229583,148.53156792800303,146.69271297098365,147.4185791015625,2760200.0,0.0,0.0,152.32000732421875,147.4185791015625
2025-02-07,147.59279995275853,147.97992270125783,144.7280414033905,145.04742431640625,3356600.0,0.0,0.0,149.8699951171875,145.04742431640625
2025-02-10,145.32807673915616,145.7539205524927,143.36340031944923,144.87319946289062,3531400.0,0.0,0.0,149.69000244140625,144.87319946289062
2025-02-11,144.5054282518131,145.54100436290457,143.78924978105428,145.24098205566406,2187700.0,0.0,0.0,150.07000732421875,145.24098205566406
2025-02-12,143.9150924346329,145.24101828494545,143.39247518323555,144.07962036132812,2102900.0,0.0,0.0,148.8699951171875,144.07962036132812
2025-02-13,144.31189812453744,144.9022699679861,142.78273802564118,143.9344482421875,2047000.0,0.0,0.0,148.72000122070312,143.9344482421875
2025-02-14,143.8371742274212,145.45168661467122,143.69129081197246,144.5471649169922,2388300.0,0.73,0.0,148.6199951171875,144.5471649169922
2025-02-18,144.11919809629575,145.3933107030508,143.944138024903,144.90701293945312,2601400.0,0.0,0.0,148.99000549316406,144.90701293945312
2025-02-19,144.01224368106344,146.23948116899336,144.01224368106344,146.0838623046875,3216900.0,0.0,0.0,150.1999969482422,146.0838623046875
2025-02-20,145.87961816263004,145.9768688174354,143.98304488603827,144.9945526123047,2231500.0,0.0,0.0,149.0800018310547,144.9945526123047
2025-02-21,144.99454461552256,145.44193025234102,140.59840862748845,141.00689697265625,4278500.0,0.0,0.0,144.97999572753906,141.00689697265625
2025-02-24,141.00691201788064,142.3879960486066,139.92733026166525,141.4932098388672,3447500.0,0.0,0.0,145.47999572753906,141.4932098388672
2025-02-25,141.4445880817542,143.51622170916696,141.3570580289254,142.524169921875,4358800.0,0.0,0.0,146.5399932861328,142.524169921875
2025-02-26,140.43308624206415,145.16962234000292,137.87515491658252,143.3897705078125,5783400.0,0.0,0.0,147.42999267578125,143.3897705078125
2025-02-27,144.69306858381788,148.37919981144287,144.14841735826585,146.39511108398438,6576000.0,0.0,0.0,150.52000427246094,146.39511108398438
2025-02-28,147.34824227833636,151.2386249127479,146.86194444903492,150.86903381347656,8323100.0,0.0,0.0,155.1199951171875,150.86903381347656
2025-03-03,151.23862266899914,152.06533490279944,147.73727241372137,149.2156219482422,5672700.0,0.0,0.0,153.4199981689453,149.2156219482422
2025-03-04,146.37565164475538,146.90084678855263,141.62937991883334,141.86280822753906,6787400.0,0.0,0.0,145.86000061035156,141.86280822753906
2025-03-05,142.73815275479998,144.95566996808165,141.99898529725073,143.5648651123047,3909700.0,0.0,0.0,147.61000061035156,143.5648651123047
2025-03-06,142.37826222743345,144.07058383010985,141.75580166793702,142.91319274902344,4492400.0,0.0,0.0,146.94000244140625,142.91319274902344
2025-03-07,140.7248463473887,143.1855117939859,136.9219943515095,142.2907257080078,5891100.0,0.0,0.0,146.3000030517578,142.2907257080078
2025-03-10,139.53828873181126,145.0918011702003,139.1978743433348,143.57455444335938,4966500.0,0.0,0.0,147.6199951171875,143.57455444335938
2025-03-11,141.73635419700076,145.3933231913675,141.63910354030605,143.4967498779297,5818300.0,0.0,0.0,147.5399932861328,143.4967498779297
2025-03-12,144.24567000395322,147.09538320330796,143.16608815255645,146.12278747558594,4196600.0,0.0,0.0,150.24000549316406,146.12278747558594
2025-03-13,146.16166437478157,147.0953626729554,141.9114263868519,142.09622192382812,3295000.0,0.0,0.0,146.10000610351562,142.09622192382812
2025-03-14,143.86634792446853,146.65769271342154,143.02991506511452,146.28811645507812,4094400.0,0.0,0.0,150.41000366210938,146.28811645507812
2025-03-17,146.24921516349218,149.76028634223493,145.8893594924135,149.0113983154297,4562100.0,0.0,0.0,153.2100067138672,149.0113983154297
2025-03-18,148.38892564013304,149.01138626333048,146.37564551846873,146.7841339111328,3038500.0,0.0,0.0,150.9199981689453,146.7841339111328
2025-03-19,147.0467507855546,149.75056572756336,146.784145783091,149.0113983154297,2344100.0,0.0,0.0,153.2100067138672,149.0113983154297
2025-03-20,147.49411847689137,149.43930969895723,146.94946730921393,147.12454223632812,2579000.0,0.0,0.0,151.27000427246094,147.12454223632812
2025-03-21,145.7920709406036,146.6285037297865,144.01223409585802,146.23947143554688,5538500.0,0.0,0.0,150.36000061035156,146.23947143554688
2025-03-24,147.54275746100478,149.80890711135902,146.57016180886814,148.95301818847656,3207800.0,0.0,0.0,153.14999389648438,148.95301818847656
2025-03-25,148.93357088606112,150.75231993237225,148.49589098794598,149.29342651367188,4118900.0,0.0,0.0,153.5,149.29342651367188
2025-03-26,149.2447981848977,150.19793775796632,147.89289083715636,148.4958953857422,3836700.0,0.0,0.0,152.67999267578125,148.4958953857422
2025-03-27,148.48617627903354,148.48617627903354,144.06086309820927,144.37210083007812,2825300.0,0.0,0.0,148.44000244140625,144.37210083007812
2025-03-28,143.8079856580474,144.77086064232057,140.37472438569142,140.87074279785156,2581500.0,0.0,0.0,144.83999633789062,140.87074279785156
2025-03-31,140.04404360409768,143.69127704725702,138.28363312940283,142.83538818359375,4508600.0,0.0,0.0,146.86000061035156,142.83538818359375
2025-04-01,141.7071697684567,144.61523582818992,140.228820365588,143.62318420410156,3641300.0,0.0,0.0,147.6699981689453,143.62318420410156
2025-04-02,141.71692976988464,144.1095069451669,141.60020819113046,143.7107391357422,4411100.0,0.0,0.0,147.75999450683594,143.7107391357422
2025-04-03,138.92554449617097,140.53033605453663,135.04489775816828,135.91050720214844,6712300.0,0.0,0.0,139.74000549316406,135.91050720214844
2025-04-04,130.51260857102884,131.60191091599884,122.96526448510544,123.43211364746094,9609100.0,0.0,0.0,126.91000366210938,123.43211364746094
2025-04-07,121.31186075390627,130.6876749655213,118.63722267088968,125.02717590332031,7174700.0,0.0,0.0,128.5500030517578,125.02717590332031
2025-04-08,128.616049975664,130.2013707427147,121.39938484456395,123.67526245117188,5496800.0,0.0,0.0,127.16000366210938,123.67526245117188
2025-04-09,121.57445333339217,135.4144849454887,120.05720653029248,134.52943420410156,6428100.0,0.0,0.0,138.32000732421875,134.52943420410156
2025-04-10,132.029880207548,132.0687775097743,125.15362075942211,129.32606506347656,4757100.0,0.0,0.0,132.97000122070312,129.32606506347656
2025-04-11,129.48166837681856,132.749590474158,128.05195153169302,132.22438049316406,3337600.0,0.0,0.0,135.9499969482422,132.22438049316406
2025-04-14,134.3251714262148,134.5002315009591,130.74601210048576,132.28271484375,3815800.0,0.0,0.0,136.00999450683594,132.28271484375
2025-04-15,132.28273043675242,133.70272663090444,131.4365769611531,131.55328369140625,2541700.0,0.0,0.0,135.25999450683594,131.55328369140625
2025-04-16,129.85124694002076,130.7946659590006,126.31099917540443,126.88484191894531,5635500.0,0.0,0.0,130.4600067138672,126.88484191894531
2025-04-17,126.7681128280807,129.30658805556712,126.51524330296719,126.64168548583984,4952000.0,0.0,0.0,130.2100067138672,126.64168548583984
2025-04-21,125.46482382505869,126.28180051147065,121.2340347382767,122.63456726074219,5971800.0,0.0,0.0,126.08999633789062,122.63456726074219
2025-04-22,129.63726460591752,133.50820588701936,126.78756654202564,132.59396362304688,7943800.0,0.0,0.0,136.3300018310547,132.59396362304688
2025-04-23,135.56038449839284,138.25446372493178,131.4949270226731,132.33135986328125,4655800.0,0.0,0.0,136.05999755859375,132.33135986328125
2025-04-24,131.92285143743737,135.92994010017276,131.41709762815262,135.07406616210938,2921100.0,0.0,0.0,138.8800048828125,135.07406616210938
2025-04-25,135.19079252359379,135.19079252359379,133.34286676348074,133.5568389892578,2141300.0,0.0,0.0,137.32000732421875,133.5568389892578
2025-04-28,133.5568468448119,134.61697258175096,132.31191071223347,134.15011596679688,2499900.0,0.0,0.0,137.92999267578125,134.15011596679688
2025-04-29,133.7319100986319,135.40477590675266,133.0899933684066,134.58779907226562,1917200.0,0.0,0.0,138.3800048828125,134.58779907226562
2025-04-30,133.85835018266903,135.4923038259209,131.1545353392171,135.103271484375,3062800.0,0.0,0.0,138.91000366210938,135.103271484375
2025-05-01,134.49051697646317,136.40653147570754,133.8972330730327,134.1209259033203,2236300.0,0.0,0.0,137.89999389648438,134.1209259033203
2025-05-02,136.1634004932687,139.12008494552978,135.4728510037458,138.1864013671875,2734200.0,0.0,0.0,142.0800018310547,138.1864013671875
2025-05-05,136.76639235512258,137.9821368891871,136.03694563468386,136.94146728515625,2623500.0,0.0,0.0,140.8000030517578,136.94146728515625
2025-05-06,135.31723740373843,135.8813446610733,133.85834393013747,134.23765563964844,2850000.0,0.0,0.0,138.02000427246094,134.23765563964844
2025-05-07,134.48079684528966,135.95913146189886,133.92641023358797,134.8406524658203,2555400.0,0.0,0.0,138.63999938964844,134.8406524658203
2025-05-08,136.1633983677247,138.45872481954882,135.39505429252807,137.25270080566406,2899500.0,0.0,0.0,141.1199951171875,137.25270080566406
2025-05-09,137.38883417194273,138.71156463771726,137.0970673961781,138.69212341308594,2634100.0,0.0,0.0,142.60000610351562,138.69212341308594
2025-05-12,142.08648599212412,146.6868738119518,141.28896532651433,146.21029663085938,4974800.0,0.0,0.0,150.3300018310547,146.21029663085938
2025-05-13,146.67714380082603,147.5913860626343,146.0546831945825,146.60906982421875,3455700.0,0.0,0.0,150.74000549316406,146.60906982421875
2025-05-14,146.61879846017072,146.638254529108,142.93266737038692,143.82745361328125,3778700.0,0.0,0.0,147.8800048828125,143.82745361328125
2025-05-15,142.3199053521851,145.0917937018099,141.376486503046,144.6638641357422,4472100.0,0.0,0.0,148.74000549316406,144.6638641357422
2025-05-16,145.33493397055648,149.07943246661625,144.86809230029422,148.91409301757812,4204500.0,0.0,0.0,153.11000061035156,148.91409301757812
2025-05-19,147.78589165535334,150.03258501352926,146.96891495067672,149.91587829589844,2613600.0,0.0,0.0,154.13999938964844,149.91587829589844
2025-05-20,149.0600038690687,150.48972066079006,149.0502832552032,149.9256134033203,2529700.0,0.0,0.0,154.14999389648438,149.9256134033203
2025-05-21,148.14577852885836,148.97247593812506,145.23771215352326,145.3057861328125,2661800.0,0.0,0.0,149.39999389648438,145.3057861328125
2025-05-22,145.61701590060267,146.4437281052652,143.6329125456651,145.6753692626953,2862800.0,0.0,0.0,149.77999877929688,145.6753692626953
2025-05-23,144.1115912269766,145.3235218370043,143.6815508520211,144.27774047851562,2369800.0,0.73,0.0,147.6199951171875,144.27774047851562
2025-05-27,146.60385545459584,146.60385545459584,143.33947985233587,146.10540771484375,3155300.0,0.0,0.0,149.49000549316406,146.10540771484375
2025-05-28,146.26178065858906,146.60386230262162,144.83484475030056,145.29420471191406,2297500.0,0.0,0.0,148.66000366210938,145.29420471191406
2025-05-29,146.47677461072297,146.955685843916,144.82503567186552,146.24221801757812,2621400.0,0.0,0.0,149.6300048828125,146.24221801757812
2025-05-30,145.36259720958682,146.06629686965547,144.25819170103804,144.9912109375,5339800.0,0.0,0.0,148.35000610351562,144.9912109375
2025-06-02,144.52209206164392,144.94236424910127,140.65175819722086,143.0853729248047,2825700.0,0.0,0.0,146.39999389648438,143.0853729248047
2025-06-03,142.99739872995622,145.0009877442506,141.9223127341433,144.7761993408203,2343300.0,0.0,0.0,148.1300048828125,144.7761993408203
2025-06-04,145.5385440153513,145.5776318166475,143.38835702447653,143.486083984375,2346900.0,0.0,0.0,146.80999755859375,143.486083984375
2025-06-05,143.7108709854674,143.92589117377486,141.60955495183597,142.9485321044922,3568300.0,0.0,0.0,146.25999450683594,142.9485321044922
2025-06-06,144.6491317486845,145.0987234497619,142.14709509916196,142.2057342529297,2297100.0,0.0,0.0,145.5,142.2057342529297
2025-06-09,142.25461391315307,142.72374208539193,139.43981505308847,140.96449279785156,3401900.0,0.0,0.0,144.22999572753906,140.96449279785156
2025-06-10,140.97429951146432,142.02006612379245,139.90896662565427,141.77572631835938,3129200.0,0.0,0.0,145.05999755859375,141.77572631835938
2025-06-11,141.75615419474804,144.69801456578287,141.15019633829226,143.8477020263672,2904400.0,0.0,0.0,147.17999267578125,143.8477020263672
2025-06-12,143.10491557927128,143.93567676767887,141.21861970172588,141.49227905273438,2069700.0,0.0,0.0,144.77000427246094,141.49227905273438
2025-06-13,139.88940625079385,141.179512447883,138.52109462642673,139.09774780273438,2450400.0,0.0,0.0,142.32000732421875,139.09774780273438
2025-06-16,140.42694847615792,142.09823910076125,140.26079921858246,141.78549194335938,1681300.0,0.0,0.0,145.07000732421875,141.78549194335938
2025-06-17,140.79833963455116,141.59978119844686,138.75566283874178,138.990234375,1739900.0,0.0,0.0,142.2100067138672,138.990234375
2025-06-18,138.91207614733582,140.41720284318058,138.3647573488468,139.28346252441406,2629100.0,0.0,0.0,142.50999450683594,139.28346252441406
2025-06-20,140.06532797624314,140.78857906737423,138.60907248524848,140.76902770996094,5566700.0,0.0,0.0,144.02999877929688,140.76902770996094
2025-06-23,141.120894880353,144.37550281953236,140.10444786997132,144.2582244873047,2904700.0,0.0,0.0,147.60000610351562,144.2582244873047
2025-06-24,145.27465909794537,146.887295681703,144.65891807967003,146.476806640625,2700500.0,0.0,0.0,149.8699951171875,146.476806640625
2025-06-25,146.31067851048542,146.46705957157175,143.78908982541407,144.4048309326172,2378000.0,0.0,0.0,147.75,144.4048309326172
2025-06-26,144.3461645566195,147.68873081240767,143.97476333487103,147.34664916992188,2740100.0,0.0,0.0,150.75999450683594,147.34664916992188
2025-06-27,147.71805944552585,149.40888657767564,147.15118935617664,148.57814025878906,3938200.0,0.0,0.0,152.02000427246094,148.57814025878906
2025-06-30,148.83223965684843,149.00817204634714,147.58122122627378,148.79315185546875,2302800.0,0.0,0.0,152.24000549316406,148.79315185546875
2025-07-01,148.55857347333736,152.55596835141765,147.9917034428544,150.3275909423828,3781900.0,0.0,0.0,153.80999755859375,150.3275909423828
2025-07-02,150.71856510132096,151.93048093510612,149.74120592526586,150.48399353027344,2864700.0,0.0,0.0,153.97000122070312,150.48399353027344
2025-07-03,150.75761749686424,151.49063670673553,146.11516250101266,149.47727966308594,3182900.0,0.0,0.0,152.94000244140625,149.47727966308594
2025-07-07,149.34049310092934,150.972681222964,147.53237256283504,148.4022216796875,3877000.0,0.0,0.0,151.83999633789062,148.4022216796875
2025-07-08,148.2946845550102,151.1192516143916,148.09921572757546,150.25918579101562,3252200.0,0.0,0.0,153.74000549316406,150.25918579101562
2025-07-09,150.88470542832667,153.10329988888137,150.3569231530821,152.44847106933594,2855900.0,0.0,0.0,155.97999572753906,152.44847106933594
2025-07-10,152.57553706340738,155.8594643944779,152.42893915665664,153.75814819335938,4043400.0,0.0,0.0,157.32000732421875,153.75814819335938
2025-07-11,152.51688221067644,153.00556173399593,151.31473475903886,152.31163024902344,2401300.0,0.0,0.0,155.83999633789062,152.31163024902344
2025-07-14,152.0673126142911,154.53026194592718,151.41248374735835,154.3347930908203,2961300.0,0.0,0.0,157.91000366210938,154.3347930908203
2025-07-15,154.33478368463457,154.69640179020874,152.49734374931685,153.04466247558594,3058900.0,0.0,0.0,156.58999633789062,153.04466247558594
2025-07-16,154.05133019748288,154.10996935492668,151.34405634005566,153.99269104003906,3194600.0,0.0,0.0,157.55999755859375,153.99269104003906
2025-07-17,153.69948053164904,155.85945061786242,153.24012058001068,155.43917846679688,5024200.0,0.0,0.0,159.0399932861328,155.43917846679688
2025-07-18,158.85993753339375,160.43348624111965,146.8482010601189,149.76072692871094,11701900.0,0.0,0.0,153.22999572753906,149.76072692871094
2025-07-21,148.8029292590112,150.1712260914684,145.95881057870693,149.3600311279297,5194000.0,0.0,0.0,152.82000732421875,149.3600311279297
2025-07-22,149.51638556443115,150.57193514406285,146.9166217860605,147.7766876220703,4927800.0,0.0,0.0,151.1999969482422,147.7766876220703
2025-07-23,148.48038999764913,149.19385795201995,146.40839351537522,147.40530395507812,4976700.0,0.0,0.0,150.82000732421875,147.40530395507812
2025-07-24,146.60387193042075,147.86465866716287,144.46345301410588,145.9197235107422,4860900.0,0.0,0.0,149.3000030517578,145.9197235107422
2025-07-25,146.6038729906328,147.97216983988517,145.82198268535265,147.84512329101562,2818000.0,0.0,0.0,151.27000427246094,147.84512329101562
2025-07-28,147.19028469688308,150.39602131417308,146.75046117639482,148.60745239257812,3970300.0,0.0,0.0,152.0500030517578,148.60745239257812
2025-07-29,148.9495068521479,149.6336700883919,147.72780809216204,148.3533172607422,3918100.0,0.0,0.0,151.7899932861328,148.3533172607422
2025-07-30,149.02769349750946,149.04724485289037,143.18309095703893,143.3003692626953,3529500.0,0.0,0.0,146.6199951171875,143.3003692626953
2025-07-31,142.88012541561267,146.17382072276436,142.26438442672543,145.84152221679688,4390400.0,0.0,0.0,149.22000122070312,145.84152221679688
2025-08-01,143.18310350934178,143.39812369743814,140.98404560561468,141.1404266357422,4074400.0,0.0,0.0,144.41000366210938,141.1404266357422
2025-08-04,142.0982331740673,144.82505839032223,141.71706373710015,144.52207946777344,3641300.0,0.0,0.0,147.8699951171875,144.52207946777344
2025-08-05,145.0987331051174,147.79623875113842,144.64914137412265,146.6918182373047,3743900.0,0.0,0.0,150.08999633789062,146.6918182373047
2025-08-06,146.86775347713458,147.96239087708065,145.27465340067906,147.40530395507812,2636900.0,0.0,0.0,150.82000732421875,147.40530395507812
2025-08-07,148.53903051433372,149.02771005996493,146.5843123318089,148.30447387695312,2293900.0,0.0,0.0,151.74000549316406,148.30447387695312
2025-08-08,148.9495152341877,150.21031677690024,147.99170752818694,149.8291473388672,2376400.0,0.0,0.0,153.3000030517578,149.8291473388672
2025-08-11,150.2689623197997,152.08685085073773,149.69232402732942,151.79364013671875,3354500.0,0.0,0.0,155.30999755859375,151.79364013671875
2025-08-12,152.26276605328937,154.87232794703425,152.08684857549957,154.27613830566406,2748200.0,0.0,0.0,157.85000610351562,154.27613830566406
2025-08-13,154.8039192892988,156.83682816496628,153.07398937205892,156.57293701171875,3132000.0,0.0,0.0,160.1999969482422,156.57293701171875
2025-08-14,155.98652337086688,156.44588335579064,153.08376555690896,153.10330200195312,6344900.0,0.0,0.0,156.64999389648438,153.10330200195312
2025-08-15,153.80698687020018,153.80698687020018,148.1774041862481,148.9397430419922,3921100.0,0.0,0.0,152.38999938964844,148.9397430419922
2025-08-18,148.91044455781656,151.91092947131585,148.7442952875996,149.3991241455078,2585500.0,0.0,0.0,152.86000061035156,149.3991241455078
2025-08-19,149.37954258798524,152.1943412163142,148.60743555738043,150.8455810546875,2146200.0,0.0,0.0,154.33999633789062,150.8455810546875
2025-08-20,150.63058161881176,151.82296092891,149.70209344476913,151.24632263183594,3258200.0,0.0,0.0,154.75,151.24632263183594
2025-08-21,150.87492145419424,151.6959144429771,149.68254214364316,150.88470458984375,2236900.0,0.0,0.0,154.3800048828125,150.88470458984375
2025-08-22,152.22369163960263,155.50761906701214,151.4906722577105,155.12644958496094,1958200.0,0.0,0.0,158.72000122070312,155.12644958496094
2025-08-25,154.73366023861772,155.05768075001524,152.9761107786125,153.02520751953125,1606300.0,0.73,0.0,155.85000610351562,153.02520751953125
2025-08-26,152.9368615698796,153.87946826661016,151.77825613283645,153.73219299316406,2960600.0,0.0,0.0,156.57000732421875,153.73219299316406
2025-08-27,153.21176222834373,154.37038247236944,152.92702508200637,153.69288635253906,2155000.0,0.0,0.0,156.52999877929688,153.69288635253906
2025-08-28,154.9005956376752,155.59773348449482,153.74199032142886,154.7042236328125,2982200.0,0.0,0.0,157.55999755859375,154.7042236328125
2025-08-29,154.74351764727695,155.37191709531544,152.50484367725085,152.71102905273438,3279100.0,0.0,0.0,155.52999877929688,152.71102905273438
2025-09-02,151.1596697274144,151.68989067524473,148.95045073664673,151.473876953125,2745100.0,0.0,0.0,154.27000427246094,151.473876953125
2025-09-03,150.71780756900185,151.2971102043153,147.70344422615474,149.2449951171875,3964400.0,0.0,0.0,152.0,149.2449951171875
2025-09-04,149.44137023958902,152.77975418951775,149.2646399331424,152.70120239257812,2741200.0,0.0,0.0,155.52000427246094,152.70120239257812
2025-09-05,152.97612119398957,154.7042157235452,151.48366706533258,152.4851837158203,2053300.0,0.0,0.0,155.3000030517578,152.4851837158203
2025-09-08,151.80769986421166,152.17098883309782,149.24500542182426,151.20875549316406,2715500.0,0.0,0.0,154.0,151.20875549316406
2025-09-09,151.35601833305725,151.35601833305725,148.8031524391768,150.305419921875,1669200.0,0.0,0.0,153.0800018310547,150.305419921875
2025-09-10,150.38398768851906,152.3968345566681,149.69667814340642,150.78656005859375,2811600.0,0.0,0.0,153.57000732421875,150.78656005859375
2025-09-11,151.00256211064513,156.60907541517935,150.6196314283547,156.57962036132812,3663900.0,0.0,0.0,159.47000122070312,156.57962036132812
2025-09-12,156.22612100734722,159.1619324472052,154.94968059948624,155.0085906982422,2865100.0,0.0,0.0,157.8699951171875,155.0085906982422
2025-09-15,155.1362502885495,155.509367583555,152.43609403352727,153.82054138183594,3219500.0,0.0,0.0,156.66000366210938,153.82054138183594
2025-09-16,154.05616559741048,154.62565483646497,150.84544546618915,153.66342163085938,2208600.0,0.0,0.0,156.5,153.66342163085938
2025-09-17,153.6634414823093,155.66645994204077,150.75708481481044,152.3477325439453,2757300.0,0.0,0.0,155.16000366210938,152.3477325439453
2025-09-18,152.33790526536748,154.07582826752596,151.51313383398596,152.5833740234375,1795000.0,0.0,0.0,155.39999389648438,152.5833740234375
2025-09-19,153.08414625839055,154.55695886819097,151.88625747050824,153.7616424560547,6507100.0,0.0,0.0,156.60000610351562,153.7616424560547
2025-09-22,152.77975696699343,152.88776381697102,150.85527536254483,151.0712890625,2484800.0,0.0,0.0,153.86000061035156,151.0712890625
2025-09-23,151.05163897895517,155.273704267854,151.05163897895517,153.4572296142578,2254000.0,0.0,0.0,156.2899932861328,153.4572296142578
2025-09-24,153.17250109703386,153.66343860055,151.66042017838254,151.79788208007812,1739300.0,0.0,0.0,154.60000610351562,151.79788208007812
2025-09-25,151.2087523609095,151.2087523609095,149.06827201895624,150.25633239746094,2949300.0,0.0,0.0,153.02999877929688,150.25633239746094
2025-09-26,151.2283890420392,151.6996848387487,149.60828633112638,150.04031372070312,2104000.0,0.0,0.0,152.80999755859375,150.04031372070312
2025-09-29,150.7178032176753,151.60148467036223,149.7751966835497,151.28729248046875,2043400.0,0.0,0.0,154.0800018310547,151.28729248046875
2025-09-30,151.06145965269744,152.40662347401158,149.66718410762104,152.36734008789062,2177100.0,0.0,0.0,155.17999267578125,152.36734008789062
2025-10-01,151.65057625066345,153.70269120867866,151.46401762134897,153.1724853515625,2297900.0,0.0,0.0,156.0,153.1724853515625
2025-10-02,154.40965704028972,156.68761423078172,153.70270584201452,155.9217529296875,2167500.0,0.0,0.0,158.8000030517578,155.9217529296875
2025-10-03,156.03958388168388,157.482941429047,154.85152344041666,155.7843017578125,3411600.0,0.0,0.0,158.66000366210938,155.7843017578125
2025-10-06,155.82357320865006,156.3243390913168,151.82734939792786,153.10377502441406,2421400.0,0.0,0.0,155.92999267578125,153.10377502441406
2025-10-07,153.98746096540478,155.07734283534327,152.36735819537526,152.5146484375,1696700.0,0.0,0.0,155.3300018310547,152.5146484375
2025-10-08,152.88774822097128,153.2608504973782,150.0108469553435,153.1724853515625,2084200.0,0.0,0.0,156.0,153.1724853515625
2025-10-09,153.2706932591868,153.76163075843823,148.6264137290673,150.1090545654297,2512200.0,0.0,0.0,152.8800048828125,150.1090545654297
2025-10-10,150.4625335374753,151.45422191459593,145.76917213798666,146.0539093017578,3504400.0,0.0,0.0,148.75,146.0539093017578
2025-10-13,147.84092033452498,149.66719338232807,147.69363010077691,148.36131286621094,2724800.0,0.0,0.0,151.10000610351562,148.36131286621094
2025-10-14,146.56448893553323,150.92401643651345,146.56448893553323,149.76539611816406,2604800.0,0.0,0.0,152.52999877929688,149.76539611816406
2025-10-15,150.90436818652734,152.83866309715583,149.94213490042821,150.6883544921875,2381500.0,0.0,0.0,153.47000122070312,150.6883544921875
2025-10-16,151.67023024971522,151.67023024971522,147.88019220537294,148.6656951904297,4279200.0,0.0,0.0,151.41000366210938,148.6656951904297
2025-10-17,148.70496419226038,150.29561186347172,148.5282338855832,149.87339782714844,4494000.0,0.0,0.0,152.63999938964844,149.87339782714844
2025-10-20,150.45271525383095,153.2412518849524,150.2563432330484,151.97462463378906,4230400.0,0.0,0.0,154.77999877929688,151.97462463378906
2025-10-21,155.13623056814174,163.79637417486768,150.0304842041156,163.61962890625,7302200.0,0.0,0.0,166.63999938964844,163.61962890625
2025-10-22,164.13023588828867,166.11361268921218,162.52977477286623,164.19895935058594,5275800.0,0.0,0.0,167.22999572753906,164.19895935058594
2025-10-23,164.18912905210908,168.51920114344156,163.68837822512975,168.48974609375,4779100.0,0.0,0.0,171.60000610351562,168.48974609375
2025-10-24,168.88250062302947,169.71710036899782,164.70953185763486,165.44593811035156,3612300.0,0.0,0.0,168.5,165.44593811035156
2025-10-27,166.8991121362134,167.53733989019827,164.36587278019505,165.34774780273438,2922300.0,0.0,0.0,168.39999389648438,165.34774780273438
2025-10-28,165.26921257011972,165.4459428844041,163.3349175585906,163.80621337890625,2448100.0,0.0,0.0,166.8300018310547,163.80621337890625
2025-10-29,164.1204018838079,164.9550016349695,160.64457094153516,161.64608764648438,3163400.0,0.0,0.0,164.6300048828125,161.64608764648438
2025-10-30,162.01918781750794,166.19215655362825,161.61663045533678,163.43309020996094,2143700.0,0.0,0.0,166.4499969482422,163.43309020996094
2025-10-31,162.49047427098532,164.30693375360354,162.21555051164611,163.48216247558594,2096600.0,0.0,0.0,166.5,163.48216247558594
2025-11-03,163.0010598032652,163.26617024250885,158.5629956872081,159.25030517578125,3141200.0,0.0,0.0,162.19000244140625,159.25030517578125
2025-11-04,158.88702309333232,159.28958046546143,156.46179059282878,157.67930603027344,3520900.0,0.0,0.0,160.58999633789062,157.67930603027344
2025-11-05,157.77750924095284,161.84247147901104,157.23747494969123,161.3417205810547,2656200.0,0.0,0.0,164.32000732421875,161.3417205810547
2025-11-06,161.2238657532027,162.49049284414306,156.67779486735748,160.88021850585938,5193100.0,0.0,0.0,163.85000610351562,160.88021850585938
2025-11-07,160.9391278852565,162.28429178276784,159.71178418833807,161.85226440429688,2506400.0,0.0,0.0,164.83999633789062,161.85226440429688
2025-11-10,162.0093769614397,166.10379396314377,160.99804689777343,164.6309814453125,2754900.0,0.0,0.0,167.6699981689453,164.6309814453125
2025-11-11,164.63097900656368,167.09547985629308,162.99124955886836,165.61285400390625,2365800.0,0.0,0.0,168.6699981689453,165.61285400390625
2025-11-12,165.60303612215924,168.66648123584292,165.60303612215924,167.9791717529297,2694300.0,0.0,0.0,171.0800018310547,167.9791717529297
2025-11-13,167.33112434766042,169.432336105791,166.18233247348002,167.52749633789062,3878900.0,0.0,0.0,170.6199951171875,167.52749633789062
2025-11-14,166.56114061039636,166.9851538066515,164.66784194213554,165.2496337890625,2748800.0,0.73,0.0,167.5800018310547,165.2496337890625
2025-11-17,164.58895500051446,165.4863041617812,162.67593021156355,163.090087890625,2908400.0,0.0,0.0,165.38999938964844,163.090087890625
2025-11-18,161.70957031716082,164.27340584521568,161.0390185321241,163.48452758789062,2325700.0,0.0,0.0,165.7899932861328,163.48452758789062
2025-11-19,163.28731127157593,164.9833942531792,162.27163559669276,164.2635498046875,2219100.0,0.0,0.0,166.5800018310547,164.2635498046875
2025-11-20,166.38365632047044,167.38947653389948,161.67999821106847,162.32095336914062,3303500.0,0.0,0.0,164.61000061035156,162.32095336914062
2025-11-21,163.06051562617517,167.02461799112083,162.8731553458681,165.75254821777344,3183500.0,0.0,0.0,168.08999633789062,165.75254821777344
2025-11-24,165.90046635531965,168.38541249730864,164.3227098760179,167.2021026611328,7138100.0,0.0,0.0,169.55999755859375,167.2021026611328
2025-11-25,167.9219539356041,169.7659600933013,167.85293517437137,169.15457153320312,2605800.0,0.0,0.0,171.5399932861328,169.15457153320312
2025-11-26,168.73055246883672,169.9730255474866,168.30652420568887,168.42486572265625,2031600.0,0.0,0.0,170.8000030517578,168.42486572265625
2025-11-28,168.28681582094694,169.8448462406925,167.64584565425218,169.65748596191406,1596300.0,0.0,0.0,172.0500030517578,169.65748596191406
2025-12-01,168.30651449415265,169.58843968668967,167.25140175219843,168.1092987060547,2244600.0,0.0,0.0,170.47999572753906,168.1092987060547
2025-12-02,168.50374918447582,169.53913585733144,167.29084271904986,169.17428588867188,1928500.0,0.0,0.0,171.55999755859375,169.17428588867188
2025-12-03,169.65748273405723,172.26077039998341,168.77985963958292,170.68301391601562,2883300.0,0.0,0.0,173.08999633789062,170.68301391601562
2025-12-04,169.50957021215626,169.61804116530243,166.39352428347064,166.91615295410156,2860400.0,0.0,0.0,169.27000427246094,166.91615295410156
2025-12-05,166.8471145071377,166.98516707579554,163.3563481015888,165.15103149414062,3021400.0,0.0,0.0,167.47999572753906,165.15103149414062
2025-12-08,163.46480513360083,163.51411284248067,160.03318721068678,161.6799774169922,3254000.0,0.0,0.0,163.9600067138672,161.6799774169922
2025-12-09,161.1277643680504,163.43523591794025,161.1277643680504,162.7942657470703,2335000.0,0.0,0.0,165.08999633789062,162.7942657470703
2025-12-10,162.29135515680562,164.41145127515108,161.1376269622706,163.35633850097656,3382000.0,0.0,0.0,165.66000366210938,163.35633850097656
2025-12-11,164.24382236083378,167.6359882961653,163.9085539954257,166.25546264648438,2525200.0,0.0,0.0,168.60000610351562,166.25546264648438
2025-12-12,166.12727155623418,167.47821563657266,165.46659032546276,166.55128479003906,2423500.0,0.0,0.0,168.89999389648438,166.55128479003906
2025-12-15,167.2021061380644,167.9909843941198,162.8928799176859,163.39578247070312,2576400.0,0.0,0.0,165.6999969482422,163.39578247070312
2025-12-16,163.69160827359235,164.6777022993369,160.57554754105544,160.9305419921875,2786500.0,0.0,0.0,163.1999969482422,160.9305419921875
2025-12-17,159.9345973099837,161.94622256321463,158.7709984999629,159.9148712158203,2638500.0,0.0,0.0,162.1699981689453,159.9148712158203
2025-12-18,161.09818642518766,161.9462279431715,159.18516148601935,159.5105743408203,2606000.0,0.0,0.0,161.75999450683594,159.5105743408203
2025-12-19,159.43167402082537,161.66025613710215,159.43167402082537,159.70779418945312,3715700.0,0.0,0.0,161.9600067138672,159.70779418945312
2025-12-22,159.92471736602602,160.3783272255896,156.85797947712126,157.77503967285156,2334600.0,0.0,0.0,160.0,157.77503967285156
2025-12-23,157.75530894609793,158.25822650010713,156.24658637727,157.92294311523438,1828900.0,0.0,0.0,160.14999389648438,157.92294311523438
2025-12-24,157.88352361975836,158.44558942065953,156.85799239791334,158.11032104492188,854400.0,0.0,0.0,160.33999633789062,158.11032104492188
2025-12-26,158.09059088704734,159.92471120788235,157.77503359748448,159.82611083984375,1245700.0,0.0,0.0,162.0800018310547,159.82611083984375
2025-12-29,159.6190384593981,160.43749832341783,158.58365174806568,159.47113037109375,2185100.0,0.0,0.0,161.72000122070312,159.47113037109375
2025-12-30,159.23447400064393,159.4316898149719,158.4061585525053,158.9287872314453,1293600.0,0.0,0.0,161.1699981689453,158.9287872314453
2025-12-31,158.92876999441316,159.0964041707408,157.8144789467405,157.8736572265625,1201700.0,0.0,0.0,160.10000610351562,157.8736572265625
2026-01-02,157.8736649387988,159.63876668473452,156.84811869085974,159.5697479248047,1961200.0,0.0,0.0,161.82000732421875,159.5697479248047
2026-01-05,158.74141167939783,162.11385143395088,158.56392197754798,161.2756805419922,2894500.0,0.0,0.0,163.5500030517578,161.2756805419922
2026-01-06,160.61500194281558,164.21423916777078,159.56974466857,163.89869689941406,2854800.0,0.0,0.0,166.2100067138672,163.89869689941406
2026-01-07,163.54371132573192,163.5634223740366,159.5204456211169,160.64459228515625,2734400.0,0.0,0.0,162.91000366210938,160.64459228515625
2026-01-08,159.5204219902568,163.48450882292497,158.81043314481784,162.94216918945312,2526900.0,0.0,0.0,165.24000549316406,162.94216918945312
2026-01-09,163.18869267615835,163.93811865896635,161.6700995719585,162.94216918945312,2306800.0,0.0,0.0,165.24000549316406,162.94216918945312
2026-01-12,162.01526287029222,165.93005763243823,160.84180848940588,165.60464477539062,3247700.0,0.0,0.0,167.94000244140625,165.60464477539062
2026-01-13,165.663804615446,168.03042437702607,165.45671823917203,167.06405639648438,2827900.0,0.0,0.0,169.4199981689453,167.06405639648438
2026-01-14,167.04433744458083,168.4741859518842,165.79200874921884,167.6261444091797,3121900.0,0.0,0.0,169.99000549316406,167.6261444091797
2026-01-15,168.129040658295,170.65343909591343,167.56695981026508,168.720703125,2909200.0,0.0,0.0,171.10000610351562,168.720703125
2026-01-16,166.46253281756688,169.046094392617,164.6777050090566,165.46658325195312,7328100.0,0.0,0.0,167.8000030517578,165.46658325195312
2026-01-20,157.23268468102387,161.4531657809313,150.94141521710594,153.94898986816406,11902100.0,0.0,0.0,156.1199951171875,153.94898986816406
2026-01-21,154.93508826878832,156.43395539863403,152.19374808521565,153.71234130859375,6969100.0,0.0,0.0,155.8800048828125,153.71234130859375
2026-01-22,154.38289103047615,160.2402924352582,154.02789654998625,158.39630126953125,5559600.0,0.0,0.0,160.6300048828125,158.39630126953125
2026-01-23,157.65673412128126,161.98568674467958,157.65673412128126,160.41778564453125,4461300.0,0.0,0.0,162.67999267578125,160.41778564453125
2026-01-26,159.7472518253967,160.5952933937413,157.27216093302704,157.30174255371094,3891000.0,0.0,0.0,159.52000427246094,157.30174255371094
2026-01-27,157.42989894338675,158.68224251942743,155.7239605596023,155.85215759277344,4661100.0,0.0,0.0,158.0500030517578,155.85215759277344
2026-01-28,155.66479829423884,157.47920762967817,152.96289533738226,153.77149963378906,4323000.0,0.0,0.0,155.94000244140625,153.77149963378906
2026-01-29,155.29009303026078,156.5424367372069,152.47973390262473,154.2053985595703,4137000.0,0.0,0.0,156.3800048828125,154.2053985595703
2026-01-30,153.50525724711565,154.55051452101026,149.88629392954059,151.03016662597656,4738200.0,0.0,0.0,153.16000366210938,151.03016662597656
2026-02-02,151.41474349453043,151.50348834732318,148.45646136196362,151.29640197753906,5393500.0,0.0,0.0,153.42999267578125,151.29640197753906
2026-02-03,150.87239650819924,154.89566222067677,149.1270057473108,153.51512145996094,5178800.0,0.0,0.0,155.67999267578125,153.51512145996094
2026-02-04,153.83067802071912,161.54194102592143,153.64331773618633,161.51234436035156,6514900.0,0.0,0.0,163.7899932861328,161.51234436035156
2026-02-05,160.90096531120017,163.51412358754908,158.9682293875456,162.78440856933594,3514000.0,0.0,0.0,165.0800018310547,162.78440856933594
2026-02-06,164.65797883922227,170.5745430883157,163.70146641522408,170.24913024902344,7257700.0,0.0,0.0,172.64999389648438,170.24913024902344
2026-02-09,169.25319801061482,170.19985500788513,166.40338654075867,167.912109375,4694500.0,0.0,0.0,170.27999877929688,167.912109375
2026-02-10,167.70501854042584,171.33383734058026,167.08377448796213,171.01828002929688,3215900.0,0.0,0.0,173.42999267578125,171.01828002929688
2026-02-11,171.5803521535946,172.49741233066823,170.04204795553562,170.44635009765625,2996900.0,0.0,0.0,172.85000610351562,170.44635009765625
2026-02-12,170.9788488062713,174.94295114851224,170.0026102681265,172.181884765625,4525600.0,0.0,0.0,174.61000061035156,172.181884765625
2026-02-13,172.845531631392,173.0436323697506,168.9626997259167,170.19094848632812,3178200.0,0.78,0.0,171.82000732421875,170.19094848632812
2026-02-17,168.38818589906515,169.87396400993924,165.66425936246262,166.03074645996094,4748900.0,0.0,0.0,167.6199951171875,166.03074645996094
2026-02-18,165.25814765276738,165.6147350138704,160.96919957293167,162.61346435546875,4211100.0,0.0,0.0,164.1699981689453,162.61346435546875
2026-02-19,162.53423320066216,164.05964068166378,161.97954506724997,163.48513793945312,3373800.0,0.0,0.0,165.0500030517578,163.48513793945312
2026-02-20,163.4355927655108,167.76415484041942,162.53421708105242,165.47605895996094,2292400.0,0.0,0.0,167.05999755859375,165.47605895996094
2026-02-23,165.11948104956522,165.8524704031464,162.75214172051858,164.7628936767578,2922000.0,0.0,0.0,166.33999633789062,164.7628936767578
2026-02-24,163.94075472909844,166.69439567617175,163.93085498256826,164.8817596435547,2468500.0,0.0,0.0,166.4600067138672,164.8817596435547
2026-02-25,165.67415235788442,166.040654554565,163.43558553646668,163.970458984375,2987900.0,0.0,0.0,165.5399932861328,163.970458984375
2026-02-26,164.30725389545762,166.56563541995732,162.85119013438327,164.59449768066406,3474100.0,0.0,0.0,166.1699981689453,164.59449768066406
2026-02-27,163.68323516310807,164.47565324269704,161.32579553271324,163.75257873535156,5367000.0,0.0,0.0,165.32000732421875,163.75257873535156
2026-03-02,160.73148649387113,162.6728948367281,157.71040119521822,159.92916870117188,3984400.0,0.0,0.0,161.4600067138672,159.92916870117188
2026-03-03,156.02652739718891,158.12642244075192,155.3529667461238,156.9774169921875,4050400.0,0.0,0.0,158.47999572753906,156.9774169921875
2026-03-04,157.77972692368647,160.2560238282928,157.26466804969246,159.36456298828125,3865900.0,0.0,0.0,160.88999938964844,159.36456298828125
2026-03-05,158.05708652477284,159.44380674959044,153.33230778559516,154.72894287109375,4538000.0,0.0,0.0,156.2100067138672,154.72894287109375
2026-03-06,152.64883490909867,152.6587346548514,150.32110995737457,151.95547485351562,4938100.0,0.0,0.0,153.41000366210938,151.95547485351562
2026-03-09,150.05369552897795,151.47013013059944,146.3194354937948,150.19236755371094,6235100.0,0.0,0.0,151.6300048828125,150.19236755371094
2026-03-10,150.9550460140984,155.02607853444752,150.1725428800103,153.7780303955078,5891100.0,0.0,0.0,155.25,153.7780303955078
2026-03-11,152.42102897592778,153.9167068364478,151.4602245862992,153.69879150390625,3551100.0,0.0,0.0,155.1699981689453,153.69879150390625
2026-03-12,151.31164282532094,152.02481755338073,146.8642231928037,147.6863555908203,5683000.0,0.0,0.0,149.10000610351562,147.6863555908203
2026-03-13,149.71691818551284,150.9451670010356,148.9740290477466,149.5287322998047,4010700.0,0.0,0.0,150.9600067138672,149.5287322998047
2026-03-16,151.14325880048622,151.30174543454885,146.7255534533406,148.52828979492188,5104700.0,0.0,0.0,149.9499969482422,148.52828979492188
2026-03-17,150.2121530320947,150.2121530320947,146.59676586551709,147.64671325683594,4412200.0,0.0,0.0,149.05999755859375,147.64671325683594
2026-03-18,146.4382786419059,146.92363823823612,142.7337484361036,143.70445251464844,4239600.0,0.0,0.0,145.0800018310547,143.70445251464844
2026-03-19,142.07009316924336,142.60498174350872,139.7819973376276,141.35693359375,4275900.0,0.0,0.0,142.7100067138672,141.35693359375
2026-03-20,140.2673681672962,141.9413473610724,138.0188862546188,139.8612518310547,6900600.0,0.0,0.0,141.1999969482422,139.8612518310547
2026-03-23,142.67431393595274,146.81469016553893,141.82246720736626,145.17042541503906,4924500.0,0.0,0.0,146.55999755859375,145.17042541503906
2026-03-24,143.65493822439055,146.39867949165227,143.52616594578274,145.27938842773438,3036500.0,0.0,0.0,146.6699981689453,145.27938842773438
2026-03-25,147.07221706944017,147.75567741265814,145.0812798595536,146.64630126953125,2238500.0,0.0,0.0,148.0500030517578,146.64630126953125
2026-03-26,145.695400722029,146.002459119246,142.34745759218382,142.6248016357422,2812100.0,0.0,0.0,143.99000549316406,142.6248016357422
2026-03-27,142.32763835552475,144.80393517397536,141.30740527545242,141.6837921142578,3428000.0,0.0,0.0,143.0399932861328,141.6837921142578
2026-03-30,142.33753651999768,142.54555210064714,140.41592779197518,141.16873168945312,2483600.0,0.0,0.0,142.52000427246094,141.16873168945312
2026-03-31,143.04082503735165,143.91247131290427,140.4357557294802,143.85304260253906,3384900.0,0.0,0.0,145.22999572753906,143.85304260253906
2026-04-01,144.63555218058312,145.88360036513646,143.79360519700785,143.8728485107422,2419700.0,0.0,0.0,145.25,143.8728485107422
2026-04-02,140.99044039312477,144.78412915777125,140.80223940549763,143.10025024414062,1782800.0,0.0,0.0,144.47000122070312,143.10025024414062
2026-04-06,142.65451433929007,143.77379024709063,142.14934010470324,143.1299591064453,2151000.0,0.0,0.0,144.5,143.1299591064453
2026-04-07,142.46631030738993,143.3280567632979,141.28759060408996,142.98138427734375,2887000.0,0.0,0.0,144.35000610351562,142.98138427734375
2026-04-08,147.5674752936819,148.81553855916027,145.62606705822975,147.75567626953125,4223600.0,0.0,0.0,149.1699981689453,147.75567626953125
2026-04-09,146.77506354803288,150.00416439948015,146.27980416484078,149.0730743408203,2825800.0,0.0,0.0,150.5,149.0730743408203
2026-04-10,149.78623615792623,150.06358017949177,148.2806435307737,148.894775390625,1826300.0,0.0,0.0,150.32000732421875,148.894775390625
2026-04-13,148.50848509111108,151.34136962890625,147.30006598961702,151.34136962890625,2489100.0,0.0,0.0,152.7899932861328,151.34136962890625
2026-04-14,151.70785473481797,152.69837348062256,150.93525132221973,151.1036376953125,2232900.0,0.0,0.0,152.5500030517578,151.1036376953125
2026-04-15,150.55884959792326,151.2323950913485,148.6669551630877,149.80606079101562,2837300.0,0.0,0.0,151.24000549316406,149.80606079101562
2026-04-16,150.05369443544637,151.42060006524807,149.0037318397001,149.1226043701172,2143800.0,0.0,0.0,150.5500030517578,149.1226043701172
2026-04-17,151.39087736106964,154.89732208969036,150.46970220731842,153.0846710205078,4950500.0,0.0,0.0,154.5500030517578,153.0846710205078
2026-04-20,152.5597080783974,153.46106868944952,149.58815171208568,149.96453857421875,4672700.0,0.0,0.0,151.39999389648438,149.96453857421875
2026-04-21,150.33103172284942,156.64063118966627,145.46758113637668,147.06231689453125,7233600.0,0.0,0.0,148.47000122070312,147.06231689453125
2026-04-22,149.19193443647416,149.47919334779158,143.37759400986283,144.3978271484375,4583000.0,0.0,0.0,145.77999877929688,144.3978271484375
2026-04-23,144.81384197931203,145.97274713314533,142.22858737026326,143.46673583984375,5138200.0,0.0,0.0,144.83999633789062,143.46673583984375
2026-04-24,143.04081355246737,144.89307874267888,142.63469724542233,144.6058349609375,5931000.0,0.0,0.0,145.99000549316406,144.6058349609375
2026-04-27,144.2987660190113,145.8043587694714,143.288447763756,144.38792419433594,2991000.0,0.0,0.0,145.77000427246094,144.38792419433594
2026-04-28,144.06105955988002,144.68509125282796,142.38708033627643,144.6454620361328,3726200.0,0.0,0.0,146.02999877929688,144.6454620361328
2026-04-29,144.41762935885552,145.18033298915327,142.01066106058138,142.50592041015625,3757600.0,0.0,0.0,143.8699951171875,142.50592041015625
2026-04-30,142.63470208027528,145.50720045152295,142.4663157040134,145.1308135986328,5017900.0,0.0,0.0,146.52000427246094,145.1308135986328
2026-05-01,145.88360432815134,145.9232335431534,140.85176712520288,141.14892578125,2757900.0,0.0,0.0,142.5,141.14892578125
2026-05-04,140.51499312607638,142.88233237859905,140.0494480956788,140.21783447265625,4053300.0,0.0,0.0,141.55999755859375,140.21783447265625
2026-05-05,141.04986542668,142.92194527915672,140.97063722627564,141.4658966064453,3386100.0,0.0,0.0,142.82000732421875,141.4658966064453
2026-05-06,143.61532744538383,146.91375689046163,143.11015318015467,145.15061950683594,4910100.0,0.0,0.0,146.5399932861328,145.15061950683594
2026-05-07,145.0416526859934,145.5468269193626,142.10972566246662,142.38706970214844,2764000.0,0.0,0.0,143.75,142.38706970214844
2026-05-08,143.3478766934008,143.92237939004727,141.4460824807695,141.93142700195312,2566000.0,0.0,0.0,143.2899932861328,141.93142700195312
2026-05-11,142.13944366202432,143.43702083399035,141.5253268604201,141.98095703125,3319300.0,0.0,0.0,143.33999633789062,141.98095703125
2026-05-12,142.25830458861043,143.22902389047013,140.67348358410908,141.85220336914062,2798600.0,0.0,0.0,143.2100067138672,141.85220336914062
2026-05-13,145.61614883699085,148.3400752655651,144.63554499573831,145.70530700683594,7625900.0,0.0,0.0,147.10000610351562,145.70530700683594
2026-05-14,146.63639259509247,146.65620720251746,143.3082489111964,143.74407958984375,4105600.0,0.0,0.0,145.1199951171875,143.74407958984375
2026-05-15,143.01111292805874,145.46759538447688,143.01111292805874,144.8336639404297,5276200.0,0.0,0.0,146.22000122070312,144.8336639404297
2026-05-18,145.21004787551664,151.2423031481555,145.11098995959068,151.0838165283203,5520500.0,0.0,0.0,152.52999877929688,151.0838165283203
2026-05-19,149.92491563458418,149.92491563458418,146.9533594434501,147.94387817382812,4629300.0,0.0,0.0,149.36000061035156,147.94387817382812
2026-05-20,148.3797084053311,149.4395555844371,146.15104126841092,148.35989379882812,3873100.0,0.0,0.0,149.77999877929688,148.35989379882812
2026-05-21,147.3594886258157,151.47013567040543,145.92323936409866,150.16265869140625,2834400.0,0.0,0.0,151.60000610351562,150.16265869140625
2026-05-22,152.23357556040958,152.79114754832975,151.0388088280043,151.7755889892578,3209100.0,0.78,0.0,152.44000244140625,151.7755889892578
2026-05-26,152.45262043281244,153.91621464181245,151.3872919360852,153.35865783691406,2319100.0,0.0,0.0,154.02999877929688,153.35865783691406
2026-05-27,154.0356962993744,156.00706212786497,153.9759450505134,154.49368286132812,2877500.0,0.0,0.0,155.1699981689453,154.49368286132812
2026-05-28,153.2690529477872,153.6175183528859,150.58082397119932,152.18380737304688,3224200.0,0.0,0.0,152.85000610351562,152.18380737304688
2026-05-29,151.83532645218068,153.74695628017676,151.11846336764674,152.46258544921875,7901700.0,0.0,0.0,153.1300048828125,152.46258544921875
2026-06-01,149.67478001104183,150.40159401089267,147.75318412527167,150.27215576171875,2691100.0,0.0,0.0,150.92999267578125,150.27215576171875
2026-06-02,149.5254354072062,152.49245805989025,148.52979389236066,152.23358154296875,3391700.0,0.0,0.0,152.89999389648438,152.23358154296875
2026-06-03,151.99463657893276,153.17945240672432,150.84963972694058,150.98902893066406,3330500.0,0.0,0.0,151.64999389648438,150.98902893066406
2026-06-04,152.5820601611976,153.647403860492,151.7656268373701,152.10415649414062,2473200.0,0.0,0.0,152.77000427246094,152.10415649414062
2026-06-05,152.92057126268975,153.9659978551166,152.02450000762866,153.08982849121094,2488400.0,0.0,0.0,153.75999450683594,153.08982849121094
2026-06-08,152.1340167970537,155.39971954193416,151.5864109603823,153.179443359375,3054400.0,0.0,0.0,153.85000610351562,153.179443359375
2026-06-09,153.607569844727,157.2416552532258,152.99027697448915,155.7083740234375,3434300.0,0.0,0.0,156.38999938964844,155.7083740234375
2026-06-10,153.68721391222638,162.29950632640052,151.058721107609,156.16636657714844,7862100.0,0.0,0.0,156.85000610351562,156.16636657714844
2026-06-11,157.78924843367318,158.91432810298303,154.46380972762327,157.22174072265625,4873700.0,0.0,0.0,157.91000366210938,157.22174072265625
2026-06-12,159.17319117515544,159.29267847797493,155.58889112850542,157.6299591064453,4576700.0,0.0,0.0,158.32000732421875,157.6299591064453
2026-06-15,160.70649198662173,161.69216731068946,156.5248008857438,157.54034423828125,4426200.0,0.0,0.0,158.22999572753906,157.54034423828125
2026-06-16,158.9342541514112,162.43890121898352,157.72952127723843,160.925537109375,3430500.0,0.0,0.0,161.6300048828125,160.925537109375
2026-06-17,160.79609051855448,163.5838895536175,158.17754870306868,158.53598022460938,3781500.0,0.0,0.0,159.22999572753906,158.53598022460938
2026-06-18,160.90561681856738,161.51295871633133,159.21302937649378,159.9000244140625,6934500.0,0.0,0.0,160.60000610351562,159.9000244140625
2026-06-22,160.3281486531853,162.84712041903268,159.82037696018315,162.50860595703125,2642100.0,0.0,0.0,163.22000122070312,162.50860595703125
2026-06-23,161.3237873485582,163.45445950224953,160.2982778423408,161.13461303710938,2816100.0,0.0,0.0,161.83999633789062,161.13461303710938
2026-06-24,161.74194833446657,167.6958798713943,160.87574514616972,165.18687438964844,4556000.0,0.0,0.0,165.91000366210938,165.18687438964844
2026-06-25,166.44138356177325,169.02009133601624,165.89377771203667,167.23789978027344,2381800.0,0.0,0.0,167.97000122070312,167.23789978027344
2026-06-26,166.43143047834005,167.06864040649822,162.65794082867777,163.29515075683594,6334000.0,0.0,0.0,164.00999450683594,163.29515075683594
2026-06-29,163.494286366957,164.86826121348784,161.05495270273713,161.72203063964844,5260400.0,0.0,0.0,162.42999267578125,161.72203063964844
2026-06-30,162.97655579920584,164.52975407254442,160.2086737085572,161.20431518554688,4024600.0,0.0,0.0,161.91000366210938,161.20431518554688
2026-07-01,161.40344048195035,162.2895607889965,158.526037220438,159.2628173828125,2662100.0,0.0,0.0,159.9600067138672,159.2628173828125
2026-07-02,160.6567110015096,161.29392094570252,158.9143383987011,159.74072265625,1837600.0,0.0,0.0,160.44000244140625,159.74072265625
2026-07-06,159.72079823031027,159.75066625817414,155.36984999226905,158.45632934570312,2180100.0,0.0,0.0,159.14999389648438,158.45632934570312
2026-07-07,159.1134620184567,159.20306610524426,155.74818896445765,157.32130432128906,1839300.0,0.0,0.0,158.00999450683594,157.32130432128906
2026-07-08,155.3200632169572,155.8079329873091,152.89069569484982,154.02572631835938,2310900.0,0.0,0.0,154.6999969482422,154.02572631835938
2026-07-09,155.7581603469574,156.62436359963706,153.92618361362588,154.66294860839844,3829900.0,0.0,0.0,155.33999633789062,154.66294860839844
2026-07-10,154.85211830126866,157.71957062764827,154.72268004722744,156.8334503173828,1945300.0,0.0,0.0,157.52000427246094,156.8334503173828
2026-07-13,156.5347459064221,158.70523691858185,156.07674416674925,157.0126495361328,1726400.0,0.0,0.0,157.6999969482422,157.0126495361328
2026-07-14,158.07799439809207,159.07363583000148,155.2404102402373,155.8975372314453,3579200.0,0.0,0.0,156.5800018310547,155.8975372314453
2026-07-15,156.96287000095919,162.30947496880756,156.31570912924812,159.830322265625,3287100.0,0.0,0.0,160.52999877929688,159.830322265625
2026-07-16,159.18316436176076,162.63804150575112,158.4264671154309,161.06492614746094,3482400.0,0.0,0.0,161.77000427246094,161.06492614746094
2026-07-17,162.95663438424626,163.51419116577463,159.03380463841506,159.14332580566406,2922700.0,0.0,0.0,159.83999633789062,159.14332580566406
2026-07-20,159.72080709509405,160.97530991185184,158.31694893844468,158.41651916503906,4063900.0,0.0,0.0,159.11000061035156,158.41651916503906
2026-07-21,168.35301238103193,175.3922048605782,168.2634082949518,170.01573181152344,11003500.0,0.0,0.0,170.75999450683594,170.01573181152344
2026-07-22,171.30011781447118,173.88877651902362,168.99022231362918,170.01573181152344,4593800.0,0.0,0.0,170.75999450683594,170.01573181152344
2026-07-23,170.24473722530075,171.24037867659075,167.58637637343037,168.850830078125,4736800.0,0.0,0.0,169.58999633789062,168.850830078125
2026-07-24,169.56770058220468,172.5944592346749,168.7214144268272,171.8676300048828,4101300.0,0.0,0.0,172.6199951171875,171.8676300048828
2026-07-27,174.39655943524593,178.50854827901392,172.76370807048852,177.4531707763672,4826300.0,0.0,0.0,178.22999572753906,177.4531707763672
2026-07-28,178.8172095759656,184.09409707996218,178.1999015493925,181.6846466064453,5501400.0,0.0,0.0,182.47999572753906,181.6846466064453
2026-07-29,180.33057426847583,181.4058688557967,176.77614219775774,177.1743927001953,4822200.0,0.0,0.0,177.9499969482422,177.1743927001953
2026-07-30,176.83587819125108,177.64234533338535,173.20179298287627,175.30259704589844,2811800.0,0.0,0.0,176.07000732421875,175.30259704589844
2026-07-31,175.73071530724542,176.3679252253141,174.16755094394472,175.5116729736328,2676800.0,0.0,0.0,176.27999877929688,175.5116729736328
2026-08-03,177.22418298149498,178.65790913975104,175.36233828024248,176.45753479003906,2749500.0,0.0,0.0,177.22999572753906,176.45753479003906
2026-08-04,178.38908773975427,180.87819151776995,175.83029695594172,180.65914916992188,2980000.0,0.0,0.0,181.4499969482422,180.65914916992188
2026-08-05,180.30071690926243,182.58074446863876,180.30071690926243,181.28640747070312,2728600.0,0.0,0.0,182.0800018310547,181.28640747070312
2026-08-06,181.23661739368558,182.70021158470595,178.677826690007,179.92237854003906,2547000.0,0.0,0.0,180.7100067138672,179.92237854003906
2026-08-07,179.434501947621,182.74002363608713,178.389075394744,182.10281372070312,2430400.0,0.0,0.0,182.89999389648438,182.10281372070312
2026-08-10,182.5608208070296,182.70021000533688,180.2210572722823,181.24656677246094,1942500.0,0.0,0.0,182.0399932861328,181.24656677246094
2026-08-11,181.14701706913718,183.57638476162415,180.96779369902268,182.3318328857422,2335500.0,0.0,0.0,183.1300048828125,182.3318328857422
2026-08-12,182.96903770195536,183.59628149903818,180.59940613526874,182.97898864746094,2647500.0,0.0,0.0,183.77999877929688,182.97898864746094
2026-08-13,183.37724262019455,183.8850295039432,179.70333827791703,181.85391235351562,2852800.0,0.0,0.0,182.64999389648438,181.85391235351562
2026-08-14,181.14701540219846,183.4469448168987,180.56954151402917,181.85391235351562,2644600.0,0.0,0.0,182.64999389648438,181.85391235351562
2026-08-17,180.90805665176305,182.4313869241406,178.8769546860208,179.424560546875,3873800.0,0.0,0.0,180.2100067138672,179.424560546875
2026-08-18,179.81285273915643,180.86823025004108,178.2297712805465,180.1513671875,2318500.0,0.0,0.0,180.94000244140625,180.1513671875
2026-08-19,181.21669596173933,182.63050500637576,179.11589188160514,179.87258911132812,2765400.0,0.0,0.0,180.66000366210938,179.87258911132812
2026-08-20,178.46872946352363,181.1768754160933,177.1246074324919,177.31378173828125,3499900.0,0.0,0.0,178.08999633789062,177.31378173828125
2026-08-21,177.24410250215672,180.24097792119125,177.24410250215672,178.1800079345703,2587900.0,0.0,0.0,178.9600067138672,178.1800079345703
2026-08-24,178.8800048828125,180.35000610351562,178.22999572753906,179.00999450683594,2088100.0,0.78,0.0,179.00999450683594,179.00999450683594
2026-08-25,180.3300018310547,180.8000030517578,178.61000061035156,179.3699951171875,2316900.0,0.0,0.0,179.3699951171875,179.3699951171875
2026-08-26,180.5,180.6699981689453,178.5399932861328,180.0,2673700.0,0.0,0.0,180.0,180.0
2026-08-27,177.77000427246094,180.0,176.91000366210938,178.8300018310547,2394600.0,0.0,0.0,178.8300018310547,178.8300018310547
2026-08-28,179.66000366210938,179.83999633789062,173.57000732421875,174.33999633789062,2336400.0,0.0,0.0,174.33999633789062,174.33999633789062
2026-08-31,173.5,173.64999389648438,171.66000366210938,171.8300018310547,2362500.0,0.0,0.0,171.8300018310547,171.8300018310547
2026-09-01,171.9600067138672,172.42999267578125,169.52000427246094,170.24000549316406,3340200.0,0.0,0.0,170.24000549316406,170.24000549316406
2026-09-02,171.0,171.25999450683594,168.0800018310547,168.75,2174500.0,0.0,0.0,168.75,168.75
2026-09-03,169.74000549316406,169.75,165.8000030517578,168.30999755859375,3005800.0,0.0,0.0,168.30999755859375,168.30999755859375
2026-09-04,167.8699951171875,169.58999633789062,167.5500030517578,168.55999755859375,2175200.0,0.0,0.0,168.55999755859375,168.55999755859375
2026-09-08,168.1699981689453,168.55999755859375,165.7100067138672,167.52000427246094,2179600.0,0.0,0.0,167.52000427246094,167.52000427246094
2026-09-09,166.0,166.80999755859375,164.02999877929688,164.39999389648438,3288700.0,0.0,0.0,164.39999389648438,164.39999389648438
2026-09-10,164.4499969482422,164.4499969482422,161.3000030517578,162.86000061035156,2908600.0,0.0,0.0,162.86000061035156,162.86000061035156
2026-09-11,164.36000061035156,165.3699951171875,162.5500030517578,164.97000122070312,3285600.0,0.0,0.0,164.97000122070312,164.97000122070312
2026-09-14,162.47999572753906,163.3800048828125,160.27000427246094,162.02000427246094,3000800.0,0.0,0.0,162.02000427246094,162.02000427246094
2026-09-15,162.32000732421875,166.25,160.67999267578125,164.6699981689453,4174800.0,0.0,0.0,164.6699981689453,164.6699981689453
2026-09-16,165.57000732421875,166.2899932861328,161.3699951171875,162.64999389648438,2885700.0,0.0,0.0,162.64999389648438,162.64999389648438
2026-09-17,164.83999633789062,165.4600067138672,162.8699951171875,164.7100067138672,2401300.0,0.0,0.0,164.7100067138672,164.7100067138672
2026-09-18,163.8000030517578,166.0500030517578,163.22999572753906,165.88999938964844,4551900.0,0.0,0.0,165.88999938964844,165.88999938964844
2026-09-21,166.69000244140625,166.77000427246094,164.83999633789062,164.97000122070312,2380900.0,0.0,0.0,164.97000122070312,164.97000122070312
2026-09-22,166.39999389648438,169.32000732421875,165.0,169.3000030517578,3260300.0,0.0,0.0,169.3000030517578,169.3000030517578
2026-09-23,168.4499969482422,170.42999267578125,167.82000732421875,170.3000030517578,2787100.0,0.0,0.0,170.3000030517578,170.3000030517578
2026-09-24,170.22999572753906,170.75,167.25999450683594,167.52000427246094,2430700.0,0.0,0.0,167.52000427246094,167.52000427246094
2026-09-25,168.55999755859375,170.72999572753906,168.1300048828125,169.5500030517578,2516200.0,0.0,0.0,169.5500030517578,169.5500030517578
2026-09-28,168.27999877929688,170.6199951171875,168.02999877929688,169.47999572753906,3800200.0,0.0,0.0,169.47999572753906,169.47999572753906
2026-09-29,169.8000030517578,170.97999572753906,167.25,168.49000549316406,2901300.0,0.0,0.0,168.49000549316406,168.49000549316406
