Date,Open,High,Low,Close,Volume,Dividends,Stock_Splits,Close_unadjusted,Adj_Close
2016-01-04,101.45349762102666,101.5925399222896,100.22067379885775,101.49984741210938,50807600.0,0.0,0.0,109.5,101.49984741210938
2016-01-05,102.00039157471144,102.13016249842602,100.85098893381732,101.32372283935547,38795200.0,0.0,0.0,109.30999755859375,101.32372283935547
2016-01-06,99.5625894808815,100.93445617886589,99.5625894808815,100.3504867553711,41891100.0,0.0,0.0,108.26000213623047,100.3504867553711
2016-01-07,98.20921898244148,99.45132135951599,97.15250871417666,97.2081298828125,61386300.0,0.0,0.0,104.87000274658203,97.2081298828125
2016-01-08,97.91260220531768,98.52438557843594,96.30900107030061,96.41096496582031,69344000.0,0.0,0.0,104.01000213623047,96.41096496582031
2016-01-11,97.09690870218976,97.3842576725447,95.2244940995115,96.70759582519531,50024100.0,0.0,0.0,104.33000183105469,96.70759582519531
2016-01-12,97.63452905975952,98.32973361232632,96.47585480548149,97.82918548583984,46734200.0,0.0,0.0,105.54000091552734,97.82918548583984
2016-01-13,98.22772721110097,98.46873333186868,94.30677211946568,94.45508575439453,69870700.0,0.0,0.0,101.9000015258789,94.45508575439453
2016-01-14,94.82591862189099,97.31011689426704,93.31500263205801,96.46659851074219,78445700.0,0.0,0.0,104.06999969482422,96.46659851074219
2016-01-15,93.26868203567575,94.49224224699697,92.23977832706595,93.47260284423828,91443900.0,0.0,0.0,100.83999633789062,93.47260284423828
2016-01-19,94.74247247716777,94.8907861714191,92.58270204053947,93.6764907836914,56563800.0,0.0,0.0,101.05999755859375,93.6764907836914
2016-01-20,92.20267865749506,94.39025657281982,90.14487171409739,93.38916015625,86675000.0,0.0,0.0,100.75,93.38916015625
2016-01-21,93.78771844782126,94.87223572912727,92.52708043687245,93.48182678222656,61660100.0,0.0,0.0,100.8499984741211,93.48182678222656
2016-01-22,95.36351637769708,96.22557024338134,95.03908902437203,96.18849182128906,42229800.0,0.0,0.0,103.7699966430664,96.18849182128906
2016-01-25,95.84554195022817,96.39243283919613,94.67759624594083,94.76102447509766,38881500.0,0.0,0.0,102.2300033569336,94.76102447509766
2016-01-26,95.15961691154801,96.02166389772549,94.3253699081646,95.61381530761719,36143900.0,0.0,0.0,103.1500015258789,95.61381530761719
2016-01-27,95.05760025452138,95.46544861834018,92.83294517048304,93.23152923583984,54524700.0,0.0,0.0,100.58000183105469,93.23152923583984
2016-01-28,94.77955590042414,94.81663432594289,92.93494843078238,94.54782104492188,47641500.0,0.0,0.0,102.0,94.54782104492188
2016-01-29,94.52003843444469,96.5593028613759,94.492231376112,96.52222442626953,54245100.0,0.0,0.0,104.12999725341797,96.52222442626953
2016-02-01,96.05877267434309,97.14329765735117,95.68800239747473,96.78179168701172,32750300.0,0.0,0.0,104.41000366210938,96.78179168701172
2016-02-02,96.33681009660347,96.3738885204612,94.39950311395863,94.68685913085938,44928100.0,0.0,0.0,102.1500015258789,94.68685913085938
2016-02-03,95.31716801897188,95.31716801897188,92.58269289521071,94.23265075683594,61572900.0,0.0,0.0,101.66000366210938,94.23265075683594
2016-02-04,93.98239767451912,94.97422268128454,93.10180795643306,94.22340393066406,49321600.0,0.0,0.0,101.6500015258789,94.22340393066406
2016-02-05,93.88968218846318,93.92676060896041,90.58050918293137,90.95128631591797,70749900.0,0.0,0.0,98.12000274658203,90.95128631591797
2016-02-08,89.25499848883246,89.95947443520065,87.91093207326246,89.5608901977539,91673100.0,0.0,0.0,96.62000274658203,89.5608901977539
2016-02-09,88.36513078192753,90.63612938245645,88.2260884636942,89.28279876708984,73778400.0,0.0,0.0,96.31999969482422,89.28279876708984
2016-02-10,90.31171910280969,91.47966489609469,89.56090034312018,89.62578582763672,59421700.0,0.0,0.0,96.69000244140625,89.62578582763672
2016-02-11,88.4856345704631,90.20974242597195,88.23536404330245,89.49600219726562,76839200.0,0.0,0.0,96.55000305175781,89.49600219726562
2016-02-12,90.50637757559682,90.95131167362787,89.66286625806279,90.85861206054688,49186500.0,0.0,0.0,98.0199966430664,90.85861206054688
2016-02-16,92.20265154563857,92.9071273803711,91.6279466446745,92.9071273803711,40565900.0,0.0,0.0,100.2300033569336,92.9071273803711
2016-02-17,93.58379641936854,95.1410548184351,93.34279020694538,95.01128387451172,41766500.0,0.0,0.0,102.5,95.01128387451172
2016-02-18,95.30790308454988,95.32643875975943,93.80625880108158,93.92676544189453,38991500.0,0.0,0.0,101.33000183105469,93.92676544189453
2016-02-19,93.47256626411762,94.49220526784458,93.26864553535864,94.20484924316406,28257900.0,0.0,0.0,101.62999725341797,94.20484924316406
2016-02-22,95.08543638661513,95.82698359352577,94.99274386974952,95.73429107666016,23979100.0,0.0,0.0,103.27999877929688,95.73429107666016
2016-02-23,95.17812482782338,95.43766669272745,94.09360757576617,94.15849304199219,29869700.0,0.0,0.0,101.58000183105469,94.15849304199219
2016-02-24,93.05544007100652,95.17813201495505,92.48073513247483,95.05763244628906,40739100.0,0.0,0.0,102.55000305175781,95.05763244628906
2016-02-25,95.2523033639382,95.99385070800781,94.39951366387695,95.99385070800781,29389300.0,0.0,0.0,103.55999755859375,95.99385070800781
2016-02-26,96.72614238438295,96.74468513603266,95.6416247884681,95.87335968017578,30925000.0,0.0,0.0,103.43000030517578,95.87335968017578
2016-02-29,95.7806452363332,96.49438542791177,95.01128387451172,95.01128387451172,27553900.0,0.0,0.0,102.5,95.01128387451172
2016-03-01,95.91968548539268,98.0609130859375,95.62306518110947,98.0609130859375,37699800.0,0.0,0.0,105.79000091552734,98.0609130859375
2016-03-02,97.94042157014565,98.11653524930162,97.33790953854094,98.0979995727539,29209800.0,0.0,0.0,105.83000183105469,98.0979995727539
2016-03-03,97.99601823644295,98.02382528231036,97.20812129159683,97.91259002685547,25474600.0,0.0,0.0,105.62999725341797,97.91259002685547
2016-03-04,98.02382572157958,98.5799878573759,97.30081423784586,97.94966888427734,31655400.0,0.0,0.0,105.66999816894531,97.94966888427734
2016-03-07,97.44914713834957,98.0145807993944,96.6519786021876,97.34718322753906,25861200.0,0.0,0.0,105.0199966430664,97.34718322753906
2016-03-08,96.67977565231273,97.52328677132687,96.37388397390706,96.54073333740234,28898500.0,0.0,0.0,104.1500015258789,96.54073333740234
2016-03-09,96.90225464544864,97.1803322478566,96.36462804667806,97.16179656982422,31047400.0,0.0,0.0,104.81999969482422,97.16179656982422
2016-03-10,97.5696510396837,98.12581330983615,95.76211482170454,97.01348876953125,44236100.0,0.0,0.0,104.66000366210938,97.01348876953125
2016-03-11,98.06090790192015,98.70976257324219,97.7550162403031,98.70976257324219,31454000.0,0.0,0.0,106.48999786376953,98.70976257324219
2016-03-14,98.33898333071515,99.10834461873509,98.31117628425413,98.8766098022461,25374900.0,0.0,0.0,106.66999816894531,98.8766098022461
2016-03-15,98.52439020048469,98.95078147812207,98.20922712536968,98.83954620361328,26524600.0,0.0,0.0,106.62999725341797,98.83954620361328
2016-03-16,98.5985578543442,99.97969573890113,98.57074372867937,99.72015380859375,31693100.0,0.0,0.0,107.58000183105469,99.72015380859375
2016-03-17,99.43279302744898,99.89626275868382,99.0620229000506,99.6645278930664,29623700.0,0.0,0.0,107.5199966430664,99.6645278930664
2016-03-18,99.90437783284094,100.07172213445564,99.29078678889641,99.82070922851562,37682300.0,0.318,0.0,107.37000274658203,99.82070922851562
2016-03-21,99.64406317727843,100.30414148878769,99.58828410933687,100.21117401123047,17288600.0,0.0,0.0,107.79000091552734,100.21117401123047
2016-03-22,99.64408007058668,100.75041239208372,99.625489409109,100.51799011230469,18840300.0,0.0,0.0,108.12000274658203,100.51799011230469
2016-03-23,100.32274054356499,100.3971102707987,99.46742129721942,99.6905517578125,20912900.0,0.0,0.0,107.2300033569336,99.6905517578125
2016-03-24,99.2071206237258,99.74634199106809,99.03977630603215,99.71845245361328,19017300.0,0.0,0.0,107.26000213623047,99.71845245361328
2016-03-28,99.99736730934575,100.01596506526279,99.40236679338192,99.57901000976562,13892300.0,0.0,0.0,107.11000061035156,99.57901000976562
2016-03-29,99.39304615054273,101.24312512105938,99.2257018607044,101.17804718017578,29963900.0,0.0,0.0,108.83000183105469,101.17804718017578
2016-03-30,101.78234922389224,102.3029727654123,101.4569524174784,101.67078399658203,23807200.0,0.0,0.0,109.36000061035156,101.67078399658203
2016-03-31,101.59641051205357,101.97758639814812,101.36398826725369,101.52203369140625,21447200.0,0.0,0.0,109.19999694824219,101.52203369140625
2016-04-01,100.90845292471818,102.63767516948008,100.76899814505065,102.6004867553711,26389000.0,0.0,0.0,110.36000061035156,102.6004867553711
2016-04-04,102.6004896925315,102.67486652287867,101.96830082051041,102.21002197265625,17163000.0,0.0,0.0,109.94000244140625,102.21002197265625
2016-04-05,101.41977455882895,101.8009504720688,101.0943848115294,101.22454071044922,20107900.0,0.0,0.0,108.87999725341797,101.22454071044922
2016-04-06,101.32683927499305,102.92590607615786,101.32683927499305,102.88871765136719,25056000.0,0.0,0.0,110.66999816894531,102.88871765136719
2016-04-07,102.29366299579532,102.47960502150981,100.97350653155594,101.41046142578125,28567200.0,0.0,0.0,109.08000183105469,101.41046142578125
2016-04-08,102.0426633204264,102.28437734566204,100.9828184621965,101.33609771728516,22898000.0,0.0,0.0,109.0,101.33609771728516
2016-04-11,101.77306545734514,102.28439019925838,100.95493452154022,100.9642333984375,25772100.0,0.0,0.0,108.5999984741211,100.9642333984375
2016-04-12,101.03862086190423,102.00549846500446,100.42502259546991,101.81026458740234,28564100.0,0.0,0.0,109.51000213623047,101.81026458740234
2016-04-13,102.59121607616974,103.26989240750714,102.46106013749683,103.11184692382812,25356700.0,0.0,0.0,110.91000366210938,103.11184692382812
2016-04-14,103.13040788543502,103.50228492866229,102.26579677444161,103.12110900878906,17199700.0,0.0,0.0,110.91999816894531,103.12110900878906
2016-04-15,103.03742961094561,103.25125410066501,102.60047466287047,102.86078643798828,21353300.0,0.0,0.0,110.63999938964844,102.86078643798828
2016-04-18,102.56332683731365,103.44652886565434,102.49824886778293,103.40934753417969,17126100.0,0.0,0.0,111.2300033569336,103.40934753417969
2016-04-19,103.60454514584042,103.60454514584042,102.15422547260049,102.7771224975586,42481400.0,0.0,0.0,110.55000305175781,102.7771224975586
2016-04-20,102.7771178358278,103.33492979578939,102.42383148991314,102.86078643798828,18078300.0,0.0,0.0,110.63999938964844,102.86078643798828
2016-04-21,102.80503922355643,103.24199430702014,102.40527256134136,102.8701171875,20216000.0,0.0,0.0,110.6500015258789,102.8701171875
2016-04-22,101.53135230572131,102.00549576332023,100.5179945260118,101.3175277709961,39074000.0,0.0,0.0,108.9800033569336,101.3175277709961
2016-04-25,101.0107286459047,101.32681955566039,100.82478655813779,101.3175277709961,14351900.0,0.0,0.0,108.9800033569336,101.3175277709961
2016-04-26,101.53135673298308,101.69870107278764,100.51799890908623,100.82479095458984,19118300.0,0.0,0.0,108.44999694824219,100.82479095458984
2016-04-27,99.79283018990219,100.24838298140327,99.18853791536034,100.01596069335938,33059800.0,0.0,0.0,107.58000183105469,100.01596069335938
2016-04-28,100.12753008880556,100.71323885990438,98.6121391541641,98.807373046875,29818200.0,0.0,0.0,106.27999877929688,98.807373046875
2016-04-29,98.80732849624485,99.01186117533086,97.50576270539439,98.28670501708984,67502800.0,0.0,0.0,105.72000122070312,98.28670501708984
2016-05-02,98.53771655408521,99.3558472594018,98.12865829438975,99.21639251708984,24813800.0,0.0,0.0,106.72000122070312,99.21639251708984
2016-05-03,98.50986029646585,98.95611420399624,98.03571684964578,98.29603576660156,38569400.0,0.0,0.0,105.7300033569336,98.29603576660156
2016-05-04,97.7010225691614,98.06360783795458,97.42212009935142,97.6638412475586,27474500.0,0.0,0.0,105.05000305175781,97.6638412475586
2016-05-05,98.01713944302212,98.23097109476893,97.44072954554623,97.6359634399414,20788100.0,0.0,0.0,105.0199966430664,97.6359634399414
2016-05-06,97.15248946749024,98.17514583276588,97.05952199664033,98.15655517578125,30758500.0,0.0,0.0,105.58000183105469,98.15655517578125
2016-05-09,98.16585991492909,98.89102330638637,98.11937971985078,98.43547058105469,19289600.0,0.0,0.0,105.87999725341797,98.43547058105469
2016-05-10,98.78877170513239,99.83001902038136,98.61212849573893,99.78353881835938,21178900.0,0.0,0.0,107.33000183105469,99.78353881835938
2016-05-11,99.63478268336787,99.93228292221545,98.85384721625495,98.8817367553711,20966300.0,0.0,0.0,106.36000061035156,98.8817367553711
2016-05-12,99.11415573069067,99.2350127604821,97.74751161588961,98.44477844238281,29196300.0,0.0,0.0,105.88999938964844,98.44477844238281
2016-05-13,98.36111631224449,98.96540859400436,97.8869728529412,98.08220672607422,21059300.0,0.0,0.0,105.5,98.08220672607422
2016-05-16,98.23095156295138,99.67196538066682,98.13797698061218,99.30938720703125,18311900.0,0.0,0.0,106.81999969482422,99.30938720703125
2016-05-17,99.22570216053916,99.51390345775685,97.8032721461334,98.06359100341797,29932700.0,0.0,0.0,105.4800033569336,98.06359100341797
2016-05-18,97.84046043051784,98.9467925204457,97.65452548279916,98.4168701171875,27524400.0,0.0,0.0,105.86000061035156,98.4168701171875
2016-05-19,98.03568871155214,98.27740980429282,97.18967552640461,97.90553283691406,27334600.0,0.0,0.0,105.30999755859375,97.90553283691406
2016-05-20,98.29601804820454,99.38375244222291,98.24023188671573,98.9839859008789,29549600.0,0.0,0.0,106.47000122070312,98.9839859008789
2016-05-23,99.09555774799013,99.44884414542926,98.76087619757321,98.85384368896484,15729800.0,0.0,0.0,106.33000183105469,98.85384368896484
2016-05-24,99.40234638420955,100.95492531512383,99.37445684902588,100.83406829833984,29931300.0,0.0,0.0,108.45999908447266,100.83406829833984
2016-05-25,101.21527700459885,101.86605667972779,101.03863376722107,101.55925750732422,37951700.0,0.0,0.0,109.23999786376953,101.55925750732422
2016-05-26,101.66152421452948,101.98691405310666,101.41980300888649,101.85675811767578,21885900.0,0.0,0.0,109.55999755859375,101.85675811767578
2016-05-27,101.92182835578527,102.39597185202024,101.9032376919764,102.38667297363281,19870000.0,0.0,0.0,110.12999725341797,102.38667297363281
2016-05-31,102.52610721829654,102.73993882053237,102.06126269366301,102.5818862915039,24366100.0,0.0,0.0,110.33999633789062,102.5818862915039
2016-06-01,102.26581198088054,102.82362408218312,102.18214335751972,102.59120178222656,19571500.0,0.0,0.0,110.3499984741211,102.59120178222656
2016-06-02,102.38665883927172,102.8143149774981,101.82884679345317,102.80502319335938,15696600.0,0.0,0.0,110.58000183105469,102.80502319335938
2016-06-03,102.60980272238749,102.65628292804172,101.65221685876031,102.32159423828125,20269900.0,0.0,0.0,110.05999755859375,102.32159423828125
2016-06-06,102.50751595615884,102.96306160159406,102.33087276808692,102.69345092773438,12502400.0,0.0,0.0,110.45999908447266,102.69345092773438
2016-06-07,102.74924215277261,102.85150852712356,102.386663950243,102.43315124511719,12184300.0,0.0,0.0,110.18000030517578,102.43315124511719
2016-06-08,102.60979461669922,102.82361915034255,102.22861865842971,102.60979461669922,14568700.0,0.0,0.0,110.37000274658203,102.60979461669922
2016-06-09,102.19139337665686,102.55397144896509,101.99615957564188,102.44241333007812,17571600.0,0.0,0.0,110.19000244140625,102.44241333007812
2016-06-10,101.51275675144022,101.70799061446296,100.92704806940696,101.28033447265625,32965000.0,0.0,0.0,108.94000244140625,101.28033447265625
2016-06-13,100.70393689916676,101.27104789571742,100.3041702473846,100.434326171875,25154700.0,0.0,0.0,108.02999877929688,100.434326171875
2016-06-14,100.16471544458322,100.79690440337906,99.69987083055587,100.434326171875,24588500.0,0.0,0.0,108.02999877929688,100.434326171875
2016-06-15,100.6760560448528,100.81551085968817,99.97878906364241,100.14613342285156,24605700.0,0.0,0.0,107.72000122070312,100.14613342285156
2016-06-16,99.65336169042288,100.5365633634495,99.011874039573,100.44359588623047,32079900.0,0.0,0.0,108.04000091552734,100.44359588623047
2016-06-17,100.23571848869045,100.37554468502226,99.03322457920622,99.26626586914062,29208800.0,0.287,0.0,106.48999786376953,99.26626586914062
2016-06-20,100.4221725684096,100.89757175877938,99.81626369096092,99.89083862304688,20562800.0,0.0,0.0,107.16000366210938,99.89083862304688
2016-06-21,100.0213334679257,100.41284116333307,99.83489615212,100.207763671875,22804100.0,0.0,0.0,107.5,100.207763671875
2016-06-22,100.26370094729774,100.85096965870915,99.88151685891202,99.96540832519531,22724200.0,0.0,0.0,107.23999786376953,99.96540832519531
2016-06-23,100.7391115345924,101.41027174077614,100.31963996165626,101.3916244506836,18714200.0,0.0,0.0,108.7699966430664,101.3916244506836
2016-06-24,97.78413651027759,99.27559949344158,97.00111399920621,97.21551513671875,68012700.0,0.0,0.0,104.29000091552734,97.21551513671875
2016-06-27,96.57231222022801,96.57231222022801,94.84780804183852,95.28592681884766,48222600.0,0.0,0.0,102.22000122070312,95.28592681884766
2016-06-28,96.33926615355635,97.42058113365322,96.29266216349707,97.37397003173828,28260600.0,0.0,0.0,104.45999908447266,97.37397003173828
2016-06-29,98.13835120564984,99.3035577066893,98.09174721272191,99.09848022460938,31356700.0,0.0,0.0,106.30999755859375,99.09848022460938
2016-06-30,99.26627219807838,100.31029980381686,98.93069215022874,100.24504852294922,36300800.0,0.0,0.0,107.54000091552734,100.24504852294922
2016-07-01,100.19842435078827,101.12127291795807,100.16113689346123,100.74840545654297,19902800.0,0.0,0.0,108.08000183105469,100.74840545654297
2016-07-05,100.21708490839345,100.35691111392497,99.59252880526681,100.13318634033203,21167900.0,0.0,0.0,107.41999816894531,100.13318634033203
2016-07-06,99.65778218774368,101.00009520253413,99.34084233034956,100.9534912109375,24579300.0,0.0,0.0,108.30000305175781,100.9534912109375
2016-07-07,101.04671541301022,101.47551057836691,100.77638663470474,101.25179290771484,19161700.0,0.0,0.0,108.62000274658203,101.25179290771484
2016-07-08,101.79244545210399,102.87376058762983,101.62465541768987,102.81783294677734,29457900.0,0.0,0.0,110.30000305175781,102.81783294677734
2016-07-11,103.16274060139646,103.78728969735653,103.1534240681606,103.40510559082031,20218500.0,0.0,0.0,110.93000030517578,103.40510559082031
2016-07-12,104.03895588727434,104.20674590346884,103.78726730705463,103.92709350585938,21906100.0,0.0,0.0,111.48999786376953,103.92709350585938
2016-07-13,104.16948445612063,104.23473575027656,103.66611428183592,103.6754379272461,21107800.0,0.0,0.0,111.22000122070312,103.6754379272461
2016-07-14,104.36521806924654,104.57961920089465,104.12285311865655,104.38386535644531,20871000.0,0.0,0.0,111.9800033569336,104.38386535644531
2016-07-15,104.62621993397639,104.68215468197292,103.98303078279284,104.21607208251953,17999300.0,0.0,0.0,111.80000305175781,104.21607208251953
2016-07-18,104.28134232844326,105.0923216474035,104.26269503843419,104.90589141845703,20713900.0,0.0,0.0,112.54000091552734,104.90589141845703
2016-07-19,104.5423594503449,104.84997576396064,104.3372819079344,104.52371215820312,18936700.0,0.0,0.0,112.12999725341797,104.52371215820312
2016-07-20,105.09233008129783,105.9406040483521,104.9618274881907,105.7448501586914,24997900.0,0.0,0.0,113.44000244140625,105.7448501586914
2016-07-21,105.81941237341842,106.02448989794864,105.21351055694328,105.50247955322266,18885400.0,0.0,0.0,113.18000030517578,105.50247955322266
2016-07-22,105.57706880903989,106.06179175032553,105.250812299342,105.94061279296875,20003400.0,0.0,0.0,113.6500015258789,105.94061279296875
2016-07-25,105.8566679359525,105.97785395220646,105.59566284226,105.94989013671875,12968100.0,0.0,0.0,113.66000366210938,105.94989013671875
2016-07-26,105.91261668555677,106.45326711748193,105.53974916874688,106.07108306884766,21223800.0,0.0,0.0,113.79000091552734,106.07108306884766
2016-07-27,106.96596150145523,107.08714042262648,106.36005267188617,106.8074951171875,27646100.0,0.0,0.0,114.58000183105469,106.8074951171875
2016-07-28,106.97528140279071,107.3015378036507,106.63970135851868,107.18035888671875,16939700.0,0.0,0.0,114.9800033569336,107.18035888671875
2016-07-29,107.42269238393742,107.70234472809418,107.07779588624591,107.41337585449219,22385300.0,0.0,0.0,115.2300033569336,107.41337585449219
2016-08-01,107.48797867442902,108.25235393742835,107.35747610112597,107.98202514648438,13990100.0,0.0,0.0,115.83999633789062,107.98202514648438
2016-08-02,107.82354142156612,107.916756514392,106.47190479595137,107.16170501708984,21278400.0,0.0,0.0,114.95999908447266,107.16170501708984
2016-08-03,107.07780331148604,107.5252385589385,107.01255204157194,107.51591491699219,15011300.0,0.0,0.0,115.33999633789062,107.51591491699219
2016-08-04,107.47865078963403,107.92608610459693,107.2269622020933,107.82354736328125,12835300.0,0.0,0.0,115.66999816894531,107.82354736328125
2016-08-05,108.37354588366233,109.1006337207869,108.25235983623674,108.85826873779297,23196600.0,0.0,0.0,116.77999877929688,108.85826873779297
2016-08-08,108.91418236379657,108.94215329473403,108.3921721093322,108.73707580566406,12358200.0,0.0,0.0,116.6500015258789,108.73707580566406
2016-08-09,108.82100233900705,109.33369622693776,108.75575103616666,108.9887924194336,13276500.0,0.0,0.0,116.91999816894531,108.9887924194336
2016-08-10,109.0540030122075,109.0819668298632,108.42013040187295,108.7091064453125,14688400.0,0.0,0.0,116.62000274658203,108.7091064453125
2016-08-11,109.08199444321248,109.40825803006966,108.85827673347828,109.17521667480469,12969800.0,0.0,0.0,117.12000274658203,109.17521667480469
2016-08-12,108.98877358131034,109.25910239259814,108.86759464322577,109.2497787475586,19379000.0,0.0,0.0,117.19999694824219,109.2497787475586
2016-08-15,109.38957919038398,109.96752414502706,109.35229173087258,109.71583557128906,11777800.0,0.0,0.0,117.69999694824219,109.71583557128906
2016-08-16,109.51077089592837,109.52008742739801,109.09129228854387,109.10993957519531,14161400.0,0.0,0.0,117.05000305175781,109.10993957519531
2016-08-17,109.1379045577054,109.34298204192275,108.53199574847852,109.30569458007812,15980300.0,0.0,0.0,117.26000213623047,109.30569458007812
2016-08-18,109.20314613271073,109.49211504650471,109.01670884005692,109.33364868164062,10036300.0,0.0,0.0,117.29000091552734,109.33364868164062
2016-08-19,109.1379045577054,109.54805241428394,108.83961197480455,109.30569458007812,18743000.0,0.0,0.0,117.26000213623047,109.30569458007812
2016-08-22,109.14721484076226,109.57601707149908,108.94214448014102,109.38957977294922,14500600.0,0.0,0.0,117.3499984741211,109.38957977294922
2016-08-23,109.81837606962692,110.00481337017632,109.53873078658656,109.58533477783203,11997900.0,0.0,0.0,117.55999755859375,109.58533477783203
2016-08-24,109.51078002234206,109.65992276870246,108.51336345904953,108.87690734863281,17728700.0,0.0,0.0,116.80000305175781,108.87690734863281
2016-08-25,108.5972369631961,109.03535570944236,108.46673441476388,108.69977569580078,24266300.0,0.0,0.0,116.61000061035156,108.69977569580078
2016-08-26,108.73708980222462,109.56671639708289,108.20575583572149,108.85826873779297,23896000.0,0.0,0.0,116.77999877929688,108.85826873779297
2016-08-29,108.8862068644738,109.29636179861635,108.86756669103804,109.00739288330078,11184900.0,0.0,0.0,116.94000244140625,109.00739288330078
2016-08-30,108.83030430458618,109.14723710899801,108.28033016333369,108.65319061279297,19843300.0,0.0,0.0,116.55999755859375,108.65319061279297
2016-08-31,108.48540130228592,108.65319135042458,108.08456991572451,108.54133605957031,16169800.0,0.0,0.0,116.44000244140625,108.54133605957031
2016-09-01,108.57861839735197,108.95147883172679,108.04728445532524,108.82097625732422,20944700.0,0.0,0.0,116.73999786376953,108.82097625732422
2016-09-02,109.36164691427356,109.58536462400777,108.76506161374384,109.17521667480469,18088200.0,0.0,0.0,117.12000274658203,109.17521667480469
2016-09-06,109.36162829251255,109.85567474365234,109.11926333298595,109.85567474365234,18525200.0,0.0,0.0,117.8499984741211,109.85567474365234
2016-09-07,109.95822405196992,110.10737392195897,109.5014650208786,109.92093658447266,17546900.0,0.0,0.0,117.91999816894531,109.92093658447266
2016-09-08,109.59469621915707,109.62266004592001,108.98878722914604,109.27776336669922,20125300.0,0.0,0.0,117.2300033569336,109.27776336669922
2016-09-09,108.36419075075432,108.60655566332278,106.50918422943721,106.52782440185547,50813300.0,0.0,0.0,114.27999877929688,106.52782440185547
2016-09-12,105.93126247391865,108.58793211518838,105.92193882974388,108.43878936767578,39646000.0,0.0,0.0,116.33000183105469,108.43878936767578
2016-09-13,107.89810966515039,108.21504238352163,106.94730439818136,107.46931457519531,45863900.0,0.0,0.0,115.29000091552734,107.46931457519531
2016-09-14,107.58120089409421,108.56929383820493,107.55322996108053,107.98202514648438,28221800.0,0.0,0.0,115.83999633789062,107.98202514648438
2016-09-15,108.00996782719608,109.82768684549464,108.00064418529699,109.65989685058594,38521400.0,0.0,0.0,117.63999938964844,109.65989685058594
2016-09-16,109.5421902064969,109.71974764856718,109.06559277917312,109.60760498046875,27596500.0,0.294,0.0,117.29000091552734,109.60760498046875
2016-09-19,109.8879246672824,110.22434546141879,108.91605029497055,109.1309814453125,16222900.0,0.0,0.0,116.77999877929688,109.1309814453125
2016-09-20,109.52349857854334,109.78516480979623,109.1497039361051,109.33660125732422,18078600.0,0.0,0.0,117.0,109.33660125732422
2016-09-21,109.80383561267008,110.57012592495023,109.15902782842741,110.41126251220703,31546800.0,0.0,0.0,118.1500015258789,110.41126251220703
2016-09-22,111.05605531531928,111.41117013008018,110.94391979880467,111.28968048095703,22614400.0,0.0,0.0,119.08999633789062,111.28968048095703
2016-09-23,111.20558152130111,111.20558152130111,110.42060436810036,110.5794677734375,22213400.0,0.0,0.0,118.33000183105469,110.5794677734375
2016-09-26,109.95331331039061,110.08414278747854,109.49540301091108,109.65426635742188,16403900.0,0.0,0.0,117.33999633789062,109.65426635742188
2016-09-27,109.5795708653406,110.79441768364423,109.47677520221887,110.73834991455078,20238400.0,0.0,0.0,118.5,110.73834991455078
2016-09-28,110.87851880186544,110.99065433230035,110.35519351769376,110.92523956298828,14794300.0,0.0,0.0,118.69999694824219,110.92523956298828
2016-09-29,110.73832535561759,110.94391663626617,109.64496132272187,110.12155151367188,27207500.0,0.0,0.0,117.83999633789062,110.12155151367188
2016-09-30,110.41123605950389,111.2709748127318,110.2990934322543,110.94390106201172,25543200.0,0.0,0.0,118.72000122070312,110.94390106201172
2016-10-03,110.80375157485999,110.92523410341032,110.35518808617263,110.78506469726562,19216400.0,0.0,0.0,118.55000305175781,110.78506469726562
2016-10-04,111.11212837952095,111.355100544105,110.19631460819592,110.6168441772461,21239700.0,0.0,0.0,118.37000274658203,110.6168441772461
2016-10-05,110.94393886526174,111.3644613838096,110.89721097223399,111.00935363769531,14481300.0,0.0,0.0,118.79000091552734,111.00935363769531
2016-10-06,110.86915356543187,111.18688748532166,110.4112502555492,110.95326232910156,11987100.0,0.0,0.0,118.7300033569336,110.95326232910156
2016-10-07,111.05607262569472,111.21494318164407,110.16829970976328,110.71031188964844,19984200.0,0.0,0.0,118.47000122070312,110.71031188964844
2016-10-10,111.2803414361155,111.6541431298535,111.2336135507704,111.41117095947266,19687300.0,0.0,0.0,119.22000122070312,111.41117095947266
2016-10-11,111.31773966171319,111.33642654095806,109.33659536701238,109.8225326538086,27774400.0,0.0,0.0,117.5199966430664,109.8225326538086
2016-10-12,109.92529393685615,110.10285131769417,109.39262892401521,109.72904968261719,14267800.0,0.0,0.0,117.41999816894531,109.72904968261719
2016-10-13,108.98149349513757,109.6356412490803,108.34603262144643,109.33660125732422,22821000.0,0.0,0.0,117.0,109.33660125732422
2016-10-14,109.87858214222612,110.31779856450666,109.4019848404245,109.46739959716797,21313300.0,0.0,0.0,117.13999938964844,109.46739959716797
2016-10-17,109.37399498075759,109.61696723059192,109.0282270532886,109.16840362548828,14182700.0,0.0,0.0,116.81999969482422,109.16840362548828
2016-10-18,110.46734792920569,110.65425238260511,110.08420627666969,110.14027404785156,19276700.0,0.0,0.0,117.86000061035156,110.14027404785156
2016-10-19,110.05615100908364,110.28977619832143,109.93466847736298,110.13091278076172,13702900.0,0.0,0.0,117.8499984741211,110.13091278076172
2016-10-20,110.018770300521,110.24304847170751,109.36461553418809,110.00007629394531,18132200.0,0.0,0.0,117.70999908447266,110.00007629394531
2016-10-21,110.08418868312552,110.47667727802335,109.7197339693383,110.41126251220703,15707800.0,0.0,0.0,118.1500015258789,110.41126251220703
2016-10-24,111.12147637777228,111.81300486659589,111.10278237204305,111.73824310302734,19143000.0,0.0,0.0,119.56999969482422,111.73824310302734
2016-10-25,111.80365536832771,111.8223493736397,111.21492253513254,111.38313293457031,20341800.0,0.0,0.0,119.19000244140625,111.38313293457031
2016-10-26,110.66358633301442,111.2336324084292,110.29913158049358,110.62620544433594,20463700.0,0.0,0.0,118.37999725341797,110.62620544433594
2016-10-27,111.1027800332495,111.19622867090592,109.96268811668854,110.12155151367188,19099800.0,0.0,0.0,117.83999633789062,110.12155151367188
2016-10-28,109.80381721872928,110.37386313806847,109.09359478764422,109.43001556396484,35369300.0,0.0,0.0,117.0999984741211,109.43001556396484
2016-10-31,109.8318865765264,109.8318865765264,109.27118747808171,109.32725524902344,18749400.0,0.0,0.0,116.98999786376953,109.32725524902344
2016-11-01,109.51414533510675,109.53283221307728,107.56103505730249,108.5048828125,23498700.0,0.0,0.0,116.11000061035156,108.5048828125
2016-11-02,108.43012748257678,108.682446693055,107.36479713309741,107.63580322265625,26960100.0,0.0,0.0,115.18000030517578,107.63580322265625
2016-11-03,107.4582369341122,107.81335177446346,106.45832143831343,106.5798110961914,36205200.0,0.0,0.0,114.05000305175781,106.5798110961914
2016-11-04,106.31813679778503,107.03770629756465,106.01909687220335,106.20600128173828,26997500.0,0.0,0.0,113.6500015258789,106.20600128173828
2016-11-07,107.92547773786177,108.8412915090814,107.74792746309019,108.7291488647461,26591200.0,0.0,0.0,116.3499984741211,108.7291488647461
2016-11-08,108.61701878712014,109.93466105806496,108.36469960715392,109.43937683105469,20777900.0,0.0,0.0,117.11000061035156,109.43937683105469
2016-11-09,108.15911563455684,110.12156579860645,108.02828609893187,109.94401550292969,70234400.0,0.0,0.0,117.6500015258789,109.94401550292969
2016-11-10,110.47669050686834,110.62620693392002,106.71999313536485,108.16847229003906,72825400.0,0.0,0.0,115.75,108.16847229003906
2016-11-11,107.70120882087117,108.44881225457792,107.31806010043591,108.2151870727539,41115200.0,0.0,0.0,115.80000305175781,108.2151870727539
2016-11-14,108.24321601245319,108.34601165813706,106.56111192823951,107.12181091308594,35906000.0,0.0,0.0,114.62999725341797,107.12181091308594
2016-11-15,107.93485473953318,108.98149832187266,107.77599129649336,108.60769653320312,31796600.0,0.0,0.0,116.22000122070312,108.60769653320312
2016-11-16,108.09370110781879,109.32724182480177,108.09370110781879,109.25248718261719,16538100.0,0.0,0.0,116.91000366210938,109.25248718261719
2016-11-17,109.1964072614678,110.06549321271626,108.97212908588986,110.04680633544922,20598600.0,0.0,0.0,117.76000213623047,110.04680633544922
2016-11-18,110.17763222579809,110.36452951099339,109.53282447142776,109.6356201171875,16428700.0,0.0,0.0,117.31999969482422,109.6356201171875
2016-11-21,109.906632714685,110.87851434084443,109.86925182948562,110.77571868896484,20268500.0,0.0,0.0,118.54000091552734,110.77571868896484
2016-11-22,111.21494012666851,111.38315055271313,110.84113838771655,111.11214447021484,18850600.0,0.0,0.0,118.9000015258789,111.11214447021484
2016-11-23,110.74769062668132,110.86917316270645,110.17764457436884,110.66358184814453,22926000.0,0.0,0.0,118.41999816894531,110.66358184814453
2016-11-25,110.79439147514233,111.06539751111333,110.66356195842171,111.0186767578125,7162800.0,0.0,0.0,118.80000305175781,111.0186767578125
2016-11-28,110.87852297438873,111.28035860947743,110.65424477540387,110.7663803100586,13479000.0,0.0,0.0,118.52999877929688,110.7663803100586
2016-11-29,110.86916779869831,111.68218601340128,110.55144096769307,111.14952087402344,18553000.0,0.0,0.0,118.94000244140625,111.14952087402344
2016-11-30,111.28970117409258,111.32708206310612,109.76646737758804,109.80384826660156,30405300.0,0.0,0.0,117.5,109.80384826660156
2016-12-01,109.76644599266073,109.775792995512,107.73858128405973,107.90679168701172,39796600.0,0.0,0.0,115.47000122070312,107.90679168701172
2016-12-02,107.97223344329751,108.55162656047763,107.67319344435718,108.12174987792969,32876800.0,0.0,0.0,115.69999694824219,108.12174987792969
2016-12-05,108.68243026220388,109.3926456347013,108.18713892050468,108.96277618408203,21419700.0,0.0,0.0,116.5999984741211,108.96277618408203
2016-12-06,109.27117704882362,109.41135359247477,108.76654576948458,109.22444915771484,27293300.0,0.0,0.0,116.87999725341797,109.22444915771484
2016-12-07,109.0001634190645,110.74768233228589,108.67308959297353,110.60750579833984,26622400.0,0.0,0.0,118.36000061035156,110.60750579833984
2016-12-08,110.65424791625303,111.08411744720698,110.43930958593825,110.80376434326172,18578400.0,0.0,0.0,118.56999969482422,110.80376434326172
2016-12-09,111.21493294613852,111.71021718816017,111.20558594260754,111.67283630371094,21863100.0,0.0,0.0,119.5,111.67283630371094
2016-12-12,111.17753700470651,111.40181515135282,110.7102867068837,111.1681900024414,23259300.0,0.0,0.0,118.95999908447266,111.1681900024414
2016-12-13,111.50461612936112,113.17737313126833,111.50461612936112,112.5699462890625,54477900.0,0.0,0.0,120.45999908447266,112.5699462890625
2016-12-14,112.7101436089878,113.07459835562778,112.00926799934548,112.33634185791016,28746000.0,0.0,0.0,120.20999908447266,112.33634185791016
2016-12-15,112.485843990353,113.17737246387493,112.21483795066929,112.51387786865234,22762300.0,0.0,0.0,120.4000015258789,112.51387786865234
2016-12-16,112.7903676171199,113.01531616812446,111.87185272817159,112.09679412841797,26283900.0,0.355,0.0,119.5999984741211,112.09679412841797
2016-12-19,112.20926238186587,113.24962613446355,112.04992919652405,112.55604553222656,21138700.0,0.0,0.0,120.08999633789062,112.55604553222656
2016-12-20,112.91223789963851,113.19341291545535,112.78102146210541,112.98722076416016,11461800.0,0.0,0.0,120.55000305175781,112.98722076416016
2016-12-21,113.03406370901888,113.10904656293836,112.64978909650901,112.90284729003906,7079300.0,0.0,0.0,120.45999908447266,112.90284729003906
2016-12-22,112.9122314437289,112.94034822862702,112.1436750032242,112.58419036865234,16645000.0,0.0,0.0,120.12000274658203,112.58419036865234
2016-12-23,112.39672396086961,112.70602287079271,112.29362432422857,112.6591567993164,9007500.0,0.0,0.0,120.19999694824219,112.6591567993164
2016-12-27,112.90281876835934,113.89631630415867,112.85595985956613,113.240234375,16110600.0,0.0,0.0,120.81999969482422,113.240234375
2016-12-28,113.48395908092505,113.58705872227979,112.28426196417043,112.35923767089844,17975200.0,0.0,0.0,119.87999725341797,112.35923767089844
2016-12-29,112.3311370984564,112.59356998677545,111.84376275597242,112.19992065429688,13267500.0,0.0,0.0,119.70999908447266,112.19992065429688
2016-12-30,112.41547061089831,112.42483810436684,110.72839218797382,111.04706573486328,41749000.0,0.0,0.0,118.4800033569336,111.04706573486328
2017-01-03,111.78749253524667,112.4623238704532,111.43133473089124,112.04055786132812,22307600.0,0.0,0.0,119.54000091552734,112.04055786132812
2017-01-04,112.16242929743589,112.85601010362551,112.15306180196082,112.64981079101562,19749100.0,0.0,0.0,120.19000244140625,112.64981079101562
2017-01-05,112.56543478758752,113.3621079684689,112.56543478758752,113.2871322631836,20644300.0,0.0,0.0,120.87000274658203,113.2871322631836
2017-01-06,113.40898353851605,114.5805639469718,113.11843388546201,114.2806396484375,24074300.0,0.0,0.0,121.93000030517578,114.2806396484375
2017-01-09,114.37435071284692,114.86173210779549,114.29936785966123,114.65553283691406,18909200.0,0.0,0.0,122.33000183105469,114.65553283691406
2017-01-10,114.7023929510932,115.25538256064605,114.4399601129699,114.9085922241211,16176600.0,0.0,0.0,122.5999984741211,114.9085922241211
2017-01-11,114.95546265972615,115.2178955078125,114.36498160077308,115.2178955078125,20686000.0,0.0,0.0,122.93000030517578,115.2178955078125
2017-01-12,114.80550934966645,115.11480830436716,113.97134464208666,115.03982543945312,19622500.0,0.0,0.0,122.73999786376953,115.03982543945312
2017-01-13,115.09606357531602,115.63030396198563,115.09606357531602,115.43347930908203,16930800.0,0.0,0.0,123.16000366210938,115.43347930908203
2017-01-17,115.13352120808266,115.31160367934113,114.7492466368106,115.08666229248047,14538500.0,0.0,0.0,122.79000091552734,115.08666229248047
2017-01-18,115.25537568110406,115.43345816095457,114.96482607777583,115.32098388671875,12499700.0,0.0,0.0,123.04000091552734,115.32098388671875
2017-01-19,115.48969665634634,115.89272055112734,115.0210645531479,115.26475524902344,12710700.0,0.0,0.0,122.9800033569336,115.26475524902344
2017-01-20,115.7708575360323,116.06141426716411,115.20850051079667,115.5177993774414,22091000.0,0.0,0.0,123.25,115.5177993774414
2017-01-23,115.44282628176036,115.78024195554431,114.88046920903982,115.61153411865234,17434200.0,0.0,0.0,123.3499984741211,115.61153411865234
2017-01-24,115.83646815821761,116.56754017214149,115.63964355280807,116.38945770263672,17640900.0,0.0,0.0,124.18000030517578,116.38945770263672
2017-01-25,117.12054269201711,117.58917482850121,117.0174430499299,117.5610580444336,15036200.0,0.0,0.0,125.43000030517578,117.5610580444336
2017-01-26,117.72038327217068,117.92658254236298,117.47669257551084,117.68289184570312,16052200.0,0.0,0.0,125.55999755859375,117.68289184570312
2017-01-27,117.93597658903282,118.02032694939297,117.52357798080203,117.9078598022461,15053000.0,0.0,0.0,125.80000305175781,117.9078598022461
2017-01-30,117.51418451899426,117.51418451899426,116.34260425207302,116.98931884765625,25006700.0,0.0,0.0,124.81999969482422,116.98931884765625
2017-01-31,116.57693762632753,116.78313692806388,116.08018866346788,116.75502014160156,19091100.0,0.0,0.0,124.56999969482422,116.75502014160156
2017-02-01,117.57980018355903,117.79537411267565,117.02681769487207,117.5610580444336,22861900.0,0.0,0.0,125.43000030517578,117.5610580444336
2017-02-02,117.35486239085601,117.81411989660594,117.02682131532035,117.45796203613281,15101400.0,0.0,0.0,125.31999969482422,117.45796203613281
2017-02-03,117.57980569944229,117.91722142560035,117.46733855789577,117.79537963867188,16957200.0,0.0,0.0,125.68000030517578,117.79537963867188
2017-02-06,117.59854317006119,117.95470100042554,117.48606888906052,117.93595886230469,11630100.0,0.0,0.0,125.83000183105469,117.93595886230469
2017-02-07,118.17962358334101,118.61077134977407,118.06715647101709,118.36708068847656,17541100.0,0.0,0.0,126.29000091552734,118.36708068847656
2017-02-08,118.20778407179154,118.73264982698812,117.98283547605618,118.5639419555664,12569100.0,0.0,0.0,126.5,118.5639419555664
2017-02-09,118.68577248442102,119.25750426382442,118.62016427124813,118.99507141113281,17542700.0,0.0,0.0,126.95999908447266,118.99507141113281
2017-02-10,119.25748598634263,119.55741022213202,119.05128673347035,119.38870239257812,13915700.0,0.0,0.0,127.37999725341797,119.38870239257812
2017-02-13,119.75424679547795,120.21350426318408,119.70738787471691,120.06355285644531,19120200.0,0.0,0.0,128.10000610351562,120.06355285644531
2017-02-14,120.11039540937266,120.47592785674777,119.72612082528308,120.46656036376953,16333500.0,0.0,0.0,128.52999877929688,120.46656036376953
2017-02-15,120.38222797552869,121.23514191377463,120.31661261034756,121.17889404296875,17891400.0,0.0,0.0,129.2899932861328,121.17889404296875
2017-02-16,121.25387796719974,121.49757583827731,120.83211189232013,121.14141082763672,15098300.0,0.0,0.0,129.25,121.14141082763672
2017-02-17,120.96330405196612,121.67563393032384,120.94455476529477,121.66625213623047,15563700.0,0.0,0.0,129.80999755859375,121.66625213623047
2017-02-21,121.90055799181295,122.34107323197918,121.83495694621062,122.2660903930664,18479600.0,0.0,0.0,130.4499969482422,122.2660903930664
2017-02-22,122.1536398312573,122.39732336459531,121.94744057169584,122.31297302246094,12110900.0,0.0,0.0,130.5,122.31297302246094
2017-02-23,122.5003978985877,122.5003978985877,121.36631650484706,121.85368347167969,17489000.0,0.0,0.0,130.00999450683594,121.85368347167969
2017-02-24,121.30069914793263,122.08799743652344,121.26321488245767,122.08799743652344,18624500.0,0.0,0.0,130.25999450683594,122.08799743652344
2017-02-27,121.86311420360738,122.24738171609937,121.65691490348047,122.2380142211914,12008700.0,0.0,0.0,130.4199981689453,122.2380142211914
2017-02-28,122.2098889812788,122.26612254987464,121.52569006083276,121.86310577392578,16598600.0,0.0,0.0,130.02000427246094,121.86310577392578
2017-03-01,122.64104821721673,123.41896505696334,122.4067321253241,123.19403076171875,25813800.0,0.0,0.0,131.44000244140625,123.19403076171875
2017-03-02,123.16589761456285,123.18463260233179,122.42545085368559,122.5754165649414,19951400.0,0.0,0.0,130.77999877929688,122.5754165649414
2017-03-03,122.49114643767746,122.83792985824522,122.16309801714861,122.80044555664062,13722700.0,0.0,0.0,131.02000427246094,122.80044555664062
2017-03-06,122.39735563742916,122.7347713964501,122.0412048873381,122.52857208251953,12026200.0,0.0,0.0,130.72999572753906,122.52857208251953
2017-03-07,122.28485001768209,122.85658169890858,122.10676754789615,122.32233428955078,15500900.0,0.0,0.0,130.50999450683594,122.32233428955078
2017-03-08,122.3973122690978,122.9221778634867,122.27547766423133,122.53791046142578,15776000.0,0.0,0.0,130.74000549316406,122.53791046142578
2017-03-09,122.50984869003929,122.80039839585285,121.97560106204308,122.63168334960938,20855300.0,0.0,0.0,130.83999633789062,122.63168334960938
2017-03-10,123.1940142047079,123.34397991572875,122.6129149513988,123.14714813232422,21922600.0,0.0,0.0,131.38999938964844,123.14714813232422
2017-03-13,123.10027481416338,123.38145693039753,123.03467375790144,123.35334014892578,10731600.0,0.0,0.0,131.61000061035156,123.35334014892578
2017-03-14,123.07217794108863,123.11904401829489,122.55667969485741,123.05342864990234,14019700.0,0.0,0.0,131.2899932861328,123.05342864990234
2017-03-15,123.30646093715359,124.10314113131983,122.91281173698796,123.81259155273438,22709100.0,0.0,0.0,132.10000610351562,123.81259155273438
2017-03-16,124.04692931060802,124.04692931060802,123.44708076217306,123.7282485961914,18457300.0,0.0,0.0,132.00999450683594,123.7282485961914
2017-03-17,123.88231601809738,124.01380539969948,123.6193372548932,123.68508911132812,21234500.0,0.274,0.0,131.69000244140625,123.68508911132812
2017-03-20,123.64748999292603,124.07953464303286,123.46905141069628,123.79776763916016,10105200.0,0.0,0.0,131.80999755859375,123.79776763916016
2017-03-21,124.26734545411387,124.38004649678257,121.84417271790446,121.9193115234375,35841900.0,0.0,0.0,129.80999755859375,121.9193115234375
2017-03-22,121.9568907428377,122.8679290742445,121.79721182057037,122.7458267211914,29177900.0,0.0,0.0,130.69000244140625,122.7458267211914
2017-03-23,122.58616018030176,122.92427764154118,122.22925443475407,122.43588256835938,20311700.0,0.0,0.0,130.36000061035156,122.43588256835938
2017-03-24,122.83034468121392,123.3093384237196,122.21986161735798,122.68946838378906,22967600.0,0.0,0.0,130.6300048828125,122.68946838378906
2017-03-27,121.81603837936025,123.10277115088591,121.53427134677166,122.8867416381836,18472400.0,0.0,0.0,130.83999633789062,122.8867416381836
2017-03-28,122.88671820779679,124.00438481416103,122.61435253802769,123.63809204101562,23721900.0,0.0,0.0,131.63999938964844,123.63809204101562
2017-03-29,123.72264144763734,124.25800024278001,123.59115207657422,124.2110366821289,13710000.0,0.0,0.0,132.25,124.2110366821289
2017-03-30,124.16401851747716,124.54909948169468,124.05131748649069,124.41761016845703,16092400.0,0.0,0.0,132.47000122070312,124.41761016845703
2017-03-31,124.2391951448225,124.67123978059112,124.09831881319397,124.33312225341797,19841400.0,0.0,0.0,132.3800048828125,124.33312225341797
2017-04-03,124.4364179691172,124.73695887597576,123.5629418481825,124.25796508789062,23700300.0,0.0,0.0,132.3000030517578,124.25796508789062
2017-04-04,123.90109034713984,124.47401137339841,123.85412678801711,124.4552230834961,13400000.0,0.0,0.0,132.50999450683594,124.4552230834961
2017-04-05,124.63365052741439,125.36623603989646,123.71322514811237,123.94802856445312,32011200.0,0.0,0.0,131.97000122070312,123.94802856445312
2017-04-06,124.07015118330327,124.34251688497059,123.69445705706235,124.01378631591797,18832200.0,0.0,0.0,132.0399932861328,124.01378631591797
2017-04-07,123.97620382791295,124.32370829809302,123.50659699523146,123.94802856445312,16743100.0,0.0,0.0,131.97000122070312,123.94802856445312
2017-04-10,124.07015683404146,124.51158849543845,123.65690044198757,123.9950180053711,15619300.0,0.0,0.0,132.02000427246094,123.9950180053711
2017-04-11,123.88230677678702,124.07016102043463,122.56741305885389,123.45966339111328,33778400.0,0.0,0.0,131.4499969482422,123.45966339111328
2017-04-12,123.44083152573066,123.54414559076018,122.83034844317727,122.96183776855469,15955200.0,0.0,0.0,130.9199981689453,122.96183776855469
2017-04-13,122.79280087729202,123.51598508764037,122.45468338145855,122.47345733642578,23683000.0,0.0,0.0,130.39999389648438,122.47345733642578
2017-04-17,122.82098214143538,123.50660414408206,122.77401858919623,123.4878158569336,13325500.0,0.0,0.0,131.47999572753906,123.4878158569336
2017-04-18,123.07454085759542,123.6568630207509,122.99001507514542,123.29995727539062,12841100.0,0.0,0.0,131.27999877929688,123.29995727539062
2017-04-19,123.83532512787698,124.24856709442433,123.32814173283238,123.49720764160156,17764800.0,0.0,0.0,131.49000549316406,123.49720764160156
2017-04-20,123.99499014416082,124.80271445679182,123.80715028032493,124.53033447265625,21977900.0,0.0,0.0,132.58999633789062,124.53033447265625
2017-04-21,124.64304976487352,124.68999898235094,124.18282991723841,124.50215911865234,22454900.0,0.0,0.0,132.55999755859375,124.50215911865234
2017-04-24,125.88281096317202,126.12700136572052,125.66679582509974,126.00491333007812,22469900.0,0.0,0.0,134.16000366210938,126.00491333007812
2017-04-25,126.41819526307843,127.14137963950361,126.30547985107367,126.91597747802734,19384400.0,0.0,0.0,135.1300048828125,126.91597747802734
2017-04-26,126.96287460315311,127.27281677925232,126.66233373410162,126.73747253417969,25398500.0,0.0,0.0,134.94000244140625,126.73747253417969
2017-04-27,127.0474343298262,127.49825286865234,126.97229551814469,127.49825286865234,16136500.0,0.0,0.0,135.75,127.49825286865234
2017-04-28,128.00536242305517,128.0523259499304,127.51698187107046,127.7236099243164,22771900.0,0.0,0.0,135.99000549316406,127.7236099243164
2017-05-01,128.14632539519872,129.02918860667114,128.0899748636178,128.86012268066406,24815500.0,0.0,0.0,137.1999969482422,128.86012268066406
2017-05-02,129.01976032004538,129.13247569090353,128.69104417746775,129.07611083984375,18345100.0,0.0,0.0,137.42999267578125,129.07611083984375
2017-05-03,128.78499088002198,128.83195443598694,128.31538398290257,128.66290283203125,23827600.0,0.0,0.0,136.99000549316406,128.66290283203125
2017-05-04,128.64411661158087,129.0761469383679,128.25903551024845,128.70985412597656,14630100.0,0.0,0.0,137.0399932861328,128.70985412597656
2017-05-05,129.038597524049,129.17947387695312,128.55960359290822,129.17947387695312,19330700.0,0.0,0.0,137.5399932861328,129.17947387695312
2017-05-08,129.2452427212951,129.4612579345703,128.9822639404552,129.4612579345703,13279900.0,0.0,0.0,137.83999633789062,129.4612579345703
2017-05-09,129.65844139425155,130.20318700640607,129.5457260160822,129.9120330810547,28426100.0,0.0,0.0,138.32000732421875,129.9120330810547
2017-05-10,129.9872283935547,130.03419196577912,129.52702264705766,129.9872283935547,20499400.0,0.0,0.0,138.39999389648438,129.9872283935547
2017-05-11,129.63027272921127,129.92142666937903,129.02917656301437,129.88385009765625,27232100.0,0.0,0.0,138.2899932861328,129.88385009765625
2017-05-12,129.94021489680583,130.20319357369476,129.82749951295125,130.17501831054688,19738600.0,0.0,0.0,138.60000610351562,130.17501831054688
2017-05-15,130.23138061881124,130.66341091367303,130.10927824661516,130.58827209472656,20481300.0,0.0,0.0,139.0399932861328,130.58827209472656
2017-05-16,130.92639794061964,131.15181441179442,130.5413311745191,131.13302612304688,21786000.0,0.0,0.0,139.6199951171875,131.13302612304688
2017-05-17,130.09047445080137,130.33467916608154,127.78001695150347,127.7988052368164,55642200.0,0.0,0.0,136.07000732421875,127.7988052368164
2017-05-18,127.75185751770114,129.34851801682402,127.61096685729169,128.91647338867188,41319900.0,0.0,0.0,137.25999450683594,128.91647338867188
2017-05-19,129.37673211171506,130.00600378952979,129.29220628885983,129.4612579345703,36730100.0,0.0,0.0,137.83999633789062,129.4612579345703
2017-05-22,129.75236757453732,130.6164567943917,129.70541835431237,130.5507049560547,19509700.0,0.0,0.0,139.0,130.5507049560547
2017-05-23,130.93582751117094,130.94521449193812,130.34411810366623,130.68223571777344,19687500.0,0.0,0.0,139.13999938964844,130.68223571777344
2017-05-24,131.07666650961832,131.34904651816416,130.71037372636974,131.28329467773438,15891900.0,0.0,0.0,139.77999877929688,131.28329467773438
2017-05-25,131.7810859118249,132.73908800004725,131.4993189057283,132.40097045898438,23928600.0,0.0,0.0,140.97000122070312,132.40097045898438
2017-05-26,132.42908358449503,132.69206217844584,132.25063075333017,132.63571166992188,13851600.0,0.0,0.0,141.22000122070312,132.63571166992188
2017-05-30,132.56999073078984,132.9081081919382,132.48546494831822,132.74844360351562,20306400.0,0.0,0.0,141.33999633789062,132.74844360351562
2017-05-31,133.21806269113492,133.21806269113492,132.02527165610584,132.7014923095703,33229400.0,0.0,0.0,141.2899932861328,132.7014923095703
2017-06-01,132.9739338831161,133.2744749425967,132.410399691094,133.21812438964844,20120700.0,0.0,0.0,141.83999633789062,133.21812438964844
2017-06-02,133.68764935658575,134.76775350624516,133.4716342591583,134.7395782470703,37222900.0,0.0,0.0,143.4600067138672,134.7395782470703
2017-06-05,134.7302445914658,134.94625979736023,134.52361636625608,134.71145629882812,15727500.0,0.0,0.0,143.42999267578125,134.71145629882812
2017-06-06,134.55170501390293,134.99313645344697,133.97878427308572,134.176025390625,22393000.0,0.0,0.0,142.86000061035156,134.176025390625
2017-06-07,134.55177922007175,134.81475796765258,133.93190893292663,134.70205688476562,18842400.0,0.0,0.0,143.4199981689453,134.70205688476562
2017-06-08,135.00259064439268,135.0589411768329,134.1103261098744,134.84292602539062,25417400.0,0.0,0.0,143.57000732421875,134.84292602539062
2017-06-09,135.00255173546068,135.15281500157243,129.71477521941668,131.47109985351562,109783700.0,0.0,0.0,139.97999572753906,131.47109985351562
2017-06-12,130.36288381952915,131.0015423515318,129.11372769294832,130.76673889160156,104454000.0,0.0,0.0,139.22999572753906,130.76673889160156
2017-06-13,131.4992572626742,132.0158274764872,130.81363552320883,131.82798767089844,51193000.0,0.0,0.0,140.36000061035156,131.82798767089844
2017-06-14,132.36336156937804,132.36336156937804,130.19378051521633,131.25509643554688,60093800.0,0.0,0.0,139.75,131.25509643554688
2017-06-15,129.9308189426269,130.81368210767766,129.13249590176667,130.6728057861328,55145200.0,0.0,0.0,139.1300048828125,130.6728057861328
2017-06-16,130.6049884379121,130.6991714252441,129.62555147306864,130.10585021972656,48087400.0,0.378,0.0,138.14999389648438,130.10585021972656
2017-06-19,131.36780613270295,132.40374690513963,131.17002765261518,132.2813262939453,39626500.0,0.0,0.0,140.4600067138672,132.2813262939453
2017-06-20,132.14951496494513,132.3190271054824,131.19831560868508,131.2454071044922,40935100.0,0.0,0.0,139.36000061035156,131.2454071044922
2017-06-21,131.54675319656428,132.61096053637482,131.46199713506752,132.5450439453125,35743400.0,0.0,0.0,140.74000549316406,132.5450439453125
2017-06-22,132.75225529605788,132.99711096790188,132.16834658580277,132.50738525390625,24099100.0,0.0,0.0,140.6999969482422,132.50738525390625
2017-06-23,132.3566628598558,133.18542702061893,131.98937226502736,133.0159149169922,21654300.0,0.0,0.0,141.24000549316406,133.0159149169922
2017-06-26,133.77881621179367,134.0048324649956,132.1024619390943,132.3944091796875,34411100.0,0.0,0.0,140.5800018310547,132.3944091796875
2017-06-27,131.89522790555057,132.0553274896133,129.98343107721064,129.9928436279297,65957800.0,0.0,0.0,138.02999877929688,129.9928436279297
2017-06-28,130.47315549269257,131.97999723695403,129.7197489908697,131.8669891357422,57427200.0,0.0,0.0,140.02000427246094,131.8669891357422
2017-06-29,131.32074537645636,131.32074537645636,128.31648912987305,129.57846069335938,88769400.0,0.0,0.0,137.58999633789062,129.57846069335938
2017-06-30,129.9457637719986,130.595589087475,129.20176982997828,129.6255645751953,68898300.0,0.0,0.0,137.63999938964844,129.6255645751953
2017-07-03,130.21886746968232,130.36954012495758,128.17522318502222,128.25997924804688,32797000.0,0.0,0.0,136.19000244140625,128.25997924804688
2017-07-05,128.66497137775605,129.87043918765113,128.23176401780208,129.52198791503906,42116600.0,0.0,0.0,137.52999877929688,129.52198791503906
2017-07-06,128.53306499264207,129.07929458951008,127.89266679857123,128.3541259765625,48430500.0,0.0,0.0,136.2899932861328,128.3541259765625
2017-07-07,128.78738613920166,130.08703675504634,128.77797358774902,129.7385711669922,36970400.0,0.0,0.0,137.75999450683594,129.7385711669922
2017-07-10,129.82333302569987,130.89695300291112,129.49370693265774,130.58616638183594,24853500.0,0.0,0.0,138.66000366210938,130.58616638183594
2017-07-11,130.39784879056526,131.11359083865608,129.90812298381346,130.9534912109375,31517700.0,0.0,0.0,139.0500030517578,130.9534912109375
2017-07-12,132.0741779598509,132.6580722997984,131.8104828146935,132.50738525390625,36045800.0,0.0,0.0,140.6999969482422,132.50738525390625
2017-07-13,132.66748409321374,133.119545228307,132.4132158713198,132.79933166503906,31073600.0,0.0,0.0,141.00999450683594,132.79933166503906
2017-07-14,133.39264929244098,134.0142225585442,132.96885456384592,133.84469604492188,34544800.0,0.0,0.0,142.1199951171875,133.84469604492188
2017-07-17,133.98597279419621,134.38151550557583,133.65634668289283,133.91062927246094,25343200.0,0.0,0.0,142.19000244140625,133.91062927246094
2017-07-18,133.8164642725613,134.8335803973021,133.39266947982995,134.80532836914062,25748500.0,0.0,0.0,143.13999938964844,134.80532836914062
2017-07-19,135.2008318620418,135.7941530217098,135.14432782213157,135.59637451171875,33752300.0,0.0,0.0,143.97999572753906,135.59637451171875
2017-07-20,135.94484082206378,136.0295968824157,135.16316806810605,135.7753143310547,36139400.0,0.0,0.0,144.1699981689453,135.7753143310547
2017-07-21,135.27619209950782,135.7188262939453,135.00308441606893,135.7188262939453,39697100.0,0.0,0.0,144.11000061035156,135.7188262939453
2017-07-24,135.69999555509412,136.434576952649,135.53989595514577,136.3404083251953,26712700.0,0.0,0.0,144.77000427246094,136.3404083251953
2017-07-25,135.8883478094808,136.31215693106213,135.624652658897,135.991943359375,28120900.0,0.0,0.0,144.39999389648438,135.991943359375
2017-07-26,136.33102050973628,136.5099596346271,136.11441679712146,136.4346160888672,18610600.0,0.0,0.0,144.8699951171875,136.4346160888672
2017-07-27,137.32927311177383,137.46112068721501,134.0142298817142,135.57757568359375,80665900.0,0.0,0.0,143.9600067138672,135.57757568359375
2017-07-28,134.767651375468,135.69058440779014,134.55103335243612,135.4645538330078,38013200.0,0.0,0.0,143.83999633789062,135.4645538330078
2017-07-31,135.85068768955634,136.0201998475041,134.59812849803365,134.89007568359375,33848600.0,0.0,0.0,143.22999572753906,134.89007568359375
2017-08-01,135.35150793062348,135.38917249741448,134.78643883663077,135.20082092285156,20149400.0,0.0,0.0,143.55999755859375,135.20082092285156
2017-08-02,136.0767109390131,136.1049629638156,134.30617407641668,135.56814575195312,41769700.0,0.0,0.0,143.9499969482422,135.56814575195312
2017-08-03,135.70000942516376,135.7753529570124,134.79591578359899,135.040771484375,27112800.0,0.0,0.0,143.38999938964844,135.040771484375
2017-08-04,135.34214769995143,135.5870034045053,134.7299868831024,135.28562927246094,29472900.0,0.0,0.0,143.64999389648438,135.28562927246094
2017-08-07,135.53044717290422,136.14259338378906,135.34209559803995,136.14259338378906,17933900.0,0.0,0.0,144.55999755859375,136.14259338378906
2017-08-08,135.8789287620857,136.9996402836452,135.52105063041265,135.9071807861328,30810400.0,0.0,0.0,144.30999755859375,135.9071807861328
2017-08-09,134.78646851630216,135.79417193607893,134.47568188320207,135.72824096679688,36169500.0,0.0,0.0,144.1199951171875,135.72824096679688
2017-08-10,134.95601940068417,135.0501880405546,132.68634393625393,132.8181915283203,63331700.0,0.0,0.0,141.02999877929688,132.8181915283203
2017-08-11,132.99711753498627,134.1178291423972,132.69574342832087,133.8258819580078,45862500.0,0.0,0.0,142.10000610351562,133.8258819580078
2017-08-14,134.89006330984552,135.7564922350411,134.85239873497054,135.54930114746094,34161000.0,0.0,0.0,143.92999267578125,135.54930114746094
2017-08-15,135.88836461830314,135.89779154147374,135.27621816522247,135.6435089111328,25509200.0,0.0,0.0,144.02999877929688,135.6435089111328
2017-08-16,135.9825323186234,136.5193495477603,135.42688998588417,135.87893676757812,31913000.0,0.0,0.0,144.27999877929688,135.87893676757812
2017-08-17,135.3515592055214,135.55875032712152,133.10072326660156,133.10072326660156,70191000.0,0.0,0.0,141.3300018310547,133.10072326660156
2017-08-18,133.17605729015517,133.92005126800873,132.46030096834784,133.00653076171875,60751900.0,0.0,0.0,141.22999572753906,133.00653076171875
2017-08-21,132.99710520569295,133.28905236301784,132.01765382013727,132.83700561523438,37111500.0,0.0,0.0,141.0500030517578,132.83700561523438
2017-08-22,133.55272301110836,135.00306035103893,133.50563152365268,134.86178588867188,36294200.0,0.0,0.0,143.1999969482422,134.86178588867188
2017-08-23,134.1837217257584,134.6828599265495,134.0895531120144,134.38150024414062,25702300.0,0.0,0.0,142.69000244140625,134.38150024414062
2017-08-24,134.68289496179432,134.83358202735008,133.23257147417138,133.98599243164062,38160800.0,0.0,0.0,142.27000427246094,133.98599243164062
2017-08-25,134.50395782242174,134.84298213316367,133.52450635702883,133.7034454345703,26380400.0,0.0,0.0,141.97000122070312,133.7034454345703
2017-08-28,134.10840144691898,134.42861502598186,133.68460668588392,134.11782836914062,15362100.0,0.0,0.0,142.41000366210938,134.11782836914062
2017-08-29,132.9688941026216,134.87127904169097,132.84645904917159,134.64524841308594,24498300.0,0.0,0.0,142.97000122070312,134.64524841308594
2017-08-30,134.75825386126178,136.45344761629573,134.67349776608788,136.2274169921875,33642700.0,0.0,0.0,144.64999389648438,136.2274169921875
2017-08-31,136.6134985961873,137.69654545103157,136.53815508165246,137.68711853027344,38480700.0,0.0,0.0,146.1999969482422,137.68711853027344
2017-09-01,137.86603938273078,138.05439095905254,137.13145817586297,137.49874877929688,22293600.0,0.0,0.0,146.0,137.49874877929688
2017-09-05,137.09380944191173,137.38575657447356,135.238516741748,136.26504516601562,44794300.0,0.0,0.0,144.69000244140625,136.26504516601562
2017-09-06,136.61345138292157,136.99016882540323,135.69051879686833,136.67938232421875,30722700.0,0.0,0.0,145.1300048828125,136.67938232421875
2017-09-07,136.93371807398572,137.34810028026203,136.50051076401186,136.99964904785156,22721100.0,0.0,0.0,145.47000122070312,136.99964904785156
2017-09-08,136.82067715912078,136.88660811717548,135.67171381554905,135.81298828125,27890100.0,0.0,0.0,144.2100067138672,135.81298828125
2017-09-11,136.87723493093014,137.6118164559733,136.83957034747345,137.37637329101562,27126300.0,0.0,0.0,145.8699951171875,137.37637329101562
2017-09-12,137.76243665009633,137.88487163493446,137.05610749812894,137.7059326171875,30256700.0,0.0,0.0,146.22000122070312,137.7059326171875
2017-09-13,137.4704924832635,137.91312657751214,137.244461976529,137.894287109375,28450900.0,0.0,0.0,146.4199981689453,137.894287109375
2017-09-14,137.3575184218494,137.77188623132912,136.99964029015933,137.0843963623047,35296400.0,0.0,0.0,145.55999755859375,137.0843963623047
2017-09-15,137.05614434083174,138.05442084471514,136.8301137781326,137.55528259277344,46422400.0,0.0,0.0,146.05999755859375,137.55528259277344
2017-09-18,137.71481130628624,138.148966846336,136.95974128673905,137.37503051757812,24858200.0,0.319,0.0,145.5500030517578,137.37503051757812
2017-09-19,137.62044084631634,137.80920477640248,137.14852382021868,137.6110076904297,20871200.0,0.0,0.0,145.8000030517578,137.6110076904297
2017-09-20,137.56382244145234,137.71483935647393,136.12919055227866,137.18629455566406,34236200.0,0.0,0.0,145.35000610351562,137.18629455566406
2017-09-21,137.09184420614426,137.10127735846143,135.86485752222623,136.34622192382812,28841800.0,0.0,0.0,144.4600067138672,136.34622192382812
2017-09-22,135.91206235126594,136.41229309527907,135.77049304702084,136.21409606933594,21702400.0,0.0,0.0,144.32000732421875,136.21409606933594
2017-09-25,135.6761039194037,135.75161234892659,134.11878396555466,134.7794647216797,54947700.0,0.0,0.0,142.8000030517578,134.7794647216797
2017-09-26,135.46848869133723,135.72332789597436,134.65679090029147,135.1287078857422,29628800.0,0.0,0.0,143.1699981689453,135.1287078857422
2017-09-27,135.8459768158326,136.85588578238153,135.50621051130318,136.34622192382812,33249400.0,0.0,0.0,144.4600067138672,136.34622192382812
2017-09-28,136.01593441055635,136.4406568804601,135.70446742548944,136.29908752441406,24149400.0,0.0,0.0,144.41000366210938,136.29908752441406
2017-09-29,136.57274903418264,137.38444668452053,136.21410198061076,137.28062438964844,43102400.0,0.0,0.0,145.4499969482422,137.28062438964844
2017-10-02,137.48826189435604,137.96017877368112,136.78981972832125,137.4033203125,27351300.0,0.0,0.0,145.5800018310547,137.4033203125
2017-10-03,137.5826826418553,137.8563881579758,137.2806488568472,137.69593811035156,19715200.0,0.0,0.0,145.88999938964844,137.69593811035156
2017-10-04,137.43162502323574,138.12061958868583,137.29948888189247,137.82803344726562,26381100.0,0.0,0.0,146.02999877929688,137.82803344726562
2017-10-05,138.32829050468553,139.25324367028705,138.18672118404928,139.17774963378906,31562400.0,0.0,0.0,147.4600067138672,139.17774963378906
2017-10-06,138.70578970909582,139.36647033691406,138.70578970909582,139.36647033691406,23561100.0,0.0,0.0,147.66000366210938,139.36647033691406
2017-10-09,139.54585073331756,139.69685321507038,139.02673919733476,139.20606994628906,13704800.0,0.0,0.0,147.49000549316406,139.20606994628906
2017-10-10,139.67797009645034,139.81953940660733,138.69637487349212,139.30987548828125,19223100.0,0.0,0.0,147.60000610351562,139.30987548828125
2017-10-11,139.2437629874153,139.7534411712589,139.06443230797987,139.72511291503906,12439100.0,0.0,0.0,148.0399932861328,139.72511291503906
2017-10-12,139.51751622460938,140.017746975697,139.32873794726564,139.47032165527344,14513500.0,0.0,0.0,147.77000427246094,139.47032165527344
2017-10-13,140.0366146427746,140.16875079714285,139.47975616377698,140.00830078125,18409900.0,0.0,0.0,148.33999633789062,140.00830078125
2017-10-16,140.3575641300141,140.52744734158915,140.05553032930607,140.4897003173828,21809400.0,0.0,0.0,148.85000610351562,140.4897003173828
2017-10-17,140.4425258839719,140.68791758092837,140.22544805967328,140.66903686523438,13138200.0,0.0,0.0,149.0399932861328,140.66903686523438
2017-10-18,140.81056661296356,140.8294473214146,140.29145514376648,140.4990997314453,17218200.0,0.0,0.0,148.86000061035156,140.4990997314453
2017-10-19,139.67800683675344,139.9989069586914,138.99844516572904,139.9800262451172,27680300.0,0.0,0.0,148.30999755859375,139.9800262451172
2017-10-20,140.5462925634166,140.66898116242882,140.18763111608712,140.35752868652344,30173300.0,0.0,0.0,148.7100067138672,140.35752868652344
2017-10-23,140.6500765907475,140.65950974140952,139.2437594472384,139.4419708251953,29297100.0,0.0,0.0,147.74000549316406,139.4419708251953
2017-10-24,139.7157255333551,139.97056470875918,139.15886701082474,139.677978515625,20289500.0,0.0,0.0,147.99000549316406,139.677978515625
2017-10-25,139.40425322802813,139.85728943204154,138.11120549489584,139.1494140625,36179100.0,0.0,0.0,147.42999267578125,139.1494140625
2017-10-26,139.0644728673805,139.41370117720507,138.6680643875289,138.70582580566406,28230200.0,0.0,0.0,146.9600067138672,138.70582580566406
2017-10-27,141.037056092211,143.00967937563607,140.81997838414824,142.7454071044922,60165100.0,0.0,0.0,151.24000549316406,142.7454071044922
2017-10-30,142.6415771969808,143.64203851305103,142.50944106847638,143.06629943847656,31733400.0,0.0,0.0,151.5800018310547,143.06629943847656
2017-10-31,143.52886080274075,143.8119995158713,143.11357148779504,143.60435485839844,26319300.0,0.0,0.0,152.14999389648438,143.60435485839844
2017-11-01,144.180063603308,144.24613889017317,142.99083805559897,143.55714416503906,29481600.0,0.0,0.0,152.10000610351562,143.55714416503906
2017-11-02,143.3966569324383,143.45329905578885,142.30182071091951,143.2834014892578,31017400.0,0.0,0.0,151.80999755859375,143.2834014892578
2017-11-03,143.80250010641984,144.68025851625353,143.31170256017185,144.66139221191406,26199200.0,0.0,0.0,153.27000427246094,144.66139221191406
2017-11-06,144.54816850759147,145.20886381605956,144.50098832992688,145.1522216796875,28693900.0,0.0,0.0,153.7899932861328,145.1522216796875
2017-11-07,145.03892542366674,145.42590070368684,144.7274585691452,145.2371368408203,21333100.0,0.0,0.0,153.8800048828125,145.2371368408203
2017-11-08,145.1616610495033,145.8600889393008,144.99176345349662,145.8223419189453,17373500.0,0.0,0.0,154.5,145.8223419189453
2017-11-09,144.62366089050082,145.13333924889236,143.56657155718807,145.05783081054688,40594500.0,0.0,0.0,153.69000244140625,145.05783081054688
2017-11-10,144.71805239895085,145.16165548036366,144.46321321559913,145.0483856201172,20150800.0,0.0,0.0,153.67999267578125,145.0483856201172
2017-11-13,144.50096522886923,145.41648519671307,144.50096522886923,145.2277069091797,12522400.0,0.0,0.0,153.8699951171875,145.2277069091797
2017-11-14,144.71802316257512,144.87847316360057,144.00071473415093,144.6991424560547,25173800.0,0.0,0.0,153.30999755859375,144.6991424560547
2017-11-15,144.07625053695767,144.406598188945,143.25511958719272,144.01962280273438,24808000.0,0.0,0.0,152.58999633789062,144.01962280273438
2017-11-16,144.74640530050948,146.19047039268477,144.71809142825242,145.86012268066406,34790600.0,0.0,0.0,154.5399932861328,145.86012268066406
2017-11-17,145.89778132310101,146.00160358215376,145.16159235954726,145.30316162109375,28725800.0,0.0,0.0,153.9499969482422,145.30316162109375
2017-11-20,145.40704969036597,145.53918586153193,144.9823273117441,145.18997192382812,21143900.0,0.0,0.0,153.8300018310547,145.18997192382812
2017-11-21,145.87890746259995,146.8321885409079,145.8128466046987,146.76611328125,20147800.0,0.0,0.0,155.5,146.76611328125
2017-11-22,146.89831628612112,147.08708019690465,146.61516321906416,146.9455108642578,17299000.0,0.0,0.0,155.69000244140625,146.9455108642578
2017-11-24,147.0965137916852,147.53066930510246,147.01155779839758,147.4834747314453,8280600.0,0.0,0.0,156.25999450683594,147.4834747314453
2017-11-27,147.43622384040737,147.76655689403637,147.07756253476248,147.41734313964844,22653400.0,0.0,0.0,156.19000244140625,147.41734313964844
2017-11-28,147.74769679981975,147.88928047262613,146.9548800784291,147.79489135742188,25227300.0,0.0,0.0,156.58999633789062,147.79489135742188
2017-11-29,147.62504066769577,147.66278768101688,144.51981955734797,145.21826171875,71986300.0,0.0,0.0,153.86000061035156,145.21826171875
2017-11-30,145.83173803103244,146.71894400253757,145.4919573270892,146.435791015625,56595500.0,0.0,0.0,155.14999389648438,146.435791015625
2017-12-01,145.53916161677614,146.52075678342857,143.70812183438537,145.81288146972656,59015800.0,0.0,0.0,154.49000549316406,145.81288146972656
2017-12-04,146.72840108845466,146.88885109771795,143.99127457283362,144.1328582763672,51319100.0,0.0,0.0,152.7100067138672,144.1328582763672
2017-12-05,144.1045766273518,145.86955610368108,143.55716554891816,144.22727966308594,40604200.0,0.0,0.0,152.80999755859375,144.22727966308594
2017-12-06,143.6892234097699,145.10497372071123,143.51932588354336,144.87844848632812,28647800.0,0.0,0.0,153.5,144.87844848632812
2017-12-07,144.86900160076834,145.78452120051875,144.71798479216392,145.36923217773438,32666200.0,0.0,0.0,154.02000427246094,145.36923217773438
2017-12-08,146.43581549012353,146.79447696027484,145.7845822336679,146.01109313964844,28081700.0,0.0,0.0,154.6999969482422,146.01109313964844
2017-12-11,146.07716955522378,147.19088658963423,146.06772199956023,147.14369201660156,20821500.0,0.0,0.0,155.89999389648438,147.14369201660156
2017-12-12,147.07764704198263,147.37966641888366,146.63404393067148,146.9455108642578,20310300.0,0.0,0.0,155.69000244140625,146.9455108642578
2017-12-13,147.5400892823262,147.70053928135928,147.01153031863234,147.22862243652344,24418500.0,0.0,0.0,155.99000549316406,147.22862243652344
2017-12-14,147.48347924020283,147.8610214392401,146.96438211939034,147.1248321533203,24594700.0,0.0,0.0,155.8800048828125,147.1248321533203
2017-12-15,147.70051317988973,148.95581349352892,147.45510724681705,148.79534912109375,49816200.0,0.0,0.0,157.64999389648438,148.79534912109375
2017-12-18,149.778067526078,150.16585204207112,149.50378971712937,150.0428924560547,26844500.0,0.329,0.0,158.63999938964844,150.0428924560547
2017-12-19,149.75915533099996,149.9104879938872,148.7376815043268,149.15383911132812,31415000.0,0.0,0.0,157.6999969482422,149.15383911132812
2017-12-20,149.67399383332983,149.70236689562043,148.4066156114396,148.99301147460938,38972600.0,0.0,0.0,157.52999877929688,148.99301147460938
2017-12-21,149.20112148949798,149.67402520261842,148.8417100493261,149.011962890625,18638700.0,0.0,0.0,157.5500030517578,149.011962890625
2017-12-22,148.78495918759353,148.89845145693772,148.44446794768544,148.84170532226562,23330400.0,0.0,0.0,157.3699951171875,148.84170532226562
2017-12-26,148.0094229496594,148.2269546367896,147.49867881063346,148.0377960205078,21918700.0,0.0,0.0,156.52000427246094,148.0377960205078
2017-12-27,148.04723352269204,148.4539382157375,147.91482106186055,148.0566864013672,22388200.0,0.0,0.0,156.5399932861328,148.0566864013672
2017-12-28,148.5296177218067,148.55800522686135,148.05671392636657,148.23641967773438,25393800.0,0.0,0.0,156.72999572753906,148.23641967773438
2017-12-29,148.36887808984466,148.3972511718035,147.26228459780108,147.31903076171875,33186000.0,0.0,0.0,155.75999450683594,147.31903076171875
2018-01-02,148.07563064083277,149.93887270564983,147.7067662663292,149.9010467529297,32573300.0,0.0,0.0,158.49000549316406,149.9010467529297
2018-01-03,150.04288747681792,151.48997166469576,150.01451440896744,151.35755920410156,29383600.0,0.0,0.0,160.02999877929688,151.35755920410156
2018-01-04,151.87773223177552,152.07634367542758,151.4048285996297,151.6223602294922,24776100.0,0.0,0.0,160.30999755859375,151.6223602294922
2018-01-05,152.34122910147343,153.249196268192,152.05748394991966,153.14515686035156,26992300.0,0.0,0.0,161.9199981689453,153.14515686035156
2018-01-08,153.1451644275135,153.81669417164292,153.0884182807744,153.74102783203125,23159100.0,0.0,0.0,162.5500030517578,153.74102783203125
2018-01-09,154.0436557659801,154.20444130170148,153.2870213465562,153.75045776367188,24782400.0,0.0,0.0,162.55999755859375,153.75045776367188
2018-01-10,153.0694659354106,153.41942448659,152.38848345382567,153.3910369873047,34004000.0,0.0,0.0,162.17999267578125,153.3910369873047
2018-01-11,153.65584962919965,154.4503242423352,153.41939782063264,154.44085693359375,20473500.0,0.0,0.0,163.2899932861328,154.44085693359375
2018-01-12,154.3085343343734,155.73671332598295,154.10992278139713,155.575927734375,37762700.0,0.0,0.0,164.49000549316406,155.575927734375
2018-01-16,156.60683583087373,157.40131081053218,154.66792721975415,155.13137817382812,41231800.0,0.0,0.0,164.02000427246094,155.13137817382812
2018-01-17,155.86909489589272,157.04188707995036,155.11244593180086,156.80543518066406,33849900.0,0.0,0.0,165.7899932861328,156.80543518066406
2018-01-18,156.55953948616784,157.19322888120317,156.19067507915085,156.83383178710938,26432200.0,0.0,0.0,165.82000732421875,156.83383178710938
2018-01-19,157.29726474301387,157.5810099185824,156.56898882649318,157.3256378173828,38937600.0,0.0,0.0,166.33999633789062,157.3256378173828
2018-01-22,157.2688879961345,159.00917053222656,157.08918224140828,159.00917053222656,26081400.0,0.0,0.0,168.1199951171875,159.00917053222656
2018-01-23,159.5009741255044,160.46570180374513,159.42530779467404,160.32382202148438,37989700.0,0.0,0.0,169.50999450683594,160.32382202148438
2018-01-24,160.66431815741467,161.0142767520825,158.3660128203681,159.283447265625,54287400.0,0.0,0.0,168.41000366210938,159.283447265625
2018-01-25,160.38060151339116,160.43734766023894,158.71597090250324,159.22671508789062,28925000.0,0.0,0.0,168.35000610351562,159.22671508789062
2018-01-26,160.11577660897646,161.68582082938792,159.80367277304836,161.66690063476562,32038200.0,0.0,0.0,170.92999267578125,161.66690063476562
2018-01-29,161.3264124492072,161.64798357591474,160.5413903938595,160.8818817138672,37277800.0,0.0,0.0,170.10000610351562,160.8818817138672
2018-01-30,159.415843400098,160.23869123664076,158.72540802497448,159.55770874023438,44987700.0,0.0,0.0,168.6999969482422,159.55770874023438
2018-01-31,160.45620891427652,160.77779437701105,159.21720361217692,160.21975708007812,42449200.0,0.0,0.0,169.39999389648438,160.21975708007812
2018-02-01,158.9902921493962,160.53194900314068,158.34713536024853,158.85787963867188,38037900.0,0.0,0.0,167.9600067138672,158.85787963867188
2018-02-02,158.23358586712925,158.61190306623956,155.5569491093894,155.68936157226562,68478100.0,0.0,0.0,164.61000061035156,155.68936157226562
2018-02-05,154.23284538253913,156.76760271022042,149.43759413704268,149.55108642578125,105372200.0,0.0,0.0,158.1199951171875,149.55108642578125
2018-02-06,147.36627368423908,153.70318145286234,146.694758398173,153.51402282714844,118537900.0,0.0,0.0,162.30999755859375,153.51402282714844
2018-02-07,153.02222605995914,154.68685689869648,151.51839523513854,151.52786254882812,91028300.0,0.0,0.0,160.2100067138672,151.52786254882812
2018-02-08,151.91560916150496,152.08586203079562,145.13417053222656,145.13417053222656,94184800.0,0.0,0.0,153.4499969482422,145.13417053222656
2018-02-09,147.18653552727173,148.71875325147013,141.99406240023097,147.64053344726562,113836600.0,0.0,0.0,156.10000610351562,147.64053344726562
2018-02-12,149.15384393831334,151.28191087144936,147.98105184267556,150.26043701171875,63050600.0,0.0,0.0,158.8699951171875,150.26043701171875
2018-02-13,149.3998129936833,151.33870752325652,149.17281391624516,151.0360565185547,31785600.0,0.0,0.0,159.69000244140625,151.0360565185547
2018-02-14,150.14692130842903,154.10038922250988,149.4375657746884,153.8639373779297,52107400.0,0.0,0.0,162.67999267578125,153.8639373779297
2018-02-15,155.24480359867906,156.7202606201172,153.63693413767274,156.7202606201172,51633900.0,0.0,0.0,165.6999969482422,156.7202606201172
2018-02-16,156.20959015638903,157.7228736909428,155.7555921073318,156.0204315185547,62256300.0,0.0,0.0,164.9600067138672,156.0204315185547
2018-02-20,155.47187600088586,157.64722218856187,155.4056625338778,156.33255004882812,36785600.0,0.0,0.0,165.2899932861328,156.33255004882812
2018-02-21,157.09864832197823,158.63085201762263,155.79342921420493,155.8880157470703,41161800.0,0.0,0.0,164.82000732421875,155.8880157470703
2018-02-22,156.5690138885148,157.40132935491016,155.47188782958082,155.86912536621094,37074400.0,0.0,0.0,164.8000030517578,155.86912536621094
2018-02-23,157.12701642427749,159.05645751953125,156.4838597712741,159.05645751953125,50096900.0,0.0,0.0,168.1699981689453,159.05645751953125
2018-02-26,159.80366799388935,161.16561889648438,159.67125549925316,161.16561889648438,39266700.0,0.0,0.0,170.39999389648438,161.16561889648438
2018-02-27,161.21286933393245,161.4776942528449,159.09426998263274,159.169921875,42209900.0,0.0,0.0,168.2899932861328,159.169921875
2018-02-28,160.0779551754268,160.59815230314103,158.04447436840246,158.1485137939453,42936300.0,0.0,0.0,167.2100067138672,158.1485137939453
2018-03-01,158.23365228359023,158.9619283510316,154.166675742653,155.56646728515625,76809900.0,0.0,0.0,164.47999572753906,155.56646728515625
2018-03-02,153.69370994843783,157.26886093914985,153.18298027771166,156.9945831298828,57445100.0,0.0,0.0,165.99000549316406,156.9945831298828
2018-03-05,156.2568974856647,159.1415994439659,155.6704868941634,158.7349090576172,38540200.0,0.0,0.0,167.8300018310547,158.7349090576172
2018-03-06,159.51042672982925,159.94550452338422,158.403833703113,159.40638732910156,29480900.0,0.0,0.0,168.5399932861328,159.40638732910156
2018-03-07,158.18627341659231,159.9076496570053,157.91199564529677,159.7752227783203,34609400.0,0.0,0.0,168.92999267578125,159.7752227783203
2018-03-08,160.4373450057075,160.76836900080215,159.79418834435714,160.65487670898438,25828400.0,0.0,0.0,169.86000061035156,160.65487670898438
2018-03-09,161.79929726673245,163.77603149414062,161.56284538981157,163.77603149414062,38310500.0,0.0,0.0,173.16000366210938,163.77603149414062
2018-03-12,164.2583946420385,165.0244964445453,163.88953027668788,164.64617919921875,37635000.0,0.0,0.0,174.0800018310547,164.64617919921875
2018-03-13,165.02455579621045,165.71500594347702,161.98852056606808,162.40467834472656,55638900.0,0.0,0.0,171.7100067138672,162.40467834472656
2018-03-14,163.25587518553994,163.37883481039887,161.66691067185533,162.3762664794922,40536400.0,0.0,0.0,171.67999267578125,162.3762664794922
2018-03-15,162.48976237341452,163.180197939156,161.63852680195635,162.23439025878906,28810400.0,0.0,0.0,171.52999877929688,162.23439025878906
2018-03-16,162.5086937605171,162.8680908901312,161.676378326268,161.75204467773438,31176700.0,0.0,0.0,171.02000427246094,161.75204467773438
2018-03-19,160.19557246941577,160.30924890819497,156.91776208343228,158.30088806152344,71395100.0,0.277,0.0,167.10000610351562,158.30088806152344
2018-03-20,158.36719446254477,159.1913775540936,157.83668514130437,158.82191467285156,34075700.0,0.0,0.0,167.64999389648438,158.82191467285156
2018-03-21,158.4050473077622,159.87341570566446,157.43875451100524,158.13031005859375,43863500.0,0.0,0.0,166.9199981689453,158.13031005859375
2018-03-22,155.94190464729365,157.04082439576848,154.02827052740275,154.2272186279297,66607300.0,0.0,0.0,162.8000030517578,154.2272186279297
2018-03-23,154.04723857075896,154.70090667423813,150.08734264118826,150.1631317138672,80110400.0,0.0,0.0,158.50999450683594,150.1631317138672
2018-03-26,153.2041269660718,155.9324761523123,150.7789341139868,155.7429962158203,57481500.0,0.0,0.0,164.39999389648438,155.7429962158203
2018-03-27,156.8987494752029,156.8987494752029,149.3768530217872,150.70314025878906,78889100.0,0.0,0.0,159.0800018310547,150.70314025878906
2018-03-28,149.8410657479299,151.36628677658678,147.8232228865548,148.96951293945312,89369700.0,0.0,0.0,157.25,148.96951293945312
2018-03-29,149.77475784705044,153.1946626311723,148.3821641192455,151.69786071777344,68692600.0,0.0,0.0,160.1300048828125,151.69786071777344
2018-04-02,150.6178967572898,151.32840319583963,145.7769789777586,147.32113647460938,85549400.0,0.0,0.0,155.50999450683594,147.32113647460938
2018-04-03,148.6095410891103,149.60425312149945,146.3075068719996,148.97900390625,64090000.0,0.0,0.0,157.25999450683594,148.97900390625
2018-04-04,146.09903888223496,151.79255732462988,145.9285098586081,151.328369140625,65768700.0,0.0,0.0,159.74000549316406,151.328369140625
2018-04-05,152.83466017045157,153.07149562950417,151.0820719913467,152.19046020507812,43054900.0,0.0,0.0,160.64999389648438,152.19046020507812
2018-04-06,150.51369098067502,152.01049296984712,147.67166518092083,148.38217163085938,59870900.0,0.0,0.0,156.6300048828125,148.38217163085938
2018-04-09,149.66112144616912,152.40842258631417,149.16851389438744,149.42428588867188,41810400.0,0.0,0.0,157.72999572753906,149.42428588867188
2018-04-10,151.77372696899,153.2136769589361,150.69375724888175,152.7210693359375,48296800.0,0.0,0.0,161.2100067138672,152.7210693359375
2018-04-11,151.76417673006156,153.46939512248065,151.66945120871605,151.8399658203125,41622100.0,0.0,0.0,160.27999877929688,151.8399658203125
2018-04-12,152.75886521403552,154.19882879717736,152.6736079213249,153.66831970214844,30467900.0,0.0,0.0,162.2100067138672,153.66831970214844
2018-04-13,154.43569682508254,154.66304965360396,152.20943734386535,152.87257385253906,44604900.0,0.0,0.0,161.3699951171875,152.87257385253906
2018-04-16,153.94305605005334,154.59672426243534,152.9767632815195,154.0377960205078,28180800.0,0.0,0.0,162.60000610351562,154.0377960205078
2018-04-17,155.5914287101551,157.69452874738607,155.2788041689138,157.35348510742188,35536100.0,0.0,0.0,166.10000610351562,157.35348510742188
2018-04-18,157.35350534738217,158.2061073293159,156.60509710397506,157.67559814453125,29573900.0,0.0,0.0,166.44000244140625,157.67559814453125
2018-04-19,156.87980339011906,157.24926610337565,155.68614350476062,156.22613525390625,34705700.0,0.0,0.0,164.91000366210938,156.22613525390625
2018-04-20,155.82829771817666,155.94197413754182,153.21362443043844,153.7536163330078,49197100.0,0.0,0.0,162.3000030517578,153.7536163330078
2018-04-23,154.501980682288,155.10827889527758,152.54099054624737,153.36517333984375,33040600.0,0.0,0.0,161.88999938964844,153.36517333984375
2018-04-24,154.09464757290758,154.33148306427552,149.1021513673898,150.11581420898438,70256800.0,0.0,0.0,158.4600067138672,150.11581420898438
2018-04-25,150.38112445560378,150.92110205900497,148.2306533506598,150.2958526611328,52089300.0,0.0,0.0,158.64999389648438,150.2958526611328
2018-04-26,152.2378965995014,153.97153465067527,151.74527458229187,153.45997619628906,43005500.0,0.0,0.0,161.99000549316406,153.45997619628906
2018-04-27,155.71458005169242,155.75248182182114,152.68308892944123,153.5546417236328,51043400.0,0.0,0.0,162.08999633789062,153.5546417236328
2018-04-30,153.91465733686806,154.87146756191754,152.08627974300506,152.46522521972656,35615300.0,0.0,0.0,160.94000244140625,152.46522521972656
2018-05-01,152.06738569062892,154.22732491637802,151.70739100123876,154.2083740234375,36513500.0,0.0,0.0,162.77999877929688,154.2083740234375
2018-05-02,154.4735839870961,154.95673765779452,153.118891867566,153.29888916015625,38646800.0,0.0,0.0,161.82000732421875,153.29888916015625
2018-05-03,152.52207644011892,153.84834958356794,150.83580867689386,153.2799530029297,60337100.0,0.0,0.0,161.8000030517578,153.2799530029297
2018-05-04,152.61680909949462,156.54827280072413,152.50311822459417,156.1882781982422,41543200.0,0.0,0.0,164.8699951171875,156.1882781982422
2018-05-07,156.9177188129972,157.99768804947996,156.79455973475126,157.4861297607422,32500200.0,0.0,0.0,166.24000549316406,157.4861297607422
2018-05-08,157.1545594289698,157.66611773440735,156.17879835254368,157.32508850097656,26040200.0,0.0,0.0,166.07000732421875,157.32508850097656
2018-05-09,157.6092688694604,159.15344080775236,157.05034061208383,159.03976440429688,29122700.0,0.0,0.0,167.8800048828125,159.03976440429688
2018-05-10,159.55131824151536,160.80181646593817,159.42815917100071,160.68812561035156,27067600.0,0.0,0.0,169.6199951171875,160.68812561035156
2018-05-11,160.4987345646679,160.91556749947082,159.835597829889,160.53663635253906,24688800.0,0.0,0.0,169.4600067138672,160.53663635253906
2018-05-14,160.906003996365,161.8249266615771,160.54600950125027,160.81126403808594,21821700.0,0.0,0.0,169.75,160.81126403808594
2018-05-15,159.5418614448165,159.62711875114076,158.18715493807034,159.03028869628906,49361600.0,0.0,0.0,167.8699951171875,159.03028869628906
2018-05-16,159.2387143373074,160.45131094870143,159.1629252421838,160.08184814453125,22941200.0,0.0,0.0,168.97999572753906,160.08184814453125
2018-05-17,159.52296371143595,160.67872243323384,158.6892978910451,159.46612548828125,27480200.0,0.0,0.0,168.3300018310547,159.46612548828125
2018-05-18,158.85030869131194,159.3997688173194,158.4050712247587,158.64190673828125,26217900.0,0.0,0.0,167.4600067138672,158.64190673828125
2018-05-21,159.8734228317834,160.57446108111606,158.85029178760507,159.53237915039062,22954600.0,0.0,0.0,168.39999389648438,159.53237915039062
2018-05-22,160.26183306814403,160.52708765295608,159.03976833492354,159.32395935058594,19477700.0,0.0,0.0,168.17999267578125,159.32395935058594
2018-05-23,158.11141486327458,160.6881869253631,158.09247842619274,160.66925048828125,26557800.0,0.0,0.0,169.60000610351562,160.66925048828125
2018-05-24,160.62185668945312,160.90606221182713,159.00189533062652,160.62185668945312,27696500.0,0.0,0.0,169.5500030517578,160.62185668945312
2018-05-25,160.60285491719884,161.36073125165245,160.29971305659066,160.78285217285156,27460500.0,0.0,0.0,169.72000122070312,160.78285217285156
2018-05-29,160.05345206377172,160.97237509830225,159.1155925942052,160.07240295410156,41220500.0,0.0,0.0,168.97000122070312,160.07240295410156
2018-05-30,160.65024670196001,161.5028486593802,160.30920302793382,161.21864318847656,22665800.0,0.0,0.0,170.17999267578125,161.21864318847656
2018-05-31,161.21864991663708,162.18494277591955,160.69762339607553,161.1144561767578,35670900.0,0.0,0.0,170.07000732421875,161.1144561767578
2018-06-01,161.91975090232842,163.73864645919156,161.87238089430292,163.6439208984375,45543300.0,0.0,0.0,172.74000549316406,163.6439208984375
2018-06-04,164.06068645303847,165.1596066813699,163.95649270641496,165.12171936035156,20459600.0,0.0,0.0,174.3000030517578,165.12171936035156
2018-06-05,165.51017137675396,165.90805338836597,164.90387291306484,165.63331604003906,24779300.0,0.0,0.0,174.83999633789062,165.63331604003906
2018-06-06,165.80376942134424,166.62795217923798,164.9701039938634,166.5995330810547,25036600.0,0.0,0.0,175.86000061035156,166.5995330810547
2018-06-07,166.6279834656239,166.6658707852191,164.41120665936617,165.24485778808594,39600300.0,0.0,0.0,174.42999267578125,165.24485778808594
2018-06-08,164.46806830855002,165.6711968650901,164.0607036745572,165.25436401367188,31780300.0,0.0,0.0,174.44000244140625,165.25436401367188
2018-06-11,165.13121962466914,166.1069809523006,165.10280051456687,165.6996307373047,22319700.0,0.0,0.0,174.91000366210938,165.6996307373047
2018-06-12,165.92692123335164,166.73216759761507,165.7469384221384,166.5711212158203,22511800.0,0.0,0.0,175.8300018310547,166.5711212158203
2018-06-13,166.8268847775449,167.81211381844062,166.19215309648894,166.56163024902344,37858600.0,0.0,0.0,175.82000732421875,166.56163024902344
2018-06-14,167.32901719391745,168.52266287511682,167.20585811182457,168.24794006347656,35916000.0,0.0,0.0,177.60000610351562,168.24794006347656
2018-06-15,167.6131982504491,167.99214369000327,166.83638539612136,167.6605682373047,49615700.0,0.0,0.0,176.97999572753906,167.6605682373047
2018-06-18,166.60486270054625,167.70612033699288,166.08270656598188,167.563720703125,31633200.0,0.378,0.0,176.5,167.563720703125
2018-06-19,165.44667515190667,167.1270492276976,164.9150303943977,167.08908081054688,38236000.0,0.0,0.0,176.0,167.08908081054688
2018-06-20,167.85800146414505,168.96876192490907,167.7060988832985,168.27572631835938,33038000.0,0.0,0.0,177.25,168.27572631835938
2018-06-21,168.70301845750188,168.8739125623406,166.49098498163795,166.81378173828125,43469400.0,0.0,0.0,175.7100067138672,166.81378173828125
2018-06-22,167.37389026420215,167.4403386140366,165.84540438321682,166.44351196289062,30073200.0,0.0,0.0,175.32000732421875,166.44351196289062
2018-06-25,164.93397905598957,165.18082442692483,161.2124519058346,162.69346618652344,77799700.0,0.0,0.0,171.3699951171875,162.69346618652344
2018-06-26,163.29155414932276,164.29788350244638,162.69344672818258,163.35801696777344,39008100.0,0.0,0.0,172.07000732421875,163.35801696777344
2018-06-27,164.0511079480742,164.79161524947435,161.02261590161856,161.13653564453125,52843500.0,0.0,0.0,169.72999572753906,161.13653564453125
2018-06-28,160.93715263515847,163.07323442080488,160.60486745178744,162.52259826660156,46407700.0,0.0,0.0,171.19000244140625,162.52259826660156
2018-06-29,163.30110906595579,164.16503913991806,162.7219928553721,162.95933532714844,36408500.0,0.0,0.0,171.64999389648438,162.95933532714844
2018-07-02,161.43083180775017,164.09857307104943,161.07956962302472,164.0511016845703,31770000.0,0.0,0.0,172.8000030517578,164.0511016845703
2018-07-03,164.66818309541756,164.66818309541756,161.99096788683866,162.15235900878906,25512700.0,0.0,0.0,170.8000030517578,162.15235900878906
2018-07-05,163.20610484369413,164.29787391146832,162.3706550961067,164.1649627685547,31626200.0,0.0,0.0,172.9199981689453,164.1649627685547
2018-07-06,164.5447457696871,166.84221845976913,164.24094054476856,166.7187957763672,37005600.0,0.0,0.0,175.61000061035156,166.7187957763672
2018-07-09,167.58275030745537,168.25679470954552,166.9181943877071,168.2188262939453,27362100.0,0.0,0.0,177.19000244140625,168.2188262939453
2018-07-10,168.53209514350445,168.72196616591515,167.76310808669135,168.34222412109375,23902500.0,0.0,0.0,177.32000732421875,168.34222412109375
2018-07-11,167.02261183868688,168.10490725188168,166.89920362280446,167.48780822753906,30280600.0,0.0,0.0,176.4199981689453,167.48780822753906
2018-07-12,168.2283013986732,170.37388610839844,168.11438167469893,170.37388610839844,27930100.0,0.0,0.0,179.4600067138672,170.37388610839844
2018-07-13,170.36440899966433,170.79162251564475,169.88972409607862,170.5163116455078,28049800.0,0.0,0.0,179.61000061035156,170.5163116455078
2018-07-16,170.5542523811973,170.83906617436733,169.8232481784128,170.10804748535156,21405300.0,0.0,0.0,179.17999267578125,170.10804748535156
2018-07-17,168.30423261451364,171.5036033614585,168.30423261451364,171.14285278320312,31034100.0,0.0,0.0,180.27000427246094,171.14285278320312
2018-07-18,171.1618572905148,171.30427143762964,170.29794187077246,170.82008361816406,23220800.0,0.0,0.0,179.92999267578125,170.82008361816406
2018-07-19,170.20299488556103,170.77262248743142,169.76629294552785,169.9656524658203,31094100.0,0.0,0.0,179.02999877929688,169.9656524658203
2018-07-20,170.47827884080849,171.04789181823932,169.7377573435605,169.92764282226562,35897300.0,0.0,0.0,178.99000549316406,169.92764282226562
2018-07-23,169.4245434486538,170.54479287623303,168.74099602339967,170.46884155273438,22184700.0,0.0,0.0,179.55999755859375,170.46884155273438
2018-07-24,172.22515712542068,172.83275314117114,170.46881742292877,171.17135620117188,36900300.0,0.0,0.0,180.3000030517578,171.17135620117188
2018-07-25,171.24728715904766,173.66816796630943,171.16183288846892,173.56375122070312,35026600.0,0.0,0.0,182.82000732421875,173.56375122070312
2018-07-26,171.20934712433748,171.75998334948048,170.70618228668218,170.9340362548828,40873500.0,0.0,0.0,180.0500030517578,170.9340362548828
2018-07-27,172.016285958952,172.13020567921075,167.65868282428423,168.6270294189453,59456100.0,0.0,0.0,177.6199951171875,168.6270294189453
2018-07-30,168.6365719744669,168.7315002682236,165.44668868230792,166.24415588378906,60193000.0,0.0,0.0,175.11000061035156,166.24415588378906
2018-07-31,166.89919661572733,168.16186005854377,165.96881836331647,167.5162811279297,47285100.0,0.0,0.0,176.4499969482422,167.5162811279297
2018-08-01,167.9055280983384,168.65552379801335,167.18401233116808,168.15235900878906,37101900.0,0.0,0.0,177.1199951171875,168.15235900878906
2018-08-02,166.96562666844162,170.6396968656219,166.88967536220676,170.44032287597656,47178200.0,0.0,0.0,179.52999877929688,170.44032287597656
2018-08-03,170.76311988952816,170.97198237825117,170.01312421546407,170.96249389648438,28934400.0,0.0,0.0,180.0800018310547,170.96249389648438
2018-08-06,170.84856184575557,172.01628241302913,170.6396993720994,171.96881103515625,24808800.0,0.0,0.0,181.13999938964844,171.96881103515625
2018-08-07,172.45301430841542,172.9182107144884,172.08276067459673,172.59542846679688,29895700.0,0.0,0.0,181.8000030517578,172.59542846679688
2018-08-08,172.35804015947278,173.11753867671194,171.89284387718433,172.8042449951172,22680700.0,0.0,0.0,182.02000427246094,172.8042449951172
2018-08-09,172.6998291015625,173.3833763791455,172.4434952509112,172.6998291015625,18852900.0,0.0,0.0,181.91000366210938,172.6998291015625
2018-08-10,171.53210664496032,172.0447743839,170.73463959131158,171.38021850585938,33818500.0,0.0,0.0,180.52000427246094,171.38021850585938
2018-08-13,171.693487574659,172.79474523454667,171.1143715742206,171.19032287597656,26089200.0,0.0,0.0,180.32000732421875,171.19032287597656
2018-08-14,171.845412810611,172.46251183833581,170.92452299647297,172.2631378173828,20913000.0,0.0,0.0,181.4499969482422,172.2631378173828
2018-08-15,170.89600941783237,171.4371570208574,169.10170152744027,170.15550231933594,58528000.0,0.0,0.0,179.22999572753906,170.15550231933594
2018-08-16,171.4656480936295,171.8264131857617,170.38336730346373,170.7156524658203,27711800.0,0.0,0.0,179.82000732421875,170.7156524658203
2018-08-17,170.2694278379528,171.18081445753916,169.2441070262463,170.75360107421875,36092600.0,0.0,0.0,179.86000061035156,170.75360107421875
2018-08-20,171.13334444244987,171.19980726223304,169.93714406241617,170.60169982910156,24939000.0,0.0,0.0,179.6999969482422,170.60169982910156
2018-08-21,171.1143975339403,172.25363826065464,171.0099662889613,171.2283172607422,26258700.0,0.0,0.0,180.36000061035156,171.2283172607422
2018-08-22,170.8676077436021,172.09230315015876,170.649256700771,171.89292907714844,18042400.0,0.0,0.0,181.05999755859375,171.89292907714844
2018-08-23,171.58903624566267,172.83270788299575,171.36118236708543,171.64599609375,25776200.0,0.0,0.0,180.8000030517578,171.64599609375
2018-08-24,172.21566102204685,173.38339620507972,172.17769260727536,173.24098205566406,23136100.0,0.0,0.0,182.47999572753906,173.24098205566406
2018-08-27,174.1144714971913,175.0068817138672,173.83916054063124,175.0068817138672,29343600.0,0.0,0.0,184.33999633789062,175.0068817138672
2018-08-28,175.47201558358512,175.6523981569177,174.89289944689077,175.26315307617188,20277000.0,0.0,0.0,184.61000061035156,175.26315307617188
2018-08-29,175.56693745580347,177.38023711928108,175.5004891074534,177.28530883789062,29175600.0,0.0,0.0,186.74000549316406,177.28530883789062
2018-08-30,176.9435201914384,178.02580101414424,176.38338108780488,176.9720001220703,29315500.0,0.0,0.0,186.41000366210938,176.9720001220703
2018-08-31,176.7536394534071,177.7030091301006,176.5637684153147,177.19984436035156,28653200.0,0.0,0.0,186.64999389648438,177.19984436035156
2018-09-04,176.65870435461625,176.9624951065848,175.49098375352744,176.4403533935547,29063500.0,0.0,0.0,185.85000610351562,176.4403533935547
2018-09-05,176.1271137220504,176.15559366109238,173.56381780462556,174.1619110107422,42623300.0,0.0,0.0,183.4499969482422,174.1619110107422
2018-09-06,174.2378058271948,174.44666830324545,171.43716833535484,172.60488891601562,46091400.0,0.0,0.0,181.80999755859375,172.60488891601562
2018-09-07,171.36125248278637,173.42138325351115,171.30429261139284,171.94036865234375,46629500.0,0.0,0.0,181.11000061035156,171.94036865234375
2018-09-10,172.9277075443179,173.02265032115503,171.57960413338728,172.5194854736328,26132000.0,0.0,0.0,181.72000122070312,172.5194854736328
2018-09-11,171.82643928377445,174.13340086337897,171.38023433454316,173.8485870361328,30116500.0,0.0,0.0,183.1199951171875,173.8485870361328
2018-09-12,173.59219499194018,173.71560315932973,171.8453443426849,173.3358612060547,36204000.0,0.0,0.0,182.5800018310547,173.3358612060547
2018-09-13,174.4182076620055,175.5194800236545,174.34225634538498,175.18719482421875,31133200.0,0.0,0.0,184.52999877929688,175.18719482421875
2018-09-14,175.31063659575625,175.5859474730021,173.98151013965605,174.674560546875,31224100.0,0.0,0.0,183.99000549316406,174.674560546875
2018-09-17,174.38019748779737,174.50362016878168,171.99728505722078,172.15867614746094,33071200.0,0.0,0.0,181.33999633789062,172.15867614746094
2018-09-18,172.3011080397888,174.42768684688272,172.21565375925033,173.58274841308594,31877300.0,0.0,0.0,182.83999633789062,173.58274841308594
2018-09-19,173.6112507468451,174.01948729381922,172.320107238976,173.44985961914062,31843400.0,0.0,0.0,182.6999969482422,173.44985961914062
2018-09-20,174.64611400986445,175.6049725081932,174.22838888624028,175.3676300048828,33295800.0,0.0,0.0,184.72000122070312,175.3676300048828
2018-09-21,175.8422342528194,176.0890651278555,174.19032597340217,174.40869140625,38605400.0,0.0,0.0,183.7100067138672,174.40869140625
2018-09-24,173.14375770635627,174.96032022075786,172.43044918615345,174.89373779296875,34945600.0,0.33,0.0,183.88999938964844,174.89373779296875
2018-09-25,174.81765799786336,175.26466585244575,174.21847416889133,175.1315155029297,25277500.0,0.0,0.0,184.13999938964844,175.1315155029297
2018-09-26,175.28373443522324,176.89105909191974,174.912814476932,175.2552032470703,36210600.0,0.0,0.0,184.27000427246094,175.2552032470703
2018-09-27,175.96849007512643,177.36657616983214,175.87337645158533,176.73886108398438,33113300.0,0.0,0.0,185.8300018310547,176.73886108398438
2018-09-28,176.24430742825774,177.166854487778,175.9209443075997,176.70082092285156,28076800.0,0.0,0.0,185.7899932861328,176.70082092285156
2018-10-01,177.72799249019414,178.35570763424022,176.61523265064125,177.06224060058594,27371300.0,0.0,0.0,186.1699981689453,177.06224060058594
2018-10-02,176.91004059629824,178.02280028490787,176.25380886632394,176.6627655029297,25618600.0,0.0,0.0,185.75,176.6627655029297
2018-10-03,177.4045933372029,177.82307001492705,176.5771600504391,176.85296630859375,29128700.0,0.0,0.0,185.9499969482422,176.85296630859375
2018-10-04,176.13964350995963,176.2537827388491,172.20218115229056,173.45761108398438,80557300.0,0.0,0.0,182.3800048828125,173.45761108398438
2018-10-05,173.43862015256835,174.01877843178255,169.70087530128967,171.33673095703125,83325600.0,0.0,0.0,180.14999389648438,171.33673095703125
2018-10-08,170.73748929062566,171.80269177377696,168.27418677989522,170.2904815673828,66864500.0,0.0,0.0,179.0500030517578,170.2904815673828
2018-10-09,170.4141511121909,172.16414568246714,170.00519453320322,170.84214782714844,49097900.0,0.0,0.0,179.6300048828125,170.84214782714844
2018-10-10,169.77693652161386,169.8815556870146,163.10988465321907,163.32862854003906,114471100.0,0.0,0.0,171.72999572753906,163.32862854003906
2018-10-11,162.65340103324345,164.91695732549167,159.60043356565862,161.30287170410156,143084500.0,0.0,0.0,169.60000610351562,161.30287170410156
2018-10-12,165.64924549308768,166.3054916032614,162.56774769795376,165.7919158935547,102078400.0,0.0,0.0,174.32000732421875,165.7919158935547
2018-10-15,165.21177331519297,165.5256162987121,163.16694681437016,163.78515625,64885300.0,0.0,0.0,172.2100067138672,163.78515625
2018-10-16,165.50663201573425,168.959036004781,165.20228002658655,168.55007934570312,71979700.0,0.0,0.0,177.22000122070312,168.55007934570312
2018-10-17,169.36802869967556,169.53921583109963,166.88571370790254,168.61666870117188,66987600.0,0.0,0.0,177.2899932861328,168.61666870117188
2018-10-18,167.97946039265793,168.0365227740195,164.0039596932206,164.70774841308594,82486200.0,0.0,0.0,173.17999267578125,164.70774841308594
2018-10-19,166.0392215519027,167.45633318896427,163.95635812680231,164.5555419921875,82923700.0,0.0,0.0,173.02000427246094,164.5555419921875
2018-10-22,165.5446487052957,166.67643394535193,164.14656276314386,165.40199279785156,52909300.0,0.0,0.0,173.91000366210938,165.40199279785156
2018-10-23,162.29193437252573,165.6112015108418,160.56098011855406,164.79327392578125,77567000.0,0.0,0.0,173.27000427246094,164.79327392578125
2018-10-24,164.60306351534174,164.87886972829764,156.96589442304472,157.251220703125,102997400.0,0.0,0.0,165.33999633789062,157.251220703125
2018-10-25,159.69554620203195,163.66154060812622,158.98223754239697,162.69143676757812,83481100.0,0.0,0.0,171.05999755859375,162.69143676757812
2018-10-26,157.1180726553707,161.64521293389052,156.19552589335117,158.50665283203125,130970900.0,0.0,0.0,166.66000366210938,158.50665283203125
2018-10-29,160.93193388283885,161.55012885135602,152.25809162409269,155.24447631835938,111871900.0,0.0,0.0,163.22999572753906,155.24447631835938
2018-10-30,154.78798589683967,157.91702696826593,154.0841827641855,157.8029022216797,92584000.0,0.0,0.0,165.9199981689453,157.8029022216797
2018-10-31,160.37079481701926,162.87213502365464,160.29470682268536,161.51210021972656,73828600.0,0.0,0.0,169.82000732421875,161.51210021972656
2018-11-01,161.74985054513357,163.81368816725455,160.52295173666067,163.64248657226562,52706800.0,0.0,0.0,172.05999755859375,163.64248657226562
2018-11-02,163.1384093215102,164.10851295174766,159.99034344143138,161.09359741210938,75966800.0,0.0,0.0,169.3800048828125,161.09359741210938
2018-11-05,161.30279625043838,161.35985859490233,158.9060761968854,160.69410705566406,39573500.0,0.0,0.0,168.9600067138672,160.69410705566406
2018-11-06,160.70367152077827,162.81506611372507,160.46590199015185,161.9115447998047,34410400.0,0.0,0.0,170.24000549316406,161.9115447998047
2018-11-07,163.85170481732766,166.99026489257812,163.46175938260524,166.99026489257812,51169600.0,0.0,0.0,175.5800018310547,166.99026489257812
2018-11-08,166.2104217146537,166.7240120717275,165.13571321244686,165.92510986328125,40296500.0,0.0,0.0,174.4600067138672,165.92510986328125
2018-11-09,164.37486226171814,164.7743134012144,161.83548497415413,163.1289520263672,50602700.0,0.0,0.0,171.52000427246094,163.1289520263672
2018-11-12,161.98761661281938,162.29195403522976,158.0501396470866,158.19281005859375,62578400.0,0.0,0.0,166.3300018310547,158.19281005859375
2018-11-13,158.9346629182591,161.1887133861686,157.8789656398141,158.3259735107422,64128100.0,0.0,0.0,166.47000122070312,158.3259735107422
2018-11-14,159.89526493370437,160.44689204012843,156.21459688393722,157.1181182861328,75270700.0,0.0,0.0,165.1999969482422,157.1181182861328
2018-11-15,156.83274307565836,160.29466612115374,155.46320306230086,159.86668395996094,73254300.0,0.0,0.0,168.08999633789062,159.86668395996094
2018-11-16,158.30692249709296,160.07592807153603,157.6697020095648,159.30555725097656,65390700.0,0.0,0.0,167.5,159.30555725097656
2018-11-19,158.54469995507483,158.7349126529241,153.6371339841515,154.13169860839844,67280500.0,0.0,0.0,162.05999755859375,154.13169860839844
2018-11-20,150.62226672014077,153.4850217098894,149.44293890823928,151.37362670898438,102652800.0,0.0,0.0,159.16000366210938,151.37362670898438
2018-11-21,153.45648119485404,154.046145064966,151.44018543974124,152.5244140625,42965800.0,0.0,0.0,160.3699951171875,152.5244140625
2018-11-23,151.3070338384472,152.97142075976504,151.3070338384472,151.42117309570312,23503700.0,0.0,0.0,159.2100067138672,151.42117309570312
2018-11-26,153.5420063408302,154.99715425163086,152.8952658736433,154.9210662841797,42012600.0,0.0,0.0,162.88999938964844,154.9210662841797
2018-11-27,154.07467414494207,155.83417468546875,153.29478302595768,155.44422912597656,36608100.0,0.0,0.0,163.44000244140625,155.44422912597656
2018-11-28,156.56642392652486,160.4468231201172,155.47269025351804,160.4468231201172,70141000.0,0.0,0.0,168.6999969482422,160.4468231201172
2018-11-29,159.77160563234514,160.97946429783013,158.65884606375934,159.92376708984375,44885700.0,0.0,0.0,168.14999389648438,159.92376708984375
2018-11-30,160.14250282769137,161.1791742646848,159.34358635545235,161.0840606689453,36722800.0,0.0,0.0,169.3699951171875,161.0840606689453
2018-12-03,164.64107044357354,164.83128309176223,161.21718472699774,163.89923095703125,50771700.0,0.0,0.0,172.3300018310547,163.89923095703125
2018-12-04,163.0433347484676,163.49986274981245,157.42247341281728,157.61268615722656,70594700.0,0.0,0.0,165.72000122070312,157.61268615722656
2018-12-06,154.43609092407365,158.74447423684867,153.855932610912,158.72544860839844,71715500.0,0.0,0.0,166.88999938964844,158.72544860839844
2018-12-07,158.03112170688837,158.94414844696675,152.99040547639026,153.48497009277344,80432200.0,0.0,0.0,161.3800048828125,153.48497009277344
2018-12-10,153.1996348493504,155.76754236029578,151.6113364462386,155.09228515625,73960800.0,0.0,0.0,163.07000732421875,155.09228515625
2018-12-11,157.62214610799762,157.66019735325085,154.2933732509407,155.60586547851562,59058300.0,0.0,0.0,163.61000061035156,155.60586547851562
2018-12-12,157.87896993144963,159.40070074775733,156.88985505946005,156.97544860839844,53780000.0,0.0,0.0,165.0500030517578,156.97544860839844
2018-12-13,158.0026195991757,158.65886585251755,156.00534965529178,157.02301025390625,46378500.0,0.0,0.0,165.10000610351562,157.02301025390625
2018-12-14,155.22541585910218,155.7960538381056,152.8382012665398,153.19961547851562,56547400.0,0.0,0.0,161.0800018310547,153.19961547851562
2018-12-17,152.54339231701297,153.7607709359955,148.52984219395253,149.7281951904297,74834100.0,0.0,0.0,157.42999267578125,149.7281951904297
2018-12-18,150.88858956005447,152.12499444155412,149.35735268244525,150.6698455810547,63642100.0,0.0,0.0,158.4199981689453,150.6698455810547
2018-12-19,150.44152191875799,152.8572683397856,145.83830754988435,146.9700927734375,81856500.0,0.0,0.0,154.52999877929688,146.9700927734375
2018-12-20,146.60866628560294,148.24452158862832,143.0326182692885,144.83966064453125,99002100.0,0.0,0.0,152.2899932861328,144.83966064453125
2018-12-21,145.5624892587847,146.55160398288388,139.5421638411538,140.3505859375,141129400.0,0.0,0.0,147.57000732421875,140.3505859375
2018-12-24,139.33093518028295,141.1431471402757,136.83198689667262,136.87013244628906,56163300.0,0.421,0.0,143.5,136.87013244628906
2018-12-26,138.37714308861678,145.49247457462891,137.4328769591911,145.4161834716797,98982100.0,0.0,0.0,152.4600067138672,145.4161834716797
2018-12-27,143.422798905188,146.10297266230077,140.28480555013925,145.97898864746094,85824300.0,0.0,0.0,153.0500030517578,145.97898864746094
2018-12-28,147.02812487358563,148.40159790087307,144.71040005540246,145.90264892578125,77856600.0,0.0,0.0,152.97000122070312,145.90264892578125
2018-12-31,147.3333608726141,147.81979321627253,145.65467955093152,147.133056640625,53015300.0,0.0,0.0,154.25999450683594,147.133056640625
2019-01-02,144.0141330500541,148.554211580325,143.9092145656616,147.7244110107422,58576700.0,0.0,0.0,154.8800048828125,147.7244110107422
2019-01-03,145.5497537897727,146.17925015782797,142.58343789843747,142.898193359375,74820200.0,0.0,0.0,149.82000732421875,142.898193359375
2019-01-04,145.3017610220518,149.746468615269,144.72949025645121,149.0120391845703,74709300.0,0.0,0.0,156.22999572753906,149.0120391845703
2019-01-07,149.38406174790043,151.52057770587936,148.897629279024,150.78614807128906,52059300.0,0.0,0.0,158.08999633789062,150.78614807128906
2019-01-08,152.16912043719947,152.7127929758686,149.93723376584637,152.15005493164062,49388700.0,0.0,0.0,159.52000427246094,152.15005493164062
2019-01-09,152.7413931499977,154.0576406157024,152.10234947494652,153.38998413085938,46491700.0,0.0,0.0,160.82000732421875,153.38998413085938
2019-01-10,152.2263294656682,153.91454325289746,151.36790161508333,153.82870483398438,38943400.0,0.0,0.0,161.27999877929688,153.82870483398438
2019-01-11,152.92262292701332,153.42813532364886,152.40756322421691,153.2659912109375,30176600.0,0.0,0.0,160.69000244140625,153.2659912109375
2019-01-14,151.96883145954598,152.56972962533112,151.26301479741454,151.91160583496094,30710200.0,0.0,0.0,159.27000427246094,151.91160583496094
2019-01-15,152.6078677388727,155.0877514111575,152.52202930618645,154.87791442871094,40874200.0,0.0,0.0,162.3800048828125,154.87791442871094
2019-01-16,155.1354323129427,156.21323005403835,154.79206402265334,154.84930419921875,33812200.0,0.0,0.0,162.35000610351562,154.84930419921875
2019-01-17,154.35330343666539,156.76641389119584,154.1053209207447,156.0701446533203,39329000.0,0.0,0.0,163.6300048828125,156.0701446533203
2019-01-18,157.16703911631194,158.34975542467646,156.25139998723492,157.61532592773438,57183200.0,0.0,0.0,165.25,157.61532592773438
2019-01-22,156.4803016938518,156.55660737985565,153.33276127684508,154.458251953125,56711700.0,0.0,0.0,161.94000244140625,154.458251953125
2019-01-23,155.24987360136063,155.9556755755417,152.91306886735308,154.65850830078125,38106100.0,0.0,0.0,162.14999389648438,154.65850830078125
2019-01-24,155.164069706411,155.8889665195429,154.5727187726017,155.66004943847656,32417800.0,0.0,0.0,163.1999969482422,155.66004943847656
2019-01-25,156.90949708847936,157.99682756616335,156.37537187892516,157.51992797851562,36515900.0,0.0,0.0,165.14999389648438,157.51992797851562
2019-01-28,155.48830404615262,155.58367520588274,154.27697534242935,155.5741424560547,33491200.0,0.0,0.0,163.11000061035156,155.5741424560547
2019-01-29,155.66001409612232,155.698174211214,153.5521261826264,154.10533142089844,30784200.0,0.0,0.0,161.57000732421875,154.10533142089844
2019-01-30,155.8507755007113,158.59772171367456,155.3643431729241,158.0254364013672,41346500.0,0.0,0.0,165.67999267578125,158.0254364013672
2019-01-31,158.99837647811023,161.18258552087718,158.77900666440252,160.39093017578125,37258400.0,0.0,0.0,168.16000366210938,160.39093017578125
2019-02-01,159.59920233169595,160.81053124237906,159.27491413633797,159.71365356445312,32143700.0,0.0,0.0,167.4499969482422,159.71365356445312
2019-02-04,159.7422796075396,161.69757080078125,159.59921555474006,161.69757080078125,26718800.0,0.0,0.0,169.52999877929688,161.69757080078125
2019-02-05,161.91693640073012,163.31902229766385,161.85017802906748,163.12826538085938,28156400.0,0.0,0.0,171.02999877929688,163.12826538085938
2019-02-06,163.16643818048215,163.4525663010215,161.90741623482498,162.641845703125,27970000.0,0.0,0.0,170.52000427246094,162.641845703125
2019-02-07,161.22069923344947,161.62129320471573,159.23679488492405,160.45765686035156,42036200.0,0.0,0.0,168.22999572753906,160.45765686035156
2019-02-08,159.05552814293827,160.8009821926445,158.87431854431162,160.77236938476562,29020700.0,0.0,0.0,168.55999755859375,160.77236938476562
2019-02-11,161.35419563395905,161.7452567666817,160.2191723507892,160.61976623535156,21434100.0,0.0,0.0,168.39999389648438,160.61976623535156
2019-02-12,161.79299947027116,163.2332313479593,161.50685673492393,162.99478149414062,29722100.0,0.0,0.0,170.88999938964844,162.99478149414062
2019-02-13,163.71962278519115,164.20606967953384,162.92798227624914,163.10919189453125,26094100.0,0.0,0.0,171.00999450683594,163.10919189453125
2019-02-14,162.52732616113403,163.89126615127338,161.98366835804967,163.3094482421875,30326800.0,0.0,0.0,171.22000122070312,163.3094482421875
2019-02-15,164.549451652602,164.58759721914478,163.2332040226397,163.99624633789062,32521700.0,0.0,0.0,171.94000244140625,163.99624633789062
2019-02-19,163.49071028892348,164.81649048062548,163.4620974796926,164.3205108642578,19487700.0,0.0,0.0,172.27999877929688,164.3205108642578
2019-02-20,164.43496468316638,165.083555661496,163.4048744270413,164.29190063476562,32593000.0,0.0,0.0,172.25,164.29190063476562
2019-02-21,163.85315363454333,164.30144041045597,162.82306333438285,163.69100952148438,25207400.0,0.0,0.0,171.6199951171875,163.69100952148438
2019-02-22,164.0438695707427,165.01673391970644,163.9580166132802,164.90228271484375,27735400.0,0.0,0.0,172.88999938964844,164.90228271484375
2019-02-25,166.16132797552842,166.59053460903525,165.3887385706351,165.50320434570312,32608800.0,0.0,0.0,173.52000427246094,165.50320434570312
2019-02-26,165.10262552813538,166.1994886416893,164.8260156465415,165.67489624023438,21939700.0,0.0,0.0,173.6999969482422,165.67489624023438
2019-02-27,164.91185312077002,165.77028101470427,163.82452276484167,165.56997680664062,25162000.0,0.0,0.0,173.58999633789062,165.56997680664062
2019-02-28,165.05493001764663,165.77981206287885,164.7210945255765,165.18846130371094,25085500.0,0.0,0.0,173.19000244140625,165.18846130371094
2019-03-01,166.38071593665276,166.58100559583352,165.17891976629167,166.33302307128906,31431200.0,0.0,0.0,174.38999938964844,166.33302307128906
2019-03-04,167.429929680345,167.66837951526017,164.50177327557478,166.36167907714844,38063500.0,0.0,0.0,174.4199981689453,166.36167907714844
2019-03-05,166.4856719970703,167.00071721932144,165.66540401065376,166.4856719970703,22319900.0,0.0,0.0,174.5500030517578,166.4856719970703
2019-03-06,166.64780772829297,166.67642054176264,165.27433446646182,165.54139709472656,27194600.0,0.0,0.0,173.55999755859375,165.54139709472656
2019-03-07,165.12171918102456,165.17894480660846,162.89936521331418,163.50979614257812,39407400.0,0.0,0.0,171.42999267578125,163.50979614257812
2019-03-08,161.67846988724784,163.34761820576352,161.51632579705026,163.26177978515625,39303200.0,0.0,0.0,171.1699981689453,163.26177978515625
2019-03-11,163.9389993236759,166.77178390757285,163.91038651404622,166.65731811523438,30518400.0,0.0,0.0,174.72999572753906,166.65731811523438
2019-03-12,167.09612883699043,168.00223540840463,166.69553481238074,167.57302856445312,33953500.0,0.0,0.0,175.69000244140625,167.57302856445312
2019-03-13,168.44093887569022,169.7094789616581,168.20248908371096,168.8319854736328,42426100.0,0.0,0.0,177.00999450683594,168.8319854736328
2019-03-14,168.94643125896084,169.14672091036007,168.49814453883297,168.54583740234375,23751500.0,0.0,0.0,176.7100067138672,168.54583740234375
2019-03-15,169.20398646275163,170.61561987600592,169.08953520636638,170.110107421875,38192000.0,0.0,0.0,178.35000610351562,170.110107421875
2019-03-18,170.0374303101686,171.03119475811388,169.69343716746528,170.51519775390625,32935100.0,0.324,0.0,178.4499969482422,170.51519775390625
2019-03-19,171.212756389836,171.9963020979407,170.36233081267514,171.0885467529297,36893300.0,0.0,0.0,179.0500030517578,171.0885467529297
2019-03-20,171.0980961839602,172.81806211426408,170.31456505923165,171.7669677734375,50105000.0,0.0,0.0,179.75999450683594,171.7669677734375
2019-03-21,171.25096340867483,174.70044492980986,171.23184862847233,174.45201110839844,42428500.0,0.0,0.0,182.57000732421875,174.45201110839844
2019-03-22,173.6971392069168,174.16535657367788,170.43876158137485,170.6203155517578,70794500.0,0.0,0.0,178.55999755859375,170.6203155517578
2019-03-25,169.99925763542308,170.88789830337257,169.06282271483957,170.29547119140625,46336500.0,0.0,0.0,178.22000122070312,170.29547119140625
2019-03-26,171.6140939254015,172.655623588832,170.2190063930497,171.0885467529297,33248100.0,0.0,0.0,179.0500030517578,171.0885467529297
2019-03-27,171.34654232354583,171.72875048947122,168.74748597039365,169.9896697998047,37096700.0,0.0,0.0,177.89999389648438,169.9896697998047
2019-03-28,170.42921887383764,171.02164589315964,169.3590243665962,170.38143920898438,30368200.0,0.0,0.0,178.30999755859375,170.38143920898438
2019-03-29,171.70011264184888,171.8338869790175,170.64901814958884,171.67144775390625,35205500.0,0.0,0.0,179.66000366210938,171.67144775390625
2019-04-01,173.43915476829955,174.15580602725447,172.73206819086062,173.94558715820312,30969500.0,0.0,0.0,182.0399932861328,173.94558715820312
2019-04-02,174.13668614447644,174.77689278048524,173.6971336733257,174.60488891601562,22645200.0,0.0,0.0,182.72999572753906,174.60488891601562
2019-04-03,175.58911580730492,176.69753996627193,175.06358319324838,175.6082305908203,31633500.0,0.0,0.0,183.77999877929688,175.6082305908203
2019-04-04,175.65599559047178,176.2962022718493,174.52845674214987,175.5413360595703,28530800.0,0.0,0.0,183.7100067138672,175.5413360595703
2019-04-05,176.04777372914143,176.55420611294767,175.83755486262106,176.4490966796875,25674700.0,0.0,0.0,184.66000366210938,176.4490966796875
2019-04-08,176.1624425465708,177.0415330436592,175.46490604198138,176.89820861816406,22697500.0,0.0,0.0,185.1300048828125,176.89820861816406
2019-04-09,176.29621439260828,176.87909134860917,175.90444152801754,176.277099609375,25631900.0,0.0,0.0,184.47999572753906,176.277099609375
2019-04-10,176.50640182814593,177.28038273769639,176.315297770775,177.22305297851562,24563000.0,0.0,0.0,185.47000122070312,177.22305297851562
2019-04-11,177.51929408417732,177.51929408417732,176.4777644161394,176.80264282226562,20654100.0,0.0,0.0,185.02999877929688,176.80264282226562
2019-04-12,177.58616189907744,177.6817066381513,176.83128118477705,177.56704711914062,24989100.0,0.0,0.0,185.8300018310547,177.56704711914062
2019-04-15,177.57661886031178,177.79640240560744,176.41086500728213,177.59573364257812,21073000.0,0.0,0.0,185.86000061035156,177.59573364257812
2019-04-16,178.24550563689877,178.59906352759558,177.66262866067763,178.20729064941406,27195700.0,0.0,0.0,186.5,178.20729064941406
2019-04-17,179.40168066414992,179.57366995066067,178.30282134173817,178.82835388183594,29651600.0,0.0,0.0,187.14999389648438,178.82835388183594
2019-04-18,179.1246184553909,179.4399322115816,178.00662954402543,179.05772399902344,28580900.0,0.0,0.0,187.38999938964844,179.05772399902344
2019-04-22,178.27416920844087,179.63102713794888,178.1403803134025,179.5641326904297,17936000.0,0.0,0.0,187.9199981689453,179.5641326904297
2019-04-23,180.0227642486884,182.06760829378263,179.76478033078712,181.84783935546875,33665600.0,0.0,0.0,190.30999755859375,181.84783935546875
2019-04-24,182.00075274319687,182.23008639226714,181.21720704410373,181.27455139160156,24977100.0,0.0,0.0,189.7100067138672,181.27455139160156
2019-04-25,182.6313755487261,182.71737018359985,181.02606946289478,182.01026916503906,29517500.0,0.0,0.0,190.47999572753906,182.01026916503906
2019-04-26,181.72362690639545,182.21095905455184,180.2043298592978,182.1727294921875,26359500.0,0.0,0.0,190.64999389648438,182.1727294921875
2019-04-29,182.1727482753964,182.81296957840922,181.87653474790818,182.52630615234375,21716200.0,0.0,0.0,191.02000427246094,182.52630615234375
2019-04-30,181.0547918072525,181.40834971890294,179.84127269361215,181.11212158203125,31495300.0,0.0,0.0,189.5399932861328,181.11212158203125
2019-05-01,182.2969969798742,182.81299413215748,180.4050414422242,180.5292510986328,34797100.0,0.0,0.0,188.92999267578125,180.5292510986328
2019-05-02,180.47188308279468,181.40831784065404,178.5608131643482,179.7456817626953,44110100.0,0.0,0.0,188.11000061035156,179.7456817626953
2019-05-03,181.23633187738542,182.7460790117996,180.9114534584161,182.6123046875,30386200.0,0.0,0.0,191.11000061035156,182.6123046875
2019-05-06,178.73281308384202,181.7427423066702,178.45569978682755,181.4943084716797,38371800.0,0.0,0.0,189.94000244140625,181.4943084716797
2019-05-07,179.51635921102044,180.28079014167375,176.30576096652229,177.95884704589844,58818100.0,0.0,0.0,186.24000549316406,177.95884704589844
2019-05-08,177.37597604238917,178.84749360442865,176.735769308363,177.50975036621094,37165300.0,0.0,0.0,185.77000427246094,177.50975036621094
2019-05-09,175.5317849800862,177.16575632357845,173.99337297328762,176.55421447753906,55351700.0,0.0,0.0,184.77000427246094,176.55421447753906
2019-05-10,175.92351563662618,177.62436644345195,172.98046665237715,176.77394104003906,58526400.0,0.0,0.0,185.0,176.77394104003906
2019-05-13,172.27339143020075,173.20026150732562,170.14255255303516,170.63943481445312,67185800.0,0.0,0.0,178.5800018310547,170.63943481445312
2019-05-14,171.53764811826764,173.55382756130334,170.90699151592122,172.5122833251953,43360600.0,0.0,0.0,180.5399932861328,172.5122833251953
2019-05-15,171.37520677410234,175.38845082740988,171.3369772094222,174.9488983154297,40944500.0,0.0,0.0,183.08999633789062,174.9488983154297
2019-05-16,175.0253255952564,177.79638554887825,174.81510675117798,176.70706176757812,39281200.0,0.0,0.0,184.92999267578125,176.70706176757812
2019-05-17,174.95849792292074,177.3282210954049,174.74827901613563,174.90115356445312,44702300.0,0.0,0.0,183.0399932861328,174.90115356445312
2019-05-20,172.4644985956284,173.1238054262883,171.36562471725108,171.94850158691406,38608300.0,0.0,0.0,179.9499969482422,171.94850158691406
2019-05-21,173.42960577643723,174.22270159105724,172.8753937163302,173.74493408203125,31613800.0,0.0,0.0,181.8300018310547,173.74493408203125
2019-05-22,172.7798736683284,173.97429261168213,172.71297920895208,172.97097778320312,24332600.0,0.0,0.0,181.02000427246094,172.97097778320312
2019-05-23,170.9834027786022,171.05984731372916,169.26343718900634,170.32408142089844,45351300.0,0.0,0.0,178.25,170.32408142089844
2019-05-24,171.24144338453027,171.8529852356703,170.02790978387614,170.23812866210938,25903300.0,0.0,0.0,178.16000366210938,170.23812866210938
2019-05-28,170.71588987120427,171.671424889518,169.57880086656175,169.59791564941406,24763800.0,0.0,0.0,177.49000549316406,169.59791564941406
2019-05-29,168.5467824170942,169.12965922702094,167.3045842637728,168.20278930664062,42178800.0,0.0,0.0,176.02999877929688,168.20278930664062
2019-05-30,168.65192883363795,169.38769487194207,167.95439236060804,168.90992736816406,30354800.0,0.0,0.0,176.77000427246094,168.90992736816406
2019-05-31,166.92235665395418,167.49566871745446,166.13881121277754,166.2152557373047,45446200.0,0.0,0.0,173.9499969482422,166.2152557373047
2019-06-03,165.766154401553,166.21525687353113,161.74336151039017,162.55555725097656,75842300.0,0.0,0.0,170.1199951171875,162.55555725097656
2019-06-04,164.38069895209682,167.18997442537776,163.7500422988484,167.1326446533203,47797800.0,0.0,0.0,174.91000366210938,167.1326446533203
2019-06-05,168.7283601539074,168.7570250354619,166.6261862181768,168.37481689453125,34412700.0,0.0,0.0,176.2100067138672,168.37481689453125
2019-06-06,168.661460704815,170.12342794193256,167.91614464590432,169.71255493164062,29913200.0,0.0,0.0,177.61000061035156,169.71255493164062
2019-06-07,170.62031348465143,173.68758700221593,170.40054453489006,172.9900360107422,45888300.0,0.0,0.0,181.0399932861328,172.9900360107422
2019-06-10,174.14626512069816,176.63066211503704,174.10805013353803,175.00624084472656,41385300.0,0.0,0.0,183.14999389648438,175.00624084472656
2019-06-11,176.8313088231564,177.1561872313345,174.65269013960966,175.2451171875,41260300.0,0.0,0.0,183.39999389648438,175.2451171875
2019-06-12,174.76733600710307,175.13044395272945,173.90736038676354,174.23223876953125,27758100.0,0.0,0.0,182.33999633789062,174.23223876953125
2019-06-13,174.9584423527887,175.69419371253812,174.6144492127909,175.2642059326172,23715800.0,0.0,0.0,183.4199981689453,175.2642059326172
2019-06-14,174.36603179120775,174.96802353823256,173.85004927969203,174.5189208984375,22844100.0,0.0,0.0,182.63999938964844,174.5189208984375
2019-06-17,174.90112115549545,176.05732492857044,174.71001707027756,175.57000732421875,20379500.0,0.0,0.0,183.74000549316406,175.57000732421875
2019-06-18,177.64349415368466,179.3730099644778,177.18482691058963,178.1212615966797,48177300.0,0.0,0.0,186.41000366210938,178.1212615966797
2019-06-19,178.36021894903712,179.1915299773335,177.31868899261568,178.7902069091797,31672900.0,0.0,0.0,187.11000061035156,178.7902069091797
2019-06-20,181.28410008506648,181.32231506946127,178.83793283520566,180.45278930664062,40922000.0,0.0,0.0,188.85000610351562,180.45278930664062
2019-06-21,180.2425714662903,181.3318807815707,179.80301895156344,180.18524169921875,39980400.0,0.0,0.0,188.57000732421875,180.18524169921875
2019-06-24,180.5452886571571,180.7272440268668,180.0951931465726,180.1909637451172,19375200.0,0.416,0.0,188.16000366210938,180.1909637451172
2019-06-25,180.0664764566091,180.17181827675842,176.82962290342388,177.09776306152344,33921100.0,0.0,0.0,184.92999267578125,177.09776306152344
2019-06-26,178.27568049044962,179.39612642748287,177.63405835279175,177.9213409423828,22595700.0,0.0,0.0,185.7899932861328,177.9213409423828
2019-06-27,178.56301887611042,179.02268573801575,178.1129232318847,178.601318359375,19709200.0,0.0,0.0,186.5,178.601318359375
2019-06-28,179.03222880892415,179.2237554202281,178.18950879667798,178.8311309814453,21179200.0,0.0,0.0,186.74000549316406,178.8311309814453
2019-07-01,182.25953421406788,182.49894616131468,180.4016951654254,181.24441528320312,31025600.0,0.0,0.0,189.25999450683594,181.24441528320312
2019-07-02,181.18690855185886,181.98175774999243,180.66978531860676,181.9626007080078,18035800.0,0.0,0.0,190.00999450683594,181.9626007080078
2019-07-03,182.42228427269814,183.33204650878906,182.23074307559122,183.33204650878906,15792100.0,0.0,0.0,191.44000244140625,183.33204650878906
2019-07-05,182.07753837094145,183.29374027189883,181.36887390391357,182.9585723876953,21415600.0,0.0,0.0,191.0500030517578,182.9585723876953
2019-07-08,181.77109474081703,181.82855126074557,180.92836014841646,181.6753387451172,17598800.0,0.0,0.0,189.7100067138672,181.6753387451172
2019-07-09,180.81344432914102,182.8149243427829,180.6602172033248,182.58509826660156,19193500.0,0.0,0.0,190.66000366210938,182.58509826660156
2019-07-10,183.69595224593346,184.9121540617014,183.3607697726656,184.40460205078125,28374500.0,0.0,0.0,192.55999755859375,184.40460205078125
2019-07-11,184.68233437177597,185.15157231546146,183.68637274479178,184.27053833007812,23736100.0,0.0,0.0,192.4199981689453,184.27053833007812
2019-07-12,184.47168004896076,185.34312834533438,184.29929586544515,185.33355712890625,20211900.0,0.0,0.0,193.52999877929688,185.33355712890625
2019-07-15,185.76449351745933,185.9656059604743,185.24737019798988,185.9272918701172,15606100.0,0.0,0.0,194.14999389648438,185.9272918701172
2019-07-16,185.69742592734218,185.8697954593267,184.4045959872949,184.9696044921875,20190900.0,0.0,0.0,193.14999389648438,184.9696044921875
2019-07-17,184.96962249946242,185.2952337791448,184.04070318655974,184.0598602294922,16765100.0,0.0,0.0,192.1999969482422,184.0598602294922
2019-07-18,183.1883919312997,184.6248632447046,182.61381217346283,184.27053833007812,28877000.0,0.0,0.0,192.4199981689453,184.27053833007812
2019-07-19,185.53467691614628,185.62086170504247,182.7287614619866,182.9202880859375,29387900.0,0.0,0.0,191.00999450683594,182.9202880859375
2019-07-22,183.3320830129603,184.76855460203484,183.3320830129603,184.37591552734375,18954900.0,0.0,0.0,192.52999877929688,184.37591552734375
2019-07-23,185.38143696317601,185.60169183487392,184.1460632908423,185.58253479003906,23786700.0,0.0,0.0,193.7899932861328,185.58253479003906
2019-07-24,184.87388216969484,186.89451930022904,184.8547251251397,186.8849334716797,20422900.0,0.0,0.0,195.14999389648438,186.8849334716797
2019-07-25,186.25288421506173,186.28161247363113,184.75894170673973,185.11328125,23434700.0,0.0,0.0,193.3000030517578,185.11328125
2019-07-26,186.29119026204037,187.26799492549333,186.19541965506818,187.0189971923828,20431200.0,0.0,0.0,195.2899932861328,187.0189971923828
2019-07-29,186.8466329786091,186.91366071537217,185.19947785687197,186.37738037109375,20451700.0,0.0,0.0,194.6199951171875,186.37738037109375
2019-07-30,184.95051758566822,186.30078982918687,184.81644748303003,185.57298278808594,18705000.0,0.0,0.0,193.77999877929688,185.57298278808594
2019-07-31,186.07092373570364,186.1954079819116,181.30184298084532,183.00645446777344,41627500.0,0.0,0.0,191.10000610351562,183.00645446777344
2019-08-01,183.3224674087497,186.7221192065694,181.2156456761357,182.0966796875,63251600.0,0.0,0.0,190.14999389648438,182.0966796875
2019-08-02,180.72728647617888,180.9858554629487,178.32359585856344,179.41531372070312,55214000.0,0.0,0.0,187.35000610351562,179.41531372070312
2019-08-05,175.66132974306183,175.73794332091757,171.61048362205509,173.07568359375,75040000.0,0.0,0.0,180.72999572753906,173.07568359375
2019-08-06,174.6749270678485,176.0156425572936,173.40126854106393,175.49850463867188,41897200.0,0.0,0.0,183.25999450683594,175.49850463867188
2019-08-07,173.59276305862767,176.69553154658306,172.27120485817798,176.44654846191406,49990600.0,0.0,0.0,184.25,176.44654846191406
2019-08-08,177.24147562321366,180.34426008914377,176.753080453249,180.2867889404297,38418100.0,0.0,0.0,188.25999450683594,180.2867889404297
2019-08-09,179.42486938420234,180.03776331310692,177.1935485428272,178.5917205810547,33608900.0,0.0,0.0,186.49000549316406,178.5917205810547
2019-08-12,177.49040492362144,178.0266852484027,175.72833682432784,176.54234313964844,24642900.0,0.0,0.0,184.35000610351562,176.54234313964844
2019-08-13,176.38912242935072,181.6465986590672,176.22632408287478,180.41123962402344,40241900.0,0.0,0.0,188.38999938964844,180.41123962402344
2019-08-14,177.50955816226156,178.07456673429144,174.69407190497003,175.01966857910156,51000500.0,0.0,0.0,182.75999450683594,175.01966857910156
2019-08-15,175.24951149725288,175.8145200764906,173.48744341325252,174.81857299804688,36685000.0,0.0,0.0,182.5500030517578,174.81857299804688
2019-08-16,176.40826405807005,178.0745614661195,176.30292224160948,177.6244659423828,32781400.0,0.0,0.0,185.47999572753906,177.6244659423828
2019-08-19,180.19096960387927,180.83259171987305,179.55891870303446,180.44952392578125,22494100.0,0.0,0.0,188.42999267578125,180.44952392578125
2019-08-20,179.9994527453012,180.6506461116526,179.00349103935514,179.05137634277344,19902900.0,0.0,0.0,186.97000122070312,179.05137634277344
2019-08-21,180.62191046179072,181.21564728476403,179.99944538045042,180.6410675048828,20418500.0,0.0,0.0,188.6300048828125,180.6410675048828
2019-08-22,180.97626418107362,181.43594561315908,178.63960137854582,180.0569305419922,24243700.0,0.0,0.0,188.02000427246094,180.0569305419922
2019-08-23,178.8311144245043,180.4686836039654,173.87049235950767,174.35890197753906,55372400.0,0.0,0.0,182.07000732421875,174.35890197753906
2019-08-26,176.3412388944307,177.04031759220717,175.3261347164842,176.99244689941406,27598900.0,0.0,0.0,184.82000732421875,176.99244689941406
2019-08-27,178.2278286447566,178.5246971180904,175.92947982132813,176.6189727783203,28012800.0,0.0,0.0,184.42999267578125,176.6189727783203
2019-08-28,176.04439140852605,177.54789080972168,175.16335721315144,177.2510223388672,21792400.0,0.0,0.0,185.08999633789062,177.2510223388672
2019-08-29,179.45359901925042,180.4782890557168,178.77366273371598,179.96115112304688,25358900.0,0.0,0.0,187.9199981689453,179.96115112304688
2019-08-30,180.92836983728824,180.96668392765451,178.51510819579784,179.53021240234375,26319800.0,0.0,0.0,187.47000122070312,179.53021240234375
2019-09-03,178.33315869214982,179.2524923157097,177.19355557306363,177.78729248046875,27964200.0,0.0,0.0,185.64999389648438,177.78729248046875
2019-09-04,179.50142368127067,180.50695633281404,178.9842859233162,180.35372924804688,21592100.0,0.0,0.0,188.3300018310547,180.35372924804688
2019-09-05,182.34568128511157,184.18436290608233,182.27863893973,183.65765380859375,33932600.0,0.0,0.0,191.77999877929688,183.65765380859375
2019-09-06,183.96411765668537,184.03114539302393,183.0734977521511,183.4757080078125,19487800.0,0.0,0.0,191.58999633789062,183.4757080078125
2019-09-09,184.05029899012374,184.12691255346382,182.1637320039359,183.0926513671875,24407600.0,0.0,0.0,191.19000244140625,183.0926513671875
2019-09-10,182.1062512623935,182.6616885633223,180.9091918929455,182.56591796875,23744700.0,0.0,0.0,190.63999938964844,182.56591796875
2019-09-11,182.9107372303683,184.37593725488534,182.48936984324382,184.28016662597656,25063600.0,0.0,0.0,192.42999267578125,184.28016662597656
2019-09-12,185.4101448800732,186.46356304224892,184.79725102550063,185.04623413085938,28689900.0,0.0,0.0,193.22999572753906,185.04623413085938
2019-09-13,184.7781371456348,185.20907572626464,184.1460861006867,184.385498046875,27669800.0,0.0,0.0,192.5399932861328,184.385498046875
2019-09-16,183.19797825912042,183.9449421751278,183.01602288758545,183.56187438964844,20319000.0,0.0,0.0,191.67999267578125,183.56187438964844
2019-09-17,183.58107090324958,184.44296264648438,183.18843181841632,184.44296264648438,20953400.0,0.0,0.0,192.60000610351562,184.44296264648438
2019-09-18,184.05986350681684,184.4429313095751,182.05838355473605,184.36631774902344,29781300.0,0.0,0.0,192.52000427246094,184.36631774902344
2019-09-19,184.69193231368405,185.8219495630687,184.3184503026534,184.6727752685547,26039400.0,0.0,0.0,192.83999633789062,184.6727752685547
2019-09-20,184.93129468174152,185.12282124408384,182.1062377027071,182.71913146972656,29086100.0,0.0,0.0,190.8000030517578,182.71913146972656
2019-09-23,182.6654184666423,183.34672584785073,182.05128862868426,182.7997589111328,22485900.0,0.384,0.0,190.5,182.7997589111328
2019-09-24,183.63458653292358,184.03760786367937,179.5851629079833,180.3720245361328,40820700.0,0.0,0.0,187.97000122070312,180.3720245361328
2019-09-25,180.18966433861476,182.87648728740137,178.68313358388534,182.39669799804688,34704900.0,0.0,0.0,190.0800018310547,182.39669799804688
2019-09-26,182.15684414982042,182.31997078769447,180.38161752482029,181.72503662109375,26826000.0,0.0,0.0,189.3800048828125,181.72503662109375
2019-09-27,182.0608762343886,182.15683996835182,178.2417568232152,179.4700164794922,40773500.0,0.0,0.0,187.02999877929688,179.4700164794922
2019-09-30,180.19928042065283,181.46593135242946,179.8250453075387,181.1780548095703,26307700.0,0.0,0.0,188.80999755859375,181.1780548095703
2019-10-01,181.84020478570434,182.88614229123309,179.40288077881934,179.70034790039062,32367600.0,0.0,0.0,187.27000427246094,179.70034790039062
2019-10-02,178.4816647060857,178.5104509,175.62212385518143,176.61048889160156,48544300.0,0.0,0.0,184.0500030517578,176.61048889160156
2019-10-03,176.59126415016206,178.68315329637045,174.470603456786,178.54881286621094,39392500.0,0.0,0.0,186.07000732421875,178.54881286621094
2019-10-04,179.51798773262897,181.43714516234448,179.32607491805928,181.1780548095703,31887600.0,0.0,0.0,188.80999755859375,181.1780548095703
2019-10-07,180.65988970586292,182.07047159555887,180.31444078099844,180.631103515625,21216000.0,0.0,0.0,188.24000549316406,180.631103515625
2019-10-08,179.49881860268616,180.26648461649594,177.7811788915719,177.92510986328125,32379300.0,0.0,0.0,185.4199981689453,177.92510986328125
2019-10-09,179.43165197835742,180.47758939646837,178.89427553041818,179.6619415283203,20147400.0,0.0,0.0,187.22999572753906,179.6619415283203
2019-10-10,179.70994008698938,181.77302892105075,179.5564039447489,181.0533447265625,25177700.0,0.0,0.0,188.67999267578125,181.0533447265625
2019-10-11,183.11643566762604,184.84368054456394,183.01088140731284,183.38511657714844,40976700.0,0.0,0.0,191.11000061035156,183.38511657714844
2019-10-14,183.12605678292846,183.95129532635073,182.94373442628657,183.36595153808594,14975000.0,0.0,0.0,191.08999633789062,183.36595153808594
2019-10-15,183.932102098035,186.12954628409773,183.81695729946892,185.69773864746094,23234200.0,0.0,0.0,193.52000427246094,185.69773864746094
2019-10-16,185.06437390306573,185.7072899626927,184.65174739195527,185.23709106445312,20457100.0,0.0,0.0,193.0399932861328,185.23709106445312
2019-10-17,186.35019128117347,186.6380678360578,185.01637739748563,185.72647094726562,19045200.0,0.0,0.0,193.5500030517578,185.72647094726562
2019-10-18,185.3906243909831,185.84162760602985,183.0012825091512,183.94166564941406,27700800.0,0.0,0.0,191.69000244140625,183.94166564941406
2019-10-21,184.92047609427013,185.69773274390926,184.37350903444195,185.57298278808594,15801200.0,0.0,0.0,193.38999938964844,185.57298278808594
2019-10-22,186.3022191227195,186.56130949981684,184.03761255737552,184.09519958496094,22392300.0,0.0,0.0,191.85000610351562,184.09519958496094
2019-10-23,183.72095126174352,184.4886025370391,183.42346955425552,184.45022583007812,14828400.0,0.0,0.0,192.22000122070312,184.45022583007812
2019-10-24,185.76486998867455,186.35981884483283,184.94923673412043,186.24465942382812,18998500.0,0.0,0.0,194.08999633789062,186.24465942382812
2019-10-25,185.2850657763721,187.82795836508814,185.2466890671056,187.73199462890625,21507100.0,0.0,0.0,195.63999938964844,187.73199462890625
2019-10-28,188.60524029111045,189.8335001414959,188.60524029111045,189.58401489257812,18818700.0,0.0,0.0,197.57000732421875,189.58401489257812
2019-10-29,189.26733579009644,189.55519772866606,188.0870432739165,188.11582946777344,18569700.0,0.0,0.0,196.0399932861328,188.11582946777344
2019-10-30,188.4804379228738,189.34406749879216,187.39610935575766,189.02740478515625,21764300.0,0.0,0.0,196.99000549316406,189.02740478515625
2019-10-31,189.57443968135118,189.66079828400265,188.01992626556589,189.1138458251953,26801800.0,0.0,0.0,197.0800018310547,189.1138458251953
2019-11-01,189.92947527940217,190.8410870950305,189.6416132765873,190.83148193359375,22131900.0,0.0,0.0,198.8699951171875,190.83148193359375
2019-11-04,192.09806206002284,192.42431530354037,190.83141114941267,192.01170349121094,19015900.0,0.0,0.0,200.10000610351562,192.01170349121094
2019-11-05,192.25160423033776,192.44351704775426,191.4839383186625,192.1172637939453,15048900.0,0.0,0.0,200.2100067138672,192.1172637939453
2019-11-06,191.8965638290817,191.91575950479515,190.75466271730653,191.68545532226562,19725500.0,0.0,0.0,199.75999450683594,191.68545532226562
2019-11-07,192.64504718110794,193.566249331673,191.7718415440858,192.32838439941406,17832400.0,0.0,0.0,200.42999267578125,192.32838439941406
2019-11-08,191.98295370338664,193.11524975452707,191.4743634259289,193.09605407714844,15258800.0,0.0,0.0,201.22999572753906,193.09605407714844
2019-11-11,192.1172757472704,192.91371325700177,191.8581853745327,192.8369598388672,10147600.0,0.0,0.0,200.9600067138672,192.8369598388672
2019-11-12,193.00010795066885,194.03645491492173,192.70264083576524,193.39352416992188,14778300.0,0.0,0.0,201.5399932861328,193.39352416992188
2019-11-13,192.72179845969748,193.6238048546764,192.5970631749948,193.4414825439453,15774600.0,0.0,0.0,201.58999633789062,193.4414825439453
2019-11-14,192.71224054638006,193.41272907379482,192.12689680648208,193.28797912597656,16945400.0,0.0,0.0,201.42999267578125,193.28797912597656
2019-11-15,194.4586300340992,194.7081298828125,193.83490969633576,194.7081298828125,18427900.0,0.0,0.0,202.91000366210938,194.7081298828125
2019-11-18,194.40107069876768,195.1687366873914,193.61422367588628,194.86167907714844,18365900.0,0.0,0.0,203.07000732421875,194.86167907714844
2019-11-19,195.60055463483255,195.60055463483255,194.4010810394335,195.14955139160156,16923300.0,0.0,0.0,203.3699951171875,195.14955139160156
2019-11-20,194.64100897510184,195.2263527752293,192.51074233477013,193.97889709472656,36629000.0,0.0,0.0,202.14999389648438,193.97889709472656
2019-11-21,193.7677571491749,193.9021122493572,192.94253336470737,193.54705810546875,17883600.0,0.0,0.0,201.6999969482422,193.54705810546875
2019-11-22,194.026822904048,194.14198231214738,192.62584610992678,193.67178344726562,17189600.0,0.0,0.0,201.8300018310547,193.67178344726562
2019-11-25,194.50664588976986,196.00358667559422,194.47785969327418,195.9652099609375,17752800.0,0.0,0.0,204.22000122070312,195.9652099609375
2019-11-26,196.0899465294158,196.5889169959748,195.8020699420863,196.3394317626953,14780600.0,0.0,0.0,204.61000061035156,196.3394317626953
2019-11-27,196.84799382624337,197.7212140455752,196.60809912699904,197.71160888671875,16963100.0,0.0,0.0,206.0399932861328,197.71160888671875
2019-11-29,197.21265271448692,197.5101198203373,196.71366760421546,196.80963134765625,9854600.0,0.0,0.0,205.10000610351562,196.80963134765625
2019-12-02,196.81919104678744,196.88635394307028,193.6237921651035,194.7944793701172,28007000.0,0.0,0.0,203.0,194.7944793701172
2019-12-03,192.11726151888558,193.34552110621718,191.1768638332651,193.2687530517578,31104100.0,0.0,0.0,201.41000366210938,193.2687530517578
2019-12-04,194.25710271590322,194.70810584920514,193.9692261947731,194.24749755859375,15300100.0,0.0,0.0,202.42999267578125,194.24749755859375
2019-12-05,194.93843578925498,194.93843578925498,193.68138984964185,194.63137817382812,14962300.0,0.0,0.0,202.8300018310547,194.63137817382812
2019-12-06,196.0515266437674,196.85756925737667,195.8979905339344,196.71363830566406,16555300.0,0.0,0.0,205.0,196.71363830566406
2019-12-09,196.35865094744108,197.27983856676485,195.73491582655268,195.8212890625,13984100.0,0.0,0.0,204.07000732421875,195.8212890625
2019-12-10,195.91718666917825,196.59849400690953,195.21669829917968,195.65809631347656,21799800.0,0.0,0.0,203.89999389648438,195.65809631347656
2019-12-11,196.0995694761221,196.89602182123906,195.79249716098664,196.6945037841797,18780800.0,0.0,0.0,204.97999572753906,196.6945037841797
2019-12-12,196.49294004203296,198.93986872446516,196.2242591698139,198.16259765625,32612000.0,0.0,0.0,206.50999450683594,198.16259765625
2019-12-13,198.05704909604623,199.50602238640343,197.63484674330317,198.81512451171875,32519400.0,0.0,0.0,207.19000244140625,198.81512451171875
2019-12-16,200.12015253919603,201.0605356205341,200.05297499809555,200.81105041503906,21296600.0,0.0,0.0,209.27000427246094,200.81105041503906
2019-12-17,201.0701547319817,201.23329602870965,200.5903652856362,200.9262237548828,15996100.0,0.0,0.0,209.38999938964844,200.9262237548828
2019-12-18,201.09895336783669,201.63631519913883,200.8686491649879,201.0797576904297,15443300.0,0.0,0.0,209.5500030517578,201.0797576904297
2019-12-19,201.16611982270743,202.40397016006767,201.14692414496196,202.33680725097656,17865900.0,0.0,0.0,210.86000061035156,202.33680725097656
2019-12-20,203.29635099711848,203.9296764750993,202.73020305862477,203.1524200439453,27672600.0,0.0,0.0,211.7100067138672,203.1524200439453
2019-12-23,203.87177401344843,204.01601704065342,203.51596476383838,203.68905639648438,23774700.0,0.458,0.0,211.80999755859375,203.68905639648438
2019-12-24,203.87178008910897,203.95832590801115,203.33325320648603,203.7948455810547,7089000.0,0.0,0.0,211.9199981689453,203.7948455810547
2019-12-26,204.12180206215055,205.61237694349705,204.09295345643957,205.5931396484375,17067500.0,0.0,0.0,213.7899932861328,205.5931396484375
2019-12-27,206.31438005215182,206.33361734683032,204.87189110014796,205.4200439453125,18134100.0,0.0,0.0,213.61000061035156,205.4200439453125
2019-12-30,205.31423383027519,205.439254218607,203.06395488282948,204.07369995117188,21815500.0,0.0,0.0,212.2100067138672,204.07369995117188
2019-12-31,203.41979545237197,204.60263231119663,203.1024461148811,204.45838928222656,18170900.0,0.0,0.0,212.61000061035156,204.45838928222656
2020-01-02,206.1797238573661,207.87225341796875,205.7758287596099,207.87225341796875,30969400.0,0.0,0.0,216.16000366210938,207.87225341796875
2020-01-03,205.12192000809563,207.20871881006332,205.1026827145333,205.96817016601562,27518900.0,0.0,0.0,214.17999267578125,205.96817016601562
2020-01-06,204.35258272492132,207.32410617084366,204.10255661213913,207.29525756835938,21655300.0,0.0,0.0,215.55999755859375,207.29525756835938
2020-01-07,207.37224736196623,207.85307709659088,206.61254283771325,207.26646423339844,22139300.0,0.0,0.0,215.52999877929688,207.26646423339844
2020-01-08,207.23760861918177,209.776388945246,206.9106479323895,208.8243408203125,26397300.0,0.0,0.0,217.14999389648438,208.8243408203125
2020-01-09,210.54567936135098,210.99766038450863,209.362842587904,210.59376525878906,23547000.0,0.0,0.0,218.99000549316406,210.59376525878906
2020-01-10,211.42083667053302,211.44005929449207,209.6802207341601,210.05526733398438,21898500.0,0.0,0.0,218.42999267578125,210.05526733398438
2020-01-13,210.92072389695133,212.50745578117437,210.5841372918104,212.47860717773438,22756900.0,0.0,0.0,220.9499969482422,212.47860717773438
2020-01-14,212.37279289195686,212.72861673839867,211.31497668237523,211.64193725585938,24418100.0,0.0,0.0,220.0800018310547,211.64193725585938
2020-01-15,211.7573489677741,212.71900814989277,211.03610458118513,211.72850036621094,25742100.0,0.0,0.0,220.1699981689453,211.72850036621094
2020-01-16,212.7863891567964,213.79613450715146,212.33440804448279,213.75765991210938,18805000.0,0.0,0.0,222.27999877929688,213.75765991210938
2020-01-17,214.7192579011785,214.98852129437338,213.60372974436868,214.8154296875,24325200.0,0.0,0.0,223.3800048828125,214.8154296875
2020-01-21,214.21920189733441,215.25779561254973,214.12304477988707,214.71926879882812,21146300.0,0.0,0.0,223.27999877929688,214.71926879882812
2020-01-22,215.80597111924962,216.51758962351428,215.01740343492136,215.2866668701172,20736400.0,0.0,0.0,223.8699951171875,215.2866668701172
2020-01-23,215.16158731170663,216.07516041578575,214.16145374663452,215.97898864746094,26496100.0,0.0,0.0,224.58999633789062,215.97898864746094
2020-01-24,216.98876393416538,217.21956740624458,213.17097604182496,214.16148376464844,37436500.0,0.0,0.0,222.6999969482422,214.16148376464844
2020-01-27,209.32431773495625,210.87258934863604,208.8530995312269,209.7378387451172,42264400.0,0.0,0.0,218.10000610351562,209.7378387451172
2020-01-28,211.21882607589092,213.4498824630275,210.66106197910676,212.9594268798828,26731900.0,0.0,0.0,221.4499969482422,212.9594268798828
2020-01-29,214.14225706896573,214.3826718616193,212.36319640758214,213.3056182861328,28924500.0,0.0,0.0,221.80999755859375,213.3056182861328
2020-01-30,211.93048380648497,214.16152577925908,211.26693653361582,214.06536865234375,39568100.0,0.0,0.0,222.60000610351562,214.06536865234375
2020-01-31,214.95966099511418,214.98850959468982,209.92056194543707,210.67066955566406,52015800.0,0.0,0.0,219.07000732421875,210.67066955566406
2020-02-03,211.69962294954283,214.34418534040935,211.55537996136025,213.85374450683594,25408600.0,0.0,0.0,222.3800048828125,213.85374450683594
2020-02-04,216.77723746961846,219.1236885075195,216.03675570056626,218.74864196777344,30691200.0,0.0,0.0,227.47000122070312,218.74864196777344
2020-02-05,221.3835863748112,221.4220462890494,218.15241064983184,219.46987915039062,38534800.0,0.0,0.0,228.22000122070312,219.46987915039062
2020-02-06,220.01800241908666,221.4220313107776,219.23906081309056,221.3643341064453,22467100.0,0.0,0.0,230.19000244140625,221.3643341064453
2020-02-07,220.37380205548558,221.60472452499275,219.7775634375579,220.41226196289062,25884900.0,0.0,0.0,229.1999969482422,220.41226196289062
2020-02-10,219.68146968325763,223.08573740981743,219.62377246863488,223.0761260986328,21478900.0,0.0,0.0,231.97000122070312,223.0761260986328
2020-02-11,224.30704111152332,225.0475229121619,222.5279654625722,223.1145782470703,30198000.0,0.0,0.0,232.00999450683594,223.1145782470703
2020-02-12,224.4320267388098,225.39368593001387,223.87426264706087,225.28790283203125,24471300.0,0.0,0.0,234.27000427246094,225.28790283203125
2020-02-13,223.72042675044486,225.9226201676276,223.4511633109751,224.9994354248047,22773200.0,0.0,0.0,233.97000122070312,224.9994354248047
2020-02-14,225.3552218286464,225.8552887399871,224.5955174887056,225.6437225341797,23438500.0,0.0,0.0,234.63999938964844,225.6437225341797
2020-02-18,224.54747915998328,226.15344866335997,224.30706430006893,225.73031616210938,24394500.0,0.0,0.0,234.72999572753906,225.73031616210938
2020-02-19,227.07661086604313,228.365230781721,226.8073474410882,227.89401245117188,22230500.0,0.0,0.0,236.97999572753906,227.89401245117188
2020-02-20,227.39393058443332,227.86513417987828,222.9895298871616,225.77833557128906,42604000.0,0.0,0.0,234.77999877929688,225.77833557128906
2020-02-21,224.65320713921074,225.0378649511475,220.5276956122324,221.44126892089844,66017200.0,0.0,0.0,230.27000427246094,221.44126892089844
2020-02-24,213.18056227849996,215.65203297742818,211.81500824524562,212.9016876220703,84522600.0,0.0,0.0,221.38999938964844,212.9016876220703
2020-02-25,214.6904126277907,215.40204570583873,206.50669826213408,207.11253356933594,97743000.0,0.0,0.0,215.3699951171875,207.11253356933594
2020-02-26,208.4011543208731,211.83426974841416,206.66053898797708,208.17996215820312,79537700.0,0.0,0.0,216.47999572753906,208.17996215820312
2020-02-27,202.81390650435685,208.12226905920852,197.6209530243144,197.75558471679688,121822600.0,0.0,0.0,205.63999938964844,197.75558471679688
2020-02-28,191.0240155514803,199.22696875565467,190.57203447632585,197.9095001220703,148173700.0,0.0,0.0,205.8000030517578,197.9095001220703
2020-03-02,200.87136523994843,208.26652635156574,198.0440850292582,208.1222686767578,112933900.0,0.0,0.0,216.4199981689453,208.1222686767578
2020-03-03,208.7858918767442,211.19004059501827,199.65973805962247,201.44842529296875,131953500.0,0.0,0.0,209.47999572753906,201.44842529296875
2020-03-04,205.14114728091698,209.95905458316716,203.26590010471475,209.853271484375,73086200.0,0.0,0.0,218.22000122070312,209.853271484375
2020-03-05,204.535309076221,208.0645967774668,202.04461513012131,203.47747802734375,78705500.0,0.0,0.0,211.58999633789062,203.47747802734375
2020-03-06,196.82279300712034,201.1310222524558,195.1302780434631,200.0443572998047,89828400.0,0.0,0.0,208.02000427246094,200.0443572998047
2020-03-09,186.06183123737765,193.44738205285324,184.7443627345918,186.1483917236328,116424000.0,0.0,0.0,193.57000732421875,186.1483917236328
2020-03-10,193.3992634045086,196.46695830060617,186.2541286162111,196.28424072265625,100599200.0,0.0,0.0,204.11000061035156,196.28424072265625
2020-03-11,191.7067801363465,193.05309723636302,185.3405858308963,187.73512268066406,89168800.0,0.0,0.0,195.22000122070312,187.73512268066406
2020-03-12,175.10848033799175,183.4652992311307,170.15594245507646,170.52137756347656,137820700.0,0.0,0.0,177.32000732421875,170.52137756347656
2020-03-13,179.89761172445756,187.0234959628267,171.300375261894,184.96554565429688,134882000.0,0.0,0.0,192.33999633789062,184.96554565429688
2020-03-16,167.4729527492574,177.5992234918401,162.67428247633464,162.8089141845703,92054400.0,0.0,0.0,169.3000030517578,162.8089141845703
2020-03-17,168.74235073756225,177.3203495358263,163.27050722593142,175.1566162109375,121257100.0,0.0,0.0,182.13999938964844,175.1566162109375
2020-03-18,165.03032561815462,172.34855226120564,160.4047475021123,169.82901000976562,114156300.0,0.0,0.0,176.60000610351562,169.82901000976562
2020-03-19,168.95388856529914,176.45483243292298,165.04955499162978,170.84835815429688,120896500.0,0.0,0.0,177.66000366210938,170.84835815429688
2020-03-20,174.77195377989193,175.8586187318692,163.5782409272634,164.1552276611328,118983900.0,0.0,0.0,170.6999969482422,164.1552276611328
2020-03-23,164.7170709112178,167.8876804162375,158.94445114673107,164.27377319335938,124639800.0,0.363,0.0,170.4600067138672,164.27377319335938
2020-03-24,173.38081330180987,177.15854915217318,171.49193802411529,176.99472045898438,94881800.0,0.0,0.0,183.66000366210938,176.99472045898438
2020-03-25,177.72710870040686,182.63238112970294,173.44824087496102,175.68405151367188,88754900.0,0.0,0.0,182.3000030517578,175.68405151367188
2020-03-26,177.19711953497,185.7259476801516,176.94656055890172,184.93569946289062,79887600.0,0.0,0.0,191.89999389648438,184.93569946289062
2020-03-27,180.14604562549948,183.59612425635424,177.958437641501,178.57521057128906,58845000.0,0.0,0.0,185.3000030517578,178.57521057128906
2020-03-30,180.27127801172293,185.50422189472587,179.5774068371256,185.07054138183594,49356900.0,0.0,0.0,192.0399932861328,185.07054138183594
2020-03-31,184.7622147202768,188.16410491571844,182.33366492098668,183.4901123046875,62659300.0,0.0,0.0,190.39999389648438,183.4901123046875
2020-04-01,178.06442445917838,180.84954144843974,174.29632067811158,175.69369506835938,53715400.0,0.0,0.0,182.30999755859375,175.69369506835938
2020-04-02,174.6625802697072,183.20104043794834,174.4023747881219,179.25946044921875,56465300.0,0.0,0.0,186.00999450683594,179.25946044921875
2020-04-03,178.81613286364367,180.28097404643722,174.71072483496295,176.71524047851562,47487600.0,0.0,0.0,183.3699951171875,176.71524047851562
2020-04-06,183.5671905415819,190.47697870613135,182.324013049644,189.3494415283203,64763500.0,0.0,0.0,196.47999572753906,189.3494415283203
2020-04-07,195.0256482019926,195.30513184987603,188.8868309032442,189.27230834960938,69904500.0,0.0,0.0,196.39999389648438,189.27230834960938
2020-04-08,190.95884325294728,193.8692471906298,189.05070444182948,193.29103088378906,45940400.0,0.0,0.0,200.57000732421875,193.29103088378906
2020-04-09,195.00639586265342,195.84481744458336,191.80687699433022,193.57046508789062,68252600.0,0.0,0.0,200.86000061035156,193.57046508789062
2020-04-13,192.74170747225978,196.0375889054324,191.53707180055815,195.6617431640625,42853900.0,0.0,0.0,203.02999877929688,195.6617431640625
2020-04-14,199.7093347735553,204.7880833582473,198.9287331380293,204.1713104248047,63959600.0,0.0,0.0,211.86000061035156,204.1713104248047
2020-04-15,200.91396281233742,204.14239247223853,199.6033185411718,201.82948303222656,47036000.0,0.0,0.0,209.42999267578125,201.82948303222656
2020-04-16,204.0074660086225,206.59019787315222,202.08004890194934,205.51084899902344,64657400.0,0.0,0.0,213.25,205.51084899902344
2020-04-17,208.3248901888642,208.6525475897785,204.38332547044286,207.47682189941406,62863200.0,0.0,0.0,215.2899932861328,207.47682189941406
2020-04-20,205.61684269890014,208.04539219556722,204.8555194668825,205.01934814453125,38249100.0,0.0,0.0,212.74000549316406,205.01934814453125
2020-04-21,202.95703671781217,203.4967111801459,196.2399866101397,197.45425415039062,72932800.0,0.0,0.0,204.88999938964844,197.45425415039062
2020-04-22,201.51148343212782,204.64353652652227,200.7694236585099,203.31361389160156,40089100.0,0.0,0.0,210.97000122070312,203.31361389160156
2020-04-23,204.1038125120791,206.6576488071324,202.47515753307493,202.87991333007812,43278500.0,0.0,0.0,210.52000427246094,202.87991333007812
2020-04-24,203.31359836320192,206.5227496686499,201.89694558768815,206.07943725585938,34231900.0,0.0,0.0,213.83999633789062,206.07943725585938
2020-04-27,208.3441558687106,208.76818998777122,206.71548605005756,207.7370147705078,36451700.0,0.0,0.0,215.55999755859375,207.7370147705078
2020-04-28,209.43313115803485,209.43313115803485,203.54487183502485,203.8243408203125,46862800.0,0.0,0.0,211.5,203.8243408203125
2020-04-29,208.34413609811057,211.98695293159466,207.33223926547072,211.05215454101562,48716400.0,0.0,0.0,219.0,211.05215454101562
2020-04-30,211.96773524240731,212.0544655001362,209.4621013317264,210.96548461914062,43359500.0,0.0,0.0,218.91000366210938,210.96548461914062
2020-05-01,206.71546978226925,208.80671542758486,203.99780479944727,205.01934814453125,48795000.0,0.0,0.0,212.74000549316406,205.01934814453125
2020-05-04,203.78585379242324,207.63104220025195,203.45818164956526,207.40939331054688,32841000.0,0.0,0.0,215.22000122070312,207.40939331054688
2020-05-05,209.54878616858926,212.1507962716544,208.98020166223924,209.76080322265625,37783100.0,0.0,0.0,217.66000366210938,209.76080322265625
2020-05-06,211.43763204629545,213.01811334598153,210.19445459249738,211.05215454101562,36455200.0,0.0,0.0,219.0,211.05215454101562
2020-05-07,213.76988220214844,214.64684598972408,212.42068112775078,213.76988220214844,38624800.0,0.0,0.0,221.82000732421875,213.76988220214844
2020-05-08,215.43708313854327,216.83445781456493,214.405907769634,216.6995391845703,31852300.0,0.0,0.0,224.86000061035156,216.6995391845703
2020-05-11,215.37925611327955,219.6581102590585,215.14796073849664,218.63658142089844,35714100.0,0.0,0.0,226.8699951171875,218.63658142089844
2020-05-12,219.2340853946227,219.8219482574798,214.03004987793034,214.0589599609375,41054100.0,0.0,0.0,222.1199951171875,214.0589599609375
2020-05-13,214.579356589653,216.45858538523214,208.84529346261877,211.3798370361328,65521200.0,0.0,0.0,219.33999633789062,211.3798370361328
2020-05-14,210.05951922552754,213.81797606954296,208.15138072818303,213.77943420410156,51549300.0,0.0,0.0,221.8300018310547,213.77943420410156
2020-05-15,210.84019410903045,215.22507175772745,210.40652812290176,215.16725158691406,55747200.0,0.0,0.0,223.27000427246094,215.16725158691406
2020-05-18,218.06793446495843,220.38082873116937,217.2873330177378,219.1761932373047,42398100.0,0.0,0.0,227.42999267578125,219.1761932373047
2020-05-19,219.43644957685967,221.5084319304571,218.4823874553903,218.62693786621094,36237300.0,0.0,0.0,226.86000061035156,218.62693786621094
2020-05-20,221.17109946832628,223.34907537189613,221.15182118103107,222.9925079345703,37417000.0,0.0,0.0,231.38999938964844,222.9925079345703
2020-05-21,223.04074909543598,223.71534226020222,220.0532461735779,220.5640106201172,43642900.0,0.0,0.0,228.8699951171875,220.5640106201172
2020-05-22,220.159238701974,221.52770322379243,219.24371842319027,221.32533264160156,28762400.0,0.0,0.0,229.66000366210938,221.32533264160156
2020-05-26,224.89104197726786,225.093427255723,220.48688656803228,220.72781372070312,33055300.0,0.0,0.0,229.0399932861328,220.72781372070312
2020-05-27,220.39052438773797,222.04810437344563,215.81290848994647,221.9324493408203,55665600.0,0.0,0.0,230.2899932861328,221.9324493408203
2020-05-28,220.79528801092937,224.9970582868922,220.73746784509476,221.6433563232422,42784300.0,0.0,0.0,229.99000549316406,221.6433563232422
2020-05-29,222.01920457253235,225.1223476170285,220.45798655252008,224.89105224609375,50691800.0,0.0,0.0,233.36000061035156,224.89105224609375
2020-06-01,224.02368799113012,225.94145852582582,223.58037560377372,225.56561279296875,25776000.0,0.0,0.0,234.05999755859375,225.56561279296875
2020-06-02,225.98966364871228,227.13647922003233,223.59002397330252,227.0786590576172,33383400.0,0.0,0.0,235.6300048828125,227.0786590576172
2020-06-03,227.6858020984865,228.85189604412668,226.80883839609248,228.10020446777344,37228700.0,0.0,0.0,236.69000244140625,228.10020446777344
2020-06-04,227.7532820322616,229.16028851919424,225.19944511840026,226.50045776367188,38716100.0,0.0,0.0,235.02999877929688,226.50045776367188
2020-06-05,227.64720260158256,231.57913469306175,227.07861816685264,230.99127197265625,47365600.0,0.0,0.0,239.69000244140625,230.99127197265625
2020-06-08,230.84671953064554,232.90905506017788,229.27588473010627,232.78378295898438,32937300.0,0.0,0.0,241.5500030517578,232.78378295898438
2020-06-09,231.92607098935858,235.3183140270211,231.74296403746305,234.4702606201172,35046300.0,0.0,0.0,243.3000030517578,234.4702606201172
2020-06-10,236.15681016614303,238.82628727279214,235.63639925472478,237.2843475341797,58084400.0,0.0,0.0,246.22000122070312,237.2843475341797
2020-06-11,233.37167154589946,234.74976774675312,225.46926418901526,225.52708435058594,72919400.0,0.0,0.0,234.02000427246094,225.52708435058594
2020-06-12,230.41306085773337,231.67551663511844,223.32981223274112,227.31956481933594,72034800.0,0.0,0.0,235.8800048828125,227.31956481933594
2020-06-15,224.00446460687445,230.76005766275023,223.06966594128593,230.08546447753906,45307400.0,0.0,0.0,238.75,230.08546447753906
2020-06-16,234.93289359770932,235.52075646260337,230.42274417264193,234.03665161132812,48890100.0,0.0,0.0,242.85000610351562,234.03665161132812
2020-06-17,235.53036275410633,236.59044803668823,233.9209712469323,234.77867126464844,34749300.0,0.0,0.0,243.6199951171875,234.77867126464844
2020-06-18,234.46064188903185,235.65564576052788,233.68968682873782,235.4147186279297,30578600.0,0.0,0.0,244.27999877929688,235.4147186279297
2020-06-19,237.77583056626153,238.0360360185882,233.65115872987195,235.37620544433594,49422100.0,0.0,0.0,244.24000549316406,235.37620544433594
2020-06-22,235.2448856932494,238.32446457639657,234.95528213043164,238.198974609375,24068700.0,0.424,0.0,246.74000549316406,238.198974609375
2020-06-23,239.79183727810704,242.45629299410982,239.24157581452485,240.22625732421875,32767400.0,0.0,0.0,248.83999633789062,240.22625732421875
2020-06-24,239.47326298317702,240.69930535245086,233.77750065197648,235.2738494873047,46032400.0,0.0,0.0,243.7100067138672,235.2738494873047
2020-06-25,235.36074647206536,237.81281664587638,232.7928201402532,237.5135498046875,36940800.0,0.0,0.0,246.02999877929688,237.5135498046875
2020-06-26,237.27218287499343,237.4459597314604,231.3833319883449,231.90464782714844,52824600.0,0.0,0.0,240.22000122070312,231.90464782714844
2020-06-29,231.66329618153986,234.4436079737528,229.13399376148874,234.43394470214844,34377800.0,0.0,0.0,242.83999633789062,234.43394470214844
2020-06-30,234.36639647362844,239.56981827910502,234.1829710638583,239.02920532226562,38909200.0,0.0,0.0,247.60000610351562,239.02920532226562
2020-07-01,239.06781638060323,242.81351294483457,238.52720341887877,241.8191680908203,34689200.0,0.0,0.0,250.49000549316406,241.8191680908203
2020-07-02,244.2616133855801,245.46834412455829,242.9969619280269,243.46034240722656,31956500.0,0.0,0.0,252.19000244140625,243.46034240722656
2020-07-06,246.60747686295844,249.96701092486788,246.58816504766384,249.4457244873047,34589000.0,0.0,0.0,258.3900146484375,249.4457244873047
2020-07-07,249.194728871071,251.84953649293794,247.42805857352045,247.72732543945312,36578200.0,0.0,0.0,256.6099853515625,247.72732543945312
2020-07-08,249.04996839038154,251.019332068151,247.6211883544664,250.99037170410156,30426300.0,0.0,0.0,259.989990234375,250.99037170410156
2020-07-09,252.90175445223738,253.77059452688948,248.7119896583512,253.10447692871094,40312900.0,0.0,0.0,262.17999267578125,253.10447692871094
2020-07-10,252.95968659760723,255.08354417496147,250.28558227351633,254.83253479003906,32885300.0,0.0,0.0,263.9700012207031,254.83253479003906
2020-07-13,257.67076287873977,260.45107476314644,248.76991721658544,249.5904998779297,64108100.0,0.0,0.0,258.5400085449219,249.5904998779297
2020-07-14,247.07080785895832,251.76259108624538,244.01054125900208,251.35711669921875,72230500.0,0.0,0.0,260.3699951171875,251.35711669921875
2020-07-15,252.76655948778497,253.59680530948566,248.5767951415403,251.86875915527344,54523900.0,0.0,0.0,260.8999938964844,251.86875915527344
2020-07-16,249.08849232489118,250.78757843319028,246.7715754706991,250.15042114257812,47594100.0,0.0,0.0,259.1199951171875,250.15042114257812
2020-07-17,250.60417761438833,251.29925568496543,248.26796344744795,250.44007873535156,35137900.0,0.0,0.0,259.4200134277344,250.44007873535156
2020-07-20,251.07719984118611,258.1727821487989,249.83187498850995,257.5452880859375,40610100.0,0.0,0.0,266.7799987792969,257.5452880859375
2020-07-21,259.1092127051723,259.11887597845634,254.02164662711917,254.8615264892578,43243800.0,0.0,0.0,264.0,254.8615264892578
2020-07-22,255.3538476360336,256.6860828769416,253.46167292169136,255.75929260253906,29865500.0,0.0,0.0,264.92999267578125,255.75929260253906
2020-07-23,255.35384085608533,256.05855262336553,247.66935970613696,249.07884216308594,51363500.0,0.0,0.0,258.010009765625,249.07884216308594
2020-07-24,245.2462802089507,248.03624091926736,242.62044783212232,246.7136688232422,54054500.0,0.0,0.0,255.55999755859375,246.7136688232422
2020-07-27,248.35476828567994,251.5019009920124,247.57280937897,251.11575317382812,36445700.0,0.0,0.0,260.1199951171875,251.11575317382812
2020-07-28,250.33385618454435,250.85517207168962,247.63079132748985,247.92039489746094,31302400.0,0.0,0.0,256.80999755859375,247.92039489746094
2020-07-29,249.45535151893188,251.63712993935263,248.98232253656346,250.77792358398438,27556900.0,0.0,0.0,259.7699890136719,250.77792358398438
2020-07-30,248.81815322095102,252.6507302732044,247.669343486265,252.0908203125,41774500.0,0.0,0.0,261.1300048828125,252.0908203125
2020-07-31,256.7052883991681,256.7439120121242,251.82044723227304,256.5894470214844,53686300.0,0.0,0.0,265.7900085449219,256.5894470214844
2020-08-03,258.72303208186116,260.7986027529654,258.59752738982127,260.0552673339844,32081600.0,0.0,0.0,269.3800048828125,260.0552673339844
2020-08-04,259.5532571357138,261.11720474062406,258.8099216921895,261.0206604003906,24911300.0,0.0,0.0,270.3800048828125,261.0206604003906
2020-08-05,261.50335108882535,262.1211818325002,260.6151844096224,261.6674499511719,21612100.0,0.0,0.0,271.04998779296875,261.6674499511719
2020-08-06,261.4744238759198,265.461466973587,260.83726650683303,265.13323974609375,28048200.0,0.0,0.0,274.6400146484375,265.13323974609375
2020-08-07,264.5925764693598,265.36490176263493,259.9297821973263,262.07293701171875,44969400.0,0.0,0.0,271.4700012207031,262.07293701171875
2020-08-10,262.3625783539898,262.5653303445869,257.43914015860594,260.953125,35088400.0,0.0,0.0,270.30999755859375,260.953125
2020-08-11,259.79460563922686,261.0785835075991,255.46970198457473,256.01031494140625,43104300.0,0.0,0.0,265.19000244140625,256.01031494140625
2020-08-12,258.16312201124356,263.39548922040774,258.11483511213305,262.44940185546875,38773400.0,0.0,0.0,271.8599853515625,262.44940185546875
2020-08-13,263.221705230733,265.3165728103605,262.1115191001237,263.0479431152344,31895700.0,0.0,0.0,272.4800109863281,263.0479431152344
2020-08-14,263.6658662936004,263.9361728329396,261.3489488905212,262.7391052246094,30799500.0,0.0,0.0,272.1600036621094,262.7391052246094
2020-08-17,264.44783495573483,266.2917233458615,262.7777382094537,265.78973388671875,24803000.0,0.0,0.0,275.32000732421875,265.78973388671875
2020-08-18,266.85153602138735,268.82089874334116,265.39379632892593,268.3478698730469,23529500.0,0.0,0.0,277.9700012207031,268.3478698730469
2020-08-19,268.30933494779384,269.3616006270008,266.031041431977,266.5426940917969,31999400.0,0.0,0.0,276.1000061035156,266.5426940917969
2020-08-20,265.7510796690975,270.72280461950794,265.34560516171996,270.2401123046875,27723400.0,0.0,0.0,279.92999267578125,270.2401123046875
2020-08-21,270.43312516462856,272.56661634860194,269.78630468125954,272.1128845214844,34748900.0,0.0,0.0,281.8699951171875,272.1128845214844
2020-08-24,275.3759912859797,276.1000298257325,271.53374949565824,273.81207275390625,36418500.0,0.0,0.0,283.6300048828125,273.81207275390625
2020-08-25,273.03963883710674,276.1578408489772,272.59557029160055,275.9647521972656,34866600.0,0.0,0.0,285.8599853515625,275.9647521972656
2020-08-26,277.2102008456472,282.10470817111917,275.93588601631683,281.85369873046875,42216700.0,0.0,0.0,291.9599914550781,281.85369873046875
2020-08-27,282.8287714096478,283.6783147035117,278.7162229467178,280.9752197265625,49482700.0,0.0,0.0,291.04998779296875,280.9752197265625
2020-08-28,282.2109334669463,283.0315164620009,280.8594006016129,282.4040222167969,28021000.0,0.0,0.0,292.5299987792969,282.4040222167969
2020-08-31,282.9251423816995,286.47774901403636,282.49070772593154,284.6724853515625,36321000.0,0.0,0.0,294.8800048828125,284.6724853515625
2020-09-01,287.3177751162182,289.65401893456186,285.5511341678206,289.5381774902344,36216200.0,0.0,0.0,299.9200134277344,289.5381774902344
2020-09-02,292.7817744292629,292.9941601719209,286.6129835431573,292.27978515625,50836800.0,0.0,0.0,302.760009765625,292.27978515625
2020-09-03,287.78101839710695,288.2830075445269,274.5649071465802,277.4610595703125,110083300.0,0.0,0.0,287.4100036621094,277.4610595703125
2020-09-04,275.67520489156203,278.9285460540391,262.3915042896588,273.76373291015625,123959000.0,0.0,0.0,283.5799865722656,273.76373291015625
2020-09-08,262.7969417605732,268.5892481432517,260.3255600608592,260.60552978515625,99568600.0,0.0,0.0,269.95001220703125,260.60552978515625
2020-09-09,266.09856525710717,270.3558844568571,263.5499363466677,268.2610168457031,64837900.0,0.0,0.0,277.8800048828125,268.2610168457031
2020-09-10,271.21512387420904,272.43151777218367,261.19442804719154,262.9128112792969,69667500.0,0.0,0.0,272.3399963378906,262.9128112792969
2020-09-11,264.66013097026314,265.6930993630102,257.6610939749936,261.0882263183594,71809000.0,0.0,0.0,270.45001220703125,261.0882263183594
2020-09-14,264.86295890908013,267.6239747498444,263.5114260847787,265.6352844238281,38525200.0,0.0,0.0,275.1600036621094,265.6352844238281
2020-09-15,269.3712471617637,270.74210617222377,265.60625334599047,269.40020751953125,41849900.0,0.0,0.0,279.05999755859375,269.40020751953125
2020-09-16,270.1918125867291,270.65517828129555,264.756693258372,265.1042175292969,42321000.0,0.0,0.0,274.6099853515625,265.1042175292969
2020-09-17,258.28860418942764,264.90149372742,257.44872441098465,260.9627380371094,81570800.0,0.0,0.0,270.32000732421875,260.9627380371094
2020-09-18,262.3819076873853,262.6715113038813,253.53898057555057,257.6322021484375,86251100.0,0.0,0.0,266.8699951171875,257.6322021484375
2020-09-21,253.3844841341912,258.38516903481747,251.10616127531384,258.2500305175781,57168600.0,0.0,0.0,267.510009765625,258.2500305175781
2020-09-22,260.6441160060657,263.6271501668964,257.3135576142378,263.0479431152344,41128900.0,0.0,0.0,272.4800109863281,263.0479431152344
2020-09-23,262.72938876718445,262.9128141811638,254.13747251182562,255.01597595214844,48837300.0,0.0,0.0,264.1600036621094,255.01597595214844
2020-09-24,252.34177158993916,259.39872721517463,252.17764332510748,256.20330810546875,70631700.0,0.0,0.0,265.3900146484375,256.20330810546875
2020-09-25,256.7053142075721,262.97064819040446,255.1510303375598,262.15972900390625,55242400.0,0.0,0.0,271.55999755859375,262.15972900390625
2020-09-28,267.0059901791087,267.60455322265625,262.26597895322107,267.60455322265625,58438300.0,0.0,0.0,277.20001220703125,267.60455322265625
2020-09-29,267.0446487660086,268.096914308436,265.8379181722347,266.3978576660156,27050000.0,0.0,0.0,275.95001220703125,266.3978576660156
2020-09-30,266.59100102748585,271.36000419619995,266.32069446761244,268.2225036621094,49380800.0,0.0,0.0,277.8399963378906,268.2225036621094
2020-10-01,272.0356677704886,273.0879331903187,270.15315647905015,272.479736328125,50020200.0,0.0,0.0,282.25,272.479736328125
2020-10-02,266.4654355785202,272.4701287186663,263.97475637727064,264.81463623046875,75497400.0,0.0,0.0,274.30999755859375,264.81463623046875
2020-10-05,266.7744119919329,270.78075271776476,266.6682338133136,270.4621887207031,28184600.0,0.0,0.0,280.1600036621094,270.4621887207031
2020-10-06,269.7767934543715,271.45655357448857,264.7567807227307,265.6352844238281,49704200.0,0.0,0.0,275.1600036621094,265.6352844238281
2020-10-07,268.2707392009267,271.0220617272554,267.68183927825163,270.23046875,27539700.0,0.0,0.0,279.9200134277344,270.23046875
2020-10-08,272.62454435548824,272.69212833310576,270.6068945267459,271.6688232421875,25443300.0,0.0,0.0,281.4100036621094,271.6688232421875
2020-10-09,273.3099714004014,275.8972240591866,272.9238235212557,275.8199768066406,30201100.0,0.0,0.0,285.7099914550781,275.8199768066406
2020-10-12,280.4924454893061,287.1632557008218,279.449843226434,284.3346862792969,79370700.0,0.0,0.0,294.5299987792969,284.3346862792969
2020-10-13,286.13030584164267,286.76743364068807,282.9638166230446,284.32501220703125,64240000.0,0.0,0.0,294.5199890136719,284.32501220703125
2020-10-14,285.12625685067985,286.09164114375056,280.21245433429266,281.95013427734375,36949100.0,0.0,0.0,292.05999755859375,281.95013427734375
2020-10-15,277.25849574991895,280.6469759903912,276.62133831688243,280.05810546875,42514200.0,0.0,0.0,290.1000061035156,280.05810546875
2020-10-16,281.699164851271,283.1182811416261,278.1755175744884,278.5230712890625,40570700.0,0.0,0.0,288.510009765625,278.5230712890625
2020-10-19,280.4345605272462,281.39031130634476,273.00111685021136,273.97613525390625,36756800.0,0.0,0.0,283.79998779296875,273.97613525390625
2020-10-20,274.7098347542855,277.6639092232267,273.15557971605415,274.5650329589844,32195400.0,0.0,0.0,284.4100036621094,274.5650329589844
2020-10-21,274.8159952243082,277.37425803966994,273.869907888675,274.35260009765625,29306100.0,0.0,0.0,284.19000244140625,274.35260009765625
2020-10-22,275.1828363331673,276.0806662969074,271.09927880686445,274.34295654296875,32196200.0,0.0,0.0,284.17999267578125,274.34295654296875
2020-10-23,274.91250527545816,275.0476732329755,272.0260153439587,274.883544921875,24658500.0,0.0,0.0,284.739990234375,274.883544921875
2020-10-26,272.60530165220865,275.42420811965764,267.1798450415657,270.76141357421875,38421100.0,0.0,0.0,280.4700012207031,270.76141357421875
2020-10-27,271.755760697536,273.69619314111293,270.5007725214233,272.8756103515625,30559100.0,0.0,0.0,282.6600036621094,272.8756103515625
2020-10-28,268.3864926510027,268.9946894601521,261.9859901717675,262.23699951171875,53413500.0,0.0,0.0,271.6400146484375,262.23699951171875
2020-10-29,263.55005472162856,269.8153927487801,263.0866594039957,266.8227233886719,43246300.0,0.0,0.0,276.3900146484375,266.8227233886719
2020-10-30,264.8435659472603,265.7124060582812,257.82523161584606,260.0552673339844,65838300.0,0.0,0.0,269.3800048828125,260.0552673339844
2020-11-02,262.43972435238794,264.05189961365215,257.7286443173338,260.63446044921875,39987400.0,0.0,0.0,269.9800109863281,260.63446044921875
2020-11-03,262.54593584630584,267.23771939786616,261.46471002109524,265.142822265625,43604100.0,0.0,0.0,274.6499938964844,265.142822265625
2020-11-04,273.7733711624564,278.7740555157782,272.112908738971,276.97845458984375,75728200.0,0.0,0.0,286.9100036621094,276.97845458984375
2020-11-05,283.3693997465643,285.16503079807313,281.89236217798407,284.19964599609375,52054200.0,0.0,0.0,294.3900146484375,284.19964599609375
2020-11-06,283.54305564811597,285.1359340820166,279.79735930679647,284.4118957519531,40959800.0,0.0,0.0,294.6099853515625,284.4118957519531
2020-11-09,287.3467240295694,288.78516713586663,278.14660985053433,278.600341796875,86537100.0,0.0,0.0,288.5899963378906,278.600341796875
2020-11-10,275.2987370004564,276.7371506146228,270.9062194311436,273.60931396484375,69024900.0,0.0,0.0,283.4200134277344,273.60931396484375
2020-11-11,276.12893301602537,280.20285686797143,273.57066993083123,279.7298278808594,36102900.0,0.0,0.0,289.760009765625,279.7298278808594
2020-11-12,280.69510044223705,281.95975130184104,277.3065927017485,278.4167785644531,34414600.0,0.0,0.0,288.3999938964844,278.4167785644531
2020-11-13,280.1257330699594,281.47726595894903,277.90533025264097,280.8594055175781,24806900.0,0.0,0.0,290.92999267578125,280.8594055175781
2020-11-16,280.56001194389313,283.34998702443323,279.9518150530518,283.05072021484375,30168400.0,0.0,0.0,293.20001220703125,283.05072021484375
2020-11-17,283.24378217185523,283.5720093384267,281.5157358155813,282.15289306640625,21843500.0,0.0,0.0,292.2699890136719,282.15289306640625
2020-11-18,281.60264461079413,283.21482007968325,279.98077640901397,280.0676574707031,28069600.0,0.0,0.0,290.1099853515625,280.0676574707031
2020-11-19,279.51743631186287,282.56805486647227,278.8513186501274,282.2591247558594,22718400.0,0.0,0.0,292.3800048828125,282.2591247558594
2020-11-20,282.18186025104586,282.9252251255996,280.2414575587215,280.3283386230469,25907300.0,0.0,0.0,290.3800048828125,280.3283386230469
2020-11-23,281.3226636320275,282.61627515632387,278.0982833620005,280.3379821777344,26875600.0,0.0,0.0,290.3900146484375,280.3379821777344
2020-11-24,281.3999076110754,284.76911941958616,279.60430665178757,284.2767639160156,24516800.0,0.0,0.0,294.4700012207031,284.2767639160156
2020-11-25,285.3387246082937,286.66129675624876,284.3926371230563,286.0241394042969,23326800.0,0.0,0.0,296.2799987792969,286.0241394042969
2020-11-27,287.9838869425091,289.7795176761544,287.5880757084196,288.65966796875,17163100.0,0.0,0.0,299.010009765625,288.65966796875
2020-11-30,288.97813717389687,289.5863340058368,284.57598705656847,289.2484436035156,27836200.0,0.0,0.0,299.6199951171875,289.2484436035156
2020-12-01,291.5171225891552,294.5774040385919,290.4165702538949,292.9555358886719,27521300.0,0.0,0.0,303.4599914550781,292.9555358886719
2020-12-02,291.78747116096457,293.6699827593853,289.95324646526086,293.33209228515625,23620000.0,0.0,0.0,303.8500061035156,293.33209228515625
2020-12-03,293.64098372339845,295.29178278596623,293.02312357062823,293.7471618652344,22828700.0,0.0,0.0,304.2799987792969,293.7471618652344
2020-12-04,293.7954649395466,295.08910615271844,293.11971343632354,294.94427490234375,19332100.0,0.0,0.0,305.5199890136719,294.94427490234375
2020-12-07,295.1276491778661,296.98120014170644,294.9442237896301,296.6143493652344,20851000.0,0.0,0.0,307.25,296.6143493652344
2020-12-08,296.14131030254276,297.9176139572177,294.3939669996921,297.61834716796875,18341500.0,0.0,0.0,308.2900085449219,297.61834716796875
2020-12-09,297.4061072166789,297.686047601138,289.81816724613094,290.8800964355469,48839300.0,0.0,0.0,301.30999755859375,290.8800964355469
2020-12-10,288.8527358705652,293.16800647922975,287.7715097651534,292.04815673828125,27519500.0,0.0,0.0,302.5199890136719,292.04815673828125
2020-12-11,290.39729806133215,291.52681084636964,288.1383019524529,291.40130615234375,26760400.0,0.0,0.0,301.8500061035156,291.40130615234375
2020-12-14,292.5886822038774,295.4558749642355,292.52112768841306,293.5154724121094,28804800.0,0.0,0.0,304.0400085449219,293.5154724121094
2020-12-15,295.7648484221678,296.65301513671875,293.5830699960298,296.65301513671875,25709000.0,0.0,0.0,307.2900085449219,296.65301513671875
2020-12-16,297.0488547823218,299.066505071695,296.00622291051167,298.2845458984375,25461900.0,0.0,0.0,308.9800109863281,298.2845458984375
2020-12-17,299.87740106098477,300.4662714825039,298.68033367219317,300.2345886230469,23730500.0,0.0,0.0,311.0,300.2345886230469
2020-12-18,300.8717083484908,301.18063842995906,296.9618838165692,299.32708740234375,41173400.0,0.0,0.0,310.05999755859375,299.32708740234375
2020-12-21,296.3880094458271,299.2990935276684,293.62201914030925,298.7671813964844,37095500.0,0.561,0.0,308.9200134277344,298.7671813964844
2020-12-22,299.66653682698967,300.49825806935934,296.76513423614824,299.5794982910156,26176300.0,0.0,0.0,309.760009765625,299.5794982910156
2020-12-23,299.6278114713156,299.98564636396463,297.915994749215,298.07073974609375,21201300.0,0.0,0.0,308.20001220703125,298.07073974609375
2020-12-24,298.33187467360824,299.83092081153956,298.2545169274472,299.38604736328125,16785000.0,0.0,0.0,309.55999755859375,299.38604736328125
2020-12-28,301.98770376203237,302.8774803592197,300.15980565552076,302.403564453125,22497700.0,0.0,0.0,312.67999267578125,302.403564453125
2020-12-29,303.72848916143977,304.34746922756625,301.7748886675919,302.67431640625,25871900.0,0.0,0.0,312.9599914550781,302.67431640625
2020-12-30,303.83494380006067,304.1540851626478,302.06507133646136,302.6840515136719,18138100.0,0.0,0.0,312.9700012207031,302.6840515136719
2020-12-31,302.5873088046928,303.91227809562804,301.51380388065513,303.4287109375,21611400.0,0.0,0.0,313.739990234375,303.4287109375
2021-01-04,304.7536538523366,304.92776044528773,295.15001800660167,299.144287109375,45305900.0,0.0,0.0,309.30999755859375,299.144287109375
2021-01-05,298.15788712105984,301.8813606473196,298.15788712105984,301.61053466796875,29323400.0,0.0,0.0,311.8599853515625,301.61053466796875
2021-01-06,296.9102647876635,301.6298854453865,295.92379831167057,297.4325256347656,52809600.0,0.0,0.0,307.5400085449219,297.4325256347656
2021-01-07,300.082477496206,305.4597427044686,300.0534646431421,304.6280212402344,30394800.0,0.0,0.0,314.9800109863281,304.6280212402344
2021-01-08,306.9104014783484,308.8930445425337,304.72466847110894,308.54486083984375,33955800.0,0.0,0.0,319.0299987792969,308.54486083984375
2021-01-11,305.59509181926586,306.7653160010453,303.43837181030807,304.08636474609375,32746400.0,0.0,0.0,314.4200134277344,304.08636474609375
2021-01-12,304.1250449943924,305.2082306926176,300.97220723304343,303.6028137207031,29266800.0,0.0,0.0,313.9200134277344,303.6028137207031
2021-01-13,303.8639328211842,306.4461649143162,303.2643142681602,305.65313720703125,22898400.0,0.0,0.0,316.0400085449219,305.65313720703125
2021-01-14,306.0980403511594,307.09418761152864,303.5447913452034,304.0187072753906,23500100.0,0.0,0.0,314.3500061035156,304.0187072753906
2021-01-15,303.80594875341234,304.76340241188444,300.3726037555984,301.61053466796875,35118700.0,0.0,0.0,311.8599853515625,301.61053466796875
2021-01-19,303.92197256919115,306.5138855699689,302.8291060202741,306.010986328125,24537000.0,0.0,0.0,316.4100036621094,306.010986328125
2021-01-20,309.6183861530807,314.0671802809424,306.10768395367444,313.1290588378906,30728100.0,0.0,0.0,323.7699890136719,313.1290588378906
2021-01-21,314.463656581592,316.3785927849452,313.0903426446609,315.6338806152344,25130600.0,0.0,0.0,326.3599853515625,315.6338806152344
2021-01-22,314.59906032486583,315.7305906961114,314.03810601749734,314.72479248046875,21609400.0,0.0,0.0,325.4200134277344,314.72479248046875
2021-01-25,318.10014115221514,319.4638040355213,310.8466340162859,317.326416015625,39080600.0,0.0,0.0,328.1099853515625,317.326416015625
2021-01-26,318.0421748548994,318.9222707601799,316.4657409539354,317.79071044921875,25498100.0,0.0,0.0,328.5899963378906,317.79071044921875
2021-01-27,315.5372142721472,315.5468655442461,306.92969626040934,308.9316711425781,55264000.0,0.0,0.0,319.42999267578125,308.9316711425781
2021-01-28,310.1310120752279,315.6920350732028,309.51203187018405,310.7596435546875,42836300.0,0.0,0.0,321.32000732421875,310.7596435546875
2021-01-29,309.0767129225342,310.1792600000338,302.48088057328994,304.2217102050781,55259000.0,0.0,0.0,314.55999755859375,304.2217102050781
2021-02-01,307.65514001906774,312.906702757702,305.63383246639074,311.8235168457031,35646000.0,0.0,0.0,322.4200134277344,311.8235168457031
2021-02-02,314.7829662147671,318.0615370151648,314.6185403536631,316.91064453125,33930800.0,0.0,0.0,327.67999267578125,316.91064453125
2021-02-03,318.9803265839735,319.34784243786737,315.59535563542084,315.65338134765625,24824500.0,0.0,0.0,326.3800048828125,315.65338134765625
2021-02-04,317.04602574447165,319.47351316901836,315.73070753134624,319.386474609375,22350900.0,0.0,0.0,330.239990234375,319.386474609375
2021-02-05,320.3342820484121,321.4754936456154,318.6998224241963,320.46966552734375,22732000.0,0.0,0.0,331.3599853515625,320.46966552734375
2021-02-08,322.15249356867855,322.7714442736409,320.5180339749823,322.61669921875,20462800.0,0.0,0.0,333.5799865722656,322.61669921875
2021-02-09,321.68818655372434,323.80621290291,321.67850576664296,322.5489501953125,17597500.0,0.0,0.0,333.510009765625,322.5489501953125
2021-02-10,323.980274963567,324.4348292163973,318.67071767071866,321.81390380859375,28068700.0,0.0,0.0,332.75,321.81390380859375
2021-02-11,323.34204817424137,323.9900412431522,321.2046893005764,323.5838317871094,22046100.0,0.0,0.0,334.5799865722656,323.5838317871094
2021-02-12,322.74233576973455,325.5566997476081,321.6978438520274,325.3923034667969,20346800.0,0.0,0.0,336.45001220703125,325.3923034667969
2021-02-16,326.1852995778177,327.07507591522256,323.3516038152464,324.5121765136719,27080800.0,0.0,0.0,335.5400085449219,324.5121765136719
2021-02-17,321.54316177654357,324.6283227454087,319.3187645548896,322.9551696777344,31360300.0,0.0,0.0,333.92999267578125,322.9551696777344
2021-02-18,319.3768410250129,322.89719530663257,317.5682746924636,321.543212890625,32236200.0,0.0,0.0,332.4700012207031,321.543212890625
2021-02-19,322.8874661708562,323.01319836112447,319.1253288241616,320.14080810546875,39157700.0,0.0,0.0,331.0199890136719,320.14080810546875
2021-02-22,315.76933617548235,317.02659890878084,311.63968350680307,311.8427734375,47256900.0,0.0,0.0,322.44000244140625,311.8427734375
2021-02-23,306.58150479905703,312.5777479290386,300.77870029181935,310.9142761230469,97241900.0,0.0,0.0,321.4800109863281,310.9142761230469
2021-02-24,308.2644260540503,313.78678503028857,305.5757934557348,313.477294921875,58206300.0,0.0,0.0,324.1300048828125,313.477294921875
2021-02-25,310.8272800316736,313.3804990158397,301.01084412177386,302.548583984375,110182600.0,0.0,0.0,312.8299865722656,302.548583984375
2021-02-26,305.4693429757416,308.62218039784716,300.66268482111343,303.8155517578125,104739800.0,0.0,0.0,314.1400146484375,303.8155517578125
2021-03-01,308.77695928636876,313.29348948232337,307.4906836456655,312.9549865722656,49164500.0,0.0,0.0,323.5899963378906,312.9549865722656
2021-03-02,313.59328827964913,313.670646035131,307.6841120337371,307.935546875,48370000.0,0.0,0.0,318.3999938964844,307.935546875
2021-03-03,306.8427132097169,307.78083473612594,298.94124187666455,298.999267578125,86301100.0,0.0,0.0,309.1600036621094,298.999267578125
2021-03-04,298.6317419551438,301.78460936542973,290.2466741951384,294.1055603027344,139131600.0,0.0,0.0,304.1000061035156,294.1055603027344
2021-03-05,296.71678648609463,299.4344314626073,287.6741045435682,298.5350036621094,121523700.0,0.0,0.0,308.67999267578125,298.5350036621094
2021-03-08,297.9934585333565,299.86970170562427,289.6664451830615,290.0823059082031,88409800.0,0.0,0.0,299.94000244140625,290.0823059082031
2021-03-09,297.36483218277186,303.4191033182554,296.83292003814176,301.52349853515625,80391100.0,0.0,0.0,311.7699890136719,301.52349853515625
2021-03-10,305.7691566789716,306.0689659241823,299.97603218104314,300.6626892089844,76798100.0,0.0,0.0,310.8800048828125,300.6626892089844
2021-03-11,305.39201888383275,309.347595038354,304.5022717639471,307.5874328613281,53484800.0,0.0,0.0,318.0400085449219,307.5874328613281
2021-03-12,303.5447727415262,307.77117464074803,301.1559792324763,305.0921936035156,69315600.0,0.0,0.0,315.4599914550781,305.0921936035156
2021-03-15,305.41140340074475,308.5158967940509,303.776943780699,308.3514709472656,42955700.0,0.0,0.0,318.8299865722656,308.3514709472656
2021-03-16,310.537223886943,313.5450276343726,308.61263560953483,310.0439758300781,54925900.0,0.0,0.0,320.5799865722656,310.0439758300781
2021-03-17,307.01676608927215,313.20641911662267,305.3049196520295,311.32049560546875,78258700.0,0.0,0.0,321.8999938964844,311.32049560546875
2021-03-18,306.4558218072821,307.4326368340363,301.33002214277894,301.7845764160156,82718100.0,0.0,0.0,312.0400085449219,301.7845764160156
2021-03-19,301.62010946567807,304.3861283614671,299.4827513516075,302.848388671875,78446200.0,0.0,0.0,313.1400146484375,302.848388671875
2021-03-22,305.2354281706355,310.5904346454932,305.2354281706355,308.52783203125,56194800.0,0.395,0.0,318.6099853515625,308.52783203125
2021-03-23,309.6124677289243,310.9294176751414,306.3684692896887,307.181884765625,53455400.0,0.0,0.0,317.2200012207031,307.181884765625
2021-03-24,308.54722404329397,308.58596655116986,301.85588168569967,302.0011291503906,64803700.0,0.0,0.0,311.8699951171875,302.0011291503906
2021-03-25,300.16135184546243,302.98896475775706,297.66300602417436,301.4783020019531,78729000.0,0.0,0.0,311.3299865722656,301.4783020019531
2021-03-26,301.26515328513955,306.31997165146953,299.8707481461718,306.00042724609375,63519600.0,0.0,0.0,316.0,306.00042724609375
2021-03-29,305.46786414488616,306.95911087381006,302.5821530784858,305.9132995605469,54608000.0,0.0,0.0,315.9100036621094,305.9132995605469
2021-03-30,303.95721029800524,304.9449225559997,301.6815683021682,304.37359619140625,44635700.0,0.0,0.0,314.32000732421875,304.37359619140625
2021-03-31,306.15532410653975,310.59037995545776,305.8163937205963,309.0313415527344,55032500.0,0.0,0.0,319.1300048828125,309.0313415527344
2021-04-01,312.8466608890224,314.43474875734455,312.5948789682925,314.2991943359375,55685600.0,0.0,0.0,324.57000732421875,314.2991943359375
2021-04-05,316.77821974167637,321.33916702828384,316.53613080531056,320.57415771484375,42172500.0,0.0,0.0,331.04998779296875,320.57415771484375
2021-04-06,320.26426145345545,322.29778459244983,319.5767076931834,320.3514099121094,33537200.0,0.0,0.0,330.82000732421875,320.3514099121094
2021-04-07,319.8768811603904,321.95886926908594,318.9472680914181,321.1260681152344,32046400.0,0.0,0.0,331.6199951171875,321.1260681152344
2021-04-08,323.9730891965119,324.6606134871722,323.1790304090611,324.47662353515625,29940800.0,0.0,0.0,335.0799865722656,324.47662353515625
2021-04-09,323.1208995759563,326.64572825459874,322.38496939231305,326.4423522949219,36664900.0,0.0,0.0,337.1099853515625,326.4423522949219
2021-04-12,325.40628854475295,326.43274331989136,324.1377448216692,326.016357421875,25833000.0,0.0,0.0,336.6700134277344,326.016357421875
2021-04-13,327.53671652700143,330.28684395816896,327.3236770297761,329.8220520019531,30374000.0,0.0,0.0,340.6000061035156,329.8220520019531
2021-04-14,330.0640803030341,330.18997128531964,325.04800435205124,325.8614196777344,42564300.0,0.0,0.0,336.510009765625,325.8614196777344
2021-04-15,328.7277522175519,331.1873842810127,325.5805957947006,330.8000183105469,36342800.0,0.0,0.0,341.6099853515625,330.8000183105469
2021-04-16,331.3229323752514,331.4004173886084,329.3184287688422,331.1873779296875,40860100.0,0.0,0.0,342.010009765625,331.1873779296875
2021-04-19,329.618506618537,330.77082234923,326.2389261995443,328.1562805175781,34533100.0,0.0,0.0,338.8800048828125,328.1562805175781
2021-04-20,327.49789124778533,328.7760982408891,323.79876558818336,325.7645263671875,38081800.0,0.0,0.0,336.4100036621094,325.7645263671875
2021-04-21,324.48636037919044,328.73745677374353,323.401806548308,328.553466796875,36598100.0,0.0,0.0,339.2900085449219,328.553466796875
2021-04-22,328.1661926959766,329.1442122014416,323.4406104908128,324.59295654296875,45936100.0,0.0,0.0,335.20001220703125,324.59295654296875
2021-04-23,325.2223143696923,329.986608547514,325.2223143696923,328.6793518066406,36381900.0,0.0,0.0,339.4200134277344,328.6793518066406
2021-04-26,328.92142787751504,331.1002284294274,328.1757749976614,330.81939697265625,30812000.0,0.0,0.0,341.6300048828125,330.81939697265625
2021-04-27,331.1098719910095,331.3229114364668,328.43723023657543,329.3861999511719,33187200.0,0.0,0.0,340.1499938964844,329.3861999511719
2021-04-28,329.05694876235407,330.06404696704936,327.62377168459045,328.2725830078125,33615700.0,0.0,0.0,339.0,328.2725830078125
2021-04-29,331.53599977067,331.95238570896,326.23909189522413,329.45404052734375,37708900.0,0.0,0.0,340.2200012207031,329.45404052734375
2021-04-30,327.0138147522591,329.49280360962103,326.3843597459195,327.29461669921875,38263400.0,0.0,0.0,337.989990234375,327.29461669921875
2021-05-03,328.49535414501815,329.2409774847648,325.1061087885574,325.5515441894531,29729700.0,0.0,0.0,336.19000244140625,325.5515441894531
2021-05-04,323.0047225672334,323.3242964949455,315.8873023138755,319.6929626464844,65147000.0,0.0,0.0,330.1400146484375,319.6929626464844
2021-05-05,321.7362406560032,322.59809157283405,317.84346066281364,318.6181335449219,46219300.0,0.0,0.0,329.0299987792969,318.6181335449219
2021-05-06,318.3567050301668,321.174624332929,316.1198051958289,321.0196838378906,46814300.0,0.0,0.0,331.510009765625,321.0196838378906
2021-05-07,323.7892377837974,325.99708860078766,321.19405042120746,323.6246337890625,53324500.0,0.0,0.0,334.20001220703125,323.6246337890625
2021-05-10,322.2494151149259,322.42371205196616,315.2481926250974,315.4515686035156,60700500.0,0.0,0.0,325.760009765625,315.4515686035156
2021-05-11,309.5833465080843,315.8098669165406,308.92484213565723,315.01580810546875,71963600.0,0.0,0.0,325.30999755859375,315.01580810546875
2021-05-12,310.09660973504145,312.4109648887553,306.0004537815061,306.8623046875,91164900.0,0.0,0.0,316.8900146484375,306.8623046875
2021-05-13,309.79637355749134,312.1978768191362,306.8719203829938,309.2347106933594,69877800.0,0.0,0.0,319.3399963378906,309.2347106933594
2021-05-14,312.3916292895004,316.97193393049344,311.8880652921165,316.06170654296875,44370000.0,0.0,0.0,326.3900146484375,316.06170654296875
2021-05-17,314.35735709113334,316.04228677482035,311.27799265133484,314.1443176269531,39395000.0,0.0,0.0,324.4100036621094,314.1443176269531
2021-05-18,315.0933524453843,316.31346083041774,311.75251264283077,312.0236511230469,36528500.0,0.0,0.0,322.2200012207031,312.0236511230469
2021-05-19,306.63949420283507,312.6820238155774,306.2908708126324,312.3818359375,66319100.0,0.0,0.0,322.5899963378906,312.3818359375
2021-05-20,313.86346065545877,319.2765657464525,313.64075774637433,318.4244079589844,46466100.0,0.0,0.0,328.8299865722656,318.4244079589844
2021-05-21,319.9737470445632,320.39013287733,316.3037004461733,316.6619873046875,50330400.0,0.0,0.0,327.010009765625,316.6619873046875
2021-05-24,318.94735509973475,323.1113029011773,316.5555150168028,321.9880065917969,32475800.0,0.0,0.0,332.510009765625,321.9880065917969
2021-05-25,323.4985466278662,324.2151202803665,321.26164766496777,322.433349609375,31280300.0,0.0,0.0,332.9700012207031,322.433349609375
2021-05-26,323.1016037640393,324.0215240542746,322.41407941207405,323.5567321777344,25444900.0,0.0,0.0,334.1300048828125,323.5567321777344
2021-05-27,323.1112617243817,323.9537264610859,322.1429060174809,322.34625244140625,27931700.0,0.0,0.0,332.8800048828125,322.34625244140625
2021-05-28,323.5471186757474,324.9512467689047,323.0435841684589,323.3631286621094,29927400.0,0.0,0.0,333.92999267578125,323.3631286621094
2021-06-01,324.68977314411853,325.1642877059437,320.9422399427624,322.28826904296875,31145400.0,0.0,0.0,332.82000732421875,322.28826904296875
2021-06-02,322.7045325883385,323.7600367406025,321.20359309472224,322.9175720214844,22047900.0,0.0,0.0,333.4700012207031,322.9175720214844
2021-06-03,320.0899568478718,321.3585004191507,317.8918001022529,319.557373046875,37057800.0,0.0,0.0,330.0,319.557373046875
2021-06-04,321.3488600462655,325.4256294601912,321.28106805163293,324.9801940917969,38736500.0,0.0,0.0,335.6000061035156,324.9801940917969
2021-06-07,324.44760861511116,326.00667686643675,323.7600842511956,325.9485778808594,32611900.0,0.0,0.0,336.6000061035156,325.9485778808594
2021-06-08,327.6916651363128,328.55351616291597,324.4283101381734,326.10357666015625,27282800.0,0.0,0.0,336.760009765625,326.10357666015625
2021-06-09,327.4688683834402,328.24354114235416,325.99694876888356,326.1809387207031,21485300.0,0.0,0.0,336.8399963378906,326.1809387207031
2021-06-10,326.51988721420577,329.68639997023377,326.07445183075987,329.57989501953125,33702100.0,0.0,0.0,340.3500061035156,329.57989501953125
2021-06-11,329.5895840641041,330.4514349584931,328.9408021914043,330.4417419433594,21222800.0,0.0,0.0,341.239990234375,330.4417419433594
2021-06-14,330.86784308680507,333.61797034867243,329.6864476843522,333.6083068847656,27827700.0,0.0,0.0,344.510009765625,333.6083068847656
2021-06-15,333.2595589595851,333.5694398302065,330.71277911692357,331.42938232421875,35963800.0,0.0,0.0,342.260009765625,331.42938232421875
2021-06-16,331.89423062610587,332.95942783043756,326.7716501352397,330.218994140625,55399500.0,0.0,0.0,341.010009765625,330.218994140625
2021-06-17,329.21183127531964,335.41899377938597,329.1634253194836,334.4118957519531,59722700.0,0.0,0.0,345.3399963378906,334.4118957519531
2021-06-18,332.75604482431487,333.8986973579565,331.04203647198426,331.7876892089844,55414900.0,0.0,0.0,342.6300048828125,331.7876892089844
2021-06-21,331.9787657019872,334.1697982298446,329.76835424054235,333.849853515625,32992600.0,0.397,0.0,344.3599853515625,333.849853515625
2021-06-22,333.6462819698441,337.4078662387214,333.3457457656341,336.9619140625,28941600.0,0.0,0.0,347.57000732421875,336.9619140625
2021-06-23,336.90377818672863,338.2707476197592,336.2930014628041,337.1267395019531,27188500.0,0.0,0.0,347.739990234375,337.1267395019531
2021-06-24,339.0559393625701,340.7331192856104,338.51303342854897,339.2110595703125,32581600.0,0.0,0.0,349.8900146484375,339.2110595703125
2021-06-25,339.7733422968147,340.01571207248264,338.19308662567505,338.7941589355469,28682800.0,0.0,0.0,349.4599914550781,338.7941589355469
2021-06-28,340.07389244151085,343.0502005098278,340.01572605985007,342.9144592285156,39130300.0,0.0,0.0,353.7099914550781,342.9144592285156
2021-06-29,342.7399946187639,344.1845092191515,341.90625667351316,344.1554260253906,29426000.0,0.0,0.0,354.989990234375,344.1554260253906
2021-06-30,344.00024298344687,344.3880582776562,343.03076392022973,343.6124572753906,32724000.0,0.0,0.0,354.42999267578125,343.6124572753906
2021-07-01,343.2634599299885,344.2523179260937,341.9158698271671,343.7481994628906,29290000.0,0.0,0.0,354.57000732421875,343.7481994628906
2021-07-02,345.6386493530222,348.01388478506476,345.40598385592966,347.6939697265625,32727200.0,0.0,0.0,358.6400146484375,347.6939697265625
2021-07-06,348.2950468733975,349.4778124771384,345.6095710167711,349.1966552734375,38842400.0,0.0,0.0,360.19000244140625,349.1966552734375
2021-07-07,351.3877515299721,351.68828771820597,347.9848700350014,349.93353271484375,35265200.0,0.0,0.0,360.95001220703125,349.93353271484375
2021-07-08,344.8825473436367,348.6732148539798,343.6028571878889,347.820068359375,50890000.0,0.0,0.0,358.7699890136719,347.820068359375
2021-07-09,347.2383818115161,350.4667345642819,346.65668836803684,349.99169921875,35184500.0,0.0,0.0,361.010009765625,349.99169921875
2021-07-12,351.38775628895326,351.8143295140608,349.8171750949714,351.3586730957031,25717700.0,0.0,0.0,362.4200134277344,351.3586730957031
2021-07-13,350.98056199729325,354.3155728920475,350.50552664548815,351.3586730957031,39723000.0,0.0,0.0,362.4200134277344,351.3586730957031
2021-07-14,353.6951245553657,354.3349844519439,351.16479775114146,351.9888610839844,35336400.0,0.0,0.0,363.07000732421875,351.9888610839844
2021-07-15,351.901541498852,352.1051238298536,347.5194769429288,349.5166015625,53391600.0,0.0,0.0,360.5199890136719,349.5166015625
2021-07-16,350.3697387037261,351.34892205637334,346.33670212177947,346.68572998046875,47262000.0,0.0,0.0,357.6000061035156,346.68572998046875
2021-07-19,343.2440214702861,344.3395374528609,341.29538883659467,343.8451232910156,64404600.0,0.0,0.0,354.6700134277344,343.8451232910156
2021-07-20,344.77591947815836,349.28399219197934,343.00175583575276,347.8394775390625,42183700.0,0.0,0.0,358.7900085449219,347.8394775390625
2021-07-21,347.41282185679904,350.52484130859375,347.189831025329,350.52484130859375,30259900.0,0.0,0.0,361.55999755859375,350.52484130859375
2021-07-22,350.72840175494474,352.85156309900196,350.72840175494474,352.8418884277344,30252200.0,0.0,0.0,363.95001220703125,352.8418884277344
2021-07-23,354.16041041607696,357.24334687744266,352.812849841368,356.96221923828125,31960800.0,0.0,0.0,368.20001220703125,356.96221923828125
2021-07-26,356.2738680596197,357.6311624802319,355.41104703798936,357.24334716796875,28438100.0,0.0,0.0,368.489990234375,357.24334716796875
2021-07-27,356.9816157771512,356.9816157771512,349.16761615168787,353.3072814941406,57933100.0,0.0,0.0,364.42999267578125,353.3072814941406
2021-07-28,354.44155900950165,356.2351012320406,352.15357298657875,354.6645202636719,42066200.0,0.0,0.0,365.8299865722656,354.6645202636719
2021-07-29,354.1022383178959,356.45806541054543,354.1022383178959,355.2947082519531,25672500.0,0.0,0.0,366.4800109863281,355.2947082519531
2021-07-30,351.3779676630566,354.0246559579803,351.34888447678935,353.4429626464844,36484600.0,0.0,0.0,364.57000732421875,353.4429626464844
2021-08-02,355.1008248184004,355.68251823044733,352.76437649721845,353.47210693359375,27334100.0,0.0,0.0,364.6000061035156,353.47210693359375
2021-08-03,354.1313829739695,355.73101783602954,350.95149218403566,355.61468505859375,35558500.0,0.0,0.0,366.80999755859375,355.61468505859375
2021-08-04,355.57583829951596,357.0785486538567,354.47064751204573,356.1284484863281,29602200.0,0.0,0.0,367.3399963378906,356.1284484863281
2021-08-05,356.94281561050246,358.62002514057286,356.23511478742773,358.3873596191406,21443900.0,0.0,0.0,369.6700134277344,358.3873596191406
2021-08-06,357.12707396317813,358.0965532331973,355.71164251307476,356.81683349609375,33332100.0,0.0,0.0,368.04998779296875,356.81683349609375
2021-08-09,357.272370785182,357.9994799952035,356.1768844277817,357.4759826660156,25960200.0,0.0,0.0,368.7300109863281,357.4759826660156
2021-08-10,357.9898289817646,358.28066085053285,354.4609111812361,355.6436767578125,35130800.0,0.0,0.0,366.8399963378906,355.6436767578125
2021-08-11,356.90401491335444,357.3984290870602,353.7047164468552,355.03289794921875,34249800.0,0.0,0.0,366.2099914550781,355.03289794921875
2021-08-12,354.5288145934865,356.6713551212553,353.1812244425715,356.3126525878906,25969200.0,0.0,0.0,367.5299987792969,356.3126525878906
2021-08-13,356.6616545422443,357.89288225930954,356.1672107693837,357.5632629394531,19336200.0,0.0,0.0,368.82000732421875,357.5632629394531
2021-08-16,356.44845985204455,357.7572332109572,352.59962592746746,357.7184753417969,34856900.0,0.0,0.0,368.9800109863281,357.7184753417969
2021-08-17,354.9747610830323,355.9442401681075,352.14389872285903,354.5675964355469,44793900.0,0.0,0.0,365.7300109863281,354.5675964355469
2021-08-18,354.03435274421884,355.43040494455386,350.82537945229456,351.1549987792969,38541900.0,0.0,0.0,362.2099914550781,351.1549987792969
2021-08-19,349.22575077378224,354.5190981966252,348.9736767487387,352.8515930175781,48499400.0,0.0,0.0,363.9599914550781,352.8515930175781
2021-08-20,353.9180390557829,356.9040512619569,353.6077986420745,356.5065612792969,39486000.0,0.0,0.0,367.7300109863281,356.5065612792969
2021-08-23,357.54392962555784,362.52706708912774,357.53425495180653,361.8387451171875,34034700.0,0.0,0.0,373.2300109863281,361.8387451171875
2021-08-24,362.4300859196335,363.5449810373115,361.96472527143777,362.94390869140625,21732900.0,0.0,0.0,374.3699951171875,362.94390869140625
2021-08-25,363.1959534152346,363.9327669855129,362.4494355865621,363.3607482910156,20441900.0,0.0,0.0,374.79998779296875,363.3607482910156
2021-08-26,362.50762435662693,363.18624194922563,360.61712834878506,361.05340576171875,29133300.0,0.0,0.0,372.4200134277344,361.05340576171875
2021-08-27,361.6835731498802,365.06704572458636,361.19883360227624,364.56292724609375,27104700.0,0.0,0.0,376.0400085449219,364.56292724609375
2021-08-30,365.34818665197656,369.13885329551607,365.32877813579944,368.65411376953125,27295700.0,0.0,0.0,380.260009765625,368.65411376953125
2021-08-31,368.8964825609371,368.96432360892027,366.8120789357701,368.35357666015625,29628200.0,0.0,0.0,379.95001220703125,368.35357666015625
2021-09-01,369.41033717202157,371.02935075610196,368.7607731349161,368.96435546875,28138300.0,0.0,0.0,380.5799865722656,368.96435546875
2021-09-02,370.3119452952022,370.64156464979845,367.57800704182927,368.78985595703125,25453400.0,0.0,0.0,380.3999938964844,368.78985595703125
2021-09-03,367.64585158469265,370.32162326709056,367.6264726544409,369.92413330078125,24605400.0,0.0,0.0,381.57000732421875,369.92413330078125
2021-09-07,370.0307934213265,371.09722639937877,368.8771108704548,370.4476623535156,23970200.0,0.0,0.0,382.1099853515625,370.4476623535156
2021-09-08,370.27309802964794,370.27309802964794,366.89933012988377,369.158203125,32949200.0,0.0,0.0,380.7799987792969,369.158203125
2021-09-09,369.3812507650496,370.48644158239364,367.6458748477342,367.88824462890625,29399000.0,0.0,0.0,379.4700012207031,367.88824462890625
2021-09-10,369.59455848575453,370.3119636114685,364.766541517772,365.0961608886719,40249400.0,0.0,0.0,376.5899963378906,365.0961608886719
2021-09-13,367.42284238816677,367.8494155216135,362.79843813812363,364.8440246582031,48741800.0,0.0,0.0,376.3299865722656,364.8440246582031
2021-09-14,366.3273234096137,367.0544326649152,362.85660158221447,363.80670166015625,41826600.0,0.0,0.0,375.260009765625,363.80670166015625
2021-09-15,364.26239710955736,366.8605940269488,361.97441102227873,366.5115661621094,34097900.0,0.0,0.0,378.04998779296875,366.5115661621094
2021-09-16,365.1833552812676,367.3355999193381,363.2638057298481,366.76361083984375,35193100.0,0.0,0.0,378.30999755859375,366.76361083984375
2021-09-17,366.28862158723337,366.3370837105402,361.3830594278912,362.4203796386719,60912300.0,0.0,0.0,373.8299865722656,362.4203796386719
2021-09-20,356.63982633763976,358.37712659195023,350.30210880433344,354.9316711425781,76203200.0,0.414,0.0,365.70001220703125,354.9316711425781
2021-09-21,356.75620166605563,357.9499936664905,354.24247053381623,355.3683166503906,41927500.0,0.0,0.0,366.1499938964844,355.3683166503906
2021-09-22,356.28060735466346,360.14342232002144,355.1838767709414,358.6875915527344,46972900.0,0.0,0.0,369.57000732421875,358.6875915527344
2021-09-23,359.84259194683136,363.0260077177791,359.20202278561584,361.9972229003906,44652000.0,0.0,0.0,372.9800109863281,361.9972229003906
2021-09-24,359.7357758377113,362.7542136900679,359.366960638489,362.33685302734375,36056800.0,0.0,0.0,373.3299865722656,362.33685302734375
2021-09-27,359.2990029423141,360.3180725119399,356.90173404279653,359.444580078125,43338100.0,0.0,0.0,370.3500061035156,359.444580078125
2021-09-28,354.9024542138985,359.39609384752913,348.7685465166563,349.2732238769531,97701600.0,0.0,0.0,359.8699951171875,349.2732238769531
2021-09-29,350.5350144224002,352.67021553149164,348.0795138946219,348.7006530761719,58076600.0,0.0,0.0,359.2799987792969,348.7006530761719
2021-09-30,350.3409331371904,352.0005724424035,346.5848933111472,347.4195556640625,61384600.0,0.0,0.0,357.9599914550781,347.4195556640625
2021-10-01,348.04063454964916,350.6125964614928,343.9448959058806,349.5740966796875,56375500.0,0.0,0.0,360.17999267578125,349.5740966796875
2021-10-04,347.9630181917004,348.2930030057467,340.00449296238617,342.23675537109375,76766000.0,0.0,0.0,352.6199951171875,342.23675537109375
2021-10-05,343.29462143619975,349.09854458603974,343.0714129889844,346.8565673828125,47232900.0,0.0,0.0,357.3800048828125,346.8565673828125
2021-10-06,343.6537397913218,349.35091652696997,342.75113169956074,349.07916259765625,56806500.0,0.0,0.0,359.6700134277344,349.07916259765625
2021-10-07,352.1169447081904,354.9218597093188,351.5831519082924,352.2819519042969,39411200.0,0.0,0.0,362.9700012207031,352.2819519042969
2021-10-08,353.3591772125157,353.5921302408394,349.9913546968699,350.5251770019531,41822300.0,0.0,0.0,361.1600036621094,350.5251770019531
2021-10-11,348.99181562609704,352.5052462008434,347.7495076148968,347.8368835449219,34847200.0,0.0,0.0,358.3900146484375,347.8368835449219
2021-10-12,349.282965612208,349.7196971250203,345.9830880554813,346.6236572265625,43905100.0,0.0,0.0,357.1400146484375,346.6236572265625
2021-10-13,348.92382163982836,350.06906806623255,346.90505305939973,349.3993835449219,40120800.0,0.0,0.0,360.0,349.3993835449219
2021-10-14,352.9807367541355,356.04769051505673,352.32076723593747,355.83416748046875,43433900.0,0.0,0.0,366.6300048828125,355.83416748046875
2021-10-15,357.0473566414305,358.1926030808997,356.0185719254391,358.0761413574219,40419900.0,0.0,0.0,368.94000244140625,358.0761413574219
2021-10-18,356.7852802720088,361.89040291079465,356.1835416346824,361.6768798828125,34513500.0,0.0,0.0,372.6499938964844,361.6768798828125
2021-10-19,362.7444950993632,364.46236472102424,361.7254254222503,364.4138488769531,29091000.0,0.0,0.0,375.4700012207031,364.4138488769531
2021-10-20,364.87007805144793,365.48153181872937,362.4630934361541,363.9383544921875,31390300.0,0.0,0.0,374.9800109863281,363.9383544921875
2021-10-21,363.1424497509342,366.35498078132946,362.8415804123017,366.1608581542969,25469300.0,0.0,0.0,377.2699890136719,366.1608581542969
2021-10-22,364.9089359717682,365.86977503898487,361.42465035678146,363.08428955078125,36275800.0,0.0,0.0,374.1000061035156,363.08428955078125
2021-10-25,364.50127480645455,367.7138063262031,362.56016671626406,366.8014831542969,32597800.0,0.0,0.0,377.92999267578125,366.8014831542969
2021-10-26,369.0336900064018,371.440644526253,366.78199803322633,367.95635986328125,47191300.0,0.0,0.0,379.1199951171875,367.95635986328125
2021-10-27,368.4029011329538,371.86778627398763,368.1408621966839,368.810546875,45760500.0,0.0,0.0,380.0,368.810546875
2021-10-28,370.7031031363797,373.1586035119321,369.93635720171,372.90625,38007000.0,0.0,0.0,384.2200012207031,372.90625
2021-10-29,369.83928448608606,374.905577271606,369.4898992824427,374.7405700683594,37310100.0,0.0,0.0,386.1099853515625,374.7405700683594
2021-11-01,375.1773208269469,376.1478747466398,373.1003508406609,376.0216979980469,30765300.0,0.0,0.0,387.42999267578125,376.0216979980469
2021-11-02,375.4102781419764,378.06961626262824,375.3617622891989,377.5940246582031,25135300.0,0.0,0.0,389.04998779296875,377.5940246582031
2021-11-03,378.07927097534747,382.0197175552883,377.0408007823251,381.6023864746094,33748900.0,0.0,0.0,393.17999267578125,381.6023864746094
2021-11-04,382.86415603997733,387.44517214610084,382.3206481645862,386.4940185546875,40265300.0,0.0,0.0,398.2200012207031,386.4940185546875
2021-11-05,388.26042359114336,389.18243210347316,385.4652233815129,386.8628234863281,43383800.0,0.0,0.0,398.6000061035156,386.8628234863281
2021-11-08,386.8337066070788,387.8527764376792,385.698145419048,386.3387145996094,29256300.0,0.0,0.0,398.05999755859375,386.3387145996094
2021-11-09,387.40630581848245,387.80423647950204,382.3206127615635,383.67938232421875,50490700.0,0.0,0.0,395.32000732421875,383.67938232421875
2021-11-10,380.91329761431683,383.7181830371893,376.11875888695903,378.04046630859375,54937400.0,0.0,0.0,389.510009765625,378.04046630859375
2021-11-11,381.01033032423055,381.1850229079121,378.7489232770812,379.088623046875,32243000.0,0.0,0.0,390.5899963378906,379.088623046875
2021-11-12,380.2338912773273,383.6114295169223,378.6421982809351,383.07763671875,34730600.0,0.0,0.0,394.70001220703125,383.07763671875
2021-11-15,384.25203336732267,384.5723031513749,380.5542250384793,382.99029541015625,33716900.0,0.0,0.0,394.6099853515625,382.99029541015625
2021-11-16,382.2623605390859,386.2125221828956,382.06826752248577,385.7175598144531,27872900.0,0.0,0.0,397.4200134277344,385.7175598144531
2021-11-17,386.0377874046206,387.9497796420175,384.96048686616996,385.92132568359375,28703300.0,0.0,0.0,397.6300048828125,385.92132568359375
2021-11-18,387.95950529248904,390.42469077233477,385.7466436754668,389.9200134277344,45721500.0,0.0,0.0,401.75,389.9200134277344
2021-11-19,391.5506083193441,393.3655396308032,390.7256314635104,392.0941162109375,45191700.0,0.0,0.0,403.989990234375,392.0941162109375
2021-11-22,393.62750544204226,396.6750289231603,387.43536755862647,387.5421142578125,61715400.0,0.0,0.0,399.29998779296875,387.5421142578125
2021-11-23,386.3872725823271,388.4448721225605,381.3501241303587,385.7758483886719,70098700.0,0.0,0.0,397.4800109863281,385.7758483886719
2021-11-24,383.3008587630399,387.2995362395666,380.9812502582979,387.0180969238281,46954400.0,0.0,0.0,398.760009765625,387.0180969238281
2021-11-26,384.44602632619205,385.8339406797102,378.2927191914037,379.6806335449219,51533300.0,0.0,0.0,391.20001220703125,379.6806335449219
2021-11-29,384.23271280736424,388.93019153649277,383.50479716427475,387.9208068847656,54447100.0,0.0,0.0,399.69000244140625,387.9208068847656
2021-11-30,387.0374184719964,389.3764565349537,380.2144268783126,382.2234802246094,81332700.0,0.0,0.0,393.82000732421875,382.2234802246094
2021-12-01,386.552241791043,388.68747241573436,375.25500875401775,375.7208557128906,77766500.0,0.0,0.0,387.1199951171875,375.7208557128906
2021-12-02,374.43968842880673,380.20478105141217,373.0226880067084,378.4286804199219,84416600.0,0.0,0.0,389.9100036621094,378.4286804199219
2021-12-03,379.78745158369395,380.78712093526707,367.74287389750515,371.84832763671875,105349100.0,0.0,0.0,383.1300048828125,371.84832763671875
2021-12-06,372.3335202272158,376.1866195963912,368.1310061246028,374.8278503417969,67588800.0,0.0,0.0,386.20001220703125,374.8278503417969
2021-12-07,381.4568312388827,386.7269322647258,381.4180007862054,386.115478515625,56005300.0,0.0,0.0,397.8299865722656,386.115478515625
2021-12-08,386.4454168478569,388.04682468275166,384.5528251036487,387.8429870605469,39204000.0,0.0,0.0,399.6099853515625,387.8429870605469
2021-12-09,386.62021600777666,388.41574694388277,381.94213832660233,382.1362609863281,49973700.0,0.0,0.0,393.7300109863281,382.1362609863281
2021-12-10,384.94110742696125,386.5522305571413,381.77709203476803,386.2901916503906,52545800.0,0.0,0.0,398.010009765625,386.2901916503906
2021-12-13,386.2804733873282,386.6007431595549,380.340687932566,380.7095031738281,50166400.0,0.0,0.0,392.260009765625,380.7095031738281
2021-12-14,375.8954903002055,378.60334380650556,372.33357429481697,376.7690124511719,75199200.0,0.0,0.0,388.20001220703125,376.7690124511719
2021-12-15,376.5167266208041,385.71758933781825,372.5762796928515,385.35845947265625,73858000.0,0.0,0.0,397.04998779296875,385.35845947265625
2021-12-16,386.31931306304824,386.7463591821846,373.8670889591081,375.4490966796875,82591400.0,0.0,0.0,386.8399963378906,375.4490966796875
2021-12-17,372.0424055009661,377.72986663523324,370.5283438188507,373.5758972167969,80492500.0,0.0,0.0,384.9100036621094,373.5758972167969
2021-12-20,368.8636225203104,370.7391766370461,366.8228504790256,369.9520263671875,65336800.0,0.491,0.0,380.69000244140625,369.9520263671875
2021-12-21,373.21726221519094,378.54270099200215,369.47588116207265,378.2317199707031,48899500.0,0.0,0.0,389.2099914550781,378.2317199707031
2021-12-22,377.94031640755554,383.04223366979073,377.27950376550564,382.8381652832031,37042200.0,0.0,0.0,393.95001220703125,382.8381652832031
2021-12-23,383.1879076431996,387.19169227516466,383.02271934951904,385.72430419921875,29595500.0,0.0,0.0,396.9200134277344,385.72430419921875
2021-12-27,387.01684296389,392.0993347167969,386.98769033901556,392.0993347167969,32820700.0,0.0,0.0,403.4800109863281,392.0993347167969
2021-12-28,392.99326392456095,393.1681796273438,389.4073437336001,390.2819519042969,33113700.0,0.0,0.0,401.6099853515625,390.2819519042969
2021-12-29,390.4180644232136,391.68138419397815,387.85251517842977,390.22369384765625,32248500.0,0.0,0.0,401.54998779296875,390.22369384765625
2021-12-30,390.0098642647885,392.1867018265196,388.4744436154308,389.0575256347656,23850100.0,0.0,0.0,400.3500061035156,389.0575256347656
2021-12-31,388.38696497227664,389.7474698400466,386.13239710181097,386.6280212402344,34752900.0,0.0,0.0,397.8500061035156,386.6280212402344
2022-01-03,387.7942147702699,390.6027124411102,385.68543931744233,390.35003662109375,40575900.0,0.0,0.0,401.67999267578125,390.35003662109375
2022-01-04,390.8942563348898,390.9331363836019,382.1967212273756,385.2870178222656,58027200.0,0.0,0.0,396.4700012207031,385.2870178222656
2022-01-05,383.60581794324685,384.72340437209897,373.19791620050455,373.4505920410156,75739800.0,0.0,0.0,384.2900085449219,373.4505920410156
2022-01-06,371.63329494592284,376.4242299331841,369.40787945739885,373.1881408691406,70814300.0,0.0,0.0,384.0199890136719,373.1881408691406
2022-01-07,373.1978385248553,374.87905187478674,367.37680523224924,369.14544677734375,72652300.0,0.0,0.0,379.8599853515625,369.14544677734375
2022-01-10,364.247631175028,369.90347622023194,358.8930397293688,369.3883972167969,91770500.0,0.0,0.0,380.1099853515625,369.3883972167969
2022-01-11,368.65957052256533,375.10256621805246,366.57994783943866,374.9373779296875,68295700.0,0.0,0.0,385.82000732421875,374.9373779296875
2022-01-12,377.5029320274795,379.19387305126554,374.1502619150922,376.42425537109375,54576400.0,0.0,0.0,387.3500061035156,376.42425537109375
2022-01-13,377.8041494231055,378.4844167378079,366.074624382969,367.0075378417969,77994000.0,0.0,0.0,377.6600036621094,367.0075378417969
2022-01-14,364.49062759351705,369.62169654378727,364.2865295874727,369.2912902832031,80121200.0,0.0,0.0,380.010009765625,369.2912902832031
2022-01-18,363.4896631089423,365.60816590328847,359.3400857230348,360.09808349609375,75450900.0,0.0,0.0,370.54998779296875,360.09808349609375
2022-01-19,361.65293569478354,364.12129942453373,355.88048008225894,356.14288330078125,81791500.0,0.0,0.0,366.4800109863281,356.14288330078125
2022-01-20,359.35962524552787,363.32453076416374,350.98276772274147,351.5172424316406,88610700.0,0.0,0.0,361.7200012207031,351.5172424316406
2022-01-21,349.33063330077016,351.9641855527727,341.4882521292177,341.77008056640625,143388900.0,0.0,0.0,351.69000244140625,341.77008056640625
2022-01-24,336.15308683543975,343.9954673508949,324.72478599973664,343.3346252441406,198685800.0,0.0,0.0,353.29998779296875,343.3346252441406
2022-01-25,336.8916660148258,341.12867144360456,332.04239627859437,335.3756408691406,124398400.0,0.0,0.0,345.1099853515625,335.3756408691406
2022-01-26,342.955707801269,346.81372985927146,331.1678458334886,334.8509521484375,146559500.0,0.0,0.0,344.57000732421875,334.8509521484375
2022-01-27,339.5446024733691,341.36185135655217,330.458328400673,331.4787292480469,95255700.0,0.0,0.0,341.1000061035156,331.4787292480469
2022-01-28,333.35436427188864,342.09077942524294,328.4176657314298,341.8769836425781,108167900.0,0.0,0.0,351.79998779296875,341.8769836425781
2022-01-31,343.2374887444185,353.3927134005564,341.6048530649411,352.80963134765625,94326400.0,0.0,0.0,363.04998779296875,352.80963134765625
2022-02-01,354.1507399736121,355.86110622607197,349.009973103486,355.2099914550781,74433000.0,0.0,0.0,365.5199890136719,355.2099914550781
2022-02-02,359.33038818012415,359.66079442430265,354.014676339823,358.09619140625,78777100.0,0.0,0.0,368.489990234375,358.09619140625
2022-02-03,348.4171179283589,351.7212098548934,342.5183243409074,343.57757568359375,95384800.0,0.0,0.0,353.54998779296875,343.57757568359375
2022-02-04,344.0926633462077,351.20619958497537,342.04219309436127,347.9118347167969,86318300.0,0.0,0.0,358.010009765625,347.9118347167969
2022-02-07,348.504617817624,350.8660691597223,343.8594455728271,345.1130676269531,58198100.0,0.0,0.0,355.1300048828125,345.1130676269531
2022-02-08,343.97605055376056,350.0789131080985,342.8487664313941,348.9905090332031,64720900.0,0.0,0.0,359.1199951171875,348.9905090332031
2022-02-09,353.4996664580584,356.4636252181494,351.90591064201226,356.3858947753906,55766400.0,0.0,0.0,366.7300109863281,356.3858947753906
2022-02-10,349.379258893997,356.1526621410885,346.48333266039094,348.32000732421875,112468500.0,0.0,0.0,358.42999267578125,348.32000732421875
2022-02-11,348.3200111343548,349.91376704841684,336.0462518750743,337.2707214355469,101569100.0,0.0,0.0,347.05999755859375,337.2707214355469
2022-02-14,336.7167744589985,341.080148142114,334.1901346782162,337.6885681152344,80254400.0,0.0,0.0,347.489990234375,337.6885681152344
2022-02-15,342.9556019922909,346.31799875081583,341.8963507771041,346.08477783203125,55128800.0,0.0,0.0,356.1300048828125,346.08477783203125
2022-02-16,343.8400230004149,347.01777743599644,340.8177294448187,345.9974060058594,58947100.0,0.0,0.0,356.0400085449219,345.9974060058594
2022-02-17,342.7903763290383,343.4900687263709,335.28813049083004,335.7060241699219,61801400.0,0.0,0.0,345.45001220703125,335.7060241699219
2022-02-18,336.63901029035685,337.0277217825516,329.5740817937438,331.8772277832031,80001500.0,0.0,0.0,341.510009765625,331.8772277832031
2022-02-22,328.9423842207232,334.33585613484354,324.9191744067553,328.5439453125,85967100.0,0.0,0.0,338.0799865722656,328.5439453125
2022-02-23,331.6926034563906,332.52833172919344,319.81728430674264,320.1282653808594,86215400.0,0.0,0.0,329.4200134277344,320.1282653808594
2022-02-24,309.84666126748215,331.4204905908158,309.28303404047006,330.885986328125,130614100.0,0.0,0.0,340.489990234375,330.885986328125
2022-02-25,331.6828682136634,336.22115733319424,327.8734539442617,336.0170593261719,78842100.0,0.0,0.0,345.7699890136719,336.0170593261719
2022-02-28,332.8489417999258,338.7088543733342,331.69250536867395,337.0179138183594,77515500.0,0.0,0.0,346.79998779296875,337.0179138183594
2022-03-01,335.9976692242606,338.2619354790837,329.3408764984379,331.8578186035156,67407000.0,0.0,0.0,341.489990234375,331.8578186035156
2022-03-02,333.4029080497776,338.75749983927886,330.64301800966297,337.4261474609375,70609000.0,0.0,0.0,347.2200012207031,337.4261474609375
2022-03-03,340.0597192281727,340.1666319431547,330.7499498109718,332.6060791015625,71089400.0,0.0,0.0,342.260009765625,332.6060791015625
2022-03-04,330.2543443538934,331.6828821792647,325.4731362920545,327.7859802246094,76936300.0,0.0,0.0,337.29998779296875,327.7859802246094
2022-03-07,327.7762230578139,328.9326596429249,315.49273953947994,315.6968078613281,89933800.0,0.0,0.0,324.8599853515625,315.6968078613281
2022-03-08,314.90972996905424,323.81136363180053,310.91567218169763,314.2294921875,116153900.0,0.0,0.0,323.3500061035156,314.2294921875
2022-03-09,322.3925358332623,326.8919450724192,319.80756122601827,325.5411376953125,64723400.0,0.0,0.0,334.989990234375,325.5411376953125
2022-03-10,321.48879705743184,323.1311307732985,317.49470955243396,321.92608642578125,69362700.0,0.0,0.0,331.2699890136719,321.92608642578125
2022-03-11,324.89002181291505,325.20100286181435,314.7639201269205,315.24981689453125,66228400.0,0.0,0.0,324.3999938964844,315.24981689453125
2022-03-14,314.0156131922107,317.37801012839185,308.49583367294395,309.1955261230469,79802600.0,0.0,0.0,318.1700134277344,309.1955261230469
2022-03-15,311.8291146371056,319.67149559177153,310.2256612337523,318.89404296875,76471000.0,0.0,0.0,328.1499938964844,318.89404296875
2022-03-16,322.80068301795717,330.8374051609843,319.13700228073344,330.7207946777344,105243000.0,0.0,0.0,340.32000732421875,330.7207946777344
2022-03-17,328.82572482384677,334.7828230531577,327.53325266336526,334.7245178222656,67810000.0,0.0,0.0,344.44000244140625,334.7245178222656
2022-03-18,333.0724905740786,341.86723943420895,331.91605395086054,341.57568359375,85446300.0,0.0,0.0,351.489990234375,341.57568359375
2022-03-21,340.74285245484646,342.961279812273,336.2475907234622,340.6260681152344,73799100.0,0.434,0.0,350.0799865722656,340.6260681152344
2022-03-22,341.12239858984054,348.18635355405695,340.7429458857693,347.32037353515625,63345900.0,0.0,0.0,356.9599914550781,347.32037353515625
2022-03-23,344.44997862782566,348.00140453374314,342.27044957821784,342.3288269042969,70615500.0,0.0,0.0,351.8299865722656,342.3288269042969
2022-03-24,344.24550570423634,349.9861980676142,342.09519577686405,349.9375305175781,53555300.0,0.0,0.0,359.6499938964844,349.9375305175781
2022-03-25,349.87932232230673,350.93017371233253,345.35490081482953,349.64581298828125,57584200.0,0.0,0.0,359.3500061035156,349.64581298828125
2022-03-28,349.6360138422842,355.1529084643935,348.40032090275906,355.05560302734375,56833900.0,0.0,0.0,364.9100036621094,355.05560302734375
2022-03-29,358.9378487657722,361.7887169830254,356.1745465351108,361.166015625,68073000.0,0.0,0.0,371.19000244140625,361.166015625
2022-03-30,359.30758869837285,360.961692058656,355.6977855998509,357.1767272949219,68757700.0,0.0,0.0,367.0899963378906,357.1767272949219
2022-03-31,357.3226308821938,357.67292448022636,351.9127817149847,352.74957275390625,67011400.0,0.0,0.0,362.5400085449219,352.74957275390625
2022-04-01,353.0123139571587,353.790698080622,348.90627386497005,352.0782470703125,54527800.0,0.0,0.0,361.8500061035156,352.0782470703125
2022-04-04,352.91499315262814,359.3367658186783,352.6522952034234,359.3270263671875,45950200.0,0.0,0.0,369.29998779296875,359.3270263671875
2022-04-05,357.87720581550656,358.5875026908929,350.21000223759336,351.3484191894531,62738700.0,0.0,0.0,361.1000061035156,351.3484191894531
2022-04-06,346.04568812065344,347.14517729248894,341.0931468145804,343.7202453613281,90077100.0,0.0,0.0,353.260009765625,343.7202453613281
2022-04-07,342.72775047428837,346.72677537860693,339.2736300898147,344.53753662109375,63777400.0,0.0,0.0,354.1000061035156,344.53753662109375
2022-04-08,342.80562935333,343.55482486576096,339.08878106856014,339.7212219238281,61956100.0,0.0,0.0,349.1499938964844,339.7212219238281
2022-04-11,335.49841960824415,336.4130373274305,331.34374144933133,331.6842956542969,66107400.0,0.0,0.0,340.8900146484375,331.6842956542969
2022-04-12,336.42273774541997,338.3006108408513,328.9112156702458,330.28314208984375,72790200.0,0.0,0.0,339.45001220703125,330.28314208984375
2022-04-13,330.623631187413,338.04758648746486,329.9036245154841,336.99676513671875,61367800.0,0.0,0.0,346.3500061035156,336.99676513671875
2022-04-14,337.08437912811996,337.60006527348116,329.076619850918,329.2906799316406,73519400.0,0.0,0.0,338.42999267578125,329.2906799316406
2022-04-18,328.23989134707324,331.8302455149222,326.72202142008297,329.543701171875,58560600.0,0.0,0.0,338.69000244140625,329.543701171875
2022-04-19,328.90148159846586,337.48330417965906,327.87984877884975,336.90924072265625,56515700.0,0.0,0.0,346.260009765625,336.90924072265625
2022-04-20,337.71688273145793,338.1741916392644,330.7794225675545,331.99566650390625,65500000.0,0.0,0.0,341.2099914550781,331.99566650390625
2022-04-21,335.8682181825686,338.47583821324946,324.20201514202864,325.1263427734375,75801000.0,0.0,0.0,334.1499938964844,325.1263427734375
2022-04-22,325.2818119292789,326.4980551403134,316.18430677205333,316.6124267578125,82562100.0,0.0,0.0,325.3999938964844,316.6124267578125
2022-04-25,314.9876304027116,320.9909919402288,313.722719294002,320.67962646484375,101755900.0,0.0,0.0,329.5799865722656,320.67962646484375
2022-04-26,318.62664699678186,318.81151840668446,308.30315547583336,308.57562255859375,105819600.0,0.0,0.0,317.1400146484375,308.57562255859375
2022-04-27,308.67292069034227,314.1606266790587,306.49342141772047,308.2059020996094,111204200.0,0.0,0.0,316.760009765625,308.2059020996094
2022-04-28,313.15847678766386,320.98136565372073,308.94539140439406,319.1521301269531,99450000.0,0.0,0.0,328.010009765625,319.1521301269531
2022-04-29,314.9585840385719,318.39325618950824,304.15833049101633,304.790771484375,91977900.0,0.0,0.0,313.25,304.790771484375
2022-05-02,304.38204008613553,310.11299540302446,301.28792283503986,309.8794860839844,115511800.0,0.0,0.0,318.4800109863281,309.8794860839844
2022-05-03,309.89887010684504,312.4967795084933,307.446933692344,310.2102355957031,78185500.0,0.0,0.0,318.82000732421875,310.2102355957031
2022-05-04,310.6870604224948,321.37055722131646,305.4134436526735,320.6991882324219,116083400.0,0.0,0.0,329.6000061035156,320.6991882324219
2022-05-05,316.388786116127,316.4666126482784,301.2586965808234,304.54742431640625,154607400.0,0.0,0.0,313.0,304.54742431640625
2022-05-06,302.5528769524845,306.58106174154045,296.8705587108456,300.8987731933594,139572800.0,0.0,0.0,309.25,300.8987731933594
2022-05-09,295.28453273033836,300.996008618568,287.7340820427355,289.1254577636719,113387300.0,0.0,0.0,297.1499938964844,289.1254577636719
2022-05-10,296.28670102456,297.50294470917896,288.5611187643844,292.6379699707031,124124600.0,0.0,0.0,300.760009765625,292.6379699707031
2022-05-11,290.38063535798904,295.87805126741296,283.09291217982707,283.9588623046875,140326100.0,0.0,0.0,291.8399963378906,283.9588623046875
2022-05-12,279.68741206372414,287.76325832357395,277.24518522152556,283.2874755859375,120910900.0,0.0,0.0,291.1499938964844,283.2874755859375
2022-05-13,287.73413219884907,294.81753583243125,286.1384058708575,293.7861633300781,83684900.0,0.0,0.0,301.94000244140625,293.7861633300781
2022-05-16,292.04442828459975,294.0974630695584,289.1059942254348,290.380615234375,59190400.0,0.0,0.0,298.44000244140625,290.380615234375
2022-05-17,296.2283030874456,298.2813080313498,292.43359930076383,297.90185546875,62715300.0,0.0,0.0,306.1700134277344,297.90185546875
2022-05-18,293.3969760028948,294.0877942691442,282.022659930127,283.27783203125,79477100.0,0.0,0.0,291.1400146484375,283.27783203125
2022-05-19,281.47774051592484,286.44002110714024,279.81389763549873,281.7598876953125,79920700.0,0.0,0.0,289.5799865722656,281.7598876953125
2022-05-20,285.21393239760624,285.8658221982469,272.6428281947896,280.88409423828125,91764200.0,0.0,0.0,288.67999267578125,280.88409423828125
2022-05-23,281.9252836170379,285.9340180153602,279.5317243809088,285.5545654296875,63648400.0,0.0,0.0,293.4800109863281,285.5545654296875
2022-05-24,280.3490731233341,281.0593405177189,274.62785738418324,279.48309326171875,73491100.0,0.0,0.0,287.239990234375,279.48309326171875
2022-05-25,277.99439122112335,285.4670153366777,277.7900705866969,283.39453125,67144500.0,0.0,0.0,291.260009765625,283.39453125
2022-05-26,282.596671869978,292.79367022076343,282.31449500411975,291.24658203125,59462200.0,0.0,0.0,299.3299865722656,291.24658203125
2022-05-27,294.36990205158577,300.898689886617,294.2531474079172,300.75274658203125,66985600.0,0.0,0.0,309.1000061035156,300.75274658203125
2022-05-31,300.7235999733493,302.922548687984,296.11158304936345,299.9549255371094,60968300.0,0.0,0.0,308.2799987792969,299.9549255371094
2022-06-01,302.0857387437467,304.2068605762267,295.52776238187124,297.7364501953125,65341700.0,0.0,0.0,306.0,297.7364501953125
2022-06-02,296.6175262442658,306.0652992066853,295.2066716427817,305.8901672363281,59291300.0,0.0,0.0,314.3800048828125,305.8901672363281
2022-06-03,300.68462339025336,302.08573847126695,296.6856284627201,297.9310607910156,60914700.0,0.0,0.0,306.20001220703125,297.9310607910156
2022-06-06,302.358224955138,303.91502304162674,297.3667553803081,298.9235534667969,51785000.0,0.0,0.0,307.2200012207031,298.9235534667969
2022-06-07,295.6056357754856,302.28039753027656,294.51588602616147,301.5019836425781,44900300.0,0.0,0.0,309.8699951171875,301.5019836425781
2022-06-08,300.70404994422427,303.3019592884661,298.4856228486641,299.3321533203125,38342100.0,0.0,0.0,307.6400146484375,299.3321533203125
2022-06-09,297.6489665842472,300.70415608590713,291.14936574434535,291.31475830078125,55900500.0,0.0,0.0,299.3999938964844,291.31475830078125
2022-06-10,285.7199902862331,286.9070454341088,280.59231706610126,281.0398864746094,85963500.0,0.0,0.0,288.8399963378906,281.0398864746094
2022-06-13,272.1953595630183,274.7154131267683,267.11632432016336,267.9725646972656,94442000.0,0.0,0.0,275.4100036621094,267.9725646972656
2022-06-14,270.16181731673043,271.1348123961568,265.9584714471799,268.4590759277344,64697500.0,0.0,0.0,275.9100036621094,268.4590759277344
2022-06-15,271.8743261379324,279.0841942882345,269.1401823653874,275.16302490234375,86051400.0,0.0,0.0,282.79998779296875,275.16302490234375
2022-06-16,268.14765689386064,268.60496567771895,262.0080615426985,264.06109619140625,81910300.0,0.0,0.0,271.3900146484375,264.06109619140625
2022-06-17,264.82977618310406,269.7044907124931,263.20489113560865,267.2720031738281,82703400.0,0.0,0.0,274.69000244140625,267.2720031738281
2022-06-21,271.74371356643644,276.3255925653468,271.6364926592741,274.01513671875,51633700.0,0.527,0.0,281.0799865722656,274.01513671875
2022-06-22,271.51949415416965,278.01210113654355,270.9248405543177,273.615478515625,67472900.0,0.0,0.0,280.6700134277344,273.615478515625
2022-06-23,276.09157538374063,278.5384966482749,273.26447214712834,277.69036865234375,57457800.0,0.0,0.0,284.8500061035156,277.69036865234375
2022-06-24,280.507727853171,287.6242622907725,280.2737697047167,287.2050476074219,58422300.0,0.0,0.0,294.6099853515625,287.2050476074219
2022-06-27,288.5600633287982,289.1254719842807,283.9684571377325,285.09930419921875,54151500.0,0.0,0.0,292.45001220703125,285.09930419921875
2022-06-28,285.63564257990953,288.21903066678715,276.22819477269275,276.4134216308594,61609800.0,0.0,0.0,283.5400085449219,276.4134216308594
2022-06-29,276.27680789416553,278.16804887285934,273.7811552161931,276.666748046875,57302700.0,0.0,0.0,283.79998779296875,276.666748046875
2022-06-30,273.693447915799,276.80327077260506,268.8483659202871,273.2352600097656,79313600.0,0.0,0.0,280.2799987792969,273.2352600097656
2022-07-01,271.9386625750301,275.42866694103077,270.06690827922216,275.0387268066406,56675100.0,0.0,0.0,282.1300048828125,275.0387268066406
2022-07-05,271.31473627277535,279.8642935191282,269.7939489136833,279.747314453125,61829300.0,0.0,0.0,286.9599914550781,279.747314453125
2022-07-06,280.1275702404381,283.6370915253108,278.41179766771586,281.5411071777344,63194700.0,0.0,0.0,288.79998779296875,281.5411071777344
2022-07-07,282.350200320665,288.26763896668695,282.350200320665,287.56573486328125,56620100.0,0.0,0.0,294.9800109863281,287.56573486328125
2022-07-08,284.73865446284026,289.29128867561775,283.80279206972443,287.9264831542969,59895500.0,0.0,0.0,295.3500061035156,287.9264831542969
2022-07-11,285.5186266207604,285.74282665658524,280.89777344078294,281.775146484375,55273900.0,0.0,0.0,289.0400085449219,281.775146484375
2022-07-12,283.0228769013674,284.9336043962824,277.4563750926704,279.04541015625,55797100.0,0.0,0.0,286.239990234375,279.04541015625
2022-07-13,273.5471579009379,280.80988517547735,272.98171947253604,278.47021484375,73939400.0,0.0,0.0,285.6499938964844,278.47021484375
2022-07-14,275.8770733244026,280.33221410387813,272.76725118297634,279.464599609375,63741800.0,0.0,0.0,286.6700134277344,279.464599609375
2022-07-15,282.4477695308768,284.64121673118933,280.8392177835556,284.5339660644531,63818100.0,0.0,0.0,291.8699951171875,284.5339660644531
2022-07-18,287.3123596853128,288.7161683772217,280.9562473723328,282.1260681152344,59519600.0,0.0,0.0,289.3999938964844,282.1260681152344
2022-07-19,285.74281381441335,291.0948456658054,284.14404985691573,290.8023681640625,55172600.0,0.0,0.0,298.29998779296875,290.8023681640625
2022-07-20,291.22148278478676,296.5929696381885,290.44157279889953,295.41339111328125,67769400.0,0.0,0.0,303.0299987792969,295.41339111328125
2022-07-21,295.8715712154252,299.71254226297543,293.2199368336219,299.654052734375,55049400.0,0.0,0.0,307.3800048828125,299.654052734375
2022-07-22,298.72797102452967,300.79468073009497,292.5765732733218,294.3995666503906,57127700.0,0.0,0.0,301.989990234375,294.3995666503906
2022-07-25,294.4288232056568,294.89676928529184,290.72434676443356,292.7228088378906,40582400.0,0.0,0.0,300.2699890136719,292.7228088378906
2022-07-26,291.02654315994,291.2800176636317,286.1619747271185,286.9710998535156,50074100.0,0.0,0.0,294.3699951171875,286.9710998535156
2022-07-27,291.5238455259676,300.78506962093905,290.95840676302487,299.0985412597656,69304400.0,0.0,0.0,306.80999755859375,299.0985412597656
2022-07-28,298.8839126594258,302.5981466237993,295.14043392960536,302.0229797363281,55139900.0,0.0,0.0,309.80999755859375,302.0229797363281
2022-07-29,303.56332661296017,308.4376532183859,302.1400018237952,307.531005859375,57501000.0,0.0,0.0,315.4599914550781,307.531005859375
2022-08-01,305.7664871766876,310.7967955595493,304.674642830118,307.34576416015625,46358800.0,0.0,0.0,315.2699890136719,307.34576416015625
2022-08-02,305.05481811529603,310.54328396050465,304.0019470851093,306.4293518066406,48676500.0,0.0,0.0,314.3299865722656,306.4293518066406
2022-08-03,308.1061867149711,315.59317532874235,308.04769717311217,314.7742919921875,53735700.0,0.0,0.0,322.8900146484375,314.7742919921875
2022-08-04,314.8522267070254,316.5582408713588,312.7075112859387,316.24627685546875,38973700.0,0.0,0.0,324.3999938964844,316.24627685546875
2022-08-05,311.1672198285277,315.6905788028209,310.38733958312264,313.6628723144531,53894000.0,0.0,0.0,321.75,313.6628723144531
2022-08-08,314.57919977371034,318.2641884071984,311.1866587498167,312.6489562988281,43878500.0,0.0,0.0,320.7099914550781,312.6489562988281
2022-08-09,310.7578153405692,311.0112898504591,307.4920402349788,309.11029052734375,39764200.0,0.0,0.0,317.0799865722656,309.11029052734375
2022-08-10,316.4315076226495,318.03030091136225,313.96509973254626,317.7378234863281,51459600.0,0.0,0.0,325.92999267578125,317.7378234863281
2022-08-11,320.05804792349016,322.0565100360168,315.2324524315432,315.9343566894531,45897700.0,0.0,0.0,324.0799865722656,315.9343566894531
2022-08-12,317.9816405282173,322.28080120851956,316.92879881594587,322.0858459472656,40928400.0,0.0,0.0,330.3900146484375,322.0858459472656
2022-08-15,321.14013498645255,325.1858199654628,321.1206186404325,324.6886291503906,38266600.0,0.0,0.0,333.05999755859375,324.6886291503906
2022-08-16,323.7137816095442,326.0144792764567,320.8866780807311,323.9282531738281,41186900.0,0.0,0.0,332.2799987792969,323.9282531738281
2022-08-17,320.7988979479699,323.09956553572937,318.15699184017217,320.23345947265625,47842200.0,0.0,0.0,328.489990234375,320.23345947265625
2022-08-18,320.1847787832666,322.18324085585533,318.57625690160626,321.003662109375,41937200.0,0.0,0.0,329.2799987792969,321.003662109375
2022-08-19,317.97179578627373,318.62493881082617,313.984570932645,314.7449645996094,51770600.0,0.0,0.0,322.8599853515625,314.7449645996094
2022-08-22,310.49466723839396,310.7286254423586,305.6495844277295,306.4587097167969,51098900.0,0.0,0.0,314.3599853515625,306.4587097167969
2022-08-23,306.22468679134613,309.03230364766176,305.45453486535706,306.2052001953125,39497100.0,0.0,0.0,314.1000061035156,306.2052001953125
2022-08-24,305.7274805067354,308.90555078072424,305.1230688044367,307.0923156738281,38057100.0,0.0,0.0,315.010009765625,307.0923156738281
2022-08-25,308.86659359349505,312.5418552156538,307.8235102191385,312.5223388671875,38098300.0,0.0,0.0,320.5799865722656,312.5223388671875
2022-08-26,312.22988392436116,313.42897905659123,299.6248816523211,299.7126159667969,69047700.0,0.0,0.0,307.44000244140625,299.7126159667969
2022-08-29,296.9634413953537,299.4980969416907,295.6571255581281,296.75872802734375,48321900.0,0.0,0.0,304.4100036621094,296.75872802734375
2022-08-30,298.40634354355325,299.02051358519344,290.93887004220585,293.4540100097656,51184500.0,0.0,0.0,301.0199890136719,293.4540100097656
2022-08-31,296.3492591674008,297.24614823115894,291.64067339661335,291.7478942871094,50044000.0,0.0,0.0,299.2699890136719,291.7478942871094
2022-09-01,289.2620929366268,292.2451789926336,285.5868607043659,291.8747253417969,57990700.0,0.0,0.0,299.3999938964844,291.8747253417969
2022-09-02,294.740774703101,296.11533836235265,286.14245551571184,287.7510070800781,64666800.0,0.0,0.0,295.1700134277344,287.7510070800781
2022-09-06,288.22870983713847,289.1450856998673,283.55909620691773,285.6842956542969,57005400.0,0.0,0.0,293.04998779296875,285.6842956542969
2022-09-07,286.16199347016936,292.449857353697,285.8987607758549,291.45550537109375,49260400.0,0.0,0.0,298.9700012207031,291.45550537109375
2022-09-08,289.3887529227953,294.28256572550094,288.02394753464296,292.96649169921875,55649800.0,0.0,0.0,300.5199890136719,292.96649169921875
2022-09-09,295.2184328903551,299.868559209784,292.9664965251766,299.3713684082031,56125200.0,0.0,0.0,307.0899963378906,299.3713684082031
2022-09-12,300.7459377659019,303.26107708875264,300.433973737331,302.92962646484375,45905700.0,0.0,0.0,310.739990234375,302.92962646484375
2022-09-13,294.214379469994,295.4037165031951,285.4308620388399,286.3179931640625,79562200.0,0.0,0.0,293.70001220703125,286.3179931640625
2022-09-14,287.45853861960694,289.46675884397393,285.69403473072657,288.5893859863281,54907200.0,0.0,0.0,296.0299987792969,288.5893859863281
2022-09-15,286.678645807711,289.07680611469806,282.1845013060577,283.7832946777344,65299400.0,0.0,0.0,291.1000061035156,283.7832946777344
2022-09-16,280.4882745925792,282.43800539615603,278.4410512987174,282.0480651855469,79920400.0,0.0,0.0,289.32000732421875,282.0480651855469
2022-09-19,279.41020817475714,284.40070814116905,279.351613522611,284.24444580078125,52613800.0,0.519,0.0,291.04998779296875,284.24444580078125
2022-09-20,281.744290332558,284.2639794331516,279.68364231837523,281.97869873046875,51271100.0,0.0,0.0,288.7300109863281,281.97869873046875
2022-09-21,282.818503505223,287.0765689735157,276.79279351741263,276.92950439453125,82931000.0,0.0,0.0,283.55999755859375,276.92950439453125
2022-09-22,275.406043192936,276.41195769045265,272.30040773116497,273.52117919921875,62757100.0,0.0,0.0,280.07000732421875,273.52117919921875
2022-09-23,271.06011839978765,271.35312147078616,265.65942594872183,269.0678405761719,74815200.0,0.0,0.0,275.510009765625,269.0678405761719
2022-09-26,268.59903872928675,272.95474328112414,267.1634101921664,267.9544677734375,71176700.0,0.0,0.0,274.3699951171875,267.9544677734375
2022-09-27,271.31407346333293,273.6579492275771,265.7473424447554,268.06195068359375,69780100.0,0.0,0.0,274.4800109863281,268.06195068359375
2022-09-28,268.04238291652376,274.67362290438297,266.5677110211585,273.3942565917969,79652100.0,0.0,0.0,279.94000244140625,273.3942565917969
2022-09-29,269.4096019608169,269.790496968335,262.5537600614113,265.5129089355469,81216000.0,0.0,0.0,271.8699951171875,265.5129089355469
2022-09-30,264.692578581056,268.75531001739057,260.85447984718013,261.0107421875,78482400.0,0.0,0.0,267.260009765625,261.0107421875
2022-10-03,262.77842001017177,268.726015698941,261.2744210462549,267.1341247558594,61267400.0,0.0,0.0,273.5299987792969,267.1341247558594
2022-10-04,272.4664880101079,276.23624679838736,272.4664880101079,275.5330810546875,66696900.0,0.0,0.0,282.1300048828125,275.5330810546875
2022-10-05,271.7730399929327,277.1737320512889,268.9799290372803,275.38653564453125,55766300.0,0.0,0.0,281.9800109863281,275.38653564453125
2022-10-06,274.39030631667293,277.5350142756709,272.8960834860799,273.2183837890625,53489400.0,0.0,0.0,279.760009765625,273.2183837890625
2022-10-07,268.58923499875493,268.7161999955391,261.4794634147483,262.80767822265625,71354700.0,0.0,0.0,269.1000061035156,262.80767822265625
2022-10-10,263.003011358752,263.3936820987609,257.47538399634095,260.18060302734375,60393000.0,0.0,0.0,266.4100036621094,260.18060302734375
2022-10-11,258.5105553818787,261.37203629971344,254.92635755146634,256.60614013671875,66522500.0,0.0,0.0,262.75,256.60614013671875
2022-10-12,257.2409366240734,259.1550977833847,255.8248597200274,256.51824951171875,50580200.0,0.0,0.0,262.6600036621094,256.51824951171875
2022-10-13,249.19367526946817,263.8527105635727,248.31471075324347,262.5342712402344,112894100.0,0.0,0.0,268.82000732421875,262.5342712402344
2022-10-14,264.8585000549193,265.4542220239397,254.05712014294502,254.64306640625,77244300.0,0.0,0.0,260.739990234375,254.64306640625
2022-10-17,260.6005306505108,263.92102317708975,260.5028629694955,263.0518493652344,64576500.0,0.0,0.0,269.3500061035156,263.0518493652344
2022-10-18,270.0639856097863,270.7280782327119,262.45612836152094,265.132080078125,69781000.0,0.0,0.0,271.4800109863281,265.132080078125
2022-10-19,263.6182883721529,267.28060307677697,261.8017945845762,264.1651916503906,53115400.0,0.0,0.0,270.489990234375,264.1651916503906
2022-10-20,263.27651627161583,268.4135335415429,261.6553575492881,262.8175048828125,60605500.0,0.0,0.0,269.1099853515625,262.8175048828125
2022-10-21,261.71385546652766,269.5170163876789,260.5809760788131,268.9798889160156,77897700.0,0.0,0.0,275.4200134277344,268.9798889160156
2022-10-24,269.24358353455074,272.8668248033744,265.6105665569841,271.9390563964844,63963600.0,0.0,0.0,278.45001220703125,271.9390563964844
2022-10-25,272.87661100977135,277.9452565800138,271.40190952437393,277.5643615722656,59014500.0,0.0,0.0,284.2099914550781,277.5643615722656
2022-10-26,271.9488193068196,277.33976536779505,270.9429047750638,271.43121337890625,63492400.0,0.0,0.0,277.92999267578125,271.43121337890625
2022-10-27,270.31779216743183,271.77294176847647,265.97183516830995,266.48944091796875,57760300.0,0.0,0.0,272.8699951171875,266.48944091796875
2022-10-28,265.86447857469307,275.1130435199091,265.69844055724036,274.6442565917969,62651300.0,0.0,0.0,281.2200012207031,274.6442565917969
2022-10-31,272.3981563143735,273.2185114080804,269.5366444923248,271.4508361816406,47742000.0,0.0,0.0,277.95001220703125,271.4508361816406
2022-11-01,274.91775300938326,275.47443198903903,268.31581093092103,268.6771545410156,45895900.0,0.0,0.0,275.1099853515625,268.6771545410156
2022-11-02,268.6477839209139,271.70459981620013,259.399219990939,259.46759033203125,79803100.0,0.0,0.0,265.67999267578125,259.46759033203125
2022-11-03,256.8600810601073,258.3152310474457,254.0181216335413,254.39898681640625,70038900.0,0.0,0.0,260.489990234375,254.39898681640625
2022-11-04,259.3211277795475,260.37586109478195,253.02193579593498,258.4909973144531,78313200.0,0.0,0.0,264.67999267578125,258.4909973144531
2022-11-07,259.5360356389298,261.87016518539997,257.40701717498183,261.3330078125,47333800.0,0.0,0.0,267.5899963378906,261.3330078125
2022-11-08,262.84678581141725,266.47002753052357,259.3114062659565,263.2374267578125,63213800.0,0.0,0.0,269.5400085449219,263.2374267578125
2022-11-09,261.4990554724208,262.2803373839128,256.87964495483965,257.1628723144531,64862100.0,0.0,0.0,263.32000732421875,257.1628723144531
2022-11-10,269.5561585437925,276.431523081821,267.4466615364443,276.1385498046875,99256700.0,0.0,0.0,282.75,276.1385498046875
2022-11-11,275.9529276307415,281.89077633715436,274.6149669615236,281.2266540527344,66961800.0,0.0,0.0,287.9599914550781,281.2266540527344
2022-11-14,279.175787547077,282.4474612340615,277.7890077683027,278.765625,55290700.0,0.0,0.0,285.44000244140625,278.765625
2022-11-15,285.3772982992124,286.4027642223194,279.2832166231135,282.6232604980469,73985400.0,0.0,0.0,289.3900146484375,282.6232604980469
2022-11-16,280.67004052340684,282.7111669611751,277.9452701018534,278.765625,48859800.0,0.0,0.0,285.44000244140625,278.765625
2022-11-17,274.3122614193195,279.62506171085806,274.15599908086324,278.1503601074219,55462100.0,0.0,0.0,284.80999755859375,278.1503601074219
2022-11-18,281.15831692559203,281.2559547943808,275.7185524153398,278.16009521484375,53588600.0,0.0,0.0,284.82000732421875,278.16009521484375
2022-11-21,276.77328608772194,277.92568713736597,274.4684839884339,275.2986145019531,40083500.0,0.0,0.0,281.8900146484375,275.2986145019531
2022-11-22,276.0310716559067,279.4199043836066,273.9020237252865,279.263671875,41873400.0,0.0,0.0,285.95001220703125,279.263671875
2022-11-23,279.28325456645376,282.6916394561302,279.10747060283614,282.0666198730469,46390000.0,0.0,0.0,288.82000732421875,282.0666198730469
2022-11-25,280.47467442939137,281.1778399513412,279.7226899728019,280.21099853515625,15498800.0,0.0,0.0,286.9200134277344,280.21099853515625
2022-11-28,278.2382202134206,280.2500491591081,275.17165785896117,276.09942626953125,38714200.0,0.0,0.0,282.7099914550781,276.09942626953125
2022-11-29,276.324068928453,276.7244855511011,272.6422328675054,274.0094909667969,35618900.0,0.0,0.0,280.57000732421875,274.0094909667969
2022-11-30,274.273189788215,286.6078706435798,273.4235375342529,286.50042724609375,74718100.0,0.0,0.0,293.3599853515625,286.50042724609375
2022-12-01,286.8226924238293,288.8345213632916,284.078400623767,286.85198974609375,51547300.0,0.0,0.0,293.7200012207031,286.85198974609375
2022-12-02,281.7931960703242,286.58839113405276,281.6173822853335,285.70941162109375,53583200.0,0.0,0.0,292.54998779296875,285.70941162109375
2022-12-05,283.5900753418602,284.8596656371709,279.45897432203,280.9141540527344,41482100.0,0.0,0.0,287.6400146484375,280.9141540527344
2022-12-06,280.7579030923493,280.8946139923922,273.7067262258463,275.093505859375,53937600.0,0.0,0.0,281.67999267578125,275.093505859375
2022-12-07,273.9118033066656,275.96270520799345,272.26131799877703,273.97039794921875,45614300.0,0.0,0.0,280.5299987792969,273.97039794921875
2022-12-08,275.31806838684577,278.1795486940525,273.2476453686077,277.21270751953125,42594900.0,0.0,0.0,283.8500061035156,277.21270751953125
2022-12-09,276.19708332447607,278.96092644431246,275.0056092545373,275.4450988769531,47860500.0,0.0,0.0,282.0400085449219,275.4450988769531
2022-12-12,275.6209542237477,278.96099872921496,274.58574220011093,278.9023742675781,35732500.0,0.0,0.0,285.5799865722656,278.9023742675781
2022-12-13,289.71348065751044,289.93811333848004,279.2246216753855,281.9005432128906,80667700.0,0.0,0.0,288.6499938964844,281.9005432128906
2022-12-14,281.3144849181107,284.5959331861222,276.56814111035806,279.8105163574219,64984400.0,0.0,0.0,286.510009765625,279.8105163574219
2022-12-15,275.7282659138191,276.39238812826255,269.22402288788686,270.4154968261719,60554100.0,0.0,0.0,276.8900146484375,270.4154968261719
2022-12-16,269.7417572978392,271.2750240756214,266.2356743509104,267.83734130859375,68300400.0,0.0,0.0,274.25,267.83734130859375
2022-12-19,268.1065030236201,268.1946054220828,262.8397183407502,264.0732116699219,44167900.0,0.655,0.0,269.75,264.0732116699219
2022-12-20,262.9082582224274,265.6101846699768,261.3321543782554,263.8676452636719,51064200.0,0.0,0.0,269.5400085449219,263.8676452636719
2022-12-21,264.9052841933642,268.9973097762477,264.06336718269586,267.6953125,46394700.0,0.0,0.0,273.45001220703125,267.6953125
2022-12-22,264.6899005402666,264.81716949092845,256.9365625396508,261.1460876464844,60278400.0,0.0,0.0,266.760009765625,261.1460876464844
2022-12-23,259.8832495982512,262.3991717432698,257.984074036482,261.73345947265625,39373600.0,0.0,0.0,267.3599853515625,261.73345947265625
2022-12-27,261.12652229491476,261.23422291108676,257.4946065647044,258.03302001953125,38009000.0,0.0,0.0,263.5799865722656,258.03302001953125
2022-12-28,257.63175890017953,259.8833448344341,254.26414923957597,254.62635803222656,47139000.0,0.0,0.0,260.1000061035156,254.62635803222656
2022-12-29,257.42614022815377,261.7727052123181,256.73109016040627,260.8329162597656,45893600.0,0.0,0.0,266.44000244140625,260.8329162597656
2022-12-30,258.0721838889015,260.80347746144184,256.77018652297744,260.67620849609375,37858300.0,0.0,0.0,266.2799987792969,260.67620849609375
2023-01-03,262.99631964429176,264.4647525064881,256.6135422250686,258.9140930175781,42335300.0,0.0,0.0,264.4800109863281,258.9140930175781
2023-01-04,261.0286360949012,261.8215874388271,257.0051145763298,260.1475524902344,47754900.0,0.0,0.0,265.739990234375,260.1475524902344
2023-01-05,258.4833860141376,258.6497916979726,255.76189126208158,256.07513427734375,45396700.0,0.0,0.0,261.5799865722656,256.07513427734375
2023-01-06,257.8078996966904,264.2592119256814,254.86123450680134,263.1431884765625,54659700.0,0.0,0.0,268.79998779296875,263.1431884765625
2023-01-09,265.13049422564075,269.49665708978154,264.23967104688154,264.84661865234375,45568700.0,0.0,0.0,270.5400085449219,264.84661865234375
2023-01-10,263.8187017183948,267.19611006139115,263.30965562590194,267.0884094238281,35247800.0,0.0,0.0,272.8299865722656,267.0884094238281
2023-01-11,268.1554625853684,271.8167460338236,267.3722803802534,271.70904541015625,44077000.0,0.0,0.0,277.54998779296875,271.70904541015625
2023-01-12,272.26703847387023,274.20538068894945,267.9792095551261,273.1774597167969,60600000.0,0.0,0.0,279.04998779296875,273.1774597167969
2023-01-13,270.68110651609,275.30177614783395,270.34826534085795,275.0570373535156,44802900.0,0.0,0.0,280.9700012207031,275.0570373535156
2023-01-17,274.8612670906476,276.8975108319857,273.69630790097455,275.6150817871094,36269700.0,0.0,0.0,281.5400085449219,275.6150817871094
2023-01-18,277.15205270076115,278.69881898386734,271.82656273808385,272.0321350097656,47754500.0,0.0,0.0,277.8800048828125,272.0321350097656
2023-01-19,270.4070474982165,271.54263928726834,268.12609468186554,269.35955810546875,44150400.0,0.0,0.0,275.1499938964844,269.35955810546875
2023-01-20,270.96504787665987,277.06392032100797,269.90775941456707,276.7310791015625,60613600.0,0.0,0.0,282.67999267578125,276.7310791015625
2023-01-23,277.573015365785,284.10263098620993,276.78006390213943,282.8789367675781,52799900.0,0.0,0.0,288.9599914550781,282.8789367675781
2023-01-24,281.2636099496276,283.456459989396,280.7447649000274,282.3013000488281,44875100.0,0.0,0.0,288.3699951171875,282.3013000488281
2023-01-25,277.79812038931897,282.29152139938293,275.2626298782115,281.6748046875,50872000.0,0.0,0.0,287.7300109863281,281.6748046875
2023-01-26,285.0914281565779,287.3430139058109,282.44823629847684,287.16680908203125,51596300.0,0.0,0.0,293.3399963378906,287.16680908203125
2023-01-27,285.8549701231416,291.98324034411183,285.73750025794106,290.02532958984375,56441900.0,0.0,0.0,296.260009765625,290.02532958984375
2023-01-30,286.76537113929567,288.1848682857215,283.78936851387857,284.1613464355469,49405800.0,0.0,0.0,290.2699890136719,284.1613464355469
2023-01-31,284.20053500918095,288.51773183569037,284.09286425715686,288.4198303222656,46705100.0,0.0,0.0,294.6199951171875,288.4198303222656
2023-02-01,288.2142111680484,297.0443765360144,286.1486001096199,294.58721923828125,67562200.0,0.0,0.0,300.9200134277344,294.58721923828125
2023-02-02,301.0973142806732,307.07871732986723,300.2749953441006,305.15997314453125,83070600.0,0.0,0.0,311.7200012207031,305.15997314453125
2023-02-03,298.52258588677284,305.81581370577084,298.13100980176773,299.7364807128906,76170800.0,0.0,0.0,306.17999267578125,299.7364807128906
2023-02-06,297.1227770317245,299.4722641274987,295.8599161410481,297.2010803222656,40802300.0,0.0,0.0,303.5899963378906,297.2010803222656
2023-02-07,297.0737669255531,304.4844657154547,295.95777341891034,303.3586730957031,67584000.0,0.0,0.0,309.8800048828125,303.3586730957031
2023-02-08,302.04688701348005,302.9866757686997,297.27937931859657,297.9646301269531,56720900.0,0.0,0.0,304.3699951171875,297.9646301269531
2023-02-09,302.34053032287403,302.4873676326332,293.8823726519767,295.3312072753906,49137800.0,0.0,0.0,301.67999267578125,295.3312072753906
2023-02-10,293.1775424584774,295.2235554396842,290.9944613958253,293.3929138183594,50050100.0,0.0,0.0,299.70001220703125,293.3929138183594
2023-02-13,294.7928440312936,298.6792981596832,293.61808560255224,298.0919189453125,39636700.0,0.0,0.0,304.5,298.0919189453125
2023-02-14,296.5158023274129,301.2441435550638,294.5774599660458,300.2945556640625,64079100.0,0.0,0.0,306.75,300.2945556640625
2023-02-15,298.4833782060857,302.76140684312486,297.79812762054024,302.5950012207031,43100600.0,0.0,0.0,309.1000061035156,302.5950012207031
2023-02-16,297.97443328027487,301.939190485225,296.77030744841954,296.9171447753906,59498600.0,0.0,0.0,303.29998779296875,296.9171447753906
2023-02-17,294.7341326995132,295.57602006976236,291.8266337371282,294.8222351074219,58230700.0,0.0,0.0,301.1600036621094,294.8222351074219
2023-02-21,291.00429133109196,292.4433569619645,287.7052164180567,287.8422546386719,46526700.0,0.0,0.0,294.0299987792969,287.8422546386719
2023-02-22,288.41976478189457,290.1231372020917,286.4031195400651,288.05755615234375,51389200.0,0.0,0.0,294.25,288.05755615234375
2023-02-23,291.69930945606296,291.8559458877727,286.39335863002105,290.5735168457031,69294400.0,0.0,0.0,296.82000732421875,290.5735168457031
2023-02-24,285.6200579929766,286.8045857486757,283.9460226260609,285.7081604003906,74332000.0,0.0,0.0,291.8500061035156,285.7081604003906
2023-02-27,288.86037476393324,290.2504746907463,287.1667711802001,287.754150390625,48995000.0,0.0,0.0,293.94000244140625,287.754150390625
2023-02-28,287.1276031524654,289.888264514807,286.79476190581636,287.38214111328125,48243100.0,0.0,0.0,293.55999755859375,287.38214111328125
2023-03-01,287.0884842115543,287.74436763145235,284.09288293100525,285.07183837890625,58287000.0,0.0,0.0,291.20001220703125,285.07183837890625
2023-03-02,282.5852798241735,288.2338419364344,282.301374382552,287.43109130859375,53565900.0,0.0,0.0,293.6099853515625,287.43109130859375
2023-03-03,289.1736548241878,293.60832166598146,288.6645788873776,293.37335205078125,60511500.0,0.0,0.0,299.67999267578125,293.37335205078125
2023-03-06,294.60676761308827,297.6023680062821,293.51034261627746,293.70611572265625,56736300.0,0.0,0.0,300.0199890136719,293.70611572265625
2023-03-07,293.75518296952293,294.6754035261504,289.49672058518973,290.1036682128906,65955800.0,0.0,0.0,296.3399963378906,290.1036682128906
2023-03-08,290.524569189103,292.1496386591984,288.67435910816766,291.552490234375,50876300.0,0.0,0.0,297.82000732421875,291.552490234375
2023-03-09,292.0516969518339,294.64595217901757,285.688488036772,286.50103759765625,71456700.0,0.0,0.0,292.6600036621094,286.50103759765625
2023-03-10,286.6674975098236,288.1555288425777,281.332208488785,282.4775695800781,98593600.0,0.0,0.0,288.54998779296875,282.4775695800781
2023-03-13,280.69585526234823,288.2729594904219,279.18825578177353,284.572509765625,97123600.0,0.0,0.0,290.69000244140625,284.572509765625
2023-03-14,288.116337589981,291.6601510652607,287.27445035567496,291.1119384765625,73602500.0,0.0,0.0,297.3699951171875,291.1119384765625
2023-03-15,288.5079065817894,292.97194033630325,287.06884110333795,292.63909912109375,83631500.0,0.0,0.0,298.92999267578125,292.63909912109375
2023-03-16,291.7287370132938,300.7155412720084,290.935785453722,300.35333251953125,98198100.0,0.0,0.0,306.80999755859375,300.35333251953125
2023-03-17,300.2652329091514,302.6440876100418,296.98572600084447,298.933837890625,89923700.0,0.0,0.0,305.3599853515625,298.933837890625
2023-03-20,298.3180019976283,300.31814052948806,296.111943090933,299.9945983886719,56359500.0,0.472,0.0,305.9700012207031,299.9945983886719
2023-03-21,301.92617299814253,304.7303050536793,300.4162396258416,304.279296875,49757000.0,0.0,0.0,310.3399963378906,304.279296875
2023-03-22,304.2106715650756,309.0934270367483,299.9750603489493,300.1417236328125,75791900.0,0.0,0.0,306.1199951171875,300.1417236328125
2023-03-23,303.86752938637034,308.0149018008704,301.0143557125229,303.7008361816406,74576000.0,0.0,0.0,309.75,303.7008361816406
2023-03-24,303.279226703165,304.91659613807786,300.9555157584749,304.8185729980469,57195200.0,0.0,0.0,310.8900146484375,304.8185729980469
2023-03-27,305.51469696172717,306.59322078967597,301.8771587944389,302.73016357421875,50287400.0,0.0,0.0,308.760009765625,302.73016357421875
2023-03-28,302.15170469311755,302.18111762074943,298.8180799796666,301.1221923828125,48585900.0,0.0,0.0,307.1199951171875,301.1221923828125
2023-03-29,304.80879117992583,307.2305554441771,303.9949835955194,306.61285400390625,53274300.0,0.0,0.0,312.7200012207031,306.61285400390625
2023-03-30,309.0836355781901,310.1425609016153,306.7010984828793,309.5150451660156,58354800.0,0.0,0.0,315.67999267578125,309.5150451660156
2023-03-31,309.74055315519803,314.89783945673923,309.4366095821471,314.6625061035156,62138100.0,0.0,0.0,320.92999267578125,314.6625061035156
2023-04-03,312.54471142579524,314.1625124174581,311.22109959130535,313.89776611328125,47126800.0,0.0,0.0,320.1499938964844,313.89776611328125
2023-04-04,314.3389558514006,315.3488396151204,311.6230324871947,312.8388366699219,45875400.0,0.0,0.0,319.07000732421875,312.8388366699219
2023-04-05,311.8877854973382,312.82902914171353,307.93648914174224,309.7503662109375,62795700.0,0.0,0.0,315.9200134277344,309.7503662109375
2023-04-06,308.1031535335626,312.3289805472863,306.7109016681759,311.8387451171875,46916500.0,0.0,0.0,318.04998779296875,311.8387451171875
2023-04-10,308.9169253233724,311.7112729355998,307.1324613833151,311.6622314453125,45134700.0,0.0,0.0,317.8699951171875,311.6622314453125
2023-04-11,311.6230511635603,311.68190694508644,309.15227528174927,309.662109375,40113600.0,0.0,0.0,315.8299865722656,309.662109375
2023-04-12,311.61325472071314,312.2015432187939,306.46578272529894,306.9266052246094,62813300.0,0.0,0.0,313.0400085449219,306.9266052246094
2023-04-13,308.6816198925004,313.4074964995308,307.5050728431719,312.9368896484375,54613800.0,0.0,0.0,319.1700134277344,312.9368896484375
2023-04-14,311.3878213722245,314.10371561995953,309.4464777706149,312.34869384765625,56278300.0,0.0,0.0,318.57000732421875,312.34869384765625
2023-04-17,311.9368454130479,312.96635792507544,309.86806594719536,312.6133728027344,43007000.0,0.0,0.0,318.8399963378906,312.6133728027344
2023-04-18,314.7213423597959,315.14296758418715,311.4367888056213,312.6329345703125,46746900.0,0.0,0.0,318.8599853515625,312.6329345703125
2023-04-19,310.23079927295413,313.5447956833242,310.1033332692326,312.4858703613281,38960100.0,0.0,0.0,318.7099914550781,312.4858703613281
2023-04-20,309.5248887445028,313.0349617177291,308.81894843593886,310.1033630371094,62462100.0,0.0,0.0,316.2799987792969,310.1033630371094
2023-04-21,309.740598650139,311.2014908720637,307.9659485255619,310.4269104003906,59002300.0,0.0,0.0,316.6099853515625,310.4269104003906
2023-04-24,310.2014110107428,311.53483717073317,307.6129532814445,309.7798156738281,44043100.0,0.0,0.0,315.95001220703125,309.7798156738281
2023-04-25,308.1521690047282,308.8188819521726,303.83810356851995,303.9361267089844,57121600.0,0.0,0.0,309.989990234375,303.9361267089844
2023-04-26,307.31882660143737,308.7895330725692,305.25983155753283,305.77947998046875,55400500.0,0.0,0.0,311.8699951171875,305.77947998046875
2023-04-27,309.5345979531848,314.5938002052718,308.897268089749,314.0937805175781,65430400.0,0.0,0.0,320.3500061035156,314.0937805175781
2023-04-28,313.8585155543405,316.34891993997377,312.7309800391621,316.26068115234375,59712600.0,0.0,0.0,322.55999755859375,316.26068115234375
2023-05-01,315.7998351196666,317.30976852368025,314.819364323584,315.89788818359375,41013400.0,0.0,0.0,322.19000244140625,315.89788818359375
2023-05-02,315.82930314061673,316.1528753158613,311.4073695040024,313.142822265625,56519400.0,0.0,0.0,319.3800048828125,313.142822265625
2023-05-03,313.50554727108187,316.17242912025944,310.9857300617937,311.0935974121094,59882100.0,0.0,0.0,317.2900085449219,311.0935974121094
2023-05-04,310.8680562966972,312.01522024964464,308.9659406314772,309.9954528808594,50224500.0,0.0,0.0,316.1700134277344,309.9954528808594
2023-05-05,312.25053444778104,317.43723331754506,310.03466088208035,316.584228515625,51806100.0,0.0,0.0,322.8900146484375,316.584228515625
2023-05-08,316.12343457922753,317.7117926187996,315.0449106259388,317.3686218261719,36465800.0,0.0,0.0,323.69000244140625,317.3686218261719
2023-05-09,315.7115977038759,316.57441679561487,315.04488474083917,315.358642578125,31768800.0,0.0,0.0,321.6400146484375,315.358642578125
2023-05-10,317.79024470316693,319.6433491912204,315.319468640695,318.79034423828125,60446600.0,0.0,0.0,325.1400146484375,318.79034423828125
2023-05-11,319.3393544392817,320.3688368200273,317.79019380506895,319.82958984375,44278500.0,0.0,0.0,326.20001220703125,319.82958984375
2023-05-12,320.35903083067103,320.7806560298409,316.63325362889475,318.68243408203125,48432800.0,0.0,0.0,325.0299987792969,318.68243408203125
2023-05-15,319.15304915138614,320.6433539464346,317.63330150857877,320.4080505371094,33375600.0,0.0,0.0,326.7900085449219,320.4080505371094
2023-05-16,319.69228918290435,322.47682251213666,319.6530619750018,320.77081298828125,40019200.0,0.0,0.0,327.1600036621094,320.77081298828125
2023-05-17,321.8297728315827,325.23200820146195,320.6532256526634,324.6535339355469,47486100.0,0.0,0.0,331.1199951171875,324.6535339355469
2023-05-18,325.0456729556433,330.89908490254527,325.0260743111693,330.6833801269531,64213500.0,0.0,0.0,337.2699890136719,330.6833801269531
2023-05-19,330.8990746384038,331.6050147982993,328.8793072212349,329.938232421875,61554900.0,0.0,0.0,336.510009765625,329.938232421875
2023-05-22,329.68333472224884,332.0560874268677,329.67352043849854,331.04620361328125,43015900.0,0.0,0.0,337.6400146484375,331.04620361328125
2023-05-23,329.3303205442426,330.4774545167614,326.4967458351413,326.8497009277344,48216700.0,0.0,0.0,333.3599853515625,326.8497009277344
2023-05-24,324.8986260926535,326.4085596044041,323.12397621884645,325.17315673828125,62891200.0,0.0,0.0,331.6499938964844,325.17315673828125
2023-05-25,332.5169418049666,334.35041774617036,330.09517729270715,333.0856018066406,66862800.0,0.0,0.0,339.7200012207031,333.0856018066406
2023-05-26,334.1052869174225,342.4294756188284,334.0072338391533,341.5960693359375,63007000.0,0.0,0.0,348.3999938964844,341.5960693359375
2023-05-30,345.8218996925252,347.01807544595437,341.72353831105124,343.1452331542969,72652200.0,0.0,0.0,349.9800109863281,343.1452331542969
2023-05-31,341.5666144604298,343.7530751587842,339.7429530992799,341.19403076171875,65105400.0,0.0,0.0,347.989990234375,341.19403076171875
2023-06-01,340.9391449728229,346.4591708137256,339.89003396512175,345.13555908203125,50488600.0,0.0,0.0,352.010009765625,345.13555908203125
2023-06-02,346.8905927733445,348.88094750532804,345.13557140426553,347.7239990234375,53372100.0,0.0,0.0,354.6499938964844,347.7239990234375
2023-06-05,347.50823273703185,350.5182850513824,346.9395728806308,347.96905517578125,47266200.0,0.0,0.0,354.8999938964844,347.96905517578125
2023-06-06,347.3611865599489,348.8711199384058,346.03754502332214,347.9102478027344,41390400.0,0.0,0.0,354.8399963378906,347.9102478027344
2023-06-07,348.19461157771684,350.1457389597309,341.3803273223321,342.0078430175781,69225900.0,0.0,0.0,348.82000732421875,342.0078430175781
2023-06-08,342.3019691584915,346.7140878648296,342.07648001887725,346.2532653808594,47153900.0,0.0,0.0,353.1499938964844,346.2532653808594
2023-06-09,347.70437029041926,350.6751956662481,346.13561100038805,347.576904296875,53196900.0,0.0,0.0,354.5,347.576904296875
2023-06-12,349.23387789175763,353.5479431957721,348.26322142679237,353.44989013671875,44606500.0,0.0,0.0,360.489990234375,353.44989013671875
2023-06-13,356.1953370069738,356.99930052953,352.99899180121446,356.1659240722656,57097800.0,0.0,0.0,363.260009765625,356.1659240722656
2023-06-14,356.175659676241,359.0386479228359,353.38134149670026,358.7543029785156,69525600.0,0.0,0.0,365.8999938964844,358.7543029785156
2023-06-15,357.4894600810382,364.5096349149164,356.8717885834368,363.0291442871094,71138800.0,0.0,0.0,370.260009765625,363.0291442871094
2023-06-16,365.44112352181685,365.5685895292292,360.3034654615523,360.7446594238281,80932000.0,0.0,0.0,367.92999267578125,360.7446594238281
2023-06-20,359.2955034183002,361.6224020665425,357.2729652705581,360.22821044921875,49204700.0,0.504,0.0,366.8999938964844,360.22821044921875
2023-06-21,359.0893529706541,359.5213543820634,354.39627396729355,355.3191833496094,53378300.0,0.0,0.0,361.8999938964844,355.3191833496094
2023-06-22,354.07217708677535,359.66850822620796,353.6696290810879,359.5114440917969,47603000.0,0.0,0.0,366.1700134277344,359.5114440917969
2023-06-23,355.62346328161567,358.24492443558574,354.2587550124237,355.9474792480469,48922900.0,0.0,0.0,362.5400085449219,355.9474792480469
2023-06-26,355.4173243059273,358.20567761932983,351.08751297508127,351.1758728027344,52685500.0,0.0,0.0,357.67999267578125,351.1758728027344
2023-06-27,352.71728658181894,357.9405532429013,351.99075255936714,357.2139892578125,49428100.0,0.0,0.0,363.8299865722656,357.2139892578125
2023-06-28,355.39771711610643,359.8551395640443,355.3191550679335,357.9111633300781,46498000.0,0.0,0.0,364.5400085449219,357.9111633300781
2023-06-29,357.6166011211994,358.2548054036376,355.5548117745731,357.1944274902344,46151000.0,0.0,0.0,363.80999755859375,357.1944274902344
2023-06-30,360.86637193154843,363.75291267358693,360.55221365879754,362.702392578125,58712500.0,0.0,0.0,369.4200134277344,362.702392578125
2023-07-03,363.340578916159,364.18492611888274,362.2605755477355,363.55657958984375,19432900.0,0.0,0.0,370.2900085449219,363.55657958984375
2023-07-05,361.9954971505115,365.245305048856,361.95621612900413,363.5467529296875,34460900.0,0.0,0.0,370.2799987792969,363.5467529296875
2023-07-06,359.84530813103913,361.2198442191098,357.8914743704505,360.77801513671875,49374700.0,0.0,0.0,367.4599914550781,360.77801513671875
2023-07-07,360.5522181880964,363.74311945992883,359.3544017429337,359.5802001953125,47133700.0,0.0,0.0,366.239990234375,359.5802001953125
2023-07-10,359.3053387141886,360.3755144506833,356.8017201518788,359.69805908203125,48498800.0,0.0,0.0,366.3599853515625,359.69805908203125
2023-07-11,360.12021760615073,361.926755042174,357.98966418430564,361.4751281738281,38214100.0,0.0,0.0,368.1700134277344,361.4751281738281
2023-07-12,365.569305989517,367.38567128465127,363.56639328791454,366.04058837890625,61975400.0,0.0,0.0,372.82000732421875,366.04058837890625
2023-07-13,369.21185787604276,373.0802149260332,368.6325900895149,372.2554931640625,46960000.0,0.0,0.0,379.1499938964844,372.2554931640625
2023-07-14,372.6874438132465,375.89797058834614,371.30307998472483,372.1769104003906,55148500.0,0.0,0.0,379.07000732421875,372.1769104003906
2023-07-17,372.8935965757237,376.5263267063156,372.4125164634129,375.6524963378906,40868900.0,0.0,0.0,382.6099853515625,375.6524963378906
2023-07-18,375.0143539359423,380.0903547968073,373.0900033607786,378.7256164550781,55262000.0,0.0,0.0,385.739990234375,378.7256164550781
2023-07-19,379.7860057687003,380.92491572466935,377.31181070611046,378.63726806640625,54093000.0,0.0,0.0,385.6499938964844,378.63726806640625
2023-07-20,375.6525960695928,377.11552224794235,368.8878995777921,369.90899658203125,71941700.0,0.0,0.0,376.760009765625,369.90899658203125
2023-07-21,372.2849030541567,373.0114671113866,368.36746765069796,368.7994689941406,60499600.0,0.0,0.0,375.6300048828125,368.7994689941406
2023-07-24,369.7715034644116,370.7140383490684,367.5329643866993,369.38861083984375,40380100.0,0.0,0.0,376.2300109863281,369.38861083984375
2023-07-25,370.0954413255174,373.5514218144114,370.07578583536446,371.89215087890625,38894400.0,0.0,0.0,378.7799987792969,371.89215087890625
2023-07-26,370.8514960109942,372.3438453645333,368.3576752820925,370.6551208496094,47075700.0,0.0,0.0,377.5199890136719,370.6551208496094
2023-07-27,376.1041776164192,377.71433991325176,368.48527758406664,369.7714538574219,63940200.0,0.0,0.0,376.6199951171875,369.7714538574219
2023-07-28,373.8165789418556,377.52784187278996,373.3060454566325,376.50677490234375,56902900.0,0.0,0.0,383.4800109863281,376.50677490234375
2023-07-31,376.81110980544776,377.88128547604856,375.3874648517023,376.7030944824219,44019900.0,0.0,0.0,383.67999267578125,376.7030944824219
2023-08-01,375.3580632482674,376.58533321781204,373.76752616176094,375.829345703125,41060600.0,0.0,0.0,382.7900085449219,375.829345703125
2023-08-02,372.36350031009584,372.36350031009584,366.34496417048905,367.5820617675781,72687100.0,0.0,0.0,374.3900146484375,367.5820617675781
2023-08-03,365.17661551334044,369.1137069387702,365.00969362345404,366.99298095703125,47666400.0,0.0,0.0,373.7900085449219,366.99298095703125
2023-08-04,368.9173087178114,371.2245819771046,364.77404459771117,365.2747802734375,61702800.0,0.0,0.0,372.0400085449219,365.2747802734375
2023-08-07,367.081316303995,368.465680253714,364.7544175239334,368.36749267578125,37230400.0,0.0,0.0,375.19000244140625,368.36749267578125
2023-08-08,365.86388069013714,365.88350622101325,362.1133368704618,365.2355041503906,44726500.0,0.0,0.0,372.0,365.2355041503906
2023-08-09,365.5201756792174,365.6772697868786,360.4638308120875,361.2198181152344,51150900.0,0.0,0.0,367.9100036621094,361.2198181152344
2023-08-10,364.22420808465364,367.55254806206125,360.36567918634705,361.8874816894531,72035300.0,0.0,0.0,368.5899963378906,361.8874816894531
2023-08-11,359.3347462513254,361.3082055490264,358.05839772764824,359.5802001953125,48707200.0,0.0,0.0,366.239990234375,359.5802001953125
2023-08-14,358.78493171571785,363.7332916146843,358.0682253755608,363.615478515625,42130800.0,0.0,0.0,370.3500061035156,363.615478515625
2023-08-15,362.64349965171095,363.4387980814516,359.08933095428296,359.7569885253906,45539900.0,0.0,0.0,366.4200134277344,359.7569885253906
2023-08-16,359.21691240960354,360.7485425346294,355.84929168359383,355.9474792480469,53190500.0,0.0,0.0,362.5400085449219,355.9474792480469
2023-08-17,357.34171424431963,357.6853558092241,351.64719388715173,352.0595397949219,62604300.0,0.0,0.0,358.5799865722656,352.0595397949219
2023-08-18,348.7998996743189,352.87442935667116,348.25988299283443,351.6177062988281,61191400.0,0.0,0.0,358.1300048828125,351.6177062988281
2023-08-21,353.0805751506704,357.9602006257044,352.61912054975676,357.2827453613281,50696500.0,0.0,0.0,363.8999938964844,357.2827453613281
2023-08-22,359.8846175544928,359.8944453018499,356.08499469521337,356.77227783203125,44530200.0,0.0,0.0,363.3800048828125,356.77227783203125
2023-08-23,357.95041608652554,363.4878719658875,357.73441539699064,362.3980407714844,51770600.0,0.0,0.0,369.1099853515625,362.3980407714844
2023-08-24,365.86386987869173,365.9620274928143,354.44534683803494,354.6515197753906,66842500.0,0.0,0.0,361.2200012207031,354.6515197753906
2023-08-25,355.4860205600163,359.0892674290299,352.0594633647589,357.4005432128906,69960500.0,0.0,0.0,364.0199890136719,357.4005432128906
2023-08-28,360.3165271903132,361.0234356791547,357.626361812356,360.0907287597656,40910000.0,0.0,0.0,366.760009765625,360.0907287597656
2023-08-29,359.8943195027418,368.30848628205655,359.57033354229446,367.95501708984375,58492400.0,0.0,0.0,374.7699890136719,367.95501708984375
2023-08-30,368.0630736546245,370.5863471894788,367.061602466592,370.0070495605469,41731500.0,0.0,0.0,376.8599853515625,370.0070495605469
2023-08-31,370.08565202042405,372.81509876045794,370.0169177230242,371.1165466308594,35730700.0,0.0,0.0,377.989990234375,371.1165466308594
2023-09-01,373.48274660106966,373.9049202292134,369.2412949010862,370.7238464355469,39801200.0,0.0,0.0,377.5899963378906,370.7238464355469
2023-09-05,369.91865956097587,372.41247961992127,368.9957504831607,371.1950378417969,32344200.0,0.0,0.0,378.07000732421875,371.1950378417969
2023-09-06,370.4195105332614,370.7631520991207,365.9228067858147,367.9256896972656,42998700.0,0.0,0.0,374.739990234375,367.9256896972656
2023-09-07,363.47806812537607,366.07007657027293,362.43734563352507,365.29443359375,52060700.0,0.0,0.0,372.05999755859375,365.29443359375
2023-09-08,365.2452889138303,368.0336420648667,364.84274085842384,365.8049011230469,35800100.0,0.0,0.0,372.5799865722656,365.8049011230469
2023-09-11,368.828935972492,370.6256457465242,366.86530432484795,370.1151123046875,39936600.0,0.0,0.0,376.9700012207031,370.1151123046875
2023-09-12,368.4460537672233,370.0955273034834,365.72643442396486,366.01116943359375,41391000.0,0.0,0.0,372.7900085449219,366.01116943359375
2023-09-13,366.2467380119388,369.0056379476659,365.11765586117525,367.4052734375,46300700.0,0.0,0.0,374.2099914550781,367.4052734375
2023-09-14,369.1529144210235,371.3914532548078,367.0911252035005,370.4096374511719,48039400.0,0.0,0.0,377.2699890136719,370.4096374511719
2023-09-15,369.07440557821735,369.47695367857045,363.13440161463706,364.067138671875,69811200.0,0.0,0.0,370.80999755859375,364.067138671875
2023-09-18,363.12912120286626,365.55771796138555,362.8439740514249,364.4466552734375,36903500.0,0.536,0.0,370.6600036621094,364.4466552734375
2023-09-19,363.12909249752613,364.46628040159027,360.65131607786003,363.66986083984375,37621700.0,0.0,0.0,369.8699951171875,363.66986083984375
2023-09-20,364.73187576378524,365.0858267765961,358.35064550442445,358.4293212890625,45514200.0,0.0,0.0,364.5400085449219,358.4293212890625
2023-09-21,354.7519562305208,355.5385639641375,351.69410305800875,351.8612365722656,69734800.0,0.0,0.0,357.8599853515625,351.8612365722656
2023-09-22,353.6015081048086,355.73511547676003,351.59569633093804,351.91033935546875,51589700.0,0.0,0.0,357.9100036621094,351.91033935546875
2023-09-25,350.94678014887995,353.6703658810679,349.9635431350388,353.58184814453125,39168000.0,0.0,0.0,359.6099853515625,353.58184814453125
2023-09-26,351.00573628756047,351.5465345938054,347.2891019532978,348.2723388671875,53657700.0,0.0,0.0,354.2099914550781,348.2723388671875
2023-09-27,349.4227979827455,350.9959833105589,345.47016572078735,349.0885009765625,56066000.0,0.0,0.0,355.0400085449219,349.0885009765625
2023-09-28,348.17404910105444,354.13249308803233,347.3186376888386,352.0086975097656,56453300.0,0.0,0.0,358.010009765625,352.0086975097656
2023-09-29,355.4794861743279,356.86585383894084,351.0352360706301,352.2642822265625,64829600.0,0.0,0.0,358.2699890136719,352.2642822265625
2023-10-02,352.5298479643452,356.60043406755216,351.9202457464846,355.2042541503906,51625100.0,0.0,0.0,361.260009765625,355.2042541503906
2023-10-03,352.7658007713641,354.9584302769038,347.35799679443164,348.97052001953125,60478500.0,0.0,0.0,354.9200134277344,348.97052001953125
2023-10-04,349.8062188530663,354.56508236180133,349.3440962599654,353.7195129394531,54786700.0,0.0,0.0,359.75,353.7195129394531
2023-10-05,353.70969405026443,354.11282484978915,349.1868275319199,352.67730712890625,45897400.0,0.0,0.0,358.69000244140625,352.67730712890625
2023-10-06,349.6882051893016,359.7762256075175,348.90162765437265,358.5865173339844,75049100.0,0.0,0.0,364.70001220703125,358.5865173339844
2023-10-09,356.22668478444353,360.9560514470177,354.732175633208,360.415283203125,45304800.0,0.0,0.0,366.55999755859375,360.415283203125
2023-10-10,360.7496430164254,365.0562258023892,360.24821255924587,362.41131591796875,46968800.0,0.0,0.0,368.5899963378906,362.41131591796875
2023-10-11,363.73874162546696,365.18410138834133,362.0180766699506,364.9972839355469,38215100.0,0.0,0.0,371.2200012207031,364.9972839355469
2023-10-12,365.49872656424327,367.47501266939906,361.33962295903945,363.7288818359375,49587900.0,0.0,0.0,369.92999267578125,363.7288818359375
2023-10-13,364.3581312910555,364.93823750281996,357.76058961591417,359.15679931640625,52469900.0,0.0,0.0,365.2799987792969,359.15679931640625
2023-10-16,360.4743203637021,364.26963053650593,360.3268408246316,363.2175598144531,44201100.0,0.0,0.0,369.4100036621094,363.2175598144531
2023-10-17,359.6779421188621,363.71906198916196,357.5639884669209,362.02789306640625,50999100.0,0.0,0.0,368.20001220703125,362.02789306640625
2023-10-18,359.54030231128763,361.7427436832014,355.9514631035713,357.2788391113281,54280500.0,0.0,0.0,363.3699951171875,357.2788391113281
2023-10-19,358.6946849781009,359.8843933378224,353.13940196943787,353.9358215332031,72274200.0,0.0,0.0,359.9700012207031,353.9358215332031
2023-10-20,353.4343707855007,354.0046650604322,348.4296979547339,348.6558532714844,72559700.0,0.0,0.0,354.6000061035156,348.6558532714844
2023-10-23,347.33834180480255,353.23776430725763,345.2342000427066,349.70794677734375,60665200.0,0.0,0.0,355.6700134277344,349.70794677734375
2023-10-24,351.5170547266059,353.876817426417,349.825885957306,353.1098937988281,47082100.0,0.0,0.0,359.1300048828125,353.1098937988281
2023-10-25,350.7206577008455,350.89763316333773,343.88714839649435,344.4672546386719,71190500.0,0.0,0.0,350.3399963378906,344.4672546386719
2023-10-26,343.267696574336,344.2017837265647,336.611192887755,337.89923095703125,78621400.0,0.0,0.0,343.6600036621094,337.89923095703125
2023-10-27,340.62276598218676,342.9923706087214,338.3121531715816,339.52154541015625,63476700.0,0.0,0.0,345.30999755859375,339.52154541015625
2023-10-30,341.9993450062409,344.66393913377567,340.64250302235547,343.3464050292969,55298500.0,0.0,0.0,349.20001220703125,343.3464050292969
2023-10-31,343.375849297575,345.361977125428,340.8095852665568,344.98834228515625,47671900.0,0.0,0.0,350.8699951171875,344.98834228515625
2023-11-01,345.82413531822857,351.53674015994443,345.7258056123409,350.9762878417969,58992700.0,0.0,0.0,356.9599914550781,350.9762878417969
2023-11-02,355.47954231671883,357.5836540648614,354.26030793338845,357.3476867675781,58162400.0,0.0,0.0,363.44000244140625,357.3476867675781
2023-11-03,358.63573859454146,362.8341502839418,358.40958325535945,361.5461120605469,53280500.0,0.0,0.0,367.7099914550781,361.5461120605469
2023-11-06,362.3130336555714,363.5814179312338,360.759532221873,363.0209655761719,38848700.0,0.0,0.0,369.2099914550781,363.0209655761719
2023-11-07,364.06316482235667,367.3176769958815,362.8636144437816,366.45245361328125,50777400.0,0.0,0.0,372.70001220703125,366.45245361328125
2023-11-08,366.8261446936988,367.5242647544136,364.40738942961565,366.6885070800781,35663400.0,0.0,0.0,372.94000244140625,366.6885070800781
2023-11-09,367.37674095460693,368.5172696365623,363.3749585763471,363.8665771484375,53859400.0,0.0,0.0,370.07000732421875,363.8665771484375
2023-11-10,365.58724387150767,372.194598711743,365.05628740946634,372.047119140625,58309800.0,0.0,0.0,378.3900146484375,372.047119140625
2023-11-13,370.47392854450817,371.93894227391564,368.94989298145856,370.8868713378906,40733500.0,0.0,0.0,377.2099914550781,370.8868713378906
2023-11-14,377.27791867355313,379.7851914113161,376.75680418395024,378.8707580566406,67792600.0,0.0,0.0,385.3299865722656,378.8707580566406
2023-11-15,380.7585037617929,381.2501222301748,377.7989509802106,379.15582275390625,54141400.0,0.0,0.0,385.6199951171875,379.15582275390625
2023-11-16,378.38890753497225,379.7162834302425,377.1303654282443,379.4803161621094,45343500.0,0.0,0.0,385.95001220703125,379.4803161621094
2023-11-17,378.75274408316574,380.58158064011525,377.8481827803421,379.56884765625,46571900.0,0.0,0.0,386.0400085449219,379.56884765625
2023-11-20,379.5786488222832,384.84881498109024,379.5786488222832,384.1900329589844,44429600.0,0.0,0.0,390.739990234375,384.1900329589844
2023-11-21,382.4889946557962,382.70530797323624,380.21771982568015,381.9580383300781,43337000.0,0.0,0.0,388.4700012207031,381.9580383300781
2023-11-22,384.0228532562751,386.48094557042384,382.5185019602564,383.5213928222656,44121000.0,0.0,0.0,390.05999755859375,383.5213928222656
2023-11-24,383.1183199603073,383.70826820602935,381.98760332618167,382.9806823730469,15718800.0,0.0,0.0,389.510009765625,382.9806823730469
2023-11-27,382.4890712866076,384.5931830632522,381.7712974062957,382.6463928222656,34139700.0,0.0,0.0,389.1700134277344,382.6463928222656
2023-11-28,381.899131129143,384.2293982888467,381.5451501649011,383.6492919921875,35491100.0,0.0,0.0,390.19000244140625,383.6492919921875
2023-11-29,386.1073930336257,387.5330988821145,382.9315262846697,383.2756652832031,38811700.0,0.0,0.0,389.80999755859375,383.2756652832031
2023-11-30,383.54114975861927,384.00327243802275,379.3525797345556,382.3121032714844,52834400.0,0.0,0.0,388.8299865722656,382.3121032714844
2023-12-01,381.2501812749138,383.9934211550171,379.59835016677164,383.4034729003906,40490100.0,0.0,0.0,389.94000244140625,383.4034729003906
2023-12-04,379.617991403439,380.1194519039936,376.2454955023304,379.8441467285156,51186900.0,0.0,0.0,386.32000732421875,379.8441467285156
2023-12-05,377.94644008373,381.98752927237615,377.7694346401185,380.7978210449219,42933000.0,0.0,0.0,387.2900085449219,380.7978210449219
2023-12-06,383.72786540021167,383.8261950942935,378.2512585113688,378.5953674316406,41994100.0,0.0,0.0,385.04998779296875,378.5953674316406
2023-12-07,381.56485908531437,384.71120005309666,380.4734502139834,383.8852844238281,49593500.0,0.0,0.0,390.42999267578125,383.8852844238281
2023-12-08,382.1547095742688,386.0384774318509,381.96789215768024,385.5960388183594,46687500.0,0.0,0.0,392.1700134277344,385.5960388183594
2023-12-11,385.17325786923954,389.1553857754819,384.9667864981938,388.889892578125,41198000.0,0.0,0.0,395.5199890136719,388.889892578125
2023-12-12,388.92923880289453,392.10510522515955,387.7985222148973,391.98712158203125,39221200.0,0.0,0.0,398.6700134277344,391.98712158203125
2023-12-13,392.9212356032413,397.5817702171106,392.1543118059462,396.97216796875,55408100.0,0.0,0.0,403.739990234375,396.97216796875
2023-12-14,398.1913339633251,399.48918400821196,393.6290998471996,396.62799072265625,55447800.0,0.0,0.0,403.3900146484375,396.62799072265625
2023-12-15,397.40472954774,399.7251845064211,396.804969371436,398.5452880859375,62896600.0,0.0,0.0,405.3399963378906,398.5452880859375
2023-12-18,398.93742692657247,401.9521395300037,398.6123238311212,401.05560302734375,46610000.0,0.808,0.0,407.0799865722656,401.05560302734375
2023-12-19,401.5088071382724,403.22304718535514,401.32161655083837,403.1048278808594,35711900.0,0.0,0.0,409.1600036621094,403.1048278808594
2023-12-20,402.3068047412449,404.3954258969075,396.93744766021257,397.1147766113281,54042400.0,0.0,0.0,403.0799865722656,397.1147766113281
2023-12-21,401.0359282858349,402.0999622336259,398.4842612297436,401.73541259765625,45568900.0,0.0,0.0,407.7699890136719,401.73541259765625
2023-12-22,402.94718451843084,403.9028306330073,400.46448897301167,402.33636474609375,34314000.0,0.0,0.0,408.3800048828125,402.33636474609375
2023-12-26,403.193525453894,405.46933745008045,403.09499933674465,404.7994079589844,22722500.0,0.0,0.0,410.8800048828125,404.7994079589844
2023-12-27,405.0812491322591,405.909249511166,404.22364830383907,405.6233825683594,31980500.0,0.216,0.0,411.5,405.6233825683594
2023-12-28,406.7767606385684,407.02319044168144,405.0714555715917,405.4263000488281,27029200.0,0.0,0.0,411.29998779296875,405.4263000488281
2023-12-29,405.40659785802626,405.7614724182198,401.7594247269773,403.6717224121094,42662100.0,0.0,0.0,409.5199890136719,403.6717224121094
2024-01-02,400.04422418796656,400.2906539557308,394.52419137369554,396.84063720703125,58026900.0,0.0,0.0,402.5899963378906,396.84063720703125
2024-01-03,394.21863608310093,395.2733627494612,392.2077907594022,392.6414794921875,47002800.0,0.0,0.0,398.3299865722656,392.6414794921875
2024-01-04,390.77847672015514,393.8834858235891,390.40389865452806,390.6207580566406,39432800.0,0.0,0.0,396.2799987792969,390.6207580566406
2024-01-05,390.7883722130456,393.85394435511137,389.6942083051742,391.0840759277344,44922800.0,0.0,0.0,396.75,391.0840759277344
2024-01-08,392.30633507346994,399.452798550121,392.1584832247877,399.1669616699219,42473800.0,0.0,0.0,404.95001220703125,399.1669616699219
2024-01-09,396.170378049777,400.8821142748439,395.97322219161936,399.9555358886719,39132900.0,0.0,0.0,405.75,399.9555358886719
2024-01-10,400.2709695281349,403.6716824367077,399.383828338149,402.666259765625,33962800.0,0.0,0.0,408.5,402.666259765625
2024-01-11,403.9378692342606,405.3277368811252,398.46710976275995,403.504150390625,54536200.0,0.0,0.0,409.3500061035156,403.504150390625
2024-01-12,404.5391210569186,405.3769883257372,402.3212530356836,403.71112060546875,39595000.0,0.0,0.0,409.55999755859375,403.71112060546875
2024-01-16,402.47901058392307,405.2488791736917,401.02013531515087,403.6717224121094,43903000.0,0.0,0.0,409.5199890136719,403.6717224121094
2024-01-17,400.369557587937,401.7692619253495,397.1659703728697,401.3946838378906,54386000.0,0.0,0.0,407.2099914550781,401.3946838378906
2024-01-18,404.65743545684825,407.6737338045604,403.3168717830929,407.0921630859375,59562500.0,0.0,0.0,412.989990234375,407.0921630859375
2024-01-19,409.2902536648994,415.32284926862184,408.70868305152175,415.1651306152344,70325100.0,0.0,0.0,421.17999267578125,415.1651306152344
2024-01-22,417.3633373322154,418.6644937937395,415.1060321184477,415.70733642578125,44880600.0,0.0,0.0,421.7300109863281,415.70733642578125
2024-01-23,416.3973802911293,417.64926300518874,414.56395690453536,417.4324035644531,33003800.0,0.0,0.0,423.4800109863281,417.4324035644531
2024-01-24,421.3357721639732,423.7113587915539,419.2558892320418,419.7487487792969,46948000.0,0.0,0.0,425.8299865722656,419.7487487792969
2024-01-25,422.2426275133017,422.9129393765781,417.92520303935225,420.2613525390625,44367200.0,0.0,0.0,426.3500061035156,420.2613525390625
2024-01-26,418.378637270388,420.12334933160764,417.10705114752705,417.75762939453125,37137000.0,0.0,0.0,423.80999755859375,417.75762939453125
2024-01-29,418.21101920709174,422.23276986047324,417.5604410107577,422.0356140136719,38694700.0,0.0,0.0,428.1499938964844,422.0356140136719
2024-01-30,421.0006307764197,421.57233461457537,418.31947363929925,419.226318359375,36739000.0,0.0,0.0,425.29998779296875,419.226318359375
2024-01-31,414.83991498252755,416.8310568585981,410.83789759483614,411.01531982421875,64010600.0,0.0,0.0,416.9700012207031,411.01531982421875
2024-02-01,412.8093558640843,416.3480842137605,411.84334021005407,415.855224609375,51008600.0,0.0,0.0,421.8800048828125,415.855224609375
2024-02-02,417.74774363318977,424.0957770602316,416.7521877951985,422.88336181640625,59602400.0,0.0,0.0,429.010009765625,422.88336181640625
2024-02-05,422.94250089138296,423.4747675458047,418.9306169401223,422.33135986328125,39889200.0,0.0,0.0,428.45001220703125,422.33135986328125
2024-02-06,423.4747230838178,424.0760273133963,419.1474323374523,421.48358154296875,35846100.0,0.0,0.0,427.5899963378906,421.48358154296875
2024-02-07,424.26337777924766,426.64880124732525,422.96222129751766,425.82080078125,37712700.0,0.0,0.0,431.989990234375,425.82080078125
2024-02-08,425.9391240933782,427.36842901648737,425.2590054966157,426.60943603515625,29889900.0,0.0,0.0,432.7900085449219,426.60943603515625
2024-02-09,427.7429909674589,431.5971566394753,426.95442764216807,430.8085632324219,36943900.0,0.0,0.0,437.04998779296875,430.8085632324219
2024-02-12,430.7001425501812,432.86873678711555,428.44283719652174,429.12298583984375,33203300.0,0.0,0.0,435.3399963378906,429.12298583984375
2024-02-13,421.1781095709481,425.1111196554867,419.25594504804957,422.4299621582031,64491700.0,0.0,0.0,428.54998779296875,422.4299621582031
2024-02-14,425.1012629911668,427.45711618773214,422.7552465307985,427.03326416015625,45092700.0,0.0,0.0,433.2200012207031,427.03326416015625
2024-02-15,427.7232693956781,428.7681292944683,425.1702303097586,428.3048400878906,38796100.0,0.0,0.0,434.510009765625,428.3048400878906
2024-02-16,428.67936446523424,428.77791230307406,423.71133211874997,424.4210510253906,53716500.0,0.0,0.0,430.57000732421875,424.4210510253906
2024-02-20,422.4298834310959,423.9380323621381,417.4520143015258,421.21746826171875,53999500.0,0.0,0.0,427.32000732421875,421.21746826171875
2024-02-21,418.4870919149259,419.62069310797756,415.60880857574824,419.5319519042969,49779000.0,0.0,0.0,425.6099853515625,419.5319519042969
2024-02-22,428.2851039577148,432.84898843636626,427.516244223805,431.8139953613281,53887800.0,0.0,0.0,438.07000732421875,431.8139953613281
2024-02-23,433.37145936679343,434.2980378621783,429.5665975263201,430.5424499511719,39853900.0,0.0,0.0,436.7799987792969,430.5424499511719
2024-02-26,431.35069696286195,432.3364160920816,430.1283847870325,430.315673828125,33043200.0,0.0,0.0,436.54998779296875,430.315673828125
2024-02-27,431.4197155682474,431.73512283553583,428.81740256122896,431.3507080078125,33713200.0,0.0,0.0,437.6000061035156,431.3507080078125
2024-02-28,429.211673748807,430.4339859261525,428.0978063183257,429.053955078125,32938800.0,0.0,0.0,435.2699890136719,429.053955078125
2024-02-29,431.971719963964,433.805143169312,428.8075397894262,432.730712890625,42495200.0,0.0,0.0,439.0,432.730712890625
2024-03-01,433.6178894301376,440.2024867605996,433.5587486820372,439.246337890625,43853000.0,0.0,0.0,445.6099853515625,439.246337890625
2024-03-04,439.24633661449366,439.67021875033345,437.43261682056914,437.6790466308594,34325700.0,0.0,0.0,444.0199890136719,437.6790466308594
2024-03-05,434.64299593013743,434.65286274760854,427.4570950439002,429.82281494140625,57917100.0,0.0,0.0,436.04998779296875,429.82281494140625
2024-03-06,434.03192249511125,435.6780568541511,430.6509125694884,432.5237731933594,46234500.0,0.0,0.0,438.7900085449219,432.5237731933594
2024-03-07,436.1018344992265,440.340414373381,434.56408510896307,439.08856201171875,44526700.0,0.0,0.0,445.45001220703125,439.08856201171875
2024-03-08,439.44343796840656,442.2330399205405,432.08011494731943,432.7503967285156,72096000.0,0.0,0.0,439.0199890136719,432.7503967285156
2024-03-11,431.26198875861274,432.3955597485058,429.2215429277489,431.1437072753906,45860000.0,0.0,0.0,437.3900146484375,431.1437072753906
2024-03-12,433.4502887102569,437.6790021663658,430.2269678667938,437.32415771484375,55300900.0,0.0,0.0,443.6600036621094,437.32415771484375
2024-03-13,436.32858007461937,436.348313710143,432.84899264375196,433.9628601074219,37928700.0,0.0,0.0,440.25,433.9628601074219
2024-03-14,435.19508813223865,435.71751817859445,430.1580767496165,432.8688049316406,52195200.0,0.0,0.0,439.1400146484375,432.8688049316406
2024-03-15,429.8425567567074,432.6025583426968,426.5600951429745,427.7232666015625,73069800.0,0.0,0.0,433.9200134277344,427.7232666015625
2024-03-18,433.0363904244328,435.3164099799992,431.56570642305184,431.8026123046875,47323800.0,0.573,0.0,437.4800109863281,431.8026123046875
2024-03-19,429.7989432236378,433.28313131042376,427.7064303016355,432.8784484863281,43004100.0,0.0,0.0,438.57000732421875,432.8784484863281
2024-03-20,434.0727457479022,438.3465398397025,432.3750658747095,438.0109558105469,43653500.0,0.0,0.0,443.7699890136719,438.0109558105469
2024-03-21,443.05468775339364,443.50870969307005,439.8863537969903,440.083740234375,39345700.0,0.0,0.0,445.8699951171875,440.083740234375
2024-03-22,439.5705565651582,441.6827694371702,438.721701397151,440.5871887207031,28253900.0,0.0,0.0,446.3800048828125,440.5871887207031
2024-03-25,437.79384020612855,440.46869300537145,436.7969679128137,438.9881591796875,27789200.0,0.0,0.0,444.760009765625,438.9881591796875
2024-03-26,440.50823351421144,441.42618754790954,437.3398989765727,437.5669250488281,34142000.0,0.0,0.0,443.32000732421875,437.5669250488281
2024-03-27,440.64634240160973,440.7450506792977,436.19486113525744,439.0572204589844,41359200.0,0.0,0.0,444.8299865722656,439.0572204589844
2024-03-28,439.0079213812112,439.85677650082647,437.8925809969411,438.2479248046875,36839600.0,0.0,0.0,444.010009765625,438.2479248046875
2024-04-01,439.19538878529454,441.7221638936199,437.2706829241046,439.1756591796875,38729000.0,0.0,0.0,444.95001220703125,439.1756591796875
2024-04-02,434.36889648212224,435.7013830284785,432.34551218244235,435.3855285644531,44259700.0,0.0,0.0,441.1099853515625,435.3855285644531
2024-04-03,433.26337536409767,438.23797705114055,433.25352562203335,436.3626403808594,39949800.0,0.0,0.0,442.1000061035156,436.3626403808594
2024-04-04,440.53776750365273,441.1497467951012,429.4633731365682,429.6903991699219,57267700.0,0.0,0.0,435.3399963378906,429.6903991699219
2024-04-05,431.11166889240866,437.4187568704157,430.3023032460056,434.7537841796875,54744600.0,0.0,0.0,440.4700012207031,434.7537841796875
2024-04-08,435.681657541929,436.75750858125053,433.5003459895995,434.8821716308594,28144900.0,0.0,0.0,440.6000061035156,434.8821716308594
2024-04-09,437.2115656409815,437.48793079141376,431.7632111946562,436.4910583496094,39443600.0,0.0,0.0,442.2300109863281,436.4910583496094
2024-04-10,431.3288751692714,433.5397961490954,430.618217694108,432.68109130859375,61502200.0,0.0,0.0,438.3699951171875,432.68109130859375
2024-04-11,434.54653939889255,440.5377431354332,432.2763695555441,439.5902099609375,45474600.0,0.0,0.0,445.3699951171875,439.5902099609375
2024-04-12,435.375688373544,436.5008785092053,431.21045166763093,432.5823974609375,53665000.0,0.0,0.0,438.2699890136719,432.5823974609375
2024-04-15,436.32325313750806,436.4120815660828,424.6270280971504,425.46600341796875,63453600.0,0.0,0.0,431.05999755859375,425.46600341796875
2024-04-16,425.3080155680643,428.1309157561056,424.1236065676271,425.50543212890625,47619000.0,0.0,0.0,431.1000061035156,425.50543212890625
2024-04-17,427.4795147646805,427.4992443738808,419.38591700451707,420.313720703125,56880500.0,0.0,0.0,425.8399963378906,420.313720703125
2024-04-18,420.9552076337074,422.682496972794,417.3427017442334,417.9151916503906,46549400.0,0.0,0.0,423.4100036621094,417.9151916503906
2024-04-19,416.7406582413731,417.2637789829598,407.709408020396,409.2688903808594,75231000.0,0.0,0.0,414.6499938964844,409.2688903808594
2024-04-22,411.8944128444313,415.71418561726296,408.5681513884315,413.38482666015625,47807700.0,0.0,0.0,418.82000732421875,413.38482666015625
2024-04-23,415.30949561248633,420.7479998697546,413.43415866494064,419.5537109375,44384700.0,0.0,0.0,425.07000732421875,419.5537109375
2024-04-24,422.64307665706934,424.1532199847882,418.69498637581336,420.9750061035156,48440300.0,0.0,0.0,426.510009765625,420.9750061035156
2024-04-25,413.7993025224546,419.8004161798026,412.7136018716216,418.94171142578125,57392200.0,0.0,0.0,424.45001220703125,418.94171142578125
2024-04-26,422.0705970919879,426.9366112542954,421.3796993486773,425.40673828125,41874900.0,0.0,0.0,431.0,425.40673828125
2024-04-29,427.5091066132523,428.13093567514335,424.3999914253364,427.134033203125,30022200.0,0.0,0.0,432.75,427.134033203125
2024-04-30,425.55479143619027,426.9464969281247,419.0009769819428,419.0799255371094,43665900.0,0.0,0.0,424.5899963378906,419.0799255371094
2024-05-01,417.6585952639436,424.5579035239852,415.200918698871,416.04974365234375,52251700.0,0.0,0.0,421.5199890136719,416.04974365234375
2024-05-02,419.7806517948606,422.2580878768443,415.1712736472869,421.3598937988281,36559000.0,0.0,0.0,426.8999938964844,421.3598937988281
2024-05-03,428.80201000772206,430.81554411963526,427.0056220267165,429.8285217285156,48515300.0,0.0,0.0,435.4800109863281,429.8285217285156
2024-05-06,431.62495352769525,434.6255105447398,430.8550771355993,434.53668212890625,30227200.0,0.0,0.0,440.25,434.53668212890625
2024-05-07,434.980847312053,436.2343550995329,433.87535676036975,434.60577392578125,30996100.0,0.0,0.0,440.32000732421875,434.60577392578125
2024-05-08,431.99015297025323,435.7507063041749,431.87168496757545,434.34912109375,24896700.0,0.0,0.0,440.05999755859375,434.34912109375
2024-05-09,434.6156743673887,435.86921242263395,432.7699468137264,435.2967224121094,24580100.0,0.0,0.0,441.0199890136719,435.2967224121094
2024-05-10,436.7969322640709,438.54395119204315,434.7833979914427,436.3231506347656,27116600.0,0.0,0.0,442.05999755859375,436.3231506347656
2024-05-13,438.22818080669674,438.3268890969221,435.91855139882017,437.3299865722656,22994200.0,0.0,0.0,443.0799865722656,437.3299865722656
2024-05-14,436.9055116809251,440.6759449298251,436.71797499273384,440.1429443359375,34478300.0,0.0,0.0,445.92999267578125,440.1429443359375
2024-05-15,442.6105298202424,447.2692776184925,441.1003864725861,447.02252197265625,41464700.0,0.0,0.0,452.8999938964844,447.02252197265625
2024-05-16,446.8350091997646,448.7893248631938,445.9466948514933,446.114501953125,34780400.0,0.0,0.0,451.9800109863281,446.114501953125
2024-05-17,446.2427421383118,446.8448415455645,443.7061171254062,445.8973083496094,35803700.0,0.0,0.0,451.760009765625,445.8973083496094
2024-05-20,446.11447031915947,449.66772746028334,445.9269336218566,449.0064392089844,24474200.0,0.0,0.0,454.9100036621094,449.0064392089844
2024-05-21,447.16069547726266,450.0723938681792,446.9632789226248,449.8848571777344,23167700.0,0.0,0.0,455.79998779296875,449.8848571777344
2024-05-22,450.1414538703015,450.8916005674148,447.200116140362,449.7959899902344,25120000.0,0.0,0.0,455.7099914550781,449.7959899902344
2024-05-23,454.57321360339853,454.6028230744019,445.98613567551195,447.77264404296875,40899200.0,0.0,0.0,453.6600036621094,447.77264404296875
2024-05-24,449.3815352698405,453.2704067865792,447.68385516546965,452.00701904296875,29669500.0,0.0,0.0,457.95001220703125,452.00701904296875
2024-05-28,453.2210577618272,453.77378804166995,450.76338097747106,453.7145690917969,26216800.0,0.0,0.0,459.67999267578125,453.7145690917969
2024-05-29,449.569068292941,452.29323020811563,449.4308706694951,450.5166015625,29739200.0,0.0,0.0,456.44000244140625,450.5166015625
2024-05-30,449.58878418992737,449.72698180915853,444.36742631931105,445.6900329589844,30536800.0,0.0,0.0,451.54998779296875,445.6900329589844
2024-05-31,445.9169915891008,446.60791933773606,437.3101548068271,444.8608703613281,55941300.0,0.0,0.0,450.7099914550781,444.8608703613281
2024-06-03,448.670887762278,449.66776014396044,442.08743351367116,447.24957275390625,32997500.0,0.0,0.0,453.1300048828125,447.24957275390625
2024-06-04,446.99291582101387,449.667738607721,445.2755061521262,448.47344970703125,23767400.0,0.0,0.0,454.3699951171875,448.47344970703125
2024-06-05,452.03665413926626,457.5935664801989,448.51297597126717,457.5146179199219,33817400.0,0.0,0.0,463.5299987792969,457.5146179199219
2024-06-06,458.1956341727769,458.51148863504653,456.1919794926597,457.3566589355469,21966800.0,0.0,0.0,463.3699951171875,457.3566589355469
2024-06-07,456.9914851894887,459.6959176011771,455.84653530531455,456.9519958496094,25829700.0,0.0,0.0,462.9599914550781,456.9519958496094
2024-06-10,455.82678145022857,459.1530427715406,455.5405364640256,458.7976989746094,20660800.0,0.0,0.0,464.8299865722656,458.7976989746094
2024-06-11,457.5244472583221,462.06475707214463,456.0340335493935,461.9462890625,22053300.0,0.0,0.0,468.0199890136719,461.9462890625
2024-06-12,465.8647623031118,470.3162436288159,465.1738645931589,467.9967346191406,34532600.0,0.0,0.0,474.1499938964844,467.9967346191406
2024-06-13,471.52040876995864,472.1817271248933,468.26324643825706,470.53338623046875,25859000.0,0.0,0.0,476.7200012207031,470.53338623046875
2024-06-14,470.3359804995687,473.04044280266436,469.87207869046944,472.9713439941406,23372600.0,0.0,0.0,479.19000244140625,472.9713439941406
2024-06-17,473.23783479875635,480.54179582054763,471.93498789371336,478.7651672363281,37054500.0,0.0,0.0,485.05999755859375,478.7651672363281
2024-06-18,478.7158215686924,479.5942559840838,477.1563090554916,478.9132080078125,24438600.0,0.0,0.0,485.2099914550781,478.9132080078125
2024-06-20,480.1075143153198,480.52204691160244,473.39574301016904,475.22174072265625,33918700.0,0.0,0.0,481.4700012207031,475.22174072265625
2024-06-21,474.94538875408216,476.27787523634794,472.45810274298066,473.948486328125,37456800.0,0.0,0.0,480.17999267578125,473.948486328125
2024-06-24,472.7245601699593,474.45459487021566,468.41431676949503,468.5527038574219,37751000.0,0.762,0.0,473.9599914550781,468.5527038574219
2024-06-25,470.63871458970596,474.2075150589822,469.69954069283574,473.91094970703125,29014700.0,0.0,0.0,479.3800048828125,473.91094970703125
2024-06-26,473.09037443761645,475.4333612594301,472.6751829690312,474.8896179199219,22737100.0,0.0,0.0,480.3699951171875,474.8896179199219
2024-06-27,474.6424870183552,477.5885001823093,473.831834848692,476.115478515625,26222100.0,0.0,0.0,481.6099853515625,476.115478515625
2024-06-28,476.90638218162707,481.64174344784533,473.00143407332047,473.6440124511719,34881600.0,0.0,0.0,479.1099853515625,473.6440124511719
2024-07-01,474.5634403475883,476.9854712588444,470.8265659344529,476.4219970703125,24898300.0,0.0,0.0,481.9200134277344,476.4219970703125
2024-07-02,474.92920257120903,481.4835684420996,474.8006808608911,481.42425537109375,26723600.0,0.0,0.0,486.9800109863281,481.42425537109375
2024-07-03,480.6728792615718,485.56641842894476,480.6728792615718,485.4378967285156,18064900.0,0.0,0.0,491.0400085449219,485.4378967285156
2024-07-05,486.27826756464674,490.934524892124,485.9816720251039,490.4995422363281,28495900.0,0.0,0.0,496.1600036621094,490.4995422363281
2024-07-08,490.8652285816788,492.2195938123946,489.84698076688136,491.6659851074219,22109400.0,0.0,0.0,497.3399963378906,491.6659851074219
2024-07-09,493.17858205149344,494.295695149638,490.5785818678999,492.09112548828125,25614500.0,0.0,0.0,497.7699890136719,492.09112548828125
2024-07-10,494.0089714465548,497.77550204894317,492.70405380285695,497.2218933105469,28046900.0,0.0,0.0,502.9599914550781,497.2218933105469
2024-07-11,497.3306714485331,497.53826719034237,485.13145747225576,486.3177490234375,49966600.0,0.0,0.0,491.92999267578125,486.3177490234375
2024-07-12,486.8911002126349,493.91996972122695,486.42646110497833,489.17474365234375,37109400.0,0.0,0.0,494.82000732421875,489.17474365234375
2024-07-15,490.9443370805706,495.2941631670739,488.4530977332755,490.4895935058594,31151400.0,0.0,0.0,496.1499938964844,490.4895935058594
2024-07-16,491.942824926014,492.75347707724274,487.52382036527973,490.67742919921875,25950600.0,0.0,0.0,496.3399963378906,490.67742919921875
2024-07-17,482.7094214942809,483.2234781761037,476.20450316938724,476.273681640625,56268800.0,0.0,0.0,481.7699890136719,476.273681640625
2024-07-18,479.99081528245364,480.1687545064157,470.83644861489324,474.01971435546875,49347400.0,0.0,0.0,479.489990234375,474.01971435546875
2024-07-19,473.68354156914774,476.1945720575138,468.53298905861266,469.8181457519531,42042900.0,0.0,0.0,475.239990234375,469.8181457519531
2024-07-22,475.6706132366567,477.8356306869123,472.2599610425792,476.8173828125,40300000.0,0.0,0.0,482.32000732421875,476.8173828125
2024-07-23,475.917744847748,478.90327973468084,474.6622447485179,475.1367492675781,23282500.0,0.0,0.0,480.6199951171875,475.1367492675781
2024-07-24,468.4143716915868,468.7801456725655,457.2334056742168,458.0934753417969,58818600.0,0.0,0.0,463.3800048828125,458.0934753417969
2024-07-25,458.4295212223379,462.60137737275625,450.4318218819884,453.04168701171875,59256800.0,0.0,0.0,458.2699890136719,453.04168701171875
2024-07-26,457.3718148913392,460.61439354543955,454.52466677175534,457.68817138671875,39992100.0,0.0,0.0,462.9700012207031,457.68817138671875
2024-07-29,460.3968919638833,462.5718051093693,456.35355676245223,458.6075439453125,28218500.0,0.0,0.0,463.8999938964844,458.6075439453125
2024-07-30,460.5353297454606,461.2372212225388,448.9687977948445,452.31024169921875,41317200.0,0.0,0.0,457.5299987792969,452.31024169921875
2024-07-31,462.53223532259034,467.3961180940794,461.08890038272096,465.69573974609375,44552100.0,0.0,0.0,471.07000732421875,465.69573974609375
2024-08-01,466.37791730199183,470.12465721725306,450.7779452539738,454.41595458984375,56653900.0,0.0,0.0,459.6600036621094,454.41595458984375
2024-08-02,445.7459404142205,448.3953578259163,439.3991710694865,443.6303405761719,66323200.0,0.0,0.0,448.75,443.6303405761719
2024-08-05,419.8646573999045,437.2441116181188,418.61905271445846,430.4030456542969,87483500.0,0.0,0.0,435.3699951171875,430.4030456542969
2024-08-06,432.2418462378431,441.9695823885907,429.60229381809893,434.5155944824219,63164400.0,0.0,0.0,439.5299987792969,434.5155944824219
2024-08-07,441.39613665370257,443.87751056519465,429.4144144695611,429.8098449707031,54929200.0,0.0,0.0,434.7699890136719,429.8098449707031
2024-08-08,436.0280949206762,443.8676170226471,432.1626991528455,442.9581298828125,47890100.0,0.0,0.0,448.07000732421875,442.9581298828125
2024-08-09,441.64327989418985,446.9025929959707,440.52616686725906,445.27142333984375,33574000.0,0.0,0.0,450.4100036621094,445.27142333984375
2024-08-12,446.2403338016831,449.1863171773526,443.4327073791598,446.2304382324219,27795000.0,0.0,0.0,451.3800048828125,446.2304382324219
2024-08-13,450.6197246538681,457.569520764925,450.48130738101344,457.3025817871094,40084500.0,0.0,0.0,462.5799865722656,457.3025817871094
2024-08-14,458.2219667124924,459.80368866937306,453.17024944176154,457.45086669921875,34733700.0,0.0,0.0,462.7300109863281,457.45086669921875
2024-08-15,463.41213713949156,469.4029989049654,463.0364675618848,469.007568359375,38280600.0,0.0,0.0,474.4200134277344,469.007568359375
2024-08-16,467.2280563234313,470.97482612620695,466.2691214716206,469.6105651855469,38383600.0,0.0,0.0,475.0299987792969,469.6105651855469
2024-08-19,469.7489746870242,475.81891001240314,467.9694921188847,475.77935791015625,23737700.0,0.0,0.0,481.2699890136719,475.77935791015625
2024-08-20,474.8698533888056,477.4303013239028,473.0903708857028,474.7808837890625,29209300.0,0.0,0.0,480.260009765625,474.7808837890625
2024-08-21,475.5618612719516,478.84399182513124,473.851617528973,476.9953308105469,25658800.0,0.0,0.0,482.5,476.9953308105469
2024-08-22,479.30860414123174,480.0006301216959,468.40444326647616,469.4325866699219,37739600.0,0.0,0.0,474.8500061035156,469.4325866699219
2024-08-23,473.77252563936634,477.23259548647326,469.85771220264724,474.52386474609375,36061500.0,0.0,0.0,480.0,474.52386474609375
2024-08-26,473.98017974431343,474.89956254628396,467.84100515702664,469.91705322265625,27452600.0,0.0,0.0,475.3399963378906,469.91705322265625
2024-08-27,468.28584855173153,472.3884967040748,466.3284267777959,471.3208312988281,27510000.0,0.0,0.0,476.760009765625,471.3208312988281
2024-08-28,470.856239488064,471.57789195242157,462.55207717757474,465.97259521484375,37372400.0,0.0,0.0,471.3500061035156,465.97259521484375
2024-08-29,467.8805097658638,472.4774534784795,464.01511399310215,465.2904052734375,41081500.0,0.0,0.0,470.6600036621094,465.2904052734375
2024-08-30,469.62047764039335,471.45924320433073,465.14215970468916,470.83642578125,33466500.0,0.0,0.0,476.2699890136719,470.83642578125
2024-09-03,467.80142084180835,467.92991237004406,454.1687382037683,456.5413513183594,44985200.0,0.0,0.0,461.80999755859375,456.5413513183594
2024-09-04,453.43720206493504,459.1512587891513,452.5079237940925,455.35504150390625,32505100.0,0.0,0.0,460.6099853515625,455.35504150390625
2024-09-05,453.733790471333,460.05087375136264,452.7155425486622,455.7801818847656,34452400.0,0.0,0.0,461.0400085449219,455.7801818847656
2024-09-06,455.0782322799744,455.9580930423161,443.0767492583787,443.571044921875,50624400.0,0.0,0.0,448.69000244140625,443.571044921875
2024-09-09,447.89124653813093,450.2638600192875,444.6882198470404,449.2752685546875,32981200.0,0.0,0.0,454.4599914550781,449.2752685546875
2024-09-10,451.03487245762125,453.9314678144549,447.0706419705668,453.4272766113281,29680300.0,0.0,0.0,458.6600036621094,453.4272766113281
2024-09-11,454.66308923066197,464.01515573239755,446.1315403431584,463.2737121582031,57843000.0,0.0,0.0,468.6199951171875,463.2737121582031
2024-09-12,463.30332782224303,468.63184965336313,461.5238754689245,467.8211975097656,40067800.0,0.0,0.0,473.2200012207031,467.8211975097656
2024-09-13,467.0896961750265,471.0934794541991,466.86230928198813,469.91705322265625,29111800.0,0.0,0.0,475.3399963378906,469.91705322265625
2024-09-16,467.79155539938006,468.4538947261113,464.52921592790534,467.8409729003906,22585600.0,0.0,0.0,473.239990234375,467.8409729003906
2024-09-17,470.85620880166687,472.1512611288473,465.5968952856612,468.088134765625,30084400.0,0.0,0.0,473.489990234375,468.088134765625
2024-09-18,469.28427953908414,473.36713606881733,465.45840605034135,466.06146240234375,39909200.0,0.0,0.0,471.44000244140625,466.06146240234375
2024-09-19,477.10410694689955,480.6828333512892,475.0082978923465,477.8455505371094,52782500.0,0.0,0.0,483.3599853515625,477.8455505371094
2024-09-20,476.9854221375082,478.17174380371085,472.8432220427445,476.9360046386719,34577700.0,0.0,0.0,482.44000244140625,476.9360046386719
2024-09-23,478.11116171555886,479.2892410929773,476.7746818104745,478.20025634765625,24843000.0,0.677,0.0,483.0400085449219,478.20025634765625
2024-09-24,479.60601096752043,481.4572699249202,475.3590157870661,480.50689697265625,25952600.0,0.0,0.0,485.3699951171875,480.50689697265625
2024-09-25,479.88316613902225,482.90262496877455,479.7049768893712,480.9523620605469,26549900.0,0.0,0.0,485.82000732421875,480.9523620605469
2024-09-26,488.4267141196481,488.75342462979467,480.93255387516143,484.5657958984375,32020200.0,0.0,0.0,489.4700012207031,484.5657958984375
2024-09-27,485.58547404661016,485.72408582935225,480.6949675689309,481.873046875,22851100.0,0.0,0.0,486.75,481.873046875
2024-09-30,480.91277604803815,483.5164298674452,478.0814460255324,483.1798400878906,30281100.0,0.0,0.0,488.07000732421875,483.1798400878906
2024-10-01,482.8135350239533,483.11051710958384,472.61671704803837,476.44793701171875,42735400.0,0.0,0.0,481.2699890136719,476.44793701171875
2024-10-02,475.54708948630235,479.0318407021968,472.9335562861933,477.1211853027344,23744000.0,0.0,0.0,481.95001220703125,477.1211853027344
2024-10-03,474.93330029022553,479.69510472886486,474.19081481378305,476.7647705078125,25337200.0,0.0,0.0,481.5899963378906,476.7647705078125
2024-10-04,482.56604972244355,482.99173412446424,477.55675036393063,482.4373474121094,30686600.0,0.0,0.0,487.32000732421875,482.4373474121094
2024-10-07,480.5266672279018,481.6948370104161,476.0519358662982,477.2696228027344,24975100.0,0.0,0.0,482.1000061035156,477.2696228027344
2024-10-08,479.8040274477152,485.080611040939,479.0021455348288,484.39752197265625,28272000.0,0.0,0.0,489.29998779296875,484.39752197265625
2024-10-09,484.1005401824891,488.78315955580314,483.06107257970547,488.2089538574219,24995000.0,0.0,0.0,493.1499938964844,488.2089538574219
2024-10-10,485.93198443627097,489.51570938090015,484.6252027910595,487.654541015625,25750400.0,0.0,0.0,492.5899963378906,487.654541015625
2024-10-11,485.8230647717071,489.4365180924452,485.2587987967278,488.41680908203125,20644500.0,0.0,0.0,493.3599853515625,488.41680908203125
2024-10-14,490.8026730211405,493.8320112515241,490.2978034572835,492.5153503417969,26060100.0,0.0,0.0,497.5,492.5153503417969
2024-10-15,492.841990516388,493.5052907600534,483.7836747724818,485.93194580078125,34784500.0,0.0,0.0,490.8500061035156,485.93194580078125
2024-10-16,486.2586168677319,486.7635165927204,482.68480174875526,485.9913330078125,22996800.0,0.0,0.0,490.9100036621094,485.9913330078125
2024-10-17,491.4659433311861,491.51543027362754,486.26854547887814,486.32794189453125,27210700.0,0.0,0.0,491.25,486.32794189453125
2024-10-18,489.1097903823585,490.60467068756384,488.3573954930934,489.51568603515625,25335000.0,0.0,0.0,494.4700012207031,489.51568603515625
2024-10-21,488.3079056738165,491.25805858536,486.38734099228543,490.4561767578125,30336500.0,0.0,0.0,495.4200134277344,490.4561767578125
2024-10-22,487.79310496159616,492.4658141522957,487.0407101102388,490.99072265625,26685800.0,0.0,0.0,495.9599914550781,490.99072265625
2024-10-23,488.644528441287,489.2979192730172,480.1900855245362,483.4669189453125,39346600.0,0.0,0.0,488.3599853515625,483.4669189453125
2024-10-24,487.1793503828589,488.06044763990246,484.5361190353503,487.38726806640625,22024900.0,0.0,0.0,492.32000732421875,487.38726806640625
2024-10-25,490.1790189910777,495.26750367087743,489.47611099793994,490.3572082519531,38762100.0,0.0,0.0,495.32000732421875,490.3572082519531
2024-10-28,493.4656782863132,493.52507470017696,490.1393582627125,490.43634033203125,20477800.0,0.0,0.0,495.3999938964844,490.43634033203125
2024-10-29,490.75319577395663,496.3267915168347,488.9019368423387,495.1487121582031,28014100.0,0.0,0.0,500.1600036621094,495.1487121582031
2024-10-30,494.38643703160704,495.3368099688613,490.92150485664405,491.4065856933594,29756000.0,0.0,0.0,496.3800048828125,491.4065856933594
2024-10-31,487.4466698375477,487.4961567845673,478.9031321246182,479.00213623046875,41245200.0,0.0,0.0,483.8500061035156,479.00213623046875
2024-11-01,480.6355484367559,485.83294623138613,480.3385663617861,482.54620361328125,33655800.0,0.0,0.0,487.42999267578125,482.54620361328125
2024-11-04,481.9423542667288,484.4767021401597,479.39809691969697,481.1404724121094,23291600.0,0.0,0.0,486.010009765625,481.1404724121094
2024-11-05,482.7244037190517,487.9416205772672,482.6353090945562,487.2783203125,24353600.0,0.0,0.0,492.2099914550781,487.2783203125
2024-11-06,495.5447123045364,501.336105155914,494.59433933877455,500.514404296875,43082200.0,0.0,0.0,505.5799865722656,500.514404296875
2024-11-07,503.30613815649883,509.17674615897624,503.2467417365988,508.3946228027344,32853100.0,0.0,0.0,513.5399780273438,508.3946228027344
2024-11-08,507.8995716266317,509.7607397919429,507.2758790806171,508.98858642578125,22924500.0,0.0,0.0,514.1400146484375,508.98858642578125
2024-11-11,510.2063198738609,510.41423756169064,505.80092413333915,508.6916809082031,24167500.0,0.0,0.0,513.8400268554688,508.6916809082031
2024-11-12,508.62236431683294,509.5034011498743,504.72180803113673,507.77093505859375,25835300.0,0.0,0.0,512.9099731445312,507.77093505859375
2024-11-13,507.26604444133966,509.82015068711974,504.8405800738957,507.1175231933594,24567400.0,0.0,0.0,512.25,507.1175231933594
2024-11-14,506.78100063575187,507.65215823407385,502.68246622311574,503.59326171875,28679500.0,0.0,0.0,508.69000244140625,503.59326171875
2024-11-15,497.90086791848177,498.2869446598162,489.53551938509924,491.5946960449219,51461100.0,0.0,0.0,496.57000732421875,491.5946960449219
2024-11-18,493.13899284248623,497.10882432769074,491.75302618050944,495.0100402832031,27080800.0,0.0,0.0,500.0199890136719,495.0100402832031
2024-11-19,492.436188042674,498.9007604764236,492.09956803539825,498.4156494140625,24523000.0,0.0,0.0,503.4599914550781,498.4156494140625
2024-11-20,498.11860004854606,498.4354010644952,491.58472260068197,498.1285095214844,29565500.0,0.0,0.0,503.1700134277344,498.1285095214844
2024-11-21,501.16773456424636,501.88052175534955,492.57471080225247,499.9203796386719,34526700.0,0.0,0.0,504.9800109863281,499.9203796386719
2024-11-22,499.3660214674592,501.45486600636707,497.7424388015507,500.7222900390625,23826600.0,0.0,0.0,505.7900085449219,500.7222900390625
2024-11-25,504.7911156851186,506.32560378411665,499.20764065875716,501.5142822265625,26375200.0,0.0,0.0,506.5899963378906,501.5142822265625
2024-11-26,502.9893137573825,505.028701522575,502.14785444392766,504.2070007324219,26557100.0,0.0,0.0,509.30999755859375,504.2070007324219
2024-11-27,503.07839092120656,503.147666593435,496.9008922175095,500.23712158203125,24957400.0,0.0,0.0,505.29998779296875,500.23712158203125
2024-11-29,500.8608365529733,505.22665426566476,500.2470534652956,504.6326599121094,15334000.0,0.0,0.0,509.739990234375,504.6326599121094
2024-12-02,505.8900502291726,511.0874489355527,505.503943252171,510.12713623046875,25147200.0,0.0,0.0,515.2899780273438,510.12713623046875
2024-12-03,508.80049696391745,511.96844669162806,508.2262913475137,511.69122314453125,18597900.0,0.0,0.0,516.8699951171875,511.69122314453125
2024-12-04,515.1067881788834,518.2747386457006,514.3939706226256,518.017333984375,26086200.0,0.0,0.0,523.260009765625,518.017333984375
2024-12-05,518.0668192563195,518.7894858618284,516.1957411537953,516.5818481445312,18169600.0,0.0,0.0,521.8099975585938,516.5818481445312
2024-12-06,517.2450943089183,521.4426027889191,517.1163919846481,521.2050170898438,23762600.0,0.0,0.0,526.47998046875,521.2050170898438
2024-12-09,520.2842172246309,521.076189505711,515.9975849261137,517.14599609375,20674400.0,0.0,0.0,522.3800048828125,517.14599609375
2024-12-10,518.3736106938491,520.1159861294152,513.9582756888856,515.3838500976562,24350000.0,0.0,0.0,520.5999755859375,515.3838500976562
2024-12-11,519.7397862686788,525.293562625996,519.3339208315082,524.6104736328125,32168600.0,0.0,0.0,529.9199829101562,524.6104736328125
2024-12-12,522.3929623523824,523.6601665397187,520.7496211220283,521.2247924804688,23577500.0,0.0,0.0,526.5,521.2247924804688
2024-12-13,525.1451106137396,527.8279192653513,522.0167382009346,525.2144165039062,28780400.0,0.0,0.0,530.530029296875,525.2144165039062
2024-12-16,527.7388042563879,533.7479929417908,527.6595889004179,532.7777709960938,31979900.0,0.0,0.0,538.1699829101562,532.7777709960938
2024-12-17,530.98596629447,532.0947397037226,528.7783289494863,530.4315795898438,28579100.0,0.0,0.0,535.7999877929688,530.4315795898438
2024-12-18,529.788148569402,531.5007956922416,509.8499245462622,511.2952575683594,54703200.0,0.0,0.0,516.469970703125,511.2952575683594
2024-12-19,515.9679937267025,516.5322899221571,508.6817509785398,509.018310546875,46441800.0,0.0,0.0,514.1699829101562,509.018310546875
2024-12-20,505.325586104343,519.561508760943,504.1871147130376,513.4631958007812,60530000.0,0.0,0.0,518.6599731445312,513.4631958007812
2024-12-23,515.173838316872,518.8426854640211,511.7826617906483,518.4658813476562,29672800.0,0.835,0.0,522.8699951171875,518.4658813476562
2024-12-24,520.4092996239036,525.5853017754832,519.7746759093736,525.49609375,17558200.0,0.0,0.0,529.9600219726562,525.49609375
2024-12-26,523.8699121670745,526.765299753133,521.8768329257526,525.1390991210938,19090500.0,0.0,0.0,529.5999755859375,525.1390991210938
2024-12-27,521.5793384005979,522.0156346269483,513.4979630219628,518.1583862304688,33839600.0,0.0,0.0,522.5599975585938,518.1583862304688
2024-12-30,511.16783428858304,514.9853812712737,507.51880817803965,511.2669677734375,34584000.0,0.0,0.0,515.6099853515625,511.2669677734375
2024-12-31,512.5461128600035,513.2996604502096,505.96202785972133,506.9238586425781,29117000.0,0.0,0.0,511.2300109863281,506.9238586425781
2025-01-02,509.968007151715,512.288323816092,501.45036488484794,505.93231201171875,36389800.0,0.0,0.0,510.2300109863281,505.93231201171875
2025-01-03,509.0260470816439,515.2730308235667,508.2130071708806,514.2120361328125,29059500.0,0.0,0.0,518.5800170898438,514.2120361328125
2025-01-06,519.6061862635828,523.4733001568532,517.6329577649649,520.1217651367188,36109700.0,0.0,0.0,524.5399780273438,520.1217651367188
2025-01-07,521.1629566479388,521.559551115967,508.9566467939472,510.8406066894531,36690300.0,0.0,0.0,515.1799926757812,510.8406066894531
2025-01-08,510.7414990718483,512.5659668635069,506.26947711002134,510.9299011230469,30777800.0,0.0,0.0,515.27001953125,510.9299011230469
2025-01-10,507.1718120115306,507.2709455025522,499.67549235438327,502.9179382324219,40532500.0,0.0,0.0,507.19000244140625,502.9179382324219
2025-01-13,496.97837480559224,501.7577526619827,495.4910093944748,501.3016357421875,31694200.0,0.0,0.0,505.55999755859375,501.3016357421875
2025-01-14,504.4548589417407,505.86291155630545,497.36508964559465,500.82568359375,33737200.0,0.0,0.0,505.0799865722656,500.82568359375
2025-01-15,508.7087081711547,513.4880554025902,507.1518949698399,512.3477783203125,34957600.0,0.0,0.0,516.7000122070312,512.3477783203125
2025-01-16,514.6085682704208,514.6879113695602,508.6293909405431,508.75830078125,28229000.0,0.0,0.0,513.0800170898438,508.75830078125
2025-01-17,518.4459727794786,519.6557281030132,508.7880231807161,517.3453369140625,51837900.0,0.0,0.0,521.739990234375,517.3453369140625
2025-01-21,520.0623267442402,521.5397669077764,515.6795730033419,520.379638671875,23628000.0,0.0,0.0,524.7999877929688,520.379638671875
2025-01-22,525.1094193264751,529.3236214173635,524.802032888923,527.0330810546875,33593000.0,0.0,0.0,531.510009765625,527.0330810546875
2025-01-23,524.5838510983231,528.2725488461796,523.9988545859802,528.153564453125,23096600.0,0.0,0.0,532.6400146484375,528.153564453125
2025-01-24,528.530405956913,529.29387911289,523.7014306802266,525.1689453125,19878300.0,0.0,0.0,529.6300048828125,525.1689453125
2025-01-27,506.6958005141239,513.6269134248726,505.8529540893436,509.8787841796875,60771700.0,0.0,0.0,514.2100219726562,509.8787841796875
2025-01-28,510.8802758250669,518.5947739794966,507.4692787651559,517.414794921875,33194200.0,0.0,0.0,521.8099975585938,517.414794921875
2025-01-29,518.0593295144222,518.1882393631972,512.5461639397026,516.4430541992188,26649000.0,0.0,0.0,520.8300170898438,516.4430541992188
2025-01-30,519.2987617572692,521.6685845598946,513.8450887897236,518.644287109375,27431300.0,0.0,0.0,523.0499877929688,518.644287109375
2025-01-31,522.4817535773786,527.0430442443887,516.8000365418205,517.8907470703125,38755200.0,0.0,0.0,522.2899780273438,517.8907470703125
2025-02-03,509.14497914666026,516.4628217597667,506.7453799127663,513.7459106445312,40580800.0,0.0,0.0,518.1099853515625,513.7459106445312
2025-02-04,514.2615922865054,520.6869919789082,513.8649372719624,520.0523681640625,26046800.0,0.0,0.0,524.469970703125,520.0523681640625
2025-02-05,517.4246918873662,522.5709786844357,516.2347874418311,522.4122924804688,21134100.0,0.0,0.0,526.8499755859375,522.4122924804688
2025-02-06,522.9179765607721,525.3473520565179,521.311626833359,525.1390991210938,19434500.0,0.0,0.0,529.5999755859375,525.1390991210938
2025-02-07,525.6746594987869,527.6181117377854,517.7916100317253,518.5154418945312,29605500.0,0.0,0.0,522.9199829101562,518.5154418945312
2025-02-10,522.7791231464935,525.8926890123465,522.3131110723367,524.7920532226562,20852800.0,0.0,0.0,529.25,524.7920532226562
2025-02-11,521.5297939926579,525.4563996768837,521.4008841574637,523.5426635742188,19325500.0,0.0,0.0,527.989990234375,523.5426635742188
2025-02-12,517.9006358758927,524.7326156787228,517.5536081471272,523.85009765625,25009400.0,0.0,0.0,528.2999877929688,523.85009765625
2025-02-13,525.515868954993,531.7032986903349,524.732545046932,531.3860473632812,28714800.0,0.0,0.0,535.9000244140625,531.3860473632812
2025-02-14,531.4951981919974,534.3013780517931,531.1580353822636,533.6171875,17862600.0,0.0,0.0,538.1500244140625,533.6171875
2025-02-18,535.1837964310452,535.4515415685663,531.5248751428178,534.8268432617188,20565000.0,0.0,0.0,539.3699951171875,534.8268432617188
2025-02-19,534.0335757827223,536.254698344903,531.9413630586191,534.9755859375,19666900.0,0.0,0.0,539.52001953125,534.9755859375
2025-02-20,534.1921993214312,534.5590779295543,527.9750533668508,532.704833984375,26550800.0,0.0,0.0,537.22998046875,532.704833984375
2025-02-21,533.8451252767076,533.864976179548,521.2818640995055,521.6487426757812,47093800.0,0.0,0.0,526.0800170898438,521.6487426757812
2025-02-24,523.4336916600773,524.6136707561374,515.1540476012177,515.4911499023438,39268400.0,0.0,0.0,519.8699951171875,515.4911499023438
2025-02-25,514.8663335947931,514.9456766855558,505.14889295243813,508.9962158203125,48940000.0,0.0,0.0,513.3200073242188,508.9962158203125
2025-02-26,511.18772176022816,515.2828791060776,507.06272753310327,510.2258605957031,34457600.0,0.0,0.0,514.5599975585938,510.2258605957031
2025-02-27,513.7657626731335,514.6978474137826,495.8380347249948,496.0561828613281,52448000.0,0.0,0.0,500.2699890136719,496.0561828613281
2025-02-28,495.9173316245407,504.49446526945815,492.74427362085476,503.8896179199219,47654000.0,0.0,0.0,508.1700134277344,503.8896179199219
2025-03-03,507.2114314699513,508.71861754283515,489.4225385345535,492.8633117675781,44587200.0,0.0,0.0,497.04998779296875,492.8633117675781
2025-03-04,490.01746003030263,499.496932673849,483.63170244056306,491.37591552734375,67875400.0,0.0,0.0,495.54998779296875,491.37591552734375
2025-03-05,492.02052567198336,499.3879356118114,487.1221328097368,497.7815856933594,46323700.0,0.0,0.0,502.010009765625,497.7815856933594
2025-03-06,489.5316385267994,494.3804341923218,482.10473667776205,484.087890625,57574300.0,0.0,0.0,488.20001220703125,484.087890625
2025-03-07,483.05663785377993,489.1250840373066,476.48247773478363,487.64764404296875,54714700.0,0.0,0.0,491.7900085449219,487.64764404296875
2025-03-10,479.3779059627174,479.89351510162237,464.71247386753913,468.7481994628906,76668000.0,0.0,0.0,472.7300109863281,468.7481994628906
2025-03-11,468.37136824327257,474.77694672862924,463.0763510761853,467.627685546875,68760800.0,0.0,0.0,471.6000061035156,467.627685546875
2025-03-12,475.1240157545967,477.0080059105102,467.8160984630709,472.90289306640625,46971100.0,0.0,0.0,476.9200134277344,472.90289306640625
2025-03-13,472.23851884770306,472.26826494555587,462.50122601019615,464.3951416015625,46563300.0,0.0,0.0,468.3399963378906,464.3951416015625
2025-03-14,469.73976785512326,476.5122252306436,469.13489016928395,475.61981201171875,43563000.0,0.0,0.0,479.6600036621094,475.61981201171875
2025-03-17,475.5701657212748,481.7477004843212,473.7754140163774,478.70355224609375,41744400.0,0.0,0.0,482.7699890136719,478.70355224609375
2025-03-18,475.3718823465614,475.57017956903064,468.43084408910516,470.54290771484375,39072300.0,0.0,0.0,474.5400085449219,470.54290771484375
2025-03-19,472.7937961788866,481.24202077527065,470.8701345032397,476.8394470214844,40430300.0,0.0,0.0,480.8900146484375,476.8394470214844
2025-03-20,472.863217084476,480.46859528600214,472.16910112065705,475.2231750488281,36780500.0,0.0,0.0,479.260009765625,475.2231750488281
2025-03-21,470.08675601788104,477.5533287466134,468.9266280090859,476.7898254394531,42234900.0,0.0,0.0,480.8399963378906,476.7898254394531
2025-03-24,484.35298007010044,488.09681947520227,481.0361776506327,487.2527160644531,34567200.0,0.716,0.0,490.6600036621094,487.2527160644531
2025-03-25,487.9776314748478,490.19212618360643,487.01436628000033,490.0332336425781,26035200.0,0.0,0.0,493.4599914550781,490.0332336425781
2025-03-26,488.8812800947295,489.7353237051958,479.4671320107272,481.01629638671875,34627100.0,0.0,0.0,484.3800048828125,481.01629638671875
2025-03-27,479.06000466761793,483.201029972314,476.91500071538445,478.2754821777344,33469800.0,0.0,0.0,481.6199951171875,478.2754821777344
2025-03-28,476.4780743258179,477.18313541880207,464.7997290731358,465.6835632324219,46363800.0,0.0,0.0,468.94000244140625,465.6835632324219
2025-03-31,458.7122462036718,466.59707961659575,454.15409442890217,465.66363525390625,53000300.0,0.0,0.0,468.9200134277344,465.66363525390625
2025-04-01,464.05492483024364,470.3409844954175,461.1949498195788,469.4174499511719,41156200.0,0.0,0.0,472.70001220703125,469.4174499511719
2025-04-02,462.88309780084677,476.2297682498692,462.6248936323242,472.84344482421875,49894500.0,0.0,0.0,476.1499938964844,472.84344482421875
2025-04-03,453.27028599766453,456.8750825593256,447.0140480399336,447.5304260253906,70456300.0,0.0,0.0,450.6600036621094,447.5304260253906
2025-04-04,435.09743607101046,437.3119308717652,419.73486328125,419.73486328125,117088400.0,0.0,0.0,422.6700134277344,419.73486328125
2025-04-07,405.82214624882306,440.06271771596437,399.5956979160209,420.7477722167969,161557000.0,0.0,0.0,423.69000244140625,420.7477722167969
2025-04-08,435.11725040921294,440.06267826494616,406.94426755742165,413.17071533203125,101248100.0,0.0,0.0,416.05999755859375,413.17071533203125
2025-04-09,412.68418311669046,464.5812557291743,412.54514076571127,462.76397705078125,142876900.0,0.0,0.0,466.0,462.76397705078125
2025-04-10,450.4102981892235,452.4261998569819,429.62565163101584,443.08154296875,108384100.0,0.0,0.0,446.17999267578125,443.08154296875
2025-04-11,441.562213700492,452.6248688142693,438.2652614825523,451.2445068359375,52483800.0,0.0,0.0,454.3999938964844,451.2445068359375
2025-04-14,461.23460948868865,461.8205086737922,449.48677471863374,454.3031005859375,43941200.0,0.0,0.0,457.4800109863281,454.3031005859375
2025-04-15,455.3557080223979,459.1690377616987,452.98229067136526,454.80950927734375,35404200.0,0.0,0.0,457.989990234375,454.80950927734375
2025-04-16,445.91178503143493,449.4768512400112,434.72005857210513,441.095458984375,48980600.0,0.0,0.0,444.17999267578125,441.095458984375
2025-04-17,444.06470985775826,444.6406688022329,438.2950286304019,441.0160217285156,44837000.0,0.0,0.0,444.1000061035156,441.0160217285156
2025-04-21,435.1867650335119,436.0308380461499,424.9582742045425,430.102294921875,44149300.0,0.0,0.0,433.1099853515625,430.102294921875
2025-04-22,435.7726731527785,444.4718197504035,434.5809942900424,441.39337158203125,52304400.0,0.0,0.0,444.4800109863281,441.39337158203125
2025-04-23,454.9883588226658,460.1621707094186,449.73508550605334,451.4034118652344,55801100.0,0.0,0.0,454.55999755859375,451.4034118652344
2025-04-24,453.3100732165664,464.41242858031717,452.6645627722108,464.1045837402344,45956100.0,0.0,0.0,467.3500061035156,464.1045837402344
2025-04-25,463.72723398870977,469.80473018824927,462.15821927474366,469.2784118652344,38697100.0,0.0,0.0,472.55999755859375,469.2784118652344
2025-04-28,469.7451452629099,471.5127832294371,462.7937552341042,469.12945556640625,33550800.0,0.0,0.0,472.4100036621094,469.12945556640625
2025-04-29,466.90501911449314,473.1116173366788,466.3290298283073,472.227783203125,30613100.0,0.0,0.0,475.5299987792969,472.227783203125
2025-04-30,463.88607170901736,473.8861489699177,459.2186982221631,472.16815185546875,46810600.0,0.0,0.0,475.4700012207031,472.16815185546875
2025-05-01,480.0529884716564,483.7967969961145,477.4015168108853,478.3349914550781,43316500.0,0.0,0.0,481.67999267578125,478.3349914550781
2025-05-02,483.161318602008,487.5009670708342,481.4631715706509,485.4353942871094,39218100.0,0.0,0.0,488.8299865722656,485.4353942871094
2025-05-05,481.2347608308799,485.63398996616957,480.7382330195203,482.5555114746094,28309500.0,0.0,0.0,485.92999267578125,482.5555114746094
2025-05-06,476.22976603156343,481.6816318630385,474.86928463727685,478.0669250488281,32786300.0,0.0,0.0,481.4100036621094,478.0669250488281
2025-05-07,478.7322575080464,482.42642576212086,473.4690746513304,479.94378662109375,38006300.0,0.0,0.0,483.29998779296875,479.94378662109375
2025-05-08,485.1374935889608,489.27854913850405,480.8077853400776,484.899169921875,39577600.0,0.0,0.0,488.2900085449219,484.899169921875
2025-05-09,486.8057947898926,488.1265757568078,482.82366229776994,484.58135986328125,27767400.0,0.0,0.0,487.9700012207031,484.58135986328125
2025-05-12,503.46929009549314,504.36306445306417,497.99757390012485,504.3233337402344,45090600.0,0.0,0.0,507.8500061035156,504.3233337402344
2025-05-13,505.62421174170254,513.7970705437644,504.889360268175,512.0095825195312,53269600.0,0.0,0.0,515.5900268554688,512.0095825195312
2025-05-14,513.1813544649557,515.6242324147684,512.1684183718318,515.0780639648438,47014500.0,0.0,0.0,518.6799926757812,515.0780639648438
2025-05-15,512.933142411462,518.3055470046168,511.5924808683594,515.6441650390625,50153300.0,0.0,0.0,519.25,515.6441650390625
2025-05-16,517.0443550561729,518.0771717773351,513.5090791820398,517.8884887695312,48394600.0,0.0,0.0,521.510009765625,517.8884887695312
2025-05-19,510.6689476686652,518.9014181193775,510.6689476686652,518.385009765625,52536200.0,0.0,0.0,522.010009765625,518.385009765625
2025-05-20,515.8625505079032,517.3124334676296,513.0720667663019,516.6570434570312,42517600.0,0.0,0.0,520.27001953125,516.6570434570312
2025-05-21,512.6848754673762,519.3681208002191,507.68977630200715,509.4772644042969,71292800.0,0.0,0.0,513.0399780273438,509.4772644042969
2025-05-22,510.0929679354682,514.1148920390241,508.7424267202739,510.4306335449219,55607200.0,0.0,0.0,514.0,510.4306335449219
2025-05-23,502.66489596858764,508.28559452080873,502.06905652418396,505.7036437988281,58368100.0,0.0,0.0,509.239990234375,505.7036437988281
2025-05-27,512.565664354886,518.0870509820926,511.01650006700226,517.6004028320312,47226300.0,0.0,0.0,521.219970703125,517.6004028320312
2025-05-28,518.553768744746,520.0433521528182,514.7901098204196,515.3064575195312,46637200.0,0.0,0.0,518.9099731445312,515.3064575195312
2025-05-29,522.674977132733,522.8238991077211,513.7275363725571,516.3193969726562,58513300.0,0.0,0.0,519.9299926757812,516.3193969726562
2025-05-30,515.8327912294724,517.0641704468769,508.3749341500112,515.5050659179688,67662800.0,0.0,0.0,519.1099853515625,515.5050659179688
2025-06-02,513.6481468413016,519.815044873786,512.3869466421769,519.5767211914062,44762800.0,0.0,0.0,523.2100219726562,519.5767211914062
2025-06-03,519.9242261070126,525.0682472235115,519.0602725197831,523.6382446289062,44070300.0,0.0,0.0,527.2999877929688,523.6382446289062
2025-06-04,524.343351463968,526.1606603717119,522.3174790385125,525.0980834960938,41359300.0,0.0,0.0,528.77001953125,525.0980834960938
2025-06-05,526.4982141482292,529.3482788898035,519.0304165921941,521.1456298828125,61031200.0,0.0,0.0,524.7899780273438,521.1456298828125
2025-06-06,526.3194516510717,528.1069395532867,524.5419040023565,526.239990234375,42467000.0,0.0,0.0,529.9199829101562,526.239990234375
2025-06-09,526.4584787241826,528.653092677192,525.3363211146482,527.0145874023438,33688700.0,0.0,0.0,530.7000122070312,527.0145874023438
2025-06-10,527.4813163809062,531.1854549164767,525.2171811724196,530.500244140625,40664800.0,0.0,0.0,534.2100219726562,530.500244140625
2025-06-11,531.9004378288197,533.0524162719269,526.4286917523204,528.7127075195312,53701000.0,0.0,0.0,532.4099731445312,528.7127075195312
2025-06-12,527.401940897683,530.9272762598631,527.153676990328,529.9540405273438,34104900.0,0.0,0.0,533.6599731445312,529.9540405273438
2025-06-13,524.0155690794827,528.1764744468518,522.0790985470339,523.3005981445312,55814400.0,0.0,0.0,526.9600219726562,523.3005981445312
2025-06-16,526.8160526043126,531.6522290488724,526.7664119412208,530.5797119140625,37622100.0,0.0,0.0,534.2899780273438,530.5797119140625
2025-06-17,528.0176249155262,529.6263701691488,524.2439650748757,525.4058837890625,42180900.0,0.0,0.0,529.0800170898438,525.4058837890625
2025-06-18,526.4188667706974,528.8518656558117,523.7376645415072,525.3165893554688,43983500.0,0.0,0.0,528.989990234375,525.3165893554688
2025-06-20,528.5638551917361,529.8548155249317,521.2350990187692,523.1715698242188,61643500.0,0.0,0.0,526.8300170898438,523.1715698242188
2025-06-23,523.7391506726165,529.0678919430073,520.5975974398857,528.5509643554688,50666100.0,0.591,0.0,531.6500244140625,528.5509643554688
2025-06-24,533.7604374478519,537.5482262091718,533.1440563345205,536.6336059570312,45442000.0,0.0,0.0,539.780029296875,536.6336059570312
2025-06-25,538.9002712385268,540.1429848534073,536.235900529748,538.0054931640625,44804200.0,0.0,0.0,541.1599731445312,538.0054931640625
2025-06-26,540.1828664853424,543.4835219629006,538.3635769821133,543.0361328125,43811400.0,0.0,0.0,546.219970703125,543.0361328125
2025-06-27,544.0699627850514,546.7840298565204,541.365786451658,544.8951416015625,57577100.0,0.0,0.0,548.0900268554688,544.8951416015625
2025-06-30,548.0465876949282,549.577588834245,545.80970346522,548.4243774414062,45548700.0,0.0,0.0,551.6400146484375,548.4243774414062
2025-07-01,546.5255321429642,547.4998608561041,541.4850785579611,543.801513671875,56166700.0,0.0,0.0,546.989990234375,543.801513671875
2025-07-02,542.9763271064149,547.7881407403361,542.9365821168159,547.5892944335938,36538300.0,0.0,0.0,550.7999877929688,547.5892944335938
2025-07-03,549.9554644038756,553.9520509353719,549.9554644038756,552.9777221679688,26443500.0,0.0,0.0,556.219970703125,552.9777221679688
2025-07-07,550.2934997666972,551.1087271918242,546.3764639666066,548.8121948242188,45349300.0,0.0,0.0,552.030029296875,548.8121948242188
2025-07-08,550.154338331448,550.7806708992875,547.8875993850992,549.1204223632812,36153300.0,0.0,0.0,552.3400268554688,549.1204223632812
2025-07-09,551.2479272732573,554.3795902552899,549.8759664124987,553.0076293945312,43045500.0,0.0,0.0,556.25,553.0076293945312
2025-07-10,553.643888904804,554.051472305681,549.5280065047026,552.2122802734375,34710900.0,0.0,0.0,555.4500122070312,552.2122802734375
2025-07-11,550.0747653451698,552.550241260774,548.8320516783502,550.9695434570312,39618600.0,0.0,0.0,554.2000122070312,550.9695434570312
2025-07-14,550.7607434561655,553.7035112516938,548.4145146258895,552.9678344726562,36453300.0,0.0,0.0,556.2100219726562,552.9678344726562
2025-07-15,556.9842448718932,557.5310267291989,553.4151446538423,553.4747924804688,43277700.0,0.0,0.0,556.719970703125,553.4747924804688
2025-07-16,554.0315521334151,556.9444653988531,548.3448634031356,554.0414428710938,52314700.0,0.0,0.0,557.2899780273438,554.0414428710938
2025-07-17,554.7673336412346,559.0323054850909,553.9620575398243,558.5252685546875,40423800.0,0.0,0.0,561.7999877929688,558.5252685546875
2025-07-18,559.8375467448564,561.4381474291321,556.7158353640372,557.9884033203125,50484700.0,0.0,0.0,561.260009765625,557.9884033203125
2025-07-21,558.813515991401,562.7603451130758,558.783661740004,560.88134765625,39595200.0,0.0,0.0,564.1699829101562,560.88134765625
2025-07-22,561.0107252666838,561.060421684537,555.3538894249762,557.978515625,43270600.0,0.0,0.0,561.25,557.978515625
2025-07-23,559.0620964230482,560.5632435269945,556.3181750017922,560.5234985351562,40215300.0,0.0,0.0,563.8099975585938,560.5234985351562
2025-07-24,561.8357873489995,562.9393024491583,560.0064862534048,561.7164916992188,42275500.0,0.0,0.0,565.010009765625,561.7164916992188
2025-07-25,561.6370557815619,564.3909290652584,560.9809295737219,563.0686645507812,30630800.0,0.0,0.0,566.3699951171875,563.0686645507812
2025-07-28,564.4305544544877,565.7229644368575,563.565630660474,564.8282470703125,31498700.0,0.0,0.0,568.1400146484375,564.8282470703125
2025-07-29,567.4330285462547,568.7751350745425,563.2277047901983,563.9534301757812,45463300.0,0.0,0.0,567.260009765625,563.9534301757812
2025-07-30,564.8680860753321,567.2938658051066,561.7563259106803,564.7090454101562,43433800.0,0.0,0.0,568.02001953125,564.7090454101562
2025-07-31,571.1909085156537,571.2804105926765,560.5831223469277,561.7164916992188,64613600.0,0.0,0.0,565.010009765625,561.7164916992188
2025-08-01,555.5725251375388,555.7614200303079,548.464179134219,550.6513671875,69400800.0,0.0,0.0,553.8800048828125,550.6513671875
2025-08-04,555.7912772727004,561.0305777833557,555.6918844459093,560.8118286132812,47669800.0,0.0,0.0,564.0999755859375,560.8118286132812
2025-08-05,562.0943005518618,563.2574635163702,556.467259269024,557.004150390625,48666600.0,0.0,0.0,560.27001953125,557.004150390625
2025-08-06,557.8392985461547,564.4505602440395,557.3621158636266,564.0131225585938,41823700.0,0.0,0.0,567.3200073242188,564.0131225585938
2025-08-07,568.3377031830273,569.9781095603403,561.8159440268826,565.921875,44463000.0,0.0,0.0,569.239990234375,565.921875
2025-08-08,567.1248509644985,571.4196769045213,566.8266118046458,571.200927734375,35255500.0,0.0,0.0,574.5499877929688,571.200927734375
2025-08-11,571.3401044656866,573.4377906026674,568.238295962644,569.5108032226562,33112900.0,0.0,0.0,572.8499755859375,569.5108032226562
2025-08-12,571.8073129373929,576.9670623788118,569.1528936023716,576.6688232421875,42143300.0,0.0,0.0,580.0499877929688,576.6688232421875
2025-08-13,579.3630911415263,579.919824464235,575.5653507090063,576.9572143554688,41209300.0,0.0,0.0,580.3400268554688,576.9572143554688
2025-08-14,574.9092259384532,578.4882172102513,574.5413268492241,576.5098266601562,45425000.0,0.0,0.0,579.8900146484375,576.5098266601562
2025-08-15,576.4202307636116,576.4600364313103,572.2149076017334,573.974609375,49480200.0,0.0,0.0,577.3400268554688,573.974609375
2025-08-18,573.0798941458493,574.402158474889,571.8868768922468,573.7459716796875,29831000.0,0.0,0.0,577.1099853515625,573.7459716796875
2025-08-19,573.0301490455952,573.199141099355,564.9375837882451,565.9616088867188,53752600.0,0.0,0.0,569.280029296875,565.9616088867188
2025-08-20,565.0172075838456,565.1365032465736,555.5825347335871,562.6013793945312,76781100.0,0.0,0.0,565.9000244140625,562.6013793945312
2025-08-21,561.060291436286,563.1878316051035,557.709940546973,559.99658203125,46436900.0,0.0,0.0,563.280029296875,559.99658203125
2025-08-22,561.3784895430127,570.6441700157645,559.9866866300696,568.6359252929688,51502100.0,0.0,0.0,571.969970703125,568.6359252929688
2025-08-25,567.0751561380605,569.9482641786268,565.8423331415836,566.99560546875,34044700.0,0.0,0.0,570.3200073242188,566.99560546875
2025-08-26,566.5085138301204,569.5804684343916,565.4844885091059,569.2722778320312,34103000.0,0.0,0.0,572.6099853515625,569.2722778320312
2025-08-27,568.2582063082527,571.0617150204744,567.0452861825311,570.1470947265625,36927100.0,0.0,0.0,573.489990234375,570.1470947265625
2025-08-28,570.7634672604604,574.6308068035561,569.1231216071435,573.7161865234375,46787900.0,0.0,0.0,577.0800170898438,573.7161865234375
2025-08-29,571.3102515546032,571.6781506312136,565.225930193606,567.0751342773438,56030400.0,0.0,0.0,570.4000244140625,567.0751342773438
2025-09-02,558.0381234497154,562.6709336262861,556.2784213564261,562.322998046875,65876800.0,0.0,0.0,565.6199951171875,562.322998046875
2025-09-03,565.9119399720083,568.3675738998842,563.4265124673556,566.7470703125,54230200.0,0.0,0.0,570.0700073242188,566.7470703125
2025-09-04,567.4131351357099,572.2447915330674,565.713141595555,571.876953125,47526300.0,0.0,0.0,575.22998046875,571.876953125
2025-09-05,577.1063187213848,577.7326513107713,568.198585324569,572.7021484375,68342500.0,0.0,0.0,576.0599975585938,572.7021484375
2025-09-08,574.9985810863183,577.4542146024762,574.4021028569616,575.4956665039062,46371400.0,0.0,0.0,578.8699951171875,575.4956665039062
2025-09-09,576.2910294118851,577.5536458740363,573.6763550869094,577.1261596679688,44007600.0,0.0,0.0,580.510009765625,577.1261596679688
2025-09-10,580.3373212188227,580.3671754724255,575.1775717338585,577.3150634765625,49308000.0,0.0,0.0,580.7000122070312,577.3150634765625
2025-09-11,579.8402237522287,581.4706785849379,578.2296717548423,580.6753540039062,44745800.0,0.0,0.0,584.0800170898438,580.6753540039062
2025-09-12,581.6297433459904,584.4333126708588,580.6952202377008,583.2402954101562,50745900.0,0.0,0.0,586.6599731445312,583.2402954101562
2025-09-15,585.0099141290013,588.3403622999832,584.8607642254873,588.2310180664062,44360300.0,0.0,0.0,591.6799926757812,588.2310180664062
2025-09-16,589.155666047915,589.4042087997295,587.0480283668794,587.7340087890625,36942100.0,0.0,0.0,591.1799926757812,587.7340087890625
2025-09-17,587.6544158082771,588.3006511882201,580.9636648285566,586.5608520507812,69384800.0,0.0,0.0,590.0,586.5608520507812
2025-09-18,591.4421484551173,594.6533615342521,589.5035638582237,591.8497924804688,61069300.0,0.0,0.0,595.3200073242188,591.8497924804688
2025-09-19,593.8480783940277,596.552193923343,592.3766643048443,595.8562622070312,58196100.0,0.0,0.0,599.3499755859375,595.8562622070312
2025-09-22,594.9445640571253,600.0505776558124,594.9246381503988,599.3837280273438,57154800.0,0.694,0.0,602.2000122070312,599.3837280273438
2025-09-23,599.5530088196715,599.7520856686153,594.1882006017188,595.4025268554688,64635500.0,0.0,0.0,598.2000122070312,595.4025268554688
2025-09-24,596.7760840009503,597.0945948124443,590.5851402114129,593.3123168945312,49850300.0,0.0,0.0,596.0999755859375,593.3123168945312
2025-09-25,589.430597247467,592.3369248989499,585.747888095055,590.75439453125,70920200.0,0.0,0.0,593.530029296875,590.75439453125
2025-09-26,591.5705031390479,593.5113961310994,588.2959106650876,593.1829223632812,54337400.0,0.0,0.0,595.969970703125,593.1829223632812
2025-09-29,596.3082204485978,599.2344738358131,594.6161584254272,595.9299926757812,48332900.0,0.0,0.0,598.72998046875,595.9299926757812
2025-09-30,595.6313870294545,597.9007535872587,593.3122664505869,597.5623168945312,46533800.0,0.0,0.0,600.3699951171875,597.5623168945312
2025-10-01,594.3772498069465,600.9662857667149,593.5511751358089,600.4288330078125,46899600.0,0.0,0.0,603.25,600.4288330078125
2025-10-02,604.2210750829389,604.3205831319952,600.110384211482,602.8972778320312,43765400.0,0.0,0.0,605.72998046875,602.8972778320312
2025-10-03,603.6736359963404,604.4898085161411,598.5775847871106,600.3591918945312,46482100.0,0.0,0.0,603.1799926757812,600.3591918945312
2025-10-06,605.6045105234541,606.5102280511511,603.136067280922,604.8679809570312,41962100.0,0.0,0.0,607.7100219726562,604.8679809570312
2025-10-07,606.171963330501,606.8587390048573,600.2099850305162,601.6830444335938,58209500.0,0.0,0.0,604.510009765625,601.6830444335938
2025-10-08,602.5787369049325,608.8891142425712,602.429474838809,608.58056640625,50629800.0,0.0,0.0,611.4400024414062,608.58056640625
2025-10-09,608.6203758923933,608.7497728034492,604.639082013069,607.8440551757812,45551000.0,0.0,0.0,610.7000122070312,607.8440551757812
2025-10-10,608.540771556568,610.312415678386,586.2952563674698,586.7431640625,97614800.0,0.0,0.0,589.5,586.7431640625
2025-10-13,596.8755206148027,600.1302475257781,594.436966170024,599.1946411132812,65872600.0,0.0,0.0,602.010009765625,599.1946411132812
2025-10-14,592.526068394063,599.8715611556078,587.3702996230395,595.2034912109375,69203200.0,0.0,0.0,598.0,595.2034912109375
2025-10-15,601.1853544608703,603.8627770947517,593.1431236043112,599.4036865234375,62805500.0,0.0,0.0,602.219970703125,599.4036865234375
2025-10-16,602.2801945778114,605.4652419598709,592.7151502263018,597.1841430664062,70982000.0,0.0,0.0,599.989990234375,597.1841430664062
2025-10-17,595.1536978121658,602.6783410274755,593.5810696753152,601.105712890625,72024900.0,0.0,0.0,603.9299926757812,601.105712890625
2025-10-20,604.3006065792493,609.9341097612839,604.2309266578644,608.6799926757812,45761700.0,0.0,0.0,611.5399780273438,608.6799926757812
2025-10-21,608.7796678481768,609.8545734667066,606.4705100847576,608.5208740234375,44538200.0,0.0,0.0,611.3800048828125,608.5208740234375
2025-10-22,607.9634772307389,608.550684046599,596.9352763909752,602.6583862304688,61478800.0,0.0,0.0,605.489990234375,602.6583862304688
2025-10-23,602.0811421396116,608.5109541450662,601.6930121247511,607.7246704101562,42844300.0,0.0,0.0,610.5800170898438,607.7246704101562
2025-10-24,613.1093168162636,615.5279456461734,612.2533531809327,614.214111328125,47632500.0,0.0,0.0,617.0999755859375,614.214111328125
2025-10-27,621.5994587704798,625.6105809315065,621.1117599698571,625.1527709960938,54098600.0,0.0,0.0,628.0900268554688,625.1527709960938
2025-10-28,627.4120574784298,631.7118619498357,626.307263060354,629.9600830078125,61195700.0,0.0,0.0,632.9199829101562,629.9600830078125
2025-10-29,632.6176630324746,634.0310053320909,627.3026090399652,632.7968139648438,67422800.0,0.0,0.0,635.77001953125,632.7968139648438
2025-10-30,629.2136282645249,630.5374255047892,623.012782414942,623.1222534179688,61628600.0,0.0,0.0,626.0499877929688,623.1222534179688
2025-10-31,631.2042994787083,631.234188344168,623.7592989912591,626.128173828125,66305100.0,0.0,0.0,629.0700073242188,626.128173828125
2025-11-03,632.1398217101251,632.8465231847631,626.9044109747781,629.1240234375,37154300.0,0.0,0.0,632.0800170898438,629.1240234375
2025-11-04,620.3652477253576,624.0180678867468,615.5677812621689,616.3540649414062,63830800.0,0.0,0.0,619.25,616.3540649414062
2025-11-05,615.5975961289528,623.6696547974706,614.3236136919261,620.365234375,48688500.0,0.0,0.0,623.280029296875,620.365234375
2025-11-06,618.8821782546098,619.1310091300359,607.4459209399873,608.8095092773438,72115100.0,0.0,0.0,611.6699829101562,608.8095092773438
2025-11-07,605.4651835773906,607.0975285563833,595.8702512859107,606.8884887695312,81835400.0,0.0,0.0,609.739990234375,606.8884887695312
2025-11-10,616.0255273285376,621.3903349091554,614.0050524635872,620.3153686523438,55919900.0,0.0,0.0,623.22998046875,620.3153686523438
2025-11-11,617.667884551536,619.807793532697,614.6321601598369,618.6632080078125,44868800.0,0.0,0.0,621.5700073242188,618.6632080078125
2025-11-12,621.9179017890243,621.9377669472728,614.920749106872,618.1754760742188,47444400.0,0.0,0.0,621.0800170898438,618.1754760742188
2025-11-13,614.6520816599241,615.2293863274043,603.2457126852763,605.5548706054688,71333600.0,0.0,0.0,608.4000244140625,605.5548706054688
2025-11-14,596.7461751876709,610.4816269444214,594.3773004655238,606.0126342773438,80087300.0,0.0,0.0,608.8599853515625,606.0126342773438
2025-11-17,603.4645824934285,609.6156739910193,597.0646601387357,600.8369140625,63850400.0,0.0,0.0,603.6599731445312,600.8369140625
2025-11-18,596.815880706601,599.4933033897071,588.5746335991315,593.5213623046875,83327300.0,0.0,0.0,596.3099975585938,593.5213623046875
2025-11-19,594.277803642733,603.3252601497043,591.8094208267037,597.064697265625,73111500.0,0.0,0.0,599.8699951171875,597.064697265625
2025-11-20,608.7596842814295,611.1584476607283,582.0153497685453,582.9310302734375,117743200.0,0.0,0.0,585.6699829101562,582.9310302734375
2025-11-21,584.7226693166165,594.1882055528395,578.0241615794017,587.310546875,103344200.0,0.0,0.0,590.0700073242188,587.310546875
2025-11-24,592.4962155436305,603.8428672485702,592.3767208312,602.3299560546875,60168100.0,0.0,0.0,605.1599731445312,602.3299560546875
2025-11-25,600.6876357091488,607.4060686687138,594.5265814243886,606.04248046875,57560900.0,0.0,0.0,608.8900146484375,606.04248046875
2025-11-26,609.6455599216604,613.3083428306168,607.5354791235628,611.3973388671875,42393600.0,0.0,0.0,614.27001953125,611.3973388671875
2025-11-28,613.2287346345189,616.4237448749676,612.541959003384,616.3540649414062,23034400.0,0.0,0.0,619.25,616.3540649414062
2025-12-01,610.7603293223117,616.5431560974239,609.6555348802722,614.2837524414062,40957600.0,0.0,0.0,617.1699829101562,614.2837524414062
2025-12-02,616.5630868277917,620.8330025626916,614.7018368343952,619.0911865234375,54541800.0,0.0,0.0,622.0,619.0911865234375
2025-12-03,616.7222793869383,621.3007427206581,615.1397492029907,620.6040649414062,47841600.0,0.0,0.0,623.52001953125,620.6040649414062
2025-12-04,622.0074783857208,622.0174413402095,616.6426703924581,620.0267944335938,47067800.0,0.0,0.0,622.9400024414062,620.0267944335938
2025-12-05,621.4601000759177,625.9788469562651,620.7932503319497,622.554931640625,53614200.0,0.0,0.0,625.47998046875,622.554931640625
2025-12-08,624.2768250026879,625.8992070395384,618.7826202766802,621.3605346679688,43462400.0,0.0,0.0,624.280029296875,621.3605346679688
2025-12-09,620.0965150170424,622.9431257001851,618.0959050247836,622.126953125,37156000.0,0.0,0.0,625.0499877929688,622.126953125
2025-12-10,620.9325615899702,626.2675418951635,618.0859508663141,624.6749877929688,55031400.0,0.0,0.0,627.6099853515625,624.6749877929688
2025-12-11,620.9027009347221,622.8535568265262,614.8311912534539,622.6544799804688,58272800.0,0.0,0.0,625.5800170898438,622.6544799804688
2025-12-12,619.170886284956,620.6240197770784,608.5009863202449,610.7504272460938,75158700.0,0.0,0.0,613.6199951171875,610.7504272460938
2025-12-15,615.4781529916935,615.5279070139317,606.4704879765786,607.6847534179688,49538200.0,0.0,0.0,610.5399780273438,607.6847534179688
2025-12-16,605.4154908096834,610.640939262189,604.0717676149177,608.88916015625,55152800.0,0.0,0.0,611.75,608.88916015625
2025-12-17,610.1929774623923,610.7802450139451,597.4727756606954,597.6021118164062,70654300.0,0.0,0.0,600.4099731445312,597.6021118164062
2025-12-18,606.9482502454197,610.0636176198245,604.0817137427742,606.261474609375,78875800.0,0.0,0.0,609.1099853515625,606.261474609375
2025-12-19,609.0881209473243,614.7315871907438,609.0084780713959,614.1642456054688,60369800.0,0.0,0.0,617.0499877929688,614.1642456054688
2025-12-22,619.2409664706046,619.5399968618768,615.6731616354366,617.1082763671875,43703100.0,0.794,0.0,619.2100219726562,617.1082763671875
2025-12-23,616.1017718649905,620.2974437217673,615.6832144240475,619.9984741210938,41120400.0,0.0,0.0,622.1099853515625,619.9984741210938
2025-12-24,619.8788381544654,622.1611043897402,619.6097351207538,621.812255859375,18468700.0,0.0,0.0,623.9299926757812,621.812255859375
2025-12-26,622.5397449963523,623.3968722036194,621.0249455610693,621.7723999023438,28959800.0,0.0,0.0,623.8900146484375,621.7723999023438
2025-12-29,617.9952283512266,620.6661854070132,616.6298832800768,618.7626342773438,32458300.0,0.0,0.0,620.8699951171875,618.7626342773438
2025-12-30,617.7361570843227,620.0681805596082,617.1182055353263,617.3275146484375,31226800.0,0.0,0.0,619.4299926757812,617.3275146484375
2025-12-31,617.5468163565164,617.8557617254266,611.9657873069227,612.2249145507812,40746500.0,0.0,0.0,614.3099975585938,612.2249145507812
2026-01-02,617.9554488091355,620.7359573580553,608.0791111541869,611.0390014648438,61859200.0,0.0,0.0,613.1199951171875,611.0390014648438
2026-01-05,617.2178977361207,618.7028306128764,614.6266862165028,615.8923950195312,46828400.0,0.0,0.0,617.989990234375,615.8923950195312
2026-01-06,617.1282350736393,621.9020161336854,616.4405745883714,621.3040161132812,43137500.0,0.0,0.0,623.4199829101562,621.3040161132812
2026-01-07,620.9252624814151,625.8086552856784,620.4469111571739,621.9019775390625,44880300.0,0.0,0.0,624.02001953125,621.9019775390625
2026-01-08,620.9153830886294,621.3040131478426,615.7030930363629,618.364013671875,50435900.0,0.0,0.0,620.469970703125,618.364013671875
2026-01-09,619.300745089563,625.758791636954,616.958745935689,624.5230102539062,49688700.0,0.0,0.0,626.6500244140625,624.5230102539062
2026-01-12,620.1977700429699,626.7155502563702,620.1479519171962,625.041259765625,37388700.0,0.0,0.0,627.1699829101562,625.041259765625
2026-01-13,625.140974146081,627.3334583647393,621.5830839442848,624.1144409179688,44481400.0,0.0,0.0,626.239990234375,624.1144409179688
2026-01-14,620.1279544300182,621.3338692900323,612.474029541205,617.4470825195312,72598700.0,0.0,0.0,619.5499877929688,617.4470825195312
2026-01-15,624.4731418754844,627.8616257743507,618.643022538775,619.6695556640625,53934900.0,0.0,0.0,621.780029296875,619.6695556640625
2026-01-16,623.3769048556577,623.9549532301264,616.7793795697874,619.1513061523438,61058100.0,0.0,0.0,621.260009765625,619.1513061523438
2026-01-20,608.4578028817349,612.9723957819789,604.9895731374214,605.9961547851562,81988900.0,0.0,0.0,608.0599975585938,605.9961547851562
2026-01-21,607.4013491018657,618.3141955207952,605.7968282532911,614.1882934570312,79837900.0,0.0,0.0,616.280029296875,614.1882934570312
2026-01-22,620.2375842668598,620.347257132182,615.6831493704997,618.6530151367188,42254800.0,0.0,0.0,620.760009765625,618.6530151367188
2026-01-23,617.6264816870977,623.2772802660301,616.5501912389111,620.6063232421875,43645800.0,0.0,0.0,622.719970703125,620.6063232421875
2026-01-26,621.094794891824,625.479824426014,620.008467678919,623.337158203125,35983000.0,0.0,0.0,625.4600219726562,623.337158203125
2026-01-27,626.7753573897714,629.8947385616864,625.210739736326,628.9878540039062,38997200.0,0.0,0.0,631.1300048828125,628.9878540039062
2026-01-28,633.3031267391333,634.4392110916745,629.6654913345894,631.0706787109375,50691700.0,0.0,0.0,633.219970703125,631.0706787109375
2026-01-29,630.5026813963867,631.5191779456372,616.1714851785354,627.2935791015625,79944000.0,0.0,0.0,629.4299926757812,627.2935791015625
2026-01-30,623.5862091740412,626.1275416849769,617.1979322175918,619.7592163085938,65650700.0,0.0,0.0,621.8699951171875,619.7592163085938
2026-02-02,616.600081229079,626.3568310719594,616.560178063243,624.0148315429688,49020300.0,0.0,0.0,626.1400146484375,624.0148315429688
2026-02-03,626.1674761306831,627.8417667468698,608.8863638517582,614.427490234375,81234000.0,0.0,0.0,616.52001953125,614.427490234375
2026-02-04,612.9324630859023,613.0121477465343,598.4318013464032,603.6939086914062,81850700.0,0.0,0.0,605.75,603.6939086914062
2026-02-05,598.1728002779972,602.7571627123452,592.7412864010469,595.0036010742188,89354500.0,0.0,0.0,597.030029296875,595.0036010742188
2026-02-06,598.1528367578925,609.3347246219274,596.7376735555687,607.5807495117188,78019300.0,0.0,0.0,609.6500244140625,607.5807495117188
2026-02-09,605.4778469703285,614.3676142255222,603.0162599184546,612.23486328125,56797600.0,0.0,0.0,614.3200073242188,612.23486328125
2026-02-10,613.2215243611824,614.9257422105983,608.9361315029465,609.39453125,53938900.0,0.0,0.0,611.469970703125,609.39453125
2026-02-11,614.287912259566,615.4240575153926,605.6274050805947,611.0289916992188,58575100.0,0.0,0.0,613.1099853515625,611.0289916992188
2026-02-12,612.6236316370799,613.7198737904234,597.5350037874807,598.6013793945312,81378900.0,0.0,0.0,600.6400146484375,598.6013793945312
2026-02-13,598.3920201980992,604.4214731930686,594.3956211608477,599.876953125,69237500.0,0.0,0.0,601.9199829101562,599.876953125
2026-02-17,596.3489614066287,601.900062806609,591.3260902585407,599.259033203125,69013800.0,0.0,0.0,601.2999877929688,599.259033203125
2026-02-18,600.0663841818466,607.7004196981827,598.6810873351905,603.73388671875,64250700.0,0.0,0.0,605.7899780273438,603.73388671875
2026-02-19,600.7638978416991,603.7636908223434,598.7108924704256,601.421630859375,60960800.0,0.0,0.0,603.469970703125,601.421630859375
2026-02-20,598.0830240719503,608.2782811950732,597.1960303761281,606.7435302734375,74127300.0,0.0,0.0,608.8099975585938,606.7435302734375
2026-02-23,604.551014539048,605.9462869551629,597.0166773136035,599.36865234375,63859100.0,0.0,0.0,601.4099731445312,599.36865234375
2026-02-24,600.3553581675079,606.9229563249177,597.6943768857255,605.8067626953125,55023700.0,0.0,0.0,607.8699951171875,605.8067626953125
2026-02-25,608.995909128246,614.7363682274654,608.9261394233886,614.5868530273438,55710700.0,0.0,0.0,616.6799926757812,614.5868530273438
2026-02-26,613.5006642563195,613.5006642563195,601.9300233109441,607.1721801757812,96178900.0,0.0,0.0,609.239990234375,607.1721801757812
2026-02-27,600.9333908786662,606.2552930140329,600.1460941357092,605.228759765625,68125200.0,0.0,0.0,607.2899780273438,605.228759765625
2026-03-02,596.8273488972434,607.8498068726756,595.9603066969873,606.0260620117188,75264600.0,0.0,0.0,608.0900268554688,606.0260620117188
2026-03-03,594.3059664111527,601.9100736934439,589.8610825503507,599.5381469726562,97015500.0,0.0,0.0,601.5800170898438,599.5381469726562
2026-03-04,602.1092824866074,610.7997159588376,601.381779779037,608.6769409179688,70943900.0,0.0,0.0,610.75,608.6769409179688
2026-03-05,605.338437930278,610.6802308667765,600.2158690906975,606.84326171875,89602400.0,0.0,0.0,608.9099731445312,606.84326171875
2026-03-06,598.272452308765,603.9431419992706,596.2991922008539,597.71435546875,86302300.0,0.0,0.0,599.75,597.71435546875
2026-03-09,592.2130380432229,607.2020280273126,589.3229177543049,605.6971435546875,93068200.0,0.0,0.0,607.760009765625,605.6971435546875
2026-03-10,605.7171291112322,611.2083762165881,603.3650930899329,605.7071533203125,64078900.0,0.0,0.0,607.77001953125,605.7071533203125
2026-03-11,606.8830522484864,610.3512206142045,602.9763749423223,605.6273193359375,60114800.0,0.0,0.0,607.6900024414062,605.6273193359375
2026-03-12,600.7141199697804,602.0894408359657,595.0234789704778,595.2327880859375,71836600.0,0.0,0.0,597.260009765625,595.2327880859375
2026-03-13,597.6943836062096,601.5512432287993,590.5587127632866,591.7047729492188,63145500.0,0.0,0.0,593.719970703125,591.7047729492188
2026-03-16,598.0033513683248,601.8103930085241,597.0765152286837,598.3422241210938,49077200.0,0.0,0.0,600.3800048828125,598.3422241210938
2026-03-17,601.0928621051149,603.8435039613423,599.827153220896,601.2622680664062,47106600.0,0.0,0.0,603.3099975585938,601.2622680664062
2026-03-18,599.4484580276425,601.1127728070715,592.5419866131784,592.880859375,56128000.0,0.0,0.0,594.9000244140625,592.880859375
2026-03-19,587.5090453179631,593.7776733729556,585.0873007276626,591.0071411132812,75597600.0,0.0,0.0,593.02001953125,591.0071411132812
2026-03-20,589.0538024932521,589.1634145289574,576.5762788194536,580.0843505859375,91964700.0,0.0,0.0,582.0599975585938,580.0843505859375
2026-03-23,589.2577971122703,593.8080477851386,584.707546439402,586.7431640625,89936100.0,0.733,0.0,588.0,586.7431640625
2026-03-24,583.5599323333884,586.6732582803922,580.6860836277402,582.731689453125,57750900.0,0.0,0.0,583.97998046875,582.731689453125
2026-03-25,587.8807233962021,590.105937264777,584.4380856164452,586.5635375976562,60475500.0,0.0,0.0,587.8200073242188,586.5635375976562
2026-03-26,581.354642361522,583.3803323809582,572.2042606955537,572.5634765625,81492100.0,0.0,0.0,573.7899780273438,572.5634765625
2026-03-27,569.5898913289244,569.7994643796657,560.3696515714074,561.3775024414062,82702200.0,0.0,0.0,562.5800170898438,561.3775024414062
2026-03-30,566.167193726255,566.835744504963,554.4123449976639,557.086669921875,70602600.0,0.0,0.0,558.280029296875,557.086669921875
2026-03-31,563.0837667324405,577.4031290957437,563.0039815896954,575.9462280273438,95878000.0,0.0,0.0,577.1799926757812,575.9462280273438
2026-04-01,580.2370672268827,586.4836962239632,579.179335412676,583.06103515625,79435100.0,0.0,0.0,584.3099975585938,583.06103515625
2026-04-02,572.7430779653056,584.7972733467034,570.6974721352691,583.7295532226562,50941700.0,0.0,0.0,584.97998046875,583.7295532226562
2026-04-06,584.9768981262092,589.3475406308395,583.4402118432972,587.2420654296875,35108500.0,0.0,0.0,588.5,587.2420654296875
2026-04-07,584.3882026562935,587.7210292628183,577.1636879809167,587.3319091796875,49948200.0,0.0,0.0,588.5900268554688,587.3319091796875
2026-04-08,607.4088894425788,608.5963482247196,600.8329489303708,604.7944946289062,63086000.0,0.0,0.0,606.0900268554688,604.7944946289062
2026-04-09,604.6348380470022,609.1950771369181,601.7410732406024,608.8857421875,37837500.0,0.0,0.0,610.1900024414062,608.8857421875
2026-04-10,610.5322286073159,612.3582731602751,608.2770495763316,609.7638549804688,34038500.0,0.0,0.0,611.0700073242188,609.7638549804688
2026-04-13,608.1771864154443,625.4003020437667,606.8101197315917,616.0703125,32972100.0,0.0,0.0,617.3900146484375,616.0703125
2026-04-14,618.8941947521593,627.2562866210938,618.7744561353234,627.2562866210938,49921100.0,0.0,0.0,628.5999755859375,627.2562866210938
2026-04-15,627.7353139030603,636.4666101570109,626.8571900931449,636.0375366210938,50102400.0,0.0,0.0,637.4000244140625,636.0375366210938
2026-04-16,637.8436965859062,640.8073189117684,633.9021276162631,639.1009521484375,42320600.0,0.0,0.0,640.469970703125,639.1009521484375
2026-04-17,644.2100323367088,648.6105788505391,642.6932619551269,647.4630126953125,53488900.0,0.0,0.0,648.8499755859375,647.4630126953125
2026-04-20,646.6547376870972,647.3732302965532,641.1465785698142,645.4074096679688,37138500.0,0.0,0.0,646.7899780273438,645.4074096679688
2026-04-21,647.0239324977517,648.8101451741646,640.8372343366078,642.9526977539062,39580500.0,0.0,0.0,644.3300170898438,642.9526977539062
2026-04-22,648.7603575560191,653.929278227069,647.1338367363905,653.709716796875,37368400.0,0.0,0.0,655.1099853515625,653.709716796875
2026-04-23,652.1529787029532,655.5157702184271,644.1401750634725,650.0275268554688,40099800.0,0.0,0.0,651.4199829101562,650.0275268554688
2026-04-24,657.1024209404745,663.0895957247212,655.1266727511743,662.4609375,45563100.0,0.0,0.0,663.8800048828125,662.4609375
2026-04-27,661.9819986507146,663.0097653425256,659.2777693835679,662.8101806640625,32717000.0,0.0,0.0,664.22998046875,662.8101806640625
2026-04-28,656.004754848671,658.2300296236717,652.4124742350715,656.1444702148438,34147900.0,0.0,0.0,657.5499877929688,656.1444702148438
2026-04-29,657.2221656812865,660.3055266172468,655.1865481613837,660.1558837890625,31724900.0,0.0,0.0,661.5700073242188,660.1558837890625
2026-04-30,663.9277163428184,667.4701765484971,656.1543902560467,666.3126220703125,40622200.0,0.0,0.0,667.739990234375,666.3126220703125
2026-05-01,667.7295996684235,674.5250404091096,667.3703838092385,672.708984375,39172600.0,0.0,0.0,674.1500244140625,672.708984375
2026-05-04,673.2178749724156,675.2834576176889,667.4702382389029,671.4417114257812,34542000.0,0.0,0.0,672.8800048828125,671.4417114257812
2026-05-05,676.5108537091375,681.3105696942113,676.06180342226,680.1530151367188,37101100.0,0.0,0.0,681.6099853515625,680.1530151367188
2026-05-06,686.309864653291,694.4424070727396,685.012594745374,694.2827758789062,38778500.0,0.0,0.0,695.77001953125,694.2827758789062
2026-05-07,695.0910378327916,699.741050020677,690.2913219165297,693.4545288085938,43779100.0,0.0,0.0,694.9400024414062,693.4545288085938
2026-05-08,698.4238945105413,709.709716796875,698.0048093195176,709.709716796875,44320400.0,0.0,0.0,711.22998046875,709.709716796875
2026-05-11,708.8415292269354,713.0625286499792,707.394616546851,711.7652587890625,36019100.0,0.0,0.0,713.2899780273438,711.7652587890625
2026-05-12,706.7060961344681,708.6619284096558,695.1508931250245,705.7282104492188,45873000.0,0.0,0.0,707.239990234375,705.7282104492188
2026-05-13,708.4424652516221,715.1181676509774,703.3234258783424,713.1823120117188,40012500.0,0.0,0.0,714.7100219726562,713.1823120117188
2026-05-14,713.0924719031191,720.4866668965204,712.6933025541022,718.2514038085938,33327500.0,0.0,0.0,719.7899780273438,718.2514038085938
2026-05-15,708.622108433035,713.6014326902291,704.0418926432,707.4146728515625,51792700.0,0.0,0.0,708.9299926757812,707.4146728515625
2026-05-18,710.0190294838146,710.5479258193494,697.3561524904881,704.3711547851562,49834500.0,0.0,0.0,705.8800048828125,704.3711547851562
2026-05-19,698.3141623863071,704.9798766607653,693.7639117658215,700.030517578125,46827500.0,0.0,0.0,701.530029296875,700.030517578125
2026-05-20,703.7824257923921,711.6256713867188,702.2856320315602,711.6256713867188,36779200.0,0.0,0.0,713.1500244140625,711.6256713867188
2026-05-21,707.4745066970102,715.5871334944783,705.2592812358496,712.9827270507812,36415400.0,0.0,0.0,714.510009765625,712.9827270507812
2026-05-22,716.5351219372583,720.5764528207093,714.4196583413607,716.0062255859375,33118600.0,0.0,0.0,717.5399780273438,716.0062255859375
2026-05-26,724.4082818705217,729.6071065125336,722.6120806481434,728.7190551757812,34254700.0,0.0,0.0,730.280029296875,728.7190551757812
2026-05-27,731.3933152026018,731.7525310831555,723.8893697615578,727.8908081054688,35148700.0,0.0,0.0,729.4500122070312,727.8908081054688
2026-05-28,728.1701402291201,735.0254503325125,724.8572296134905,734.027587890625,32840000.0,0.0,0.0,735.5999755859375,734.027587890625
2026-05-29,736.2628454135092,740.0447221142881,733.6783549102875,736.7318115234375,37541700.0,0.0,0.0,738.3099975585938,736.7318115234375
2026-06-01,735.464576190909,744.0562188501588,734.416832716765,741.1524047851562,33890600.0,0.0,0.0,742.739990234375,741.1524047851562
2026-06-02,740.8130908722517,744.8444331554832,737.6498231242726,744.5650024414062,30085200.0,0.0,0.0,746.1599731445312,744.5650024414062
2026-06-03,745.7126120403002,747.0497745697194,739.4260905589007,742.6192626953125,40270200.0,0.0,0.0,744.2100219726562,742.6192626953125
2026-06-04,733.9078771104591,741.9107536874841,731.0540050355258,739.0269165039062,40782600.0,0.0,0.0,740.6099853515625,739.0269165039062
2026-06-05,728.4994794722375,730.1260001864761,702.8145089902632,703.5529174804688,99606600.0,0.0,0.0,705.0599975585938,703.5529174804688
2026-06-08,716.2756385838147,721.4845122126053,711.5457803433952,714.5393676757812,47401500.0,0.0,0.0,716.0700073242188,714.5393676757812
2026-06-09,721.4345342962913,724.1087982042852,684.9028066603832,706.3169555664062,91932200.0,0.0,0.0,707.8300170898438,706.3169555664062
2026-06-10,700.1601489508766,709.7596418767092,691.448829138881,692.2072143554688,65334300.0,0.0,0.0,693.6900024414062,692.2072143554688
2026-06-11,697.7951930812733,716.8344251989125,693.5143852047621,715.5870971679688,71798900.0,0.0,0.0,717.1199951171875,715.5870971679688
2026-06-12,716.0760275085878,722.4623712773896,709.7596023215499,719.798095703125,51168400.0,0.0,0.0,721.3400268554688,719.798095703125
2026-06-15,736.5222551108849,743.1680531807805,735.8038233761346,742.40966796875,46710200.0,0.0,0.0,744.0,742.40966796875
2026-06-16,740.6633959693683,742.629155741597,728.0803652201432,728.2998657226562,45348700.0,0.0,0.0,729.8599853515625,728.2998657226562
2026-06-17,733.6184641620571,734.1074069958862,719.3090904725119,720.965576171875,51669300.0,0.0,0.0,722.510009765625,720.965576171875
2026-06-18,735.6242535433294,740.2343734608266,730.9442759416646,739.0369262695312,50154600.0,0.0,0.0,740.6199951171875,739.0369262695312
2026-06-22,741.2475942735041,744.6740164081855,733.6255320449774,737.1818237304688,43518600.0,0.813,0.0,737.9500122070312,737.1818237304688
2026-06-23,714.994955841975,722.8567588543334,711.368729535907,712.9071655273438,53354200.0,0.0,0.0,713.6500244140625,712.9071655273438
2026-06-24,714.6253657788768,719.1806168314835,703.7167494897757,709.8803100585938,52480400.0,0.0,0.0,710.6199951171875,709.8803100585938
2026-06-25,725.144386854217,726.073411438839,704.5657941797848,715.63427734375,49668000.0,0.0,0.0,716.3800048828125,715.63427734375
2026-06-26,706.3939573549355,714.8151753001493,702.0784467013282,705.7846069335938,47081800.0,0.0,0.0,706.52001953125,705.7846069335938
2026-06-29,713.2467701925264,723.8257734758017,704.4359439581019,723.3262939453125,44939100.0,0.0,0.0,724.0800170898438,723.3262939453125
2026-06-30,723.4261723402657,736.8521846863197,723.156433880318,735.6334838867188,42121800.0,0.0,0.0,736.4000244140625,735.6334838867188
2026-07-01,728.4309348946762,731.1580735258118,723.8456861360175,724.4151000976562,40803800.0,0.0,0.0,725.1699829101562,724.4151000976562
2026-07-02,724.8247456386157,730.0692808035519,706.823483523477,711.8582153320312,50959800.0,0.0,0.0,712.5999755859375,711.8582153320312
2026-07-06,719.1806205090421,725.3242433880005,717.7021805458717,722.067626953125,30220400.0,0.0,0.0,722.8200073242188,722.067626953125
2026-07-07,713.42658457407,715.6043080380856,704.1662754218111,708.6915283203125,42483100.0,0.0,0.0,709.4299926757812,708.6915283203125
2026-07-08,704.2162281021572,711.5186166673155,700.1803943256999,710.699462890625,35603200.0,0.0,0.0,711.4400024414062,710.699462890625
2026-07-09,717.5823009494849,723.476123003734,714.3856196637845,722.5271606445312,33654700.0,0.0,0.0,723.280029296875,722.5271606445312
2026-07-10,719.9498309758326,725.633910657471,716.2536701350646,724.7548217773438,26415900.0,0.0,0.0,725.510009765625,724.7548217773438
2026-07-13,716.9728399125403,717.9917976257694,709.3408393238593,710.9990844726562,36552400.0,0.0,0.0,711.739990234375,710.9990844726562
2026-07-14,719.4702735364855,721.5381261320255,713.5964502872879,718.9408569335938,29448100.0,0.0,0.0,719.6900024414062,718.9408569335938
2026-07-15,723.0964840498398,723.6059629208669,709.4906666647634,716.9928588867188,32627600.0,0.0,0.0,717.739990234375,716.9928588867188
2026-07-16,711.2688277809667,712.8571384924941,701.8785885225277,705.2051391601562,39402000.0,0.0,0.0,705.9400024414062,705.2051391601562
2026-07-17,690.9300392487022,701.5689163623388,686.0451149463661,694.606201171875,54109300.0,0.0,0.0,695.3300170898438,694.606201171875
2026-07-20,701.4290751693121,705.0653008245885,694.7860339234736,695.33544921875,29687600.0,0.0,0.0,696.0599975585938,695.33544921875
2026-07-21,705.8345294031318,709.3108875148979,702.0684341343024,708.2319946289062,33728300.0,0.0,0.0,708.969970703125,708.2319946289062
2026-07-22,702.8875430569569,708.9112952334938,702.8875430569569,704.61572265625,23692200.0,0.0,0.0,705.3499755859375,704.61572265625
2026-07-23,693.9468861753709,697.9327231441935,687.0740428357205,691.23974609375,44028600.0,0.0,0.0,691.9600219726562,691.23974609375
2026-07-24,689.6913211134731,691.9090420069233,681.7695828163428,683.5177612304688,42876700.0,0.0,0.0,684.22998046875,683.5177612304688
2026-07-27,690.9600196558405,691.5793694171385,675.246412599162,681.4099731445312,42681500.0,0.0,0.0,682.1199951171875,681.4099731445312
2026-07-28,675.5260852047327,678.69282941625,667.1848012007116,674.786865234375,51398700.0,0.0,0.0,675.489990234375,674.786865234375
2026-07-29,674.8068223593629,679.3420743940087,660.4517860132496,661.0411376953125,57233300.0,0.0,0.0,661.72998046875,661.0411376953125
2026-07-30,674.0576119251697,684.4068129515903,672.5991097762519,682.8384399414062,66753700.0,0.0,0.0,683.5499877929688,682.8384399414062
2026-07-31,691.3895713800811,695.0457958477069,679.3421270152298,687.2738647460938,50540500.0,0.0,0.0,687.989990234375,687.2738647460938
2026-08-03,687.5835404062232,700.8597459456591,685.1061413344767,699.34130859375,44965100.0,0.0,0.0,700.0700073242188,699.34130859375
2026-08-04,707.4228263749409,724.9046100552433,706.7935382563429,723.0964965820312,59778600.0,0.0,0.0,723.8499755859375,723.0964965820312
2026-08-05,725.4940407971483,727.7816351687756,716.1737353937511,716.5533447265625,33540200.0,0.0,0.0,717.2999877929688,716.5533447265625
2026-08-06,710.0800975972087,718.5712497417534,707.7625052246912,713.9061279296875,33035900.0,0.0,0.0,714.6500244140625,713.9061279296875
2026-08-07,719.4003977892652,722.8767558377907,715.7641721456221,722.2774047851562,31070400.0,0.0,0.0,723.030029296875,722.2774047851562
2026-08-10,721.6380662225321,723.9156612253314,719.5802129514979,720.11962890625,26243200.0,0.0,0.0,720.8699951171875,720.11962890625
2026-08-11,722.5370761410037,722.5970112457043,714.7552070178748,717.7021484375,29286100.0,0.0,0.0,718.4500122070312,717.7021484375
2026-08-12,726.32320296041,726.4930089361641,722.1674989405016,722.9467163085938,29066000.0,0.0,0.0,723.7000122070312,722.9467163085938
2026-08-13,724.3952036143359,733.1960306989878,723.276374318815,731.3079833984375,31599700.0,0.0,0.0,732.0700073242188,731.3079833984375
2026-08-14,732.6465510961883,733.6255724540374,727.561883529615,730.3090209960938,23790600.0,0.0,0.0,731.0700073242188,730.3090209960938
2026-08-17,732.1870404067878,733.8153485193716,728.5108784569633,729.1102294921875,26452600.0,0.0,0.0,729.8699951171875,729.1102294921875
2026-08-18,719.4603242061223,721.3783085230132,715.1747508308598,716.7631225585938,48997200.0,0.0,0.0,717.510009765625,716.7631225585938
2026-08-19,719.6401056796244,720.7489355626859,711.8681752092583,715.3345947265625,35801700.0,0.0,0.0,716.0800170898438,715.3345947265625
2026-08-20,711.3487680341726,714.1957769031727,707.782476952734,710.18994140625,33396400.0,0.0,0.0,710.9299926757812,710.18994140625
2026-08-21,714.485502546953,714.9250469928722,708.46181083734,712.6973876953125,33399400.0,0.0,0.0,713.4400024414062,712.6973876953125
2026-08-24,708.9212669826352,709.0511365395006,701.9685508753718,705.5847778320312,37443100.0,0.0,0.0,706.3200073242188,705.5847778320312
2026-08-25,710.4796431110551,713.2967150154067,706.713608864013,709.9801635742188,23869600.0,0.0,0.0,710.719970703125,709.9801635742188
2026-08-26,707.6725757719001,712.2778234739277,707.2330313373777,710.6295166015625,20392400.0,0.0,0.0,711.3699951171875,710.6295166015625
2026-08-27,716.1837333189847,720.5991154262211,713.7862680851495,720.359375,28723500.0,0.0,0.0,721.1099853515625,720.359375
2026-08-28,718.9908173393685,723.3762624487671,714.3456940785237,715.6842651367188,34105400.0,0.0,0.0,716.4299926757812,715.6842651367188
2026-08-31,714.425544259608,716.8330697733344,712.4176267643429,716.013916015625,32237200.0,0.0,0.0,716.760009765625,716.013916015625
2026-09-01,706.6536415906066,711.5585035915489,703.9264419829226,706.9033813476562,35236100.0,0.0,0.0,707.6400146484375,706.9033813476562
2026-09-02,706.3639219777956,709.0611236151823,704.3660038718234,708.501708984375,23476200.0,0.0,0.0,709.239990234375,708.501708984375
2026-09-03,710.1100046716628,718.1716113897015,708.9512390201578,716.9229125976562,29449800.0,0.0,0.0,717.6699829101562,716.9229125976562
2026-09-04,718.601156571467,721.1085535017505,715.8140828169636,718.2116088867188,32871100.0,0.0,0.0,718.9600219726562,718.2116088867188
2026-09-08,720.1595771602128,721.1385985378392,714.8251697161986,717.6122436523438,28341400.0,0.0,0.0,718.3599853515625,717.6122436523438
2026-09-09,715.6543252365607,718.9508780796424,713.276797695489,715.5643920898438,26763400.0,0.0,0.0,716.3099975585938,715.5643920898438
2026-09-10,706.8135035284996,711.3188188537567,706.1242193062288,707.9523315429688,31414400.0,0.0,0.0,708.6900024414062,707.9523315429688
2026-09-11,714.9350193188371,716.8830016980755,712.8871654213293,714.1358642578125,26649100.0,0.0,0.0,714.8800048828125,714.1358642578125
2026-09-14,702.597886401324,712.2078675940699,702.0084737337293,708.4417724609375,35219000.0,0.0,0.0,709.1799926757812,708.4417724609375
2026-09-15,708.062154852668,708.7914364120502,702.9075530374577,703.8065795898438,26631700.0,0.0,0.0,704.5399780273438,703.8065795898438
2026-09-16,707.2630040952242,711.138970068843,699.2713317325664,703.9863891601562,35688000.0,0.0,0.0,704.719970703125,703.9863891601562
2026-09-17,715.2047450412119,717.2925353145212,712.577477858311,716.1737060546875,37270300.0,0.0,0.0,716.9199829101562,716.1737060546875
2026-09-18,718.08176775015,720.9787124798182,714.3356712251818,720.6990356445312,48478700.0,0.0,0.0,721.4500122070312,720.6990356445312
2026-09-21,727.8900146484375,743.219970703125,727.8099975585938,741.469970703125,46730600.0,0.751,0.0,741.469970703125,741.469970703125
2026-09-22,740.97998046875,748.3499755859375,740.9299926757812,747.4600219726562,40128800.0,0.0,0.0,747.4600219726562,747.4600219726562
2026-09-23,746.969970703125,747.1300048828125,738.1900024414062,741.2100219726562,33191800.0,0.0,0.0,741.2100219726562,741.2100219726562
2026-09-24,735.2899780273438,742.6599731445312,734.6199951171875,741.0999755859375,29000900.0,0.0,0.0,741.0999755859375,741.0999755859375
2026-09-25,742.8300170898438,745.9199829101562,739.6400146484375,744.5,30283800.0,0.0,0.0,744.5,744.5
2026-09-28,740.4600219726562,741.4199829101562,731.6300048828125,736.530029296875,41775000.0,0.0,0.0,736.530029296875,736.530029296875
2026-09-29,740.1500244140625,740.5800170898438,735.3400268554688,737.9299926757812,27052300.0,0.0,0.0,737.9299926757812,737.9299926757812
