Date,Open,High,Low,Close,Volume,Dividends,Stock_Splits,Close_unadjusted,Adj_Close
2016-01-04,97.67053508688878,97.67053508688878,95.68219924622329,97.29458618164062,4991000.0,0.0,0.0,116.45999908447266,97.29458618164062
2016-01-05,97.51178113580146,98.48923662060527,97.08570834479059,97.47836303710938,2816800.0,0.0,0.0,116.68000030517578,97.47836303710938
2016-01-06,96.72648361817399,97.45331301273502,95.65712982423457,96.48420715332031,2677300.0,0.0,0.0,115.48999786376953,96.48420715332031
2016-01-07,94.93029841138271,95.31459702454349,93.08399129487381,93.64373016357422,5277200.0,0.0,0.0,112.08999633789062,93.64373016357422
2016-01-08,93.86094404915073,94.4039770503166,91.69717453726905,92.0313491821289,4422400.0,0.0,0.0,110.16000366210938,92.0313491821289
2016-01-11,92.32375206717764,92.41565025631003,90.38554672394693,91.54679870605469,4525800.0,0.0,0.0,109.58000183105469,91.54679870605469
2016-01-12,92.19842667444921,94.51257429108372,91.93944437092263,93.78575134277344,4037800.0,0.0,0.0,112.26000213623047,93.78575134277344
2016-01-13,93.91107304026505,94.43739379601148,91.00376195774155,91.25439453125,3434300.0,0.0,0.0,109.2300033569336,91.25439453125
2016-01-14,90.8450364328977,93.40146726100858,89.81745680372958,92.5326156616211,4238200.0,0.0,0.0,110.76000213623047,92.5326156616211
2016-01-15,91.12906802401545,92.44069808072295,90.05135827696019,91.28779602050781,6357000.0,0.0,0.0,109.2699966430664,91.28779602050781
2016-01-19,93.14244457677601,95.37305603840163,91.56347635744235,94.05307006835938,7122800.0,0.0,0.0,112.58000183105469,94.05307006835938
2016-01-20,93.64371739525815,96.69305027552093,92.02298109532411,95.8993911743164,8380700.0,0.0,0.0,114.79000091552734,95.8993911743164
2016-01-21,95.7991489946672,96.47585440087308,93.78575776155273,94.82169342041016,5413900.0,0.0,0.0,113.5,94.82169342041016
2016-01-22,95.79915816184864,96.20016904737557,95.1475210499877,95.5151138305664,3622200.0,0.0,0.0,114.33000183105469,95.5151138305664
2016-01-25,95.67383680850973,96.33383000521152,94.2786644633326,94.72144317626953,2908500.0,0.0,0.0,113.37999725341797,94.72144317626953
2016-01-26,94.32877725018902,95.38977473993138,93.3680276774883,95.20597839355469,4592500.0,0.0,0.0,113.95999908447266,95.20597839355469
2016-01-27,95.59867051732296,95.91613300207443,93.43489410163896,93.8442611694336,4720300.0,0.0,0.0,112.33000183105469,93.8442611694336
2016-01-28,93.8108073709397,94.61282258561133,92.40727915180179,93.0505599975586,3525600.0,0.0,0.0,111.37999725341797,93.0505599975586
2016-01-29,93.51007355437959,96.20852661132812,92.41565768976625,96.20852661132812,5280800.0,0.0,0.0,115.16000366210938,96.20852661132812
2016-02-01,95.93281728389405,97.03558909891741,95.33130422590841,96.81837463378906,4333500.0,0.0,0.0,115.88999938964844,96.81837463378906
2016-02-02,96.03308140481977,96.40067419643081,94.62955282412993,95.13916778564453,2997700.0,0.0,0.0,113.87999725341797,95.13916778564453
2016-02-03,95.54850303566914,95.54850303566914,92.14828996530872,94.19509887695312,3462300.0,0.0,0.0,112.75,94.19509887695312
2016-02-04,94.12830460768916,95.6989238954251,93.60198372071432,95.4065170288086,3608300.0,0.0,0.0,114.19999694824219,95.4065170288086
2016-02-05,95.29790034971573,95.4148605313536,92.64957764943401,93.33463287353516,3330800.0,0.0,0.0,111.72000122070312,93.33463287353516
2016-02-08,92.31540910982467,92.83338021570643,90.92023658331928,91.91439819335938,5050200.0,0.0,0.0,110.0199966430664,91.91439819335938
2016-02-09,91.37134152438787,93.80244909193442,91.17918906255764,92.86676788330078,3680200.0,0.0,0.0,111.16000366210938,92.86676788330078
2016-02-10,93.00880970039056,95.64042640440364,93.00880970039056,94.186767578125,3023200.0,0.0,0.0,112.73999786376953,94.186767578125
2016-02-11,93.00045795011056,93.30957064297132,91.97287192973154,92.41565704345703,3955000.0,0.0,0.0,110.62000274658203,92.41565704345703
2016-02-12,92.90019608627023,93.49335943834775,92.07311876438878,93.41816711425781,2552100.0,0.0,0.0,111.81999969482422,93.41816711425781
2016-02-16,94.09487635563791,96.30042036882833,94.01133427726063,96.2001724243164,3445700.0,0.0,0.0,115.1500015258789,96.2001724243164
2016-02-17,96.49257817291549,98.90698070127331,96.24194555019812,98.83179473876953,4466000.0,0.0,0.0,118.30000305175781,98.83179473876953
2016-02-18,98.99885831905434,100.25200842435882,97.7958321783297,98.12165069580078,3847100.0,0.0,0.0,117.44999694824219,98.12165069580078
2016-02-19,98.16342635666655,99.04063399279849,96.92698209678595,98.31380462646484,4481400.0,0.0,0.0,117.68000030517578,98.31380462646484
2016-02-22,99.500092150242,102.03980982536453,99.38313201296691,101.31298065185547,5054800.0,0.0,0.0,121.2699966430664,101.31298065185547
2016-02-23,100.78668809297314,101.75579392744942,100.47757543048992,101.21276092529297,2804400.0,0.0,0.0,121.1500015258789,101.21276092529297
2016-02-24,100.19352606166733,100.51934457172605,98.43911722892398,100.4190902709961,2559700.0,0.0,0.0,120.19999694824219,100.4190902709961
2016-02-25,100.41908327523328,101.27958495538675,100.10162090581433,101.2545166015625,2281700.0,0.0,0.0,121.19999694824219,101.2545166015625
2016-02-26,101.48844493786736,102.14008192318818,100.99553595291279,101.36312866210938,2877500.0,0.0,0.0,121.33000183105469,101.36312866210938
2016-02-29,101.17097344605398,101.77248645430103,99.39150277486509,99.50010681152344,4526300.0,0.0,0.0,119.0999984741211,99.50010681152344
2016-03-01,99.82594859697933,102.10668488998303,99.72570065477161,101.6471939086914,3295600.0,0.0,0.0,121.66999816894531,101.6471939086914
2016-03-02,101.27956893307639,101.78917731757535,100.56109587618681,101.31298065185547,2670900.0,0.0,0.0,121.2699966430664,101.31298065185547
2016-03-03,100.97050647304224,101.80594008187174,100.32721902488606,101.77252197265625,3064100.0,0.0,0.0,121.81999969482422,101.77252197265625
2016-03-04,101.35477987379356,102.08160922667213,100.87022697187452,101.75579071044922,2873900.0,0.0,0.0,121.80000305175781,101.75579071044922
2016-03-07,101.15428657445088,102.54110282706364,101.00390829415778,101.72238159179688,2315400.0,0.0,0.0,121.76000213623047,101.72238159179688
2016-03-08,101.3213709216219,102.19022250128535,100.86188633425913,101.63883972167969,2522000.0,0.0,0.0,121.66000366210938,101.63883972167969
2016-03-09,102.24281953874372,102.44415559780892,101.04321938747003,101.58849334716797,2094000.0,0.5,0.0,121.0999984741211,101.58849334716797
2016-03-10,101.67238741705422,102.9810462936175,101.00967697590737,102.41899108886719,2638200.0,0.0,0.0,122.08999633789062,102.41899108886719
2016-03-11,102.73778310655936,105.12859328186603,102.55322821580661,104.94403839111328,3766200.0,0.0,0.0,125.0999984741211,104.94403839111328
2016-03-14,104.69234925748793,105.71577868080458,104.32323957685158,105.044677734375,2856400.0,0.0,0.0,125.22000122070312,105.044677734375
2016-03-15,104.47425523683644,105.2544149328298,104.08837069045279,104.73430633544922,2610300.0,0.0,0.0,124.8499984741211,104.73430633544922
2016-03-16,104.34843678154262,105.32154209061821,104.10516045427372,104.7762680053711,2140900.0,0.0,0.0,124.9000015258789,104.7762680053711
2016-03-17,104.53297048100467,104.82657757501393,102.52804523885693,104.46585845947266,3911400.0,0.0,0.0,124.52999877929688,104.46585845947266
2016-03-18,104.74268974832877,106.60500672705975,104.46585746226776,106.30300903320312,6948400.0,0.0,0.0,126.72000122070312,106.30300903320312
2016-03-21,105.90031513544334,106.5378663639951,105.43054391448567,106.31975555419922,2667000.0,0.0,0.0,126.73999786376953,106.31975555419922
2016-03-22,106.2442853547639,108.06466208182775,105.7157862016806,107.3935546875,3984000.0,0.0,0.0,128.02000427246094,107.3935546875
2016-03-23,107.50260016922975,109.34814869770605,107.39355433822621,108.87836456298828,6166400.0,0.0,0.0,129.7899932861328,108.87836456298828
2016-03-24,108.19050593166168,109.32300063560636,106.68051725983904,107.8717269897461,4153900.0,0.0,0.0,128.58999633789062,107.8717269897461
2016-03-28,108.06466388602509,108.63509686052659,107.38515947772663,108.14854431152344,1955100.0,0.0,0.0,128.9199981689453,108.14854431152344
2016-03-29,108.44216253464215,109.13003837511187,107.82977012019914,108.91193389892578,2463100.0,0.0,0.0,129.8300018310547,108.91193389892578
2016-03-30,109.13003133433212,109.9773093762528,108.54281716686306,108.78608703613281,2578500.0,0.0,0.0,129.67999267578125,108.78608703613281
2016-03-31,108.75254388704109,109.02937618250192,107.62004929654759,108.13176727294922,3181800.0,0.0,0.0,128.89999389648438,108.13176727294922
2016-04-01,107.95559907166934,109.42364083708495,107.67876680272539,108.98741912841797,3901700.0,0.0,0.0,129.9199981689453,108.98741912841797
2016-04-04,109.47397421501611,109.6417478606479,108.11499104499744,108.626708984375,2812400.0,0.0,0.0,129.49000549316406,108.626708984375
2016-04-05,108.17370101189908,108.60153850864607,106.45399882389907,106.57144165039062,4440000.0,0.0,0.0,127.04000091552734,106.57144165039062
2016-04-06,106.73084597650035,107.72911014094701,106.43723246915522,107.40194702148438,3021400.0,0.0,0.0,128.02999877929688,107.40194702148438
2016-04-07,106.96570865900908,107.74586817614203,105.89194209782686,106.42882537841797,3186600.0,0.0,0.0,126.87000274658203,106.42882537841797
2016-04-08,106.6972924310728,107.50261114361066,105.07825160238608,105.43058013916016,3642300.0,0.0,0.0,125.68000030517578,105.43058013916016
2016-04-11,105.55639720973008,106.48755562683499,105.55639720973008,105.97583770751953,3119200.0,0.0,0.0,126.33000183105469,105.97583770751953
2016-04-12,105.95068427171775,106.839896179443,105.19569001036858,106.37012481689453,2887200.0,0.0,0.0,126.80000305175781,106.37012481689453
2016-04-13,107.08317575125083,107.93044747056359,106.7643968310305,107.17545318603516,2592400.0,0.0,0.0,127.76000213623047,107.17545318603516
2016-04-14,107.1418821293509,107.85493609804548,107.00765809754586,107.35999298095703,1674600.0,0.0,0.0,127.9800033569336,107.35999298095703
2016-04-15,107.28449913261231,107.42710737794658,105.8835692869423,106.81472778320312,2835200.0,0.0,0.0,127.33000183105469,106.81472778320312
2016-04-18,106.43722471034097,107.4019391923466,106.20233904171096,107.2173843383789,2717400.0,0.0,0.0,127.80999755859375,107.2173843383789
2016-04-19,109.13005465174886,110.14510655835613,108.31633884571065,109.4739990234375,4340100.0,0.0,0.0,130.5,109.4739990234375
2016-04-20,110.1367180596944,113.341250706265,109.80955487119799,112.35136413574219,7321000.0,0.0,0.0,133.92999267578125,112.35136413574219
2016-04-21,112.04093378757554,112.41004344095316,111.09299425052,111.53761291503906,3786000.0,0.0,0.0,132.9600067138672,111.53761291503906
2016-04-22,112.17517496033483,112.68689291252929,111.61312619322109,112.51911926269531,2782800.0,0.0,0.0,134.1300048828125,112.51911926269531
2016-04-25,112.16677174801922,112.46876938666165,111.22721642762787,112.2254867553711,2702100.0,0.0,0.0,133.77999877929688,112.2254867553711
2016-04-26,112.38490293595417,112.92178633245588,111.57118723808769,112.61140441894531,2638000.0,0.0,0.0,134.24000549316406,112.61140441894531
2016-04-27,112.69528311811291,112.8966191888241,110.64841120029966,111.40341186523438,3358800.0,0.0,0.0,132.8000030517578,111.40341186523438
2016-04-28,111.39500581686563,112.73722057866694,110.47224436839728,110.79102325439453,3332800.0,0.0,0.0,132.07000732421875,110.79102325439453
2016-04-29,109.94373458023102,110.63162309913204,108.15691407166328,110.46383666992188,4161100.0,0.0,0.0,131.67999267578125,110.46383666992188
2016-05-02,111.24400969858839,111.51244496188897,109.82629876338642,110.8161849975586,2887700.0,0.0,0.0,132.10000610351562,110.8161849975586
2016-05-03,110.20381959888866,111.76413914928642,110.00249630226399,111.11820983886719,3632300.0,0.0,0.0,132.4600067138672,111.11820983886719
2016-05-04,109.91021145634164,111.07625573857769,109.54948590699543,110.75747680664062,2909300.0,0.0,0.0,132.02999877929688,110.75747680664062
2016-05-05,110.77422041304081,111.80604028945615,110.60644680066284,110.99232482910156,2054700.0,0.0,0.0,132.30999755859375,110.99232482910156
2016-05-06,110.80782339339696,110.96721288204378,109.55789849881089,110.76587677001953,2618600.0,0.0,0.0,132.0399932861328,110.76587677001953
2016-05-09,110.52258062447748,112.06611871634284,110.3715881765014,111.29434967041016,2191800.0,0.0,0.0,132.6699981689453,111.29434967041016
2016-05-10,111.50406656634406,112.07451233106336,111.21885008413886,112.04934692382812,2223500.0,0.0,0.0,133.57000732421875,112.04934692382812
2016-05-11,112.19192024051644,112.41002463543066,109.54105390092117,109.63333129882812,3450800.0,0.0,0.0,130.69000244140625,109.63333129882812
2016-05-12,109.89343434586971,110.13670425541459,108.00595169489104,108.8364486694336,3210400.0,0.0,0.0,129.74000549316406,108.8364486694336
2016-05-13,108.29954568863045,109.07969889946844,107.83815856379196,108.21565246582031,3137300.0,0.0,0.0,129.0,108.21565246582031
2016-05-16,108.00593831625149,109.77597789503893,107.82138345588052,109.59142303466797,2466000.0,0.0,0.0,130.63999938964844,109.59142303466797
2016-05-17,109.53271053077968,110.07797812147233,108.20727686691166,108.68543243408203,2294500.0,0.0,0.0,129.55999755859375,108.68543243408203
2016-05-18,108.30794004167782,110.1199263016081,108.15693478652872,109.48236846923828,2246400.0,0.0,0.0,130.50999450683594,109.48236846923828
2016-05-19,108.7944990608483,109.9940929685791,108.01433293038728,109.05455017089844,2756000.0,0.0,0.0,130.0,109.05455017089844
2016-05-20,109.58304277772301,110.55613513071455,109.2223172466243,109.84309387207031,2538100.0,0.0,0.0,130.94000244140625,109.84309387207031
2016-05-23,109.16359048954544,110.06118651870733,109.06291606361731,109.4068603515625,3036500.0,0.0,0.0,130.4199981689453,109.4068603515625
2016-05-24,109.6920800493423,111.56279398249735,109.31458614186158,111.22723388671875,2702400.0,0.0,0.0,132.58999633789062,111.22723388671875
2016-05-25,111.74736507360691,112.66174246689684,111.38663951826487,111.92352294921875,2211300.0,0.0,0.0,133.4199981689453,111.92352294921875
2016-05-26,111.99062696895241,112.37651790749858,111.28596991627829,111.55440521240234,1499300.0,0.0,0.0,132.97999572753906,111.55440521240234
2016-05-27,111.55440241175202,112.85467064555094,111.53763400637823,112.41006469726562,1833400.0,0.0,0.0,134.0,112.41006469726562
2016-05-31,112.9133981750973,113.0392252166247,111.97384266389159,112.13323211669922,3634100.0,0.0,0.0,133.6699981689453,112.13323211669922
2016-06-01,112.05775594541123,113.12313868880308,111.58798450589373,112.85469055175781,2618000.0,0.0,0.0,134.52999877929688,112.85469055175781
2016-06-02,112.6281310973125,114.21361529022543,112.41841089824834,114.121337890625,4015000.0,0.0,0.0,136.0399932861328,114.121337890625
2016-06-03,113.76067547704902,115.02738143008459,113.37478450840379,114.79249572753906,3625600.0,0.0,0.0,136.83999633789062,114.79249572753906
2016-06-06,114.85960585303856,116.0927621711179,114.51566150847263,115.89142608642578,2959900.0,0.0,0.0,138.14999389648438,115.89142608642578
2016-06-07,115.89979380359084,116.18501025126749,114.8260272238492,114.87635803222656,2943200.0,0.0,0.0,136.94000244140625,114.87635803222656
2016-06-08,115.15323341178262,118.18997945756558,114.92673188893602,117.77892303466797,6180800.0,0.0,0.0,140.39999389648438,117.77892303466797
2016-06-09,117.85444775556269,118.17321397053237,117.05750021735395,118.01382446289062,3682400.0,0.0,0.0,140.67999267578125,118.01382446289062
2016-06-10,117.65307432423917,117.77051716627594,116.30247524066154,116.8058090209961,2805800.0,0.0,0.0,139.24000549316406,116.8058090209961
2016-06-13,116.60447220986477,117.5524119433534,115.83270313846972,115.8410873413086,2804300.0,0.0,0.0,138.08999633789062,115.8410873413086
2016-06-14,115.66489114099025,115.98365714723411,115.21188833165122,115.656494140625,2970700.0,0.0,0.0,137.8699951171875,115.656494140625
2016-06-15,116.07366475873216,116.43602009274456,115.49219888917787,115.66915893554688,2369400.0,0.625,0.0,137.25999450683594,115.66915893554688
2016-06-16,115.62709190757779,117.0428244199426,114.92764803827639,116.84900665283203,3176100.0,0.0,0.0,138.66000366210938,116.84900665283203
2016-06-17,116.93321590068504,117.00906878252984,115.07085341736433,116.03153228759766,4430900.0,0.0,0.0,137.69000244140625,116.03153228759766
2016-06-20,117.32086055056531,117.84333117294574,116.41074172349637,116.73097229003906,3731700.0,0.0,0.0,138.52000427246094,116.73097229003906
2016-06-21,117.30401212724479,117.32929213620737,116.35176845291919,116.45288848876953,2021400.0,0.0,0.0,138.19000244140625,116.45288848876953
2016-06-22,116.6719766886083,117.59051789574596,115.98096840221288,116.20848846435547,2375200.0,0.0,0.0,137.89999389648438,116.20848846435547
2016-06-23,117.43042091446553,117.96131394267151,116.30119149978242,117.29558563232422,2646800.0,0.0,0.0,139.19000244140625,117.29558563232422
2016-06-24,114.32084852904957,116.81523689443763,113.8910626850983,115.69444274902344,4475100.0,0.0,0.0,137.2899932861328,115.69444274902344
2016-06-27,114.73377909354366,115.77873335505934,114.16917075454296,115.54277801513672,3996200.0,0.0,0.0,137.11000061035156,115.54277801513672
2016-06-28,116.46972458465405,117.2112928081442,115.99780116785337,116.89107513427734,4160200.0,0.0,0.0,138.7100067138672,116.89107513427734
2016-06-29,117.80963591449697,118.55120426179059,117.64109823823024,118.4163818359375,3704500.0,0.0,0.0,140.52000427246094,118.4163818359375
2016-06-30,118.55120976427217,119.08211568482443,118.18043200271616,118.98941802978516,4730800.0,0.0,0.0,141.1999969482422,118.98941802978516
2016-07-01,118.95568612269032,119.48657905292336,118.50062034409301,118.70287322998047,2882500.0,0.0,0.0,140.86000061035156,118.70287322998047
2016-07-05,118.1045813618009,119.58774387064375,118.0034613211439,119.29279327392578,3749300.0,0.0,0.0,141.55999755859375,119.29279327392578
2016-07-06,118.80402849105938,120.47258636282265,118.79560610695614,119.98381805419922,4083300.0,0.0,0.0,142.3800048828125,119.98381805419922
2016-07-07,119.97537808376815,120.21976865775031,117.93604251279861,118.65234375,3515500.0,0.0,0.0,140.8000030517578,118.65234375
2016-07-08,119.41077917683715,119.47819682812548,117.59897641089624,119.04842376708984,3605500.0,0.0,0.0,141.27000427246094,119.04842376708984
2016-07-11,119.04839678432273,119.32648971088047,117.9865850904479,118.24783325195312,4084000.0,0.0,0.0,140.32000732421875,118.24783325195312
2016-07-12,118.72816487430185,118.77872488608149,117.4472555219547,117.86018371582031,4310100.0,0.0,0.0,139.86000061035156,117.86018371582031
2016-07-13,118.78716931002731,119.3180623333537,117.9107528427645,119.2253646850586,3164700.0,0.0,0.0,141.47999572753906,119.2253646850586
2016-07-14,119.9922168881949,120.37986507709145,118.37423221440768,118.68602752685547,3000700.0,0.0,0.0,140.83999633789062,118.68602752685547
2016-07-15,119.36859563112844,120.32085190878293,118.87140511001216,119.09893798828125,3748700.0,0.0,0.0,141.3300018310547,119.09893798828125
2016-07-18,119.46132259392785,119.5793002526314,117.65794246311616,118.61019897460938,4166300.0,0.0,0.0,140.75,118.61019897460938
2016-07-19,118.61023706234649,120.19452000962008,117.40518007995335,120.16080474853516,5326200.0,0.0,0.0,142.58999633789062,120.16080474853516
2016-07-20,120.9023529556516,121.75347661432434,120.34616702807487,120.52313995361328,5489800.0,0.0,0.0,143.02000427246094,120.52313995361328
2016-07-21,120.26187559911037,121.12142143404688,119.77310743449661,120.39669799804688,3475100.0,0.0,0.0,142.8699951171875,120.39669799804688
2016-07-22,121.08769226074219,121.39106509378048,120.43880897868345,121.08769226074219,2697500.0,0.0,0.0,143.69000244140625,121.08769226074219
2016-07-25,120.96977293732722,121.25628829030371,119.16639268829685,119.43605041503906,2725600.0,0.0,0.0,141.72999572753906,119.43605041503906
2016-07-26,119.61301953412801,119.82369485024178,118.83773591386145,119.4107666015625,2668100.0,0.0,0.0,141.6999969482422,119.4107666015625
2016-07-27,118.9641174320186,119.95007621484073,117.9023186332714,119.39389038085938,2684100.0,0.0,0.0,141.67999267578125,119.39389038085938
2016-07-28,119.12424715649644,120.53155667665338,118.98098948950326,120.30402374267578,2517000.0,0.0,0.0,142.75999450683594,120.30402374267578
2016-07-29,119.53715826837448,121.26468526669915,119.32648298969113,120.67479705810547,3269700.0,0.0,0.0,143.1999969482422,120.67479705810547
2016-08-01,120.86025613710609,121.48385992031992,120.54002542969826,120.93609619140625,2494900.0,0.0,0.0,143.50999450683594,120.93609619140625
2016-08-02,121.18888740768556,121.32372271900869,119.9501153094358,120.6495590209961,2679100.0,0.0,0.0,143.1699981689453,120.6495590209961
2016-08-03,120.78437198824952,121.02874969353725,120.02593314631389,120.40515899658203,1963600.0,0.0,0.0,142.8800048828125,120.40515899658203
2016-08-04,120.59060073230413,120.91081858750032,119.88272163555253,120.26194763183594,1890900.0,0.0,0.0,142.7100067138672,120.26194763183594
2016-08-05,120.78436383099869,120.96132388114543,120.00064503312089,120.49784851074219,2000100.0,0.0,0.0,142.99000549316406,120.49784851074219
2016-08-08,120.17759470163975,120.56524283418699,119.54556892756729,119.77310180664062,1846400.0,0.0,0.0,142.1300048828125,119.77310180664062
2016-08-09,120.12708552758303,120.61585387604785,119.39392657558446,119.51191711425781,2140700.0,0.0,0.0,141.82000732421875,119.51191711425781
2016-08-10,119.55401413848968,119.95008472789539,118.76187295967827,119.82368469238281,1866300.0,0.0,0.0,142.19000244140625,119.82368469238281
2016-08-11,119.86582032115993,120.5568286014169,119.19165680629007,120.19447326660156,1857500.0,0.0,0.0,142.6300048828125,120.19447326660156
2016-08-12,119.79841306647378,120.62425669299864,119.24222715410778,120.40515899658203,1787900.0,0.0,0.0,142.8800048828125,120.40515899658203
2016-08-15,120.47255197287487,120.59895199134994,119.23378035742721,119.34332275390625,2369600.0,0.0,0.0,141.6199951171875,119.34332275390625
2016-08-16,118.9472804377504,119.3433510677361,118.25627207515049,118.88829803466797,1688500.0,0.0,0.0,141.0800018310547,118.88829803466797
2016-08-17,119.06524364320953,119.58772711680888,118.53435064553531,119.419189453125,1849100.0,0.0,0.0,141.7100067138672,119.419189453125
2016-08-18,119.38548074826133,120.37143963637784,119.04840540241987,119.80683135986328,1572700.0,0.0,0.0,142.1699981689453,119.80683135986328
2016-08-19,119.36863551635702,119.87426144621399,119.00628012488735,119.6972885131836,1950200.0,0.0,0.0,142.0399932861328,119.6972885131836
2016-08-22,119.75630617713877,120.5063099695984,119.4192307332528,119.73944854736328,1587900.0,0.0,0.0,142.08999633789062,119.73944854736328
2016-08-23,120.2787506528141,120.39672831821818,119.45290699498548,119.67200469970703,2295500.0,0.0,0.0,142.00999450683594,119.67200469970703
2016-08-24,119.66356414429904,119.7309817798066,117.56523363689837,117.86860656738281,2529800.0,0.0,0.0,139.8699951171875,117.86860656738281
2016-08-25,117.76750405613723,117.76750405613723,115.47535554242091,115.70288848876953,3891000.0,0.0,0.0,137.3000030517578,115.70288848876953
2016-08-26,116.01467589249953,116.5455817780396,114.59894400919295,115.12983703613281,3082400.0,0.0,0.0,136.6199951171875,115.12983703613281
2016-08-29,115.61859416440899,116.32646003795419,115.01184831319911,115.6775894165039,2315900.0,0.0,0.0,137.27000427246094,115.6775894165039
2016-08-30,115.67760334943578,116.03153632883827,114.80962209691526,115.34051513671875,2026600.0,0.0,0.0,136.8699951171875,115.34051513671875
2016-08-31,115.07090217741516,115.29843520216406,114.22820060578796,114.64955139160156,2837300.0,0.0,0.0,136.0500030517578,114.64955139160156
2016-09-01,115.29837099184049,115.43319339567726,114.05959934273909,114.38825225830078,2765400.0,0.0,0.0,135.74000549316406,114.38825225830078
2016-09-02,115.02870891277024,115.2646642100572,114.40510542216936,115.12140655517578,2390500.0,0.0,0.0,136.61000061035156,115.12140655517578
2016-09-06,115.12984296518214,115.32367351475513,114.29557694048428,114.58209228515625,2242400.0,0.0,0.0,135.97000122070312,114.58209228515625
2016-09-07,114.2900164524532,115.10275114224837,113.61273969728718,114.28155517578125,2816300.0,0.625,0.0,134.99000549316406,114.28155517578125
2016-09-08,113.84132538116573,114.81490185300022,113.79053188426722,114.66252136230469,2826700.0,0.0,0.0,135.44000244140625,114.66252136230469
2016-09-09,114.04452296909871,114.41701295390493,113.1217269897461,113.1217269897461,3322300.0,0.0,0.0,133.6199951171875,113.1217269897461
2016-09-12,112.35131631009854,114.89955553713979,112.08040046136102,114.73870086669922,3457400.0,0.0,0.0,135.52999877929688,114.73870086669922
2016-09-13,113.64660400683513,114.41699351436701,112.91005960401566,113.40108489990234,3331500.0,0.0,0.0,133.9499969482422,113.40108489990234
2016-09-14,113.33335734865362,114.02756954327455,112.57989038408988,113.18097686767578,4592400.0,0.0,0.0,133.69000244140625,113.18097686767578
2016-09-15,112.62225388893015,115.21282612906974,112.49527011950472,114.80646514892578,3302900.0,0.0,0.0,135.61000061035156,114.80646514892578
2016-09-16,114.80641360762937,117.29539771482183,114.73868465501455,117.22766876220703,7421900.0,0.0,0.0,138.47000122070312,117.22766876220703
2016-09-19,117.40547641733808,118.00656295399496,116.4234386446018,116.55888366699219,3239500.0,0.0,0.0,137.67999267578125,116.55888366699219
2016-09-20,116.93983481913621,117.27846667702421,116.03397457642093,116.3810806274414,2425700.0,0.0,0.0,137.47000122070312,116.3810806274414
2016-09-21,116.99915102314195,118.48916298347277,116.82137372568327,118.44683074951172,3506600.0,0.0,0.0,139.91000366210938,118.44683074951172
2016-09-22,118.93779628035931,119.71665990423215,118.80233836716987,119.40341186523438,3018300.0,0.0,0.0,141.0399932861328,119.40341186523438
2016-09-23,119.38650534376104,120.02991114083005,118.82775106531778,118.9547348022461,2802000.0,0.0,0.0,140.50999450683594,118.9547348022461
2016-09-26,118.48063187055762,118.66688327612813,117.59170705633066,118.28591918945312,2636500.0,0.0,0.0,139.72000122070312,118.28591918945312
2016-09-27,118.5144783371059,119.23407414824403,117.41390559998113,119.19174194335938,3048600.0,0.0,0.0,140.7899932861328,119.19174194335938
2016-09-28,119.47958844939943,119.97061358705072,118.23509659938098,118.87004089355469,1990400.0,0.0,0.0,140.41000366210938,118.87004089355469
2016-09-29,118.67535802240944,118.76002245927093,116.6943342124526,117.1007080078125,2201000.0,0.0,0.0,138.32000732421875,117.1007080078125
2016-09-30,117.82876751152799,118.92934062124696,117.18536170057487,118.52297973632812,4164100.0,0.0,0.0,140.0,118.52297973632812
2016-10-03,117.97266844553717,118.28590353254536,116.85516016003297,117.24459838867188,2724400.0,0.0,0.0,138.49000549316406,117.24459838867188
2016-10-04,117.41395651349514,117.98117213457714,116.11867057380414,116.96526336669922,2452600.0,0.0,0.0,138.16000366210938,116.96526336669922
2016-10-05,117.00758724468561,117.61712212755424,115.6445724286187,116.49116516113281,4625600.0,0.0,0.0,137.60000610351562,116.49116516113281
2016-10-06,116.24564252499121,116.39803592959231,114.84876972570875,115.53450775146484,4025300.0,0.0,0.0,136.47000122070312,115.53450775146484
2016-10-07,116.16099449216026,116.44883292085028,115.11967613040174,115.69536590576172,2568700.0,0.0,0.0,136.66000366210938,115.69536590576172
2016-10-10,115.95781869179567,117.12612090811176,115.95781869179567,116.89753723144531,2586000.0,0.0,0.0,138.0800018310547,116.89753723144531
2016-10-11,116.25416528338874,116.56740058205871,113.75670542020579,114.07841491699219,3353600.0,0.0,0.0,134.75,114.07841491699219
2016-10-12,114.2730796566456,114.89956290855936,113.13864853272946,114.37467956542969,4287900.0,0.0,0.0,135.10000610351562,114.37467956542969
2016-10-13,113.99368866843554,113.99368866843554,113.11323804644867,113.60426330566406,3425700.0,0.0,0.0,134.19000244140625,113.60426330566406
2016-10-14,114.10377987965282,114.72178902464918,113.35031278238891,113.3757095336914,3452900.0,0.0,0.0,133.9199981689453,113.3757095336914
2016-10-17,113.49422199193134,113.80745717566059,112.62223249291732,113.5534896850586,3602500.0,0.0,0.0,134.1300048828125,113.5534896850586
2016-10-18,117.84573315469247,121.86704956817574,116.71976300875919,121.39295959472656,10141900.0,0.0,0.0,143.38999938964844,121.39295959472656
2016-10-19,121.75697952137115,123.90731949338152,120.91038674344917,122.22259521484375,5796000.0,0.0,0.0,144.3699951171875,122.22259521484375
2016-10-20,122.3242287152674,123.50099248292801,121.89245801248143,122.81525421142578,5203700.0,0.0,0.0,145.07000732421875,122.81525421142578
2016-10-21,122.12941188687873,123.12839761097769,121.70611569757695,123.06912994384766,3331800.0,0.0,0.0,145.3699951171875,123.06912994384766
2016-10-24,123.60256491919138,123.78881639291919,121.92631457362378,122.4935302734375,2930200.0,0.0,0.0,144.69000244140625,122.4935302734375
2016-10-25,122.65433283935782,123.07762911457043,121.57069540825171,121.72307586669922,3095400.0,0.0,0.0,143.77999877929688,121.72307586669922
2016-10-26,121.69769790536289,121.72309465235699,120.12303500183347,120.41087341308594,3267600.0,0.0,0.0,142.22999572753906,120.41087341308594
2016-10-27,120.82570071243823,121.27439377113751,119.86058563474832,120.16535949707031,3358000.0,0.0,0.0,141.94000244140625,120.16535949707031
2016-10-28,119.92835532946881,120.51250650716149,118.04891802645008,118.81932067871094,4033600.0,0.0,0.0,140.35000610351562,118.81932067871094
2016-10-31,119.20020996406367,119.82668005921299,118.49753673687698,119.6489028930664,3761100.0,0.0,0.0,141.3300018310547,119.6489028930664
2016-11-01,119.80132725321333,119.80132725321333,117.52400376171886,118.04041290283203,3391400.0,0.0,0.0,139.42999267578125,118.04041290283203
2016-11-02,117.69331765748103,119.56428024091662,117.6171144988326,117.6594467163086,3149700.0,0.0,0.0,138.97999572753906,117.6594467163086
2016-11-03,117.82871341948713,118.81076361535573,116.53342819758105,116.68582153320312,2989700.0,0.0,0.0,137.8300018310547,116.68582153320312
2016-11-04,117.21074455741758,117.58324737360464,116.56733882271693,116.58427429199219,3520700.0,0.0,0.0,137.7100067138672,116.58427429199219
2016-11-07,118.18437134202617,120.58869202349071,118.1420391143843,120.15692138671875,3896600.0,0.0,0.0,141.92999267578125,120.15692138671875
2016-11-08,119.66583478406272,121.5791288596913,119.36952229203466,120.97804260253906,4389300.0,0.0,0.0,142.89999389648438,120.97804260253906
2016-11-09,118.13351092408406,122.070173771811,115.32283056146514,120.1314697265625,8042400.0,0.0,0.0,141.89999389648438,120.1314697265625
2016-11-10,120.50401443439567,124.08511123127992,120.21617598657419,123.71260833740234,6075500.0,0.0,0.0,146.1300048828125,123.71260833740234
2016-11-11,124.20361083340276,124.87241332935798,123.61098565610105,123.95809173583984,4475400.0,0.0,0.0,146.4199981689453,123.95809173583984
2016-11-14,124.72006560850447,129.4609778460679,124.4830077245436,128.91915893554688,5740400.0,0.0,0.0,152.27999877929688,128.91915893554688
2016-11-15,129.96045352517794,130.34143061208053,128.26726795843112,128.87681579589844,4910700.0,0.0,0.0,152.22999572753906,128.87681579589844
2016-11-16,128.67360881169975,129.52866265325264,128.03019019375978,128.25877380371094,3899000.0,0.0,0.0,151.5,128.25877380371094
2016-11-17,128.5297024548942,128.61435396919344,127.14975230023171,127.64077758789062,4683000.0,0.0,0.0,150.77000427246094,127.64077758789062
2016-11-18,127.87782306794617,128.39424510399968,126.48093743699224,126.52326965332031,5664800.0,0.0,0.0,149.4499969482422,126.52326965332031
2016-11-21,126.75183237416431,127.54763140510872,125.76978195648924,127.33598327636719,3867800.0,0.0,0.0,150.41000366210938,127.33598327636719
2016-11-22,127.90326346568825,129.4694526605148,127.46303151799323,128.90223693847656,4992100.0,0.0,0.0,152.25999450683594,128.90223693847656
2016-11-23,128.69050870236129,130.1551228852217,127.8015969985829,129.9857940673828,2697200.0,0.0,0.0,153.5399932861328,129.9857940673828
2016-11-25,130.31596194713617,130.79852581582247,129.1984666963479,129.36778259277344,1664500.0,0.0,0.0,152.80999755859375,129.36778259277344
2016-11-28,129.3085650186895,129.40169072619366,126.98889652502672,128.77520751953125,5029600.0,0.0,0.0,152.11000061035156,128.77520751953125
2016-11-29,132.8642858468585,133.8632592235203,131.3742741420316,133.41456604003906,5827400.0,0.0,0.0,157.58999633789062,133.41456604003906
2016-11-30,133.84376418225915,135.79017504777087,133.50378394259204,134.5662384033203,7142400.0,0.625,0.0,158.32000732421875,134.5662384033203
2016-12-01,135.2462268739551,137.45613779741112,135.2462268739551,136.7931671142578,5250200.0,0.0,0.0,160.94000244140625,136.7931671142578
2016-12-02,136.84416364356312,138.13611217399514,136.4701775187472,136.6146697998047,3480000.0,0.0,0.0,160.72999572753906,136.6146697998047
2016-12-05,136.15571811333982,136.5636971505979,132.78985539005623,133.9798126220703,5854200.0,0.0,0.0,157.6300048828125,133.9798126220703
2016-12-06,134.43877002779433,134.48976577967767,132.81533608927776,133.71630859375,3216700.0,0.0,0.0,157.32000732421875,133.71630859375
2016-12-07,134.2007061919703,135.9771263931724,132.89176840408743,135.48414611816406,4552300.0,0.0,0.0,159.39999389648438,135.48414611816406
2016-12-08,135.49272287196746,136.19819433232004,134.29427088620884,135.41622924804688,3407500.0,0.0,0.0,159.32000732421875,135.41622924804688
2016-12-09,135.58616013180162,136.1301361686936,134.0477285104076,136.09613037109375,4007200.0,0.0,0.0,160.1199951171875,136.09613037109375
2016-12-12,134.9997659602144,135.7052375439654,134.0818034043487,135.5607452392578,3471200.0,0.0,0.0,159.49000549316406,135.5607452392578
2016-12-13,136.3341458826164,137.4476090082349,136.053669329035,136.45314025878906,3868900.0,0.0,0.0,160.5399932861328,136.45314025878906
2016-12-14,136.96315086881768,137.52413002662985,134.90624025958994,135.8751983642578,3885700.0,0.0,0.0,159.86000061035156,135.8751983642578
2016-12-15,135.88363042182422,137.0905767674921,135.5096444897616,136.52110290527344,4422700.0,0.0,0.0,160.6199951171875,136.52110290527344
2016-12-16,137.16714314499103,139.3940438415141,137.00564797031188,139.34304809570312,7605300.0,0.0,0.0,163.94000244140625,139.34304809570312
2016-12-19,138.62054662883196,139.34302080476525,137.0311190050755,137.3031005859375,4732600.0,0.0,0.0,161.5399932861328,137.3031005859375
2016-12-20,137.4476312910354,138.6375752456737,137.19263959520822,137.3456268310547,3131200.0,0.0,0.0,161.58999633789062,137.3456268310547
2016-12-21,137.20112740299385,137.94059160982835,135.67119027728825,137.1246337890625,2767700.0,0.0,0.0,161.3300018310547,137.1246337890625
2016-12-22,137.1756020357627,137.59208879937762,136.22364711254355,137.33709716796875,2741700.0,0.0,0.0,161.5800018310547,137.33709716796875
2016-12-23,137.32011728844023,138.57805978635557,136.46165872050733,138.56956481933594,2044400.0,0.0,0.0,163.02999877929688,138.56956481933594
2016-12-27,138.76507149783015,139.36005647410354,138.07660296350943,138.23809814453125,1344000.0,0.0,0.0,162.63999938964844,138.23809814453125
2016-12-28,137.83009921354005,138.75655641630937,137.11613290880487,137.21812438964844,1669100.0,0.0,0.0,161.44000244140625,137.21812438964844
2016-12-29,137.62614617251768,138.000132344714,136.325702508829,136.878173828125,2476300.0,0.0,0.0,161.0399932861328,136.878173828125
2016-12-30,137.15863624528717,137.25213276978675,135.86670077691429,136.02818298339844,2855600.0,0.0,0.0,160.0399932861328,136.02818298339844
2017-01-03,136.95461146439388,137.92356925467323,135.27167453700397,137.22659301757812,3539700.0,0.0,0.0,161.4499969482422,137.22659301757812
2017-01-04,137.99161611947187,138.18710414503715,135.7732102755843,137.6176300048828,2695200.0,0.0,0.0,161.91000366210938,137.6176300048828
2017-01-05,137.48159833047126,138.2295703726826,137.27760241820982,137.84707641601562,2961100.0,0.0,0.0,162.17999267578125,137.84707641601562
2017-01-06,137.4816082083095,138.49306693731316,136.93763203927577,138.04258728027344,3081300.0,0.0,0.0,162.41000366210938,138.04258728027344
2017-01-09,137.69403578725507,138.05951373100373,136.65707966537857,137.6515350341797,3040800.0,0.0,0.0,161.9499969482422,137.6515350341797
2017-01-10,137.0736105709644,138.52704082199267,136.41913507654468,137.33709716796875,3500700.0,0.0,0.0,161.5800018310547,137.33709716796875
2017-01-11,137.09912580495276,138.4930655345714,136.51264886924108,137.60060119628906,3330600.0,0.0,0.0,161.88999938964844,137.60060119628906
2017-01-12,137.4306174931936,138.49307200041488,136.75064401468893,138.00009155273438,2555900.0,0.0,0.0,162.36000061035156,138.00009155273438
2017-01-13,137.8300809994396,138.32306137406184,137.19260838957842,137.5240936279297,3183300.0,0.0,0.0,161.8000030517578,137.5240936279297
2017-01-17,138.21255612654758,138.51854348511745,133.8777373750432,136.5551300048828,5475800.0,0.0,0.0,160.66000366210938,136.5551300048828
2017-01-18,136.8951141587687,137.01410852557981,132.67079468285505,134.0732421875,6591600.0,0.0,0.0,157.74000549316406,134.0732421875
2017-01-19,134.07324822897704,136.4616436079317,133.64826647558542,134.8892059326172,4976900.0,0.0,0.0,158.6999969482422,134.8892059326172
2017-01-20,135.1612120167109,135.82418257103618,134.13275037917734,134.855224609375,3579100.0,0.0,0.0,158.66000366210938,134.855224609375
2017-01-23,134.8212260858814,135.58620113024978,133.07030309298668,135.20372009277344,4062600.0,0.0,0.0,159.07000732421875,135.20372009277344
2017-01-24,135.4502105370952,137.107637094415,135.2292246525913,136.3596649169922,3514100.0,0.0,0.0,160.42999267578125,136.3596649169922
2017-01-25,136.69114308928962,137.6770909415398,136.29165918688093,137.04812622070312,3605800.0,0.0,0.0,161.24000549316406,137.04812622070312
2017-01-26,137.5751215896502,139.0370601549553,137.05664322672902,138.3315887451172,4202400.0,0.0,0.0,162.75,138.3315887451172
2017-01-27,138.9690449930643,139.22403666032906,138.221072894265,138.5355682373047,3110400.0,0.0,0.0,162.99000549316406,138.5355682373047
2017-01-30,138.49305828758648,138.93504295026392,137.10761359713618,137.7705841064453,2784600.0,0.0,0.0,162.08999633789062,137.7705841064453
2017-01-31,137.37112187683698,137.85560738588038,136.00267987245488,137.77911376953125,3037000.0,0.0,0.0,162.10000610351562,137.77911376953125
2017-02-01,138.33155447770088,139.30900727856448,137.71957974291928,138.2975616455078,3718500.0,0.0,0.0,162.7100067138672,138.2975616455078
2017-02-02,138.136096304949,138.75656613925003,136.21517015169144,136.64015197753906,4714000.0,0.0,0.0,160.75999450683594,136.64015197753906
2017-02-03,136.95459257860614,137.69405650965018,136.17262788809052,137.58355712890625,2762300.0,0.0,0.0,161.8699951171875,137.58355712890625
2017-02-06,137.277560298748,138.14452644808938,136.18111340911244,136.42759704589844,3479400.0,0.0,0.0,160.50999450683594,136.42759704589844
2017-02-07,136.88665638599616,137.42212469742938,135.60320289944033,136.44467163085938,2942700.0,0.0,0.0,160.52999877929688,136.44467163085938
2017-02-08,135.99418850577513,136.5296697732299,135.49271304832004,136.25767517089844,2339700.0,0.0,0.0,160.30999755859375,136.25767517089844
2017-02-09,136.2576798890886,137.09914862859551,135.62020710839403,136.36817932128906,3056800.0,0.0,0.0,160.44000244140625,136.36817932128906
2017-02-10,136.09617159762428,137.34561916496344,136.07918166308946,136.63165283203125,1905900.0,0.0,0.0,160.75,136.63165283203125
2017-02-13,136.58068291153228,137.7111363037729,136.58068291153228,137.68563842773438,3275800.0,0.0,0.0,161.99000549316406,137.68563842773438
2017-02-14,137.22662588637033,138.96905392704517,137.0566357537372,138.65457153320312,2969400.0,0.0,0.0,163.1300048828125,138.65457153320312
2017-02-15,138.1871178531244,140.15053218006932,138.1871178531244,139.6405487060547,4537900.0,0.0,0.0,164.2899932861328,139.6405487060547
2017-02-16,140.0570207711871,140.21851595312515,137.974612250667,139.0965576171875,3191600.0,0.0,0.0,163.64999389648438,139.0965576171875
2017-02-17,135.1442216991178,136.1301826556203,133.01081758531024,133.9712677001953,12033600.0,0.0,0.0,157.6199951171875,133.9712677001953
2017-02-21,133.97126509361163,136.6911591233776,133.8862765110664,136.47866821289062,5419000.0,0.0,0.0,160.57000732421875,136.47866821289062
2017-02-22,136.76765273849307,137.50711695677464,135.6881952817828,136.47866821289062,2725300.0,0.0,0.0,160.57000732421875,136.47866821289062
2017-02-23,137.12462890218086,138.20408630371094,136.5806527179181,138.20408630371094,2459600.0,0.0,0.0,162.60000610351562,138.20408630371094
2017-02-24,138.26356174902392,138.62054486465743,137.47310191499554,138.5950469970703,2715700.0,0.0,0.0,163.05999755859375,138.5950469970703
2017-02-27,138.68003572280685,140.63495419682752,138.38254333589035,140.56695556640625,4071800.0,0.0,0.0,165.3800048828125,140.56695556640625
2017-02-28,140.64344916210044,141.73989627528854,140.1589637838786,140.56695556640625,4382100.0,0.0,0.0,165.3800048828125,140.56695556640625
2017-03-01,141.705963068119,143.30389913182526,141.39148061833694,142.742919921875,3514200.0,0.0,0.0,167.94000244140625,142.742919921875
2017-03-02,143.06588428560468,143.15936783417322,141.90993323116984,142.20741271972656,1889800.0,0.0,0.0,167.30999755859375,142.20741271972656
2017-03-03,142.20741532127406,143.17637335746647,141.6209383313178,142.96388244628906,2254400.0,0.0,0.0,168.1999969482422,142.96388244628906
2017-03-06,142.30941273409215,143.94135441297377,142.05443400559486,143.3888702392578,2576500.0,0.0,0.0,168.6999969482422,143.3888702392578
2017-03-07,143.17642434086093,143.94989464563002,142.73443945678994,143.04893493652344,2702300.0,0.0,0.0,168.3000030517578,143.04893493652344
2017-03-08,142.90806816612292,143.71855359202706,142.30235202626878,143.24932861328125,2048200.0,0.625,0.0,167.91000366210938,143.24932861328125
2017-03-09,143.45407841044698,144.23897096585273,143.10430433556064,143.3346405029297,3631400.0,0.0,0.0,168.00999450683594,143.3346405029297
2017-03-10,143.68445160039636,145.0324013634345,143.37732364150466,145.0153350830078,3716600.0,0.0,0.0,169.97999572753906,145.0153350830078
2017-03-13,145.02384260293468,145.82577535671726,144.64846262325716,145.21153259277344,3130200.0,0.0,0.0,170.2100067138672,145.21153259277344
2017-03-14,144.74236838101197,145.1859876179941,143.75273220418654,144.23048400878906,2522600.0,0.0,0.0,169.05999755859375,144.23048400878906
2017-03-15,144.4863871758341,146.71306146348977,144.4266617075077,146.55096435546875,2807600.0,0.0,0.0,171.77999877929688,146.55096435546875
2017-03-16,146.79840994850915,146.85812241132513,145.22011075148862,146.14149475097656,3138600.0,0.0,0.0,171.3000030517578,146.14149475097656
2017-03-17,145.96229599584493,146.3462026482645,144.6825984759422,144.7764434814453,5622900.0,0.0,0.0,169.6999969482422,144.7764434814453
2017-03-20,144.97269490500358,145.23717672415384,143.2579045033102,143.32615661621094,3928600.0,0.0,0.0,168.0,143.32615661621094
2017-03-21,143.89774460731687,144.02572219283078,142.52420183645646,143.07020568847656,4953100.0,0.0,0.0,167.6999969482422,143.07020568847656
2017-03-22,143.4370616895732,143.6503446514537,141.30423207076794,142.4986114501953,2999800.0,0.0,0.0,167.02999877929688,142.4986114501953
2017-03-23,141.816121537292,142.4133113035142,140.57055617028004,141.01417541503906,3947400.0,0.0,0.0,165.2899932861328,141.01417541503906
2017-03-24,141.73081266233189,142.8142808480273,140.2122388580052,140.7667694091797,5243900.0,0.0,0.0,165.0,140.7667694091797
2017-03-27,139.90508044451622,140.86058383935034,139.3249440849688,140.4254913330078,4383000.0,0.0,0.0,164.60000610351562,140.4254913330078
2017-03-28,140.40842305130374,141.67959402776114,139.77710087857022,141.06533813476562,7327100.0,0.0,0.0,165.35000610351562,141.06533813476562
2017-03-29,140.47665843023816,140.74112715478736,138.83864724982377,139.4358367919922,5900400.0,0.0,0.0,163.44000244140625,139.4358367919922
2017-03-30,139.6150179483556,141.56015746785422,139.4529338365295,140.7582244873047,2993800.0,0.0,0.0,164.99000549316406,140.7582244873047
2017-03-31,140.45964220535174,140.85208862591404,139.70035529878936,139.9221649169922,3496100.0,0.0,0.0,164.00999450683594,139.9221649169922
2017-04-03,140.44257208265054,141.73933624212623,140.12691743888237,141.27011108398438,3473700.0,0.0,0.0,165.58999633789062,141.27011108398438
2017-04-04,141.5089632924088,142.00378128382587,140.58757941367605,140.74114990234375,2886000.0,0.0,0.0,164.97000122070312,140.74114990234375
2017-04-05,141.41510303769056,142.6948005617381,140.95441765684623,141.08238220214844,3541600.0,0.0,0.0,165.3699951171875,141.08238220214844
2017-04-06,141.15071456600919,141.6370061502061,140.63030342291464,141.05686950683594,2923600.0,0.0,0.0,165.33999633789062,141.05686950683594
2017-04-07,140.73264515175597,142.04646256114384,140.4425704097853,141.636962890625,2927800.0,0.0,0.0,166.02000427246094,141.636962890625
2017-04-10,141.781968286854,142.47300292478573,141.00561526641525,141.17623901367188,3234900.0,0.0,0.0,165.47999572753906,141.17623901367188
2017-04-11,140.6728923369748,141.48336488785841,140.42548985974992,141.47483825683594,3172900.0,0.0,0.0,165.8300018310547,141.47483825683594
2017-04-12,141.89292603020587,141.97823142288075,140.42553789147559,141.24453735351562,2978700.0,0.0,0.0,165.55999755859375,141.24453735351562
2017-04-13,140.72409584819366,141.3212855387687,140.48521997196363,140.73263549804688,1979800.0,0.0,0.0,164.9600067138672,140.73263549804688
2017-04-17,140.75819378348572,142.83129741741607,140.73260087574008,142.6265411376953,4396700.0,0.0,0.0,167.17999267578125,142.6265411376953
2017-04-18,145.0835723928853,145.2286032173291,143.07018109384555,143.8294677734375,5526200.0,0.0,0.0,168.58999633789062,143.8294677734375
2017-04-19,144.68262456543192,146.04764070657345,143.914811122139,144.39256286621094,4703400.0,0.0,0.0,169.25,144.39256286621094
2017-04-20,144.62290507616203,146.90076539947984,143.64179570435886,146.34622192382812,3652100.0,0.0,0.0,171.5399932861328,146.34622192382812
2017-04-21,146.84955718640683,147.2675833695387,145.43335550283322,146.0220184326172,2982300.0,0.0,0.0,171.16000366210938,146.0220184326172
2017-04-24,147.30169182495644,147.72825758628127,146.482679835401,147.02015686035156,2830300.0,0.0,0.0,172.3300018310547,147.02015686035156
2017-04-25,148.01836424792992,149.0762523445097,147.75389547822445,148.4790496826172,3394700.0,0.0,0.0,174.0399932861328,148.4790496826172
2017-04-26,148.52174946460363,149.85263332603563,148.42790442218157,148.7691650390625,2817500.0,0.0,0.0,174.3800048828125,148.7691650390625
2017-04-27,148.50462448346957,150.210887690627,148.46196529973957,148.9823760986328,2438600.0,0.0,0.0,174.6300048828125,148.9823760986328
2017-04-28,148.96535997302738,149.29808088972837,148.36817025302037,149.19570922851562,2010800.0,0.0,0.0,174.8800048828125,149.19570922851562
2017-05-01,149.29804456066415,150.27061415880624,148.52169160468716,148.94825744628906,2709700.0,0.0,0.0,174.58999633789062,148.94825744628906
2017-05-02,149.22129198722993,149.61372534034132,145.26276080406873,148.5643768310547,4951000.0,0.0,0.0,174.13999938964844,148.5643768310547
2017-05-03,148.2316205605779,148.7008455601481,146.6192023022407,147.19932556152344,3622200.0,0.0,0.0,172.5399932861328,147.19932556152344
2017-05-04,147.63440599867937,148.6240416449763,147.06280946618546,148.46194458007812,2585200.0,0.0,0.0,174.02000427246094,148.46194458007812
2017-05-05,148.90561603368107,149.19569073409193,147.85626758304977,148.54730224609375,2189000.0,0.0,0.0,174.1199951171875,148.54730224609375
2017-05-08,148.3851917387232,148.92266888049897,148.07807682085905,148.82029724121094,2505900.0,0.0,0.0,174.44000244140625,148.82029724121094
2017-05-09,148.53023308395106,149.10182975661343,147.36143381147866,147.79653930664062,1653700.0,0.0,0.0,173.24000549316406,147.79653930664062
2017-05-10,147.62591344856585,148.1377977096785,147.13110848531647,147.9245147705078,1568700.0,0.0,0.0,173.38999938964844,147.9245147705078
2017-05-11,147.38705760418569,148.32550787102335,146.45714698743882,147.8648223876953,1901300.0,0.0,0.0,173.32000732421875,147.8648223876953
2017-05-12,147.2846542084398,147.92450297492996,146.32915088282988,146.57655334472656,2335400.0,0.0,0.0,171.80999755859375,146.57655334472656
2017-05-15,146.55947127191823,146.73863463504068,145.22858806388308,146.33766174316406,2831400.0,0.0,0.0,171.52999877929688,146.33766174316406
2017-05-16,145.6040012443899,145.88553629762154,142.68629208056845,143.4285125732422,4343700.0,0.0,0.0,168.1199951171875,143.4285125732422
2017-05-17,143.42856828993354,145.36518185326463,142.1744630282546,144.0598907470703,4442300.0,0.0,0.0,168.86000061035156,144.0598907470703
2017-05-18,143.53942063057738,148.42786203887837,143.21522639155393,146.26943969726562,3908000.0,0.0,0.0,171.4499969482422,146.26943969726562
2017-05-19,146.99461715003443,147.54914763332687,145.24569429215717,147.2420196533203,3877300.0,0.0,0.0,172.58999633789062,147.2420196533203
2017-05-22,147.36145875407783,149.2127532806745,147.25056046719774,149.04212951660156,3480300.0,0.0,0.0,174.6999969482422,149.04212951660156
2017-05-23,148.82026098587627,149.74164456827316,148.1974786356672,149.48570251464844,2471500.0,0.0,0.0,175.22000122070312,149.48570251464844
2017-05-24,149.6819841778994,150.23652770475869,148.888577786317,149.80142211914062,1612300.0,0.0,0.0,175.58999633789062,149.80142211914062
2017-05-25,150.4242318540667,152.4802699625501,150.1000375469921,151.900146484375,3212200.0,0.0,0.0,178.0500030517578,151.900146484375
2017-05-26,151.58446569249665,152.61676099172362,151.00434226452467,151.430908203125,1583600.0,0.0,0.0,177.5,151.430908203125
2017-05-30,151.46504430155534,151.92574285553124,150.3559831542106,150.65457153320312,2285700.0,0.0,0.0,176.58999633789062,150.65457153320312
2017-05-31,150.9105062221451,150.9190328550314,149.22983528257615,149.45164489746094,3320400.0,0.0,0.0,175.17999267578125,149.45164489746094
2017-06-01,149.96349536246575,153.2053985595703,149.46015076299162,153.2053985595703,2890600.0,0.0,0.0,179.5800018310547,153.2053985595703
2017-06-02,153.49550914202956,153.49550914202956,152.14755900879675,153.04335021972656,2610100.0,0.0,0.0,179.38999938964844,153.04335021972656
2017-06-05,153.16273405554767,153.83671539287408,152.8470794901772,153.02622985839844,2640600.0,0.0,0.0,179.3699951171875,153.02622985839844
2017-06-06,152.87271171945596,154.46806425347955,152.2669823249079,154.26332092285156,3443900.0,0.0,0.0,180.82000732421875,154.26332092285156
2017-06-07,155.26998144642587,156.52408618414455,153.2651165887783,156.30227661132812,3783600.0,0.0,0.0,183.2100067138672,156.30227661132812
2017-06-08,156.3023338625732,156.77154609163662,154.39983995433033,155.0055694580078,3079900.0,0.0,0.0,181.69000244140625,155.0055694580078
2017-06-09,155.1334921633487,155.6112439155329,154.29742659702632,154.80931091308594,2392200.0,0.0,0.0,181.4600067138672,154.80931091308594
2017-06-12,154.80930089178617,155.11642885798878,150.50950936494965,152.9238739013672,3705600.0,0.0,0.0,179.25,152.9238739013672
2017-06-13,152.88974390621297,154.74956483936973,152.838545067214,154.45950317382812,2458500.0,0.0,0.0,181.0500030517578,154.45950317382812
2017-06-14,154.36568744771662,155.9866328440905,154.36568744771662,155.57713317871094,2039300.0,0.0,0.0,182.36000061035156,155.57713317871094
2017-06-15,155.69708145002312,157.19622803895044,154.27503069136134,154.52346801757812,3078700.0,0.75,0.0,180.3800048828125,154.52346801757812
2017-06-16,154.9089269182162,156.30527876642245,154.5234347782902,155.59425354003906,4473300.0,0.0,0.0,181.6300048828125,155.59425354003906
2017-06-19,156.16821100890513,156.78500366210938,154.84895497285012,156.78500366210938,3887100.0,0.0,0.0,183.02000427246094,156.78500366210938
2017-06-20,156.55369652003537,157.12765378411223,156.09967042947432,156.99916076660156,2742600.0,0.0,0.0,183.27000427246094,156.99916076660156
2017-06-21,157.1876633199619,158.57544052546172,156.51947332683082,158.4126739501953,2866300.0,0.0,0.0,184.9199981689453,158.4126739501953
2017-06-22,158.39549068776495,161.61652157730833,158.2926962794661,159.76614379882812,3841300.0,0.0,0.0,186.5,159.76614379882812
2017-06-23,159.56913480110083,159.56913480110083,157.74445541914648,158.69534301757812,3438500.0,0.0,0.0,185.25,158.69534301757812
2017-06-26,158.59254403196616,159.24359712498435,157.10195962904797,158.58396911621094,2327400.0,0.0,0.0,185.1199951171875,158.58396911621094
2017-06-27,159.09803011611115,160.02321944797208,157.81304711155815,158.13858032226562,2682800.0,0.0,0.0,184.60000610351562,158.13858032226562
2017-06-28,159.06368904618628,159.60338586183752,158.5582657494906,159.08082580566406,2451200.0,0.0,0.0,185.6999969482422,159.08082580566406
2017-06-29,159.18364151128387,159.41492895434882,157.9072208303836,158.7124786376953,2193600.0,0.0,0.0,185.27000427246094,158.7124786376953
2017-06-30,158.60965714743404,159.50058560640383,158.4211920146334,158.84095764160156,2392000.0,0.0,0.0,185.4199981689453,158.84095764160156
2017-07-03,159.58622653333592,160.64848325493404,159.1150768222268,159.89462280273438,2087000.0,0.0,0.0,186.64999389648438,159.89462280273438
2017-07-05,159.45774689566835,161.35952187106162,159.09795339647457,161.26528930664062,2587400.0,0.0,0.0,188.25,161.26528930664062
2017-07-06,161.15394360714447,161.21391573489308,159.4663321151846,160.14309692382812,1844700.0,0.0,0.0,186.94000244140625,160.14309692382812
2017-07-07,160.494316158652,161.4194920365782,160.20304353032355,161.01687622070312,2252500.0,0.0,0.0,187.9600067138672,161.01687622070312
2017-07-10,160.47720549236433,161.0511628552341,159.46634565172096,160.15167236328125,2612000.0,0.0,0.0,186.9499969482422,160.15167236328125
2017-07-11,160.19453458805248,160.75993020023444,158.5583198943996,159.2950439453125,2664500.0,0.0,0.0,185.9499969482422,159.2950439453125
2017-07-12,160.01461275183743,160.45151525239658,159.68909267729742,159.928955078125,3342800.0,0.0,0.0,186.69000244140625,159.928955078125
2017-07-13,160.1944683679981,160.43433069737324,158.75529439174727,158.89234924316406,2379300.0,0.0,0.0,185.47999572753906,158.89234924316406
2017-07-14,159.1750596344022,160.30585048156374,158.28414420727418,160.1088104248047,2716700.0,0.0,0.0,186.89999389648438,160.1088104248047
2017-07-17,160.25444212412097,160.40863373535964,159.13221319908925,159.6376495361328,2444600.0,0.0,0.0,186.35000610351562,159.6376495361328
2017-07-18,160.1516977218708,160.36586153617432,157.50463611424448,160.0660400390625,4235800.0,0.0,0.0,186.85000610351562,160.0660400390625
2017-07-19,160.63133924037302,162.25899122758173,160.63133924037302,162.07052612304688,3401600.0,0.0,0.0,189.19000244140625,162.07052612304688
2017-07-20,162.2590024139849,164.4092014365788,161.83923682103335,164.04940795898438,3099600.0,0.0,0.0,191.5,164.04940795898438
2017-07-21,163.94661939072162,165.33439614961028,163.27842961262587,164.28927612304688,4911500.0,0.0,0.0,191.77999877929688,164.28927612304688
2017-07-24,164.29782432945862,164.6233573482096,163.31267650215432,163.52684020996094,2356500.0,0.0,0.0,190.88999938964844,163.52684020996094
2017-07-25,164.58917014578452,164.88899162721998,163.02148953846725,163.10714721679688,1960100.0,0.0,0.0,190.39999389648438,163.10714721679688
2017-07-26,162.7815821731541,164.07512648095806,162.2333235114637,163.4069366455078,2683500.0,0.0,0.0,190.75,163.4069366455078
2017-07-27,162.97005313522106,163.18421688683674,161.4452082694388,161.8478240966797,2631400.0,0.0,0.0,188.92999267578125,161.8478240966797
2017-07-28,162.0020025750341,163.82668162636156,160.70845843038177,163.74957275390625,1925000.0,0.0,0.0,191.14999389648438,163.74957275390625
2017-07-31,164.1265220440941,165.00031377074504,163.7410299231214,164.3149871826172,3767100.0,0.0,0.0,191.80999755859375,164.3149871826172
2017-08-01,165.6770435216502,165.6770435216502,164.15219892737426,164.6747589111328,3336800.0,0.0,0.0,192.22999572753906,164.6747589111328
2017-08-02,164.59765743169635,165.71987316017933,164.59765743169635,165.33438110351562,2463800.0,0.0,0.0,193.0,165.33438110351562
2017-08-03,165.55713537403935,167.01345928533408,165.3429716307922,166.85069274902344,2886100.0,0.0,0.0,194.77000427246094,166.85069274902344
2017-08-04,167.00485955470612,167.93861019935423,166.70503820162085,166.9449005126953,2892300.0,0.0,0.0,194.8800048828125,166.9449005126953
2017-08-07,166.88492101062133,167.39891912389052,166.1053619983852,166.85922241210938,2074800.0,0.0,0.0,194.77999877929688,166.85922241210938
2017-08-08,166.7735557660006,167.039129742953,166.25957071172368,166.96202087402344,1741000.0,0.0,0.0,194.89999389648438,166.96202087402344
2017-08-09,166.96210445657525,167.35617162649118,166.33674977863225,166.9021453857422,2125900.0,0.0,0.0,194.8300018310547,166.9021453857422
2017-08-10,166.41378507272765,166.52515439857206,164.82040635060844,164.96604919433594,2698600.0,0.0,0.0,192.57000732421875,164.96604919433594
2017-08-11,166.11396964751432,166.65365339413336,165.04315092677822,165.35154724121094,2210700.0,0.0,0.0,193.02000427246094,165.35154724121094
2017-08-14,166.70507995145664,166.8335729818852,165.24875589183227,165.94265747070312,2322000.0,0.0,0.0,193.7100067138672,165.94265747070312
2017-08-15,166.59368616331054,167.056274076488,166.02829076935822,166.619384765625,1595200.0,0.0,0.0,194.5,166.619384765625
2017-08-16,166.88491853127874,167.27898548846596,165.18874569711375,165.99400329589844,1881600.0,0.0,0.0,193.77000427246094,165.99400329589844
2017-08-17,165.97691349929332,166.39667917337368,165.04316264567464,165.07742309570312,2440900.0,0.0,0.0,192.6999969482422,165.07742309570312
2017-08-18,165.19739895374133,165.50579537347383,163.30419812910947,163.4669647216797,2858500.0,0.0,0.0,190.82000732421875,163.4669647216797
2017-08-21,163.51834602775793,164.74335666896738,163.51834602775793,164.5034942626953,1930500.0,0.0,0.0,192.02999877929688,164.5034942626953
2017-08-22,164.60624454960836,167.01345595579156,164.10082126278527,166.86781311035156,2021900.0,0.0,0.0,194.7899932861328,166.86781311035156
2017-08-23,166.61937778958568,166.69647359330125,165.95118801435132,166.3966522216797,1547000.0,0.0,0.0,194.24000549316406,166.3966522216797
2017-08-24,166.6622135043228,167.10767771260137,166.37095397532067,166.8335418701172,1923700.0,0.0,0.0,194.75,166.8335418701172
2017-08-25,167.33039166632182,167.51028186288872,166.31097031405758,166.4994354248047,1375000.0,0.0,0.0,194.36000061035156,166.4994354248047
2017-08-28,166.69647418489154,167.74159421068845,166.49944721752485,167.1248016357422,2009900.0,0.0,0.0,195.08999633789062,167.1248016357422
2017-08-29,166.9020849498423,168.7952850633121,166.47375747619537,168.52972412109375,2072200.0,0.0,0.0,196.72999572753906,168.52972412109375
2017-08-30,168.22993277474652,168.65826032488366,167.21907295923276,167.80160522460938,1506700.0,0.0,0.0,195.8800048828125,167.80160522460938
2017-08-31,168.70110582598963,170.894154164402,168.2385177596853,170.3887176513672,2990200.0,0.0,0.0,198.89999389648438,170.3887176513672
2017-09-01,171.15111225828744,171.32245373107884,169.92610177124743,171.11685180664062,2241800.0,0.0,0.0,199.75,171.11685180664062
2017-09-05,170.6456813631637,171.70793831856932,170.2259287593123,170.7399139404297,2700800.0,0.0,0.0,199.30999755859375,170.7399139404297
2017-09-06,170.93688586144566,171.32239096246693,169.3006851965149,169.94317626953125,3040200.0,0.0,0.0,198.3800048828125,169.94317626953125
2017-09-07,170.0636051208393,171.53403696234233,169.46167357399233,170.40756225585938,2684600.0,0.75,0.0,198.1699981689453,170.40756225585938
2017-09-08,170.63111641539635,171.0008827644941,169.40145731273705,170.04638671875,2206000.0,0.0,0.0,197.75,170.04638671875
2017-09-11,171.33625510572702,172.34234346079677,170.9320982723499,171.62002563476562,3307900.0,0.0,0.0,199.5800018310547,171.62002563476562
2017-09-12,171.49964936149084,171.52544549099198,169.32408829940206,169.80563354492188,2554700.0,0.0,0.0,197.47000122070312,169.80563354492188
2017-09-13,170.08940164736373,172.63471594315678,170.07219985423544,170.54515075683594,2394400.0,0.0,0.0,198.3300018310547,170.54515075683594
2017-09-14,170.21835513554495,170.5881214626287,169.478835602499,170.0291748046875,2378600.0,0.0,0.0,197.72999572753906,170.0291748046875
2017-09-15,170.70856151579972,171.7318518674055,169.57347917317375,170.4161834716797,4198700.0,0.0,0.0,198.17999267578125,170.4161834716797
2017-09-18,170.40760289031005,170.9665497694056,169.84006167318293,170.4248046875,1915200.0,0.0,0.0,198.19000244140625,170.4248046875
2017-09-19,170.63974249692518,170.77733060096168,165.43730876301916,167.3806915283203,3819000.0,0.0,0.0,194.64999389648438,167.3806915283203
2017-09-20,167.69887141642158,168.40398751184972,166.87335588498513,168.32659912109375,2788500.0,0.0,0.0,195.75,168.32659912109375
2017-09-21,168.22341786278963,168.65337087016076,167.59567702481814,167.8622589111328,1895000.0,0.0,0.0,195.2100067138672,167.8622589111328
2017-09-22,167.77623086402588,168.42975458621038,161.87727621009083,165.9876251220703,5660200.0,0.0,0.0,193.02999877929688,165.9876251220703
2017-09-25,166.19399282509386,168.80810060806698,164.17320900518968,164.88693237304688,3105900.0,0.0,0.0,191.75,164.88693237304688
2017-09-26,165.3685098875593,167.13131969587855,165.13633160891035,165.70387268066406,2775400.0,0.0,0.0,192.6999969482422,165.70387268066406
2017-09-27,166.13383222733802,168.21480311833514,164.87837684802827,167.2431182861328,3267200.0,0.0,0.0,194.49000549316406,167.2431182861328
2017-09-28,167.03673220709314,169.01451853312642,166.40039707508066,168.6275634765625,2088400.0,0.0,0.0,196.10000610351562,168.6275634765625
2017-09-29,168.3867862691346,168.61895142407155,167.2345023456912,168.41258239746094,2646300.0,0.0,0.0,195.85000610351562,168.41258239746094
2017-10-02,169.0489056349972,170.18398777420143,168.82533481414941,169.7798309326172,2893600.0,0.0,0.0,197.44000244140625,169.7798309326172
2017-10-03,169.8314331354241,171.49965285648864,169.62505097408524,170.80313110351562,2533800.0,0.0,0.0,198.6300048828125,170.80313110351562
2017-10-04,171.14706004186624,172.60889736064362,170.6311112841227,172.3939208984375,2286400.0,0.0,0.0,200.47999572753906,172.3939208984375
2017-10-05,171.92097715821836,171.92097715821836,169.02309852674736,170.1753692626953,4069000.0,0.0,0.0,197.89999389648438,170.1753692626953
2017-10-06,170.17533917985193,171.97255213247502,169.83997646908767,170.31292724609375,3361900.0,0.0,0.0,198.05999755859375,170.31292724609375
2017-10-09,170.2699617638048,170.53654361333986,168.35237528940883,168.79953002929688,3365400.0,0.0,0.0,196.3000030517578,168.79953002929688
2017-10-10,168.76513181544385,168.91131424789796,166.53797862274158,167.40647888183594,2499100.0,0.0,0.0,194.67999267578125,167.40647888183594
2017-10-11,167.36352626512195,168.60179313239786,166.4692165849224,167.90525817871094,2935600.0,0.0,0.0,195.25999450683594,167.90525817871094
2017-10-12,167.6902513997441,167.99122372497496,165.72966692068553,165.89305114746094,2954700.0,0.0,0.0,192.9199981689453,165.89305114746094
2017-10-13,163.0295564146966,165.71247174477645,159.9424973830924,165.54908752441406,5435000.0,0.0,0.0,192.52000427246094,165.54908752441406
2017-10-16,165.51468627372628,166.2370172118854,164.5515958510114,166.13381958007812,2927400.0,0.0,0.0,193.1999969482422,166.13381958007812
2017-10-17,169.22944363795415,177.6737107517343,168.8596773656025,175.326171875,8949700.0,0.0,0.0,203.88999938964844,175.326171875
2017-10-18,175.2488108096507,178.68843413026752,175.14561318766948,176.4784698486328,4796300.0,0.0,0.0,205.22999572753906,176.4784698486328
2017-10-19,176.68484025471014,176.92561282149688,174.3028975892262,174.77584838867188,3471800.0,0.0,0.0,203.25,174.77584838867188
2017-10-20,175.64436957229762,179.04100828063588,175.15423004578224,178.421875,5138800.0,0.0,0.0,207.49000549316406,178.421875
2017-10-23,178.49926214130718,179.24737604975053,176.9686307417781,178.0091094970703,2261400.0,0.0,0.0,207.00999450683594,178.0091094970703
2017-10-24,177.46743176990861,179.05825024187197,177.03747870378993,178.9894561767578,3459900.0,0.0,0.0,208.14999389648438,178.9894561767578
2017-10-25,179.13566907919304,179.8407853527911,178.0607863100095,178.4821319580078,2908300.0,0.0,0.0,207.55999755859375,178.4821319580078
2017-10-26,178.79163884127473,182.04208219698964,178.4992739750433,179.8493194580078,4346000.0,0.0,0.0,209.14999389648438,179.8493194580078
2017-10-27,179.8493235083957,182.96219195789226,179.33338781303678,182.81600952148438,4385300.0,0.0,0.0,212.60000610351562,182.81600952148438
2017-10-30,182.48065096305208,182.96219620501466,180.0471155028049,180.0557098388672,2477400.0,0.0,0.0,209.38999938964844,180.0557098388672
2017-10-31,180.0557009468421,181.0273988399661,178.68845367640748,180.76942443847656,3749600.0,0.0,0.0,210.22000122070312,180.76942443847656
2017-11-01,181.97327123909824,182.8417845425431,179.65152807520138,180.1760711669922,1902900.0,0.0,0.0,209.52999877929688,180.1760711669922
2017-11-02,180.67482675246902,181.86150107732468,179.72892502669674,181.52613830566406,2825900.0,0.0,0.0,211.10000610351562,181.52613830566406
2017-11-03,181.1993945918394,183.87370279472196,180.66625706700327,183.04818725585938,2196900.0,0.0,0.0,212.8699951171875,183.04818725585938
2017-11-06,182.22270160612828,183.9597024504721,182.12811141194118,182.4032745361328,2293700.0,0.0,0.0,212.1199951171875,182.4032745361328
2017-11-07,182.93638112199463,183.6242953271683,181.3455500000051,182.9019775390625,1845800.0,0.0,0.0,212.6999969482422,182.9019775390625
2017-11-08,182.36886059113104,183.09977279655982,181.18218614792164,181.2423858642578,2261100.0,0.0,0.0,210.77000427246094,181.2423858642578
2017-11-09,181.08762768011752,182.09371627164037,179.8321720856878,181.92173767089844,1839700.0,0.0,0.0,211.55999755859375,181.92173767089844
2017-11-10,181.83568316605374,182.13664231829114,180.75219347886036,181.5003204345703,1384700.0,0.0,0.0,211.07000732421875,181.5003204345703
2017-11-13,180.8468001992114,183.62429246664306,180.52863922821882,182.86758422851562,2662200.0,0.0,0.0,212.66000366210938,182.86758422851562
2017-11-14,182.48067325069835,182.9020188283156,181.3713870703633,182.05072021484375,1993900.0,0.0,0.0,211.7100067138672,182.05072021484375
2017-11-15,181.33699249073325,182.28288127549925,180.25350246741706,180.4598846435547,1816300.0,0.0,0.0,209.86000061035156,180.4598846435547
2017-11-16,180.90704188774416,182.30867984927025,180.49427752994023,181.55197143554688,1919600.0,0.0,0.0,211.1300048828125,181.55197143554688
2017-11-17,180.97580577367216,181.83571169403888,179.8493179962484,180.49424743652344,1887500.0,0.0,0.0,209.89999389648438,180.49424743652344
2017-11-20,180.58028104330782,181.16501089330768,180.2191220557563,180.79525756835938,2040400.0,0.0,0.0,210.25,180.79525756835938
2017-11-21,181.5519467301136,183.0309860081648,181.22517827159984,182.81600952148438,2327200.0,0.0,0.0,212.60000610351562,182.81600952148438
2017-11-22,182.52361456549335,182.9965654164633,181.2337557652783,181.6293182373047,2257800.0,0.0,0.0,211.22000122070312,181.6293182373047
2017-11-24,182.30003916836688,183.0997453062028,181.44013332323308,182.73858642578125,744000.0,0.0,0.0,212.50999450683594,182.73858642578125
2017-11-27,182.51501656340164,184.23482826246783,182.13665589022756,182.6439971923828,2856300.0,0.0,0.0,212.39999389648438,182.6439971923828
2017-11-28,183.91666392599697,186.00622880392544,182.73858401136604,185.86004638671875,2905700.0,0.0,0.0,216.13999938964844,185.86004638671875
2017-11-29,187.20154827747297,192.8511374392978,186.90918336358217,191.65586853027344,4247200.0,0.0,0.0,222.8800048828125,191.65586853027344
2017-11-30,193.1226583412231,197.36767964153046,191.7939242947122,196.86724853515625,6846400.0,0.75,0.0,228.1699981689453,196.86724853515625
2017-12-01,197.48845141142675,197.77318010534833,190.749911818231,195.6679229736328,3325800.0,0.0,0.0,226.77999877929688,195.6679229736328
2017-12-04,197.80764970779288,199.97330941458085,191.02596827758984,191.04322814941406,5591500.0,0.0,0.0,221.4199981689453,191.04322814941406
2017-12-05,190.68083519911303,193.02767730095138,189.09326941417052,189.8956756591797,3246300.0,0.0,0.0,220.08999633789062,189.8956756591797
2017-12-06,190.69807075838733,191.50911341796203,188.98107591172555,189.7662353515625,2397500.0,0.0,0.0,219.94000244140625,189.7662353515625
2017-12-07,190.32710219144417,190.34436206393227,188.25636511733254,189.9474639892578,2661600.0,0.0,0.0,220.14999389648438,189.9474639892578
2017-12-08,190.2926253927026,193.55404403582457,190.00789669650277,193.19166564941406,2233300.0,0.0,0.0,223.91000366210938,193.19166564941406
2017-12-11,191.98368423719322,193.9767846922951,191.57816283063102,192.20802307128906,1599500.0,0.0,0.0,222.77000427246094,192.20802307128906
2017-12-12,191.02597377999965,192.76885225255742,190.90518100460008,191.96644592285156,2294100.0,0.0,0.0,222.49000549316406,191.96644592285156
2017-12-13,191.31935606114072,194.08896678962176,190.879314852847,193.5712890625,3059400.0,0.0,0.0,224.35000610351562,193.5712890625
2017-12-14,194.13212663036282,195.8318623034273,190.68951217856383,190.89659118652344,2811700.0,0.0,0.0,221.25,190.89659118652344
2017-12-15,193.05359773301538,193.05359773301538,190.36163669488135,191.3883819580078,6293400.0,0.0,0.0,221.82000732421875,191.3883819580078
2017-12-18,192.06131430951814,193.96811508147198,191.7075594125851,192.1217041015625,3194100.0,0.0,0.0,222.6699981689453,192.1217041015625
2017-12-19,192.39789611420795,193.0881331853441,190.55148430151948,191.57821655273438,2340200.0,0.0,0.0,222.0399932861328,191.57821655273438
2017-12-20,192.5013833572616,194.0371828572908,191.31070231089683,191.8715362548828,2633200.0,0.0,0.0,222.3800048828125,191.8715362548828
2017-12-21,192.51001034310465,193.21752030151902,191.000094040339,191.2761993408203,2955300.0,0.0,0.0,221.69000244140625,191.2761993408203
2017-12-22,191.54370366876776,191.84569225153376,188.48072739593388,189.81808471679688,1959700.0,0.0,0.0,220.0,189.81808471679688
2017-12-26,189.03290495487423,190.18044301650175,189.03290495487423,189.4729461669922,1482400.0,0.0,0.0,219.60000610351562,189.4729461669922
2017-12-27,189.80079696052826,191.0605044032129,189.17094982189886,190.18043518066406,1861900.0,0.0,0.0,220.4199981689453,190.18043518066406
2017-12-28,191.0777450440123,192.2252697774314,189.94745385131094,192.20802307128906,1452600.0,0.0,0.0,222.77000427246094,192.20802307128906
2017-12-29,193.22613119505974,193.22613119505974,190.21493530273438,190.21493530273438,2350200.0,0.0,0.0,220.4600067138672,190.21493530273438
2018-01-02,190.69811591555248,191.93192689995712,189.81804673980344,190.81890869140625,3485000.0,0.0,0.0,221.16000366210938,190.81890869140625
2018-01-03,191.21583725487824,193.1053921671157,190.2667547037489,192.82066345214844,2417600.0,0.0,0.0,223.47999572753906,192.82066345214844
2018-01-04,193.56266794897476,195.08122099975364,193.41599192301132,193.65757751464844,2749100.0,0.0,0.0,224.4499969482422,193.65757751464844
2018-01-05,194.2960481334025,197.62649289672618,193.8905266679269,197.3503875732422,2432800.0,0.0,0.0,228.72999572753906,197.3503875732422
2018-01-08,196.83269467573788,197.33312566192927,193.79560217852557,193.92501831054688,2850800.0,0.0,0.0,224.75999450683594,193.92501831054688
2018-01-09,193.92500211028423,195.53846435877384,192.66530797909218,194.891357421875,2672200.0,0.0,0.0,225.8800048828125,194.891357421875
2018-01-10,193.98543814626697,194.14073751819322,192.43237859987138,193.44186401367188,2311600.0,0.0,0.0,224.1999969482422,193.44186401367188
2018-01-11,193.4246226673925,194.9259159002868,193.0104778038253,194.4686279296875,2543600.0,0.0,0.0,225.38999938964844,194.4686279296875
2018-01-12,196.2460055091176,198.35988601495671,195.44359904517583,197.2727508544922,3943800.0,0.0,0.0,228.63999938964844,197.2727508544922
2018-01-16,201.35379411317035,202.76017742912526,199.5246426829158,200.94827270507812,6852600.0,0.0,0.0,232.89999389648438,200.94827270507812
2018-01-17,202.4754464307019,206.1769055098435,201.76794968713446,205.7196044921875,5124800.0,0.0,0.0,238.42999267578125,205.7196044921875
2018-01-18,206.43575592261647,210.4391906943045,205.8231686698676,209.80072021484375,6234200.0,0.0,0.0,243.16000366210938,209.80072021484375
2018-01-19,210.68079613047877,210.8274853162529,207.9974714950681,209.9646759033203,4293600.0,0.0,0.0,243.35000610351562,209.9646759033203
2018-01-22,210.17171147249704,210.35290721590908,208.24765044503548,210.1458282470703,4012200.0,0.0,0.0,243.55999755859375,210.1458282470703
2018-01-23,209.6540355762326,213.0966362414275,209.15360460469768,211.56947326660156,3300000.0,0.0,0.0,245.2100067138672,211.56947326660156
2018-01-24,212.2597141528651,213.3813688918001,210.27526326716313,211.2588653564453,2733300.0,0.0,0.0,244.85000610351562,211.2588653564453
2018-01-25,211.1725926518081,212.41504024721849,210.4391994234148,211.54359436035156,2420500.0,0.0,0.0,245.17999267578125,211.54359436035156
2018-01-26,211.388268228471,214.61517959322575,210.92235702189703,214.38221740722656,2615300.0,0.0,0.0,248.47000122070312,214.38221740722656
2018-01-29,215.0811159140383,216.38395330630692,213.45903010651568,213.46766662597656,2564700.0,0.0,0.0,247.41000366210938,213.46766662597656
2018-01-30,200.93104093758302,209.4383414560629,200.2580507135703,204.18382263183594,11565500.0,0.0,0.0,236.64999389648438,204.18382263183594
2018-01-31,209.5246280187765,213.11391822222154,203.41593598947867,204.29600524902344,5187400.0,0.0,0.0,236.77999877929688,204.29600524902344
2018-02-01,202.98453404892118,205.19333716474634,201.75072293031047,202.9500274658203,4268300.0,0.0,0.0,235.22000122070312,202.9500274658203
2018-02-02,201.03451823868778,203.8817908725776,199.47283589016806,200.06817626953125,3959900.0,0.0,0.0,231.8800048828125,200.06817626953125
2018-02-05,199.12775886609091,201.12948282494486,179.87848487940255,189.83531188964844,6290000.0,0.0,0.0,220.02000427246094,189.83531188964844
2018-02-06,183.08813783559918,195.4349372847714,181.37115568874452,194.2873992919922,7064800.0,0.0,0.0,225.17999267578125,194.2873992919922
2018-02-07,191.82839045665224,197.833535724605,191.1208805215465,194.839599609375,5589200.0,0.0,0.0,225.82000732421875,194.839599609375
2018-02-08,194.41684825524908,195.53850313471986,186.5911604937554,186.76373291015625,4902400.0,0.0,0.0,216.4600067138672,186.76373291015625
2018-02-09,188.0924408019289,192.648073177292,182.92420798712985,190.6463623046875,6225300.0,0.0,0.0,220.9600067138672,190.6463623046875
2018-02-12,191.92330203710065,196.7205196196019,191.67307996845526,194.72743225097656,4912000.0,0.0,0.0,225.69000244140625,194.72743225097656
2018-02-13,192.53590963739924,195.96126396048402,191.8801792421703,195.547119140625,3536800.0,0.0,0.0,226.63999938964844,195.547119140625
2018-02-14,194.08893273722597,197.87666471239015,193.2002402877641,197.39349365234375,2878400.0,0.0,0.0,228.77999877929688,197.39349365234375
2018-02-15,197.81633790847778,198.44618515765828,191.31938342155044,195.01220703125,4662700.0,0.0,0.0,226.02000427246094,195.01220703125
2018-02-16,194.9863311386104,198.920740503356,194.73610900135367,197.90261840820312,3621700.0,0.0,0.0,229.3699951171875,197.90261840820312
2018-02-20,196.64288855385178,197.36764527186912,194.65842435081987,195.5643768310547,3172300.0,0.0,0.0,226.66000366210938,195.5643768310547
2018-02-21,195.12431870571032,197.88531900904326,194.22700282292476,194.2442626953125,3371900.0,0.0,0.0,225.1300048828125,194.2442626953125
2018-02-22,195.25371979349444,198.30805849362847,194.20109154213554,195.93533325195312,2767900.0,0.0,0.0,227.08999633789062,195.93533325195312
2018-02-23,196.63421027390194,198.7222201113701,194.91722840172673,198.58416748046875,2393900.0,0.0,0.0,230.16000366210938,198.58416748046875
2018-02-26,199.86114553192678,202.33740400759385,198.18729338507896,201.9491424560547,3307000.0,0.0,0.0,234.05999755859375,201.9491424560547
2018-02-27,202.24252566106176,203.5281164547178,200.55142654642546,200.62045288085938,2899500.0,0.0,0.0,232.52000427246094,200.62045288085938
2018-02-28,202.2597813710296,202.54451005767115,195.07257736825866,195.1329803466797,4368600.0,0.0,0.0,226.16000366210938,195.1329803466797
2018-03-01,194.73608932210965,197.83357207343565,192.18218073468083,193.65757751464844,3514600.0,0.0,0.0,224.4499969482422,193.65757751464844
2018-03-02,192.58770722316666,194.839640462177,192.0527564002989,194.2960662841797,2613600.0,0.0,0.0,225.19000244140625,194.2960662841797
2018-03-05,192.72571766847952,197.95434015171182,192.22528667245248,197.04840087890625,2627300.0,0.0,0.0,228.3800048828125,197.04840087890625
2018-03-06,197.51435614910528,197.7127986548072,193.17442526377303,195.15025329589844,2652800.0,0.0,0.0,226.17999267578125,195.15025329589844
2018-03-07,193.5712812828013,196.5652307549242,193.05359041105942,196.09068298339844,3242200.0,0.0,0.0,227.27000427246094,196.09068298339844
2018-03-08,197.3112820316431,197.3632330969554,193.83996547608513,194.54115295410156,3500900.0,0.75,0.0,224.72999572753906,194.54115295410156
2018-03-09,195.73578512918732,196.0907114415671,192.61072961692946,195.14712524414062,4834600.0,0.0,0.0,225.42999267578125,195.14712524414062
2018-03-12,195.8222835956227,196.5061538256051,192.84439086914062,192.84439086914062,3117300.0,0.0,0.0,222.77000427246094,192.84439086914062
2018-03-13,193.50234479952306,197.42381122693712,193.18205256523174,196.4542694091797,3343800.0,0.0,0.0,226.94000244140625,196.4542694091797
2018-03-14,196.61870565101995,198.5751058850699,194.79215002203455,195.10379028320312,3048200.0,0.0,0.0,225.3800048828125,195.10379028320312
2018-03-15,195.4933697886188,199.7610971649959,195.3462081420902,198.65304565429688,3330200.0,0.0,0.0,229.47999572753906,198.65304565429688
2018-03-16,198.80887295569232,200.20259585779982,197.1554475905866,197.25067138671875,5690300.0,0.0,0.0,227.86000061035156,197.25067138671875
2018-03-19,196.77454625522316,197.34588901415694,193.6321742901029,194.81814575195312,3407300.0,0.0,0.0,225.0500030517578,194.81814575195312
2018-03-20,194.9133904665997,197.02561795312513,193.80533886858916,196.31576538085938,3429100.0,0.0,0.0,226.77999877929688,196.31576538085938
2018-03-21,196.03010028345736,196.88711454144598,192.8877410888672,192.8877410888672,3419800.0,0.0,0.0,222.82000732421875,192.8877410888672
2018-03-22,191.87489723165777,191.88356234694535,186.20479450550368,186.30001831054688,5894800.0,0.0,0.0,215.2100067138672,186.30001831054688
2018-03-23,186.7674585527001,188.48147370902768,183.95404376569536,183.99732971191406,5741200.0,0.0,0.0,212.5500030517578,183.99732971191406
2018-03-26,186.28270577477196,189.935818079464,185.85852459499824,189.64149475097656,3561300.0,0.0,0.0,219.07000732421875,189.64149475097656
2018-03-27,190.72352943191586,192.13455595559273,187.3387723797258,188.68055725097656,3722100.0,0.0,0.0,217.9600067138672,188.68055725097656
2018-03-28,189.4856347323894,190.36861777197979,187.88414731057514,189.1480255126953,3179500.0,0.0,0.0,218.5,189.1480255126953
2018-03-29,189.90980484870167,193.34649980855264,185.2525177001953,185.2525177001953,5529400.0,0.0,0.0,214.0,185.2525177001953
2018-04-02,189.11342230195532,193.03488868412282,185.79791954889453,188.02267456054688,6220700.0,0.0,0.0,217.1999969482422,188.02267456054688
2018-04-03,190.7408715203101,194.86145074437522,190.17819382057831,194.4113006591797,4652000.0,0.0,0.0,224.5800018310547,194.4113006591797
2018-04-04,191.04379402767742,198.6529908570919,190.81006055518668,198.05567932128906,4674000.0,0.0,0.0,228.7899932861328,198.05567932128906
2018-04-05,198.6357507328763,200.4709586529113,196.33307571799162,198.2981414794922,3348100.0,0.0,0.0,229.07000732421875,198.2981414794922
2018-04-06,196.20321875548518,197.53635196334497,192.02206306369592,193.8745880126953,3231700.0,0.0,0.0,223.9600067138672,193.8745880126953
2018-04-09,195.2769836742792,195.7531027277729,192.48953744366284,192.80982971191406,3031500.0,0.0,0.0,222.72999572753906,192.80982971191406
2018-04-10,195.12109621812604,197.51034264946713,193.4676843232219,196.32437133789062,2737500.0,0.0,0.0,226.7899932861328,196.32437133789062
2018-04-11,194.1429308782724,195.1124726381057,191.9095108595001,192.09129333496094,3482100.0,0.0,0.0,221.89999389648438,192.09129333496094
2018-04-12,193.94378435165436,195.42407886733298,193.39842381136307,194.11692810058594,2664500.0,0.0,0.0,224.24000549316406,194.11692810058594
2018-04-13,194.8614486270858,195.75308367273576,193.11279936857076,194.15159606933594,2496600.0,0.0,0.0,224.27999877929688,194.15159606933594
2018-04-16,196.60146970682686,200.70473263611245,195.94356808817727,199.38026428222656,4510600.0,0.0,0.0,230.32000732421875,199.38026428222656
2018-04-17,207.1625554214023,209.20552797676655,204.36645757449404,206.50465393066406,6180300.0,0.0,0.0,238.5500030517578,206.50465393066406
2018-04-18,206.89423115775097,207.53482892997144,204.5569349538395,204.64349365234375,2940100.0,0.0,0.0,236.39999389648438,204.64349365234375
2018-04-19,204.47028109233173,206.26221582948136,203.2583541268778,204.08938598632812,2734900.0,0.0,0.0,235.75999450683594,204.08938598632812
2018-04-20,204.3404736168674,205.24942561060368,202.13302254894094,203.48345947265625,2842000.0,0.0,0.0,235.05999755859375,203.48345947265625
2018-04-23,203.68256384068812,204.47898824918778,201.76944922263922,202.8601837158203,3051700.0,0.0,0.0,234.33999633789062,202.8601837158203
2018-04-24,204.25390043745986,205.43987189985572,201.31929307669694,202.7563018798828,2771200.0,0.0,0.0,234.22000122070312,202.7563018798828
2018-04-25,202.08969678537895,203.51805341095746,199.48404724516072,203.34490966796875,3118800.0,0.0,0.0,234.89999389648438,203.34490966796875
2018-04-26,204.06344380674778,205.88999960697078,202.85151668248298,205.18881225585938,2252800.0,0.0,0.0,237.02999877929688,205.18881225585938
2018-04-27,205.70821172507598,208.22728969623932,205.29268254283048,207.9156494140625,2301800.0,0.0,0.0,240.17999267578125,207.9156494140625
2018-04-30,208.6255636360585,208.6255636360585,204.64349365234375,204.64349365234375,3446900.0,0.0,0.0,236.39999389648438,204.64349365234375
2018-05-01,205.16281884490357,205.58699989227497,202.8774613911943,205.03297424316406,2633500.0,0.0,0.0,236.85000610351562,205.03297424316406
2018-05-02,203.76048117873515,204.47898559273216,201.57899901169742,202.09840393066406,3542700.0,0.0,0.0,233.4600067138672,202.09840393066406
2018-05-03,200.80857861366505,203.2584154122926,198.50590347599876,202.6957244873047,2731600.0,0.0,0.0,234.14999389648438,202.6957244873047
2018-05-04,201.78673252359127,204.85983599199568,200.97300444015514,204.21058654785156,1999900.0,0.0,0.0,235.89999389648438,204.21058654785156
2018-05-07,204.1932698231511,205.1541594680618,201.37985574316184,202.3753662109375,3237800.0,0.0,0.0,233.77999877929688,202.3753662109375
2018-05-08,202.3234512331544,202.3234512331544,199.665850369288,200.8604736328125,2698300.0,0.0,0.0,232.02999877929688,200.8604736328125
2018-05-09,201.74346582429195,202.06375802039585,197.57094932503063,198.4193115234375,3504200.0,0.0,0.0,229.2100067138672,198.4193115234375
2018-05-10,199.23308216653345,202.81693991340006,198.54921164095828,202.3148651123047,2169000.0,0.0,0.0,233.7100067138672,202.3148651123047
2018-05-11,202.20226180571046,206.72103929171362,201.65688800977452,206.27088928222656,3044900.0,0.0,0.0,238.27999877929688,206.27088928222656
2018-05-14,206.80759971213058,210.93683018264994,206.73835805686866,210.270263671875,3893600.0,0.0,0.0,242.89999389648438,210.270263671875
2018-05-15,209.36998343724264,209.6816237317787,206.60850672907875,207.32701110839844,2396600.0,0.0,0.0,239.5,207.32701110839844
2018-05-16,207.456874655126,209.32671659294132,206.52196689523467,209.24880981445312,1906100.0,0.0,0.0,241.72000122070312,209.24880981445312
2018-05-17,209.04970492218428,210.8416268263046,208.22731158484189,210.32223510742188,2418700.0,0.0,0.0,242.9600067138672,210.32223510742188
2018-05-18,210.67715066760033,211.88042599617907,209.82880160367841,211.77655029296875,2283600.0,0.0,0.0,244.63999938964844,211.77655029296875
2018-05-21,212.08814594567377,215.69797117117773,211.9496362312195,214.59857177734375,3040700.0,0.0,0.0,247.89999389648438,214.59857177734375
2018-05-22,214.6851571148727,214.72844305448098,211.08398356729853,212.2439727783203,2644100.0,0.0,0.0,245.17999267578125,212.2439727783203
2018-05-23,211.24847132081572,212.52100138788393,209.17953012487067,211.44757080078125,3047800.0,0.0,0.0,244.25999450683594,211.44757080078125
2018-05-24,211.71598953837298,212.46911490784942,209.66435165580586,210.12315368652344,2610400.0,0.0,0.0,242.72999572753906,210.12315368652344
2018-05-25,210.3135744320263,212.59028048111432,209.87208948030508,212.04490661621094,1554900.0,0.0,0.0,244.9499969482422,212.04490661621094
2018-05-29,211.10132921812925,211.10132921812925,207.96762225885442,209.6383514404297,2837800.0,0.0,0.0,242.1699981689453,209.6383514404297
2018-05-30,210.99742784519293,212.73741168603698,210.03653809212634,212.03622436523438,2071900.0,0.0,0.0,244.94000244140625,212.03622436523438
2018-05-31,211.4043102266794,211.87176407805126,208.34849694181912,209.06700134277344,2966100.0,0.0,0.0,241.50999450683594,209.06700134277344
2018-06-01,210.9974756086712,210.9974756086712,208.87658293925458,210.6598663330078,2371400.0,0.0,0.0,243.35000610351562,210.6598663330078
2018-06-04,211.22250947974786,212.29594010284123,210.13177504669628,211.76788330078125,2188900.0,0.0,0.0,244.6300048828125,211.76788330078125
2018-06-05,212.16608457246434,212.18340159162537,209.413272931554,211.59474182128906,1531900.0,0.0,0.0,244.42999267578125,211.59474182128906
2018-06-06,213.2308432117478,215.30843620879907,212.20069861747984,215.24783325195312,2650300.0,0.0,0.0,248.64999389648438,215.24783325195312
2018-06-07,216.20872669686537,216.41649128374294,214.90157584475674,215.53350830078125,2117200.0,0.0,0.0,248.97999572753906,215.53350830078125
2018-06-08,215.9490570497987,217.7150099667871,214.74578177754765,217.00515747070312,3034600.0,0.0,0.0,250.67999267578125,217.00515747070312
2018-06-11,217.14367558211958,220.73619772703958,216.7627803948012,219.68873596191406,2775200.0,0.0,0.0,253.77999877929688,219.68873596191406
2018-06-12,219.18662192670067,219.82721950256473,216.56365508277977,219.5155792236328,2567200.0,0.0,0.0,253.5800018310547,219.5155792236328
2018-06-13,220.00038537955874,222.2424706505728,218.5633764621407,218.90098571777344,3138300.0,0.0,0.0,252.8699951171875,218.90098571777344
2018-06-14,220.28602902776123,221.60184505196617,219.5848416781764,221.03050231933594,2456600.0,0.0,0.0,255.3300018310547,221.03050231933594
2018-06-15,220.89149654016066,222.37701416015625,219.4059656644263,222.37701416015625,4772200.0,0.9,0.0,255.97999572753906,222.37701416015625
2018-06-18,220.65696095828574,221.5343716608959,219.0411259895427,221.41275024414062,1961900.0,0.0,0.0,254.8699951171875,221.41275024414062
2018-06-19,219.76220973546256,220.0488916790107,218.18981355736665,219.80564880371094,2370200.0,0.0,0.0,253.02000427246094,219.80564880371094
2018-06-20,220.06622880054493,220.42239727978858,218.8152581011076,219.6231689453125,2580400.0,0.0,0.0,252.80999755859375,219.6231689453125
2018-06-21,219.74476320982413,220.35287020921086,217.9812462837334,218.82391357421875,2150300.0,0.0,0.0,251.88999938964844,218.82391357421875
2018-06-22,219.12799632499443,221.6212419077569,218.21582910387116,220.97837829589844,2604000.0,0.0,0.0,254.3699951171875,220.97837829589844
2018-06-25,220.96968039267588,221.63860474233152,215.9744938098442,217.798828125,3060800.0,0.0,0.0,250.7100067138672,217.798828125
2018-06-26,217.66848227027032,219.32775590657684,216.78237601205228,216.98219299316406,2158000.0,0.0,0.0,249.77000427246094,216.98219299316406
2018-06-27,217.43400016744812,218.71103182769156,215.55755711559857,215.59230041503906,2481000.0,0.0,0.0,248.1699981689453,215.59230041503906
2018-06-28,214.68881466125384,215.44460398986504,210.4320383225256,212.7515411376953,3556900.0,0.0,0.0,244.89999389648438,212.7515411376953
2018-06-29,212.75150081123363,215.01019911432596,212.49089299265552,213.1337432861328,2772600.0,0.0,0.0,245.33999633789062,213.1337432861328
2018-07-02,212.8384014796611,215.21002567025587,212.07391644883617,214.9928436279297,1793300.0,0.0,0.0,247.47999572753906,214.9928436279297
2018-07-03,215.70522986457937,216.09615493089402,214.35001589829315,214.55850219726562,1248000.0,0.0,0.0,246.97999572753906,214.55850219726562
2018-07-05,216.40889283473197,217.98997134174743,215.07973968530047,217.61642456054688,2182900.0,0.0,0.0,250.5,217.61642456054688
2018-07-06,218.05949776072984,218.6849832314662,216.67822286941316,217.84231567382812,1572300.0,0.0,0.0,250.75999450683594,217.84231567382812
2018-07-09,219.03241908131716,220.66561888785753,218.09419114696993,220.37025451660156,2039600.0,0.0,0.0,253.6699981689453,220.37025451660156
2018-07-10,220.813310701861,223.17625228642024,220.43976396705597,221.99478149414062,2012200.0,0.0,0.0,255.5399932861328,221.99478149414062
2018-07-11,221.64732834196008,222.39443517786538,220.43111407687766,221.16952514648438,1486000.0,0.0,0.0,254.58999633789062,221.16952514648438
2018-07-12,222.5507898630047,223.10678865137973,221.45619707380797,222.43785095214844,1592700.0,0.0,0.0,256.04998779296875,222.43785095214844
2018-07-13,222.7332605093604,225.00932440276108,222.411808770234,224.74002075195312,2356200.0,0.0,0.0,258.70001220703125,224.74002075195312
2018-07-16,224.38382042687564,224.52282012410996,222.77666790998813,223.24578857421875,3625400.0,0.0,0.0,256.9800109863281,223.24578857421875
2018-07-17,218.5285352279528,219.37120246451795,213.94165236074124,217.43392944335938,6932300.0,0.0,0.0,250.2899932861328,217.43392944335938
2018-07-18,218.1463323954526,222.9243240987295,217.5642861093157,221.8905487060547,3359800.0,0.0,0.0,255.4199981689453,221.8905487060547
2018-07-19,221.80367471016282,222.82876755095614,218.7891870087609,219.72740173339844,2307600.0,0.0,0.0,252.92999267578125,219.72740173339844
2018-07-20,218.1984501264745,220.26602738693148,218.1984501264745,219.52760314941406,1959600.0,0.0,0.0,252.6999969482422,219.52760314941406
2018-07-23,219.71001433114807,221.7254565143869,219.29301532297058,219.5623321533203,1479600.0,0.0,0.0,252.74000549316406,219.5623321533203
2018-07-24,221.4040621005512,221.49094021991155,218.92818151191992,220.44845581054688,2476500.0,0.0,0.0,253.75999450683594,220.44845581054688
2018-07-25,221.36062893232776,221.76024973398535,219.58842924957298,221.40406799316406,3016900.0,0.0,0.0,254.86000061035156,221.40406799316406
2018-07-26,222.61159169534764,224.01892707710687,222.2206666732745,223.2631378173828,2021300.0,0.0,0.0,257.0,223.2631378173828
2018-07-27,223.94943727806222,223.94943727806222,221.86448176400077,222.35096740722656,1656800.0,0.0,0.0,255.9499969482422,222.35096740722656
2018-07-30,222.31626406928524,223.1676273536803,219.88382216024877,220.5179901123047,1681500.0,0.0,0.0,253.83999633789062,220.5179901123047
2018-07-31,220.77858320805436,221.69943297492446,219.65792966770536,219.97935485839844,2355900.0,0.0,0.0,253.22000122070312,219.97935485839844
2018-08-01,222.48131792554372,222.48131792554372,219.62319445964792,220.10968017578125,3006700.0,0.0,0.0,253.3699951171875,220.10968017578125
2018-08-02,220.22257559053625,222.65500369069264,219.11928718070456,222.46388244628906,1854400.0,0.0,0.0,256.0799865722656,222.46388244628906
2018-08-03,222.78535823708341,223.74963381678637,220.91758464741437,223.4542694091797,1422300.0,0.0,0.0,257.2200012207031,223.4542694091797
2018-08-06,222.8287791709336,223.73226390540643,221.93399020197347,223.05465698242188,1398100.0,0.0,0.0,256.760009765625,223.05465698242188
2018-08-07,223.8191353116573,224.8615931941788,223.37607546748498,223.8278045654297,1462800.0,0.0,0.0,257.6499938964844,223.8278045654297
2018-08-08,224.22740521626997,225.43495004413558,224.06237126190396,224.8355255126953,1494300.0,0.0,0.0,258.80999755859375,224.8355255126953
2018-08-09,225.79113815379458,228.4928699928038,225.26989595802232,227.25059509277344,2315000.0,0.0,0.0,261.5899963378906,227.25059509277344
2018-08-10,226.29497624933225,227.17240012162023,225.09612721909104,226.18203735351562,1625000.0,0.0,0.0,260.3599853515625,226.18203735351562
2018-08-13,226.7380334216075,228.0845513679877,226.12991314883593,226.65985107421875,1635100.0,0.0,0.0,260.9100036621094,226.65985107421875
2018-08-14,226.64251421936405,229.60485406950556,226.60775766793537,228.89251708984375,1941600.0,0.0,0.0,263.4800109863281,228.89251708984375
2018-08-15,227.58941079486033,228.2062003595384,225.1656518276751,226.39923095703125,2017700.0,0.0,0.0,260.6099853515625,226.39923095703125
2018-08-16,227.23328562202042,229.12710710184973,227.1290424596791,228.56243896484375,2115900.0,0.0,0.0,263.1000061035156,228.56243896484375
2018-08-17,228.95331262756497,229.45718984346772,227.36355164410665,227.89346313476562,1969700.0,0.0,0.0,262.3299865722656,227.89346313476562
2018-08-20,228.47551162011476,228.901179945163,227.23323668394693,227.9542694091797,1786200.0,0.0,0.0,262.3999938964844,227.9542694091797
2018-08-21,227.47643252296214,228.05846543761268,226.50346140299877,227.33743286132812,1559300.0,0.0,0.0,261.69000244140625,227.33743286132812
2018-08-22,227.56334136709305,227.56334136709305,226.0864929602637,226.5121612548828,2148500.0,0.0,0.0,260.739990234375,226.5121612548828
2018-08-23,226.75542330476603,228.0932721446816,225.48708756669257,227.10293579101562,1603500.0,0.0,0.0,261.4200134277344,227.10293579101562
2018-08-24,227.3895974382925,230.021842720672,227.3895974382925,229.5874786376953,2238600.0,0.0,0.0,264.2799987792969,229.5874786376953
2018-08-27,230.21300003416488,232.3413949786969,229.70914928404864,232.0199432373047,2614000.0,0.0,0.0,267.0799865722656,232.0199432373047
2018-08-28,233.28834411809413,233.8095864875584,232.23716361103658,233.2622833251953,2603900.0,0.0,0.0,268.510009765625,233.2622833251953
2018-08-29,233.15790910630395,233.9658197435658,232.1675465098101,233.6878204345703,2880600.0,0.0,0.0,269.0,233.6878204345703
2018-08-30,234.0875239073594,234.7043400981468,232.91473538196348,233.1580047607422,2976300.0,0.0,0.0,268.3900146484375,233.1580047607422
2018-08-31,233.0624005454707,233.8703114090964,232.12418575407966,233.21876525878906,2961500.0,0.0,0.0,268.4599914550781,233.21876525878906
2018-09-04,232.81922333442748,234.04413362364764,231.5769480204375,233.2622833251953,2097300.0,0.0,0.0,268.510009765625,233.2622833251953
2018-09-05,233.30559309953057,233.5140793390225,231.88956219620613,232.50637817382812,2230600.0,0.0,0.0,267.6400146484375,232.50637817382812
2018-09-06,233.25603206383877,235.36543265580661,232.68073373850285,235.0429229736328,2556100.0,0.9,0.0,269.6499938964844,235.0429229736328
2018-09-07,235.0342100217956,236.35912248901957,233.1775715861868,233.84873962402344,2958000.0,0.0,0.0,268.2799987792969,233.84873962402344
2018-09-10,232.5412909634293,232.55871457489047,225.5418671268723,226.39610290527344,4146200.0,0.0,0.0,259.7300109863281,226.39610290527344
2018-09-11,224.81836080215618,227.86916811388895,224.4348286120355,227.53793334960938,2283300.0,0.0,0.0,261.0400085449219,227.53793334960938
2018-09-12,227.60763730691582,230.5451244419575,227.37229890828763,228.95872497558594,2236300.0,0.0,0.0,262.6700134277344,228.95872497558594
2018-09-13,230.25752914969866,231.59116684518256,229.61250976523485,231.4168243408203,2734500.0,0.0,0.0,265.489990234375,231.4168243408203
2018-09-14,231.33833382695133,232.42790776792313,229.49042067921133,231.2598876953125,2084600.0,0.0,0.0,265.30999755859375,231.2598876953125
2018-09-17,232.29722921156926,232.43669790714793,229.60380486798246,230.0047607421875,1940400.0,0.0,0.0,263.8699951171875,230.0047607421875
2018-09-18,229.18544104617942,230.19656932489028,228.3748040420113,229.49925231933594,3557000.0,0.0,0.0,263.2900085449219,229.49925231933594
2018-09-19,230.52772954188595,231.5214072829825,229.3858580196182,231.27734375,2274300.0,0.0,0.0,265.3299865722656,231.27734375
2018-09-20,231.93110085880994,233.55240103137095,231.91367724869284,232.2013397216797,2095000.0,0.0,0.0,266.3900146484375,232.2013397216797
2018-09-21,231.94858230528573,233.4652612185937,231.7306674452847,232.4454345703125,5671600.0,0.0,0.0,266.6700134277344,232.4454345703125
2018-09-24,232.74173925663573,234.9383109374668,232.44537831087564,233.0467987060547,2699800.0,0.0,0.0,267.3599853515625,233.0467987060547
2018-09-25,232.99456448421606,233.02071320414322,229.2725881429248,229.6909942626953,3789700.0,0.0,0.0,263.510009765625,229.6909942626953
2018-09-26,230.5538579065552,231.41679200041145,228.76696719075073,229.1679229736328,2238000.0,0.0,0.0,262.9100036621094,229.1679229736328
2018-09-27,229.24635331365093,231.3470550285221,229.1853307897635,230.68458557128906,2761400.0,0.0,0.0,264.6499938964844,230.68458557128906
2018-09-28,230.44934330466546,232.02704487459266,229.98736483282383,231.89630126953125,2875100.0,0.0,0.0,266.0400085449219,231.89630126953125
2018-10-01,232.95096247177182,235.36544930721092,232.75047124391693,234.56353759765625,3314500.0,0.0,0.0,269.1000061035156,234.56353759765625
2018-10-02,234.47634687580205,236.60319765211793,233.16885795270278,235.89715576171875,2777300.0,0.0,0.0,270.6300048828125,235.89715576171875
2018-10-03,237.091307266507,237.1523297959822,235.14749763427463,236.13247680664062,3002200.0,0.0,0.0,270.8999938964844,236.13247680664062
2018-10-04,236.21964625906048,236.76007071391058,233.00322164133334,233.88360595703125,2186600.0,0.0,0.0,268.32000732421875,233.88360595703125
2018-10-05,234.17123676672702,236.2196411894781,233.56109129247676,234.65066528320312,2045700.0,0.0,0.0,269.20001220703125,234.65066528320312
2018-10-08,234.33686786967922,235.04290972895814,231.55627275437413,234.4850616455078,1865000.0,0.0,0.0,269.010009765625,234.4850616455078
2018-10-09,234.6419513163209,237.05643781804088,234.0143556038364,235.44386291503906,2510100.0,0.0,0.0,270.1099853515625,235.44386291503906
2018-10-10,235.87101127626465,236.58577828459735,228.82798925437348,229.3161163330078,4267300.0,0.0,0.0,263.0799865722656,229.3161163330078
2018-10-11,228.37478095756262,230.46675836370423,222.95305799445632,224.12107849121094,4558500.0,0.0,0.0,257.1199951171875,224.12107849121094
2018-10-12,226.36999193203255,227.843098674597,223.89445544323675,226.29151916503906,4006300.0,0.0,0.0,259.6099853515625,226.29151916503906
2018-10-15,226.74480086308793,228.75833227655758,226.03003365459148,226.84939575195312,3583400.0,0.0,0.0,260.25,226.84939575195312
2018-10-16,235.07779751497938,237.7973702605997,230.98971329129668,237.5881805419922,6453600.0,0.0,0.0,272.57000732421875,237.5881805419922
2018-10-17,235.5136302601223,236.21967217063903,231.53886594872034,232.99452209472656,3985100.0,0.0,0.0,267.29998779296875,232.99452209472656
2018-10-18,233.03814737487616,233.50012579574243,229.86529437048594,232.56744384765625,3132100.0,0.0,0.0,266.80999755859375,232.56744384765625
2018-10-19,232.40177145402083,233.58724179751454,230.02215886459925,231.2511749267578,3336600.0,0.0,0.0,265.29998779296875,231.2511749267578
2018-10-22,232.5151549210249,232.58487597160388,226.68375115688016,228.54039001464844,2618100.0,0.0,0.0,262.19000244140625,228.54039001464844
2018-10-23,226.38734572579972,231.44295883037708,225.93409248362175,230.86766052246094,4081800.0,0.0,0.0,264.8599853515625,230.86766052246094
2018-10-24,230.12678355315356,231.27735362868455,223.08376141323183,223.42372131347656,5265600.0,0.0,0.0,256.32000732421875,223.42372131347656
2018-10-25,225.02759307945664,231.14663246891365,220.85233712034773,230.3272705078125,4675600.0,0.0,0.0,264.239990234375,230.3272705078125
2018-10-26,227.9388980574801,228.7233860766889,224.03385496949141,225.04498291015625,4830600.0,0.0,0.0,258.17999267578125,225.04498291015625
2018-10-29,226.38735816575706,228.40961415908265,220.80874387462725,223.59803771972656,3697700.0,0.0,0.0,256.5199890136719,223.59803771972656
2018-10-30,223.74623648246907,226.36121448341646,221.38403383607496,225.13217163085938,4169200.0,0.0,0.0,258.2799987792969,225.13217163085938
2018-10-31,227.38977568858863,230.1790963141006,226.8232024180439,227.8081817626953,4230200.0,0.0,0.0,261.3500061035156,227.8081817626953
2018-11-01,229.17665178130054,230.7107539061767,226.42220547857386,227.44203186035156,2771300.0,0.0,0.0,260.92999267578125,227.44203186035156
2018-11-02,230.64979354940624,232.19264779551042,226.24792398152982,227.5118408203125,2593600.0,0.0,0.0,261.010009765625,227.5118408203125
2018-11-05,228.50551875760945,229.24643460789807,226.69247881189006,227.5118408203125,3287000.0,0.0,0.0,261.010009765625,227.5118408203125
2018-11-06,227.24156261329637,230.12675241859534,227.24156261329637,229.71707153320312,2582400.0,0.0,0.0,263.5400085449219,229.71707153320312
2018-11-07,232.645808855626,241.23165632504936,232.645808855626,239.3837432861328,5796800.0,0.0,0.0,274.6300048828125,239.3837432861328
2018-11-08,240.5779123769879,242.32123058261826,239.44476618369808,241.1444854736328,3809100.0,0.0,0.0,276.6499938964844,241.1444854736328
2018-11-09,241.32763113426952,242.32133571103037,239.0003152165908,241.0574188232422,2904300.0,0.0,0.0,276.54998779296875,241.0574188232422
2018-11-12,240.57797948046397,242.1382571579642,237.09134209668912,237.42257690429688,3140600.0,0.0,0.0,272.3800048828125,237.42257690429688
2018-11-13,237.5968375137964,238.48594686432114,233.72669539141455,234.66807556152344,2516900.0,0.0,0.0,269.2200012207031,234.66807556152344
2018-11-14,234.72913354047955,235.80125742380307,229.55147532050503,230.954833984375,3511900.0,0.0,0.0,264.9599914550781,230.954833984375
2018-11-15,230.11809222173818,231.79169005139863,227.37237030518855,230.9374542236328,3657600.0,0.0,0.0,264.94000244140625,230.9374542236328
2018-11-16,230.98100083377386,236.91699883267296,230.9200048964605,236.3155517578125,3857800.0,0.0,0.0,271.1099853515625,236.3155517578125
2018-11-19,236.63809892923945,237.3266906893006,230.2749694712719,231.90496826171875,3670800.0,0.0,0.0,266.04998779296875,231.90496826171875
2018-11-20,231.53015131814615,232.5412793520101,226.9800884662246,227.9389190673828,3617700.0,0.0,0.0,261.5,227.9389190673828
2018-11-21,228.88901704131874,230.66720949767654,227.02367993393653,227.11082458496094,3234300.0,0.0,0.0,260.54998779296875,227.11082458496094
2018-11-23,226.63140382728372,229.19408413709732,225.1321488610045,228.04348754882812,1159300.0,0.0,0.0,261.6199951171875,228.04348754882812
2018-11-26,230.65849165242471,233.86619165828319,229.6822374420271,232.0008544921875,3879800.0,0.0,0.0,266.1600036621094,232.0008544921875
2018-11-27,231.48654092491088,236.4811311335066,231.01583750703114,236.3503875732422,3497300.0,0.0,0.0,271.1499938964844,236.3503875732422
2018-11-28,237.8061203805982,246.15660560487768,237.8061203805982,244.89271545410156,5044300.0,0.0,0.0,280.95001220703125,244.89271545410156
2018-11-29,244.43939440572387,248.81514081720832,244.33479955302255,246.2873077392578,4177800.0,0.0,0.0,282.54998779296875,246.2873077392578
2018-11-30,247.4590862507982,248.02749662959428,244.0312781213919,246.0337371826172,6143200.0,0.9,0.0,281.3599853515625,246.0337371826172
2018-12-03,247.46788646390323,250.55467564105078,247.21428999157712,250.37977600097656,4178800.0,0.0,0.0,286.3299865722656,250.37977600097656
2018-12-04,250.22229118106029,251.78755432590614,242.1424324487469,243.57650756835938,4635500.0,0.0,0.0,278.54998779296875,243.57650756835938
2018-12-06,238.74081338439302,242.16864735946575,231.94638963610504,242.08995056152344,6694600.0,0.0,0.0,276.8500061035156,242.08995056152344
2018-12-07,239.38795137714047,241.71397710994643,233.72154101922692,235.3829803466797,3506900.0,0.0,0.0,269.17999267578125,235.3829803466797
2018-12-10,234.86705797997692,235.2255834470219,227.55671436685483,233.06570434570312,4061300.0,0.0,0.0,266.5299987792969,233.06570434570312
2018-12-11,235.73275904916122,237.43793666114908,232.31370421171542,233.66908264160156,3102800.0,0.0,0.0,267.2200012207031,233.66908264160156
2018-12-12,237.80520344061017,240.08749088185075,236.52849519773295,236.65968322753906,3167900.0,0.0,0.0,270.6400146484375,236.65968322753906
2018-12-13,236.85207667212765,239.00322983019356,235.76777379260236,237.98011779785156,2350400.0,0.0,0.0,272.1499938964844,237.98011779785156
2018-12-14,236.41481572887042,236.59846829824002,230.59976480855352,231.7452850341797,3360500.0,0.0,0.0,265.0199890136719,231.7452850341797
2018-12-17,228.26503992189413,229.76033280797424,224.4961855985295,225.66793823242188,5806800.0,0.0,0.0,258.07000732421875,225.66793823242188
2018-12-18,227.09332072353322,227.34689049662146,217.0371923803132,221.2082977294922,5065500.0,0.0,0.0,252.97000122070312,221.2082977294922
2018-12-19,220.68361723327422,224.34754286974464,216.50377239674344,218.88226318359375,5468500.0,0.0,0.0,250.30999755859375,218.88226318359375
2018-12-20,217.2994987333015,217.74546070791794,209.91044400029966,212.0003662109375,7311700.0,0.0,0.0,242.44000244140625,212.0003662109375
2018-12-21,210.50511440146647,216.42511003626794,207.6369362328679,208.41519165039062,12209700.0,0.0,0.0,238.33999633789062,208.41519165039062
2018-12-24,206.5788158625331,208.03038388966544,203.36085250403556,203.69314575195312,3091000.0,0.0,0.0,232.94000244140625,203.69314575195312
2018-12-26,203.4832393001175,212.81356082662026,202.70498420275678,212.79608154296875,4159300.0,0.0,0.0,243.35000610351562,212.79608154296875
2018-12-27,209.07971271112007,215.08714294433594,205.7043559646729,215.08714294433594,4295800.0,0.0,0.0,245.97000122070312,215.08714294433594
2018-12-28,215.7342780789224,218.42755626617944,214.0728249870271,215.3232879638672,3312700.0,0.0,0.0,246.24000549316406,215.3232879638672
2018-12-31,216.91476549199135,218.8560339307569,215.93539162845852,217.8416748046875,3123200.0,0.0,0.0,249.1199951171875,217.8416748046875
2019-01-02,214.2389553009423,215.41946100407327,211.15216652261512,212.91854858398438,4063600.0,0.0,0.0,243.49000549316406,212.91854858398438
2019-01-03,212.90975619364988,212.90975619364988,206.48259672989073,207.11219787597656,4623200.0,0.0,0.0,236.85000610351562,207.11219787597656
2019-01-04,209.69181553401572,212.89228593852695,208.8173709432508,209.53440856933594,5367600.0,0.0,0.0,239.6199951171875,209.53440856933594
2019-01-07,210.2164913788497,211.59811554577664,208.31894806372532,209.93667602539062,4133000.0,0.0,0.0,240.0800018310547,209.93667602539062
2019-01-08,211.9041776770123,214.05530408497657,209.61313692006772,212.74363708496094,3618600.0,0.0,0.0,243.2899932861328,212.74363708496094
2019-01-09,214.02907163208036,215.6642922306061,211.6680737026349,213.04969787597656,3425400.0,0.0,0.0,243.63999938964844,213.04969787597656
2019-01-10,211.68553450161565,214.36133264216846,211.0996582646877,214.12522888183594,3374100.0,0.0,0.0,244.8699951171875,214.12522888183594
2019-01-11,212.88351254685412,216.65236623690726,212.7261189402271,216.57366943359375,3967100.0,0.0,0.0,247.6699981689453,216.57366943359375
2019-01-14,215.629314375006,218.54121681371618,215.20958465697495,216.9147491455078,4955500.0,0.0,0.0,248.05999755859375,216.9147491455078
2019-01-15,218.6111311760465,224.6622990288083,215.98779760193398,224.61856079101562,5325600.0,0.0,0.0,256.8699951171875,224.61856079101562
2019-01-16,226.24506175504212,229.2706326095474,225.75537491220652,228.6322784423828,6069400.0,0.0,0.0,261.4599914550781,228.6322784423828
2019-01-17,228.2213188647749,228.87715240457797,225.5105615823369,227.1544952392578,3583600.0,0.0,0.0,259.7699890136719,227.1544952392578
2019-01-18,229.62912489988415,232.82959488665654,227.7228423454562,232.16500854492188,4844800.0,0.0,0.0,265.5,232.16500854492188
2019-01-22,230.90585818882826,233.91394999844937,230.62602948887894,232.33120727539062,4052700.0,0.0,0.0,265.69000244140625,232.33120727539062
2019-01-23,234.1325864648558,235.63663253217953,230.56486355577482,233.49423217773438,2971100.0,0.0,0.0,267.0199890136719,233.49423217773438
2019-01-24,233.30186650123346,234.49112532904127,231.08079587992876,232.71600341796875,2927300.0,0.0,0.0,266.1300048828125,232.71600341796875
2019-01-25,235.05077690801448,236.45864706449385,232.34001908449963,234.3949432373047,2809100.0,0.0,0.0,268.04998779296875,234.3949432373047
2019-01-28,233.38925579694848,233.41548806721832,231.38677021324605,233.27557373046875,2837300.0,0.0,0.0,266.7699890136719,233.27557373046875
2019-01-29,232.6022647664202,234.74466472153617,232.1125779228391,233.77401733398438,2173000.0,0.0,0.0,267.3399963378906,233.77401733398438
2019-01-30,235.8290137178294,238.23373685125344,233.64290177835304,236.4236297607422,3659000.0,0.0,0.0,270.3699951171875,236.4236297607422
2019-01-31,236.51983737124596,237.62161966470444,235.21689648239206,236.27499389648438,4055100.0,0.0,0.0,270.20001220703125,236.27499389648438
2019-02-01,234.76213226803793,235.56663300565512,232.6284854051512,234.98074340820312,3946800.0,0.0,0.0,268.7200012207031,234.98074340820312
2019-02-04,234.6222093115219,234.95450250210706,231.08944594425304,234.53475952148438,3398900.0,0.0,0.0,268.2099914550781,234.53475952148438
2019-02-05,236.20503045572693,237.9276878181785,232.462407694403,232.87339782714844,3597000.0,0.0,0.0,266.30999755859375,232.87339782714844
2019-02-06,231.85030581650076,236.03887717177702,231.71039144695152,235.66287231445312,2570000.0,0.0,0.0,269.5,235.66287231445312
2019-02-07,234.910829182825,236.60722729318937,233.70409126732096,235.22561645507812,2458200.0,0.0,0.0,269.0,235.22561645507812
2019-02-08,233.9139081797249,234.9632522739681,227.63540295544902,229.0170135498047,4547000.0,0.0,0.0,261.8999938964844,229.0170135498047
2019-02-11,228.37871661522297,228.3874429151217,224.15513409236442,224.85470581054688,4856200.0,0.0,0.0,257.1400146484375,224.85470581054688
2019-02-12,226.67354613060814,230.85339054346537,224.66233408433763,230.41616821289062,4327900.0,0.0,0.0,263.5,230.41616821289062
2019-02-13,230.4336233848128,232.85585192171337,230.11008316379457,230.678466796875,3066400.0,0.0,0.0,263.79998779296875,230.678466796875
2019-02-14,230.1887715405846,233.53790906374599,229.72531700308923,232.016357421875,3015300.0,0.0,0.0,265.3299865722656,232.016357421875
2019-02-15,234.16749342157027,237.088134765625,233.14438164405905,237.088134765625,3673700.0,0.0,0.0,271.1300048828125,237.088134765625
2019-02-19,237.12314353528834,238.27739007541217,235.4704305044477,236.45855712890625,2486700.0,0.0,0.0,270.4100036621094,236.45855712890625
2019-02-20,235.40929664486004,236.6160348386153,234.5086194936563,235.67164611816406,2802800.0,0.0,0.0,269.510009765625,235.67164611816406
2019-02-21,235.63659301624932,236.04758305543092,231.815274293397,232.95204162597656,2554300.0,0.0,0.0,266.3999938964844,232.95204162597656
2019-02-22,233.03950804669665,234.69222130700783,232.5585741453641,233.57290649414062,3191100.0,0.0,0.0,267.1099853515625,233.57290649414062
2019-02-25,233.98384878478922,234.4997945260888,231.18564238179695,231.37802124023438,3679100.0,0.0,0.0,264.6000061035156,231.37802124023438
2019-02-26,231.43050150288713,232.10381421020992,229.80402073721726,229.96144104003906,3212900.0,0.0,0.0,262.9800109863281,229.96144104003906
2019-02-27,228.76350221642812,228.76350221642812,217.68430101676978,218.68116760253906,8952900.0,0.0,0.0,250.0800018310547,218.68116760253906
2019-02-28,218.34884134994485,220.31634194682798,209.12344699374393,211.80799865722656,11034300.0,0.0,0.0,242.22000122070312,211.80799865722656
2019-03-01,212.9797591919945,216.8622959807177,212.9797591919945,215.24456787109375,6921300.0,0.0,0.0,246.14999389648438,215.24456787109375
2019-03-04,216.96721707197005,217.25578542728852,205.06602404082753,206.38644409179688,8646300.0,0.0,0.0,236.02000427246094,206.38644409179688
2019-03-05,206.8324136045621,212.6649584282241,205.44204966812464,211.1171875,6924500.0,0.0,0.0,241.42999267578125,211.1171875
2019-03-06,211.3882475937907,211.3882475937907,207.26960755583667,209.05348205566406,4878700.0,0.0,0.0,239.07000732421875,209.05348205566406
2019-03-07,210.1290392098156,210.89854138152728,205.9754273763957,206.9810333251953,5033500.0,0.0,0.0,236.6999969482422,206.9810333251953
2019-03-08,206.4104869845287,210.14984787376855,205.96282286695367,208.2889404296875,4921700.0,0.9,0.0,237.2899932861328,208.2889404296875
2019-03-11,209.974303608706,214.19643420265476,207.52528356422664,213.43275451660156,4539600.0,0.0,0.0,243.14999389648438,213.43275451660156
2019-03-12,215.01277231515175,217.23356046892957,213.95066322972494,215.82911682128906,4235800.0,0.0,0.0,245.8800048828125,215.82911682128906
2019-03-13,217.65494294907083,221.86828800854417,216.88249010434865,221.42062377929688,4881600.0,0.0,0.0,252.25,221.42062377929688
2019-03-14,222.07891300695016,223.88714232951725,221.49957349761476,222.31591796875,3865200.0,0.0,0.0,253.27000427246094,222.31591796875
2019-03-15,223.25513571024877,223.60625664888116,219.39289914255272,220.67445373535156,6466200.0,0.0,0.0,251.39999389648438,220.67445373535156
2019-03-18,221.7804805345888,224.1065982867361,219.81424334835646,223.83448791503906,3927400.0,0.0,0.0,255.0,223.83448791503906
2019-03-19,224.66835735065996,227.56504136601677,223.95735589288654,225.7041473388672,4164800.0,0.0,0.0,257.1300048828125,225.7041473388672
2019-03-20,225.9675008823571,226.19573286237073,219.41925214029692,219.8844757080078,4193500.0,0.0,0.0,250.5,219.8844757080078
2019-03-21,218.73453338633436,222.0437758010461,218.26930992412068,221.21865844726562,2699700.0,0.0,0.0,252.02000427246094,221.21865844726562
2019-03-22,219.94591206714543,220.49890579503955,216.80344990121458,216.89122009277344,3777900.0,0.0,0.0,247.08999633789062,216.89122009277344
2019-03-25,217.18093286159254,217.18093286159254,211.3524579108347,216.6893768310547,4110900.0,0.0,0.0,246.86000061035156,216.6893768310547
2019-03-26,217.04049232294943,217.59349957430123,212.17758325152317,213.6434783935547,4416200.0,0.0,0.0,243.38999938964844,213.6434783935547
2019-03-27,213.24838465903036,215.6534990312627,209.05258730942325,212.16871643066406,4819200.0,0.0,0.0,241.7100067138672,212.16871643066406
2019-03-28,212.94121580291946,213.16944778465256,209.69342380605417,212.62521362304688,3601500.0,0.0,0.0,242.22999572753906,212.62521362304688
2019-03-29,214.43342141925305,217.47932691900402,212.30918996705657,217.04043579101562,4294200.0,0.0,0.0,247.25999450683594,217.04043579101562
2019-04-01,219.1909722437479,219.62107689704544,213.35371329142868,215.53060913085938,4809500.0,0.0,0.0,245.5399932861328,215.53060913085938
2019-04-02,215.5043097376212,216.28553538392683,213.12552740293626,214.53875732421875,4057100.0,0.0,0.0,244.41000366210938,214.53875732421875
2019-04-03,216.20653454131858,217.28620291202117,214.69674806484153,215.79397583007812,2851400.0,0.0,0.0,245.83999633789062,215.79397583007812
2019-04-04,215.47797377520777,218.66432749264348,214.7406399312388,217.154541015625,2255500.0,0.0,0.0,247.38999938964844,217.154541015625
2019-04-05,218.52388567997582,218.83988782171332,215.20586988867916,218.37466430664062,3343000.0,0.0,0.0,248.77999877929688,218.37466430664062
2019-04-08,219.16467398962558,219.16467398962558,216.20655198197193,218.3483428955078,2195400.0,0.0,0.0,248.75,218.3483428955078
2019-04-09,217.31258646534303,219.39292638370708,215.89056992663075,218.3834686279297,2903800.0,0.0,0.0,248.7899932861328,218.3834686279297
2019-04-10,218.37468631216205,219.3314658343753,215.51312074699285,215.96078491210938,2753700.0,0.0,0.0,246.02999877929688,215.96078491210938
2019-04-11,215.9783527630551,216.74201913164498,204.24239347992946,206.64752197265625,8223400.0,0.0,0.0,235.4199981689453,206.64752197265625
2019-04-12,207.59549994237452,207.84127789827892,193.78798904533483,195.9385528564453,13979400.0,0.0,0.0,223.22000122070312,195.9385528564453
2019-04-15,198.176876514458,202.74134094102422,196.98309227422754,202.06544494628906,10021800.0,0.0,0.0,230.1999969482422,202.06544494628906
2019-04-16,208.9209661173735,208.9209661173735,189.44298759831864,193.9547882080078,27361400.0,0.0,0.0,220.9600067138672,193.9547882080078
2019-04-17,196.43885516303982,196.83386783300128,182.64013252940896,190.33827209472656,22101400.0,0.0,0.0,216.83999633789062,190.33827209472656
2019-04-18,190.60163202049293,195.7454364006791,188.02973652734676,194.64820861816406,13927200.0,0.0,0.0,221.75,194.64820861816406
2019-04-22,196.62318557908384,199.74808763544306,194.42873038288872,199.35308837890625,11191800.0,0.0,0.0,227.11000061035156,199.35308837890625
2019-04-23,200.3537681360249,203.5927862896585,198.46654194268382,202.3990020751953,10261400.0,0.0,0.0,230.5800018310547,202.3990020751953
2019-04-24,201.96897256734573,203.32076512031725,199.91496472825182,202.19720458984375,6104100.0,0.0,0.0,230.35000610351562,202.19720458984375
2019-04-25,200.59953038137022,203.7507647195246,200.24842291968565,202.58331298828125,5954500.0,0.0,0.0,230.7899932861328,202.58331298828125
2019-04-26,203.768341146775,208.13091936208826,202.93445081013857,208.03436279296875,6186200.0,0.0,0.0,237.0,208.03436279296875
2019-04-29,208.3855057906762,208.96484530410657,205.54149980455352,208.4293975830078,5345300.0,0.0,0.0,237.4499969482422,208.4293975830078
2019-04-30,208.98233872966634,208.98233872966634,202.0566393330642,204.58465576171875,7632300.0,0.0,0.0,233.07000732421875,204.58465576171875
2019-05-01,204.58470292652046,205.94525461570942,202.1971342810052,203.60157775878906,4823200.0,0.0,0.0,231.9499969482422,203.60157775878906
2019-05-02,202.67994671362933,204.82173786944483,200.20460736039234,204.04051208496094,5499200.0,0.0,0.0,232.4499969482422,204.04051208496094
2019-05-03,204.3828033777625,205.313250362844,199.41455293202898,203.60157775878906,4323100.0,0.0,0.0,231.9499969482422,203.60157775878906
2019-05-06,200.28357180698606,211.16807960375,199.69545931429477,211.10662841796875,7180200.0,0.0,0.0,240.5,211.10662841796875
2019-05-07,209.9567411882479,213.43275144183357,207.50772117904972,208.95606994628906,5104700.0,0.0,0.0,238.0500030517578,208.95606994628906
2019-05-08,208.9121562050858,211.37872195675322,206.7440331763199,209.92160034179688,3768400.0,0.0,0.0,239.14999389648438,209.92160034179688
2019-05-09,207.68329156863194,211.1417424803625,206.86694708826872,208.88584899902344,4299500.0,0.0,0.0,237.97000122070312,208.88584899902344
2019-05-10,210.64140247324747,212.96752002153065,207.481381092661,211.1856231689453,4374400.0,0.0,0.0,240.58999633789062,211.1856231689453
2019-05-13,207.55162039008928,210.755533794163,207.33217481695664,210.2727508544922,4684400.0,0.0,0.0,239.5500030517578,210.2727508544922
2019-05-14,211.22951137143096,211.53674050378694,207.40238038389938,207.53404235839844,5329700.0,0.0,0.0,236.42999267578125,207.53404235839844
2019-05-15,206.27884590090358,208.49963410653785,204.18971968615855,207.2268524169922,5099700.0,0.0,0.0,236.0800018310547,207.2268524169922
2019-05-16,207.0600532170178,211.0627381108028,206.9108318426497,207.8500518798828,4456400.0,0.0,0.0,236.7899932861328,207.8500518798828
2019-05-17,207.3058378195514,212.80953642188132,206.84938728727363,211.87908935546875,4486400.0,0.0,0.0,241.3800048828125,211.87908935546875
2019-05-20,210.667738712519,216.58399586316412,210.46585254654318,215.9256591796875,5390800.0,0.0,0.0,245.99000549316406,215.9256591796875
2019-05-21,216.8210046721754,220.48135531619292,216.63667788672078,219.39291381835938,5345300.0,0.0,0.0,249.94000244140625,219.39291381835938
2019-05-22,218.65552129299803,220.34963427683815,218.31318681785515,218.86618041992188,4038000.0,0.0,0.0,249.33999633789062,218.86618041992188
2019-05-23,217.67245084475292,217.82167222837654,214.52121560458892,216.3733367919922,3934600.0,0.0,0.0,246.5,216.3733367919922
2019-05-24,217.03162711015315,218.88374790153034,215.50428141404797,217.3651885986328,2973900.0,0.0,0.0,247.6300048828125,217.3651885986328
2019-05-28,218.1289028548548,218.83113137783454,212.40575847432814,212.47598266601562,6172700.0,0.0,0.0,242.05999755859375,212.47598266601562
2019-05-29,210.53606492059444,213.3274058728492,208.82437892447945,212.77439880371094,3958400.0,0.0,0.0,242.39999389648438,212.77439880371094
2019-05-30,212.35306227235296,215.3638620988965,211.84394700333738,213.73995971679688,2646600.0,0.0,0.0,243.5,213.73995971679688
2019-05-31,212.3794342100687,213.84532910870897,210.2113107615558,212.24777221679688,3285700.0,0.0,0.0,241.8000030517578,212.24777221679688
2019-06-03,211.9756362141934,214.0033110288764,207.17416632941269,207.64816284179688,4999400.0,0.0,0.0,236.55999755859375,207.64816284179688
2019-06-04,209.02628077574101,211.58940320723374,206.12959682028153,211.3348388671875,4992000.0,0.0,0.0,240.75999450683594,211.3348388671875
2019-06-05,213.4502896409435,215.75007465074142,211.7473900803875,213.09918212890625,3194400.0,0.0,0.0,242.77000427246094,213.09918212890625
2019-06-06,213.4151817983445,214.1261832080916,212.18627873252981,212.26528930664062,2630100.0,0.0,0.0,241.82000732421875,212.26528930664062
2019-06-07,213.21329476347032,216.87365838832105,212.5900768911157,216.61032104492188,2837400.0,0.0,0.0,246.77000427246094,216.61032104492188
2019-06-10,216.88248003210603,219.15593326536234,215.92570041726177,217.81292724609375,2331000.0,0.0,0.0,248.13999938964844,217.81292724609375
2019-06-11,218.14642802146514,220.05121371770858,215.69740827351436,215.82029724121094,3043000.0,0.0,0.0,245.8699951171875,215.82029724121094
2019-06-12,216.10999453032926,216.37333189295356,212.68664899789718,214.61776733398438,3251800.0,0.0,0.0,244.5,214.61776733398438
2019-06-13,214.89868693130205,215.35512412153872,213.40644618247146,215.02157592773438,3107800.0,0.0,0.0,244.9600067138672,215.02157592773438
2019-06-14,215.7621558160644,216.97886400120285,214.06052672719625,216.33523559570312,2165500.0,1.08,0.0,245.3699951171875,216.33523559570312
2019-06-17,216.890676301141,217.8605180398682,216.20297523302816,216.86422729492188,2270300.0,0.0,0.0,245.97000122070312,216.86422729492188
2019-06-18,218.21318258162938,219.83545109407245,216.1412540526015,216.6261749267578,3482500.0,0.0,0.0,245.6999969482422,216.6261749267578
2019-06-19,216.89068744872367,221.6252481501996,216.45866456959357,220.5848846435547,4204600.0,0.0,0.0,250.19000244140625,220.5848846435547
2019-06-20,221.82804966404436,222.90368752100443,218.1250270334821,218.4424285888672,3800800.0,0.0,0.0,247.75999450683594,218.4424285888672
2019-06-21,219.3416632821566,223.49433114837944,217.68412087521858,222.42750549316406,6323500.0,0.0,0.0,252.27999877929688,222.42750549316406
2019-06-24,221.58993775961625,222.73611049358203,218.53054433694692,220.09991455078125,3163800.0,0.0,0.0,249.63999938964844,220.09991455078125
2019-06-25,219.80020069261892,221.33429695430016,218.14265779054563,218.35426330566406,3182700.0,0.0,0.0,247.66000366210938,218.35426330566406
2019-06-26,218.65401073573975,218.72454590197486,214.36028507188283,214.66004943847656,3852900.0,0.0,0.0,243.47000122070312,214.66004943847656
2019-06-27,215.35660117074252,218.7862952096798,214.38677272987346,217.1904754638672,3366200.0,0.0,0.0,246.33999633789062,217.1904754638672
2019-06-28,217.33156215647637,217.55197956231456,210.4104502318722,215.13619995117188,6727600.0,0.0,0.0,244.00999450683594,215.13619995117188
2019-07-01,216.84659207260793,217.04056042208236,212.23546475346507,213.9282684326172,4102700.0,0.0,0.0,242.63999938964844,213.9282684326172
2019-07-02,213.8842133443372,215.11855878879427,211.1951185206808,215.10092163085938,3863500.0,0.0,0.0,243.97000122070312,215.10092163085938
2019-07-03,215.4094524249306,218.23079152823036,215.16257264101122,216.1941375732422,2559400.0,0.0,0.0,245.2100067138672,216.1941375732422
2019-07-05,215.47121887255332,219.3241104668048,215.1802663092524,217.76356506347656,2965000.0,0.0,0.0,246.99000549316406,217.76356506347656
2019-07-08,217.25214350607513,218.63635736278948,215.90319050325903,218.51292419433594,1902500.0,0.0,0.0,247.83999633789062,218.51292419433594
2019-07-09,215.6827880124357,216.96120594222404,214.85401663012667,216.8906707763672,2774800.0,0.0,0.0,246.0,216.8906707763672
2019-07-10,217.6136497968419,219.63266682227706,216.43220256537614,218.19554138183594,2753000.0,0.0,0.0,247.47999572753906,218.19554138183594
2019-07-11,225.53101161582907,230.72404330041138,219.57974378844432,230.2567596435547,10268800.0,0.0,0.0,261.1600036621094,230.2567596435547
2019-07-12,230.67120904641905,234.98255916158786,230.67120904641905,234.43592834472656,5336100.0,0.0,0.0,265.8999938964844,234.43592834472656
2019-07-15,233.6953333371842,235.97885428753673,232.98118314024236,234.48883056640625,2611400.0,0.0,0.0,265.9599914550781,234.48883056640625
2019-07-16,233.93330896796064,235.5291551919549,232.04655061343703,233.3426055908203,3121600.0,0.0,0.0,264.6600036621094,233.3426055908203
2019-07-17,232.7606887347731,236.89571978943027,232.31985409701787,235.09710693359375,3995200.0,0.0,0.0,266.6499938964844,235.09710693359375
2019-07-18,234.2066674824512,234.97371553954514,226.81827375838193,229.76304626464844,5825800.0,0.0,0.0,260.6000061035156,229.76304626464844
2019-07-19,230.20388079274696,231.6321808851415,226.0600239388987,226.2804412841797,4413200.0,0.0,0.0,256.6499938964844,226.2804412841797
2019-07-22,227.5941634131598,228.30831351098914,224.41132272585196,225.10784912109375,4104300.0,0.0,0.0,255.32000732421875,225.10784912109375
2019-07-23,224.35845330869466,225.7955789920331,222.19836558408346,224.8345489501953,2889300.0,0.0,0.0,255.00999450683594,224.8345489501953
2019-07-24,222.87721155694172,222.91248586829684,216.12363387889604,221.4136505126953,4864000.0,0.0,0.0,251.1300048828125,221.4136505126953
2019-07-25,221.41365826538194,222.8419585014924,218.9097067466043,219.2711944580078,3362800.0,0.0,0.0,248.6999969482422,219.2711944580078
2019-07-26,219.5533180115633,223.8382318387008,217.3403192049235,223.00946044921875,3362600.0,0.0,0.0,252.94000244140625,223.00946044921875
2019-07-29,222.92129363480424,225.0902063343311,222.48045892339866,223.78533935546875,2005500.0,0.0,0.0,253.82000732421875,223.78533935546875
2019-07-30,222.76264253787346,224.87864417923575,220.83178397719493,224.76402282714844,1908800.0,0.0,0.0,254.92999267578125,224.76402282714844
2019-07-31,225.98957213446306,226.7301714149332,219.0772718237746,219.5445556640625,3532400.0,0.0,0.0,249.00999450683594,219.5445556640625
2019-08-01,219.70315973745022,221.8103486797506,218.0191682628155,219.7560577392578,3613600.0,0.0,0.0,249.25,219.7560577392578
2019-08-02,220.14408522134812,221.80162837923066,216.97889457684732,220.46148681640625,2677600.0,0.0,0.0,250.0500030517578,220.46148681640625
2019-08-05,218.76865192151496,220.3644715244759,213.88419547869728,216.06192016601562,5812400.0,0.0,0.0,245.05999755859375,216.06192016601562
2019-08-06,216.82896553654672,218.90089416503906,214.74823850974886,218.90089416503906,3533000.0,0.0,0.0,248.27999877929688,218.90089416503906
2019-08-07,217.12872052098663,217.80759625271733,212.71154834680542,217.28741455078125,3205800.0,0.0,0.0,246.4499969482422,217.28741455078125
2019-08-08,217.05820412892155,218.36307114850965,214.57188982145485,218.31898498535156,2830700.0,0.0,0.0,247.6199951171875,218.31898498535156
2019-08-09,218.40715025360888,220.78765500192605,217.0141109527222,219.20947265625,2535000.0,0.0,0.0,248.6300048828125,219.20947265625
2019-08-12,217.58720249638776,218.61876761470586,214.27213013364548,214.42201232910156,2667400.0,0.0,0.0,243.1999969482422,214.42201232910156
2019-08-13,213.08185009172112,220.8229196538029,212.93196791094968,219.72964477539062,2763400.0,0.0,0.0,249.22000122070312,219.72964477539062
2019-08-14,217.53430448072191,219.01551618540827,214.25449297735403,214.42201232910156,3464300.0,0.0,0.0,243.1999969482422,214.42201232910156
2019-08-15,215.435950652802,216.2382596843364,212.8791009959066,215.3477783203125,2513500.0,0.0,0.0,244.25,215.3477783203125
2019-08-16,216.34405522686393,217.8693396174959,215.28604111803358,216.61737060546875,2810000.0,0.0,0.0,245.69000244140625,216.61737060546875
2019-08-19,218.20436629019244,219.08603569682316,215.2066822357235,215.75332641601562,2672300.0,0.0,0.0,244.7100067138672,215.75332641601562
2019-08-20,215.3125090704762,215.65635962865397,211.5301394773122,211.7417449951172,3201300.0,0.0,0.0,240.16000366210938,211.7417449951172
2019-08-21,211.7681551445497,213.26699029098106,210.98346999150465,211.9092254638672,2761900.0,0.0,0.0,240.35000610351562,211.9092254638672
2019-08-22,211.90925721261303,211.90925721261303,205.13802885616008,205.37608337402344,4498200.0,0.0,0.0,232.94000244140625,205.37608337402344
2019-08-23,205.34082157680086,207.28050524322285,202.2373546169436,203.3658905029297,4826600.0,0.0,0.0,230.66000366210938,203.3658905029297
2019-08-26,205.00576632764867,206.80436592872587,203.18952957221777,203.7361602783203,2918300.0,0.0,0.0,231.0800018310547,203.7361602783203
2019-08-27,204.30044976803774,204.8999785474665,196.25962854195342,196.55056762695312,4988100.0,0.0,0.0,222.92999267578125,196.55056762695312
2019-08-28,196.1009032146677,202.58117858288313,194.65496595979337,200.44754028320312,4847600.0,0.0,0.0,227.35000610351562,200.44754028320312
2019-08-29,201.3909117811676,204.81179317215268,201.02942411805697,203.33058166503906,4052500.0,0.0,0.0,230.6199951171875,203.33058166503906
2019-08-30,206.01970115027282,207.23640931037386,204.8029929901718,206.31065368652344,3384100.0,0.0,0.0,234.0,206.31065368652344
2019-09-03,204.31806048751704,204.69717185135988,201.4349979394115,203.33058166503906,3382300.0,0.0,0.0,230.6199951171875,203.33058166503906
2019-09-04,204.50324061137016,205.38491012334262,199.69814446176207,199.9009246826172,4526100.0,0.0,0.0,226.72999572753906,199.9009246826172
2019-09-05,202.78395776799914,204.1152736910606,200.65031947891202,202.42247009277344,4256900.0,0.0,0.0,229.58999633789062,202.42247009277344
2019-09-06,202.9338495847027,204.51204538650254,201.54081028124205,201.9022979736328,4183200.0,0.0,0.0,229.0,201.9022979736328
2019-09-09,201.90228580212894,204.54729391307384,201.51434912667725,203.38348388671875,3895600.0,0.0,0.0,230.67999267578125,203.38348388671875
2019-09-10,204.06241651329773,206.56635482930676,203.5157856923519,204.95291137695312,4257600.0,0.0,0.0,232.4600067138672,204.95291137695312
2019-09-11,204.97937677210564,206.53111047510203,201.5320452959171,206.495849609375,3168100.0,0.0,0.0,234.2100067138672,206.495849609375
2019-09-12,207.19232154677564,208.42665340023913,202.51947075316417,202.8721466064453,4713700.0,0.0,0.0,230.10000610351562,202.8721466064453
2019-09-13,206.38890176613052,209.55129811072158,205.1044414034501,206.9381103515625,4523200.0,1.08,0.0,233.61000061035156,206.9381103515625
2019-09-16,206.23832075331774,209.0995391792771,205.64480456110456,207.66448974609375,2973600.0,0.0,0.0,234.42999267578125,207.66448974609375
2019-09-17,206.45977240877562,207.27473189136882,204.7766924523458,205.97256469726562,2392900.0,0.0,0.0,232.52000427246094,205.97256469726562
2019-09-18,204.44890318851316,206.51288201211625,203.05814811403218,204.2805938720703,2960500.0,0.0,0.0,230.61000061035156,204.2805938720703
2019-09-19,205.51190355895108,207.2392638381209,204.8298128529943,206.26486206054688,2666700.0,0.0,0.0,232.85000610351562,206.26486206054688
2019-09-20,207.96562164113348,208.169358079273,205.44100912585324,206.30026245117188,6220100.0,0.0,0.0,232.88999938964844,206.30026245117188
2019-09-23,203.53652301595858,204.43120363729346,202.25207625728157,202.65069580078125,3281200.0,0.0,0.0,228.77000427246094,202.65069580078125
2019-09-24,203.19106985674136,203.5985428443282,197.46861956669534,199.31114196777344,5006800.0,0.0,0.0,225.0,199.31114196777344
2019-09-25,198.6733256911638,200.63986317982125,196.7688025952341,196.80422973632812,4658000.0,0.0,0.0,222.1699981689453,196.80422973632812
2019-09-26,197.5748404185194,198.09748860076496,189.06204274022906,190.87799072265625,10444400.0,0.0,0.0,215.47999572753906,190.87799072265625
2019-09-27,193.26978041846908,193.88987029877367,190.4705766173113,190.68316650390625,4834900.0,0.0,0.0,215.25999450683594,190.68316650390625
2019-09-30,189.2480991068344,193.57979303947062,188.78746523503224,192.50794982910156,5286300.0,0.0,0.0,217.32000732421875,192.50794982910156
2019-10-01,194.16445644478048,194.16445644478048,187.86622482630142,192.4105224609375,5523600.0,0.0,0.0,217.2100067138672,192.4105224609375
2019-10-02,191.47155001410633,194.31506136462798,190.7008846507181,192.0030517578125,4921200.0,0.0,0.0,216.75,192.0030517578125
2019-10-03,191.01093617778832,191.65758629217663,188.7255002276385,190.77175903320312,3375800.0,0.0,0.0,215.36000061035156,190.77175903320312
2019-10-04,192.08277935373684,194.75798145718335,190.57687571867868,194.704833984375,3700500.0,0.0,0.0,219.8000030517578,194.704833984375
2019-10-07,194.04044405227478,197.12311881540703,193.98729658480437,195.98040771484375,3843200.0,0.0,0.0,221.24000549316406,195.98040771484375
2019-10-08,194.4302378136515,196.63593912718252,193.46467578960448,194.9794464111328,4817000.0,0.0,0.0,220.11000061035156,194.9794464111328
2019-10-09,196.39675083085996,197.95580180806206,195.03256939873924,196.72450256347656,4483100.0,0.0,0.0,222.0800018310547,196.72450256347656
2019-10-10,193.27860505214218,198.5404198604977,192.68510255417132,198.1860809326172,5252200.0,0.0,0.0,223.72999572753906,198.1860809326172
2019-10-11,199.7894759066227,202.7215755151837,196.29046090434377,196.71566772460938,5891600.0,0.0,0.0,222.07000732421875,196.71566772460938
2019-10-14,196.32590049057796,197.84065753995364,194.7934095946406,195.40463256835938,4075300.0,0.0,0.0,220.58999633789062,195.40463256835938
2019-10-15,206.1231573974862,212.45681721034055,204.7058283053395,211.3495330810547,13397700.0,0.0,0.0,238.58999633789062,211.3495330810547
2019-10-16,209.3121153108208,210.36625190277607,207.3544446543191,209.9322052001953,5368600.0,0.0,0.0,236.99000549316406,209.9322052001953
2019-10-17,211.43808708912564,216.6821822569582,210.18021414329263,215.84950256347656,6301200.0,0.0,0.0,243.6699981689453,215.84950256347656
2019-10-18,216.54045649517485,218.27668375577193,214.15757916276655,217.32884216308594,4922100.0,0.0,0.0,245.33999633789062,217.32884216308594
2019-10-21,217.0453992805045,217.55918071389598,214.50306585004574,216.07098388671875,3029200.0,0.0,0.0,243.9199981689453,216.07098388671875
2019-10-22,215.82294234694794,222.78554480477305,215.38888214515117,220.9961700439453,5660800.0,0.0,0.0,249.47999572753906,220.9961700439453
2019-10-23,220.0306304398109,223.0070105452517,218.56015395845563,219.50799560546875,3706600.0,0.0,0.0,247.8000030517578,219.50799560546875
2019-10-24,219.71172832718094,220.119214803185,216.06212443913554,216.59361267089844,2546900.0,0.0,0.0,244.50999450683594,216.59361267089844
2019-10-25,216.06215542479293,217.9843991811404,214.5030906147394,216.94798278808594,2815100.0,0.0,0.0,244.91000366210938,216.94798278808594
2019-10-28,217.25795926383924,220.03060253447563,216.9567812805492,218.84359741210938,2957100.0,0.0,0.0,247.0500030517578,218.84359741210938
2019-10-29,218.83472860483585,224.2914269785326,218.18807858354285,223.48532104492188,3528900.0,0.0,0.0,252.2899932861328,223.48532104492188
2019-10-30,223.37902581525677,226.1339487310263,223.21071649784378,225.70875549316406,3299600.0,0.0,0.0,254.8000030517578,225.70875549316406
2019-10-31,225.3367380543838,226.5237433141887,221.3770892029091,223.84854125976562,3960400.0,0.0,0.0,252.6999969482422,223.84854125976562
2019-11-01,224.99126112089667,227.06408006101148,223.3701956816362,223.41448974609375,2919600.0,0.0,0.0,252.2100067138672,223.41448974609375
2019-11-04,224.67237540632485,224.8495381574605,221.37709687192603,222.56410217285156,3186400.0,0.0,0.0,251.25,222.56410217285156
2019-11-05,224.7697816810596,225.23926898040074,221.53650453435924,221.7225341796875,5393400.0,0.0,0.0,250.3000030517578,221.7225341796875
2019-11-06,221.19991682057756,223.2196017621962,220.65069476336518,221.9174346923828,3668600.0,0.0,0.0,250.52000427246094,221.9174346923828
2019-11-07,223.18413905252692,227.43611191036402,222.57291618015265,227.17921447753906,3646300.0,0.0,0.0,256.4599914550781,227.17921447753906
2019-11-08,227.45380521940564,228.8445601962144,225.88590104998661,227.6309814453125,2200300.0,0.0,0.0,256.9700012207031,227.6309814453125
2019-11-11,225.93024937517993,227.179255561287,224.40662537961302,225.07984924316406,1765600.0,0.0,0.0,254.08999633789062,225.07984924316406
2019-11-12,224.6368846516987,226.55912778199257,224.47744226622797,226.10736083984375,1892500.0,0.0,0.0,255.25,226.10736083984375
2019-11-13,225.77076616617148,227.55128742595332,224.28258301071494,224.61920166015625,3289800.0,0.0,0.0,253.57000732421875,224.61920166015625
2019-11-14,224.82295707995084,226.842628596935,224.53063246762852,226.62118530273438,2101900.0,0.0,0.0,255.8300018310547,226.62118530273438
2019-11-15,226.86916546451445,244.107380283813,226.20480865657476,238.64181518554688,10136000.0,0.0,0.0,269.3999938964844,238.64181518554688
2019-11-18,238.2875045983785,246.65858202305392,238.2875045983785,241.768798828125,6985200.0,0.0,0.0,272.92999267578125,241.768798828125
2019-11-19,243.81504664276923,243.92134157131164,240.5463424235993,242.92037963867188,4002000.0,0.0,0.0,274.2300109863281,242.92037963867188
2019-11-20,241.16642523713807,244.5148505557929,240.27173122563988,244.0985107421875,4141600.0,0.0,0.0,275.55999755859375,244.0985107421875
2019-11-21,243.79737132230562,245.9764987387845,242.636939813668,244.9755096435547,3309900.0,0.0,0.0,276.54998779296875,244.9755096435547
2019-11-22,244.9577718547217,246.05618883036615,243.60245744553845,245.2323760986328,2802700.0,0.0,0.0,276.8399963378906,245.2323760986328
2019-11-25,246.06508151434292,250.68910063566858,245.38300429407172,250.39678955078125,4082900.0,0.0,0.0,282.6700134277344,250.39678955078125
2019-11-26,248.66050568342905,250.02468692098344,248.1733116152364,249.271728515625,2998600.0,0.0,0.0,281.3999938964844,249.271728515625
2019-11-27,248.9263000621441,249.74124591455913,246.8711745532111,248.6251220703125,2323900.0,0.0,0.0,280.6700134277344,248.6251220703125
2019-11-29,246.34850820576685,248.84654697672624,245.66640407541982,247.91641235351562,1520900.0,0.0,0.0,279.8699951171875,247.91641235351562
2019-12-02,249.60832607504565,249.8032090925489,246.76482903022944,247.73037719726562,2517100.0,0.0,0.0,279.6600036621094,247.73037719726562
2019-12-03,245.34762842279054,246.6320890308393,242.5838511208485,245.28561401367188,3239200.0,0.0,0.0,276.8999938964844,245.28561401367188
2019-12-04,249.46660584944186,249.66148887892527,246.82685858033426,247.42921447753906,2694200.0,0.0,0.0,279.32000732421875,247.42921447753906
2019-12-05,247.35836161976903,250.52963791572958,245.79932423792317,249.80325317382812,3357300.0,0.0,0.0,282.0,249.80325317382812
2019-12-06,251.5106520257116,251.68850947605407,248.19380325120616,249.15419006347656,2828900.0,1.08,0.0,280.19000244140625,249.15419006347656
2019-12-09,249.66987291154766,249.7588016152273,246.69096486750783,246.79766845703125,2697100.0,0.0,0.0,277.5400085449219,246.79766845703125
2019-12-10,246.85105293527786,248.62951869542073,243.65871015228947,248.55836486816406,2515300.0,0.0,0.0,279.5199890136719,248.55836486816406
2019-12-11,247.47348648349552,249.57209008001124,247.23340338807216,249.4298095703125,2751300.0,0.0,0.0,280.5,249.4298095703125
2019-12-12,249.90111883522366,252.5332406000878,249.02078695506538,252.19532775878906,2996200.0,0.0,0.0,283.6099853515625,252.19532775878906
2019-12-13,253.40472833705076,255.93014679302368,252.6488748618655,253.85824584960938,3599300.0,0.0,0.0,285.4800109863281,253.85824584960938
2019-12-16,256.07236478860085,262.71493474189657,255.26315970218616,259.6826477050781,4663600.0,0.0,0.0,292.0299987792969,259.6826477050781
2019-12-17,258.98017072754686,260.34959693706156,257.1394793226528,258.29547119140625,4409100.0,0.0,0.0,290.4700012207031,258.29547119140625
2019-12-18,258.7667011851844,262.1991261887822,258.7578001747706,260.45623779296875,3621600.0,0.0,0.0,292.8999938964844,260.45623779296875
2019-12-19,262.3236305208104,264.2799531965343,261.09648512760424,261.9857177734375,2905900.0,0.0,0.0,294.6199951171875,261.9857177734375
2019-12-20,265.79165942176695,266.7698208590293,260.109476348829,260.18060302734375,6608300.0,0.0,0.0,292.5899963378906,260.18060302734375
2019-12-23,260.9275569155699,263.0795120911245,260.3762369576061,262.4036865234375,2098900.0,0.0,0.0,295.0899963378906,262.4036865234375
2019-12-24,262.5548910497093,263.0617331326828,261.04318440120454,261.9146423339844,714000.0,0.0,0.0,294.5400085449219,261.9146423339844
2019-12-26,262.5903440109283,263.4440267419773,261.91454577037536,262.9015808105469,1050600.0,0.0,0.0,295.6499938964844,262.9015808105469
2019-12-27,263.221825691868,263.69311801881145,262.33259283822133,263.1862487792969,1547100.0,0.0,0.0,295.9700012207031,263.1862487792969
2019-12-30,263.25732098141765,263.69306344283837,260.9453377502289,261.301025390625,1511700.0,0.0,0.0,293.8500061035156,261.301025390625
2019-12-31,261.13206501371207,261.5144285428521,258.90008236327117,261.4166259765625,2224200.0,0.0,0.0,293.9800109863281,261.4166259765625
2020-01-02,261.4165681941291,262.94604910984634,257.69068201811837,260.1004943847656,2543400.0,0.0,0.0,292.5,260.1004943847656
2020-01-03,255.44986921745297,259.5492460959974,252.86219879124366,257.46844482421875,2711400.0,0.0,0.0,289.5400085449219,257.46844482421875
2020-01-06,256.09900277489635,259.35359752496123,255.40540239453676,259.2557678222656,3079100.0,0.0,0.0,291.54998779296875,259.2557678222656
2020-01-07,258.50003166400893,259.2025061617974,255.72560204064501,257.6908264160156,2492900.0,0.0,0.0,289.7900085449219,257.6908264160156
2020-01-08,259.2114339641984,264.44012863792165,257.9131613101803,263.1240539550781,3379200.0,0.0,0.0,295.8999938964844,263.1240539550781
2020-01-09,261.69228819978446,264.2799585076295,261.1854190685388,261.6300354003906,2838200.0,0.0,0.0,294.2200012207031,261.6300354003906
2020-01-10,263.27515098879155,263.27515098879155,259.8426984078914,262.43927001953125,2477900.0,0.0,0.0,295.1300048828125,262.43927001953125
2020-01-13,261.7634483175776,261.83460213661243,253.44911642219438,254.18719482421875,6994900.0,0.0,0.0,285.8500061035156,254.18719482421875
2020-01-14,253.96490885620634,256.3124694824219,252.76443907431704,256.3124694824219,6056300.0,0.0,0.0,288.239990234375,256.3124694824219
2020-01-15,257.00604104641553,266.4497156985291,256.9882661607207,263.5774841308594,6081300.0,0.0,0.0,296.4100036621094,263.5774841308594
2020-01-16,264.99139756184087,267.65019518232174,263.15067899201546,267.4278869628906,3710300.0,0.0,0.0,300.739990234375,267.4278869628906
2020-01-17,266.77875847545914,267.3923313186026,263.106222429095,265.4093322753906,4632200.0,0.0,0.0,298.4700012207031,265.4093322753906
2020-01-21,264.0042056687246,269.02836302356457,263.2216768580247,267.2409973144531,4962800.0,0.0,0.0,300.5299987792969,267.2409973144531
2020-01-22,268.539415170519,268.66392079329654,264.4133889272835,267.29449462890625,3117600.0,0.0,0.0,300.5899963378906,267.29449462890625
2020-01-23,266.77873664832333,267.28557871173723,263.7909003778338,266.2896423339844,3169600.0,0.0,0.0,299.4599914550781,266.2896423339844
2020-01-24,265.29367637284844,266.7075530875905,259.26467984525596,260.376220703125,3678500.0,0.0,0.0,292.80999755859375,260.376220703125
2020-01-27,256.0990346931876,256.17016137355444,249.0474254244667,252.62213134765625,4399400.0,0.0,0.0,284.0899963378906,252.62213134765625
2020-01-28,252.46208265736368,256.42805327079486,251.9196365484179,254.20497131347656,4341000.0,0.0,0.0,285.8699951171875,254.20497131347656
2020-01-29,252.54214171267589,254.48956392010095,249.77664044021586,251.56398010253906,3963800.0,0.0,0.0,282.8999938964844,251.56398010253906
2020-01-30,250.62134025330158,250.62134025330158,245.35709787997547,249.8566131591797,4211800.0,0.0,0.0,280.9800109863281,249.8566131591797
2020-01-31,247.3578347002967,247.90025353941644,241.1420806137677,242.27142333984375,5532600.0,0.0,0.0,272.45001220703125,242.27142333984375
2020-02-03,244.65458861928883,246.18406989580402,240.82199798600973,243.6675262451172,5646800.0,0.0,0.0,274.0199890136719,243.6675262451172
2020-02-04,246.56639008914556,252.09741740482139,246.2107025114334,249.7320556640625,4290200.0,0.0,0.0,280.8399963378906,249.7320556640625
2020-02-05,253.96487680999135,264.10212465201676,253.822596314654,262.9728088378906,5761000.0,0.0,0.0,295.7300109863281,262.9728088378906
2020-02-06,264.10215771575827,264.342240817005,257.8775277359256,260.0650329589844,3044000.0,0.0,0.0,292.4599914550781,260.0650329589844
2020-02-07,260.42956215691396,260.8919805032601,256.90820845737073,257.1838684082031,3425900.0,0.0,0.0,289.2200012207031,257.1838684082031
2020-02-10,254.5251662173136,257.24621697136206,253.83156557681568,255.23654174804688,3147400.0,0.0,0.0,287.0299987792969,255.23654174804688
2020-02-11,255.07640753428043,259.27358699851897,254.23162560739493,258.5799865722656,2992200.0,0.0,0.0,290.7900085449219,258.5799865722656
2020-02-12,262.323675970264,271.21600396925595,261.4433441822778,269.8643798828125,6701900.0,0.0,0.0,303.4800109863281,269.8643798828125
2020-02-13,266.8942877365724,272.0162491004565,266.8942877365724,268.7261047363281,3565500.0,0.0,0.0,302.20001220703125,268.7261047363281
2020-02-14,268.7350598097958,270.3001183551926,264.3778241456166,265.68499755859375,2485600.0,0.0,0.0,298.7799987792969,265.68499755859375
2020-02-18,266.476384595,269.7487545340588,265.88058672450063,268.67279052734375,3241700.0,0.0,0.0,302.1400146484375,268.67279052734375
2020-02-19,269.7665245446391,272.7365585577804,269.19742971810894,271.49163818359375,3021100.0,0.0,0.0,305.30999755859375,271.49163818359375
2020-02-20,269.6154567713193,270.46911285389467,264.8936317067567,268.6639709472656,2885500.0,0.0,0.0,302.1300048828125,268.6639709472656
2020-02-21,267.187726120109,269.0017682613173,265.5337393373887,268.0413818359375,2987100.0,0.0,0.0,301.42999267578125,268.0413818359375
2020-02-24,255.11199722482053,256.9793642940731,246.8865942695405,247.0199737548828,8790600.0,0.0,0.0,277.7900085449219,247.0199737548828
2020-02-25,249.11850059067817,250.74581140063535,232.98783578299603,234.21498107910156,8171200.0,0.0,0.0,263.3900146484375,234.21498107910156
2020-02-26,235.3976912320478,239.9416574924005,230.05339379858458,233.8682098388672,6806600.0,0.0,0.0,263.0,233.8682098388672
2020-02-27,229.7955367307755,233.11235748487474,224.14890340139084,225.79397583007812,7604300.0,0.0,0.0,253.9199981689453,225.79397583007812
2020-02-28,218.92913740122856,228.62178415837363,218.12883321818214,226.7188262939453,9961000.0,0.0,0.0,254.9600067138672,226.7188262939453
2020-03-02,228.83519017946426,242.97398779713797,222.59278501951354,242.85838317871094,8866300.0,0.0,0.0,273.1099853515625,242.85838317871094
2020-03-03,244.85024224222332,249.29640597592183,230.51581470673605,232.4454345703125,9188100.0,0.0,0.0,261.3999938964844,232.4454345703125
2020-03-04,257.8774984275677,263.0706144497794,250.9503676817269,257.36175537109375,14533000.0,0.0,0.0,289.4200134277344,257.36175537109375
2020-03-05,250.40798115402146,257.3617886974327,248.93185133609705,251.61732482910156,5908400.0,0.0,0.0,282.9599914550781,251.61732482910156
2020-03-06,244.91248309343692,253.40464455541317,241.7823666098647,252.42648315429688,5361900.0,0.0,0.0,283.8699951171875,252.42648315429688
2020-03-09,235.1664749270707,250.2656561147703,230.52467909461384,243.15179443359375,8070700.0,0.0,0.0,273.44000244140625,243.15179443359375
2020-03-10,248.7361081564117,252.45309337648462,242.31584862300326,248.98509216308594,7366000.0,0.0,0.0,280.0,248.98509216308594
2020-03-11,244.32552921911676,253.64466840686657,242.99168047547573,247.01100158691406,7744600.0,0.0,0.0,277.7799987792969,247.01100158691406
2020-03-12,231.20051404952935,242.07584030672342,222.30818658608592,222.6727752685547,10496600.0,0.0,0.0,250.41000366210938,222.6727752685547
2020-03-13,233.08612660099627,244.00856039445674,216.3675964613186,242.95472717285156,9308400.0,1.08,0.0,272.0400085449219,242.95472717285156
2020-03-16,217.8411931284749,219.41301711234996,200.0062926473674,200.97975158691406,10303500.0,0.0,0.0,225.0399932861328,200.97975158691406
2020-03-17,206.14177334671365,222.1636980252248,203.8822569969436,218.10910034179688,9642200.0,0.0,0.0,244.22000122070312,218.10910034179688
2020-03-18,201.61385880270313,206.70443855862226,178.78661743492572,193.8529510498047,12917500.0,0.0,0.0,217.05999755859375,193.8529510498047
2020-03-19,193.78149787130172,201.94429078836353,186.60110349145114,196.3000030517578,8065200.0,0.0,0.0,219.8000030517578,196.3000030517578
2020-03-20,199.3186040633242,207.7671899335499,181.70698920953632,184.50233459472656,9364100.0,0.0,0.0,206.58999633789062,184.50233459472656
2020-03-23,180.43878354957243,183.75213298857625,167.6498207967064,174.0264434814453,10654500.0,0.0,0.0,194.86000061035156,174.0264434814453
2020-03-24,180.52812532366787,196.71975391516716,177.7238401498166,196.3000030517578,8894400.0,0.0,0.0,219.8000030517578,196.3000030517578
2020-03-25,195.6659212090614,221.04738643082518,192.90629279109592,209.41943359375,10014000.0,0.0,0.0,234.49000549316406,209.41943359375
2020-03-26,209.00856830826228,230.3800742471612,207.46353591037152,228.08485412597656,7517600.0,0.0,0.0,255.38999938964844,228.08485412597656
2020-03-27,216.96595188471906,224.70006697071807,212.76845743554293,216.52833557128906,4879500.0,0.0,0.0,242.4499969482422,216.52833557128906
2020-03-30,216.69802644877606,226.92384143299108,216.69802644877606,224.41427612304688,5329000.0,0.0,0.0,251.27999877929688,224.41427612304688
2020-03-31,217.44823052623653,227.31681789718036,217.0195537419215,222.71743774414062,5450000.0,0.0,0.0,249.3800048828125,222.71743774414062
2020-04-01,213.1703752356456,220.24360396023008,210.26785015110244,211.9468536376953,4548800.0,0.0,0.0,237.32000732421875,211.9468536376953
2020-04-02,210.1427919259816,216.12645553133,201.86389454512513,214.73324584960938,4636800.0,0.0,0.0,240.44000244140625,214.73324584960938
2020-04-03,212.83987021272134,213.7508064439081,202.97128535577843,204.9539337158203,4650300.0,0.0,0.0,229.49000549316406,204.9539337158203
2020-04-06,214.34029791320663,222.63704761554578,209.98204082820692,221.7886199951172,6365900.0,0.0,0.0,248.33999633789062,221.7886199951172
2020-04-07,232.03230013066243,238.1945782174698,220.1810640619333,221.52069091796875,4984100.0,0.0,0.0,248.0399932861328,221.52069091796875
2020-04-08,221.20812957655016,240.38265727336946,219.93101149601418,239.19483947753906,6390200.0,0.0,0.0,267.8299865722656,239.19483947753906
2020-04-09,236.6674211428014,241.4900725755102,233.63093892626472,235.89044189453125,4923300.0,0.0,0.0,264.1300048828125,235.89044189453125
2020-04-13,234.0417322142045,236.63167192750268,230.5765598405767,235.3367156982422,2964900.0,0.0,0.0,263.510009765625,235.3367156982422
2020-04-14,240.23974936550513,243.8746101070891,238.45358022524115,241.57937622070312,4778900.0,0.0,0.0,270.5,241.57937622070312
2020-04-15,246.786033503121,252.73397967890963,241.7401114143665,251.5640411376953,7841800.0,0.0,0.0,281.67999267578125,251.5640411376953
2020-04-16,253.13589478402884,267.925373204537,250.07262122487043,266.5232238769531,7738900.0,0.0,0.0,298.42999267578125,266.5232238769531
2020-04-17,268.8095568819155,271.49775056795085,256.4046244906232,259.49468994140625,5857500.0,0.0,0.0,290.55999755859375,259.49468994140625
2020-04-20,254.79703804173016,258.1104016945478,251.19790801645385,251.97491455078125,4072600.0,0.0,0.0,282.1400146484375,251.97491455078125
2020-04-21,245.55353916642287,250.06360397913866,244.03528495464155,244.87478637695312,3977500.0,0.0,0.0,274.19000244140625,244.87478637695312
2020-04-22,249.68851548016633,253.4752117317116,247.12536770613693,247.4022216796875,3663300.0,0.0,0.0,277.0199890136719,247.4022216796875
2020-04-23,249.22407189135558,257.61905782675046,248.7596779242523,254.82369995117188,4420500.0,0.0,0.0,285.3299865722656,254.82369995117188
2020-04-24,256.57429834046553,260.6914055205157,253.63604219218226,260.1466369628906,3265000.0,0.0,0.0,291.2900085449219,260.1466369628906
2020-04-27,261.8613186697414,265.1210718934522,259.5571724753673,262.54901123046875,3706200.0,0.0,0.0,293.9800109863281,262.54901123046875
2020-04-28,266.1392258211998,266.3624969838014,255.08283348839979,257.5298767089844,3862900.0,0.0,0.0,288.3599853515625,257.5298767089844
2020-04-29,260.7806440148042,261.4504573127874,255.51145152162402,256.8957214355469,4258400.0,0.0,0.0,287.6499938964844,256.8957214355469
2020-04-30,256.0026509201986,263.45991149307616,254.9934611357494,261.2004089355469,7631700.0,0.0,0.0,292.4700012207031,261.2004089355469
2020-05-01,257.55675688331775,258.10152556778934,249.70653330131694,254.09158325195312,3526100.0,0.0,0.0,284.510009765625,254.09158325195312
2020-05-04,254.07368246720566,257.15483588590797,251.9481363122498,256.797607421875,2894200.0,0.0,0.0,287.5400085449219,256.797607421875
2020-05-05,258.95878750755304,264.3530258004954,256.5742670307442,261.7095031738281,2501300.0,0.0,0.0,293.0400085449219,261.7095031738281
2020-05-06,263.5492673148668,265.85341355932434,257.60132068945217,257.8960266113281,2579200.0,0.0,0.0,288.7699890136719,257.8960266113281
2020-05-07,259.94121990727683,261.03972385480444,254.10043857823567,254.5291290283203,3162300.0,0.0,0.0,285.0,254.5291290283203
2020-05-08,258.5390490051813,258.9945308672011,255.11854702065853,256.3152770996094,3200000.0,0.0,0.0,287.0,256.3152770996094
2020-05-11,255.02922591485958,259.0838374667479,254.7613114475714,257.8245849609375,3490700.0,0.0,0.0,288.69000244140625,257.8245849609375
2020-05-12,260.57529395325923,261.8077551094303,256.9404602050781,256.9404602050781,4214300.0,0.0,0.0,287.70001220703125,256.9404602050781
2020-05-13,254.0736529910066,255.7794480077611,246.09841330524657,248.2775421142578,5474100.0,0.0,0.0,278.0,248.2775421142578
2020-05-14,246.42880206980763,261.182575604094,246.1698271855918,259.5392761230469,5704600.0,0.0,0.0,290.6099853515625,259.5392761230469
2020-05-15,261.14688181813995,267.92539093830544,259.6375666021384,259.8518981933594,12182800.0,0.0,0.0,290.9599914550781,259.8518981933594
2020-05-18,266.56791660286035,267.67533284923803,260.79857013048115,261.99530029296875,4015100.0,0.0,0.0,293.3599853515625,261.99530029296875
2020-05-19,259.6554027711558,263.1295148790619,257.994278530149,258.1460876464844,3059400.0,0.0,0.0,289.04998779296875,258.1460876464844
2020-05-20,261.58441907560376,261.58441907560376,256.0473120687386,257.1993713378906,3200600.0,0.0,0.0,287.989990234375,257.1993713378906
2020-05-21,255.45791459415537,259.1106271656948,254.46657656232006,256.2348937988281,3604900.0,0.0,0.0,286.9100036621094,256.2348937988281
2020-05-22,256.58316184416867,259.20883241255444,254.34153831827,258.94091796875,2922800.0,0.0,0.0,289.94000244140625,258.94091796875
2020-05-26,264.7995472606933,265.2728809430088,261.22720935498415,263.3616943359375,4567800.0,0.0,0.0,294.8900146484375,263.3616943359375
2020-05-27,265.62123199404164,271.3190888109156,259.7089890865352,271.29229736328125,5618900.0,0.0,0.0,303.7699890136719,271.29229736328125
2020-05-28,273.2391725685699,276.5525079337473,270.8635648854027,271.4708557128906,4387700.0,0.0,0.0,303.9700012207031,271.4708557128906
2020-05-29,272.14070007836085,275.4004529343986,268.6844675492449,272.2568054199219,6251500.0,0.0,0.0,304.8500061035156,272.2568054199219
2020-06-01,271.51551894251816,273.26598405098366,268.42545444212124,273.2213134765625,2894000.0,0.0,0.0,305.92999267578125,273.2213134765625
2020-06-02,272.9087988833965,275.1593896735545,269.4704447402657,273.5607604980469,2756800.0,0.0,0.0,306.30999755859375,273.5607604980469
2020-06-03,274.93611125315357,276.9634035696477,270.37243458058913,272.7033996582031,4360000.0,0.0,0.0,305.3500061035156,272.7033996582031
2020-06-04,270.76540004816394,271.9174868882242,262.8258916117082,266.2106628417969,4374300.0,0.0,0.0,298.0799865722656,266.2106628417969
2020-06-05,271.49770367094607,280.6786117706804,268.37190774052397,278.5084228515625,5554300.0,0.0,0.0,311.8500061035156,278.5084228515625
2020-06-08,275.64168830676266,282.07188210687394,275.0075785154551,276.3918762207031,4635500.0,0.0,0.0,309.4800109863281,276.3918762207031
2020-06-09,276.7668958013203,279.2228783067858,274.47166197324776,276.1506652832031,3061500.0,0.0,0.0,309.2099914550781,276.1506652832031
2020-06-10,275.90958071141847,277.133102351131,270.47961064370213,273.0606384277344,3296100.0,0.0,0.0,305.75,273.0606384277344
2020-06-11,270.926206428494,270.926206428494,250.7782144363972,253.3949737548828,6638900.0,0.0,0.0,283.7300109863281,253.3949737548828
2020-06-12,259.57508268507354,262.656236040348,248.90273604731766,254.66311645507812,5416800.0,0.0,0.0,285.1499938964844,254.66311645507812
2020-06-15,248.29533936500013,256.315247873241,244.44614740484676,255.67222595214844,4494600.0,0.0,0.0,286.2799987792969,255.67222595214844
2020-06-16,263.8528955217591,265.7551699299683,256.7082192872241,261.67376708984375,4245400.0,0.0,0.0,293.0,261.67376708984375
2020-06-17,263.5492703329943,263.5492703329943,260.09303729933845,261.3165588378906,2538000.0,0.0,0.0,292.6000061035156,261.3165588378906
2020-06-18,259.378529086303,260.5841986322108,255.95802738679865,260.3162841796875,2926600.0,0.0,0.0,291.4800109863281,260.3162841796875
2020-06-19,264.08350337142025,265.9580866974178,260.9263147232414,261.2222900390625,5172800.0,1.25,0.0,291.239990234375,261.2222900390625
2020-06-22,259.9216861976612,262.80082753132336,256.7555203260442,262.5048522949219,2174100.0,0.0,0.0,292.6700134277344,262.5048522949219
2020-06-23,263.70662701362573,268.43344236355927,261.0696483343858,266.9266052246094,4023400.0,0.0,0.0,297.6000061035156,266.9266052246094
2020-06-24,263.6886547581679,266.47812354299447,256.1365133913961,259.3744201660156,3399900.0,0.0,0.0,289.17999267578125,259.3744201660156
2020-06-25,258.56723972848863,266.1911524071299,256.57605202812186,265.6888732910156,3112500.0,0.0,0.0,296.2200012207031,265.6888732910156
2020-06-26,264.7202123219981,266.01176770078183,256.36080934287776,257.3115539550781,5043200.0,0.0,0.0,286.8800048828125,257.3115539550781
2020-06-29,258.7197674096266,262.1550012221576,257.07836829087677,259.8947448730469,2356700.0,0.0,0.0,289.760009765625,259.8947448730469
2020-06-30,258.8274403447816,265.89526250909694,258.0112296763475,264.54986572265625,2932900.0,0.0,0.0,294.95001220703125,264.54986572265625
2020-07-01,265.33911346720146,269.4380951356829,264.8099274064552,267.0433044433594,2303800.0,0.0,0.0,297.7300109863281,267.0433044433594
2020-07-02,269.52782439531694,271.84189483722,266.5500062553063,267.5187072753906,1971700.0,0.0,0.0,298.260009765625,267.5187072753906
2020-07-06,271.77008948772675,272.2095769129552,268.4783407165171,271.59967041015625,2395000.0,0.0,0.0,302.80999755859375,271.59967041015625
2020-07-07,269.67128715554566,272.2723816718853,265.44674966232463,266.0745849609375,2075700.0,0.0,0.0,296.6499938964844,266.0745849609375
2020-07-08,266.7025164751234,269.85970466628237,265.2046292224527,267.6083984375,1987400.0,0.0,0.0,298.3599853515625,267.6083984375
2020-07-09,264.6843622391293,267.7787579840391,257.8676806840063,261.15045166015625,3061700.0,0.0,0.0,291.1600036621094,261.15045166015625
2020-07-10,263.91306252804935,263.91306252804935,257.5089871442927,261.21331787109375,2391600.0,0.0,0.0,291.2300109863281,261.21331787109375
2020-07-13,261.98454374195165,273.13338827859667,261.6975192841453,268.81915283203125,4263300.0,0.0,0.0,299.7099914550781,268.81915283203125
2020-07-14,267.1150368964088,277.81541787719914,266.1284072555787,276.7211608886719,4234900.0,0.0,0.0,308.5199890136719,276.7211608886719
2020-07-15,270.0838401426963,278.6674758036654,267.8773976955677,272.72979736328125,5116900.0,0.0,0.0,304.07000732421875,272.72979736328125
2020-07-16,273.57289175371,278.81096471798907,271.9135641798717,275.4923095703125,3844500.0,0.0,0.0,307.1499938964844,275.4923095703125
2020-07-17,277.23248218705885,278.91871734950695,274.6852006720179,274.93634033203125,3016500.0,0.0,0.0,306.5299987792969,274.93634033203125
2020-07-20,275.1695046843024,276.79294781414967,271.21403517890974,272.1827087402344,2375500.0,0.0,0.0,303.4599914550781,272.1827087402344
2020-07-21,273.59079420257996,275.35774893066946,271.8686750645422,273.66253662109375,2340200.0,0.0,0.0,305.1099853515625,273.66253662109375
2020-07-22,273.4383286855118,275.27705337076105,270.7027005129301,275.09765625,1935800.0,0.0,0.0,306.7099914550781,275.09765625
2020-07-23,276.4341537093234,276.70322206879104,270.21840088399443,271.7431945800781,2367700.0,0.0,0.0,302.9700012207031,271.7431945800781
2020-07-24,272.0661188055207,272.91821436292213,268.38872291905216,269.7879333496094,2415700.0,0.0,0.0,300.7900085449219,269.7879333496094
2020-07-27,267.6711180810856,270.98977380831235,266.720373388409,267.8236083984375,2060500.0,0.0,0.0,298.6000061035156,267.8236083984375
2020-07-28,267.18682077583816,270.3350303503739,266.5768868198378,269.01654052734375,2257400.0,0.0,0.0,299.92999267578125,269.01654052734375
2020-07-29,270.38884972372847,277.82441642643414,269.0793379432776,275.0708312988281,2672700.0,0.0,0.0,306.67999267578125,275.0708312988281
2020-07-30,270.5861421440547,274.8734713025822,268.08372431916115,273.770263671875,2205300.0,0.0,0.0,305.2300109863281,273.770263671875
2020-07-31,272.1647622062827,272.4338305745968,267.3302906689855,271.5727844238281,3913500.0,0.0,0.0,302.7799987792969,271.5727844238281
2020-08-03,272.2993014571094,273.48325704404834,268.3617882759756,272.3172302246094,2628500.0,0.0,0.0,303.6099853515625,272.3172302246094
2020-08-04,270.7924608617183,277.02611533425176,269.1421109883448,273.1155090332031,3594900.0,0.0,0.0,304.5,273.1155090332031
2020-08-05,275.2052740398663,280.70346439761613,273.5818314302016,280.26397705078125,2982200.0,0.0,0.0,312.4700012207031,280.26397705078125
2020-08-06,279.8424489933941,283.6454273616492,278.4073540369448,281.69012451171875,3305300.0,0.0,0.0,314.05999755859375,281.69012451171875
2020-08-07,281.0444171619536,286.1210510067971,281.0444171619536,284.3540954589844,2600800.0,0.0,0.0,317.0299987792969,284.3540954589844
2020-08-10,284.3271024301307,287.43945382606614,283.05344847644113,286.2106628417969,2563600.0,0.0,0.0,319.1000061035156,286.2106628417969
2020-08-11,289.6369231560166,291.1168535893494,282.22826554957294,283.0265197753906,3018200.0,0.0,0.0,315.54998779296875,283.0265197753906
2020-08-12,285.2240995221371,289.96887286707346,284.9012174537706,289.0539855957031,2915800.0,0.0,0.0,322.2699890136719,289.0539855957031
2020-08-13,287.62777644416417,288.6951263381467,285.0804961322211,288.3811950683594,2159500.0,0.0,0.0,321.5199890136719,288.3811950683594
2020-08-14,287.5022428782641,290.5428244436296,285.8788001134682,290.3365478515625,1787200.0,0.0,0.0,323.70001220703125,290.3365478515625
2020-08-17,288.3184590627937,290.4262248554305,286.4348986310145,287.475341796875,2772500.0,0.0,0.0,320.510009765625,287.475341796875
2020-08-18,288.7939151060555,289.4127998184202,283.1701390130172,284.1567687988281,2520000.0,0.0,0.0,316.80999755859375,284.1567687988281
2020-08-19,284.1208505356453,286.56050418683384,282.6947333921726,282.8920593261719,2066700.0,0.0,0.0,315.3999938964844,282.8920593261719
2020-08-20,282.38073566957473,282.78436551266975,279.85141140189563,281.03533935546875,2245600.0,0.0,0.0,313.3299865722656,281.03533935546875
2020-08-21,279.19669534391994,282.7844195335731,278.12934520772507,281.7619323730469,2488500.0,0.0,0.0,314.1400146484375,281.7619323730469
2020-08-24,284.15672018435305,284.2374406931775,274.90038529553334,277.0081787109375,2922200.0,0.0,0.0,308.8399963378906,277.0081787109375
2020-08-25,280.0218966716692,280.16538155826964,276.0753779860441,280.0398254394531,1879300.0,0.0,0.0,312.2200012207031,280.0398254394531
2020-08-26,278.92757786334994,279.26838860873784,272.31717421529567,276.9902038574219,3178900.0,0.0,0.0,308.82000732421875,276.9902038574219
2020-08-27,278.41633652735464,282.3269422893272,274.0034242563111,279.5464782714844,2321000.0,0.0,0.0,311.6700134277344,279.5464782714844
2020-08-28,280.1474014853907,283.2687309545304,277.1247486514027,281.9681701660156,2883500.0,0.0,0.0,314.3699951171875,281.9681701660156
2020-08-31,282.4345661359196,286.6232178420231,280.32677318159483,280.3357238769531,4341600.0,0.0,0.0,312.54998779296875,280.3357238769531
2020-09-01,278.1920630949391,282.2820653955422,278.0485508807935,280.58685302734375,2487100.0,0.0,0.0,312.8299865722656,280.58685302734375
2020-09-02,280.3447014893377,288.1659395181946,280.3447014893377,287.2331237792969,2846500.0,0.0,0.0,320.239990234375,287.2331237792969
2020-09-03,288.8117561624072,290.4441770056869,281.3941473099774,283.636474609375,3872500.0,0.0,0.0,316.2300109863281,283.636474609375
2020-09-04,283.8607598977993,285.0715949659397,275.0259832279303,279.8424987792969,2901000.0,0.0,0.0,312.0,279.8424987792969
2020-09-08,278.9724291075139,279.35810284230456,272.5145153921731,275.58203125,2594500.0,0.0,0.0,307.25,275.58203125
2020-09-09,277.76156696487294,282.820270605747,276.6314525933994,279.8603820800781,2195600.0,0.0,0.0,312.0199890136719,279.8603820800781
2020-09-10,280.49722259625844,282.03096683877607,272.41586607133746,273.2051696777344,2421200.0,0.0,0.0,304.6000061035156,273.2051696777344
2020-09-11,274.7542741092499,276.00613129523595,267.7473974387918,271.5210266113281,3085900.0,1.25,0.0,301.4800109863281,271.5210266113281
2020-09-14,272.8989500289934,280.20302057406815,272.8989500289934,277.90643310546875,1795500.0,0.0,0.0,308.57000732421875,277.90643310546875
2020-09-15,279.2392700833073,280.5091569045418,275.636763634963,276.69952392578125,1468300.0,0.0,0.0,307.2300109863281,276.69952392578125
2020-09-16,278.3567960259887,281.2207833157292,275.77200090999895,276.0601806640625,3438200.0,0.0,0.0,306.5199890136719,276.0601806640625
2020-09-17,274.24087647225696,276.8346862039709,272.0883651029005,274.6731872558594,2394100.0,0.0,0.0,304.9800109863281,274.6731872558594
2020-09-18,274.7002036551091,279.5455804940846,273.58340767402035,277.41107177734375,3795400.0,0.0,0.0,308.0199890136719,277.41107177734375
2020-09-21,270.61138907849784,270.6654244983614,262.67686760406264,269.4585876464844,4124700.0,0.0,0.0,299.19000244140625,269.4585876464844
2020-09-22,268.7831076863598,270.74646783023,263.81165684414043,265.01849365234375,3163600.0,0.0,0.0,294.260009765625,265.01849365234375
2020-09-23,265.684941173177,266.67563628132166,262.8299417458353,263.1091613769531,3709900.0,0.0,0.0,292.1400146484375,263.1091613769531
2020-09-24,263.1541579001742,265.6218666402302,260.85757045807316,263.57745361328125,2869100.0,0.0,0.0,292.6600036621094,263.57745361328125
2020-09-25,262.3075836433852,273.133109046291,262.2805659358844,272.43963623046875,2455800.0,0.0,0.0,302.5,272.43963623046875
2020-09-28,275.943029587002,279.2032938644559,272.73677322815536,273.0970458984375,2575700.0,0.0,0.0,303.2300109863281,273.0970458984375
2020-09-29,273.4934063384558,275.1415416138266,270.80051298608356,273.9256896972656,1797800.0,0.0,0.0,304.1499938964844,273.9256896972656
2020-09-30,273.8086528575332,283.2652378154217,273.7816351427662,280.78851318359375,3497300.0,0.0,0.0,311.7699890136719,280.78851318359375
2020-10-01,281.81518593868674,283.8506116677107,278.4288197668493,281.95928955078125,2731200.0,0.0,0.0,313.07000732421875,281.95928955078125
2020-10-02,281.08567093188753,285.8499950972373,277.7173075169466,280.97760009765625,2338000.0,0.0,0.0,311.9800109863281,280.97760009765625
2020-10-05,283.7605354747087,286.7776412089239,282.0043019545818,286.5344543457031,1638600.0,0.0,0.0,318.1499938964844,286.5344543457031
2020-10-06,287.25500056686036,288.47082506243055,282.3375572220632,283.2021789550781,2434400.0,0.0,0.0,314.45001220703125,283.2021789550781
2020-10-07,284.4359899140381,292.46956635070114,284.4359899140381,291.05560302734375,2596600.0,0.0,0.0,323.1700134277344,291.05560302734375
2020-10-08,291.28972320364215,293.0189387760293,289.0921915836049,290.37109375,2056700.0,0.0,0.0,322.4100036621094,290.37109375
2020-10-09,292.3974578785809,295.55866628436246,291.7310029381953,295.2614440917969,2028900.0,0.0,0.0,327.8399963378906,295.2614440917969
2020-10-12,296.4143322143358,300.4131180013581,296.3152764443418,297.17987060546875,2424200.0,0.0,0.0,329.9700012207031,297.17987060546875
2020-10-13,295.85596642016816,300.53923776539773,295.1444634017875,298.4858093261719,2713500.0,0.0,0.0,331.4200134277344,298.4858093261719
2020-10-14,290.0649298008511,297.72025891327365,288.3807617937107,289.8667907714844,4455400.0,0.0,0.0,321.8500061035156,289.8667907714844
2020-10-15,287.16485055378513,294.4779355143907,284.89525350742633,292.3164367675781,3172200.0,0.0,0.0,324.57000732421875,292.3164367675781
2020-10-16,293.1179752726492,299.32330679226135,292.4605353334666,297.11676025390625,3293300.0,0.0,0.0,329.8999938964844,297.11676025390625
2020-10-19,295.8919350556292,297.90933028213567,290.0558635268729,292.001220703125,2482100.0,0.0,0.0,324.2200012207031,292.001220703125
2020-10-20,294.16273296525185,295.96398663840625,291.154642629278,291.271728515625,1988600.0,0.0,0.0,323.4100036621094,291.271728515625
2020-10-21,291.2717326376599,294.04565124019587,290.1639517184109,290.7133483886719,2139000.0,0.0,0.0,322.7900085449219,290.7133483886719
2020-10-22,290.2900046729355,295.4595931381133,290.2269542075197,293.36114501953125,2100600.0,0.0,0.0,325.7300109863281,293.36114501953125
2020-10-23,296.4503485059052,302.2954081892663,295.52270391456335,297.74725341796875,2349500.0,0.0,0.0,330.6000061035156,297.74725341796875
2020-10-26,293.8925339971222,295.1804236810211,286.8856588303467,290.95648193359375,2408500.0,0.0,0.0,323.05999755859375,290.95648193359375
2020-10-27,290.9565302766058,291.35280831979367,287.687250162782,288.6599426269531,2427700.0,0.0,0.0,320.510009765625,288.6599426269531
2020-10-28,282.1933953646425,286.2282134978609,276.88871757521645,277.39306640625,3301400.0,0.0,0.0,308.0,277.39306640625
2020-10-29,276.12326966390134,278.7260952734612,271.50304806974066,273.50244140625,3279200.0,0.0,0.0,303.67999267578125,273.50244140625
2020-10-30,273.0970603448938,276.6455319523043,269.8277808322588,274.8172607421875,3556800.0,0.0,0.0,305.1400146484375,274.8172607421875
2020-11-02,281.57200906679265,281.57200906679265,276.8166726178598,281.0856628417969,4519000.0,0.0,0.0,312.1000061035156,281.0856628417969
2020-11-03,285.92203645515366,294.00066122652436,283.71548945266267,289.4164733886719,4043900.0,0.0,0.0,321.3500061035156,289.4164733886719
2020-11-04,310.92342675561326,324.6219538640337,307.239866125523,319.3262634277344,10344900.0,0.0,0.0,354.55999755859375,319.3262634277344
2020-11-05,322.4874413192094,325.1082685765269,314.93116935768927,319.18212890625,4786500.0,0.0,0.0,354.3999938964844,319.18212890625
2020-11-06,315.54366708881304,317.02070858294394,310.3290564725966,312.9318542480469,2994900.0,0.0,0.0,347.4599914550781,312.9318542480469
2020-11-09,329.9085484054525,331.3855893151622,314.30070053876244,315.2193298339844,4635300.0,0.0,0.0,350.0,315.2193298339844
2020-11-10,314.7600807048671,320.53310232603286,313.57127410726434,318.542724609375,3733200.0,0.0,0.0,353.69000244140625,318.542724609375
2020-11-11,320.7672765158054,321.35267849745236,314.68804500688,316.75048828125,2048200.0,0.0,0.0,351.70001220703125,316.75048828125
2020-11-12,316.4802665219965,324.6939789167015,314.99423773090643,319.191162109375,2907300.0,0.0,0.0,354.4100036621094,319.191162109375
2020-11-13,321.39770951830803,322.3704019836021,317.732178842017,320.32598876953125,2442100.0,0.0,0.0,355.6700134277344,320.32598876953125
2020-11-16,323.2800033145522,323.84737511551367,316.1290242693282,321.3616638183594,2790100.0,0.0,0.0,356.82000732421875,321.3616638183594
2020-11-17,317.3719072543987,318.24548890891515,312.96782878746234,317.1107177734375,2557600.0,0.0,0.0,352.1000061035156,317.1107177734375
2020-11-18,318.30857075797627,318.86695505958795,308.9960915565409,310.2749938964844,2722500.0,0.0,0.0,344.510009765625,310.2749938964844
2020-11-19,308.2755849154014,308.9780727880192,301.1065751041261,303.5112609863281,3935600.0,0.0,0.0,337.0,303.5112609863281
2020-11-20,301.7100574882949,304.1057287056504,298.746986839861,301.43988037109375,3702000.0,0.0,0.0,334.70001220703125,301.43988037109375
2020-11-23,302.2053058966341,302.84477070142,298.6388315334513,301.7640075683594,2535700.0,0.0,0.0,335.05999755859375,301.7640075683594
2020-11-24,302.77278114128654,306.2131829103747,301.1966838763067,302.61968994140625,3759700.0,0.0,0.0,336.010009765625,302.61968994140625
2020-11-25,305.15039810140235,305.15039810140235,296.43233672727945,300.0798645019531,3145100.0,0.0,0.0,333.19000244140625,300.0798645019531
2020-11-27,300.3860812939083,305.22244322753687,298.8640196724375,304.35784912109375,1558600.0,0.0,0.0,337.94000244140625,304.35784912109375
2020-11-30,301.8090890556275,304.35787875821285,297.468087972788,302.9168701171875,5265700.0,0.0,0.0,336.3399963378906,302.9168701171875
2020-12-01,310.5091445058102,318.91200936385644,306.1501133540875,307.284912109375,3817700.0,0.0,0.0,341.19000244140625,307.284912109375
2020-12-02,307.8072436910748,316.8675480466039,307.564084324259,313.0218811035156,2864300.0,0.0,0.0,347.55999755859375,313.0218811035156
2020-12-03,313.32809073578494,317.71413930931544,312.05820351782006,314.03057861328125,4169200.0,0.0,0.0,348.67999267578125,314.03057861328125
2020-12-04,312.7380932694042,317.68224862184354,312.51212643900726,316.254150390625,3255100.0,1.25,0.0,349.8900146484375,316.254150390625
2020-12-07,315.1966212652041,316.25415819444777,312.0330855615838,314.4192810058594,2999400.0,0.0,0.0,347.8599853515625,314.4192810058594
2020-12-08,311.6082668066011,316.2631781108739,311.0026635493031,314.4192810058594,2471200.0,0.0,0.0,347.8599853515625,314.4192810058594
2020-12-09,315.35017644694483,315.820177365077,308.7699980901013,311.30084228515625,2600400.0,0.0,0.0,344.4100036621094,311.30084228515625
2020-12-10,311.97879097914364,312.2499400924995,306.6459802737311,306.99847412109375,2896900.0,0.0,0.0,339.6499938964844,306.99847412109375
2020-12-11,305.6246314827689,306.30253190657635,302.1899194518411,304.6665344238281,3071700.0,0.0,0.0,337.07000732421875,304.6665344238281
2020-12-14,307.3418785744259,310.2342638542566,303.57274124783277,303.8168029785156,2479000.0,0.0,0.0,336.1300048828125,303.8168029785156
2020-12-15,306.53755302238915,308.22778036987773,304.6394262767998,307.0166015625,2616500.0,0.0,0.0,339.6700134277344,307.0166015625
2020-12-16,304.44954644640404,308.81524003353314,302.126628938014,306.71826171875,2365600.0,0.0,0.0,339.3399963378906,306.71826171875
2020-12-17,307.1430423081192,309.66483895539176,304.88337481367506,308.8242492675781,2525700.0,0.0,0.0,341.6700134277344,308.8242492675781
2020-12-18,309.59255089123087,309.6738956206251,301.8916130863933,305.8505554199219,8742700.0,0.0,0.0,338.3800048828125,305.8505554199219
2020-12-21,300.14714871891573,304.55802449512055,297.73381147164895,303.7716369628906,2892700.0,0.0,0.0,336.0799865722656,303.7716369628906
2020-12-22,302.9401705268171,304.5852156489514,301.41263256824107,302.8045959472656,2069700.0,0.0,0.0,335.010009765625,302.8045959472656
2020-12-23,304.1422153359468,308.806172631801,303.7264442157253,305.136474609375,2348100.0,0.0,0.0,337.5899963378906,305.136474609375
2020-12-24,304.0970423178126,308.5892628045692,304.0970423178126,308.02886962890625,1360600.0,0.0,0.0,340.7900085449219,308.02886962890625
2020-12-28,310.2162259152851,314.35595276360675,310.0806513643216,312.6928405761719,2308200.0,0.0,0.0,345.95001220703125,312.6928405761719
2020-12-29,314.5368042919944,317.51958322999025,311.8342496220995,313.9583435058594,2275700.0,0.0,0.0,347.3500061035156,313.9583435058594
2020-12-30,313.7142441042687,315.458728922273,311.3551637384575,311.8251647949219,1866000.0,0.0,0.0,344.989990234375,311.8251647949219
2020-12-31,311.8702829856285,317.3386673999742,310.97543588260606,316.96807861328125,1969000.0,0.0,0.0,350.67999267578125,316.96807861328125
2021-01-04,317.6641021650471,318.2335152655403,307.6582867845744,315.90155029296875,4203800.0,0.0,0.0,349.5,315.90155029296875
2021-01-05,315.16940692893036,317.5827165288972,311.3641343349855,311.6533508300781,3160500.0,0.0,0.0,344.79998779296875,311.6533508300781
2021-01-06,304.7026602651528,324.9312127283155,302.8949258549876,324.73236083984375,6561400.0,0.0,0.0,359.2699890136719,324.73236083984375
2021-01-07,324.0725400939025,331.22213265774235,323.51214686669147,329.9386291503906,3366700.0,0.0,0.0,365.0299987792969,329.9386291503906
2021-01-08,331.71921519800355,332.16210123615497,324.27135935662454,328.4562683105469,2947800.0,0.0,0.0,363.3900146484375,328.4562683105469
2021-01-11,327.7603875126532,329.2698581860745,324.6601289948726,326.0701599121094,2695100.0,0.0,0.0,360.75,326.0701599121094
2021-01-12,323.5302561353,325.46451776926125,321.0807835320544,323.0150451660156,2372500.0,0.0,0.0,357.3699951171875,323.0150451660156
2021-01-13,321.8128331170133,322.5088008173047,317.46523480090536,320.9089660644531,1974500.0,0.0,0.0,355.0400085449219,320.9089660644531
2021-01-14,322.5450591756608,324.3166314022242,316.733198918869,316.8326110839844,2919900.0,0.0,0.0,350.5299987792969,316.8326110839844
2021-01-15,315.5580797463036,319.11027085403515,312.503004513516,317.52850341796875,3777000.0,0.0,0.0,351.29998779296875,317.52850341796875
2021-01-19,321.9665133480299,322.6444137180465,317.76353657069404,318.3329772949219,3361300.0,0.0,0.0,352.19000244140625,318.3329772949219
2021-01-20,318.0527614466394,318.23351831740996,312.58434890892505,317.11273193359375,3036800.0,0.0,0.0,350.8399963378906,317.11273193359375
2021-01-21,317.0856277457373,326.19662392276905,317.0223504261022,320.8728332519531,3749800.0,0.0,0.0,355.0,320.8728332519531
2021-01-22,319.3453530704236,320.52941702491484,314.13004868754115,314.1390686035156,2585100.0,0.0,0.0,347.54998779296875,314.1390686035156
2021-01-25,313.7774982829038,316.7060468175631,311.47264791736336,314.3740539550781,2506300.0,0.0,0.0,347.80999755859375,314.3740539550781
2021-01-26,316.81449368268704,317.7183608615289,309.6377860759757,310.1258544921875,2467500.0,0.0,0.0,343.1099853515625,310.1258544921875
2021-01-27,304.6393770592227,305.50708175730813,297.3813253030755,300.97869873046875,4770900.0,0.0,0.0,332.989990234375,300.97869873046875
2021-01-28,304.27784904528954,313.26226309277456,302.3526076123155,305.6426696777344,2769900.0,0.0,0.0,338.1499938964844,305.6426696777344
2021-01-29,304.17838176135245,306.42900192253006,298.8455716037313,301.511962890625,3899200.0,0.0,0.0,333.5799865722656,301.511962890625
2021-02-01,302.82261415349853,305.64267528526386,300.7527506292357,301.8916320800781,3020200.0,0.0,0.0,334.0,301.8916320800781
2021-02-02,304.693667875698,311.5088349411678,304.693667875698,306.1579284667969,2663700.0,0.0,0.0,338.7200012207031,306.1579284667969
2021-02-03,305.50718805489174,307.4595449927595,302.4340443427061,305.40777587890625,2537100.0,0.0,0.0,337.8900146484375,305.40777587890625
2021-02-04,300.3732233147535,303.05771061690075,296.8210310253615,297.66162109375,5962200.0,0.0,0.0,329.32000732421875,297.66162109375
2021-02-05,300.1833649853033,301.4216863947747,292.38301311707914,293.3139953613281,7227900.0,0.0,0.0,324.510009765625,293.3139953613281
2021-02-08,295.5736158316632,295.58263574646827,292.68122981749934,293.1602783203125,4758200.0,0.0,0.0,324.3399963378906,293.1602783203125
2021-02-09,292.7626330635674,299.216259269121,290.78316133388705,297.9418029785156,4096900.0,0.0,0.0,329.6300048828125,297.9418029785156
2021-02-10,300.680451330816,303.4824450303054,298.06826201055287,301.34930419921875,4122700.0,0.0,0.0,333.3999938964844,301.34930419921875
2021-02-11,302.79551298978436,304.2868883578918,299.63197777944333,301.0510559082031,2776700.0,0.0,0.0,333.07000732421875,301.0510559082031
2021-02-12,299.7946383368924,300.44542376359675,296.3599543305186,296.6853332519531,2760800.0,0.0,0.0,328.239990234375,296.6853332519531
2021-02-16,295.89004017632766,298.1316414202741,291.4791901164525,293.4134521484375,4339000.0,0.0,0.0,324.6199951171875,293.4134521484375
2021-02-17,292.36490604564267,297.0107971588018,291.26218684793946,295.43804931640625,2620000.0,0.0,0.0,326.8599853515625,295.43804931640625
2021-02-18,294.5703043582398,297.8965289143694,293.9376138913204,296.8390197753906,2383500.0,0.0,0.0,328.4100036621094,296.8390197753906
2021-02-19,297.14627372533073,297.2366659413291,292.9523176407249,293.37713623046875,2313800.0,0.0,0.0,324.5799865722656,293.37713623046875
2021-02-22,290.5933683789321,297.4175561984612,289.55392638828016,296.14312744140625,2688300.0,0.0,0.0,327.6400146484375,296.14312744140625
2021-02-23,298.26718218628974,301.837469302441,295.2392485883622,297.8333435058594,3225700.0,0.0,0.0,329.510009765625,297.8333435058594
2021-02-24,296.9113552761535,301.53013144070775,294.6968969807933,300.27374267578125,3360500.0,0.0,0.0,332.2099914550781,300.27374267578125
2021-02-25,299.18006345711353,301.5301238530008,295.8899733861034,297.25482177734375,2780100.0,0.0,0.0,328.8699951171875,297.25482177734375
2021-02-26,298.7733358138666,305.42581372665785,298.1406452312322,300.2828063964844,5430000.0,0.0,0.0,332.2200012207031,300.2828063964844
2021-03-01,302.2170272796061,306.32963963791633,301.6024041965526,302.4791564941406,4198900.0,0.0,0.0,334.6499938964844,302.4791564941406
2021-03-02,302.79559388349844,305.2089320970141,301.7923142604287,302.47021484375,2568900.0,0.0,0.0,334.6400146484375,302.47021484375
2021-03-03,301.27705160684826,305.651765978702,300.78895554696095,300.87030029296875,3039700.0,0.0,0.0,332.8699951171875,300.87030029296875
2021-03-04,302.0453162055518,308.07409501942175,300.6895153972716,301.71990966796875,4991600.0,0.0,0.0,333.80999755859375,301.71990966796875
2021-03-05,302.8226164572397,314.80790394225767,302.8135689587239,313.7322998046875,4563100.0,0.0,0.0,347.1000061035156,313.7322998046875
2021-03-08,313.65106909932877,319.96909407931815,312.3766126179342,316.5072937011719,3419900.0,0.0,0.0,350.1700134277344,316.5072937011719
2021-03-09,318.99282585524975,326.52202752963257,317.56470022561035,318.1431884765625,4277600.0,0.0,0.0,351.9800109863281,318.1431884765625
2021-03-10,319.88757745594523,320.40278827279053,314.99765361205124,315.9919128417969,3012300.0,0.0,0.0,349.6000061035156,315.9919128417969
2021-03-11,317.0405019307295,321.74964282474554,316.2360467961351,319.1555480957031,2520500.0,0.0,0.0,353.1000061035156,319.1555480957031
2021-03-12,320.3529282366086,323.66375924809756,319.2825545610215,322.9380798339844,2088700.0,1.25,0.0,356.0199890136719,322.9380798339844
2021-03-15,323.7545054492064,324.67971565390627,318.8834701241304,320.9969787597656,2343400.0,0.0,0.0,353.8800048828125,320.9969787597656
2021-03-16,320.6794438273895,322.3393852135011,319.2099811651641,321.6500244140625,2904200.0,0.0,0.0,354.6000061035156,321.6500244140625
2021-03-17,322.16695541356444,324.7974764852381,319.13729006360705,319.45477294921875,2633100.0,0.0,0.0,352.17999267578125,319.45477294921875
2021-03-18,320.08077174239577,330.46683118184825,319.6000212658824,328.4077453613281,3311600.0,0.0,0.0,362.04998779296875,328.4077453613281
2021-03-19,328.28976767123737,336.0361958832654,325.6501666800999,331.6096496582031,8572900.0,0.0,0.0,365.5799865722656,331.6096496582031
2021-03-22,331.0835995004853,334.3309278306473,326.647973058253,332.770751953125,3505200.0,0.0,0.0,366.8599853515625,332.770751953125
2021-03-23,334.57584476562437,337.01588766751473,333.0973026709659,334.25836181640625,3100100.0,0.0,0.0,368.5,334.25836181640625
2021-03-24,332.03601546701856,339.06587260588776,331.5462130940695,336.1632385253906,3407800.0,0.0,0.0,370.6000061035156,336.1632385253906
2021-03-25,336.163267483836,337.5329370723315,329.6232398363659,336.60772705078125,3021500.0,0.0,0.0,371.0899963378906,336.60772705078125
2021-03-26,337.142894262508,342.02298050088683,335.88206967659687,341.49688720703125,2959800.0,0.0,0.0,376.4800109863281,341.49688720703125
2021-03-29,341.3880049926728,345.1433227641683,340.14531204413987,343.8371276855469,2740400.0,0.0,0.0,379.05999755859375,343.8371276855469
2021-03-30,342.46740868791323,344.5809166756155,337.2517083472333,338.8481750488281,3066000.0,0.0,0.0,373.55999755859375,338.8481750488281
2021-03-31,338.158792535209,341.9685326185471,337.2517141993508,337.49664306640625,3356500.0,0.0,0.0,372.07000732421875,337.49664306640625
2021-04-01,337.61455884608165,338.05901836083683,331.7729723014427,332.96124267578125,2977700.0,0.0,0.0,367.07000732421875,332.96124267578125
2021-04-05,335.2742344756182,338.0045486719974,333.4782373848051,335.7821960449219,2709400.0,0.0,0.0,370.17999267578125,335.7821960449219
2021-04-06,334.51227232627735,335.42843009754836,329.0153810623071,330.5120544433594,2698600.0,0.0,0.0,364.3699951171875,330.5120544433594
2021-04-07,330.3488793214565,331.8818440069956,327.04710071203823,331.6641540527344,2158900.0,0.0,0.0,365.6400146484375,331.6641540527344
2021-04-08,329.3692604162994,332.81617532088796,329.3692604162994,330.98388671875,2426700.0,0.0,0.0,364.8900146484375,330.98388671875
2021-04-09,334.12236091604996,341.6148102760193,332.89779944168157,341.3336181640625,2483200.0,0.0,0.0,376.29998779296875,341.3336181640625
2021-04-12,339.6826997816255,344.53554665590997,339.27450346424007,341.3154296875,3057300.0,0.0,0.0,376.2799987792969,341.3154296875
2021-04-13,341.2881926064179,344.06384984536146,339.546590181085,339.7008056640625,2652300.0,0.0,0.0,374.5,339.7008056640625
2021-04-14,340.46280011127925,342.8847115963607,339.7734116756177,340.7258605957031,2805600.0,0.0,0.0,375.6300048828125,340.7258605957031
2021-04-15,344.6896113318406,355.9010811920967,344.6896113318406,353.76947021484375,4488300.0,0.0,0.0,390.010009765625,353.76947021484375
2021-04-16,357.3163287105272,357.3163287105272,349.6424256615914,354.6767272949219,4532400.0,0.0,0.0,391.010009765625,354.6767272949219
2021-04-19,353.76052280688765,356.835531407796,352.37269417084156,353.6153869628906,2965400.0,0.0,0.0,389.8399963378906,353.6153869628906
2021-04-20,353.63352207945604,360.9083075423048,353.2344331067852,359.6837463378906,3348100.0,0.0,0.0,396.5299987792969,359.6837463378906
2021-04-21,361.7972654531982,364.1738340358801,358.6950729289203,361.7519226074219,2473300.0,0.0,0.0,398.80999755859375,361.7519226074219
2021-04-22,361.41631449154187,361.7065862188302,356.65415296294475,359.69287109375,2718600.0,0.0,0.0,396.5400085449219,359.69287109375
2021-04-23,358.8583489557876,364.63643388279746,357.84242558600596,363.112548828125,2263200.0,0.0,0.0,400.30999755859375,363.112548828125
2021-04-26,362.65905145602704,362.831398584902,358.4864848359329,359.0760803222656,1642300.0,0.0,0.0,395.8599853515625,359.0760803222656
2021-04-27,357.98754308363294,359.50234841848095,355.8468237941369,357.8424072265625,1758500.0,0.0,0.0,394.5,357.8424072265625
2021-04-28,358.4592452143553,360.10105494844686,356.75393334689653,357.924072265625,1886500.0,0.0,0.0,394.5899963378906,357.924072265625
2021-04-29,359.88333962862106,364.7906368821132,359.47514329354846,364.2373046875,1996500.0,0.0,0.0,401.54998779296875,364.2373046875
2021-04-30,363.7383504039447,364.5184243519469,361.3345987618306,361.7427673339844,2328100.0,0.0,0.0,398.79998779296875,361.7427673339844
2021-05-03,363.7383666862624,368.9721980569125,363.3120388150427,368.18304443359375,2568500.0,0.0,0.0,405.8999938964844,368.18304443359375
2021-05-04,367.8021487659122,374.1426177370018,366.00612362134314,373.11761474609375,3237200.0,0.0,0.0,411.3399963378906,373.11761474609375
2021-05-05,372.35567356918796,374.3965999164003,368.9994725032602,374.1698303222656,2767600.0,0.0,0.0,412.5,374.1698303222656
2021-05-06,374.62333298548134,378.11558993103455,374.2242163241706,376.4102783203125,3058700.0,0.0,0.0,414.9700012207031,376.4102783203125
2021-05-07,376.4375865648123,380.0840322571586,375.5940101831399,378.8413391113281,1851000.0,0.0,0.0,417.6499938964844,378.8413391113281
2021-05-10,380.3107526520334,386.3972686765547,379.358331400136,381.7802429199219,2489300.0,0.0,0.0,420.8900146484375,381.7802429199219
2021-05-11,381.87997007691143,383.05010885252597,372.4554131100611,373.44415283203125,3024000.0,0.0,0.0,411.70001220703125,373.44415283203125
2021-05-12,371.25812152486117,372.67316159692615,367.07647575769096,367.7023620605469,2888100.0,0.0,0.0,405.3699951171875,367.7023620605469
2021-05-13,368.52780962996036,374.786645026169,366.74994372466443,370.595947265625,2637500.0,0.0,0.0,408.55999755859375,370.595947265625
2021-05-14,372.80009798834084,374.25142879041806,370.541481901765,371.7206726074219,2072900.0,0.0,0.0,409.79998779296875,371.7206726074219
2021-05-17,371.2762304512331,374.1788921910173,370.6050013426645,370.659423828125,1583900.0,0.0,0.0,408.6300048828125,370.659423828125
2021-05-18,371.62100081412063,374.58713760698936,368.5187800978752,372.24688720703125,2694800.0,0.0,0.0,410.3800048828125,372.24688720703125
2021-05-19,371.43946772249774,372.5551839474366,366.6863864996495,371.44854736328125,2783100.0,0.0,0.0,409.5,371.44854736328125
2021-05-20,371.4758034204166,375.3762293351293,370.37824634463027,370.66851806640625,2105800.0,0.0,0.0,408.6400146484375,370.66851806640625
2021-05-21,372.5914920585799,379.73019386375256,371.4122736572888,373.3806457519531,4295400.0,0.0,0.0,411.6300048828125,373.3806457519531
2021-05-24,374.051921344762,375.4397502116234,371.8295958384191,372.7638854980469,1883600.0,0.0,0.0,410.95001220703125,372.7638854980469
2021-05-25,373.5802237616232,375.4034324203912,370.8952795981341,374.668701171875,2285600.0,0.0,0.0,413.04998779296875,374.668701171875
2021-05-26,373.8069990773876,376.70963323104155,372.81828698314445,374.8138427734375,1903900.0,0.0,0.0,413.2099914550781,374.8138427734375
2021-05-27,376.3649724287742,376.53729185314506,372.24682884558086,374.35125732421875,2041800.0,0.0,0.0,412.70001220703125,374.35125732421875
2021-05-28,374.3512883961793,376.8638857439864,371.92029710543414,373.6437683105469,2367900.0,0.0,0.0,411.9200134277344,373.6437683105469
2021-06-01,375.2855695835744,375.2855695835744,368.41897921066777,368.92694091796875,2199600.0,0.0,0.0,406.7200012207031,368.92694091796875
2021-06-02,371.12202112507475,371.12202112507475,366.95850745583937,368.1377258300781,2232900.0,0.0,0.0,405.8500061035156,368.1377258300781
2021-06-03,366.0060744912883,371.6843932040356,365.40739952346047,370.0516357421875,2281200.0,0.0,0.0,407.9599914550781,370.0516357421875
2021-06-04,372.77296311910857,372.80925400909956,367.04930014436746,367.94732666015625,2990900.0,0.0,0.0,405.6400146484375,367.94732666015625
2021-06-07,369.1445623480975,369.37133191396333,361.6430350747157,363.0580749511719,3353800.0,0.0,0.0,400.25,363.0580749511719
2021-06-08,363.48445796516756,365.3258260119706,361.69751240787906,364.40966796875,3051300.0,0.0,0.0,401.739990234375,364.40966796875
2021-06-09,365.851929773444,368.0742829922773,363.3121212506374,363.82916259765625,1925700.0,0.0,0.0,401.1000061035156,363.82916259765625
2021-06-10,364.56381584830945,365.41647160164547,361.44346451308644,364.1828308105469,4033600.0,0.0,0.0,401.489990234375,364.1828308105469
2021-06-11,365.8700285574294,365.87908051655336,358.096361080046,360.9173889160156,3094300.0,0.0,0.0,397.8900146484375,360.9173889160156
2021-06-14,360.38227760033925,362.35065012875157,358.41393275376595,362.0694580078125,2674900.0,0.0,0.0,399.1600036621094,362.0694580078125
2021-06-15,362.79511641410767,364.1920250831499,359.6294212435536,363.08538818359375,2845800.0,0.0,0.0,400.2799987792969,363.08538818359375
2021-06-16,363.8291408160855,365.68864040733405,359.81079026877813,360.3368835449219,3330800.0,0.0,0.0,397.25,360.3368835449219
2021-06-17,359.2030813268292,361.0807404410425,357.9422289409499,360.4276428222656,3532000.0,0.0,0.0,397.3500061035156,360.4276428222656
2021-06-18,352.57993215552005,357.4778916746209,352.55262124970886,354.482666015625,5521400.0,1.45,0.0,389.3699951171875,354.482666015625
2021-06-21,354.48258196595754,363.43183301887586,354.3460274692791,362.403076171875,3839300.0,0.0,0.0,398.07000732421875,362.403076171875
2021-06-22,364.7155131303562,364.7519369278758,362.17551586350794,362.9675598144531,3964600.0,0.0,0.0,398.69000244140625,362.9675598144531
2021-06-23,362.1754947571204,363.24976056399964,359.8539570610303,360.11798095703125,2942100.0,0.0,0.0,395.55999755859375,360.11798095703125
2021-06-24,362.6306995769863,366.1266338328041,361.28329696229173,363.13140869140625,3309100.0,0.0,0.0,398.8699951171875,363.13140869140625
2021-06-25,364.2512692609165,373.2460312303462,363.2680210984626,368.6667175292969,16928900.0,0.0,0.0,404.95001220703125,368.6667175292969
2021-06-28,368.66672732876805,368.70312334818175,362.27569745259945,365.4894104003906,3193300.0,0.0,0.0,401.4599914550781,365.4894104003906
2021-06-29,365.95381924281776,367.0736222549591,361.8661284458861,362.4305725097656,2458800.0,0.0,0.0,398.1000061035156,362.4305725097656
2021-06-30,361.92066532778426,365.4347983372047,361.2469499855636,364.5608215332031,2875600.0,0.0,0.0,400.44000244140625,364.5608215332031
2021-07-01,366.0083007489554,368.903367582751,365.8080115337308,368.612060546875,2678100.0,0.0,0.0,404.8900146484375,368.612060546875
2021-07-02,368.7941789952794,373.1458927905982,367.6926020387983,372.68157958984375,1982400.0,0.0,0.0,409.3599853515625,372.68157958984375
2021-07-06,372.05341247529765,374.32030099975555,369.3586067891854,373.5009460449219,2615300.0,0.0,0.0,410.260009765625,373.5009460449219
2021-07-07,373.5828292962439,375.24884989103504,370.7150734424334,374.77545166015625,2270400.0,0.0,0.0,411.6600036621094,374.77545166015625
2021-07-08,371.99875828672,374.0198486347349,368.7850454316064,373.2187194824219,2032300.0,0.0,0.0,409.95001220703125,373.2187194824219
2021-07-09,375.5675305947854,376.2230200895733,373.8468880354792,375.1851501464844,2078900.0,0.0,0.0,412.1099853515625,375.1851501464844
2021-07-12,374.19283287352056,379.090792393212,373.5464562470961,378.7630615234375,2802600.0,0.0,0.0,416.0400085449219,378.7630615234375
2021-07-13,379.0725332138588,382.0859563964176,378.46255270480424,381.03900146484375,2948900.0,0.0,0.0,418.5400085449219,381.03900146484375
2021-07-14,383.06921225010524,384.6715260369104,376.3140560305146,377.5794982910156,3538700.0,0.0,0.0,414.739990234375,377.5794982910156
2021-07-15,375.0032007356812,383.9433433520054,370.7152207026911,382.4138488769531,3546500.0,0.0,0.0,420.04998779296875,382.4138488769531
2021-07-16,383.6063331218133,384.45302668391116,380.21967000629286,382.0950927734375,2625400.0,0.0,0.0,419.70001220703125,382.0950927734375
2021-07-19,379.8554548510771,381.94027955101905,370.3599853259082,372.40838623046875,3611300.0,0.0,0.0,409.05999755859375,372.40838623046875
2021-07-20,374.1746189699665,380.3016245574921,373.8195494262395,375.9681091308594,3186700.0,0.0,0.0,412.9700012207031,375.9681091308594
2021-07-21,379.6916793264552,379.84645965605375,374.0198734772527,377.488525390625,1863700.0,0.0,0.0,414.6400146484375,377.488525390625
2021-07-22,378.7447815067608,379.48220364139894,376.6599845005451,378.5171813964844,1421900.0,0.0,0.0,415.7699890136719,378.5171813964844
2021-07-23,380.4563859506291,381.7673649710146,378.71751755854535,380.2743225097656,1611700.0,0.0,0.0,417.70001220703125,380.2743225097656
2021-07-26,379.48228918697305,380.2470501791301,374.0836200221832,376.4870910644531,2232600.0,0.0,0.0,413.5400085449219,376.4870910644531
2021-07-27,375.0850705231004,378.0529855542787,372.7726450760099,377.9073181152344,2630600.0,0.0,0.0,415.1000061035156,377.9073181152344
2021-07-28,377.35200851983274,377.35200851983274,370.3510243340718,372.5086975097656,2446600.0,0.0,0.0,409.1700134277344,372.5086975097656
2021-07-29,374.42955806413664,375.613067732136,371.82582568124946,375.1578674316406,1597300.0,0.0,0.0,412.0799865722656,375.1578674316406
2021-07-30,373.9561926579483,376.69647981545734,373.4918794199573,375.2853698730469,1864200.0,0.0,0.0,412.2200012207031,375.2853698730469
2021-08-02,376.5144341474382,379.1272797803823,375.82252070646547,378.3352355957031,1806500.0,0.0,0.0,415.57000732421875,378.3352355957031
2021-08-03,378.5627988231546,384.31653750599196,377.88908346046844,384.0980224609375,2496500.0,0.0,0.0,421.8999938964844,384.0980224609375
2021-08-04,384.2345185150207,385.7002777619662,382.10418468675067,383.7702331542969,1995400.0,0.0,0.0,421.5400085449219,383.7702331542969
2021-08-05,384.2436445058186,384.4166228287425,371.34328458666346,374.34759521484375,3598600.0,0.0,0.0,411.19000244140625,374.34759521484375
2021-08-06,375.09411337922506,379.4276008029052,375.09411337922506,377.9254455566406,1944000.0,0.0,0.0,415.1199951171875,377.9254455566406
2021-08-09,377.7707242651337,378.9360358730105,373.5828761238445,374.0562744140625,1509800.0,0.0,0.0,410.8699951171875,374.0562744140625
2021-08-10,373.72853641785196,376.58717968034233,371.962357138843,374.8847351074219,1441800.0,0.0,0.0,411.7799987792969,374.8847351074219
2021-08-11,376.0227529538396,376.8421079246599,370.99735172068375,371.20672607421875,1542600.0,0.0,0.0,407.739990234375,371.20672607421875
2021-08-12,370.53300594617684,372.1080088235333,368.0749134666617,369.586181640625,1939900.0,0.0,0.0,405.9599914550781,369.586181640625
2021-08-13,370.60584427475857,373.3097350240041,369.54980408426707,372.96380615234375,1537800.0,0.0,0.0,409.6700134277344,372.96380615234375
2021-08-16,373.1185687525927,380.0194206776229,370.8334544160873,379.8282165527344,2377500.0,0.0,0.0,417.2099914550781,379.8282165527344
2021-08-17,379.72810132936866,384.6442590840949,379.30021192982787,383.98876953125,2258000.0,0.0,0.0,421.7799987792969,383.98876953125
2021-08-18,383.59725764373974,383.8157448739142,379.71894260883306,379.9283447265625,3037000.0,0.0,0.0,417.32000732421875,379.9283447265625
2021-08-19,378.1621804129639,389.97007651755285,375.4491768042265,389.5513000488281,3204500.0,0.0,0.0,427.8900146484375,389.5513000488281
2021-08-20,389.97002915341943,392.71031555096033,388.6590503135581,391.2081604003906,2401900.0,0.0,0.0,429.7099914550781,391.2081604003906
2021-08-23,391.9820491819862,391.9820491819862,386.8291788586133,387.2479553222656,2375900.0,0.0,0.0,425.3599853515625,387.2479553222656
2021-08-24,387.3936491948041,387.7760296673596,383.93413806484267,385.47271728515625,1619300.0,0.0,0.0,423.4100036621094,385.47271728515625
2021-08-25,384.0525211048036,385.6639202589894,381.86756509379245,382.1315612792969,1939000.0,0.0,0.0,419.739990234375,382.1315612792969
2021-08-26,382.1588424229122,383.63371470411596,379.3001990418189,379.50048828125,1385400.0,0.0,0.0,416.8500061035156,379.50048828125
2021-08-27,380.5565489417079,382.68688292912407,378.83587853847536,381.2393493652344,1621600.0,0.0,0.0,418.760009765625,381.2393493652344
2021-08-30,381.23936091699653,382.88718376637945,380.44731684702174,380.820556640625,1284200.0,0.0,0.0,418.29998779296875,380.820556640625
2021-08-31,379.637136771201,383.04202690101005,377.1062236373888,378.9725341796875,4249100.0,0.0,0.0,416.2699890136719,378.9725341796875
2021-09-01,379.2182357694078,382.2498572395317,374.3930964021425,379.9556579589844,2034400.0,0.0,0.0,417.3500061035156,379.9556579589844
2021-09-02,381.60353778688614,386.3740282772387,380.76595696866025,385.745849609375,3137400.0,0.0,0.0,423.7099914550781,385.745849609375
2021-09-03,384.1253189721916,386.0098548845303,382.92358351071005,384.97198486328125,1604800.0,0.0,0.0,422.8599853515625,384.97198486328125
2021-09-07,382.6413525799791,384.42575772032166,380.16506189157275,383.49713134765625,1920300.0,0.0,0.0,421.239990234375,383.49713134765625
2021-09-08,383.4516690933188,384.9811355855404,377.08797715670886,378.1713562011719,2262500.0,0.0,0.0,415.3900146484375,378.1713562011719
2021-09-09,378.1257794244315,382.56853876901283,376.84211125274726,377.40655517578125,3508500.0,0.0,0.0,414.54998779296875,377.40655517578125
2021-09-10,379.6540409659173,380.05602553107315,367.8046969392981,369.0106506347656,4215800.0,1.45,0.0,403.9100036621094,369.0106506347656
2021-09-13,372.72892877521434,380.7959696780844,371.33112792547166,378.7038269042969,3068200.0,0.0,0.0,414.5199890136719,378.7038269042969
2021-09-14,381.5086078397052,381.5086078397052,375.8260387473373,376.89495849609375,2879800.0,0.0,0.0,412.5400085449219,376.89495849609375
2021-09-15,376.87666052372447,385.0076882777282,374.1176102846989,381.44464111328125,3180600.0,0.0,0.0,417.5199890136719,381.44464111328125
2021-09-16,383.4089487997647,386.81664495343176,379.10589040726677,380.8234558105469,2262700.0,0.0,0.0,416.8399963378906,380.8234558105469
2021-09-17,379.11500106402326,384.7062051234472,379.11500106402326,383.8565673828125,4534200.0,0.0,0.0,420.1600036621094,383.8565673828125
2021-09-20,380.8965145168943,383.0708499077629,373.40501502524046,377.0411376953125,2799800.0,0.0,0.0,412.70001220703125,377.0411376953125
2021-09-21,379.15159456663133,382.59584244595266,376.59350829816,376.7122802734375,2382200.0,0.0,0.0,412.3399963378906,376.7122802734375
2021-09-22,369.9516188989255,376.4016053425398,369.9516188989255,373.3867492675781,3629400.0,0.0,0.0,408.70001220703125,373.3867492675781
2021-09-23,374.3916521480859,379.00532895380337,372.2995372564838,372.77459716796875,2681600.0,0.0,0.0,408.0299987792969,372.77459716796875
2021-09-24,371.7788188009021,372.64674629404004,370.21657719399565,371.9067077636719,1950400.0,0.0,0.0,407.0799865722656,371.9067077636719
2021-09-27,372.59182464569693,376.538565847691,369.9698087257184,370.2530212402344,2608600.0,0.0,0.0,405.2699890136719,370.2530212402344
2021-09-28,367.81379585909144,369.0928248244141,362.71591400201487,364.17767333984375,3115400.0,0.0,0.0,398.6199951171875,364.17767333984375
2021-09-29,362.6976224854971,367.1285687897421,361.60129610150767,365.81298828125,2056300.0,0.0,0.0,400.4100036621094,365.81298828125
2021-09-30,366.79964191454303,368.6268338786586,356.7226793476751,356.9784851074219,3779900.0,0.0,0.0,390.739990234375,356.9784851074219
2021-10-01,357.7641885475515,359.67360078513747,350.0168846606459,358.5224609375,3146600.0,0.0,0.0,392.42999267578125,358.5224609375
2021-10-04,357.78246500494515,361.007457805283,351.5152097585796,353.57080078125,3074800.0,0.0,0.0,387.010009765625,353.57080078125
2021-10-05,355.6995218000729,361.79322038989403,355.60815660889756,359.4361267089844,3269400.0,0.0,0.0,393.42999267578125,359.4361267089844
2021-10-06,356.98777651983346,360.66956872354126,352.5020150609962,360.18536376953125,2809200.0,0.0,0.0,394.25,360.18536376953125
2021-10-07,362.47834558040597,372.9024789323306,362.4326490535144,369.7322998046875,2813700.0,0.0,0.0,404.70001220703125,369.7322998046875
2021-10-08,371.2945283959762,373.7703655806015,367.8502817478226,373.1673889160156,2012200.0,0.0,0.0,408.4599914550781,373.1673889160156
2021-10-11,372.74718643581446,375.68896681654235,369.28464961795333,369.99725341796875,2164200.0,0.0,0.0,404.989990234375,369.99725341796875
2021-10-12,370.10682687856456,373.0943033573079,367.5487694748324,368.3984069824219,2415700.0,0.0,0.0,403.239990234375,368.3984069824219
2021-10-13,368.4897932789033,370.28957844567844,363.7116763435722,368.681640625,3021800.0,0.0,0.0,403.54998779296875,368.681640625
2021-10-14,388.8813216940748,396.04391181700254,381.7004418053593,384.03924560546875,6038800.0,0.0,0.0,420.3599853515625,384.03924560546875
2021-10-15,385.5832027684593,393.2939556812811,385.08073609192786,391.08306884765625,3312000.0,0.0,0.0,428.07000732421875,391.08306884765625
2021-10-18,391.01914223051574,391.01914223051574,387.21857899772647,387.9311828613281,2232800.0,0.0,0.0,424.6199951171875,387.9311828613281
2021-10-19,389.95023845366853,390.85471761502856,386.8166103021966,387.7119445800781,1616800.0,0.0,0.0,424.3800048828125,387.7119445800781
2021-10-20,390.10559184525755,397.89856660459463,389.95941310215545,397.49658203125,2764000.0,0.0,0.0,435.0899963378906,397.49658203125
2021-10-21,397.87112678160366,404.2662998871633,397.48740412774356,404.0653076171875,2465100.0,0.0,0.0,442.2799987792969,404.0653076171875
2021-10-22,402.7497636938182,410.4696630855767,402.40259266118363,410.35089111328125,2736200.0,0.0,0.0,449.1600036621094,410.35089111328125
2021-10-25,411.11822562572274,413.53013259881504,407.8658258934539,410.65228271484375,3553500.0,0.0,0.0,449.489990234375,410.65228271484375
2021-10-26,411.5659145691523,418.1620797892565,408.91649134971385,415.35736083984375,3103900.0,0.0,0.0,454.6400146484375,415.35736083984375
2021-10-27,415.35741293629974,420.65626003978775,414.2976379394531,414.2976379394531,3520400.0,0.0,0.0,453.4800109863281,414.2976379394531
2021-10-28,413.8590495165526,418.33566500581514,413.4205133343026,416.0882263183594,1672600.0,0.0,0.0,455.44000244140625,416.0882263183594
2021-10-29,415.147203660945,421.5241144224684,413.9138433601527,420.68359375,2497800.0,0.0,0.0,460.4700012207031,420.68359375
2021-11-01,421.9169538528415,425.5165246853885,412.19627805226554,414.87310791015625,2203100.0,0.0,0.0,454.1099853515625,414.87310791015625
2021-11-02,416.83737134007896,417.00181194900205,411.46542173599806,412.98199462890625,2600000.0,0.0,0.0,452.0400085449219,412.98199462890625
2021-11-03,411.5019560330489,417.98846585566116,408.41399684115174,417.81488037109375,2438200.0,0.0,0.0,457.3299865722656,417.81488037109375
2021-11-04,418.0616068790584,418.8929827273385,413.09164155618686,417.294189453125,2517300.0,0.0,0.0,456.760009765625,417.294189453125
2021-11-05,418.271693111471,421.6428649744325,415.3025057657712,416.4262390136719,2905000.0,0.0,0.0,455.80999755859375,416.4262390136719
2021-11-08,417.37632736686726,424.0821184875111,415.0557857803586,422.64776611328125,2279900.0,0.0,0.0,462.6199951171875,422.64776611328125
2021-11-09,422.64786211953054,424.33802063583266,420.5191952786478,424.2283935546875,2657800.0,0.0,0.0,464.3500061035156,424.2283935546875
2021-11-10,425.17853423839256,425.7358145184178,417.1754228805435,420.1628723144531,2818200.0,0.0,0.0,459.8999938964844,420.1628723144531
2021-11-11,420.2541928224612,421.0307550592593,416.0881969675499,417.8697204589844,2246800.0,0.0,0.0,457.3900146484375,417.8697204589844
2021-11-12,420.8663446328749,421.1678190905111,417.5865099665102,419.33148193359375,2609500.0,0.0,0.0,458.989990234375,419.33148193359375
2021-11-15,418.42699332661516,418.61884069162085,411.575022911878,411.8490905761719,2849600.0,0.0,0.0,450.79998779296875,411.8490905761719
2021-11-16,413.84990214469116,418.7467919011075,410.5426886139083,410.7710876464844,3383800.0,0.0,0.0,449.6199951171875,410.7710876464844
2021-11-17,411.474577248884,414.7360942664124,409.95800431679703,410.15899658203125,2281500.0,0.0,0.0,448.95001220703125,410.15899658203125
2021-11-18,409.9579505551169,413.6854100352214,408.47790158844435,410.6340026855469,2073800.0,0.0,0.0,449.4700012207031,410.6340026855469
2021-11-19,409.40984085063366,410.61579444142563,401.5255017367276,401.9822998046875,3536100.0,0.0,0.0,440.0,401.9822998046875
2021-11-22,404.55864978979446,405.4082875094221,399.5978294362684,399.73486328125,2598700.0,0.0,0.0,437.5400085449219,399.73486328125
2021-11-23,398.33709148562843,408.85256487852484,398.3279466017125,408.49627685546875,2857000.0,0.0,0.0,447.1300048828125,408.49627685546875
2021-11-24,408.04861677172914,412.01362090120597,407.1350205792946,411.26446533203125,2248800.0,0.0,0.0,450.1600036621094,411.26446533203125
2021-11-26,406.4771802146549,409.45548447679755,400.3469304432166,401.9000549316406,2480600.0,0.0,0.0,439.9100036621094,401.9000549316406
2021-11-29,405.2346813049563,413.9321060845035,402.4847481396313,412.9454345703125,4079700.0,0.0,0.0,452.0,412.9454345703125
2021-11-30,408.432255972076,412.3515909108104,403.12426504690336,405.837646484375,7435400.0,0.0,0.0,444.2200012207031,405.837646484375
2021-12-01,413.7585907927295,416.52678612598004,405.76462415107864,405.94732666015625,4325500.0,0.0,0.0,444.3399963378906,405.94732666015625
2021-12-02,404.86013071157373,409.1905954473119,401.26970451203283,407.4821472167969,4738700.0,0.0,0.0,446.0199890136719,407.4821472167969
2021-12-03,410.4151366715774,416.5287095766639,408.032061964414,411.8358459472656,3038300.0,1.45,0.0,449.32000732421875,411.8358459472656
2021-12-06,414.4297719512108,423.256402010586,413.8523246805338,421.7257080078125,4721500.0,0.0,0.0,460.1099853515625,421.7257080078125
2021-12-07,424.1454968005893,426.89522449459633,421.8357356074269,425.9603271484375,3105200.0,0.0,0.0,464.7300109863281,425.9603271484375
2021-12-08,427.20682257564783,430.94646760279164,423.9071440139545,429.7457275390625,3228300.0,0.0,0.0,468.8599853515625,429.7457275390625
2021-12-09,429.44330334380965,434.8969411125347,428.37089723817724,433.8337097167969,2977400.0,0.0,0.0,473.32000732421875,433.8337097167969
2021-12-10,432.62379835004833,438.56321988872486,431.71639721546194,438.3340759277344,2572300.0,0.0,0.0,478.2300109863281,438.3340759277344
2021-12-13,437.225028919985,440.19475387826856,434.46615446171126,438.2516174316406,2724800.0,0.0,0.0,478.1400146484375,438.2516174316406
2021-12-14,439.72730166772277,442.7428443043507,437.37169481843665,439.46148681640625,3018000.0,0.0,0.0,479.4599914550781,439.46148681640625
2021-12-15,440.5063655074306,454.0716770959427,440.0847484423711,453.13677978515625,4188600.0,0.0,0.0,494.3800048828125,453.13677978515625
2021-12-16,452.7975842201169,455.5014658339969,449.2229165045279,451.7434997558594,4080800.0,0.0,0.0,492.8599853515625,451.7434997558594
2021-12-17,450.4237763719248,451.9911134516412,445.8042256419578,446.48248291015625,5707200.0,0.0,0.0,487.1199951171875,446.48248291015625
2021-12-20,441.7895578569371,444.5484601048635,435.6118456046454,443.375244140625,3145600.0,0.0,0.0,483.7300109863281,443.375244140625
2021-12-21,446.39072873421253,448.20555885828765,441.97285470905024,446.56488037109375,2536000.0,0.0,0.0,487.2099914550781,446.56488037109375
2021-12-22,446.5099740451723,454.11757130854056,445.36425409331076,452.9076843261719,1687500.0,0.0,0.0,494.1300048828125,452.9076843261719
2021-12-23,453.70507192557795,456.59228042531447,451.69776846053674,454.0533752441406,1706500.0,0.0,0.0,495.3800048828125,454.0533752441406
2021-12-27,457.07808241352166,458.5629309587986,455.20828763811704,457.8296813964844,1349400.0,0.0,0.0,499.5,457.8296813964844
2021-12-28,460.12114338917075,463.1641823654257,458.6546162222798,460.98272705078125,1495500.0,0.0,0.0,502.94000244140625,460.98272705078125
2021-12-29,462.6691857649361,464.9056332184008,460.1211058593232,463.4024353027344,1573900.0,0.0,0.0,505.5799865722656,463.4024353027344
2021-12-30,465.55640442004176,466.74796990951023,461.6334605668649,462.348388671875,1309800.0,0.0,0.0,504.42999267578125,462.348388671875
2021-12-31,462.0825719035374,464.58480612338235,460.1577569848044,460.2494201660156,1695400.0,0.0,0.0,502.1400146484375,460.2494201660156
2022-01-03,458.28801538589505,460.9460802807971,451.9178007833588,460.3778076171875,3033600.0,0.0,0.0,502.2799987792969,460.3778076171875
2022-01-04,461.2209510592174,461.72505655760847,449.92873055586244,449.9470520019531,3908100.0,0.0,0.0,490.8999938964844,449.9470520019531
2022-01-05,453.4942980264242,455.538272578826,448.8381042480469,448.8381042480469,3921100.0,0.0,0.0,489.69000244140625,448.8381042480469
2022-01-06,439.95644560304174,443.75108337277317,424.4846394571997,430.4698791503906,6555200.0,0.0,0.0,469.6499938964844,430.4698791503906
2022-01-07,428.67334561538297,428.9299857249916,417.54610178293126,420.3416748046875,5494200.0,0.0,0.0,458.6000061035156,420.3416748046875
2022-01-10,417.95858114919355,426.9960054643052,416.5287250829961,426.207763671875,5831800.0,0.0,0.0,465.0,426.207763671875
2022-01-11,428.22425908978977,431.2031306772868,422.2390197574703,429.87408447265625,3332800.0,0.0,0.0,469.0,429.87408447265625
2022-01-12,429.84661226074644,435.66687497334306,427.4360131048014,434.2003479003906,3502300.0,0.0,0.0,473.7200012207031,434.2003479003906
2022-01-13,436.18927963934465,436.79419506440786,427.1060099225129,428.4350280761719,3005300.0,0.0,0.0,467.42999267578125,428.4350280761719
2022-01-14,430.6898375061007,433.69620516073684,426.28108195491876,429.5899353027344,3665400.0,0.0,0.0,468.69000244140625,429.5899353027344
2022-01-18,426.36362666223255,426.8585575120518,420.11257226775444,422.5323181152344,3938800.0,0.0,0.0,460.989990234375,422.5323181152344
2022-01-19,428.95747682991157,435.822620659865,423.0089088051503,423.93463134765625,4030900.0,0.0,0.0,462.5199890136719,423.93463134765625
2022-01-20,425.63951298295166,432.2846881340763,423.4580579061488,424.3746337890625,3228600.0,0.0,0.0,463.0,424.3746337890625
2022-01-21,424.83287488918296,431.5147201709648,422.60560245248,422.697265625,4273200.0,0.0,0.0,461.1700134277344,422.697265625
2022-01-24,419.8559338492894,425.41955633675354,410.7451670652354,423.7055358886719,4780700.0,0.0,0.0,462.2699890136719,423.7055358886719
2022-01-25,416.1896105438115,421.15743607764244,409.956877866675,418.728515625,3428900.0,0.0,0.0,456.8399963378906,418.728515625
2022-01-26,420.20423198820816,425.1812324054267,415.6213524942662,420.1858825683594,4435900.0,0.0,0.0,458.42999267578125,420.1858825683594
2022-01-27,419.86509595813044,429.5808065551208,418.8843809569038,423.0914611816406,3508100.0,0.0,0.0,461.6000061035156,423.0914611816406
2022-01-28,422.9080746426816,427.3809690868461,417.1153087896924,427.1793212890625,3364400.0,0.0,0.0,466.05999755859375,427.1793212890625
2022-01-31,426.20775459158546,433.7053380559303,425.65780350745507,433.146240234375,3500500.0,0.0,0.0,472.57000732421875,433.146240234375
2022-02-01,435.37351375760244,435.37351375760244,424.14545998174844,429.3332824707031,3148600.0,0.0,0.0,468.4100036621094,429.3332824707031
2022-02-02,429.929066499075,441.77123880337064,429.929066499075,439.7547607421875,3026800.0,0.0,0.0,479.7799987792969,439.7547607421875
2022-02-03,457.05058677211764,458.45294684109905,443.22863390791997,447.99481201171875,4370900.0,0.0,0.0,488.7699890136719,447.99481201171875
2022-02-04,441.5603276864099,448.7829484196225,440.13047188327,442.86187744140625,3066400.0,0.0,0.0,483.1700134277344,442.86187744140625
2022-02-07,444.4567967440849,446.61075557605284,441.1479433954714,443.3477478027344,2937200.0,0.0,0.0,483.70001220703125,443.3477478027344
2022-02-08,441.1937486929958,454.3191203198211,441.1937486929958,452.2476501464844,3534700.0,0.0,0.0,493.4100036621094,452.2476501464844
2022-02-09,455.5382086996724,459.14034516592636,454.88744766217064,456.54644775390625,2818100.0,0.0,0.0,498.1000061035156,456.54644775390625
2022-02-10,451.17533386927175,452.9901643087817,444.6035000128099,446.1158447265625,2626100.0,0.0,0.0,486.7200012207031,446.1158447265625
2022-02-11,444.24596155306176,449.51627251602906,436.69338575011034,438.2424011230469,2493800.0,0.0,0.0,478.1300048828125,438.2424011230469
2022-02-14,435.4743083393913,437.8849071324782,430.1765014142131,434.82354736328125,2549500.0,0.0,0.0,474.3999938964844,434.82354736328125
2022-02-15,436.2351094129925,441.0288111467165,435.55685223939656,438.3340759277344,3001000.0,0.0,0.0,478.2300109863281,438.3340759277344
2022-02-16,435.83181883371674,441.54209647730335,432.07385223576813,440.0022277832031,2651800.0,0.0,0.0,480.04998779296875,440.0022277832031
2022-02-17,438.2791307333778,439.3056913135108,429.773307105833,431.1023254394531,2403100.0,0.0,0.0,470.3399963378906,431.1023254394531
2022-02-18,431.0198030744987,435.30022469699173,427.88510129005596,428.7833557128906,2992300.0,0.0,0.0,467.80999755859375,428.7833557128906
2022-02-22,425.13536545891225,428.21507486931773,419.6267636048128,423.9255065917969,3029800.0,0.0,0.0,462.510009765625,423.9255065917969
2022-02-23,428.21512863516745,428.70091277923535,420.5617137096847,421.2766418457031,2840300.0,0.0,0.0,459.6199951171875,421.2766418457031
2022-02-24,412.0192063710361,418.4994049783408,408.55455043761106,417.8578186035156,3933000.0,0.0,0.0,455.8900146484375,417.8578186035156
2022-02-25,418.5543692504309,436.08847027857695,418.1694230456659,436.06097412109375,3314400.0,0.0,0.0,475.75,436.06097412109375
2022-02-28,426.9869091012759,437.49086158731177,426.76691185397766,436.1709899902344,3918300.0,0.0,0.0,475.8699951171875,436.1709899902344
2022-03-01,431.60645354595084,437.1700481882715,428.71007024758444,436.519287109375,2917600.0,0.0,0.0,476.25,436.519287109375
2022-03-02,438.2974209648308,446.52828241205594,438.02245939033565,444.8876037597656,3675900.0,0.0,0.0,485.3800048828125,444.8876037597656
2022-03-03,445.4558666671768,450.3870492551333,441.99121104529905,445.99664306640625,3139400.0,0.0,0.0,486.5899963378906,445.99664306640625
2022-03-04,440.5888428518849,457.9762876588886,437.6557889746521,457.050537109375,4170100.0,0.0,0.0,498.6499938964844,457.050537109375
2022-03-07,458.2879103829844,458.2879103829844,442.72444287657555,446.2532653808594,4123300.0,0.0,0.0,486.8699951171875,446.2532653808594
2022-03-08,438.8564865656334,444.0718051613915,432.18381578882094,433.96197509765625,3849500.0,0.0,0.0,473.4599914550781,433.96197509765625
2022-03-09,442.32112595028275,447.0323388682626,434.0811186698413,445.06170654296875,3115500.0,0.0,0.0,485.57000732421875,445.06170654296875
2022-03-10,439.3421797424457,452.522541636974,437.9673163120846,450.4419250488281,2834800.0,0.0,0.0,491.44000244140625,450.4419250488281
2022-03-11,448.4563905419232,453.9445427110412,443.5657982000369,443.896728515625,2615000.0,1.45,0.0,482.8699951171875,443.896728515625
2022-03-14,450.8190017259746,455.5901105120893,446.11224985749976,448.5391845703125,2704100.0,0.0,0.0,487.9200134277344,448.5391845703125
2022-03-15,450.4512054936666,459.5889321923226,447.97831805996793,457.7227783203125,3043000.0,0.0,0.0,497.9100036621094,457.7227783203125
2022-03-16,459.487786228639,464.7001624121148,450.4603978667614,458.0445251464844,3497100.0,0.0,0.0,498.260009765625,458.0445251464844
2022-03-17,455.9668978588038,466.1893770478946,455.2130748833088,466.0974426269531,2357200.0,0.0,0.0,507.0199890136719,466.0974426269531
2022-03-18,467.67873355990184,469.4621551550511,461.0782501183864,465.27020263671875,5065600.0,0.0,0.0,506.1199951171875,465.27020263671875
2022-03-21,464.2498046426257,471.59490936070165,463.6522447895418,466.6859130859375,2617700.0,0.0,0.0,507.6600036621094,466.6859130859375
2022-03-22,468.16590063195383,470.53767994463607,464.0934605597107,464.53472900390625,2752500.0,0.0,0.0,505.32000732421875,464.53472900390625
2022-03-23,461.730836004373,466.1342339741742,460.86670292334026,462.6133728027344,2753200.0,0.0,0.0,503.2300109863281,462.6133728027344
2022-03-24,464.2405925138564,474.1505473417732,463.19259038343046,472.0177917480469,2789200.0,0.0,0.0,513.4600219726562,472.0177917480469
2022-03-25,472.688786112126,474.8399451166369,468.13829845139315,471.6224365234375,2551100.0,0.0,0.0,513.030029296875,471.6224365234375
2022-03-28,472.8083153397502,475.4007148054959,467.7430283633708,471.7787170410156,2643000.0,0.0,0.0,513.2000122070312,471.7787170410156
2022-03-29,475.36395153024415,477.6530265000428,466.3549375249059,469.50811767578125,3478400.0,0.0,0.0,510.7300109863281,469.50811767578125
2022-03-30,473.534565720362,479.1330559539798,471.1168330895821,478.7837219238281,3041200.0,0.0,0.0,520.8200073242188,478.7837219238281
2022-03-31,475.3638882658509,479.7673144913408,468.53361197896953,468.80938720703125,3979700.0,0.0,0.0,509.9700012207031,468.80938720703125
2022-04-01,469.462084684515,473.23119991719955,465.71140122487003,471.21795654296875,2344100.0,0.0,0.0,512.5900268554688,471.21795654296875
2022-04-04,470.8686180893244,471.1167877434588,463.80846355735366,468.8553466796875,2657500.0,0.0,0.0,510.0199890136719,468.8553466796875
2022-04-05,468.83701718028334,482.3781154275237,466.99844064232144,475.970703125,3268600.0,0.0,0.0,517.760009765625,475.970703125
2022-04-06,476.393515864994,490.45867056030033,476.19129938825955,488.8315124511719,3955600.0,0.0,0.0,531.75,488.8315124511719
2022-04-07,487.22266174657045,494.8343936585762,485.7426214666435,493.6117248535156,2867000.0,0.0,0.0,536.9500122070312,493.6117248535156
2022-04-08,495.49656741541565,504.66184804738356,494.6691852117829,501.89483642578125,3986700.0,0.0,0.0,545.9600219726562,501.89483642578125
2022-04-11,499.7250465225097,503.41140120735434,493.3268365160834,494.062255859375,3574000.0,0.0,0.0,537.4400024414062,494.062255859375
2022-04-12,492.1960457556487,497.0866654671062,487.93979322358774,490.63330078125,3575700.0,0.0,0.0,533.7100219726562,490.63330078125
2022-04-13,490.2748019504578,494.8344917369233,485.95413607945824,493.65777587890625,3012000.0,0.0,0.0,537.0,493.65777587890625
2022-04-14,495.0366908508094,508.6329429964221,490.9642508977694,491.6537170410156,4211300.0,0.0,0.0,534.8200073242188,491.6537170410156
2022-04-18,494.48522951544965,497.3350009776733,487.5721631181736,490.9735412597656,2087100.0,0.0,0.0,534.0800170898438,490.9735412597656
2022-04-19,492.6373297417485,498.69540710103263,492.03977001333897,494.3012390136719,2207600.0,0.0,0.0,537.7000122070312,494.3012390136719
2022-04-20,498.38288066300015,504.1008259039046,495.4963024663564,501.9405212402344,2986300.0,0.0,0.0,546.010009765625,501.9405212402344
2022-04-21,501.47171655811417,503.7699370739625,492.76608417635225,494.062255859375,2539900.0,0.0,0.0,537.4400024414062,494.062255859375
2022-04-22,489.1164930730288,490.30235468970886,478.1953444194283,478.8940124511719,3453300.0,0.0,0.0,520.9400024414062,478.8940124511719
2022-04-25,478.3975899551195,483.78460520846477,470.4273491132273,481.9552307128906,3030400.0,0.0,0.0,524.27001953125,481.9552307128906
2022-04-26,481.92770114349537,483.78468150953927,472.0637553992811,472.3119812011719,2895300.0,0.0,0.0,513.780029296875,472.3119812011719
2022-04-27,473.35067213635756,478.85725569939916,468.6715265228394,472.3394775390625,3353700.0,0.0,0.0,513.8099975585938,472.3394775390625
2022-04-28,475.05147632003127,483.80311972790065,471.7512063194705,482.09320068359375,2582700.0,0.0,0.0,524.4199829101562,482.09320068359375
2022-04-29,476.972654937955,477.93795242457367,466.04233294716823,467.5039978027344,2873200.0,0.0,0.0,508.54998779296875,467.5039978027344
2022-05-02,469.5815594615912,472.06364859219326,453.5215949812118,460.70123291015625,3184300.0,0.0,0.0,501.1499938964844,460.70123291015625
2022-05-03,460.68290345648217,464.7185640950925,457.3275071133235,459.2947692871094,2763400.0,0.0,0.0,499.6199951171875,459.2947692871094
2022-05-04,459.1844625654966,468.62554241694096,453.2918217514254,466.6490783691406,4002600.0,0.0,0.0,507.6199951171875,466.6490783691406
2022-05-05,466.27215315594515,469.45291048000547,449.7433695197726,454.7902526855469,3359700.0,0.0,0.0,494.7200012207031,454.7902526855469
2022-05-06,445.86398205498506,461.0873925117371,445.85478019549527,459.2947692871094,3260300.0,0.0,0.0,499.6199951171875,459.2947692871094
2022-05-09,450.81896668293643,454.7075662050572,445.3308145318143,447.16021728515625,3862700.0,0.0,0.0,486.4200134277344,447.16021728515625
2022-05-10,453.9537171849119,456.2887171370178,442.287947338528,448.6218566894531,4275500.0,0.0,0.0,488.010009765625,448.6218566894531
2022-05-11,445.2939982106727,460.1220924300465,445.2939982106727,446.91192626953125,3936300.0,0.0,0.0,486.1499938964844,446.91192626953125
2022-05-12,446.8660336052238,447.59227919368465,433.3708885362827,440.15521240234375,3997600.0,0.0,0.0,478.79998779296875,440.15521240234375
2022-05-13,442.15932585324407,447.6934316853568,437.4065926842055,446.2225646972656,2453400.0,0.0,0.0,485.3999938964844,446.2225646972656
2022-05-16,446.23167568015634,455.56244503060503,445.0733636040839,449.7341613769531,2338800.0,0.0,0.0,489.2200012207031,449.7341613769531
2022-05-17,454.12833220037913,454.7902207702985,449.0354681500123,452.7769775390625,2289000.0,0.0,0.0,492.5299987792969,452.7769775390625
2022-05-18,448.8516336121225,449.7249405073919,430.557777288602,433.33404541015625,3240500.0,0.0,0.0,471.3800048828125,433.33404541015625
2022-05-19,426.84390095852075,442.7107961094659,425.9337865694622,439.92535400390625,3813800.0,0.0,0.0,478.54998779296875,439.92535400390625
2022-05-20,442.526999767356,448.1254620646361,434.1890482771782,446.5259094238281,3068200.0,0.0,0.0,485.7300109863281,446.5259094238281
2022-05-23,447.0406836042952,455.72794059142075,447.0406836042952,452.36334228515625,2279800.0,0.0,0.0,492.0799865722656,452.36334228515625
2022-05-24,451.177490623634,457.87908180481907,449.2194021513511,457.40106201171875,2658100.0,0.0,0.0,497.55999755859375,457.40106201171875
2022-05-25,458.2835623557973,461.76767263342566,451.60954882424994,457.8882751464844,3161600.0,0.0,0.0,498.0899963378906,457.8882751464844
2022-05-26,461.2437434832945,466.3182333032216,459.1018138986991,461.6942138671875,2705800.0,0.0,0.0,502.2300109863281,461.6942138671875
2022-05-27,451.370517025356,466.18023681640625,449.89047645399546,466.18023681640625,3349100.0,0.0,0.0,507.1099853515625,466.18023681640625
2022-05-31,462.9719183945388,463.4223606347251,455.65439218411876,456.6839904785156,4003100.0,0.0,0.0,496.7799987792969,456.6839904785156
2022-06-01,458.099721241443,460.9127410038208,448.41041536300236,452.79541015625,1765900.0,0.0,0.0,492.54998779296875,452.79541015625
2022-06-02,454.12836104998416,456.10482502666014,443.98861354385986,452.52880859375,2093500.0,0.0,0.0,492.260009765625,452.52880859375
2022-06-03,448.9159616702564,451.98640872257016,445.7628101069489,446.4154968261719,1756900.0,0.0,0.0,485.6099853515625,446.4154968261719
2022-06-06,449.9272025732685,453.7882241113069,447.0406523060929,450.6166687011719,1781500.0,0.0,0.0,490.17999267578125,450.6166687011719
2022-06-07,449.99152374431463,457.44693674920467,447.8036135834654,456.9781188964844,2341900.0,0.0,0.0,497.1000061035156,456.9781188964844
2022-06-08,454.1283556242394,457.7135738735411,449.1182238798849,453.6962890625,3268100.0,0.0,0.0,493.5299987792969,453.6962890625
2022-06-09,453.0988018106627,456.38984143556587,448.2541347284671,449.92724609375,3148800.0,0.0,0.0,489.42999267578125,449.92724609375
2022-06-10,445.67094225054706,450.5983419680114,442.1133011329518,445.5146789550781,2599900.0,0.0,0.0,484.6300048828125,445.5146789550781
2022-06-13,436.7814318465475,442.4902040386401,429.54663778895406,431.7897033691406,3764600.0,0.0,0.0,469.70001220703125,431.7897033691406
2022-06-14,429.7672303534871,431.311627785112,420.5008177092883,424.4813232421875,3814200.0,0.0,0.0,461.75,424.4813232421875
2022-06-15,426.73360447561595,431.1645523905188,419.65507393445944,426.85308837890625,2550700.0,0.0,0.0,464.3299865722656,426.85308837890625
2022-06-16,418.2917005184568,422.3602226974349,415.7823181820293,420.7734069824219,3135600.0,1.65,0.0,456.0899963378906,420.7734069824219
2022-06-17,415.8468904588654,425.7275707548948,414.87820680112645,417.0554504394531,5277400.0,0.0,0.0,452.05999755859375,417.0554504394531
2022-06-21,422.36015585934246,447.55544405068355,421.7051415450532,443.12713623046875,5726800.0,0.0,0.0,480.32000732421875,443.12713623046875
2022-06-22,438.88333908667477,457.5191937580458,437.79471736735286,451.7623596191406,5061000.0,0.0,0.0,489.67999267578125,451.7623596191406
2022-06-23,456.62428118700234,464.5860060965859,453.8657883232347,461.1079406738281,4687700.0,0.0,0.0,499.80999755859375,461.1079406738281
2022-06-24,460.7666363761388,461.06186442690614,448.8839748004713,457.2608947753906,15861100.0,0.0,0.0,495.6400146484375,457.2608947753906
2022-06-27,454.6684900273367,472.2526355164241,454.43784837483213,466.5050354003906,3907100.0,0.0,0.0,505.6600036621094,466.5050354003906
2022-06-28,472.42791911335684,478.45224971561663,465.9699247750048,469.06976318359375,4978200.0,0.0,0.0,508.44000244140625,469.06976318359375
2022-06-29,469.4479735440971,478.5352592849402,466.8278880381451,475.77679443359375,3823400.0,0.0,0.0,515.7100219726562,475.77679443359375
2022-06-30,473.78405854534054,476.3395860051028,470.25064091217007,473.8578796386719,3568900.0,0.0,0.0,513.6300048828125,473.8578796386719
2022-07-01,472.64931405409504,477.45590617694444,463.4144136368577,477.3359680175781,2426600.0,0.0,0.0,517.4000244140625,477.3359680175781
2022-07-05,468.3316748146981,471.431484761989,454.1333627672976,466.11749267578125,3029600.0,0.0,0.0,505.239990234375,466.11749267578125
2022-07-06,466.4865490863355,477.34511874591766,465.25028517252076,475.3892822265625,2506700.0,0.0,0.0,515.2899780273438,475.3892822265625
2022-07-07,475.35240254285856,477.24365265944516,472.56623361533593,474.5497741699219,2385400.0,0.0,0.0,514.3800048828125,474.5497741699219
2022-07-08,472.64007566476005,487.45649247771024,471.44075038951644,478.470703125,3092100.0,0.0,0.0,518.6300048828125,478.470703125
2022-07-11,474.9925875539542,481.090738770131,472.1787709144634,476.9207763671875,1743600.0,0.0,0.0,516.9500122070312,476.9207763671875
2022-07-12,473.5071914780245,478.94112093529884,471.08083740957045,474.5865783691406,2706500.0,0.0,0.0,514.4199829101562,474.5865783691406
2022-07-13,468.7283913638089,472.2248982987821,462.38112902828993,462.42724609375,3467700.0,0.0,0.0,501.239990234375,462.42724609375
2022-07-14,456.67039296203643,466.7171551213582,454.16101109069155,463.5250549316406,3765500.0,0.0,0.0,502.42999267578125,463.5250549316406
2022-07-15,485.3253112396418,490.7961236077724,475.5368945820502,488.7295837402344,5742500.0,0.0,0.0,529.75,488.7295837402344
2022-07-18,489.88283475674666,490.95298717159534,478.58139459522096,479.15338134765625,3212000.0,0.0,0.0,519.3699951171875,479.15338134765625
2022-07-19,480.7402186273613,492.5029419028135,480.27893536165726,492.14312744140625,2953500.0,0.0,0.0,533.4500122070312,492.14312744140625
2022-07-20,492.14315511065064,492.6966725370183,475.7952459743133,479.2456359863281,4327500.0,0.0,0.0,519.469970703125,479.2456359863281
2022-07-21,479.1718946021522,482.01335927492784,471.56071991843487,482.0041809082031,2667600.0,0.0,0.0,522.4600219726562,482.0041809082031
2022-07-22,485.27009799267944,486.7461822310326,478.25861339699526,481.0354919433594,1850300.0,0.0,0.0,521.4099731445312,481.0354919433594
2022-07-25,485.3530295094168,491.6264703797398,483.6277783688128,488.47125244140625,2337200.0,0.0,0.0,529.469970703125,488.47125244140625
2022-07-26,492.4660517739114,496.00873237987634,489.91058051998925,490.4272155761719,2637800.0,0.0,0.0,531.5900268554688,490.4272155761719
2022-07-27,492.2260125668035,496.2115058138543,487.1518978226246,493.2131652832031,2268100.0,0.0,0.0,534.6099853515625,493.2131652832031
2022-07-28,495.87028071396696,502.18989530013175,490.5655231074821,499.560546875,2344500.0,0.0,0.0,541.489990234375,499.560546875
2022-07-29,498.195161296839,501.73778524200486,495.1322336575648,500.3447570800781,2945700.0,0.0,0.0,542.3400268554688,500.3447570800781
2022-08-01,500.28020338161366,501.553349782069,489.88285988089376,493.9237060546875,2335000.0,0.0,0.0,535.3800048828125,493.9237060546875
2022-08-02,495.92575263225655,498.6750398785791,490.54717263263575,493.99761962890625,2114200.0,0.0,0.0,535.4600219726562,493.99761962890625
2022-08-03,495.6580999813387,501.5256095632259,494.20966378073905,498.7856140136719,1802900.0,0.0,0.0,540.6500244140625,498.7856140136719
2022-08-04,497.5308588900178,498.58259819594565,491.5065290301131,492.41986083984375,2368000.0,0.0,0.0,533.75,492.41986083984375
2022-08-05,488.9602036087011,494.03431892916876,486.7091392868978,493.6283874511719,2373400.0,0.0,0.0,535.0599975585938,493.6283874511719
2022-08-08,498.1028566960629,499.3852376515462,492.11540909096675,495.0491638183594,1656400.0,0.0,0.0,536.5999755859375,495.0491638183594
2022-08-09,498.18590422595116,503.4814268651368,494.8462180393779,495.6580810546875,2147200.0,0.0,0.0,537.260009765625,495.6580810546875
2022-08-10,498.4257215868663,500.01250873253207,492.4751571726534,496.0823669433594,2291400.0,0.0,0.0,537.719970703125,496.0823669433594
2022-08-11,496.5622286393773,496.922043120917,488.65582626575065,491.59881591796875,3006200.0,0.0,0.0,532.8599853515625,491.59881591796875
2022-08-12,494.1358083117987,502.24520353599297,493.065655993752,501.5993957519531,1981000.0,0.0,0.0,543.7000122070312,501.5993957519531
2022-08-15,499.72659243483463,504.8376470068178,496.85742406425436,502.4666442871094,1447300.0,0.0,0.0,544.6400146484375,502.4666442871094
2022-08-16,502.9925509464006,505.04985642379967,500.3909064047904,503.8320617675781,1773000.0,0.0,0.0,546.1199951171875,503.8320617675781
2022-08-17,503.0202045822499,505.37273815329263,499.63440092267865,502.7987976074219,1471700.0,0.0,0.0,545.0,502.7987976074219
2022-08-18,502.80803655183234,505.6864398670283,499.86504681693043,503.0017395019531,1486400.0,0.0,0.0,545.219970703125,503.0017395019531
2022-08-19,503.26001956326337,510.2992063764476,502.63268110805427,505.8616638183594,2258000.0,0.0,0.0,548.3200073242188,505.8616638183594
2022-08-22,499.468344581431,506.96881553654123,499.4314058797106,502.402099609375,1672900.0,0.0,0.0,544.5700073242188,502.402099609375
2022-08-23,501.221109941999,501.221109941999,491.92168060181194,494.31109619140625,2039600.0,0.0,0.0,535.7999877929688,494.31109619140625
2022-08-24,495.1229204864383,498.0566748321299,493.59148506408997,494.91998291015625,1761200.0,0.0,0.0,536.4600219726562,494.91998291015625
2022-08-25,493.58239492930574,500.0495961880462,490.1135352982723,499.6344299316406,1965800.0,0.0,0.0,541.5700073242188,499.6344299316406
2022-08-26,500.27090948586425,501.1288895569548,487.31804004220055,488.268310546875,1906700.0,0.0,0.0,529.25,488.268310546875
2022-08-29,485.26998363547716,491.63571506988114,482.38234595817414,488.7480773925781,1594000.0,0.0,0.0,529.77001953125,488.7480773925781
2022-08-30,489.3384848399052,489.9658796276522,481.3859659139036,482.3547058105469,2013400.0,0.0,0.0,522.8400268554688,482.3547058105469
2022-08-31,480.4910700930535,486.2847581768241,478.9595782375715,479.116455078125,2891300.0,0.0,0.0,519.3300170898438,479.116455078125
2022-09-01,479.1165260040017,483.6647725646022,475.20485264691706,483.4248962402344,2085300.0,0.0,0.0,524.0,483.4248962402344
2022-09-02,488.6097255197557,488.76654607759,474.02394960722955,476.36724853515625,1944200.0,0.0,0.0,516.3499755859375,476.36724853515625
2022-09-06,479.6700129902135,486.60773136971596,476.8930787034501,477.59423828125,2711900.0,0.0,0.0,517.6799926757812,477.59423828125
2022-09-07,476.9668199136443,482.9635014019203,474.8264591484432,481.284423828125,2504400.0,0.0,0.0,521.6799926757812,481.284423828125
2022-09-08,480.61105166989216,487.56718313044667,478.63674575440297,486.6630859375,1557500.0,0.0,0.0,527.510009765625,486.6630859375
2022-09-09,488.4862596292743,488.4862596292743,483.6275877462442,485.25640869140625,2495500.0,1.65,0.0,524.3400268554688,485.25640869140625
2022-09-12,485.867142980239,495.14028252739064,483.55348991842834,491.6512756347656,2792000.0,0.0,0.0,531.25,491.6512756347656
2022-09-13,484.9417894263448,486.10787986610984,473.808489550717,475.6501770019531,3172500.0,0.0,0.0,513.9600219726562,475.6501770019531
2022-09-14,475.6872037074874,476.9643450767632,468.3760636181394,471.7724914550781,2648100.0,0.0,0.0,509.7699890136719,471.7724914550781
2022-09-15,477.8156972580229,488.62507935427993,475.81672553903337,483.9329833984375,3058100.0,0.0,0.0,522.9099731445312,483.9329833984375
2022-09-16,479.8702151399371,483.8496874642196,478.53754859798886,482.1838684082031,3981700.0,0.0,0.0,521.02001953125,482.1838684082031
2022-09-19,479.9349258183063,484.9416458193511,474.73378215396514,484.5251770019531,2130800.0,0.0,0.0,523.5499877929688,484.5251770019531
2022-09-20,485.16387394710637,485.5618155697164,476.43677974769315,483.8312072753906,2421700.0,0.0,0.0,522.7999877929688,483.8312072753906
2022-09-21,485.8950144640173,488.6528712953778,473.8547528970529,473.9102783203125,2427700.0,0.0,0.0,512.0800170898438,473.9102783203125
2022-09-22,472.93857402570205,482.13763505683545,468.38529116509073,478.8893127441406,2285600.0,0.0,0.0,517.4600219726562,478.8893127441406
2022-09-23,475.27991010644024,476.2978949574586,468.635104650928,475.326171875,2536900.0,0.0,0.0,513.6099853515625,475.326171875
2022-09-26,469.56985887957416,474.3637420060468,461.805224415504,470.467529296875,2867400.0,0.0,0.0,508.3599853515625,470.467529296875
2022-09-27,472.3276988000022,478.2691447770393,466.0438084037439,470.4767761230469,2583400.0,0.0,0.0,508.3699951171875,470.4767761230469
2022-09-28,468.7276883506141,477.78796313867053,463.47104626514175,475.6316223144531,3027300.0,0.0,0.0,513.9400024414062,475.6316223144531
2022-09-29,476.39973650257485,476.39973650257485,465.0165454467763,470.9024658203125,2392000.0,0.0,0.0,508.8299865722656,470.9024658203125
2022-09-30,473.00337495736284,478.0471231510286,467.20997697057635,467.39508056640625,3116000.0,0.0,0.0,505.0400085449219,467.39508056640625
2022-10-03,469.2829039787514,479.2131139036709,467.7281357717019,477.0845642089844,2562400.0,0.0,0.0,515.510009765625,477.0845642089844
2022-10-04,479.7128838707509,485.48781033163175,478.30622098299676,484.1736145019531,3189800.0,0.0,0.0,523.1699829101562,484.1736145019531
2022-10-05,482.16534103640606,489.89292035701874,481.3601942180208,487.78289794921875,2281800.0,0.0,0.0,527.0700073242188,487.78289794921875
2022-10-06,488.9490091045094,489.180374441178,478.2228872428541,480.43475341796875,2187300.0,0.0,0.0,519.1300048828125,480.43475341796875
2022-10-07,475.844424649648,475.844424649648,463.7116404651818,467.2191467285156,3273700.0,0.0,0.0,504.8500061035156,467.2191467285156
2022-10-10,467.91325727379433,468.5703269145612,458.1218605199192,461.6756286621094,2459100.0,0.0,0.0,498.8599853515625,461.6756286621094
2022-10-11,459.9265939029441,469.05163056016306,458.2700099419386,462.5549011230469,2844500.0,0.0,0.0,499.80999755859375,462.5549011230469
2022-10-12,464.701897526162,470.3657162905308,461.07407672182404,462.6936340332031,2254300.0,0.0,0.0,499.9599914550781,462.6936340332031
2022-10-13,456.6688628305033,475.1965585527788,451.3844587845347,471.9019470214844,3999700.0,0.0,0.0,509.9100036621094,471.9019470214844
2022-10-14,481.2398725747051,490.41116913873003,473.7713931585821,474.8819580078125,5628900.0,0.0,0.0,513.1300048828125,474.8819580078125
2022-10-17,479.1483130802734,485.2286004556013,476.8717144870048,482.979736328125,3282300.0,0.0,0.0,521.8800048828125,482.979736328125
2022-10-18,492.3453707732768,492.3453707732768,479.69433166732705,483.2851257324219,2345500.0,0.0,0.0,522.2100219726562,483.2851257324219
2022-10-19,482.8502417211538,484.7752173285708,476.2424334959458,481.5361022949219,2500500.0,0.0,0.0,520.3200073242188,481.5361022949219
2022-10-20,484.06249534973097,489.95767899136,481.0362754735234,482.05426025390625,2390800.0,0.0,0.0,520.8800048828125,482.05426025390625
2022-10-21,479.44456775792725,496.537870512371,479.39830598148046,493.946533203125,2896000.0,0.0,0.0,533.72998046875,493.946533203125
2022-10-24,497.96297879665843,505.7460836373771,497.71308616505985,501.2298278808594,2627100.0,0.0,0.0,541.5999755859375,501.2298278808594
2022-10-25,497.7038334770121,503.3769160074818,494.1038317951671,499.95269775390625,2411900.0,0.0,0.0,540.219970703125,499.95269775390625
2022-10-26,501.02624489491967,506.8196416912338,499.94347098605743,502.68280029296875,2863500.0,0.0,0.0,543.1699829101562,502.68280029296875
2022-10-27,505.7830620985701,505.7830620985701,499.5269354849346,501.41485595703125,2212100.0,0.0,0.0,541.7999877929688,501.41485595703125
2022-10-28,504.34867557587876,511.7801577830344,503.1641143481397,510.1513366699219,2761900.0,0.0,0.0,551.239990234375,510.1513366699219
2022-10-31,513.6311166810949,516.5000246484628,509.1241238337571,513.7699584960938,2770400.0,0.0,0.0,555.1500244140625,513.7699584960938
2022-11-01,513.6310827314032,514.2696533639561,503.6545816149525,506.5142822265625,3338900.0,0.0,0.0,547.3099975585938,506.5142822265625
2022-11-02,503.83036540212976,513.2423475660976,502.5902788824524,502.9234313964844,2696200.0,0.0,0.0,543.4299926757812,502.9234313964844
2022-11-03,501.3593274259974,507.0324089421604,498.0184261440114,503.0899353027344,2245300.0,0.0,0.0,543.6099853515625,503.0899353027344
2022-11-04,506.27355061645994,506.93064841946443,487.84764252490373,498.0554504394531,3513100.0,0.0,0.0,538.1699829101562,498.0554504394531
2022-11-07,498.05548428043204,506.18106148153265,495.55672751205145,504.3949279785156,2540300.0,0.0,0.0,545.02001953125,504.3949279785156
2022-11-08,506.2737381746463,513.4460653081923,501.60016856540943,511.8265075683594,2797000.0,0.0,0.0,553.0499877929688,511.8265075683594
2022-11-09,512.5019983175706,513.270090545604,499.2308580984358,500.3598937988281,2672600.0,0.0,0.0,540.6599731445312,500.3598937988281
2022-11-10,508.0135736913418,510.5771201181013,494.15017851655676,503.6083679199219,3426400.0,0.0,0.0,544.1699829101562,503.6083679199219
2022-11-11,505.561062861269,505.561062861269,471.66138021406863,483.1648864746094,7034300.0,0.0,0.0,522.0800170898438,483.1648864746094
2022-11-14,483.09080534329377,489.55050723204647,475.14106781162917,475.45574951171875,5238400.0,0.0,0.0,513.75,475.45574951171875
2022-11-15,474.58583691904875,478.13036973754174,463.443274256449,465.5163269042969,5103800.0,0.0,0.0,503.010009765625,465.5163269042969
2022-11-16,468.1816744086106,475.80746719624096,467.7929681994014,473.3919982910156,3430800.0,0.0,0.0,511.5199890136719,473.3919982910156
2022-11-17,473.98424931758507,487.69959298906065,473.98424931758507,476.89947509765625,4246300.0,0.0,0.0,515.3099975585938,476.89947509765625
2022-11-18,483.20192713558953,493.27095221753393,480.74022453544694,490.49456787109375,3566000.0,0.0,0.0,530.0,490.49456787109375
2022-11-21,489.5782716481959,492.29913002012506,476.9642301179794,478.6393127441406,3349600.0,0.0,0.0,517.1900024414062,478.6393127441406
2022-11-22,481.1843531525747,485.5525033987913,481.1565622003022,484.0995788574219,2567400.0,0.0,0.0,523.0900268554688,484.0995788574219
2022-11-23,485.8672223560738,490.9017345004858,484.0162996042411,490.2261657714844,2238300.0,0.0,0.0,529.7100219726562,490.2261657714844
2022-11-25,494.1963736520485,500.5357614688563,492.8267088941232,497.5465393066406,1419200.0,0.0,0.0,537.6199951171875,497.5465393066406
2022-11-28,495.890007822951,499.36048814325056,492.0585839927766,492.5953674316406,2699900.0,0.0,0.0,532.27001953125,492.5953674316406
2022-11-29,492.040012490798,493.24310092996296,484.6178509894208,488.6435852050781,3751000.0,0.0,0.0,528.0,488.6435852050781
2022-11-30,490.2354545003296,507.22697111823817,488.1624297110857,506.9308166503906,9688900.0,0.0,0.0,547.760009765625,506.9308166503906
2022-12-01,511.1877927528939,511.7801015445166,495.8621558051289,496.889404296875,2997800.0,0.0,0.0,536.9099731445312,496.889404296875
2022-12-02,494.63369940024495,499.999326320674,494.27164324314145,497.7249450683594,2346200.0,1.65,0.0,536.1599731445312,497.7249450683594
2022-12-05,493.3896767751628,501.64240313786405,492.82341874401476,496.6851806640625,2424800.0,0.0,0.0,535.0399780273438,496.6851806640625
2022-12-06,496.109684784367,501.8374244922762,495.94259501882516,500.658447265625,3097700.0,0.0,0.0,539.3200073242188,500.658447265625
2022-12-07,502.06952813755345,506.77603175162966,500.9462474432975,503.9910888671875,2849100.0,0.0,0.0,542.9099731445312,503.9910888671875
2022-12-08,505.8012675183884,511.7703210972553,504.7987289653459,508.64190673828125,2272300.0,0.0,0.0,547.9199829101562,508.64190673828125
2022-12-09,508.65119241653554,509.1710461017446,500.24066803738106,500.5470275878906,2852400.0,0.0,0.0,539.2000122070312,500.5470275878906
2022-12-12,503.00703467296626,506.93384233060726,500.6213170013317,506.7295837402344,2714100.0,0.0,0.0,545.8599853515625,506.7295837402344
2022-12-13,511.0926596159249,511.4918279195702,496.74090180067503,499.6372375488281,3369700.0,0.0,0.0,538.219970703125,499.6372375488281
2022-12-14,503.0813003594964,504.52017601680774,493.46397898439494,499.7672119140625,2654600.0,0.0,0.0,538.3599853515625,499.7672119140625
2022-12-15,495.7104429760647,495.7847239696742,487.8011886206658,489.852783203125,2963800.0,0.0,0.0,527.6799926757812,489.852783203125
2022-12-16,487.5042395701816,488.11690203043844,478.75018653822013,486.1581726074219,7109100.0,0.0,0.0,523.7000122070312,486.1581726074219
2022-12-19,486.9935912702808,489.4165343171814,483.58669412866095,486.0652770996094,1808100.0,0.0,0.0,523.5999755859375,486.0652770996094
2022-12-20,489.2123064882056,489.2123064882056,482.44491615614436,482.9183654785156,2086100.0,0.0,0.0,520.2100219726562,482.9183654785156
2022-12-21,486.0931861538594,490.03852164244785,480.95958125082535,489.7228698730469,2182000.0,0.0,0.0,527.5399780273438,489.7228698730469
2022-12-22,488.7388610356098,491.0875232503449,484.23655965311247,489.30517578125,1851600.0,0.0,0.0,527.0900268554688,489.30517578125
2022-12-23,486.5294899152517,493.22265625,485.4155581106893,493.22265625,1292300.0,0.0,0.0,531.3099975585938,493.22265625
2022-12-27,495.6547830930971,497.4278949055445,491.8672453757495,493.8538513183594,1596700.0,0.0,0.0,531.989990234375,493.8538513183594
2022-12-28,496.71315483122805,499.57237882937557,489.89930272585923,490.5677185058594,1694200.0,0.0,0.0,528.4500122070312,490.5677185058594
2022-12-29,494.36452449961337,495.422816501812,490.94833434603345,491.8952331542969,1379700.0,0.0,0.0,529.8800048828125,491.8952331542969
2022-12-30,492.0065247455554,492.47068184437194,487.2164484160814,492.1736145019531,1849600.0,0.0,0.0,530.1799926757812,492.1736145019531
2023-01-03,487.48559548486105,487.94975254211556,475.44533195658573,481.4608459472656,3525600.0,0.0,0.0,518.6400146484375,481.4608459472656
2023-01-04,481.4608792595499,481.4608792595499,464.71408354272614,468.3345031738281,5070400.0,0.0,0.0,504.5,468.3345031738281
2023-01-05,465.09468032486143,466.09724713948054,453.48146126856733,454.8367919921875,5497100.0,0.0,0.0,489.9599914550781,454.8367919921875
2023-01-06,456.34997859504074,457.5382196493447,452.5903173806146,454.87396240234375,4841300.0,0.0,0.0,490.0,454.87396240234375
2023-01-09,457.11126235773645,464.1478725097118,453.51869043559947,454.9297180175781,3702800.0,0.0,0.0,490.05999755859375,454.9297180175781
2023-01-10,453.8063760314524,455.3102404154979,448.0786652842981,451.1606750488281,3164000.0,0.0,0.0,486.0,451.1606750488281
2023-01-11,450.5015979736711,460.0725149376893,450.2323789281254,458.03021240234375,4274200.0,0.0,0.0,493.3999938964844,458.03021240234375
2023-01-12,454.8739883937529,462.978182100023,450.43664735445486,460.1375427246094,3726800.0,0.0,0.0,495.6700134277344,460.1375427246094
2023-01-13,451.26283523313685,472.97611956068454,451.1607342620072,454.4748229980469,5390100.0,0.0,0.0,489.57000732421875,454.4748229980469
2023-01-17,455.987916435551,457.6031739719382,449.09981305861066,450.3066101074219,4495600.0,0.0,0.0,485.0799865722656,450.3066101074219
2023-01-18,453.06373013959904,454.40979705015536,440.7171627161619,442.100341796875,4398200.0,0.0,0.0,476.239990234375,442.100341796875
2023-01-19,443.61352474811315,451.5227802648855,443.1679520406235,449.6382751464844,4549600.0,0.0,0.0,484.3599853515625,449.6382751464844
2023-01-20,450.7243749233463,452.0797056704432,444.6624845654929,451.8290710449219,3525900.0,0.0,0.0,486.7200012207031,451.8290710449219
2023-01-23,451.7918816321618,454.96672819453676,446.8811206336948,450.9842529296875,3418700.0,0.0,0.0,485.80999755859375,450.9842529296875
2023-01-24,464.3984260090558,464.3984260090558,445.5907730637556,456.3592224121094,3036300.0,0.0,0.0,491.6000061035156,456.3592224121094
2023-01-25,454.2055901977049,459.84972831154533,450.91008597778415,457.19476318359375,3037300.0,0.0,0.0,492.5,457.19476318359375
2023-01-26,457.19473406336823,460.8615864096438,455.4123583710005,457.1761779785156,3005000.0,0.0,0.0,492.4800109863281,457.1761779785156
2023-01-27,458.0023588281391,458.0023588281391,449.74036835752344,451.20709228515625,3177100.0,0.0,0.0,486.04998779296875,451.20709228515625
2023-01-30,452.84097439094955,459.74763471341,450.04673941828855,450.9657897949219,3606900.0,0.0,0.0,485.7900085449219,450.9657897949219
2023-01-31,462.3003943522276,469.2627496888575,457.779509486426,463.40509033203125,5567000.0,0.0,0.0,499.19000244140625,463.40509033203125
2023-02-01,464.11073081241824,468.2231562310601,460.1375468683539,461.3721923828125,3451200.0,0.0,0.0,497.0,461.3721923828125
2023-02-02,458.828610451982,459.5155539316848,430.6357112011194,437.07818603515625,11169900.0,0.0,0.0,470.8299865722656,437.07818603515625
2023-02-03,441.1627703269872,444.4582744264076,436.0755982792177,438.182861328125,5440100.0,0.0,0.0,472.0199890136719,438.182861328125
2023-02-06,438.16435929009964,444.634711237389,437.2453371783446,441.1720886230469,4174200.0,0.0,0.0,475.239990234375,441.1720886230469
2023-02-07,437.27307660767246,443.80838739958676,435.40715622239276,442.6944274902344,3394600.0,0.0,0.0,476.8800048828125,442.6944274902344
2023-02-08,441.3855515589119,450.2695252068359,441.05134371706566,448.5799865722656,3466400.0,0.0,0.0,483.2200012207031,448.5799865722656
2023-02-09,450.81722761166986,454.59547318919806,447.818762559324,450.9100646972656,3664600.0,0.0,0.0,485.7300109863281,450.9100646972656
2023-02-10,454.06634112367226,460.12823187594324,453.71357718560813,458.8193054199219,3418100.0,0.0,0.0,494.25,458.8193054199219
2023-02-13,458.5871938053784,464.0363933771239,456.5077791581446,459.8404235839844,2589000.0,0.0,0.0,495.3500061035156,459.8404235839844
2023-02-14,458.8564578331812,462.25409138235165,454.02921240891766,457.5010986328125,2072600.0,0.0,0.0,492.8299865722656,457.5010986328125
2023-02-15,454.54908478594655,456.5728031316388,453.3794280491182,456.0343933105469,2242500.0,0.0,0.0,491.25,456.0343933105469
2023-02-16,455.9415231309721,458.58722432188637,452.33965942740053,452.4139404296875,2611500.0,0.0,0.0,487.3500061035156,452.4139404296875
2023-02-17,452.44172077910184,463.65574239875866,452.4138724899017,463.302978515625,3891500.0,0.0,0.0,499.0799865722656,463.302978515625
2023-02-21,461.09368461951715,465.45674445759687,455.33812512089077,456.0900573730469,2877300.0,0.0,0.0,491.30999755859375,456.0900573730469
2023-02-22,457.4824813621442,458.4850764812022,453.63927561881866,453.843505859375,2982800.0,0.0,0.0,488.8900146484375,453.843505859375
2023-02-23,451.77339077812513,457.96523061102334,451.04001462969023,456.44281005859375,2511800.0,0.0,0.0,491.69000244140625,456.44281005859375
2023-02-24,454.4840005438664,457.20398236323706,448.38499849219306,449.6103515625,2940400.0,0.0,0.0,484.3299865722656,449.6103515625
2023-02-27,453.7320855200494,455.74653964019564,447.4102685834519,448.67279052734375,3006200.0,0.0,0.0,483.32000732421875,448.67279052734375
2023-02-28,448.0694646991912,448.70997548703076,439.94671477264137,441.8218994140625,3902100.0,0.0,0.0,475.94000244140625,441.8218994140625
2023-03-01,439.6588723148268,444.11479744896224,438.16430005916385,441.1534729003906,2996900.0,0.0,0.0,475.2200012207031,441.1534729003906
2023-03-02,441.14416693864854,445.98996801887165,439.3246791054702,443.4556884765625,2188800.0,0.0,0.0,477.70001220703125,443.4556884765625
2023-03-03,443.6785085439351,444.755356458069,440.2251784502995,444.2540588378906,2863300.0,0.0,0.0,478.55999755859375,444.2540588378906
2023-03-06,446.8626434355443,449.62903020731096,444.6625431099353,446.31494140625,3812700.0,0.0,0.0,480.7799987792969,446.31494140625
2023-03-07,448.35721094322145,449.136991486292,438.68416433222586,439.9095458984375,2589200.0,0.0,0.0,473.8800048828125,439.9095458984375
2023-03-08,437.9322407638447,441.3113181807042,433.2999617925049,436.86468505859375,3036600.0,0.0,0.0,470.6000061035156,436.86468505859375
2023-03-09,439.974487081247,439.974487081247,430.50567175594915,431.58251953125,2780400.0,0.0,0.0,464.9100036621094,431.58251953125
2023-03-10,431.1260925282642,436.7996590667129,426.30030422164907,428.8529357910156,3787500.0,1.65,0.0,460.3299865722656,428.8529357910156
2023-03-13,427.28773543581616,438.20632880230704,427.28773543581616,431.9737854003906,2971600.0,0.0,0.0,463.67999267578125,431.9737854003906
2023-03-14,432.8775371646041,437.712650700008,427.66045574409594,432.81231689453125,3258200.0,0.0,0.0,464.5799865722656,432.81231689453125
2023-03-15,429.46778910176045,436.81828958729636,427.83745298416716,433.60418701171875,3770200.0,0.0,0.0,465.42999267578125,433.60418701171875
2023-03-16,432.9334462857313,441.019935545785,431.4335506098517,439.74359130859375,2940500.0,0.0,0.0,472.0199890136719,439.74359130859375
2023-03-17,439.15665061357686,439.7342508397163,434.41467671527965,437.3958740234375,5290000.0,0.0,0.0,469.5,437.3958740234375
2023-03-20,437.861662515736,447.01018322403195,437.861662515736,444.3457336425781,3119400.0,0.0,0.0,476.9599914550781,444.3457336425781
2023-03-21,445.6779938586065,448.52875062895527,443.19055433936256,447.27105712890625,3163300.0,0.0,0.0,480.1000061035156,447.27105712890625
2023-03-22,448.99455340936873,452.525374964961,442.3520940731714,443.00421142578125,2632200.0,0.0,0.0,475.5199890136719,443.00421142578125
2023-03-23,444.76504842043215,447.8021410455073,434.7594510513256,437.77789306640625,3284900.0,0.0,0.0,469.9100036621094,437.77789306640625
2023-03-24,436.9114666709725,444.2712641871727,435.6165003088333,443.4421081542969,2533200.0,0.0,0.0,475.989990234375,443.4421081542969
2023-03-27,452.34837707915256,453.0377956654292,445.8643055760311,448.9479675292969,2271800.0,0.0,0.0,481.8999938964844,448.9479675292969
2023-03-28,449.041137513084,450.7087463785816,438.50451060648413,440.2652587890625,2369500.0,0.0,0.0,472.5799865722656,440.2652587890625
2023-03-29,442.62224211300725,443.33960815855664,433.1570019966314,434.6848449707031,3733200.0,0.0,0.0,466.5899963378906,434.6848449707031
2023-03-30,434.66625555301795,438.2436754542684,429.55163882734064,437.9176025390625,3324600.0,0.0,0.0,470.05999755859375,437.9176025390625
2023-03-31,439.2778171514824,443.45148845437984,437.9549315735652,440.274658203125,3996700.0,0.0,0.0,472.5899963378906,440.274658203125
2023-04-03,452.0223229768069,462.2049292322206,450.42923129301766,460.3975830078125,4729100.0,0.0,0.0,494.19000244140625,460.3975830078125
2023-04-04,459.3169234252945,462.17700561612384,458.2082925882083,459.5218811035156,2624700.0,0.0,0.0,493.25,459.5218811035156
2023-04-05,463.3787949321277,476.7475281163214,462.17699636884015,474.4091796875,4964800.0,0.0,0.0,509.2300109863281,474.4091796875
2023-04-06,476.0581536582472,479.0765954759523,472.47140845822247,477.744384765625,3472600.0,0.0,0.0,512.8099975585938,477.744384765625
2023-04-10,475.88112349174787,480.1479618244809,473.34711428481444,479.9523010253906,2714500.0,0.0,0.0,515.1799926757812,479.9523010253906
2023-04-11,480.84671802348305,486.5109308952845,479.98958604575364,485.3464050292969,3065300.0,0.0,0.0,520.969970703125,485.3464050292969
2023-04-12,489.0821213418558,490.684538200843,484.47991370849115,485.5513000488281,3422400.0,0.0,0.0,521.1900024414062,485.5513000488281
2023-04-13,488.0853070415924,494.17814195123384,484.9085059219982,490.2466735839844,4224400.0,0.0,0.0,526.22998046875,490.2466735839844
2023-04-14,486.3059670543254,491.1876500395418,473.72908859602387,476.79412841796875,4872000.0,0.0,0.0,511.7900085449219,476.79412841796875
2023-04-17,473.9340516268994,474.7445570322204,468.3722752863661,470.79449462890625,3660900.0,0.0,0.0,505.3500061035156,470.79449462890625
2023-04-18,469.22936784750783,472.3223266830886,464.0775069818038,469.9839782714844,3232000.0,0.0,0.0,504.4800109863281,469.9839782714844
2023-04-19,466.41594391577246,467.64569018483667,450.559768268062,452.95404052734375,5809100.0,0.0,0.0,486.20001220703125,452.95404052734375
2023-04-20,452.2738611733216,456.16802852124874,450.21498757446903,454.1277770996094,3283000.0,0.0,0.0,487.4599914550781,454.1277770996094
2023-04-21,456.53131389874113,457.17413431273934,449.17151769748176,450.73663330078125,3165300.0,0.0,0.0,483.82000732421875,450.73663330078125
2023-04-24,450.35476103744,456.69909566008414,449.64672021538166,455.5066223144531,2322400.0,0.0,0.0,488.94000244140625,455.5066223144531
2023-04-25,458.9908187015157,464.4128572788969,457.034409805153,458.2828063964844,2937300.0,0.0,0.0,491.9200134277344,458.2828063964844
2023-04-26,452.6465248982741,454.35140662496406,445.65004465350745,449.92620849609375,2930000.0,0.0,0.0,482.95001220703125,449.92620849609375
2023-04-27,449.22748386266727,457.40711194249275,449.22748386266727,456.9319763183594,2473200.0,0.0,0.0,490.4700012207031,456.9319763183594
2023-04-28,455.2736578628574,460.18328802341944,454.74262731545673,458.441162109375,2398900.0,0.0,0.0,492.0899963378906,458.441162109375
2023-05-01,460.77026858567706,465.24206490695946,458.18036423320535,461.80438232421875,2105600.0,0.0,0.0,495.70001220703125,461.80438232421875
2023-05-02,461.3851139459372,462.7452720960862,455.8140123804148,459.6523132324219,2152300.0,0.0,0.0,493.3900146484375,459.6523132324219
2023-05-03,460.59321173474723,461.5714304078978,454.65879315468885,455.9723815917969,1749700.0,0.0,0.0,489.44000244140625,455.9723815917969
2023-05-04,453.7458000355834,456.20529205649297,448.99455773930634,453.9600830078125,2555700.0,0.0,0.0,487.2799987792969,453.9600830078125
2023-05-05,460.27648763602093,466.6021996943111,458.38529888838434,460.4814453125,2329400.0,0.0,0.0,494.2799987792969,460.4814453125
2023-05-08,458.39460908369597,460.54665040039146,454.9289793061544,458.9349365234375,1738500.0,0.0,0.0,492.6199951171875,458.9349365234375
2023-05-09,459.1398927272244,465.25132158390056,456.77356844448065,456.8481140136719,2038600.0,0.0,0.0,490.3800048828125,456.8481140136719
2023-05-10,455.9350973681876,459.7267998790164,454.2954645119723,456.5592956542969,2018700.0,0.0,0.0,490.07000732421875,456.5592956542969
2023-05-11,454.6308264746416,456.60585748334887,452.45083780857016,455.3388671875,2384200.0,0.0,0.0,488.760009765625,455.3388671875
2023-05-12,455.33891054334714,459.1958051872363,454.3979646043814,457.6400146484375,1536500.0,0.0,0.0,491.2300109863281,457.6400146484375
2023-05-15,457.79838286080184,458.1617285619911,450.6249208964698,453.5688171386719,2169700.0,0.0,0.0,486.8599853515625,453.5688171386719
2023-05-16,454.2768505705042,455.75812397198155,446.2556105308582,446.91705322265625,2178900.0,0.0,0.0,479.7200012207031,446.91705322265625
2023-05-17,447.17787339922927,452.20861878880993,444.8860947586832,451.6589660644531,2682000.0,0.0,0.0,484.80999755859375,451.6589660644531
2023-05-18,449.0877505938844,449.5535609475471,441.48575064121997,446.4606018066406,3040100.0,0.0,0.0,479.2300109863281,446.4606018066406
2023-05-19,446.78659508711894,451.6496557590578,445.13763685929075,446.0785827636719,2317900.0,0.0,0.0,478.82000732421875,446.0785827636719
2023-05-22,447.5877777714559,449.227439031653,445.23077892532405,447.7554626464844,2242800.0,0.0,0.0,480.6199951171875,447.7554626464844
2023-05-23,443.6190966686493,450.3361017584634,440.228012421396,446.65618896484375,2874200.0,0.0,0.0,479.44000244140625,446.65618896484375
2023-05-24,447.74612267145704,450.23356195941585,446.14376267706496,447.9510803222656,1904700.0,0.0,0.0,480.8299865722656,447.9510803222656
2023-05-25,444.9699665000197,448.82686112805106,441.86765387777183,445.0351867675781,2684100.0,0.0,0.0,477.70001220703125,445.0351867675781
2023-05-26,445.3705338473733,454.994190395613,445.3146388868309,448.59393310546875,3135200.0,0.0,0.0,481.5199890136719,448.59393310546875
2023-05-30,444.0849275010112,452.6465236045461,443.47937976074195,447.0381774902344,3180800.0,0.0,0.0,479.8500061035156,447.0381774902344
2023-05-31,445.42644555341445,454.0718837555735,444.4854996309033,453.9228210449219,4944100.0,0.0,0.0,487.239990234375,453.9228210449219
2023-06-01,454.43522407389156,464.67372545202744,452.870079845946,459.8758850097656,3376600.0,0.0,0.0,493.6300048828125,459.8758850097656
2023-06-02,458.3573647712003,466.7605728902487,456.8294932418426,465.4190368652344,3064500.0,0.0,0.0,499.5799865722656,465.4190368652344
2023-06-05,466.4624306831935,468.51197887832416,463.4067163514029,464.1240539550781,2688800.0,0.0,0.0,498.19000244140625,464.1240539550781
2023-06-06,465.7171244222333,465.7171244222333,450.59694053421265,454.2302551269531,3816600.0,0.0,0.0,487.57000732421875,454.2302551269531
2023-06-07,456.4475111501476,456.9039961330969,448.6684736788152,449.1622314453125,4381700.0,0.0,0.0,482.1300048828125,449.1622314453125
2023-06-08,451.2677131662726,458.1896473561742,449.4417163318866,456.7083740234375,2725900.0,0.0,0.0,490.2300109863281,456.7083740234375
2023-06-09,456.48472907984296,464.151976187526,453.91347577993776,459.86651611328125,3174100.0,0.0,0.0,493.6199951171875,459.86651611328125
2023-06-12,458.636834990111,460.6398421338605,455.3016455699937,458.9070129394531,2207700.0,0.0,0.0,492.5899963378906,458.9070129394531
2023-06-13,457.30459272413617,460.835442707425,455.2457191886962,457.7145080566406,3016600.0,0.0,0.0,491.30999755859375,457.7145080566406
2023-06-14,423.55203695445056,429.13243569491044,415.2046952436471,428.4150695800781,14672400.0,0.0,0.0,459.8599853515625,428.4150695800781
2023-06-15,432.16622531385934,441.53003887521027,431.15595727733995,435.8144836425781,6798100.0,1.88,0.0,465.8900146484375,435.8144836425781
2023-06-16,436.04826561244175,438.2746003220788,428.3682430241283,428.89208984375,7699100.0,0.0,0.0,458.489990234375,428.89208984375
2023-06-20,427.26449328104883,440.1174981309159,427.26449328104883,439.0885314941406,4597700.0,0.0,0.0,469.3900146484375,439.0885314941406
2023-06-21,438.67689931928317,448.4242192361217,437.03050715240295,445.9733581542969,4886500.0,0.0,0.0,476.75,445.9733581542969
2023-06-22,447.3110758782776,451.98830080121127,447.1427026324557,448.1249084472656,3179000.0,0.0,0.0,479.04998779296875,448.1249084472656
2023-06-23,447.45137410602126,451.14639310835736,445.7862832230287,446.2072448730469,4862600.0,0.0,0.0,477.0,446.2072448730469
2023-06-26,447.2736839343388,450.23902858401635,442.46548295376726,448.13427734375,2968300.0,0.0,0.0,479.05999755859375,448.13427734375
2023-06-27,447.2643410417372,451.9883270694381,446.9275659830056,451.4083557128906,3693200.0,0.0,0.0,482.55999755859375,451.4083557128906
2023-06-28,450.8471030749818,450.9967777135874,443.38226960183613,443.8219299316406,3670100.0,0.0,0.0,474.45001220703125,443.8219299316406
2023-06-29,444.4111297601296,448.7422440123033,442.54024004757156,445.683349609375,2979300.0,0.0,0.0,476.44000244140625,445.683349609375
2023-06-30,447.1427161507217,450.97804641298217,444.44862994606035,449.6123046875,3970400.0,0.0,0.0,480.6400146484375,449.6123046875
2023-07-03,447.23625558274034,449.21003080951357,445.5524374716503,447.03045654296875,1915700.0,0.0,0.0,477.8800048828125,447.03045654296875
2023-07-05,445.29981093232794,446.4784805788723,440.21098866305596,440.8003234863281,5053100.0,0.0,0.0,471.2200012207031,440.8003234863281
2023-07-06,439.0511202844951,441.9042161403448,436.52540734348486,439.0604553222656,3913600.0,0.0,0.0,469.3599853515625,439.0604553222656
2023-07-07,434.98185725365727,438.358799474907,431.0717046140486,431.7826232910156,4131600.0,0.0,0.0,461.5799865722656,431.7826232910156
2023-07-10,430.30471049589863,433.20459577613514,429.51894010243416,433.1578063964844,4339200.0,0.0,0.0,463.04998779296875,433.1578063964844
2023-07-11,432.5216375581129,436.37566583338133,431.371058644848,433.0080871582031,3086800.0,0.0,0.0,462.8900146484375,433.0080871582031
2023-07-12,433.1109508174481,434.8134672379386,422.11947420383035,422.5404357910156,7287600.0,0.0,0.0,451.70001220703125,422.5404357910156
2023-07-13,422.82113066417156,425.5339153947705,418.3122790123225,418.8454895019531,7276800.0,0.0,0.0,447.75,418.8454895019531
2023-07-14,432.6900730695009,453.6908247258156,430.4075849870791,449.1726379394531,11379300.0,0.0,0.0,480.1700134277344,449.1726379394531
2023-07-17,450.0518667601754,453.3165887619449,447.42326896478244,452.83013916015625,4582000.0,0.0,0.0,484.0799865722656,452.83013916015625
2023-07-18,457.7412928730529,471.8571831553895,456.02944107055663,467.7225036621094,8816400.0,0.0,0.0,500.0,467.7225036621094
2023-07-19,474.77563713463815,481.43597064971794,470.04228897619754,471.18353271484375,4956500.0,0.0,0.0,503.70001220703125,471.18353271484375
2023-07-20,473.9525098906542,475.8420982853596,468.2182281655301,471.688720703125,2963100.0,0.0,0.0,504.239990234375,471.688720703125
2023-07-21,472.4464638046284,477.4604636155743,471.9506791196435,473.8309326171875,2887300.0,0.0,0.0,506.5299987792969,473.8309326171875
2023-07-24,472.7084165781129,476.8711583113075,471.9974977794616,475.8421630859375,2279000.0,0.0,0.0,508.67999267578125,475.8421630859375
2023-07-25,477.07694242927164,479.41555489216023,474.53253092774827,477.9468994140625,2730600.0,0.0,0.0,510.92999267578125,477.9468994140625
2023-07-26,478.51750721354364,482.5586076127365,473.92446918415243,475.2060241699219,3697200.0,0.0,0.0,508.0,475.2060241699219
2023-07-27,475.73925090969345,477.5446528339403,470.65042803545816,472.6148681640625,3028300.0,0.0,0.0,505.2300109863281,472.6148681640625
2023-07-28,472.5960611896234,474.7195391640048,465.17799074916576,470.4445495605469,2930000.0,0.0,0.0,502.9100036621094,470.4445495605469
2023-07-31,470.52879905491153,475.093774873782,466.84314375266837,473.6812438964844,2441600.0,0.0,0.0,506.3699951171875,473.6812438964844
2023-08-01,474.7382700739813,477.1143080298224,470.0516821544019,472.15643310546875,2161200.0,0.0,0.0,504.739990234375,472.15643310546875
2023-08-02,476.7869556361585,477.5166015809475,470.519462831485,472.2126159667969,3220500.0,0.0,0.0,504.79998779296875,472.2126159667969
2023-08-03,470.4259081938049,473.335128183987,468.69532938718686,472.2687072753906,2442900.0,0.0,0.0,504.8599853515625,472.2687072753906
2023-08-04,477.0769195561077,477.9188142928804,469.3594987985825,470.2762451171875,2411200.0,0.0,0.0,502.7300109863281,470.2762451171875
2023-08-07,473.09190987042234,480.4444933190853,472.07227832219246,477.7691345214844,2430900.0,0.0,0.0,510.739990234375,477.7691345214844
2023-08-08,470.5288341230283,475.36509732492146,467.7411977511182,473.2041931152344,2422600.0,0.0,0.0,505.8599853515625,473.2041931152344
2023-08-09,471.46426323485974,473.0825933044181,468.5456795062463,469.6962585449219,1916900.0,0.0,0.0,502.1099853515625,469.6962585449219
2023-08-10,471.90389504670725,478.9851913216548,470.3229908644799,470.9778137207031,2179700.0,0.0,0.0,503.4800109863281,470.9778137207031
2023-08-11,472.98896879257376,477.703618677564,471.6980503736768,475.21533203125,2029600.0,0.0,0.0,508.010009765625,475.21533203125
2023-08-14,476.28180848238645,480.3509998773157,475.43991370524964,477.9468994140625,2127200.0,0.0,0.0,510.92999267578125,477.9468994140625
2023-08-15,478.55480921762154,480.49121523516703,473.58759991448767,473.9804992675781,1817500.0,0.0,0.0,506.69000244140625,473.9804992675781
2023-08-16,475.20602056136687,477.5446328672791,470.3697577518344,471.0526428222656,1454100.0,0.0,0.0,503.55999755859375,471.0526428222656
2023-08-17,463.49425170342647,468.87305990598026,460.0705199261863,462.0723571777344,3009500.0,0.0,0.0,493.9599914550781,462.0723571777344
2023-08-18,462.8394819413666,468.60182664156014,461.6421134677885,466.2632141113281,2364400.0,0.0,0.0,498.44000244140625,466.2632141113281
2023-08-21,465.39323643536426,467.95634651947654,464.18650443004583,465.55224609375,1533500.0,0.0,0.0,497.67999267578125,465.55224609375
2023-08-22,463.4381014156913,464.7196562960953,459.6121068469149,460.5569152832031,2079400.0,0.0,0.0,492.3399963378906,460.5569152832031
2023-08-23,461.1743897139102,462.10983472347186,456.4316766640286,457.8442077636719,2011400.0,0.0,0.0,489.44000244140625,457.8442077636719
2023-08-24,459.7056867238558,463.4381313388697,455.7581080492699,456.5906677246094,2311100.0,0.0,0.0,488.1000061035156,456.5906677246094
2023-08-25,458.2931728448278,459.4437517885552,453.36336000653876,457.5447998046875,1923500.0,0.0,0.0,489.1199951171875,457.5447998046875
2023-08-28,458.82632872062607,461.2304288018386,457.5541374457886,459.5653381347656,1344500.0,0.0,0.0,491.2799987792969,459.5653381347656
2023-08-29,459.7430979680735,461.1182030885169,456.46904087630475,461.0152893066406,2113700.0,0.0,0.0,492.8299865722656,461.0152893066406
2023-08-30,462.10044195598834,464.6448533632142,458.63931276769415,459.79925537109375,2283400.0,0.0,0.0,491.5299987792969,459.79925537109375
2023-08-31,460.5756193429337,461.9413893980089,445.54304208087166,445.8143005371094,4927700.0,0.0,0.0,476.5799865722656,445.8143005371094
2023-09-01,448.0781139541667,449.6215923532744,442.80219093465575,445.49627685546875,3165900.0,0.0,0.0,476.239990234375,445.49627685546875
2023-09-05,447.14270314363876,453.3166457584724,446.7124064435412,449.77130126953125,3443300.0,0.0,0.0,480.80999755859375,449.77130126953125
2023-09-06,450.9686280509016,451.96956094449587,445.6272456695212,446.1510925292969,2596100.0,0.0,0.0,476.94000244140625,446.1510925292969
2023-09-07,448.9200234175651,455.66457347803515,447.70395640801235,453.5130615234375,2928000.0,0.0,0.0,484.80999755859375,453.5130615234375
2023-09-08,450.9399310841613,453.5505903056705,449.58764428437934,451.4845886230469,1858400.0,1.88,0.0,480.7699890136719,451.4845886230469
2023-09-11,452.62101345150364,454.36770093986314,448.8834381058094,450.17938232421875,2059200.0,0.0,0.0,479.3800048828125,450.17938232421875
2023-09-12,448.30114524967223,454.17983626835604,443.3615407881636,450.6676330566406,2195200.0,0.0,0.0,479.8999938964844,450.6676330566406
2023-09-13,452.10444181898407,454.55547267623933,450.25444012441056,450.6112976074219,2197800.0,0.0,0.0,479.8399963378906,450.6112976074219
2023-09-14,453.2313578260305,455.7105314790633,449.6158687841534,454.14227294921875,2334300.0,0.0,0.0,483.6000061035156,454.14227294921875
2023-09-15,456.1518925552348,459.98338173588047,454.6493769990925,457.0534362792969,5334300.0,0.0,0.0,486.70001220703125,457.0534362792969
2023-09-18,458.6592823016185,458.96916826478406,454.1422781216153,456.4524230957031,1997500.0,0.0,0.0,486.05999755859375,456.4524230957031
2023-09-19,454.29252171293547,456.1425233754631,447.5123156291114,451.38134765625,3230700.0,0.0,0.0,480.6600036621094,451.38134765625
2023-09-20,453.34401287327955,464.95110838510203,449.95392432705256,462.15264892578125,3724800.0,0.0,0.0,492.1300048828125,462.15264892578125
2023-09-21,464.0871979085715,474.37020739302244,463.0447969053165,470.6138610839844,4703900.0,0.0,0.0,501.1400146484375,470.6138610839844
2023-09-22,468.6041478218162,478.39881281103914,467.693232800947,475.27166748046875,4558500.0,0.0,0.0,506.1000061035156,475.27166748046875
2023-09-25,477.3001380098725,479.8168830801874,475.7694223514009,479.19708251953125,2758500.0,0.0,0.0,510.2799987792969,479.19708251953125
2023-09-26,477.9386574036748,478.3894292141911,473.65642550902385,474.6612548828125,2420200.0,0.0,0.0,505.45001220703125,474.6612548828125
2023-09-27,475.39379793481487,475.5158551139271,470.5293077903377,473.04608154296875,2593700.0,0.0,0.0,503.7300109863281,473.04608154296875
2023-09-28,475.14961369216337,482.83136330368285,474.2480986459597,479.0280456542969,2922000.0,0.0,0.0,510.1000061035156,479.0280456542969
2023-09-29,478.79332212248806,478.82149357492943,473.11183083851915,473.47808837890625,3006200.0,0.0,0.0,504.19000244140625,473.47808837890625
2023-10-02,474.7364186745115,483.4793407509729,472.4920167404763,483.22576904296875,3550400.0,0.0,0.0,514.5700073242188,483.22576904296875
2023-10-03,482.0331208073928,482.6716927914724,477.39403089845706,478.4364318847656,3143200.0,0.0,0.0,509.4700012207031,478.4364318847656
2023-10-04,478.4551546118452,480.6432421274735,475.7505810031369,479.5163269042969,2801700.0,0.0,0.0,510.6199951171875,479.5163269042969
2023-10-05,480.455431912419,486.64403718464536,480.08920307887206,484.78460693359375,2790700.0,0.0,0.0,516.22998046875,484.78460693359375
2023-10-06,484.991200625574,493.91252175451217,484.54980019631085,492.8419494628906,3647200.0,0.0,0.0,524.8099975585938,492.8419494628906
2023-10-09,489.4049259159002,494.7764728928986,488.5597251847249,494.43841552734375,2341600.0,0.0,0.0,526.510009765625,494.43841552734375
2023-10-10,494.4290463384727,495.96916196735793,491.2173865307568,492.30670166015625,2455700.0,0.0,0.0,524.239990234375,492.30670166015625
2023-10-11,489.1888811028526,493.5744559459328,488.5409091813608,492.203369140625,2819300.0,0.0,0.0,524.1300048828125,492.203369140625
2023-10-12,492.52269736481594,496.3823866621219,490.4379527276575,493.52752685546875,2377300.0,0.0,0.0,525.5399780273438,493.52752685546875
2023-10-13,500.7679294440868,511.2951108641895,499.59407119410065,506.5433349609375,5245400.0,0.0,0.0,539.4000244140625,506.5433349609375
2023-10-16,510.092943919672,513.4736893503463,503.4629962277688,505.2566833496094,3827600.0,0.0,0.0,538.030029296875,505.2566833496094
2023-10-17,507.0504202217071,509.3887366809044,502.00752977379307,503.9608459472656,2586000.0,0.0,0.0,536.6500244140625,503.9608459472656
2023-10-18,509.9615132034195,510.8442568076303,502.78693589221336,503.4067077636719,2551400.0,0.0,0.0,536.0599975585938,503.4067077636719
2023-10-19,504.12035102184245,505.54778064294266,497.01146033696483,499.2464904785156,2351200.0,0.0,0.0,531.6300048828125,499.2464904785156
2023-10-20,498.6549649907468,501.87602502400523,494.68264717049055,494.92681884765625,2811100.0,0.0,0.0,527.030029296875,494.92681884765625
2023-10-23,494.9267797877627,495.6310946544811,488.5972887056626,489.7993469238281,2357700.0,0.0,0.0,521.5700073242188,489.7993469238281
2023-10-24,491.0107877714719,498.34505155369635,490.26893001911895,493.02044677734375,1978200.0,0.0,0.0,525.0,493.02044677734375
2023-10-25,495.1521692675019,499.93208757134505,488.40013487520713,497.9130859375,2380100.0,0.0,0.0,530.2100219726562,497.9130859375
2023-10-26,493.67774502667174,498.15714829762885,490.69145707360474,496.1756896972656,2675800.0,0.0,0.0,528.3599853515625,496.1756896972656
2023-10-27,493.950111966563,495.59351338482253,489.50825104617235,492.70111083984375,2585600.0,0.0,0.0,524.6599731445312,492.70111083984375
2023-10-30,493.020418891037,499.4249957821347,491.0859029686515,497.7064514160156,2555400.0,0.0,0.0,529.989990234375,497.7064514160156
2023-10-31,502.4112476729748,503.9889060212378,499.23713090603167,502.9371337890625,2464200.0,0.0,0.0,535.5599975585938,502.9371337890625
2023-11-01,497.6970377488138,503.190728084938,494.7107495999682,499.2183532714844,2747400.0,0.0,0.0,531.5999755859375,499.2183532714844
2023-11-02,499.5941319820209,504.13933689861403,494.85175553850956,503.4725646972656,2350900.0,0.0,0.0,536.1300048828125,503.4725646972656
2023-11-03,502.0074972175291,503.33158401576344,496.5889495547488,498.5610656738281,2739500.0,0.0,0.0,530.9000244140625,498.5610656738281
2023-11-06,499.24663484388236,503.36923894827424,497.7628619043279,500.9651794433594,2684900.0,0.0,0.0,533.4600219726562,500.9651794433594
2023-11-07,502.74939598466545,506.77811424235546,499.143335484092,505.0689697265625,2604800.0,0.0,0.0,537.8300170898438,505.0689697265625
2023-11-08,507.1067506320374,508.421494764298,501.60371705725555,504.0359191894531,1769200.0,0.0,0.0,536.72998046875,504.0359191894531
2023-11-09,504.8528890049013,507.9612630858969,501.92294365496605,506.1676330566406,1819600.0,0.0,0.0,539.0,506.1676330566406
2023-11-10,509.62356348162626,509.62356348162626,503.3692712791943,508.2431335449219,2480800.0,0.0,0.0,541.2100219726562,508.2431335449219
2023-11-13,508.1866853302981,511.00394484653225,505.14399690624015,509.5201721191406,1507900.0,0.0,0.0,542.5700073242188,509.5201721191406
2023-11-14,506.19593125686646,509.61416328265943,503.82941443206073,507.538818359375,2454000.0,0.0,0.0,540.4600219726562,507.538818359375
2023-11-15,507.1537328022719,507.5387904256502,499.3123822181859,505.6136169433594,2473700.0,0.0,0.0,538.4099731445312,505.6136169433594
2023-11-16,505.6135390380908,511.6706584480251,504.73079543226925,506.93768310546875,2360300.0,0.0,0.0,539.8200073242188,506.93768310546875
2023-11-17,507.3602839262464,507.5950555522781,496.1569888100858,503.6226806640625,2676900.0,0.0,0.0,536.2899780273438,503.6226806640625
2023-11-20,501.1058973398856,503.6696422755969,499.4061531902619,502.505126953125,2518400.0,0.0,0.0,535.0999755859375,502.505126953125
2023-11-21,505.01256589548376,508.6749688583648,501.65062017365346,506.7217102050781,2115700.0,0.0,0.0,539.5900268554688,506.7217102050781
2023-11-22,509.89581075183287,511.2387549949793,507.35092281347596,510.6377258300781,2234500.0,0.0,0.0,543.760009765625,510.6377258300781
2023-11-24,511.73642918293797,514.2344315151894,509.74557027310317,513.7742309570312,1135000.0,0.0,0.0,547.0999755859375,513.7742309570312
2023-11-27,513.7741111995182,517.3332850939456,508.54345075025145,510.47796630859375,2675800.0,0.0,0.0,543.5900268554688,510.47796630859375
2023-11-28,512.3937799714361,512.5722087020497,507.1724612386225,507.6044616699219,2859300.0,0.0,0.0,540.530029296875,507.6044616699219
2023-11-29,497.7158238251833,508.8533754851975,496.44808003103464,502.3924560546875,4550000.0,0.0,0.0,534.97998046875,502.3924560546875
2023-11-30,503.153181453885,520.1976259226376,501.4816371352172,519.2866821289062,7121200.0,0.0,0.0,552.969970703125,519.2866821289062
2023-12-01,518.6553714405542,522.6884012244847,513.6989156368475,515.58349609375,3462200.0,1.88,0.0,547.1599731445312,515.58349609375
2023-12-04,516.6199907739509,520.0216443065797,511.7012064372574,516.6388549804688,2709200.0,0.0,0.0,548.280029296875,516.6388549804688
2023-12-05,517.4115497820571,520.6436559290626,513.8779613683766,518.504638671875,2645600.0,0.0,0.0,550.260009765625,518.504638671875
2023-12-06,515.960370003591,520.0310701777461,515.5268958486495,517.8167114257812,2239700.0,0.0,0.0,549.530029296875,517.8167114257812
2023-12-07,519.5315451564921,519.6823437568958,513.0957461548295,516.6293334960938,2511700.0,0.0,0.0,548.27001953125,516.6293334960938
2023-12-08,518.4668922995371,519.8897597202254,513.114690802501,518.0429077148438,2039900.0,0.0,0.0,549.77001953125,518.0429077148438
2023-12-11,518.0335234397547,518.2596639092251,507.95100574840814,512.3043823242188,3655300.0,0.0,0.0,543.6799926757812,512.3043823242188
2023-12-12,514.3019618169767,515.8944345002492,511.33378229763673,514.2265625,2706100.0,0.0,0.0,545.719970703125,514.2265625
2023-12-13,512.6058383676228,517.7130348448266,507.50807399391186,517.3267211914062,2876600.0,0.0,0.0,549.010009765625,517.3267211914062
2023-12-14,512.8885248863796,513.4727401871744,498.8484359470886,503.4090881347656,5386800.0,0.0,0.0,534.239990234375,503.4090881347656
2023-12-15,499.4138777067458,502.7118938802809,492.7801744508854,500.46923828125,9030100.0,0.0,0.0,531.1199951171875,500.46923828125
2023-12-18,498.57507149197664,500.79886219324925,494.9189815193935,496.1628112792969,3260300.0,0.0,0.0,526.5499877929688,496.1628112792969
2023-12-19,494.3160351059317,497.17114446934755,491.6682019777504,493.7977294921875,3645600.0,0.0,0.0,524.0399780273438,493.7977294921875
2023-12-20,493.6186527941164,494.5421362137718,486.0991960948929,486.1557312011719,3847800.0,0.0,0.0,515.9299926757812,486.1557312011719
2023-12-21,488.93554792638344,490.7635932311581,486.69289262940737,489.8778381347656,2491600.0,0.0,0.0,519.8800048828125,489.8778381347656
2023-12-22,489.8778116358057,492.82718442952796,488.12516574609987,490.2829895019531,1759500.0,0.0,0.0,520.3099975585938,490.2829895019531
2023-12-26,489.87779851410664,491.3854397204501,488.0779921544777,490.0191650390625,1390800.0,0.0,0.0,520.030029296875,490.0191650390625
2023-12-27,489.7553618830711,492.9685463590912,489.3878548791553,492.6199035644531,1851800.0,0.0,0.0,522.7899780273438,492.6199035644531
2023-12-28,493.2605373818082,497.40663654401675,492.7611535695533,494.6080627441406,2001000.0,0.0,0.0,524.9000244140625,494.6080627441406
2023-12-29,495.62578090062215,497.7553659542827,493.6846653894928,496.0874938964844,2080100.0,0.0,0.0,526.469970703125,496.0874938964844
2024-01-02,496.43615612008904,508.5162649443833,496.2759253891662,508.21478271484375,3415700.0,0.0,0.0,539.3400268554688,508.21478271484375
2024-01-03,511.7011763739667,515.2347641189665,508.34662604189305,510.74951171875,2891400.0,0.0,0.0,542.030029296875,510.74951171875
2024-01-04,513.5481019198288,517.3172623008918,511.6635217292974,513.94384765625,2994400.0,0.0,0.0,545.4199829101562,513.94384765625
2024-01-05,515.4327161178106,515.4327161178106,502.92850732452257,506.3678894042969,2815400.0,0.0,0.0,537.3800048828125,506.3678894042969
2024-01-08,508.27129516467136,509.07221873228167,497.5291651839791,505.5574951171875,2648900.0,0.0,0.0,536.52001953125,505.5574951171875
2024-01-09,506.952168966156,508.4692425088667,501.60939919979035,507.3008117675781,2677000.0,0.0,0.0,538.3699951171875,507.3008117675781
2024-01-10,507.04633172123295,509.9674658380213,505.2089118483587,506.6129150390625,2180000.0,0.0,0.0,537.6400146484375,506.6129150390625
2024-01-11,505.19000730456406,508.987406586516,503.68236611570063,508.5351257324219,2814100.0,0.0,0.0,539.6799926757812,508.5351257324219
2024-01-12,488.9166349981281,497.9814612984389,483.51733104623816,491.4137268066406,6327300.0,0.0,0.0,521.510009765625,491.4137268066406
2024-01-16,493.4868128614335,494.2312014020156,486.73998293825633,489.1899719238281,3736700.0,0.0,0.0,519.1500244140625,489.1899719238281
2024-01-17,491.1969956004274,500.0356235507138,489.99083670392486,494.645751953125,3791300.0,0.0,0.0,524.9400024414062,494.645751953125
2024-01-18,476.07328575165786,487.0132898730683,468.75167252964195,486.5421447753906,7367000.0,0.0,0.0,516.3400268554688,486.5421447753906
2024-01-19,485.279435590856,487.68226401208983,472.86005810193416,474.4996337890625,6143400.0,0.0,0.0,503.55999755859375,474.4996337890625
2024-01-22,474.85769228655437,483.93195087528846,467.8470513911766,483.3854064941406,5922900.0,0.0,0.0,512.989990234375,483.3854064941406
2024-01-23,482.92367468281896,488.18166952734634,482.5279289456938,485.7694091796875,2672900.0,0.0,0.0,515.52001953125,485.7694091796875
2024-01-24,488.01207803464683,491.62100779892717,483.3477304200986,483.6115417480469,2918800.0,0.0,0.0,513.22998046875,483.6115417480469
2024-01-25,459.4512607655882,466.9142115684822,451.35699165207535,464.92596435546875,14671000.0,0.0,0.0,493.3999938964844,464.92596435546875
2024-01-26,464.8128996534255,474.62214389515844,461.6279542384266,474.1604309082031,6212200.0,0.0,0.0,503.20001220703125,474.1604309082031
2024-01-29,474.0756293212684,477.2794391456312,472.22874850080296,475.4231262207031,4554100.0,0.0,0.0,504.5400085449219,475.4231262207031
2024-01-30,475.4230740949852,476.8459126484558,470.41008366121923,474.5467224121094,4931200.0,0.0,0.0,503.6099853515625,474.5467224121094
2024-01-31,475.39484078466364,485.27945583842654,475.39484078466364,482.20758056640625,5358100.0,0.0,0.0,511.739990234375,482.20758056640625
2024-02-01,479.46552141320353,480.77531862597147,473.97198206711727,477.8730773925781,4242600.0,0.0,0.0,507.1400146484375,477.8730773925781
2024-02-02,478.91895369561865,483.31000035106103,476.22401775433957,480.7846984863281,3804500.0,0.0,0.0,510.2300109863281,480.7846984863281
2024-02-05,480.53026551363826,484.52559520980884,471.19216689651563,473.9342346191406,3646300.0,0.0,0.0,502.9599914550781,473.9342346191406
2024-02-06,474.85771753094576,481.45374881763274,473.45371435911784,481.1993408203125,2745400.0,0.0,0.0,510.6700134277344,481.1993408203125
2024-02-07,484.34655124014824,490.9331499423128,483.10272138674014,489.41607666015625,4109100.0,0.0,0.0,519.3900146484375,489.41607666015625
2024-02-08,490.58453009258216,492.0262041292155,487.4278810649897,490.0757141113281,3343000.0,0.0,0.0,520.0900268554688,490.0757141113281
2024-02-09,489.03914992620344,490.3583791256334,486.4949550489176,488.3135681152344,2715400.0,0.0,0.0,518.219970703125,488.3135681152344
2024-02-12,488.3136378281851,489.03921974274016,483.2158727552288,487.76715087890625,3194000.0,0.0,0.0,517.6400146484375,487.76715087890625
2024-02-13,491.87546135069744,496.52094491747033,484.5350417412884,487.02264404296875,3436000.0,0.0,0.0,516.8499755859375,487.02264404296875
2024-02-14,485.52444232567365,488.6057495864999,484.61039095385956,487.10748291015625,1918500.0,0.0,0.0,516.9400024414062,487.10748291015625
2024-02-15,487.48438213397947,491.63985613945374,486.03321858220824,490.820068359375,2292100.0,0.0,0.0,520.8800048828125,490.820068359375
2024-02-16,492.158225312206,493.56222869459395,488.9450406091652,491.4515075683594,2135500.0,0.0,0.0,521.5499877929688,491.4515075683594
2024-02-20,493.95798333033764,495.0510146940529,489.4349442054743,490.98974609375,2600200.0,0.0,0.0,521.0599975585938,490.98974609375
2024-02-21,493.44904212881846,493.4679063349818,487.67279919646813,491.8471374511719,2095900.0,0.0,0.0,521.969970703125,491.8471374511719
2024-02-22,493.9485277628415,496.3419241343412,488.6622936143367,496.11578369140625,3186800.0,0.0,0.0,526.5,496.11578369140625
2024-02-23,496.3513058558976,499.8848937001493,493.91074921249225,496.8130187988281,2502000.0,0.0,0.0,527.239990234375,496.8130187988281
2024-02-26,497.83074622372743,502.0616198569957,494.0521534649633,495.0038757324219,2308900.0,0.0,0.0,525.3200073242188,495.0038757324219
2024-02-27,494.4761838899011,495.25830081099167,482.4996554859878,483.79058837890625,3780600.0,0.0,0.0,513.4199829101562,483.79058837890625
2024-02-28,466.84828269181793,469.7787915595296,456.43598695571995,469.5243835449219,9558600.0,0.0,0.0,498.2799987792969,469.5243835449219
2024-02-29,469.73165707170364,472.7941001719705,463.22986054857375,465.11444091796875,6833200.0,0.0,0.0,493.6000061035156,465.11444091796875
2024-03-01,461.17562825065556,461.74097929922,449.70794520875023,461.2792663574219,7315000.0,0.0,0.0,489.5299987792969,461.2792663574219
2024-03-04,455.35227320907666,458.93299295684506,452.3934971542767,454.06134033203125,5239800.0,0.0,0.0,481.8699951171875,454.06134033203125
2024-03-05,454.55138553582293,455.0319339857389,443.46061142514304,445.8446044921875,5296200.0,0.0,0.0,473.1499938964844,445.8446044921875
2024-03-06,447.06013486406636,452.11079619491585,441.17082150827383,445.3263244628906,5577500.0,0.0,0.0,472.6000061035156,445.3263244628906
2024-03-07,446.6455428356132,453.42061149264117,446.2686325169925,451.1496887207031,5102000.0,0.0,0.0,478.7799987792969,451.1496887207031
2024-03-08,452.5024426370783,458.1028035002779,449.13466801230607,450.8374938964844,4673600.0,1.88,0.0,476.57000732421875,450.8374938964844
2024-03-11,451.24432773265215,463.83565037510687,450.2983228527095,462.73828125,4410100.0,0.0,0.0,489.1499938964844,462.73828125
2024-03-12,461.7733326933837,465.69924688236466,461.0354500961048,462.9274597167969,4153800.0,0.0,0.0,489.3500061035156,462.9274597167969
2024-03-13,466.87226554782313,469.2183677798412,459.1244841412313,461.65032958984375,3669000.0,0.0,0.0,488.0,461.65032958984375
2024-03-14,462.33149430687126,463.23965088495174,458.9920983205041,462.59637451171875,3378500.0,0.0,0.0,489.0,462.59637451171875
2024-03-15,461.13008345528755,464.6965114067996,461.13008345528755,464.318115234375,5713500.0,0.0,0.0,490.82000732421875,464.318115234375
2024-03-18,465.5289897356377,465.5289897356377,460.11784087050154,460.75164794921875,2970500.0,0.0,0.0,487.04998779296875,460.75164794921875
2024-03-19,463.2301936442478,466.7966214281653,461.45169996067267,466.68310546875,2511700.0,0.0,0.0,493.32000732421875,466.68310546875
2024-03-20,465.87899809698206,467.8939929967458,463.0126046272582,467.5439758300781,3548200.0,0.0,0.0,494.2300109863281,467.5439758300781
2024-03-21,465.69925266190785,469.40760426718805,464.7532478398214,465.14111328125,3693400.0,0.0,0.0,491.69000244140625,465.14111328125
2024-03-22,468.46162164701417,469.05758046256113,463.3247932786042,463.6086120605469,2847300.0,0.0,0.0,490.07000732421875,463.6086120605469
2024-03-25,464.1099496127683,464.9424384361274,457.93253957052,459.6448059082031,2786100.0,0.0,0.0,485.8800048828125,459.6448059082031
2024-03-26,461.7733071379938,466.7019838435975,459.0298991137707,465.72760009765625,3113300.0,0.0,0.0,492.30999755859375,465.72760009765625
2024-03-27,467.0426147981722,468.9630035250867,464.7816493065528,466.4750061035156,2653100.0,0.0,0.0,493.1000061035156,466.4750061035156
2024-03-28,468.27234578197977,469.09536528570555,462.8801072220354,467.9885559082031,3820000.0,0.0,0.0,494.70001220703125,467.9885559082031
2024-04-01,467.77097725735297,469.01024118979655,462.31254015697004,463.258544921875,2928700.0,0.0,0.0,489.70001220703125,463.258544921875
2024-04-02,434.78377722265424,438.64346379652216,425.3237299761638,433.4026184082031,11867000.0,0.0,0.0,458.1400146484375,433.4026184082031
2024-04-03,437.0542399613403,437.85834985643663,430.95249714124196,434.916259765625,4460400.0,0.0,0.0,459.739990234375,434.916259765625
2024-04-04,435.9379247490866,436.78932326756325,427.51848807566284,430.7916564941406,5182000.0,0.0,0.0,455.3800048828125,430.7916564941406
2024-04-05,426.35488963547226,433.03368096347,425.7116133243379,431.1322021484375,5747400.0,0.0,0.0,455.739990234375,431.1322021484375
2024-04-08,431.3498253554714,432.5134216945234,429.09832923116954,431.3782043457031,4532300.0,0.0,0.0,456.0,431.3782043457031
2024-04-09,429.7510401583172,434.93515662345277,428.02930457061694,434.8973083496094,3521200.0,0.0,0.0,459.7200012207031,434.8973083496094
2024-04-10,430.8957500157091,433.97026585047087,425.4940702787885,425.7494812011719,4493500.0,0.0,0.0,450.04998779296875,425.7494812011719
2024-04-11,426.0711063152105,426.4305638806568,417.6422002690789,417.8692321777344,5844100.0,0.0,0.0,441.7200012207031,417.8692321777344
2024-04-12,416.5637209113197,418.3611241311285,412.8175502499597,415.48529052734375,6045700.0,0.0,0.0,439.20001220703125,415.48529052734375
2024-04-15,418.13411325970714,424.1412493938411,418.12464397356786,421.568115234375,5376800.0,0.0,0.0,445.6300048828125,421.568115234375
2024-04-16,451.02672919469074,453.8458340861466,440.459871017332,443.5722351074219,11816500.0,0.0,0.0,468.8900146484375,443.5722351074219
2024-04-17,452.75787370131036,461.6503124708516,448.9643854609171,453.1268005371094,8759800.0,0.0,0.0,478.989990234375,453.1268005371094
2024-04-18,459.88133661821723,474.89442878144655,459.72997237973044,466.5506591796875,8880400.0,0.0,0.0,493.17999267578125,466.5506591796875
2024-04-19,470.16440651584054,479.908244841397,468.80215723365717,474.0714111328125,6618600.0,0.0,0.0,501.1300048828125,474.0714111328125
2024-04-22,470.9022213757085,472.45368295096625,464.14776278746837,464.7059020996094,4697700.0,0.0,0.0,491.2300109863281,464.7059020996094
2024-04-23,464.48840039505,467.619674267357,458.78399207044777,459.92864990234375,3646700.0,0.0,0.0,486.17999267578125,459.92864990234375
2024-04-24,457.6581718536411,462.4638632289986,454.7539303737857,460.98809814453125,3724400.0,0.0,0.0,487.29998779296875,460.98809814453125
2024-04-25,462.5585212393166,470.28739353087576,461.2057412388015,467.1939392089844,4329700.0,0.0,0.0,493.8599853515625,467.1939392089844
2024-04-26,465.4343632422846,470.3819787568614,464.8667545863267,468.6034851074219,2727000.0,0.0,0.0,495.3500061035156,468.6034851074219
2024-04-29,468.9439995310369,470.49546115534326,461.432719618704,462.62469482421875,2192100.0,0.0,0.0,489.0299987792969,462.62469482421875
2024-04-30,462.55845414854844,463.26795767986806,456.532408775037,457.5824890136719,3367500.0,0.0,0.0,483.70001220703125,457.5824890136719
2024-05-01,453.38232769558,462.7761496327524,451.3105746089218,457.9704284667969,2729200.0,0.0,0.0,484.1099853515625,457.9704284667969
2024-05-02,458.1312356629641,467.03314492244573,457.80959747267883,466.3520202636719,3561400.0,0.0,0.0,492.9700012207031,466.3520202636719
2024-05-03,464.3559038617401,466.181715073026,459.5502121639734,465.8600769042969,2487600.0,0.0,0.0,492.45001220703125,465.8600769042969
2024-05-06,465.8884487262289,468.1493851589104,465.4343560345396,467.68585205078125,2029500.0,0.0,0.0,494.3800048828125,467.68585205078125
2024-05-07,469.21834707373665,474.56326803560177,468.3101906145498,473.9105224609375,3752100.0,0.0,0.0,500.9599914550781,473.9105224609375
2024-05-08,476.9472478850342,479.6244287392009,473.07806288684446,476.0390625,3078900.0,0.0,0.0,503.2099914550781,476.0390625
2024-05-09,475.026883384027,480.54207888887635,475.026883384027,479.65283203125,2342900.0,0.0,0.0,507.0299987792969,479.65283203125
2024-05-10,481.5164514985279,485.8491697242728,479.6244418659207,485.1207275390625,2784600.0,0.0,0.0,512.8099975585938,485.1207275390625
2024-05-13,484.4017491703949,486.8802771419582,479.91769563007887,484.1084899902344,2454500.0,0.0,0.0,511.739990234375,484.1084899902344
2024-05-14,486.79514945551074,488.2992647017758,479.90820703272715,486.1329345703125,2949700.0,0.0,0.0,513.8800048828125,486.1329345703125
2024-05-15,487.03166153541304,494.37266793408196,487.03166153541304,489.6047668457031,2981200.0,0.0,0.0,517.5499877929688,489.6047668457031
2024-05-16,491.92251777650176,499.64189188082185,491.45898464231016,493.12396240234375,3655800.0,0.0,0.0,521.27001953125,493.12396240234375
2024-05-17,494.7037094341388,497.4565577575268,491.93192253974024,496.3024597167969,2657200.0,0.0,0.0,524.6300048828125,496.3024597167969
2024-05-20,496.3024909183208,496.3024909183208,488.6492868648049,489.3020324707031,2476200.0,0.0,0.0,517.22998046875,489.3020324707031
2024-05-21,490.33317548872037,496.3875710787939,488.06274105522647,495.28076171875,2521900.0,0.0,0.0,523.5499877929688,495.28076171875
2024-05-22,494.5902420572285,497.8634394884778,492.5374277850909,493.1995849609375,2299100.0,0.0,0.0,521.3499755859375,493.1995849609375
2024-05-23,490.33318284114637,492.14002648573927,487.4100027946566,488.92364501953125,3055400.0,0.0,0.0,516.8300170898438,488.92364501953125
2024-05-24,488.24248261269236,489.21689519013455,480.11630552509195,480.7312316894531,2527800.0,0.0,0.0,508.1700134277344,480.7312316894531
2024-05-28,479.2933391000089,479.2933391000089,474.79981617856146,476.48370361328125,2912800.0,0.0,0.0,503.67999267578125,476.48370361328125
2024-05-29,465.7560069012278,467.23177210224884,447.715688160173,458.5474548339844,7521600.0,0.0,0.0,484.7200012207031,458.5474548339844
2024-05-30,456.277085490745,459.78675554923944,452.1903374370442,455.64324951171875,5169700.0,0.0,0.0,481.6499938964844,455.64324951171875
2024-05-31,456.36216182606745,471.4982380553892,456.36216182606745,468.62237548828125,6694800.0,0.0,0.0,495.3699951171875,468.62237548828125
2024-06-03,467.44935388015693,471.7536641486464,466.4465911072371,470.58062744140625,2795100.0,0.0,0.0,497.44000244140625,470.58062744140625
2024-06-04,471.6401771844209,480.8258762231691,467.8845367633606,478.19598388671875,3178400.0,0.0,0.0,505.489990234375,478.19598388671875
2024-06-05,481.23264127612674,481.611037412711,471.86717089446205,475.95391845703125,2464400.0,0.0,0.0,503.1199951171875,475.95391845703125
2024-06-06,476.45535660251437,477.44867905789715,470.429310078349,474.81878662109375,2419600.0,0.0,0.0,501.9200134277344,474.81878662109375
2024-06-07,474.93229038341707,475.7079924314826,463.93971847416816,464.19512939453125,3416300.0,0.0,0.0,490.69000244140625,464.19512939453125
2024-06-10,464.4883502382221,468.6413251090456,459.93806952408545,468.2723693847656,3332800.0,0.0,0.0,495.0,468.2723693847656
2024-06-11,464.35588262849745,470.9022482702908,463.81668185633464,469.4264831542969,4599700.0,0.0,0.0,496.2200012207031,469.4264831542969
2024-06-12,473.0024315280922,473.0024315280922,461.1017030535474,466.4466247558594,4048200.0,0.0,0.0,493.07000732421875,466.4466247558594
2024-06-13,463.80726785634727,474.8944461197509,458.22584488108663,470.4482116699219,4951700.0,0.0,0.0,497.29998779296875,470.4482116699219
2024-06-14,470.003604595372,470.96854807584253,465.17900267213366,470.2779541015625,3188400.0,0.0,0.0,497.1199951171875,470.2779541015625
2024-06-17,466.77235847283794,468.4728989100881,464.2738353402528,464.77734375,2407200.0,2.1,0.0,489.2300109863281,464.77734375
2024-06-18,466.18334225620316,467.0858709871645,455.096648013444,457.00616455078125,3692700.0,0.0,0.0,481.04998779296875,457.00616455078125
2024-06-20,456.0466418377889,461.63275223080524,454.21308509182404,460.3027038574219,5258100.0,0.0,0.0,484.5199890136719,460.3027038574219
2024-06-21,460.2267163219456,463.8937718385166,456.56914127052374,458.46917724609375,6368600.0,0.0,0.0,482.5899963378906,458.46917724609375
2024-06-24,464.42573222005484,466.3542963710997,460.2836681320892,465.4897766113281,5139800.0,0.0,0.0,489.9800109863281,465.4897766113281
2024-06-25,466.116877276139,466.116877276139,456.5786877867676,460.28375244140625,2916100.0,0.0,0.0,484.5,460.28375244140625
2024-06-26,460.2837409037236,463.07679626388153,457.40518739893827,459.84674072265625,3153100.0,0.0,0.0,484.0400085449219,459.84674072265625
2024-06-27,460.80626147996327,464.53985459580196,457.95620721910234,462.1268005371094,2991900.0,0.0,0.0,486.44000244140625,462.1268005371094
2024-06-28,471.56046649544436,483.9392008332233,464.9483488218406,483.80621337890625,22734200.0,0.0,0.0,509.260009765625,483.80621337890625
2024-07-01,481.4216150459034,483.4736573774629,468.254379658707,469.9263916015625,4523100.0,0.0,0.0,494.6499938964844,469.9263916015625
2024-07-02,469.5559218844453,473.55548968227754,468.72941083517054,473.33697509765625,3312000.0,0.0,0.0,498.239990234375,473.33697509765625
2024-07-03,472.27293891048146,473.184948063748,462.20274241034616,465.4043273925781,2239200.0,0.0,0.0,489.8900146484375,465.4043273925781
2024-07-05,464.5587946604339,465.1953194669668,460.2837137279759,463.6182861328125,3499000.0,0.0,0.0,488.010009765625,463.6182861328125
2024-07-08,464.73933902635656,469.1949260656935,461.8702949104175,464.8818359375,3450600.0,0.0,0.0,489.3399963378906,464.8818359375
2024-07-09,463.92229964504077,470.6389341883783,461.79426849952785,467.51336669921875,3056800.0,0.0,0.0,492.1099853515625,467.51336669921875
2024-07-10,466.401846401621,476.4340343162992,465.6228246715184,475.89251708984375,3189800.0,0.0,0.0,500.92999267578125,475.89251708984375
2024-07-11,472.82393756399654,483.3026342210981,472.82393756399654,479.1510314941406,3535100.0,0.0,0.0,504.3599853515625,479.1510314941406
2024-07-12,481.5831686880928,488.8508010630744,478.26758593737867,485.9627380371094,3570600.0,0.0,0.0,511.5299987792969,485.9627380371094
2024-07-15,498.0373718610228,504.29801530053584,488.1191827205567,489.6107177734375,5128000.0,0.0,0.0,515.3699951171875,489.6107177734375
2024-07-16,507.2145996507091,522.4338475687714,500.78295966354295,521.4363403320312,11062000.0,0.0,0.0,548.8699951171875,521.4363403320312
2024-07-17,526.3100270212145,544.9398680325259,523.74496655616,544.6264038085938,10330800.0,0.0,0.0,573.280029296875,544.6264038085938
2024-07-18,536.2851560763635,552.4354619280875,533.3590844275686,536.1331787109375,6834800.0,0.0,0.0,564.3400268554688,536.1331787109375
2024-07-19,538.7742419355767,541.4153199964428,533.4731248819505,537.07373046875,4290400.0,0.0,0.0,565.3300170898438,537.07373046875
2024-07-22,534.907628397217,536.0476616049733,529.2360487157631,530.6135864257812,3377300.0,0.0,0.0,558.530029296875,530.6135864257812
2024-07-23,530.8605780678348,530.9081253590798,525.1794885470781,526.9750366210938,2785600.0,0.0,0.0,554.7000122070312,526.9750366210938
2024-07-24,532.0100875111657,533.083612505082,525.3789803325838,531.7725830078125,3156200.0,0.0,0.0,559.75,531.7725830078125
2024-07-25,533.9101646415946,541.4058212607616,530.6611190212512,531.7061157226562,3102900.0,0.0,0.0,559.6799926757812,531.7061157226562
2024-07-26,532.0099949733734,550.1838410475622,532.0099949733734,541.244140625,3201900.0,0.0,0.0,569.719970703125,541.244140625
2024-07-29,537.4346706720836,542.7927277950421,533.6820882054799,538.4226684570312,2965000.0,0.0,0.0,566.75,538.4226684570312
2024-07-30,538.5652624168059,550.4689585789672,537.7007135092658,547.52392578125,4139100.0,0.0,0.0,576.3300170898438,547.52392578125
2024-07-31,537.178080417391,551.8653768425193,534.2140294469503,547.3622436523438,4713200.0,0.0,0.0,576.1599731445312,547.3622436523438
2024-08-01,548.3503571114748,558.1355301278821,538.7551412921979,544.1417846679688,3680800.0,0.0,0.0,572.77001953125,544.1417846679688
2024-08-02,553.2239862473779,561.9736147286455,546.4978427167437,560.34912109375,5094000.0,0.0,0.0,589.8300170898438,560.34912109375
2024-08-05,553.0244836167706,557.4895798951808,538.4322207866662,541.4722900390625,4587400.0,0.0,0.0,569.9600219726562,541.4722900390625
2024-08-06,539.8097905613333,548.6544565085891,534.4136948605593,539.9427490234375,3216500.0,0.0,0.0,568.3499755859375,539.9427490234375
2024-08-07,538.2896732246444,543.077800949413,529.1885427336514,537.7861938476562,4320700.0,0.0,0.0,566.0800170898438,537.7861938476562
2024-08-08,536.1616424039714,543.8378039133075,536.1616424039714,537.9381713867188,2860800.0,0.0,0.0,566.239990234375,537.9381713867188
2024-08-09,536.323104768693,537.6436436161435,529.7585063434531,530.83203125,2976700.0,0.0,0.0,558.760009765625,530.83203125
2024-08-12,534.2139975264033,540.5601092497919,533.0074564076655,537.0355224609375,2532400.0,0.0,0.0,565.2899780273438,537.0355224609375
2024-08-13,541.5007535556579,546.9538476284821,540.560245007944,545.538330078125,2369400.0,0.0,0.0,574.239990234375,545.538330078125
2024-08-14,546.4883267728984,552.0744370649096,544.6168192080231,550.6968994140625,2344400.0,0.0,0.0,579.6699829101562,550.6968994140625
2024-08-15,550.6970134189519,554.1836218330246,544.8449270362763,550.6400146484375,2751800.0,0.0,0.0,579.6099853515625,550.6400146484375
2024-08-16,551.8844455560344,552.577998132067,545.4053157764746,548.806396484375,2728900.0,0.0,0.0,577.6799926757812,548.806396484375
2024-08-19,549.186416239371,554.1454823177236,548.2268887913497,549.8514404296875,1847900.0,0.0,0.0,578.780029296875,549.8514404296875
2024-08-20,550.8678689621898,554.6299608083027,546.7353141946545,551.6279296875,1677500.0,0.0,0.0,580.6500244140625,551.6279296875
2024-08-21,552.4449439297699,554.2309823033685,548.5688544823334,549.1768798828125,2844300.0,0.0,0.0,578.0700073242188,549.1768798828125
2024-08-22,550.2979099159775,553.8129880069449,542.0992501842962,549.7943725585938,2282000.0,0.0,0.0,578.719970703125,549.7943725585938
2024-08-23,551.9605320754355,555.9601292666172,549.5379974472205,555.2951049804688,2376400.0,0.0,0.0,584.510009765625,555.2951049804688
2024-08-26,558.658057917458,562.4961676418333,556.4635187172763,557.7840576171875,1800000.0,0.0,0.0,587.1300048828125,557.7840576171875
2024-08-27,560.0069529768342,562.7335573513188,554.601407473422,557.992919921875,1581900.0,0.0,0.0,587.3499755859375,557.992919921875
2024-08-28,559.5700737380882,563.2086586684782,554.6869676309688,559.12353515625,1657000.0,0.0,0.0,588.5399780273438,559.12353515625
2024-08-29,561.1565453794271,562.9900729002137,555.1619349723727,562.0020751953125,1953200.0,0.0,0.0,591.5700073242188,562.0020751953125
2024-08-30,560.5105463515052,563.6076139020844,557.2710109103439,560.7005615234375,2944700.0,0.0,0.0,590.2000122070312,560.7005615234375
2024-09-03,562.9046894776918,570.637792005893,562.2396652742207,568.7567749023438,3175500.0,0.0,0.0,598.6799926757812,568.7567749023438
2024-09-04,570.0107436342578,577.5538881277308,567.9967103121761,573.9818115234375,2935000.0,0.0,0.0,604.1799926757812,573.9818115234375
2024-09-05,573.9914262192016,575.7109566250548,560.1971451390854,565.7262573242188,2144800.0,0.0,0.0,595.489990234375,565.7262573242188
2024-09-06,566.0871645327607,570.59024012589,562.6576138112665,567.0466918945312,2926400.0,0.0,0.0,596.8800048828125,567.0466918945312
2024-09-09,568.4148070091791,569.5168024347261,546.5169025391308,564.4057006835938,3411400.0,0.0,0.0,594.0999755859375,564.4057006835938
2024-09-10,565.4602794630325,574.5709203336662,561.6032083967675,569.08935546875,2863500.0,0.0,0.0,599.030029296875,569.08935546875
2024-09-11,559.6935132990428,561.8405628532437,550.031790305139,560.2730102539062,3563600.0,0.0,0.0,589.75,560.2730102539062
2024-09-12,559.1141896156657,560.9952069302157,554.0600862806436,559.0096435546875,3395800.0,0.0,0.0,588.4199829101562,559.0096435546875
2024-09-13,561.5366968257066,567.8067928913875,557.879092466975,564.61474609375,2241900.0,0.0,0.0,594.3200073242188,564.61474609375
2024-09-16,567.2649927945904,570.8783068422758,560.3624835372196,561.6781616210938,2548600.0,2.1,0.0,589.1400146484375,561.6781616210938
2024-09-17,558.6942844018015,559.3711518807178,549.522706786437,551.01953125,3416000.0,0.0,0.0,577.9600219726562,551.01953125
2024-09-18,549.9706117117114,557.2735860737967,545.6327140704756,553.583984375,2988300.0,0.0,0.0,580.6500244140625,553.583984375
2024-09-19,556.5108236681908,557.5691270670596,547.7969139702079,550.1708374023438,2945700.0,0.0,0.0,577.0700073242188,550.1708374023438
2024-09-20,545.0511623364752,551.8583570192366,543.0967313316205,548.1973266601562,5398700.0,0.0,0.0,575.0,548.1973266601562
2024-09-23,549.617843568889,552.4208025609021,545.337146953048,546.681396484375,2386100.0,0.0,0.0,573.4099731445312,546.681396484375
2024-09-24,544.2123050696067,550.399776601806,539.6169733315662,548.3786010742188,3188500.0,0.0,0.0,575.1900024414062,548.3786010742188
2024-09-25,550.933569993157,554.0225336037443,546.36686862937,549.4462890625,2658800.0,0.0,0.0,576.3099975585938,549.4462890625
2024-09-26,548.1973811616377,549.7227766853481,544.2980037511181,548.0162353515625,2751900.0,0.0,0.0,574.8099975585938,548.0162353515625
2024-09-27,550.752360505804,559.361469378788,549.7132017050512,554.7279663085938,2986200.0,0.0,0.0,581.8499755859375,554.7279663085938
2024-09-30,556.3010971880589,559.0849698473396,551.7629675304015,557.4260864257812,3009700.0,0.0,0.0,584.6799926757812,557.4260864257812
2024-10-01,557.7311815152938,561.2587237030691,553.6983746697852,556.1104125976562,2648400.0,0.0,0.0,583.2999877929688,556.1104125976562
2024-10-02,576.093359193618,576.341249004099,557.0160852435394,564.7003784179688,3667000.0,0.0,0.0,592.3099975585938,564.7003784179688
2024-10-03,563.079672695174,565.5775410510074,557.1305493380715,565.1199340820312,2645800.0,0.0,0.0,592.75,565.1199340820312
2024-10-04,564.5289156670473,568.3424627665817,561.0109161401223,563.6422729492188,2462600.0,0.0,0.0,591.2000122070312,563.6422729492188
2024-10-07,561.3445927784873,564.8244778730129,556.1391380944317,556.3583984375,2591100.0,0.0,0.0,583.5599975585938,556.3583984375
2024-10-08,560.6485691603373,561.7449871192538,552.5447823738742,554.4706420898438,2231400.0,0.0,0.0,581.5800170898438,554.4706420898438
2024-10-09,555.0235737384512,565.1676221568043,553.5458359966108,563.6612548828125,2207700.0,0.0,0.0,591.219970703125,563.6612548828125
2024-10-10,567.436801886471,571.0310890805761,565.1296219072088,569.83935546875,2143200.0,0.0,0.0,597.7000122070312,569.83935546875
2024-10-11,568.6856316516084,573.481194753674,568.4091704530218,570.1729125976562,1909700.0,0.0,0.0,598.0499877929688,570.1729125976562
2024-10-14,571.1834586160413,580.2597180924391,569.5341183419029,577.1802978515625,2447100.0,0.0,0.0,605.4000244140625,577.1802978515625
2024-10-15,526.2885146284606,543.144383536766,517.6889484658922,530.3594360351562,11939400.0,0.0,0.0,556.2899780273438,530.3594360351562
2024-10-16,531.045959480461,549.3223670660832,529.2440445690324,544.7080078125,5103900.0,0.0,0.0,571.3400268554688,544.7080078125
2024-10-17,534.4495990484153,542.9251636410356,532.6762553413848,539.6455688476562,5588700.0,0.0,0.0,566.030029296875,539.6455688476562
2024-10-18,540.4272371014126,544.3361575540631,536.794836038282,543.05859375,3687000.0,0.0,0.0,569.6099853515625,543.05859375
2024-10-21,543.0872532885589,552.2779157112338,542.1910673977153,544.8319091796875,3018000.0,0.0,0.0,571.469970703125,544.8319091796875
2024-10-22,541.3805586197407,546.3286374112685,539.1305802048522,543.296875,2593800.0,0.0,0.0,569.8599853515625,543.296875
2024-10-23,545.4611081555415,547.377424630476,533.8965234477944,538.3202514648438,2911900.0,0.0,0.0,564.6400146484375,538.3202514648438
2024-10-24,538.6539728915345,545.0512189600205,534.1921298651349,534.6688232421875,2590200.0,0.0,0.0,560.8099975585938,534.6688232421875
2024-10-25,539.7694140709984,544.8605248941295,537.3382895087052,538.2440185546875,2513700.0,0.0,0.0,564.5599975585938,538.2440185546875
2024-10-28,539.8552639421775,541.8383247369534,536.5756110927874,538.892333984375,1826500.0,0.0,0.0,565.239990234375,538.892333984375
2024-10-29,536.5850852146094,541.2185304014783,534.5257374492653,535.92724609375,2600300.0,0.0,0.0,562.1300048828125,535.92724609375
2024-10-30,535.0883764818203,543.7260591269111,534.8023720611451,536.7186889648438,2323600.0,0.0,0.0,562.9600219726562,536.7186889648438
2024-10-31,534.73557318066,541.9527179714494,534.73557318066,538.1868286132812,2490000.0,0.0,0.0,564.5,538.1868286132812
2024-11-01,538.7779817631886,543.7451482899853,537.6148777164036,541.104248046875,2548300.0,0.0,0.0,567.5599975585938,541.104248046875
2024-11-04,540.322358411915,542.0861586862602,529.530014197538,531.7705078125,2656600.0,0.0,0.0,557.77001953125,531.7705078125
2024-11-05,532.2568035985682,542.2291921530567,528.5576582082637,540.5989379882812,2608100.0,0.0,0.0,567.030029296875,540.5989379882812
2024-11-06,575.7503439691521,577.2757396583468,563.3085989818137,568.8764038085938,6591300.0,0.0,0.0,596.6900024414062,568.8764038085938
2024-11-07,570.7831235149234,579.3159466824958,568.3615420851443,577.22802734375,5254300.0,0.0,0.0,605.4500122070312,577.22802734375
2024-11-08,580.6124806245268,590.9090449975813,576.9896229253173,587.1050415039062,3875800.0,0.0,0.0,615.8099975585938,587.1050415039062
2024-11-11,588.144285737074,601.3295820633062,585.3031537668711,596.1050415039062,3003200.0,0.0,0.0,625.25,596.1050415039062
2024-11-12,590.6993497750459,595.3709097059754,585.1697185353202,586.0181884765625,2809400.0,0.0,0.0,614.6699829101562,586.0181884765625
2024-11-13,584.426193568899,584.4357367487077,574.949525068252,577.6285400390625,3409400.0,0.0,0.0,605.8699951171875,577.6285400390625
2024-11-14,575.3497854595639,577.7523385575679,561.5352215262528,565.5013427734375,3079200.0,0.0,0.0,593.1500244140625,565.5013427734375
2024-11-15,564.328597979989,571.0118475695904,562.4504542493271,564.6241455078125,3423900.0,0.0,0.0,592.22998046875,564.6241455078125
2024-11-18,561.9642575910776,566.4451867096537,558.0363090505656,562.1644897460938,2577100.0,0.0,0.0,589.6500244140625,562.1644897460938
2024-11-19,555.5575316102862,559.4855387855508,549.8849266671948,550.1041870117188,3198300.0,0.0,0.0,577.0,550.1041870117188
2024-11-20,555.5479991479616,574.5489895832752,554.4420379611487,572.5087280273438,3928600.0,0.0,0.0,600.5,572.5087280273438
2024-11-21,572.0320481310365,575.8455951185767,568.9144548478874,569.6390380859375,2722900.0,0.0,0.0,597.489990234375,569.6390380859375
2024-11-22,570.6592451447669,573.2334013433614,561.2302349924546,563.3276977539062,3197900.0,0.0,0.0,590.8699951171875,563.3276977539062
2024-11-25,569.7248910579759,581.4134223480713,567.2746800386395,577.59033203125,5146200.0,0.0,0.0,605.8300170898438,577.59033203125
2024-11-26,579.8879155133069,580.107175832874,570.9642299913123,578.5054931640625,2693600.0,0.0,0.0,606.7899780273438,578.5054931640625
2024-11-27,582.5479214498957,588.6686479620755,578.4197406165681,580.0214233398438,2269800.0,0.0,0.0,608.3800048828125,580.0214233398438
2024-11-29,580.4218271045382,587.0765060207614,578.3434510248368,581.756591796875,2010800.0,0.0,0.0,610.2000122070312,581.756591796875
2024-12-02,585.3794478470995,585.3794478470995,572.7661601242579,580.1549072265625,3364900.0,0.0,0.0,608.52001953125,580.1549072265625
2024-12-03,582.376278441932,587.0478968369381,576.6273865441885,577.0182495117188,2329900.0,0.0,0.0,605.22998046875,577.0182495117188
2024-12-04,582.5383492679298,593.7978436588327,578.6770866523442,582.3190307617188,4147600.0,0.0,0.0,610.7899780273438,582.3190307617188
2024-12-05,577.4092302209235,580.6030529168329,547.1391975016421,551.9823608398438,5943700.0,0.0,0.0,578.969970703125,551.9823608398438
2024-12-06,554.9758891763499,554.9758891763499,518.7758259868477,524.0003662109375,13003600.0,0.0,0.0,549.6199951171875,524.0003662109375
2024-12-09,528.288009469148,538.7963283565504,521.2441833620846,536.5377197265625,7684700.0,2.1,0.0,560.6199951171875,536.5377197265625
2024-12-10,537.858466774506,543.3614671018253,533.1019884430167,540.9114379882812,5360600.0,0.0,0.0,565.1900024414062,540.9114379882812
2024-12-11,531.7907374760821,534.1259258295203,509.7883179170145,510.6114196777344,10363000.0,0.0,0.0,533.530029296875,510.6114196777344
2024-12-12,508.697330141572,511.0611994113284,492.10217111052236,493.604736328125,9403800.0,0.0,0.0,515.760009765625,493.604736328125
2024-12-13,493.4899209630903,504.86918211897233,488.7812541245685,498.1219787597656,8202900.0,0.0,0.0,520.47998046875,498.1219787597656
2024-12-16,495.74846634630455,499.28953850286507,474.7700627959383,477.08612060546875,8880000.0,0.0,0.0,498.5,477.08612060546875
2024-12-17,466.08016163153644,474.3107411690288,455.3804228361206,464.6637268066406,14132700.0,0.0,0.0,485.5199890136719,464.6637268066406
2024-12-18,467.4486951133283,484.780766061991,465.12308668947605,478.25372314453125,10147600.0,0.0,0.0,499.7200012207031,478.25372314453125
2024-12-19,478.6557067810012,482.0149093014024,465.35277996986997,468.2334899902344,7418100.0,0.0,0.0,489.25,468.2334899902344
2024-12-20,468.2718011156109,481.04833710413135,467.7358591163805,478.6461486816406,10956900.0,0.0,0.0,500.1300048828125,478.6461486816406
2024-12-23,479.2490962868715,486.92457438431745,477.61253092812854,484.5893859863281,4286000.0,0.0,0.0,506.3399963378906,484.5893859863281
2024-12-24,482.7326946808944,484.35968017578125,479.0863615911976,484.35968017578125,1824400.0,0.0,0.0,506.1000061035156,484.35968017578125
2024-12-26,483.9290100979631,490.21676330825005,483.04854648797027,489.1927490234375,3387000.0,0.0,0.0,511.1499938964844,489.1927490234375
2024-12-27,487.5370575125413,491.13552080526983,485.9866226842077,488.0825500488281,3471800.0,0.0,0.0,509.989990234375,488.0825500488281
2024-12-30,485.08704061737103,487.83377991796664,479.1533886098395,485.9866638183594,5408600.0,0.0,0.0,507.79998779296875,485.9866638183594
2024-12-31,487.47007578875963,489.049191603292,481.7182354415839,484.1299743652344,4214000.0,0.0,0.0,505.8599853515625,484.1299743652344
2025-01-02,486.1780543467057,490.1114887593359,481.6703880443052,482.8379821777344,4234900.0,0.0,0.0,504.510009765625,482.8379821777344
2025-01-03,484.5989542847071,494.11193925921845,483.67062097466163,490.9632873535156,3019500.0,0.0,0.0,513.0,490.9632873535156
2025-01-06,490.96331991004246,497.94972584013743,487.9199285623013,491.6045227050781,4444800.0,0.0,0.0,513.6699829101562,491.6045227050781
2025-01-07,496.5619835525128,497.18408517647435,489.25976637311146,492.15960693359375,3914500.0,0.0,0.0,514.25,492.15960693359375
2025-01-08,492.39887000252276,502.1319858293564,487.62323238788747,501.98846435546875,4141700.0,0.0,0.0,524.52001953125,501.98846435546875
2025-01-10,504.0173261349654,512.4488757499377,496.19823987265306,498.3229064941406,5467500.0,0.0,0.0,520.6900024414062,498.3229064941406
2025-01-13,512.056470531481,523.8855711376139,510.2381231520407,517.8944702148438,6472500.0,0.0,0.0,541.1400146484375,517.8944702148438
2025-01-14,516.4685373780145,521.1580153823141,513.5016675418591,520.3828125,3978300.0,0.0,0.0,543.739990234375,520.3828125
2025-01-15,514.0278957886543,522.8231254143775,511.37692576093144,520.076416015625,4103900.0,0.0,0.0,543.4199829101562,520.076416015625
2025-01-16,507.5679892499358,516.6503809959391,488.09217768224795,488.6568298339844,9059900.0,0.0,0.0,510.5899963378906,488.6568298339844
2025-01-17,483.90031381463984,499.40442968522865,481.20144422418235,487.86248779296875,7495700.0,0.0,0.0,509.760009765625,487.86248779296875
2025-01-21,491.9682046041321,502.4478427206806,490.79105977915685,502.4382629394531,5682100.0,0.0,0.0,524.989990234375,502.4382629394531
2025-01-22,499.25122827755627,501.91183693561766,493.8343884012058,497.3945617675781,3756100.0,0.0,0.0,519.719970703125,497.3945617675781
2025-01-23,505.194533488856,508.6494464076692,497.0118234762414,507.012939453125,4580800.0,0.0,0.0,529.77001953125,507.012939453125
2025-01-24,505.42417852436773,511.6641202163453,501.97884563216917,509.63519287109375,3671200.0,0.0,0.0,532.510009765625,509.63519287109375
2025-01-27,516.7842702311325,528.201790846368,516.7842702311325,520.1722412109375,4263000.0,0.0,0.0,543.52001953125,520.1722412109375
2025-01-28,519.6841409182525,523.0242130055923,514.7362429441686,519.1768798828125,3162700.0,0.0,0.0,542.47998046875,519.1768798828125
2025-01-29,518.4591801580455,520.1340063592676,511.0708320401824,514.985107421875,2737600.0,0.0,0.0,538.0999755859375,514.985107421875
2025-01-30,516.2962160559227,523.6080422331222,512.0182597557855,522.1342163085938,2924700.0,0.0,0.0,545.5700073242188,522.1342163085938
2025-01-31,519.9043060686779,525.5699872817185,518.1529000928797,519.1865234375,4120500.0,0.0,0.0,542.489990234375,519.1865234375
2025-02-03,518.717558469015,530.115920444961,517.8275150554074,524.632080078125,4083600.0,0.0,0.0,548.1799926757812,524.632080078125
2025-02-04,521.7800262809642,525.2349386240272,518.2485341170891,522.019287109375,2869900.0,0.0,0.0,545.4500122070312,522.019287109375
2025-02-05,507.9316718371925,517.4734257901581,499.4905412610567,516.6216430664062,4621600.0,0.0,0.0,539.8099975585938,516.6216430664062
2025-02-06,514.7840966090739,515.9420817569304,502.7062133825961,507.2712707519531,3926800.0,0.0,0.0,530.0399780273438,507.2712707519531
2025-02-07,506.46739287934315,509.52036374576426,502.82105976168117,504.390625,3349100.0,0.0,0.0,527.030029296875,504.390625
2025-02-10,505.00309269416937,511.2142952375446,500.8973973892168,510.458251953125,3143100.0,0.0,0.0,533.3699951171875,510.458251953125
2025-02-11,512.0182424156168,524.0195461716747,505.5773587313162,510.984619140625,2631900.0,0.0,0.0,533.9199829101562,510.984619140625
2025-02-12,516.6598642456339,519.0524727832415,502.93589438536253,504.7447204589844,3859200.0,0.0,0.0,527.4000244140625,504.7447204589844
2025-02-13,508.0944239141976,511.3770761509429,504.45761183775636,508.36236572265625,2835100.0,0.0,0.0,531.1799926757812,508.36236572265625
2025-02-14,506.276010039654,510.2956044107195,500.4475894396142,501.0218505859375,3705300.0,0.0,0.0,523.510009765625,501.0218505859375
2025-02-18,488.99177267842947,493.8344100998536,475.6505849217582,479.2203674316406,8759300.0,0.0,0.0,500.7300109863281,479.2203674316406
2025-02-19,479.7945510108868,489.872216763541,476.75116003296756,489.08746337890625,4380300.0,0.0,0.0,511.0400085449219,489.08746337890625
2025-02-20,483.48879900298374,486.5896105385031,478.7514220844743,480.8377990722656,4144300.0,0.0,0.0,502.4200134277344,480.8377990722656
2025-02-21,420.6684631765212,449.52334837099454,419.66357917358886,446.3842468261719,19864900.0,0.0,0.0,466.4200134277344,446.3842468261719
2025-02-24,446.6330192158042,447.89632354822794,437.3688458579918,441.6946716308594,6919300.0,0.0,0.0,461.5199890136719,441.6946716308594
2025-02-25,440.9769000392206,450.53778396734697,430.73655264595436,450.1741027832031,9101000.0,0.0,0.0,470.3800048828125,450.1741027832031
2025-02-26,444.69021441002207,452.729373208984,438.5173019423581,443.6757507324219,5108400.0,0.0,0.0,463.5899963378906,443.6757507324219
2025-02-27,446.14496281111104,454.9784552588532,445.0443394662692,448.4322814941406,4216800.0,0.0,0.0,468.55999755859375,448.4322814941406
2025-02-28,446.9392549446978,455.8971668918512,444.5275161604594,454.55731201171875,6146300.0,0.0,0.0,474.9599914550781,454.55731201171875
2025-03-03,453.9926864879923,456.7681065892119,445.22616517845296,446.98712158203125,5700200.0,0.0,0.0,467.04998779296875,446.98712158203125
2025-03-04,449.57116440500977,458.6247873400197,446.42248325026156,454.2223815917969,5864100.0,0.0,0.0,474.6099853515625,454.2223815917969
2025-03-05,450.8344521084428,458.5003500631979,450.77703183961677,455.5335388183594,3637100.0,0.0,0.0,475.9800109863281,455.5335388183594
2025-03-06,455.5527056130581,467.15206815014176,451.7245316163097,466.7692565917969,4964000.0,0.0,0.0,487.7200012207031,466.7692565917969
2025-03-07,463.0463069109257,478.44516130253874,462.6060751138155,472.28179931640625,5434100.0,0.0,0.0,493.4800109863281,472.28179931640625
2025-03-10,473.14684122717347,478.5003623484894,459.1431178193461,461.5555725097656,5108900.0,2.1,0.0,480.2200012207031,461.5555725097656
2025-03-11,463.7469017946689,467.8509311745396,458.595240446582,467.1493225097656,4101000.0,0.0,0.0,486.0400085449219,467.1493225097656
2025-03-12,464.3620789782625,468.64872641277975,460.20997498883145,462.41094970703125,3680800.0,0.0,0.0,481.1099853515625,462.41094970703125
2025-03-13,460.8154382349534,465.24624930169637,456.53838270648566,462.8049621582031,2876600.0,0.0,0.0,481.5199890136719,462.8049621582031
2025-03-14,462.3052322424259,470.42682237927187,459.6524942888113,469.65789794921875,3915900.0,0.0,0.0,488.6499938964844,469.65789794921875
2025-03-17,468.5621905251634,481.15301560242483,467.0628246483068,479.62481689453125,5152300.0,0.0,0.0,499.0199890136719,479.62481689453125
2025-03-18,482.71971965562824,486.3047584670388,478.471525659213,484.2190856933594,3617600.0,0.0,0.0,503.79998779296875,484.2190856933594
2025-03-19,485.4108771620127,486.66995971634174,480.62442171244413,483.64239501953125,3317600.0,0.0,0.0,503.20001220703125,483.64239501953125
2025-03-20,485.6126751179609,494.3974489211179,483.9403123027329,491.4275207519531,4965400.0,0.0,0.0,511.29998779296875,491.4275207519531
2025-03-21,491.79276669047175,498.8282707275684,485.458900645518,496.7618103027344,10244900.0,0.0,0.0,516.8499755859375,496.7618103027344
2025-03-24,495.0606828657162,498.10745977824564,491.25457290823266,496.42547607421875,3840900.0,0.0,0.0,516.5,496.42547607421875
2025-03-25,498.1363254046434,498.828313403757,491.6486445982708,493.47479248046875,3015100.0,0.0,0.0,513.4299926757812,493.47479248046875
2025-03-26,495.1759867314941,502.62477129329835,492.917287827897,498.05938720703125,3253800.0,0.0,0.0,518.2000122070312,498.05938720703125
2025-03-27,496.22360387832566,500.8274709829972,493.0134507730525,495.6757507324219,2822200.0,0.0,0.0,515.719970703125,495.6757507324219
2025-03-28,496.78109467668395,500.73133949906224,495.03182457126803,495.98333740234375,2379100.0,0.0,0.0,516.0399780273438,495.98333740234375
2025-03-31,499.0012593184529,507.5937947387414,498.4342234321632,503.3936462402344,5238700.0,0.0,0.0,523.75,503.3936462402344
2025-04-01,505.30634269573164,507.6418901803905,500.70253411440046,502.7881774902344,2962500.0,0.0,0.0,523.1199951171875,502.7881774902344
2025-04-02,502.624706892201,504.5950185654429,496.71371320954995,502.864990234375,2378900.0,0.0,0.0,523.2000122070312,502.864990234375
2025-04-03,509.3911406258622,527.1817313185994,508.7183354348925,519.4349975585938,6457900.0,0.0,0.0,540.4400024414062,519.4349975585938
2025-04-04,519.6272557933248,530.2958147175922,504.44135745805795,504.6431579589844,9919000.0,0.0,0.0,525.0499877929688,504.6431579589844
2025-04-07,493.44590608155124,508.63180191682494,484.01716053706724,504.30670166015625,7356700.0,0.0,0.0,524.7000122070312,504.30670166015625
2025-04-08,559.5430812993766,562.2727262902404,526.1821745798918,531.583740234375,11762300.0,0.0,0.0,553.0800170898438,531.583740234375
2025-04-09,538.3692313435785,566.4920016414869,532.9100011316166,556.015625,12691900.0,0.0,0.0,578.5,556.015625
2025-04-10,557.6881665479655,578.487112322943,557.4575038634719,571.2978515625,8646000.0,0.0,0.0,594.4000244140625,571.2978515625
2025-04-11,566.0307678609522,582.7929397346684,563.7337032033856,576.1707153320312,6121500.0,0.0,0.0,599.469970703125,576.1707153320312
2025-04-14,571.8745063493468,572.4800252255754,556.775075995817,564.2431030273438,4839300.0,0.0,0.0,587.0599975585938,564.2431030273438
2025-04-15,569.2217290641943,569.8176271771824,559.3893515369517,560.907958984375,3871300.0,0.0,0.0,583.5900268554688,560.907958984375
2025-04-16,562.5707202706009,571.6918686590175,560.3024590759666,562.3015747070312,4192100.0,0.0,0.0,585.0399780273438,562.3015747070312
2025-04-17,463.2183100625372,470.75359331297966,429.72280114240255,436.4603271484375,29120200.0,0.0,0.0,454.1099853515625,436.4603271484375
2025-04-21,432.2794345824846,435.87406467132274,408.2991407913538,408.7989196777344,13029900.0,0.0,0.0,425.3299865722656,408.7989196777344
2025-04-22,408.13573791180534,414.7290995521164,400.90799531896727,410.5769958496094,10156900.0,0.0,0.0,427.17999267578125,410.5769958496094
2025-04-23,410.4713275523558,421.79348002051603,407.28035700775126,411.32672119140625,8345700.0,0.0,0.0,427.9599914550781,411.32672119140625
2025-04-24,410.9518650928551,413.1912932826528,407.1842087986311,407.7608947753906,7629100.0,0.0,0.0,424.25,407.7608947753906
2025-04-25,407.09768721396955,407.09768721396955,396.00619883889647,402.3689270019531,9263800.0,0.0,0.0,418.6400146484375,402.3689270019531
2025-04-28,403.435803041004,407.6359519138755,399.39903044415905,403.67608642578125,6614300.0,0.0,0.0,420.0,403.67608642578125
2025-04-29,404.819825070438,405.35805748905136,393.1997244644461,393.3246765136719,9909100.0,0.0,0.0,409.2300109863281,393.3246765136719
2025-04-30,393.1324257819276,397.19803095783715,385.4145251180346,395.4487609863281,9192800.0,0.0,0.0,411.44000244140625,395.4487609863281
2025-05-01,395.33346996825,395.9774130392777,384.3188580561398,385.10699462890625,9316800.0,0.0,0.0,400.67999267578125,385.10699462890625
2025-05-02,384.41498062124424,386.37570134836074,377.83120969466114,384.3765563964844,11392900.0,0.0,0.0,399.9200134277344,384.3765563964844
2025-05-05,383.607594617442,393.7764033879841,382.1370615480041,389.0764465332031,8157200.0,0.0,0.0,404.80999755859375,389.0764465332031
2025-05-06,387.14459512434087,388.9899845077576,378.12918676297863,379.17681884765625,7858600.0,0.0,0.0,394.510009765625,379.17681884765625
2025-05-07,379.98414135713045,380.14751762920315,370.7092087954826,375.8608703613281,8517200.0,0.0,0.0,391.05999755859375,375.8608703613281
2025-05-08,374.8420581710729,375.72631388080873,370.39200545410995,370.56500244140625,7218300.0,0.0,0.0,385.54998779296875,370.56500244140625
2025-05-09,370.6803867830438,371.5261596632456,363.82749992197813,365.84588623046875,8381100.0,0.0,0.0,380.6400146484375,365.84588623046875
2025-05-12,366.19190855120667,372.1605401076942,362.1935891795326,364.02935791015625,11004800.0,0.0,0.0,378.75,364.02935791015625
2025-05-13,322.6909374076155,328.70764223339506,297.08635737021825,299.2777404785156,59478300.0,0.0,0.0,311.3800048828125,299.2777404785156
2025-05-14,308.9563628732724,310.38844234456735,295.173683226282,296.0387268066406,40029600.0,0.0,0.0,308.010009765625,296.0387268066406
2025-05-15,264.2155928928031,265.89757651531465,239.20690981913114,263.6869812011719,121849200.0,0.0,0.0,274.3500061035156,263.6869812011719
2025-05-16,268.4349835596553,283.0441951679507,258.6794843961571,280.5644836425781,71094300.0,0.0,0.0,291.9100036621094,280.5644836425781
2025-05-19,292.9246287547773,303.9969047861546,285.6969158254343,303.6124572753906,62524700.0,0.0,0.0,315.8900146484375,303.6124572753906
2025-05-20,308.4469765281657,312.0223943307246,300.4310973056244,309.081298828125,41487000.0,0.0,0.0,321.5799865722656,309.081298828125
2025-05-21,289.30119915806216,297.9129475713515,288.4073519942358,291.2042541503906,45506900.0,0.0,0.0,302.9800109863281,291.2042541503906
2025-05-22,282.46754582259956,293.7896975770974,281.1315561433609,285.1394958496094,27159600.0,0.0,0.0,296.6700134277344,285.1394958496094
2025-05-23,284.5916138990537,288.0517001061704,280.3049670229542,284.08221435546875,16873600.0,0.0,0.0,295.57000732421875,284.08221435546875
2025-05-27,287.85949422545355,288.2920160495313,277.89254414347016,283.5343933105469,20144600.0,0.0,0.0,295.0,283.5343933105469
2025-05-28,282.5732538613015,291.9731384797555,281.8812365561376,286.52349853515625,16114200.0,0.0,0.0,298.1099853515625,286.52349853515625
2025-05-29,285.2644296561532,291.5887049238845,283.53440097600566,286.5812072753906,16221100.0,0.0,0.0,298.1700134277344,286.5812072753906
2025-05-30,286.3889736382989,293.760881093284,284.3417544224913,290.17584228515625,16309300.0,0.0,0.0,301.9100036621094,290.17584228515625
2025-06-02,291.338828237947,301.3634452003408,289.2723967500528,292.87664794921875,19074400.0,0.0,0.0,304.7200012207031,292.87664794921875
2025-06-03,291.3195699518394,293.8377350308408,288.3496709542141,289.51263427734375,12805700.0,0.0,0.0,301.2200012207031,289.51263427734375
2025-06-04,291.74250803298577,295.6831617521583,288.5323252531003,288.705322265625,11255600.0,0.0,0.0,300.3800048828125,288.705322265625
2025-06-05,288.70525922917665,290.66597960409365,282.6789339587987,284.3417053222656,13529000.0,0.0,0.0,295.8399963378906,284.3417053222656
2025-06-06,285.677695714179,292.5594144905194,285.6007886153014,291.43487548828125,12589000.0,0.0,0.0,303.2200012207031,291.43487548828125
2025-06-09,293.18423113536943,295.45249258110266,289.4358155834959,291.4061279296875,12170300.0,0.0,0.0,303.19000244140625,291.4061279296875
2025-06-10,291.9923489580734,293.2610522323578,288.9071186000579,291.9827575683594,11384100.0,0.0,0.0,303.7900085449219,291.9827575683594
2025-06-11,290.9158871826849,299.46996965581894,290.48339469698755,298.4896240234375,14711400.0,0.0,0.0,310.55999755859375,298.4896240234375
2025-06-12,299.2969488722581,306.40933049814646,296.51928846888956,306.1210021972656,15957200.0,0.0,0.0,318.5,306.1210021972656
2025-06-13,303.6220896370915,305.0830314391941,299.78717606951005,301.3442077636719,13762400.0,0.0,0.0,313.5299987792969,301.3442077636719
2025-06-16,302.97036702133624,303.2317046269717,295.0234528859143,297.8014831542969,14240100.0,2.21,0.0,307.6600036621094,297.8014831542969
2025-06-17,297.5982052299578,300.0180962155984,295.7300269388827,298.9726867675781,11593900.0,0.0,0.0,308.8699951171875,298.9726867675781
2025-06-18,297.69496226107424,301.79911725323296,296.41728233509457,297.356201171875,12205600.0,0.0,0.0,307.20001220703125,297.356201171875
2025-06-20,299.5825034578706,299.6696159884273,291.925964848967,292.33251953125,16177900.0,0.0,0.0,302.010009765625,292.33251953125
2025-06-23,292.2260741786822,292.77781649725495,286.0505067131711,291.045166015625,12274700.0,0.0,0.0,300.67999267578125,291.045166015625
2025-06-24,291.79048143829215,296.02044636611373,289.73838896663904,295.82684326171875,8781400.0,0.0,0.0,305.6199951171875,295.82684326171875
2025-06-25,294.6265861643419,294.6265861643419,290.19332912344487,292.3421936035156,8722100.0,0.0,0.0,302.0199890136719,292.3421936035156
2025-06-26,292.8745876266067,296.88191193422347,291.635604562937,292.9229736328125,6532700.0,0.0,0.0,302.6199951171875,292.9229736328125
2025-06-27,293.2424011840946,300.50207413428984,292.5164338890751,299.2049865722656,15304400.0,0.0,0.0,309.1099853515625,299.2049865722656
2025-06-30,299.0985567025638,302.37025437925263,296.52378888327434,301.973388671875,10074100.0,0.0,0.0,311.9700012207031,301.973388671875
2025-07-01,301.97337514887994,316.086167204606,301.11187972858636,315.6893310546875,17865500.0,0.0,0.0,326.1400146484375,315.6893310546875
2025-07-02,310.4623402321525,312.0885295073767,296.61088588899133,297.7046813964844,18177200.0,0.0,0.0,307.55999755859375,297.7046813964844
2025-07-03,299.9116360132998,302.24441470437955,298.353240239831,298.6629638671875,6161100.0,0.0,0.0,308.54998779296875,298.6629638671875
2025-07-07,298.13056853372433,298.72100775339504,291.5484768884641,293.97802734375,9031200.0,0.0,0.0,303.7099914550781,293.97802734375
2025-07-08,294.4813999149907,298.42096019622454,294.06515619345305,297.8402099609375,9613800.0,0.0,0.0,307.70001220703125,297.8402099609375
2025-07-09,293.47473147043183,293.8715971773171,289.17700227841607,293.2037048339844,12816700.0,0.0,0.0,302.9100036621094,293.2037048339844
2025-07-10,293.3488924259214,295.15896634160794,287.0959017518167,289.91265869140625,11355600.0,0.0,0.0,299.510009765625,289.91265869140625
2025-07-11,290.4062814720168,294.37490879731246,288.4510200909225,294.3555603027344,9808200.0,0.0,0.0,304.1000061035156,294.3555603027344
2025-07-14,291.97436411795286,294.29745342236663,289.4189452053195,290.94830322265625,10681400.0,0.0,0.0,300.5799865722656,290.94830322265625
2025-07-15,290.10619990897203,291.0451187841121,281.70434557577727,282.362548828125,16019000.0,0.0,0.0,291.7099914550781,282.362548828125
2025-07-16,283.17562873088633,286.50540105981344,281.4333190530525,283.1175537109375,9714000.0,0.0,0.0,292.489990234375,283.1175537109375
2025-07-17,282.96270796231926,283.6112518086275,274.7350777903966,278.8392333984375,14792700.0,0.0,0.0,288.07000732421875,278.8392333984375
2025-07-18,278.6650075934505,278.8392326718181,271.8118591141176,273.5928955078125,14979700.0,0.0,0.0,282.6499938964844,273.5928955078125
2025-07-21,275.51910346724213,277.3194880588381,272.18933133470483,273.0992126464844,10319200.0,0.0,0.0,282.1400146484375,273.0992126464844
2025-07-22,273.57351724569526,277.90994293601125,272.9636999980735,275.993408203125,14600300.0,0.0,0.0,285.1300048828125,275.993408203125
2025-07-23,278.2874614187549,283.2627714297771,275.81918444639285,283.1369323730469,13111100.0,0.0,0.0,292.510009765625,283.1369323730469
2025-07-24,274.02850278513876,279.9427030741899,269.30487013663816,269.6533203125,22585200.0,0.0,0.0,278.5799865722656,269.6533203125
2025-07-25,271.9957579849408,276.97106823531607,270.969726527959,272.0538330078125,16486600.0,0.0,0.0,281.05999755859375,272.0538330078125
2025-07-28,274.41564910755665,275.86758375891935,270.7277374562702,273.0798645019531,15779400.0,0.0,0.0,282.1199951171875,273.0798645019531
2025-07-29,257.18604999212863,264.1650079808986,252.20105046046243,252.70440673828125,41706000.0,0.0,0.0,261.07000732421875,252.70440673828125
2025-07-30,256.3148506594471,258.0862274672673,249.84890880133145,257.51513671875,22371800.0,0.0,0.0,266.0400085449219,257.51513671875
2025-07-31,253.02381835943152,253.02381835943152,239.81121829472332,241.56321716308594,29606900.0,0.0,0.0,249.55999755859375,241.56321716308594
2025-08-01,242.57957388569935,243.4313803138949,227.08259596813002,230.15101623535156,39989200.0,0.0,0.0,237.77000427246094,230.15101623535156
2025-08-04,230.60594180808408,234.48744171814297,229.35726976064024,233.2581329345703,17427900.0,0.0,0.0,240.97999572753906,233.2581329345703
2025-08-05,233.43237412591424,243.9927822279844,232.35794190738343,242.95706176757812,23795900.0,0.0,0.0,251.0,242.95706176757812
2025-08-06,242.60859617797857,245.04785048851582,237.4493866942283,237.90432739257812,12946400.0,0.0,0.0,245.77999877929688,237.90432739257812
2025-08-07,238.5238341189576,240.77917449058737,231.82557704721881,236.8299102783203,11369900.0,0.0,0.0,244.6699981689453,236.8299102783203
2025-08-08,236.94604585991644,243.034500020713,236.5395059353711,242.8505859375,10185700.0,0.0,0.0,250.88999938964844,242.8505859375
2025-08-11,245.73510733025205,250.11994901161177,244.06054675214415,244.28317260742188,11779500.0,0.0,0.0,252.3699951171875,244.28317260742188
2025-08-12,245.88031059004078,254.4564056426357,245.54151991216753,253.18838500976562,12171800.0,0.0,0.0,261.57000732421875,253.18838500976562
2025-08-13,255.91802965621497,263.4680784353771,254.4660949264001,263.1002502441406,19480300.0,0.0,0.0,271.80999755859375,263.1002502441406
2025-08-14,263.38096564303294,265.07488949285437,258.4443816584729,262.7904968261719,25011100.0,0.0,0.0,271.489990234375,262.7904968261719
2025-08-15,292.042115188504,300.3568570632443,285.2664204345439,294.2684326171875,68198500.0,0.0,0.0,304.010009765625,294.2684326171875
2025-08-18,303.144607228976,306.26142831638623,297.56919791921246,298.6048889160156,39600500.0,0.0,0.0,308.489990234375,298.6048889160156
2025-08-19,299.0017389123798,300.5504751269292,289.62223862978476,294.4910583496094,22348600.0,0.0,0.0,304.239990234375,294.4910583496094
2025-08-20,296.5818475525214,297.3562304289715,286.2247313597963,290.2320556640625,16679000.0,0.0,0.0,299.8399963378906,290.2320556640625
2025-08-21,292.60354622362024,296.74639840283453,288.2574019333636,293.62957763671875,13359000.0,0.0,0.0,303.3500061035156,293.62957763671875
2025-08-22,296.29147375255474,300.72470127364335,294.82016105060586,297.5691833496094,14930000.0,0.0,0.0,307.4200134277344,297.5691833496094
2025-08-25,298.60487313179885,298.9727013058523,293.0294641167507,295.0911865234375,8917100.0,0.0,0.0,304.8599853515625,295.0911865234375
2025-08-26,294.558837534067,299.05982931112885,284.7728115850861,290.80316162109375,16303200.0,0.0,0.0,300.42999267578125,290.80316162109375
2025-08-27,290.9096678496837,296.1656647912743,290.87094131683125,294.14263916015625,9982800.0,0.0,0.0,303.8800048828125,294.14263916015625
2025-08-28,294.5007631161022,294.7137147262371,289.8061682151881,292.60357666015625,11235000.0,0.0,0.0,302.2900085449219,292.60357666015625
2025-08-29,292.6132360849149,300.0665128985938,291.267791919975,299.940673828125,12065400.0,0.0,0.0,309.8699951171875,299.940673828125
2025-09-02,298.430618070677,302.8638746686456,297.4529727104885,298.9049072265625,10957100.0,0.0,0.0,308.79998779296875,298.9049072265625
2025-09-03,298.23704589125555,299.6696320631885,293.9683839665728,298.0144348144531,9654600.0,0.0,0.0,307.8800048828125,298.0144348144531
2025-09-04,296.29147376822226,301.9152983513664,294.3555608779231,300.434326171875,7725700.0,0.0,0.0,310.3800048828125,300.434326171875
2025-09-05,300.49238696650144,307.75205996136344,298.3241740847352,305.2837829589844,14126700.0,0.0,0.0,315.3900146484375,305.2837829589844
2025-09-08,309.46533238224737,311.34317016147895,303.74470651331217,309.988037109375,18438600.0,0.0,0.0,320.25,309.988037109375
2025-09-09,321.8455217832889,340.4399570413705,316.6766378503889,336.77142333984375,46408900.0,0.0,0.0,347.9200134277344,336.77142333984375
2025-09-10,334.48703017591345,337.40058855772145,330.4603277789615,335.6679382324219,17804300.0,0.0,0.0,346.7799987792969,335.6679382324219
2025-09-11,337.8168179729651,349.41294745916144,334.7580718929745,342.2790832519531,18943500.0,0.0,0.0,353.6099853515625,342.2790832519531
2025-09-12,344.4956510229324,350.7002546264942,341.16587889341275,341.21429443359375,14016200.0,0.0,0.0,352.510009765625,341.21429443359375
2025-09-15,342.1494399462258,342.5877505388127,333.64585773745233,338.8668518066406,11035900.0,2.21,0.0,347.8900146484375,338.8668518066406
2025-09-16,338.48696271238384,339.9870283668348,329.54506965181656,330.9671936035156,12695800.0,0.0,0.0,339.7799987792969,330.9671936035156
2025-09-17,328.93138396387235,334.1036568566598,328.93138396387235,332.74969482421875,8467700.0,0.0,0.0,341.6099853515625,332.74969482421875
2025-09-18,334.6199155242764,335.98359800045245,325.45397763912206,326.1358337402344,11255600.0,0.0,0.0,334.82000732421875,326.1358337402344
2025-09-19,327.7722315420273,332.11654462342204,325.1812201416126,327.9573059082031,13656800.0,0.0,0.0,336.69000244140625,327.9573059082031
2025-09-22,325.78516527282153,333.5971710589619,323.9734220131043,332.44775390625,8903700.0,0.0,0.0,341.29998779296875,332.44775390625
2025-09-23,332.15554257109517,343.5520936054497,331.14250854611834,338.6720275878906,12504100.0,0.0,0.0,347.69000244140625,338.6720275878906
2025-09-24,341.1169227630601,345.3053823653661,338.8181183002055,342.6851501464844,9016300.0,0.0,0.0,351.80999755859375,342.6851501464844
2025-09-25,339.85059606074145,341.1071457328094,334.6880737275095,336.59722900390625,8104900.0,0.0,0.0,345.55999755859375,336.59722900390625
2025-09-26,338.9057887667535,340.8928859402125,332.44774524754814,335.1556396484375,6774700.0,0.0,0.0,344.0799865722656,335.1556396484375
2025-09-29,335.0582842806241,336.58754097692173,332.59390547037697,336.2271423339844,6878900.0,0.0,0.0,345.17999267578125,336.2271423339844
2025-09-30,334.8342081470359,340.25974703220817,333.4510253931927,336.343994140625,7429700.0,0.0,0.0,345.29998779296875,336.343994140625
2025-10-01,334.9803025145298,339.65582334697933,332.7691899236603,339.26617431640625,8825500.0,0.0,0.0,348.29998779296875,339.26617431640625
2025-10-02,338.28243472784965,345.87036604959235,335.71089347697284,344.545654296875,8564200.0,0.0,0.0,353.7200012207031,344.545654296875
2025-10-03,347.98404588176226,358.4552243092751,347.3606312231566,350.8575439453125,13494800.0,0.0,0.0,360.20001220703125,350.8575439453125
2025-10-06,351.66599167683506,353.117336149959,347.84765133361765,349.464599609375,7181700.0,0.0,0.0,358.7699890136719,349.464599609375
2025-10-07,350.0880452744822,355.2603182962649,348.77305405811995,354.2278137207031,7236200.0,0.0,0.0,363.6600036621094,354.2278137207031
2025-10-08,357.41297053467343,364.9132683871306,356.3122744619989,360.325439453125,9438300.0,0.0,0.0,369.9200134277344,360.325439453125
2025-10-09,362.85800183233414,366.4620474561767,356.58503263175186,358.1532897949219,8759800.0,0.0,0.0,367.69000244140625,358.1532897949219
2025-10-10,359.81892450880235,359.81892450880235,343.36701323281136,345.3053894042969,13141900.0,0.0,0.0,354.5,345.3053894042969
2025-10-13,345.53914239238424,349.8445144711653,344.15598940570504,349.35748291015625,5659400.0,0.0,0.0,358.6600036621094,349.35748291015625
2025-10-14,345.743758076041,352.9323197996358,344.2339422221326,350.5945739746094,5974800.0,0.0,0.0,359.92999267578125,350.5945739746094
2025-10-15,350.0685670322262,354.77327893077995,346.6203751846734,351.78289794921875,6579600.0,0.0,0.0,361.1499938964844,351.78289794921875
2025-10-16,352.4550493853661,352.61090307539865,345.2080162921412,347.4191589355469,5872100.0,0.0,0.0,356.6700134277344,347.4191589355469
2025-10-17,341.89616210225205,349.0945029745603,341.7305582890092,347.3509216308594,8608400.0,0.0,0.0,356.6000061035156,347.3509216308594
2025-10-20,349.2406427804422,356.08830617619896,348.2373588311709,355.0265808105469,5996500.0,0.0,0.0,364.4800109863281,355.0265808105469
2025-10-21,355.6694171272672,361.4261039302107,352.12381314959583,355.8934326171875,6885300.0,0.0,0.0,365.3699951171875,355.8934326171875
2025-10-22,354.52001185010187,354.55898269896664,348.71460386326936,352.11407470703125,7833000.0,0.0,0.0,361.489990234375,352.11407470703125
2025-10-23,346.3573918148306,352.8836273758504,344.4677364880268,351.1011047363281,5756700.0,0.0,0.0,360.45001220703125,351.1011047363281
2025-10-24,351.9972042484119,355.9421779366814,350.6919631630593,353.097900390625,5462100.0,0.0,0.0,362.5,353.097900390625
2025-10-27,354.071983391527,356.7214365608302,352.0264446674387,356.4876708984375,7766400.0,0.0,0.0,365.9800109863281,356.4876708984375
2025-10-28,370.8063760208146,371.1180833825795,349.32829410917196,358.2994079589844,18858700.0,0.0,0.0,367.8399963378906,358.2994079589844
2025-10-29,354.8317237421505,356.6532170798153,344.701472908826,346.0456848144531,11874900.0,0.0,0.0,355.260009765625,346.0456848144531
2025-10-30,338.50643293984757,345.34437563613955,334.6881218381804,335.80828857421875,11441900.0,0.0,0.0,344.75,335.80828857421875
2025-10-31,335.4576347488759,337.29859871206804,328.37617636506985,332.7010192871094,8390800.0,0.0,0.0,341.55999755859375,332.7010192871094
2025-11-03,330.3340313465691,331.8633175824834,318.1290216159704,325.1325378417969,11181400.0,0.0,0.0,333.7900085449219,325.1325378417969
2025-11-04,319.13231385848337,327.7722492229931,318.7134738391959,322.2492980957031,9646600.0,0.0,0.0,330.8299865722656,322.2492980957031
2025-11-05,317.8367876317881,321.64537803964885,315.8107493995538,319.23944091796875,9697100.0,0.0,0.0,327.739990234375,319.23944091796875
2025-11-06,320.388908833974,323.7494093321413,313.11265490479394,313.21978759765625,7922100.0,0.0,0.0,321.55999755859375,313.21978759765625
2025-11-07,311.36904966993393,316.13220331531824,306.0117020081513,315.801025390625,9402900.0,0.0,0.0,324.2099914550781,315.801025390625
2025-11-10,311.69047039126207,315.8399890894766,308.9436347895907,313.2392272949219,9283800.0,0.0,0.0,321.5799865722656,313.2392272949219
2025-11-11,314.9146147475993,319.35634047798845,311.583335312832,318.9570007324219,7157800.0,0.0,0.0,327.45001220703125,318.9570007324219
2025-11-12,319.9310727655453,334.2692843856479,318.59658119983766,330.265869140625,10403300.0,0.0,0.0,339.05999755859375,330.265869140625
2025-11-13,329.5742822700864,330.23663809697223,322.69739861047674,323.8954772949219,7788700.0,0.0,0.0,332.5199890136719,323.8954772949219
2025-11-14,318.46993966788244,319.6972389495053,312.17747069381096,313.5119323730469,8676500.0,0.0,0.0,321.8599853515625,313.5119323730469
2025-11-17,312.28466777678454,319.37584668173463,311.1450007536453,312.20672607421875,6485400.0,0.0,0.0,320.5199890136719,312.20672607421875
2025-11-18,308.7877755793916,309.2650570211989,300.761474830703,305.44671630859375,9182100.0,0.0,0.0,313.5799865722656,305.44671630859375
2025-11-19,305.7876743157023,306.82992914578324,296.6314855498956,301.0732116699219,8181100.0,0.0,0.0,309.0899963378906,301.0732116699219
2025-11-20,302.74854848270024,306.58635945893553,301.95955975304213,303.4596252441406,7337600.0,0.0,0.0,311.5400085449219,303.4596252441406
2025-11-21,303.82004331141417,315.4406096571707,303.36223243791255,311.6709899902344,8406300.0,0.0,0.0,319.9700012207031,311.6709899902344
2025-11-24,316.1127492028895,317.39851984288055,309.3819684958741,310.7748718261719,10773800.0,0.0,0.0,319.04998779296875,310.7748718261719
2025-11-25,312.79118241672165,319.4927422543219,312.576887315192,317.8173522949219,6149100.0,0.0,0.0,326.2799987792969,317.8173522949219
2025-11-26,318.1192531852973,326.4962014988301,317.4374268746658,321.1583251953125,5504200.0,0.0,0.0,329.7099914550781,321.1583251953125
2025-11-28,323.06757134923424,323.4474405593548,320.3596767020838,321.2168273925781,2464500.0,0.0,0.0,329.7699890136719,321.2168273925781
2025-12-01,318.6745269453515,321.49930434100474,314.6516410865056,314.82696533203125,6154600.0,0.0,0.0,323.2099914550781,314.82696533203125
2025-12-02,314.98276965401567,320.17454245487124,314.42754657080894,316.1224365234375,7978100.0,0.0,0.0,324.5400085449219,316.1224365234375
2025-12-03,317.5446185401456,332.5549367443995,316.5803054378969,330.8990173339844,9770000.0,0.0,0.0,339.7099914550781,330.8990173339844
2025-12-04,330.59701814015074,332.4087910072381,320.19403111638314,324.8403015136719,8061600.0,0.0,0.0,333.489990234375,324.8403015136719
2025-12-05,326.31115469989237,327.00273121193294,319.9894943793851,322.3272399902344,5906000.0,0.0,0.0,330.9100036621094,322.3272399902344
2025-12-08,322.3272916604559,322.7195306155714,316.57107202381127,317.34576416015625,4782800.0,2.21,0.0,323.6199951171875,317.34576416015625
2025-12-09,316.894669558022,320.0326109139432,316.22786038655386,317.3261413574219,4628400.0,0.0,0.0,323.6000061035156,317.3261413574219
2025-12-10,316.4926256697473,322.3566981053691,313.4037028528859,322.003662109375,5910500.0,0.0,0.0,328.3699951171875,322.003662109375
2025-12-11,323.964889169776,332.6727314078914,322.3861176902447,330.20159912109375,7513200.0,0.0,0.0,336.7300109863281,330.20159912109375
2025-12-12,330.9566402470831,338.291630780554,330.8291558641754,335.2124938964844,7979000.0,0.0,0.0,341.8399963378906,335.2124938964844
2025-12-15,334.3789640140598,338.27199587227017,330.46633068403304,334.4868469238281,6447200.0,0.0,0.0,341.1000061035156,334.4868469238281
2025-12-16,333.8200517828203,334.37897804920493,324.6120879365693,327.72064208984375,6334000.0,0.0,0.0,334.20001220703125,327.72064208984375
2025-12-17,327.14206322068014,329.01503635163436,324.0727717826809,325.2004699707031,4685600.0,0.0,0.0,331.6300048828125,325.2004699707031
2025-12-18,322.5527687928765,323.77853406198807,318.2773138986521,321.7781066894531,6354900.0,0.0,0.0,328.1400146484375,321.7781066894531
2025-12-19,321.6996282334502,328.112840247113,319.7482195784761,321.0720520019531,10553000.0,0.0,0.0,327.4200134277344,321.0720520019531
2025-12-22,316.6397026430911,323.4059214629105,315.4139372798661,318.85589599609375,7872400.0,0.0,0.0,325.1600036621094,318.85589599609375
2025-12-23,317.7183603265456,321.4446748044559,317.48302296926164,318.5028381347656,4463300.0,0.0,0.0,324.79998779296875,318.5028381347656
2025-12-24,318.89511088885246,322.6116097139714,317.84584861486644,321.22894287109375,2842700.0,0.0,0.0,327.5799865722656,321.22894287109375
2025-12-26,320.8563659827469,325.455440199308,319.9345879995185,325.3965759277344,4359300.0,0.0,0.0,331.8299865722656,325.3965759277344
2025-12-29,324.47482808326515,327.7696711460541,321.9154143417118,322.5626220703125,4346800.0,0.0,0.0,328.94000244140625,322.5626220703125
2025-12-30,323.3372733311646,329.6327869327114,323.12153744889264,325.72015380859375,4432500.0,0.0,0.0,332.1600036621094,325.72015380859375
2025-12-31,325.87707455108585,326.8674725874873,323.48437823434796,323.70989990234375,4285200.0,0.0,0.0,330.1099853515625,323.70989990234375
2026-01-02,324.48456272495616,333.66310824450323,321.15048731511075,329.8779296875,6863600.0,0.0,0.0,336.3999938964844,329.8779296875
2026-01-05,328.94640751074036,340.21363324450624,327.37742184791705,335.3890075683594,7956600.0,0.0,0.0,342.0199890136719,335.3890075683594
2026-01-06,341.5962793505171,345.7736671379334,338.42889104605666,342.2042541503906,9441900.0,0.0,0.0,348.9700012207031,342.2042541503906
2026-01-07,342.2140819842231,343.3221487155281,331.48618131790766,335.0752258300781,7461400.0,0.0,0.0,341.70001220703125,335.0752258300781
2026-01-08,334.3986242436816,341.1550277170099,334.19267410525174,340.1253967285156,5059300.0,0.0,0.0,346.8500061035156,340.1253967285156
2026-01-09,340.51762665553065,342.2925325530242,335.84011668257597,337.31103515625,4129100.0,0.0,0.0,343.9800109863281,337.31103515625
2026-01-12,334.80065543733315,336.0067893806199,327.465664861477,333.9082946777344,7146400.0,0.0,0.0,340.510009765625,333.9082946777344
2026-01-13,334.87908297019857,335.2124875436862,326.3967930031341,327.4558410644531,5605900.0,0.0,0.0,333.92999267578125,327.4558410644531
2026-01-14,328.86793597407745,333.5160286109023,327.62256915022044,328.46588134765625,5740900.0,0.0,0.0,334.9599914550781,328.46588134765625
2026-01-15,328.70125429043924,332.8688565573256,321.69966811763214,332.3883361816406,6943500.0,0.0,0.0,338.9599914550781,332.3883361816406
2026-01-16,328.3678119481101,329.6818587310364,324.02370675332185,324.6022644042969,8039100.0,0.0,0.0,331.0199890136719,324.6022644042969
2026-01-20,321.05246908306555,333.3003373667196,320.1699239761241,331.8686218261719,7596500.0,0.0,0.0,338.42999267578125,331.8686218261719
2026-01-21,332.84920309131024,341.33149292224937,332.1235596151242,341.0079040527344,8933300.0,0.0,0.0,347.75,341.0079040527344
2026-01-22,340.44895404495185,348.06833038612615,340.04689943102113,347.5976257324219,7491400.0,0.0,0.0,354.4700012207031,347.5976257324219
2026-01-23,347.4113127291759,350.9317071763275,346.14631452558734,349.3529357910156,9082200.0,0.0,0.0,356.260009765625,349.3529357910156
2026-01-26,347.0877216940886,347.91143240208345,340.53720904799604,344.822509765625,10399500.0,0.0,0.0,351.6400146484375,344.822509765625
2026-01-27,288.2705746047087,293.69335896723425,274.96365963889974,277.2190856933594,65836900.0,0.0,0.0,282.70001220703125,277.2190856933594
2026-01-28,278.21931612398555,289.2217870569602,278.21931612398555,288.3196105957031,23396900.0,0.0,0.0,294.0199890136719,288.3196105957031
2026-01-29,288.623596430627,289.86899316683935,283.6126820924317,286.6231689453125,13456400.0,0.0,0.0,292.2900085449219,286.6231689453125
2026-01-30,286.43684392453247,287.27037032138344,279.18031926695124,281.3670654296875,12022200.0,0.0,0.0,286.92999267578125,281.3670654296875
2026-02-02,280.4747261855329,284.76981295353994,276.8072456694325,280.0530700683594,8664200.0,0.0,0.0,285.5899963378906,280.0530700683594
2026-02-03,279.1803171568922,282.50457709447846,273.1985764978856,278.6703796386719,10809100.0,0.0,0.0,284.17999267578125,278.6703796386719
2026-02-04,276.54248190480666,278.98419693437273,268.7367865177365,270.570556640625,12944100.0,0.0,0.0,275.9200134277344,270.570556640625
2026-02-05,268.9721802809009,271.52177847485666,261.12728117698475,263.34344482421875,13035300.0,0.0,0.0,268.54998779296875,263.34344482421875
2026-02-06,261.88227946921944,272.4238601253656,261.24488755426194,271.2863464355469,9572800.0,0.0,0.0,276.6499938964844,271.2863464355469
2026-02-09,268.8348608333229,274.7479519102809,268.0209657772727,270.3548278808594,10371600.0,0.0,0.0,275.70001220703125,270.3548278808594
2026-02-10,272.139502815215,274.07131015872534,267.36392591131624,267.9228820800781,7284700.0,0.0,0.0,273.2200012207031,267.9228820800781
2026-02-11,267.1580308957466,274.2674704297252,264.56919992859014,273.5025939941406,6333100.0,0.0,0.0,278.9100036621094,273.5025939941406
2026-02-12,272.7671258575986,280.7591102609402,270.46268092603174,278.8567199707031,12336900.0,0.0,0.0,284.3699951171875,278.8567199707031
2026-02-13,280.09225087105136,287.7704307745099,278.99397006029994,287.50567626953125,10281900.0,0.0,0.0,293.19000244140625,287.50567626953125
2026-02-17,288.30000883573047,288.52556043229754,282.7497397683958,283.4851989746094,6091700.0,0.0,0.0,289.0899963378906,283.4851989746094
2026-02-18,284.37754732289267,284.5050317012176,280.7394843208789,282.6124572753906,6632000.0,0.0,0.0,288.20001220703125,282.6124572753906
2026-02-19,285.25030822073364,285.25030822073364,281.32785926949714,284.30889892578125,4931800.0,0.0,0.0,289.92999267578125,284.30889892578125
2026-02-20,283.29888397474485,285.16204133647784,280.0138268252642,284.3775634765625,6974100.0,0.0,0.0,290.0,284.3775634765625
2026-02-23,282.95565202692393,286.11322466070015,276.2090649023382,276.8660583496094,7247500.0,0.0,0.0,282.3399963378906,276.8660583496094
2026-02-24,276.7288152602706,276.92491977338983,266.53042294882727,268.6387634277344,9684500.0,0.0,0.0,273.95001220703125,268.6387634277344
2026-02-25,271.91396846973794,279.2195114888904,271.50209817356273,278.69000244140625,11380600.0,0.0,0.0,284.20001220703125,278.69000244140625
2026-02-26,281.4160980059485,289.53556576941844,279.70002666767726,281.102294921875,10210000.0,0.0,0.0,286.6600036621094,281.102294921875
2026-02-27,279.1802832976262,288.4274484322898,278.34675700816604,287.5841064453125,9723300.0,0.0,0.0,293.2699890136719,287.5841064453125
2026-03-02,282.573240677092,289.58461255547417,281.92603297549965,289.21197509765625,8141400.0,0.0,0.0,294.92999267578125,289.21197509765625
2026-03-03,283.3871388529354,288.0450472755065,278.8468991181569,283.6028747558594,7051100.0,0.0,0.0,289.2099914550781,283.6028747558594
2026-03-04,283.406772199052,288.6334226238421,282.1025410732585,286.299560546875,7796000.0,0.0,0.0,291.9599914550781,286.299560546875
2026-03-05,284.42659984596247,285.7406467283754,281.18077536497253,283.1714172363281,5397900.0,0.0,0.0,288.7699890136719,283.1714172363281
2026-03-06,281.7691239489905,285.68175730053696,277.56228896311245,280.9258117675781,6816900.0,0.0,0.0,286.4800109863281,280.9258117675781
2026-03-09,278.6825254902615,281.8448924528684,275.3818211832701,281.81524658203125,10348800.0,2.21,0.0,285.1700134277344,281.81524658203125
2026-03-10,283.99921055550647,284.19683962143057,275.6189600693905,279.01849365234375,6075600.0,0.0,0.0,282.3399963378906,279.01849365234375
2026-03-11,279.0580549356083,282.85287712727273,277.2989962609529,281.894287109375,6878800.0,0.0,0.0,285.25,281.894287109375
2026-03-12,281.42981524537,284.1771098102745,273.03970219902897,273.7907409667969,10512300.0,0.0,0.0,277.04998779296875,273.7907409667969
2026-03-13,274.7888644946905,279.5521686416635,274.54180552638564,278.7714538574219,4737600.0,0.0,0.0,282.0899963378906,278.7714538574219
2026-03-16,280.6392236042361,284.01897327504025,277.73380783329816,282.1314392089844,4854000.0,0.0,0.0,285.489990234375,282.1314392089844
2026-03-17,284.4142561376558,285.5902591728541,281.48908656302933,284.1869812011719,5752000.0,0.0,0.0,287.57000732421875,284.1869812011719
2026-03-18,281.84486739927934,285.0072039222152,279.73992028125355,280.9850769042969,4544100.0,0.0,0.0,284.3299865722656,280.9850769042969
2026-03-19,280.65898641682674,284.16721168361096,276.77522669495943,277.140869140625,5542100.0,0.0,0.0,280.44000244140625,277.140869140625
2026-03-20,275.70792697160425,279.76959224550603,271.76487534013773,272.3479309082031,38893000.0,0.0,0.0,275.5899963378906,272.3479309082031
2026-03-23,275.85614907409126,277.4471941978335,265.9243614270812,266.36907958984375,10424200.0,0.0,0.0,269.5400085449219,266.36907958984375
2026-03-24,265.70695555412027,270.1639086768414,264.4420149324948,269.07684326171875,5911700.0,0.0,0.0,272.2799987792969,269.07684326171875
2026-03-25,271.76484893713547,272.8321303468297,263.9676538860649,267.3671875,8121200.0,0.0,0.0,270.54998779296875,267.3671875
2026-03-26,266.81378639915397,271.4091072097051,264.03684608470036,264.8966064453125,6218800.0,0.0,0.0,268.04998779296875,264.8966064453125
2026-03-27,264.35309023186505,264.5211035963603,252.95873207232574,255.97283935546875,10735300.0,0.0,0.0,259.0199890136719,255.97283935546875
2026-03-30,257.119221076063,259.24392232728957,253.6505334149961,258.7102966308594,7774700.0,0.0,0.0,261.7900085449219,258.7102966308594
2026-03-31,259.9060317076502,268.6815709876363,259.5206052453565,267.40673828125,9170800.0,0.0,0.0,270.5899963378906,267.40673828125
2026-04-01,270.9841413969268,272.0613148441149,267.5747458421163,270.7568664550781,5473400.0,0.0,0.0,273.9800109863281,270.7568664550781
2026-04-02,269.08675746280807,275.7573496838748,268.3356885397691,273.998291015625,6407000.0,0.0,0.0,277.260009765625,273.998291015625
2026-04-06,274.61097692785967,279.96719823107287,273.9883835303555,278.0500183105469,7097000.0,0.0,0.0,281.3599853515625,278.0500183105469
2026-04-07,305.2166521040811,308.7545232213582,297.21193558771154,304.1098327636719,22099800.0,0.0,0.0,307.7300109863281,304.1098327636719
2026-04-08,308.3295702834321,309.2881602178994,301.2439063119584,302.3804016113281,9645000.0,0.0,0.0,305.9800109863281,302.3804016113281
2026-04-09,302.22229553435415,304.26795098630464,300.56206654084286,303.2994689941406,5742000.0,0.0,0.0,306.9100036621094,303.2994689941406
2026-04-10,304.3272252898824,306.71873902621456,300.6213410567302,300.7497863769531,5212900.0,0.0,0.0,304.3299865722656,300.7497863769531
2026-04-13,299.6825108634778,309.6340527574118,299.3564063143342,309.31781005859375,7972200.0,0.0,0.0,313.0,309.31781005859375
2026-04-14,308.83357604431984,315.85991802738965,308.83357604431984,310.4938049316406,5864500.0,0.0,0.0,314.19000244140625,310.4938049316406
2026-04-15,312.28251008911855,314.0218147327601,307.4895604690128,310.3554382324219,5041200.0,0.0,0.0,314.04998779296875,310.3554382324219
2026-04-16,311.2942713469933,314.8617880440979,309.4264912428012,312.67779541015625,5205600.0,0.0,0.0,316.3999938964844,312.67779541015625
2026-04-17,316.28486761573873,321.44345989199303,313.40912786917517,320.8110046386719,9414700.0,0.0,0.0,324.6300048828125,320.8110046386719
2026-04-20,320.3761995931397,321.57195659057567,316.3540722325493,319.674560546875,9050600.0,0.0,0.0,323.4800109863281,319.674560546875
2026-04-21,348.85713434036967,353.472178702815,341.16866091402386,341.9394836425781,26097300.0,0.0,0.0,346.010009765625,341.9394836425781
2026-04-22,346.7522179221875,354.34186240718094,344.99315922396926,349.36114501953125,11807300.0,0.0,0.0,353.5199890136719,349.36114501953125
2026-04-23,350.5074689695779,352.6519539416425,346.3766505322415,350.3888854980469,7255800.0,0.0,0.0,354.55999755859375,350.3888854980469
2026-04-24,352.2961973442777,354.0651480045056,347.256218509828,350.74468994140625,8554600.0,0.0,0.0,354.9200134277344,350.74468994140625
2026-04-27,349.7465417706892,352.2961769099271,344.84490056056404,350.5173645019531,7256100.0,0.0,0.0,354.69000244140625,350.5173645019531
2026-04-28,352.6420862239859,365.28163151709003,351.53526686870356,362.45526123046875,10604100.0,0.0,0.0,366.7699890136719,362.45526123046875
2026-04-29,361.6943118802069,366.47736965325623,360.7159680643861,366.3785400390625,9046600.0,0.0,0.0,370.739990234375,366.3785400390625
2026-04-30,364.1747868031508,367.613828109226,358.72959785711384,366.1216125488281,6879900.0,0.0,0.0,370.4800109863281,366.1216125488281
2026-05-01,367.5842026752116,368.513146797899,362.7023151057061,364.4416198730469,4945400.0,0.0,0.0,368.7799987792969,364.4416198730469
2026-05-04,364.21429688196605,366.46747332966095,360.360183242299,366.388427734375,4916900.0,0.0,0.0,370.75,366.388427734375
2026-05-05,366.12160978462725,367.4260581192055,357.55359213486105,359.58935546875,6489000.0,0.0,0.0,363.8699951171875,359.58935546875
2026-05-06,358.8284404495387,364.2143076961161,354.0354905816196,362.9592590332031,6695500.0,0.0,0.0,367.2799987792969,362.9592590332031
2026-05-07,362.3267825015715,365.45947304961004,360.42935652558276,365.3902893066406,5235400.0,0.0,0.0,369.739990234375,365.3902893066406
2026-05-08,367.6138623558188,375.5098876953125,367.6138623558188,375.5098876953125,6455100.0,0.0,0.0,379.9800109863281,375.5098876953125
2026-05-11,375.9743375633532,380.2830313516125,371.6458597568035,379.9173889160156,6949600.0,0.0,0.0,384.44000244140625,379.9173889160156
2026-05-12,378.3461148231528,392.7447189140002,377.51600029829973,391.7268371582031,9236300.0,0.0,0.0,396.3900146484375,391.7268371582031
2026-05-13,391.83549141965085,399.3954891946478,388.3766661486073,396.440673828125,8454100.0,0.0,0.0,401.1600036621094,396.440673828125
2026-05-14,396.28255351740535,397.1719597005697,391.34137454586664,394.39501953125,5342500.0,0.0,0.0,399.0899963378906,394.39501953125
2026-05-15,389.661393370787,392.9522357226725,385.6590501412673,389.2167053222656,9811200.0,0.0,0.0,393.8500061035156,389.2167053222656
2026-05-18,385.41197520580425,387.5268143663777,378.9884422857075,386.5286865234375,8400700.0,0.0,0.0,391.1300048828125,386.5286865234375
2026-05-19,385.41195752188855,390.34324445585156,382.9512600592197,384.660888671875,5016800.0,0.0,0.0,389.239990234375,384.660888671875
2026-05-20,384.9672762725209,388.75223659432163,376.22141283224954,378.7908020019531,7783900.0,0.0,0.0,383.29998779296875,378.7908020019531
2026-05-21,376.63642186697786,381.5677088398597,376.0632583748818,377.9804382324219,4732500.0,0.0,0.0,382.4800109863281,377.9804382324219
2026-05-22,377.4270609393932,385.94564940819987,376.5277626686598,383.8999938964844,5598600.0,0.0,0.0,388.4700012207031,383.8999938964844
2026-05-26,381.4590342432408,381.9729060229619,371.981856156588,372.4265441894531,6498100.0,0.0,0.0,376.8599853515625,372.4265441894531
2026-05-27,373.978089171931,380.0063339481963,372.65385673887687,379.4924621582031,4544000.0,0.0,0.0,384.010009765625,379.4924621582031
2026-05-28,380.4312519906984,384.6806841025421,376.47830871934457,378.02984619140625,4330800.0,0.0,0.0,382.5299987792969,378.02984619140625
2026-05-29,379.26514757156605,380.5893799715138,371.0331563353153,375.8359680175781,10257900.0,0.0,0.0,380.30999755859375,375.8359680175781
2026-06-01,371.6853813293241,378.84022958868775,371.49764425852044,375.3912658691406,6623700.0,0.0,0.0,379.8599853515625,375.3912658691406
2026-06-02,373.5333823120854,375.60865338618567,370.31172392082095,373.4740905761719,3874400.0,0.0,0.0,377.9200134277344,373.4740905761719
2026-06-03,375.52961840237487,382.90184930871817,372.37714366678557,372.5649108886719,6808400.0,0.0,0.0,377.0,372.5649108886719
2026-06-04,385.4119903823484,396.6581194399012,385.2341151633045,391.8058776855469,12666100.0,0.0,0.0,396.4700012207031,391.8058776855469
2026-06-05,394.83975259392224,399.2868138360328,392.52728436705246,394.77056884765625,10897300.0,0.0,0.0,399.4700012207031,394.77056884765625
2026-06-08,392.45809969895464,403.9018573320044,390.3432605482298,401.78704833984375,6963200.0,0.0,0.0,406.57000732421875,401.78704833984375
2026-06-09,405.1668188073661,408.14141845703125,402.6468293766872,408.14141845703125,8590400.0,0.0,0.0,413.0,408.14141845703125
2026-06-10,408.6355178300448,411.0863535582731,399.7907950421236,402.66656494140625,6512900.0,0.0,0.0,407.4599914550781,402.66656494140625
2026-06-11,403.9018510073829,405.1569297923697,398.3677244184781,400.7790222167969,4938100.0,0.0,0.0,405.54998779296875,400.7790222167969
2026-06-12,404.1983674177345,405.0680198185554,400.04776465329513,403.714111328125,7269600.0,0.0,0.0,408.5199890136719,403.714111328125
2026-06-15,404.2110392057612,411.6253760831061,397.2041664686265,408.52447509765625,6777900.0,2.32,0.0,411.0400085449219,408.52447509765625
2026-06-16,408.166667860176,409.2301268352938,404.0520200618331,405.15521240234375,4815100.0,0.0,0.0,407.6499938964844,405.15521240234375
2026-06-17,406.6162060558993,408.6437298747245,396.1506502177288,397.08489990234375,5838800.0,0.0,0.0,399.5299987792969,397.08489990234375
2026-06-18,400.30508514209487,403.7141170062105,396.70724395946763,398.50616455078125,11896900.0,0.0,0.0,400.9599914550781,398.50616455078125
2026-06-22,399.67896817834475,406.9541476446936,399.67896817834475,404.191162109375,5818600.0,0.0,0.0,406.67999267578125,404.191162109375
2026-06-23,407.01375906554006,407.39143834852035,400.3746474166842,406.74542236328125,6675900.0,0.0,0.0,409.25,406.74542236328125
2026-06-24,408.02754057105534,410.89983825863845,397.5520359316292,403.3165283203125,6858800.0,0.0,0.0,405.79998779296875,403.3165283203125
2026-06-25,404.16133931155116,415.02444159806856,404.16133931155116,412.98699951171875,6014400.0,0.0,0.0,415.5299987792969,412.98699951171875
2026-06-26,413.61313803856785,425.31109566973157,413.61313803856785,425.2713623046875,10588200.0,0.0,0.0,427.8900146484375,425.2713623046875
2026-06-29,423.91969011086917,424.08866307831835,413.26529391722636,417.2507629394531,5167400.0,0.0,0.0,419.82000732421875,417.2507629394531
2026-06-30,420.13300160884575,420.15286829196674,410.7209557472728,413.0863952636719,5779800.0,0.0,0.0,415.6300048828125,413.0863952636719
2026-07-01,414.5573140678119,425.4005496015332,411.19802480675855,423.92962646484375,4985900.0,0.0,0.0,426.5400085449219,423.92962646484375
2026-07-02,425.5099032988985,427.56724243960514,417.9663567804552,422.7568359375,3928800.0,0.0,0.0,425.3599853515625,422.7568359375
2026-07-06,420.8982555962246,421.8424537826169,412.50990548941394,415.4319152832031,6379000.0,0.0,0.0,417.989990234375,415.4319152832031
2026-07-07,421.35547715852107,425.97701352040843,419.546608111588,425.56951904296875,5800500.0,0.0,0.0,428.19000244140625,425.56951904296875
2026-07-08,424.5358632950858,428.13370427403623,421.236174203027,422.995361328125,3859200.0,0.0,0.0,425.6000061035156,422.995361328125
2026-07-09,424.49610771371175,431.6421079373234,420.92808185525126,429.03814697265625,5566000.0,0.0,0.0,431.67999267578125,429.03814697265625
2026-07-10,429.02823519316007,430.2109246052771,421.05729739652094,422.0213623046875,3798600.0,0.0,0.0,424.6199951171875,422.0213623046875
2026-07-13,423.8600586972866,428.90895639358115,422.9258089520534,426.4640197753906,3863800.0,0.0,0.0,429.0899963378906,426.4640197753906
2026-07-14,428.3623316954033,429.5052877671748,419.2087042833569,422.587890625,5135900.0,0.0,0.0,425.19000244140625,422.587890625
2026-07-15,416.9227440878186,421.5144651938549,411.8340829429332,415.95867919921875,6764800.0,0.0,0.0,418.5199890136719,415.95867919921875
2026-07-16,446.63980262892494,458.7949371104763,417.79738207388664,420.7889709472656,13281900.0,0.0,0.0,423.3800048828125,420.7889709472656
2026-07-17,424.10851014493676,434.7927210350189,422.49842926373356,423.48236083984375,10718100.0,0.0,0.0,426.0899963378906,423.48236083984375
2026-07-20,424.6352826432401,428.3821997886642,414.8256906800468,418.97015380859375,4818800.0,0.0,0.0,421.54998779296875,418.97015380859375
2026-07-21,419.8944835510819,434.32561195838645,417.92658999657095,433.6795959472656,6833600.0,0.0,0.0,436.3500061035156,433.6795959472656
2026-07-22,432.2881481663885,433.6497590080594,427.07027780386676,428.67041015625,4234100.0,0.0,0.0,431.30999755859375,428.67041015625
2026-07-23,425.6490319049457,427.8554470044401,417.82720014306483,420.9678649902344,4868700.0,0.0,0.0,423.55999755859375,420.9678649902344
2026-07-24,422.63756051053787,426.3745593613837,416.3562613820867,418.16510009765625,3752500.0,0.0,0.0,420.739990234375,418.16510009765625
2026-07-27,419.9242977601041,420.2920285503067,410.01531178461545,415.0841064453125,4615700.0,0.0,0.0,417.6400146484375,415.0841064453125
2026-07-28,417.36006944549115,427.82562584403445,412.5695600114177,426.1658630371094,5917300.0,0.0,0.0,428.7900085449219,426.1658630371094
2026-07-29,425.6390950681477,429.03814797487155,417.77749995314144,417.99615478515625,5257900.0,0.0,0.0,420.57000732421875,417.99615478515625
2026-07-30,412.6490895753043,424.7247269708298,408.7729631722832,418.8906555175781,3647500.0,0.0,0.0,421.4700012207031,418.8906555175781
2026-07-31,419.4173861384651,420.2224265621711,411.5259760202005,411.8638916015625,3920900.0,0.0,0.0,414.3999938964844,411.8638916015625
2026-08-03,414.8753627675596,416.7736773978178,410.79053011629577,412.8180236816406,3209600.0,0.0,0.0,415.3599853515625,412.8180236816406
2026-08-04,413.0168058398714,413.4541155038886,404.1812276531693,405.0558166503906,5266300.0,0.0,0.0,407.54998779296875,405.0558166503906
2026-08-05,400.7225079776698,413.81189151849264,395.3654798398698,410.2239990234375,5399000.0,0.0,0.0,412.75,410.2239990234375
2026-08-06,412.72857459868203,414.4181828862322,399.93734267646886,401.49774169921875,4712400.0,0.0,0.0,403.9700012207031,401.49774169921875
2026-08-07,399.1322922233893,408.12692502274075,398.2079910410381,404.58868408203125,4095900.0,0.0,0.0,407.0799865722656,404.58868408203125
2026-08-10,406.09939795446246,410.5420430290281,405.4931153467772,406.238525390625,3182200.0,0.0,0.0,408.739990234375,406.238525390625
2026-08-11,406.4969587134404,408.3853248271201,398.86396686589376,399.7286376953125,3398900.0,0.0,0.0,402.19000244140625,399.7286376953125
2026-08-12,398.5260459867315,404.7079813067043,398.0489726285335,403.1078186035156,3317200.0,0.0,0.0,405.5899963378906,403.1078186035156
2026-08-13,403.10783381523447,404.8272573401537,396.15067298241183,396.6177978515625,4170200.0,0.0,0.0,399.05999755859375,396.6177978515625
2026-08-14,395.5642702547857,400.7125617691589,394.1330805188561,399.2714538574219,3476400.0,0.0,0.0,401.7300109863281,399.2714538574219
2026-08-17,396.1308110575831,396.4587781552261,389.0344923640698,393.1988525390625,5295100.0,0.0,0.0,395.6199951171875,393.1988525390625
2026-08-18,394.99774525157386,396.34943790617217,391.1017523988161,391.5191650390625,3605100.0,0.0,0.0,393.92999267578125,391.5191650390625
2026-08-19,392.15526703416754,394.3716001815704,383.9656746212449,386.2317199707031,5268500.0,0.0,0.0,388.6099853515625,386.2317199707031
2026-08-20,385.8739371481429,390.3066337673781,381.4809738935195,382.4947509765625,4497200.0,0.0,0.0,384.8500061035156,382.4947509765625
2026-08-21,383.6377017073448,391.25082657781496,383.6377017073448,387.7225341796875,4879600.0,0.0,0.0,390.1099853515625,387.7225341796875
2026-08-24,388.64688547516835,397.1345997494796,388.4679640045169,396.31964111328125,4683900.0,0.0,0.0,398.760009765625,396.31964111328125
2026-08-25,395.3654892531199,396.58797268780876,393.1988379276376,394.16290283203125,2655000.0,0.0,0.0,396.5899963378906,394.16290283203125
2026-08-26,393.9044956601749,403.7637998223176,393.58647707234917,398.5558776855469,3557000.0,0.0,0.0,401.010009765625,398.5558776855469
2026-08-27,394.44119329325724,397.43278212180275,391.360158894761,392.63232421875,3668200.0,0.0,0.0,395.04998779296875,392.63232421875
2026-08-28,393.99396168554,394.3119802653936,390.2569628122352,390.5451965332031,2455500.0,0.0,0.0,392.95001220703125,390.5451965332031
2026-08-31,391.1116881429976,392.07575305843136,385.3372471573089,387.02685546875,5748000.0,0.0,0.0,389.4100036621094,387.02685546875
2026-09-01,389.6804891479818,397.15448677524853,389.38233725575066,393.8746643066406,3716200.0,0.0,0.0,396.29998779296875,393.8746643066406
2026-09-02,396.82648354309646,398.68506474678935,394.083395182361,397.214111328125,3265300.0,0.0,0.0,399.6600036621094,397.214111328125
2026-09-03,397.57191455176616,402.6804729256668,392.8807991736857,398.4862976074219,5488900.0,0.0,0.0,400.94000244140625,398.4862976074219
2026-09-04,394.6200883073414,399.76841036462207,392.78143435561344,394.7095642089844,5565400.0,0.0,0.0,397.1400146484375,394.7095642089844
2026-09-08,389.99855125422266,401.41825440621807,388.0505547204797,398.38690185546875,7049400.0,0.0,0.0,400.8399963378906,398.38690185546875
2026-09-09,402.69041430628795,404.0420766863295,375.7661756497595,390.6545104980469,7735200.0,0.0,0.0,393.05999755859375,390.6545104980469
2026-09-10,393.57650281663535,396.826479685953,385.2279163988086,385.90374755859375,4339900.0,0.0,0.0,388.2799987792969,385.90374755859375
2026-09-11,388.0306670998862,389.3326475544677,373.5995091898494,376.7699890136719,7478400.0,0.0,0.0,379.0899963378906,376.7699890136719
2026-09-14,381.44000244140625,386.4599914550781,379.2799987792969,383.54998779296875,4474000.0,2.32,0.0,383.54998779296875,383.54998779296875
2026-09-15,383.54998779296875,383.79998779296875,375.5,375.92999267578125,4391400.0,0.0,0.0,375.92999267578125,375.92999267578125
2026-09-16,375.8999938964844,380.2200012207031,373.6300048828125,375.260009765625,4414900.0,0.0,0.0,375.260009765625,375.260009765625
2026-09-17,376.45001220703125,380.5,374.20001220703125,375.2099914550781,4833700.0,0.0,0.0,375.2099914550781,375.2099914550781
2026-09-18,375.2900085449219,378.489990234375,372.4200134277344,376.8999938964844,8606300.0,0.0,0.0,376.8999938964844,376.8999938964844
2026-09-21,377.8699951171875,378.95001220703125,373.82000732421875,377.55999755859375,5712300.0,0.0,0.0,377.55999755859375,377.55999755859375
2026-09-22,381.3900146484375,381.3900146484375,372.4100036621094,372.95001220703125,4495000.0,0.0,0.0,372.95001220703125,372.95001220703125
2026-09-23,370.8900146484375,372.6099853515625,366.0,371.2900085449219,3859300.0,0.0,0.0,371.2900085449219,371.2900085449219
2026-09-24,371.9200134277344,375.2799987792969,368.5,375.010009765625,4651000.0,0.0,0.0,375.010009765625,375.010009765625
2026-09-25,375.95001220703125,379.1700134277344,371.1700134277344,376.5899963378906,4077400.0,0.0,0.0,376.5899963378906,376.5899963378906
2026-09-28,376.3599853515625,380.9800109863281,374.55999755859375,377.8299865722656,4677100.0,0.0,0.0,377.8299865722656,377.8299865722656
2026-09-29,374.8800048828125,376.5899963378906,371.3299865722656,374.94000244140625,3284700.0,0.0,0.0,374.94000244140625,374.94000244140625
