Date,Open,High,Low,Close,Volume,Dividends,Stock_Splits,Close_unadjusted,Adj_Close
2016-01-04,16.701837290374478,16.975140001980368,16.66318805507776,16.96685791015625,35967600.0,0.0,0.0,20.48666763305664,16.96685791015625
2016-01-05,17.12421250050156,17.40579729710136,17.074521530409672,17.369909286499023,39978000.0,0.0,0.0,20.97333335876465,17.369909286499023
2016-01-06,17.248444654732285,17.65425772189941,17.245683430597666,17.54383087158203,49693800.0,0.0,0.0,21.183332443237305,17.54383087158203
2016-01-07,17.383719060274345,18.00762318351162,17.36991609537413,17.952409744262695,79290000.0,0.0,0.0,21.676666259765625,17.952409744262695
2016-01-08,17.96620392112,18.057305340477473,17.505179116297285,17.541067123413086,53303700.0,0.0,0.0,21.18000030517578,17.541067123413086
2016-01-11,17.601801174681693,17.797806986593194,17.565913164810663,17.728792190551758,37961400.0,0.0,0.0,21.406667709350586,17.728792190551758
2016-01-12,17.772957560146267,17.869581416762617,17.510698222406383,17.56315040588379,36587700.0,0.0,0.0,21.206666946411133,17.56315040588379
2016-01-13,17.593522994435297,17.593522994435297,17.069002576771812,17.093847274780273,41177100.0,0.0,0.0,20.639999389648438,17.093847274780273
2016-01-14,17.115931370086535,17.563153244049257,17.0662388221427,17.408557891845703,38804700.0,0.0,0.0,21.020000457763672,17.408557891845703
2016-01-15,16.99170660799916,17.245685551599525,16.911648474373443,17.09661102294922,45523200.0,0.0,0.0,20.643333435058594,17.09661102294922
2016-01-19,17.184947899745655,17.336782043618722,17.11869274211326,17.270526885986328,39153900.0,0.0,0.0,20.85333251953125,17.270526885986328
2016-01-20,17.060716845089274,17.207030096454723,16.619015867515355,16.795696258544922,52107300.0,0.0,0.0,20.280000686645508,16.795696258544922
2016-01-21,16.834349174182105,17.33402331698977,16.81502376490318,17.082805633544922,36267600.0,0.0,0.0,20.626667022705078,17.082805633544922
2016-01-22,17.23740297944936,17.463774410968867,17.151822399250257,17.306419372558594,27592500.0,0.0,0.0,20.89666748046875,17.306419372558594
2016-01-25,17.331263279847175,17.61836899778276,17.267769338440864,17.516225814819336,38470200.0,0.0,0.0,21.149999618530273,17.516225814819336
2016-01-26,17.491377660768922,17.797807149145424,17.46377016245278,17.66805648803711,28323600.0,0.0,0.0,21.333332061767578,17.66805648803711
2016-01-27,17.695659967230892,17.993808876007737,17.637686919334747,17.654251098632812,30642900.0,0.0,0.0,21.316667556762695,17.654251098632812
2016-01-28,17.676338418124384,17.80884872210085,17.510701327977515,17.728792190551758,33834900.0,0.0,0.0,21.406667709350586,17.728792190551758
2016-01-29,17.87510293347008,18.366496469593738,17.8723432895621,18.31956672668457,49317300.0,0.0,0.0,22.1200008392334,18.31956672668457
2016-02-01,18.19533788228857,18.752986595760902,18.189817014539667,18.634279251098633,44185200.0,0.0,0.0,22.5,18.634279251098633
2016-02-02,18.57906279402911,18.728137256384052,18.29747804950248,18.457595825195312,40757700.0,0.0,0.0,22.286666870117188,18.457595825195312
2016-02-03,18.581829202226253,18.634281401011023,17.963447712875958,18.294723510742188,36946800.0,0.0,0.0,22.09000015258789,18.294723510742188
2016-02-04,18.153932647455573,18.372021973949455,17.946885058675125,18.33613395690918,38500200.0,0.0,0.0,22.139999389648438,18.33613395690918
2016-02-05,18.457604394429033,18.642566946621358,18.187061257989214,18.496252059936523,42589500.0,0.0,0.0,22.333332061767578,18.496252059936523
2016-02-08,18.358219499321432,18.537659573846167,17.988292874272574,18.468643188476562,62230800.0,0.0,0.0,22.299999237060547,18.468643188476562
2016-02-09,18.079397729083382,18.333376685136994,17.855785925143657,18.16773796081543,43927200.0,0.0,0.0,21.93666648864746,18.16773796081543
2016-02-10,18.272637632797426,18.383062893768685,18.123563135574347,18.162212371826172,29127900.0,0.0,0.0,21.93000030517578,18.162212371826172
2016-02-11,17.94963992961707,18.15392781946317,17.883384782013632,18.032459259033203,33560100.0,0.0,0.0,21.773332595825195,18.032459259033203
2016-02-12,18.087671417047652,18.28919648974796,17.90822981236915,18.269872665405273,29086500.0,0.0,0.0,22.059999465942383,18.269872665405273
2016-02-16,18.38858351260807,18.441035708314253,18.082152430287465,18.19257926940918,34081500.0,0.0,0.0,21.96666717529297,18.19257926940918
2016-02-17,18.24779381418818,18.38858623834335,18.16773568665833,18.25055503845215,37280100.0,0.0,0.0,22.036666870117188,18.25055503845215
2016-02-18,17.59628241736359,17.88338650499228,17.212552873419924,17.70118522644043,83683800.0,0.0,0.0,21.373332977294922,17.70118522644043
2016-02-19,17.637693243182877,17.880628834617735,17.513465013200555,17.850261688232422,46686900.0,0.0,0.0,21.553333282470703,17.850261688232422
2016-02-22,17.850260146032532,18.258834395242868,17.850260146032532,18.1180419921875,31761900.0,0.0,0.0,21.876667022705078,18.1180419921875
2016-02-23,18.17600749432558,18.385816189523243,18.021412195628773,18.35268783569336,34296000.0,0.0,0.0,22.15999984741211,18.35268783569336
2016-02-24,18.27264408078915,18.5873557906998,18.142894945730294,18.529382705688477,30873600.0,0.0,0.0,22.373332977294922,18.529382705688477
2016-02-25,18.62047824981597,18.808200410196783,18.587349880544306,18.783355712890625,28743900.0,0.0,0.0,22.68000030517578,18.783355712890625
2016-02-26,18.794396108922303,18.827524475830884,18.303004110409027,18.360977172851562,32952900.0,0.0,0.0,22.170000076293945,18.360977172851562
2016-02-29,18.39410497800389,18.482446768099596,18.28092007064694,18.31404685974121,28035600.0,0.0,0.0,22.113332748413086,18.31404685974121
2016-03-01,18.399627796610872,18.465882955781897,18.220186148154838,18.34717559814453,31288500.0,0.0,0.0,22.15333366394043,18.34717559814453
2016-03-02,18.278160095214844,18.405149551320108,18.220187025604275,18.278160095214844,27496800.0,0.0,0.0,22.06999969482422,18.278160095214844
2016-03-03,18.20638644571113,18.275402841233475,17.91099861075435,18.258838653564453,35540400.0,0.0,0.0,22.046667098999023,18.258838653564453
2016-03-04,18.25883592772306,18.573547548212165,18.245032966608797,18.435516357421875,30031500.0,0.0,0.0,22.260000228881836,18.435516357421875
2016-03-07,18.391345642979662,18.904824309579908,18.294723338721244,18.741945266723633,38476200.0,0.0,0.0,22.6299991607666,18.741945266723633
2016-03-08,18.697776725018134,18.90206307003478,18.63152156612239,18.783355712890625,30203700.0,0.0,0.0,22.68000030517578,18.783355712890625
2016-03-09,18.852874527278914,18.90849667366082,18.666542803478283,18.780567169189453,23474400.0,0.166667,0.0,22.510000228881836,18.780567169189453
2016-03-10,18.786135368934175,18.922408321808348,18.466312293405856,18.74720001220703,30677400.0,0.0,0.0,22.469999313354492,18.74720001220703
2016-03-11,18.84732108272292,18.894599848382786,18.577556816325746,18.680456161499023,24872700.0,0.0,0.0,22.389999389648438,18.680456161499023
2016-03-14,18.674889396665964,18.81950572890191,18.622048905541757,18.733291625976562,20137500.0,0.0,0.0,22.453332901000977,18.733291625976562
2016-03-15,18.633173891632026,19.0086190981076,18.633173891632026,18.936311721801758,22700700.0,0.0,0.0,22.696666717529297,18.936311721801758
2016-03-16,18.894603153470577,19.005845923298075,18.7027095744359,18.90850830078125,24654000.0,0.0,0.0,22.663333892822266,18.90850830078125
2016-03-17,18.861226832604796,19.16714480376686,18.705486977093077,18.75832748413086,35514300.0,0.0,0.0,22.483333587646484,18.75832748413086
2016-03-18,18.7666667421813,18.91962489828781,18.563648164360057,18.61927032470703,69459300.0,0.0,0.0,22.316667556762695,18.61927032470703
2016-03-21,18.641522094141607,19.016967397267994,18.624836873935276,18.902944564819336,28247400.0,0.0,0.0,22.656667709350586,18.902944564819336
2016-03-22,18.91128880480106,19.100400706217027,18.852884961805827,18.875133514404297,22543500.0,0.0,0.0,22.623332977294922,18.875133514404297
2016-03-23,18.91406658222233,18.939096797609004,18.75554506745703,18.7611083984375,18331800.0,0.0,0.0,22.48666763305664,18.7611083984375
2016-03-24,18.75276389491034,18.922408879016405,18.738857159615534,18.911285400390625,18914100.0,0.0,0.0,22.666667938232422,18.911285400390625
2016-03-28,18.891817775216314,19.07258783741785,18.891817775216314,18.944658279418945,16810500.0,0.0,0.0,22.706666946411133,18.944658279418945
2016-03-29,18.95299985279802,18.96968666121607,18.75276292580631,18.919626235961914,19473000.0,0.0,0.0,22.676666259765625,18.919626235961914
2016-03-30,19.0030565694024,19.18938833239865,18.99193150124937,19.133766174316406,21625500.0,0.0,0.0,22.933332443237305,19.133766174316406
2016-03-31,19.119864896698143,19.242231112878077,19.04199418439502,19.047555923461914,18850500.0,0.0,0.0,22.829999923706055,19.047555923461914
2016-04-01,18.916844863106544,19.24501293214685,18.916844863106544,19.206077575683594,19807200.0,0.0,0.0,23.020000457763672,19.206077575683594
2016-04-04,19.189400468694362,19.29229985531648,19.167151909658703,19.21721076965332,20470200.0,0.0,0.0,23.03333282470703,19.21721076965332
2016-04-05,19.19773612887015,19.258918448017624,18.986374107667782,19.08927345275879,17337000.0,0.0,0.0,22.8799991607666,19.08927345275879
2016-04-06,19.105963605324693,19.20608289376112,19.05590475677753,19.200519561767578,16088100.0,0.0,0.0,23.01333236694336,19.200519561767578
2016-04-07,19.1421143283747,19.169926209989033,18.894600198802674,18.972469329833984,18331500.0,0.0,0.0,22.739999771118164,18.972469329833984
2016-04-08,18.99750394138614,19.0197524970202,18.87235601486233,18.927976608276367,19548000.0,0.0,0.0,22.68666648864746,18.927976608276367
2016-04-11,18.914058295572065,19.014177521912583,18.738850047311434,18.744413375854492,23596200.0,0.0,0.0,22.46666717529297,18.744413375854492
2016-04-12,18.791694596567922,19.15323464574885,18.758322574791745,19.133766174316406,23203800.0,0.0,0.0,22.933332443237305,19.133766174316406
2016-04-13,19.192170448775595,19.30619485060918,19.15323668444946,19.23110580444336,18788100.0,0.0,0.0,23.049999237060547,19.23110580444336
2016-04-14,19.231103757454235,19.256133967292463,18.952997741067403,19.133766174316406,20931300.0,0.0,0.0,22.933332443237305,19.133766174316406
2016-04-15,19.172703958331756,19.3034151711709,19.172703958331756,19.206077575683594,22753500.0,0.0,0.0,23.020000457763672,19.206077575683594
2016-04-18,19.203298801984495,19.439689458901654,19.14767821981194,19.428565979003906,19868700.0,0.0,0.0,23.286666870117188,19.428565979003906
2016-04-19,19.4091013986582,19.48975380514688,19.328452174853965,19.403539657592773,24598200.0,0.0,0.0,23.25666618347168,19.403539657592773
2016-04-20,19.400749445933332,19.464715009708573,19.2255427444791,19.247791290283203,16237500.0,0.0,0.0,23.06999969482422,19.247791290283203
2016-04-21,19.320095928710817,19.378498149443047,18.978024414701046,19.041988372802734,19852800.0,0.0,0.0,22.823333740234375,19.041988372802734
2016-04-22,19.13932723258448,19.172699250400026,18.98914917406135,19.11151695251465,18645300.0,0.0,0.0,22.906667709350586,19.11151695251465
2016-04-25,19.064247351177297,19.32844991264039,18.92797436729938,19.320106506347656,17688600.0,0.0,0.0,23.156667709350586,19.320106506347656
2016-04-26,19.38406799169679,19.43690849715328,19.217203070113992,19.272825241088867,19945200.0,0.0,0.0,23.100000381469727,19.272825241088867
2016-04-27,19.32566468764686,19.40631547850083,19.186611654841457,19.306196212768555,15441900.0,0.0,0.0,23.139999389648438,19.306196212768555
2016-04-28,19.20885905256004,19.36181882435852,19.11986644625244,19.16436195373535,14330700.0,0.0,0.0,22.969999313354492,19.16436195373535
2016-04-29,19.114305258962816,19.13933547661188,18.45519210762373,18.597026824951172,36297000.0,0.0,0.0,22.290000915527344,18.597026824951172
2016-05-02,18.52748664625418,18.827842684241677,18.50245644597494,18.797250747680664,22829100.0,0.0,0.0,22.530000686645508,18.797250747680664
2016-05-03,18.59424493906696,18.772233352218933,18.56365298163872,18.6331787109375,17767800.0,0.0,0.0,22.333332061767578,18.6331787109375
2016-05-04,18.591460466395283,18.769450444016037,18.477437651023827,18.686017990112305,18088500.0,0.0,0.0,22.39666748046875,18.686017990112305
2016-05-05,18.624828471938702,18.702699163140462,18.51636583714634,18.691574096679688,24273000.0,0.0,0.0,22.40333366394043,18.691574096679688
2016-05-06,18.608148467277974,18.983592146879015,18.577556512509165,18.980812072753906,29476200.0,0.0,0.0,22.75,18.980812072753906
2016-05-09,18.980812308099843,19.21720295278063,18.9557820926127,19.175487518310547,25968600.0,0.0,0.0,22.983333587646484,19.175487518310547
2016-05-10,19.16714467793008,19.225546924445815,19.036435039665513,19.130990982055664,19208700.0,0.0,0.0,22.93000030517578,19.130990982055664
2016-05-11,18.901264044579264,18.90966853406461,18.380198520427484,18.604312896728516,43792500.0,0.166667,0.0,22.136667251586914,18.604312896728516
2016-05-12,18.64353960407333,18.783612350813087,18.595916280815775,18.727582931518555,28600500.0,0.0,0.0,22.28333282470703,18.727582931518555
2016-05-13,18.623934475140103,18.643543894759937,18.11127150243211,18.192514419555664,41234100.0,0.0,0.0,21.64666748046875,18.192514419555664
2016-05-16,18.170094855595163,18.587507767534817,18.11966790823884,18.495059967041016,30545400.0,0.0,0.0,22.00666618347168,18.495059967041016
2016-05-17,18.506274536629522,18.56510439779969,18.17570521863192,18.237337112426758,27758100.0,0.0,0.0,21.700000762939453,18.237337112426758
2016-05-18,17.654638793907953,17.86754840207009,17.570597046153665,17.691057205200195,66767700.0,0.0,0.0,21.049999237060547,17.691057205200195
2016-05-19,19.077763671936648,19.42233988037575,18.9096770128474,19.385921478271484,105230100.0,0.0,0.0,23.066667556762695,19.385921478271484
2016-05-20,19.42234228847939,19.649257222493073,19.28787358573299,19.570817947387695,50239800.0,0.0,0.0,23.286666870117188,19.570817947387695
2016-05-23,19.497978890178878,19.626843513235126,19.45315599442196,19.4699649810791,30299400.0,0.0,0.0,23.166667938232422,19.4699649810791
2016-05-24,19.511988148636824,19.727698159563147,19.483972633235876,19.67727279663086,26484000.0,0.0,0.0,23.413333892822266,19.67727279663086
2016-05-25,19.680068814447328,19.890176299277776,19.677266782865573,19.7445011138916,21791700.0,0.0,0.0,23.49333381652832,19.7445011138916
2016-05-26,19.80333688925263,19.996635448519953,19.778123406437743,19.848159790039062,26081700.0,0.0,0.0,23.616666793823242,19.848159790039062
2016-05-27,19.85095838093849,19.85936127075995,19.74730564121411,19.820140838623047,17321100.0,0.0,0.0,23.583332061767578,19.820140838623047
2016-05-31,19.772520607864276,19.890181922669942,19.744506696098174,19.828548431396484,25170600.0,0.0,0.0,23.593332290649414,19.828548431396484
2016-06-01,19.750102996826172,19.864962243427648,19.72488952230599,19.750102996826172,21662700.0,0.0,0.0,23.5,19.750102996826172
2016-06-02,19.750105025149985,19.89017776065703,19.65205475149226,19.876169204711914,19526100.0,0.0,0.0,23.649999618530273,19.876169204711914
2016-06-03,19.769714537152147,19.904183209753693,19.75570758413028,19.853757858276367,19123500.0,0.0,0.0,23.623332977294922,19.853757858276367
2016-06-06,20.035852592709812,20.044257085599384,19.890178990605527,19.904184341430664,27054000.0,0.0,0.0,23.683332443237305,19.904184341430664
2016-06-07,19.918193476805772,19.977023325748497,19.84815710268707,19.898582458496094,22090200.0,0.0,0.0,23.676666259765625,19.898582458496094
2016-06-08,19.848156665668938,20.016243318655626,19.834149711752236,19.968618392944336,18417000.0,0.0,0.0,23.760000228881836,19.968618392944336
2016-06-09,19.991028844426967,20.055461149834247,19.848155677400086,19.915390014648438,18209700.0,0.0,0.0,23.696666717529297,19.915390014648438
2016-06-10,19.890180657575716,20.005038329708675,19.800533260238083,19.929399490356445,22534200.0,0.0,0.0,23.713333129882812,19.929399490356445
2016-06-13,19.890180759939962,19.940606118769878,19.74730757409415,19.758512496948242,23722800.0,0.0,0.0,23.510000228881836,19.758512496948242
2016-06-14,19.794927915793917,19.93780108009557,19.666061704444363,19.876169204711914,27199200.0,0.0,0.0,23.649999618530273,19.876169204711914
2016-06-15,19.94621096615279,20.06107025560953,19.89018313919381,19.923799514770508,24051000.0,0.0,0.0,23.706666946411133,19.923799514770508
2016-06-16,19.890176655487323,20.019041256683686,19.834147243799098,19.974218368530273,20115600.0,0.0,0.0,23.766666412353516,19.974218368530273
2016-06-17,19.904183110616117,19.977021510157265,19.722091119245782,19.876169204711914,54177900.0,0.0,0.0,23.649999618530273,19.876169204711914
2016-06-20,19.97702558006872,20.108692247037283,19.90418716568823,19.918195724487305,21427500.0,0.0,0.0,23.700000762939453,19.918195724487305
2016-06-21,19.876171693904254,20.0918832847617,19.876171693904254,20.019044876098633,20024400.0,0.0,0.0,23.81999969482422,20.019044876098633
2016-06-22,20.058265922719865,20.240357942447126,20.04986142904118,20.10028839111328,25372500.0,0.0,0.0,23.916667938232422,20.10028839111328
2016-06-23,20.226353068854507,20.237557992029014,20.111493789852663,20.19833755493164,20910600.0,0.0,0.0,24.03333282470703,20.19833755493164
2016-06-24,19.7641079765061,20.372018908904387,19.75290145461757,20.15911102294922,45361200.0,0.0,0.0,23.98666763305664,20.15911102294922
2016-06-27,20.069469074676352,20.105887475408203,19.85656113124558,20.030248641967773,33910200.0,0.0,0.0,23.833332061767578,20.030248641967773
2016-06-28,20.103096479195102,20.133912433426076,19.79774057317075,20.03306007385254,25683600.0,0.0,0.0,23.836666107177734,20.03306007385254
2016-06-29,20.066667755575423,20.307591199107225,20.047056738594478,20.29918670654297,21044100.0,0.0,0.0,24.15333366394043,20.29918670654297
2016-06-30,20.330009535779293,20.503698700661836,20.25997314266712,20.456073760986328,26140800.0,0.0,0.0,24.34000015258789,20.456073760986328
2016-07-01,20.48688356456636,20.498088486426855,20.287980973108027,20.39723777770996,22916400.0,0.0,0.0,24.270000457763672,20.39723777770996
2016-07-05,20.380431748484078,20.624157268727497,20.36082233088695,20.489686965942383,32245800.0,0.0,0.0,24.3799991607666,20.489686965942383
2016-07-06,20.523303273643347,20.725006306930585,20.498089793359984,20.68018341064453,33188100.0,0.0,0.0,24.606666564941406,20.68018341064453
2016-07-07,20.654969311456856,20.710997124290788,20.49248512765376,20.598939895629883,23378400.0,0.0,0.0,24.510000228881836,20.598939895629883
2016-07-08,20.68018283244829,20.68858732564109,20.517700238702492,20.6857852935791,27382800.0,0.0,0.0,24.613332748413086,20.6857852935791
2016-07-11,20.63815844837394,20.82865491826612,20.590533529404446,20.747413635253906,27120300.0,0.0,0.0,24.68666648864746,20.747413635253906
2016-07-12,20.607341131903322,20.654966047681192,20.45045943357453,20.526098251342773,37083600.0,0.0,0.0,24.42333221435547,20.526098251342773
2016-07-13,20.52050040225588,20.626953566020855,20.433655049166763,20.62415313720703,19197000.0,0.0,0.0,24.540000915527344,20.62415313720703
2016-07-14,20.671778267488932,20.76142405724341,20.621352911500328,20.64656639099121,19939200.0,0.0,0.0,24.566667556762695,20.64656639099121
2016-07-15,20.725010204375494,20.73341469938379,20.57373250021321,20.638166427612305,17984400.0,0.0,0.0,24.55666732788086,20.638166427612305
2016-07-18,20.62975747628462,20.781035147768787,20.59894153557539,20.6857852935791,16371900.0,0.0,0.0,24.613332748413086,20.6857852935791
2016-07-19,20.629758256430758,20.719404049886556,20.612949269409487,20.635360717773438,14394300.0,0.0,0.0,24.553333282470703,20.635360717773438
2016-07-20,20.69699884274935,20.761431175102956,20.62696244436991,20.671785354614258,15846000.0,0.0,0.0,24.59666633605957,20.671785354614258
2016-07-21,20.570929935770565,20.635362253489614,20.489687026785948,20.596141815185547,13175700.0,0.0,0.0,24.50666618347168,20.596141815185547
2016-07-22,20.663375447176655,20.705397916396823,20.56812718859977,20.60454559326172,12949800.0,0.0,0.0,24.516666412353516,20.60454559326172
2016-07-25,20.604542331885817,20.682983193351973,20.56532190115274,20.66057014465332,14202000.0,0.0,0.0,24.583332061767578,20.66057014465332
2016-07-26,20.649373732481408,20.750226081212364,20.565330375704566,20.654977798461914,15744900.0,0.0,0.0,24.57666778564453,20.654977798461914
2016-07-27,20.63535787608127,20.680180766636614,20.48968268027989,20.540109634399414,17333700.0,0.0,0.0,24.440000534057617,20.540109634399414
2016-07-28,20.48968087424278,20.54010782391748,20.301986439205248,20.517696380615234,13809600.0,0.0,0.0,24.413333892822266,20.517696380615234
2016-07-29,20.4980806350148,20.52049367613711,20.38322141347733,20.442052841186523,18906600.0,0.0,0.0,24.323333740234375,20.442052841186523
2016-08-01,20.397239919357357,20.727809193847367,20.397239919357357,20.668977737426758,17605200.0,0.0,0.0,24.593332290649414,20.668977737426758
2016-08-02,20.646571085931686,20.652173548317027,20.34681610490986,20.486888885498047,19539300.0,0.0,0.0,24.376667022705078,20.486888885498047
2016-08-03,20.450469802471094,20.562528673234805,20.313200651323715,20.43366241455078,19704300.0,0.0,0.0,24.31333351135254,20.43366241455078
2016-08-04,20.39443471001489,20.58773483072621,20.335604865752195,20.53450584411621,14834700.0,0.0,0.0,24.433332443237305,20.53450584411621
2016-08-05,20.57933412038182,20.716603247891417,20.57933412038182,20.663375854492188,16246200.0,0.0,0.0,24.586666107177734,20.663375854492188
2016-08-08,20.730607137921254,20.750216550865524,20.461668199157312,20.545711517333984,19731600.0,0.0,0.0,24.446666717529297,20.545711517333984
2016-08-09,20.551316435033396,20.696991644157293,20.472877170884495,20.601741790771484,19283700.0,0.0,0.0,24.51333236694336,20.601741790771484
2016-08-10,20.75123399433954,21.016371572478143,20.700463449494514,20.858417510986328,24156900.0,0.166667,0.0,24.649999618530273,20.858417510986328
2016-08-11,21.013555843581678,21.098174516386717,20.739957781531338,20.81611442565918,18870900.0,0.0,0.0,24.600000381469727,20.81611442565918
2016-08-12,20.816111045972765,20.906370518585835,20.748416441512962,20.841495513916016,29982600.0,0.0,0.0,24.6299991607666,20.841495513916016
2016-08-15,20.81892432767937,20.87533728792579,20.62148300173237,20.680715560913086,28908300.0,0.0,0.0,24.440000534057617,20.680715560913086
2016-08-16,20.474810535565492,20.677894286711414,20.367627041191376,20.559429168701172,29289900.0,0.0,0.0,24.296667098999023,20.559429168701172
2016-08-17,20.305578987889188,20.576357377486346,20.305578987889188,20.570714950561523,43029900.0,0.0,0.0,24.309999465942383,20.570714950561523
2016-08-18,20.57070852806667,21.208166998360426,20.57070852806667,20.95713233947754,80574900.0,0.0,0.0,24.766666412353516,20.95713233947754
2016-08-19,20.90072618464634,20.954316325263108,20.49737822561502,20.536867141723633,46039200.0,0.0,0.0,24.270000457763672,20.536867141723633
2016-08-22,20.607387134745156,20.629952005449383,20.43533019737129,20.50584602355957,30936300.0,0.0,0.0,24.233333587646484,20.50584602355957
2016-08-23,20.55943305483066,20.610203598722205,20.297116695096765,20.299936294555664,28174200.0,0.0,0.0,23.989999771118164,20.299936294555664
2016-08-24,20.29993682421216,20.519944672104526,20.240704252465473,20.373273849487305,30152100.0,0.0,0.0,24.07666778564453,20.373273849487305
2016-08-25,20.412758553482597,20.4719911176813,20.040437503419774,20.088388442993164,31542600.0,0.0,0.0,23.739999771118164,20.088388442993164
2016-08-26,20.14198112729544,20.220958959193982,19.995308702612324,20.065824508666992,30115500.0,0.0,0.0,23.713333129882812,20.065824508666992
2016-08-29,20.065824750009597,20.212497176456825,20.054543124726344,20.13916015625,22404300.0,0.0,0.0,23.799999237060547,20.13916015625
2016-08-30,20.139163536123863,20.24070625054674,20.06864933135337,20.113779067993164,17322600.0,0.0,0.0,23.770000457763672,20.113779067993164
2016-08-31,20.156082935698613,20.206853474200972,20.068644696390862,20.150442123413086,18934800.0,0.0,0.0,23.81333351135254,20.150442123413086
2016-09-01,20.18710805375182,20.550967044700965,20.14197833149299,20.545326232910156,35284200.0,0.0,0.0,24.280000686645508,20.545326232910156
2016-09-02,20.58764118196647,20.6440541594187,20.426865890892635,20.449432373046875,24248700.0,0.0,0.0,24.166667938232422,20.449432373046875
2016-09-06,20.52275951896211,20.613020576395456,20.364807106860695,20.5904541015625,28712700.0,0.0,0.0,24.333332061767578,20.5904541015625
2016-09-07,20.590459073591678,20.60456352725965,20.311218651190426,20.3253231048584,28854900.0,0.0,0.0,24.020000457763672,20.3253231048584
2016-09-08,20.277368691447744,20.39865502890096,20.22659815441062,20.26044464111328,28983600.0,0.0,0.0,23.94333267211914,20.26044464111328
2016-09-09,20.11659609933579,20.17018785649883,19.828893661499023,19.828893661499023,36517800.0,0.0,0.0,23.433332443237305,19.828893661499023
2016-09-12,19.967105136230476,20.376093949436726,19.947361483152207,20.291475296020508,32592000.0,0.0,0.0,23.979999542236328,20.291475296020508
2016-09-13,20.263273322381618,20.28301697907103,20.068651513704346,20.156089782714844,22523700.0,0.0,0.0,23.81999969482422,20.156089782714844
2016-09-14,20.201213641850057,20.32532120194981,20.139159861800177,20.17300796508789,20941500.0,0.0,0.0,23.84000015258789,20.17300796508789
2016-09-15,20.161723773747912,20.46634859473214,20.099668387630164,20.421218872070312,21886800.0,0.0,0.0,24.133333206176758,20.421218872070312
2016-09-16,20.398658489054146,20.579177419332513,20.370452809689787,20.55379295349121,41807100.0,0.0,0.0,24.290000915527344,20.55379295349121
2016-09-19,20.48891502433185,20.553790014352774,20.333782196044922,20.333782196044922,20762100.0,0.0,0.0,24.030000686645508,20.333782196044922
2016-09-20,20.35070683844721,20.46353116596536,20.28019264247742,20.299936294555664,17731800.0,0.0,0.0,23.989999771118164,20.299936294555664
2016-09-21,20.359172575733226,20.460715295991548,20.170191590947923,20.36199378967285,20027700.0,0.0,0.0,24.06333351135254,20.36199378967285
2016-09-22,20.429685549590324,20.460712442732348,20.30557959098879,20.38455581665039,17615700.0,0.0,0.0,24.09000015258789,20.38455581665039
2016-09-23,20.477637474651072,20.52558680946203,20.40430044464417,20.407121658325195,23089200.0,0.0,0.0,24.116666793823242,20.407121658325195
2016-09-26,20.395839442000685,20.40148186964614,20.17301196900679,20.201217651367188,17846100.0,0.0,0.0,23.873332977294922,20.201217651367188
2016-09-27,20.288653492742483,20.44660754211199,20.18993201014074,20.401477813720703,19033200.0,0.0,0.0,24.110000610351562,20.401477813720703
2016-09-28,20.37044900934944,20.398654683451706,20.133517150578157,20.249162673950195,18554700.0,0.0,0.0,23.93000030517578,20.249162673950195
2016-09-29,20.18711031512783,20.22659923001943,19.919153164436562,19.950180053710938,23990400.0,0.0,0.0,23.57666778564453,19.950180053710938
2016-09-30,20.16736727915263,20.438147286925428,20.13916159995611,20.342247009277344,29947800.0,0.0,0.0,24.040000915527344,20.342247009277344
2016-10-03,20.26044961955481,20.350709091562347,20.195576229286893,20.311220169067383,17573100.0,0.0,0.0,24.003332138061523,20.311220169067383
2016-10-04,20.308402546824674,20.46917785223108,20.181475353700385,20.23788833618164,19707900.0,0.0,0.0,23.916667938232422,20.23788833618164
2016-10-05,20.271733566109738,20.384557910046087,20.195576932206865,20.215320587158203,19393200.0,0.0,0.0,23.889999389648438,20.215320587158203
2016-10-06,20.215316801735966,20.215316801735966,19.43118735471895,19.563756942749023,60330900.0,0.0,0.0,23.1200008392334,19.563756942749023
2016-10-07,19.53554803298678,19.594782209774596,19.228101980549866,19.377593994140625,37961400.0,0.0,0.0,22.899999618530273,19.377593994140625
2016-10-10,19.391703037572793,19.450935614420814,19.10963976617585,19.174514770507812,26965200.0,0.0,0.0,22.65999984741211,19.174514770507812
2016-10-11,19.166054601205907,19.16887581522137,18.9827144254049,19.008100509643555,25774500.0,0.0,0.0,22.463333129882812,19.008100509643555
2016-10-12,19.10682353510509,19.154774493372756,19.00246120378554,19.027847290039062,26822100.0,0.0,0.0,22.48666763305664,19.027847290039062
2016-10-13,18.951686182357722,19.332467702689463,18.91783807532384,19.24502944946289,27581400.0,0.0,0.0,22.74333381652832,19.24502944946289
2016-10-14,19.298623009683688,19.4086261398711,19.2393904308161,19.307085037231445,19248000.0,0.0,0.0,22.816667556762695,19.307085037231445
2016-10-17,19.36349676201028,19.36349676201028,19.12374522824749,19.242210388183594,22480200.0,0.0,0.0,22.739999771118164,19.242210388183594
2016-10-18,19.34092800006626,19.456573536802743,19.2450277286562,19.425546646118164,23573100.0,0.0,0.0,22.956666946411133,19.425546646118164
2016-10-19,19.524269260814787,19.55811575281455,19.37477722538558,19.431188583374023,21369900.0,0.0,0.0,22.963333129882812,19.431188583374023
2016-10-20,19.45658419009758,19.484789882903204,19.340938590040288,19.38606834411621,18882000.0,0.0,0.0,22.90999984741211,19.38606834411621
2016-10-21,19.27605628967285,19.35785372949001,19.177334796385505,19.27605628967285,23533800.0,0.0,0.0,22.780000686645508,19.27605628967285
2016-10-24,19.355030931249757,19.56657674040733,19.290157550214232,19.515806198120117,21490800.0,0.0,0.0,23.06333351135254,19.515806198120117
2016-10-25,19.46503384457856,19.707608156076827,19.46221424523734,19.563756942749023,22889100.0,0.0,0.0,23.1200008392334,19.563756942749023
2016-10-26,19.546832254818757,19.690683463465913,19.50170252716343,19.628629684448242,15151500.0,0.0,0.0,23.196666717529297,19.628629684448242
2016-10-27,19.631453821543367,19.744276543518964,19.572219632952923,19.696327209472656,21394800.0,0.0,0.0,23.27666664123535,19.696327209472656
2016-10-28,19.687863321871472,19.803508860520292,19.668119670185,19.741455078125,20858700.0,0.0,0.0,23.329999923706055,19.741455078125
2016-10-31,19.761193884741562,19.792220768332005,19.701961330238376,19.74991226196289,19167000.0,0.0,0.0,23.34000015258789,19.74991226196289
2016-11-01,19.738637121600945,19.761200374568347,19.501705211810727,19.54683494567871,26515800.0,0.0,0.0,23.100000381469727,19.54683494567871
2016-11-02,19.51862385013016,19.73581043236637,19.51862385013016,19.58913803100586,22935900.0,0.0,0.0,23.149999618530273,19.58913803100586
2016-11-03,19.639909744262695,19.766838505398848,19.560933534142716,19.639909744262695,20411700.0,0.0,0.0,23.209999084472656,19.639909744262695
2016-11-04,19.66247197185246,19.727345330932835,19.498875547011963,19.50733757019043,21786300.0,0.0,0.0,23.053333282470703,19.50733757019043
2016-11-07,19.637090733573356,19.69914450950508,19.507342369525105,19.682220458984375,29266200.0,0.0,0.0,23.260000228881836,19.682220458984375
2016-11-08,19.662485797952943,19.75556489043484,19.59479117889019,19.685049057006836,22863900.0,0.0,0.0,23.26333236694336,19.685049057006836
2016-11-09,19.54683973354019,20.16737291923695,19.54401851924493,20.054550170898438,50338500.0,0.0,0.0,23.700000762939453,20.054550170898438
2016-11-10,20.096852177491304,20.333784068401236,20.026337982670732,20.136341094970703,42963900.0,0.0,0.0,23.796667098999023,20.136341094970703
2016-11-11,20.05736131022444,20.105312249214265,19.91351010722128,20.091209411621094,24671700.0,0.0,0.0,23.74333381652832,20.091209411621094
2016-11-14,20.071461821706958,20.113771943549395,19.797863898967773,19.882482528686523,38752500.0,0.0,0.0,23.496667861938477,19.882482528686523
2016-11-15,19.9671046714204,20.144804000854492,19.84299871473668,20.144804000854492,29175300.0,0.0,0.0,23.80666732788086,20.144804000854492
2016-11-16,20.23788379506538,20.325322042229473,20.11941704262718,20.136341094970703,33577200.0,0.0,0.0,23.796667098999023,20.136341094970703
2016-11-17,19.48477930728725,19.60888525665227,19.21400092980019,19.515806198120117,70320900.0,0.0,0.0,23.06333351135254,19.515806198120117
2016-11-18,19.442468932205568,19.57503689493843,19.304258543339685,19.33246421813965,33405900.0,0.0,0.0,22.84666633605957,19.33246421813965
2016-11-21,19.33247099247342,19.575043754272663,19.298624493646496,19.56658172607422,25068000.0,0.0,0.0,23.123332977294922,19.56658172607422
2016-11-22,19.668122634450416,19.86274442314386,19.668122634450416,19.778125762939453,32952000.0,0.0,0.0,23.373332977294922,19.778125762939453
2016-11-23,19.806334712736078,19.99531408961934,19.795051470582255,19.978391647338867,22196700.0,0.0,0.0,23.610000610351562,19.978391647338867
2016-11-25,20.05736131022444,20.209674538576763,20.020693609688937,20.091209411621094,12703200.0,0.0,0.0,23.74333381652832,20.091209411621094
2016-11-28,20.006590138361364,20.173006199035413,19.969922438987357,20.079925537109375,21297600.0,0.0,0.0,23.729999542236328,20.079925537109375
2016-11-29,20.133513034122938,20.24915853385034,20.08274250832604,20.130693435668945,21930300.0,0.0,0.0,23.790000915527344,20.130693435668945
2016-11-30,20.003773147902606,20.07146774887481,19.792227318118638,19.865564346313477,27978300.0,0.0,0.0,23.476667404174805,19.865564346313477
2016-12-01,19.814796705750275,19.950185927555218,19.7583837230148,19.93326187133789,20549400.0,0.0,0.0,23.55666732788086,19.93326187133789
2016-12-02,19.90787211691262,20.012234421068452,19.871204411179484,19.992490768432617,20022600.0,0.0,0.0,23.626667022705078,19.992490768432617
2016-12-05,19.99813632226175,20.023522407925768,19.690690149954243,19.727357864379883,31583700.0,0.0,0.0,23.31333351135254,19.727357864379883
2016-12-06,19.74709418075355,19.854277683978268,19.60324459070066,19.845815658569336,23334000.0,0.0,0.0,23.453332901000977,19.845815658569336
2016-12-07,19.86570248362003,20.070239770552895,19.85717989347476,20.0560359954834,20898600.0,0.166667,0.0,23.53333282470703,20.0560359954834
2016-12-08,20.02194737275481,20.14126038442226,19.976494642070268,19.982175827026367,20532600.0,0.0,0.0,23.446666717529297,19.982175827026367
2016-12-09,19.96228361667515,20.007737960069992,19.81172331741325,19.908309936523438,32270100.0,0.0,0.0,23.360000610351562,19.908309936523438
2016-12-12,19.905475186966466,20.391251474877883,19.891271411070782,20.360002517700195,27252300.0,0.0,0.0,23.889999389648438,20.360002517700195
2016-12-13,20.360002459601724,20.51908865042252,20.34295890388631,20.39693260192871,26662500.0,0.0,0.0,23.933332443237305,20.39693260192871
2016-12-14,20.425340890781115,20.590106634156147,20.220803601430703,20.26625633239746,26008200.0,0.0,0.0,23.780000686645508,20.26625633239746
2016-12-15,20.232160068918404,20.396925764224974,20.178184763452304,20.1923885345459,21408900.0,0.0,0.0,23.69333267211914,20.1923885345459
2016-12-16,20.189550156410252,20.351474458525626,20.056031772935494,20.163982391357422,53534400.0,0.0,0.0,23.65999984741211,20.163982391357422
2016-12-19,20.124216306554523,20.38273055519333,20.124216306554523,20.334436416625977,17667900.0,0.0,0.0,23.860000610351562,20.334436416625977
2016-12-20,20.377046822682377,20.43386354933971,20.314548911014676,20.40261459350586,18324300.0,0.0,0.0,23.940000534057617,20.40261459350586
2016-12-21,20.357161291320484,20.453747935858793,20.23784828186035,20.23784828186035,15303000.0,0.0,0.0,23.746667861938477,20.23784828186035
2016-12-22,20.2378461910649,20.2378461910649,19.66116291204378,19.769113540649414,36320400.0,0.0,0.0,23.196666717529297,19.769113540649414
2016-12-23,19.72365865971884,19.814564100078698,19.70377370420918,19.754907608032227,14411700.0,0.0,0.0,23.18000030517578,19.754907608032227
2016-12-27,19.686737410971606,19.83445800545331,19.672532007177693,19.800369262695312,13307100.0,0.0,0.0,23.233333587646484,19.800369262695312
2016-12-28,19.868542510211785,19.885586063801853,19.675367606531303,19.689571380615234,14627100.0,0.0,0.0,23.10333251953125,19.689571380615234
2016-12-29,19.661163581444082,19.749227629847276,19.635597438626498,19.67536735534668,12895200.0,0.0,0.0,23.086666107177734,19.67536735534668
2016-12-30,19.635604858398438,19.723668940078703,19.553220337804095,19.635604858398438,20668500.0,0.0,0.0,23.040000915527344,19.635604858398438
2017-01-03,19.66968284480541,19.66968284480541,19.33162723122396,19.50491714477539,31419600.0,0.0,0.0,22.886667251586914,19.50491714477539
2017-01-04,19.504923235959975,19.780479415059897,19.48787805462902,19.618555068969727,23754000.0,0.0,0.0,23.020000457763672,19.618555068969727
2017-01-05,19.43957899803881,19.695251776766927,19.351514959304687,19.661161422729492,21297600.0,0.0,0.0,23.06999969482422,19.661161422729492
2017-01-06,19.43389979686979,19.4594659394886,19.320267981014766,19.391286849975586,28473300.0,0.0,0.0,22.753332138061523,19.391286849975586
2017-01-09,19.41117624501368,19.544693038411392,19.408334839636645,19.519126892089844,26055600.0,0.0,0.0,22.90333366394043,19.519126892089844
2017-01-10,19.49924408039815,19.678215266886244,19.379931039751597,19.38277244567871,30769500.0,0.0,0.0,22.74333381652832,19.38277244567871
2017-01-11,19.374243733649607,19.493556736608618,19.37140232862001,19.467988967895508,20092800.0,0.0,0.0,22.843332290649414,19.467988967895508
2017-01-12,19.41969313489076,19.476508221609613,19.294697343281328,19.308902740478516,19634700.0,0.0,0.0,22.656667709350586,19.308902740478516
2017-01-13,19.311747507025558,19.323109877096826,19.05607629972521,19.070280075073242,30037500.0,0.0,0.0,22.376667022705078,19.070280075073242
2017-01-17,19.345839220943546,19.683893324210086,19.33447522455981,19.436744689941406,39502500.0,0.0,0.0,22.80666732788086,19.436744689941406
2017-01-18,19.283340893985606,19.348678588867188,19.18675261609374,19.348678588867188,21964500.0,0.0,0.0,22.703332901000977,19.348678588867188
2017-01-19,19.35435560554435,19.3714007833267,19.16970493129433,19.209476470947266,20463300.0,0.0,0.0,22.540000915527344,19.209476470947266
2017-01-20,19.243566738800165,19.269134507516878,19.039029465619738,19.084482192993164,36164100.0,0.0,0.0,22.393333435058594,19.084482192993164
2017-01-23,19.03618964631515,19.084483782741508,18.908354043118322,18.933921813964844,23854200.0,0.0,0.0,22.21666717529297,18.933921813964844
2017-01-24,19.002101405459744,19.149821972815904,18.936762086767814,19.146982192993164,32131800.0,0.0,0.0,22.46666717529297,19.146982192993164
2017-01-25,19.181071426865916,19.240729561941407,18.973692720603804,19.00210189819336,26168700.0,0.0,0.0,22.296667098999023,19.00210189819336
2017-01-26,19.070275861422296,19.09584362671019,18.925395109159286,18.95664405822754,19512300.0,0.0,0.0,22.24333381652832,18.95664405822754
2017-01-27,18.993578749454386,19.024827706022254,18.54473261273454,18.65268325805664,40300800.0,0.0,0.0,21.886667251586914,18.65268325805664
2017-01-30,18.64415952994353,18.885626951759882,18.64415952994353,18.868581771850586,25924500.0,0.0,0.0,22.139999389648438,18.868581771850586
2017-01-31,18.808926226206474,19.002101148814628,18.715179357445734,18.959489822387695,27962700.0,0.0,0.0,22.246667861938477,18.959489822387695
2017-02-01,18.87995487747297,18.95097541102074,18.760640186050487,18.814617156982422,27150000.0,0.0,0.0,22.07666778564453,18.814617156982422
2017-02-02,18.845860174124077,19.073123878674007,18.845860174124077,18.948129653930664,26996100.0,0.0,0.0,22.233333587646484,18.948129653930664
2017-02-03,18.98221357135209,19.013462525973637,18.87426455827146,18.89130973815918,22875900.0,0.0,0.0,22.166667938232422,18.89130973815918
2017-02-06,18.854386723117603,18.993586380936964,18.854386723117603,18.8629093170166,27291600.0,0.0,0.0,22.133333206176758,18.8629093170166
2017-02-07,18.908355025735563,19.03334923016132,18.894151249699767,19.00210189819336,17417100.0,0.0,0.0,22.296667098999023,19.00210189819336
2017-02-08,19.00209638603256,19.26629011980007,19.00209638603256,19.26344871520996,22982400.0,0.0,0.0,22.60333251953125,19.26344871520996
2017-02-09,19.26345683225159,19.64128415158348,19.246411648563615,19.624238967895508,33241500.0,0.0,0.0,23.02666664123535,19.624238967895508
2017-02-10,19.38845181384321,19.487879880230796,19.249252195796974,19.32311248779297,37336800.0,0.0,0.0,22.67333221435547,19.32311248779297
2017-02-13,19.40833168118659,19.502078537157395,19.19243204768703,19.25208854675293,25122900.0,0.0,0.0,22.59000015258789,19.25208854675293
2017-02-14,19.283334733224788,19.510598328272213,19.235040609708165,19.50491714477539,25386900.0,0.0,0.0,22.886667251586914,19.50491714477539
2017-02-15,19.260609709225132,19.519122269706177,19.249245715926072,19.51344108581543,25689900.0,0.0,0.0,22.89666748046875,19.51344108581543
2017-02-16,19.50776608649981,19.669692083596264,19.49072252800404,19.56458282470703,25241400.0,0.0,0.0,22.956666946411133,19.56458282470703
2017-02-17,19.553219665721873,19.825936119572777,19.513449735340664,19.706623077392578,38512200.0,0.0,0.0,23.123332977294922,19.706623077392578
2017-02-21,20.229325331497762,20.533289034584854,20.084444554512014,20.297504425048828,67238700.0,0.0,0.0,23.816667556762695,20.297504425048828
2017-02-22,20.52477209916466,20.558862468090812,20.306032609134313,20.371370315551758,45728100.0,0.0,0.0,23.90333366394043,20.371370315551758
2017-02-23,20.45375092899993,20.595791949685594,20.215123249641756,20.257736206054688,38399100.0,0.0,0.0,23.770000457763672,20.257736206054688
2017-02-24,20.266258303012552,20.681014107034056,20.25489430640693,20.56454086303711,41669700.0,0.0,0.0,24.1299991607666,20.56454086303711
2017-02-27,20.53329412865187,20.573065682802966,20.320234205257414,20.379892349243164,27764100.0,0.0,0.0,23.913333892822266,20.379892349243164
2017-02-28,20.132738906806644,20.169670674856896,19.88558865410274,20.149784088134766,47857800.0,0.0,0.0,23.643333435058594,20.149784088134766
2017-03-01,20.161148022219418,20.192395353867646,19.928201546165685,20.013425827026367,40568100.0,0.0,0.0,23.483333587646484,20.013425827026367
2017-03-02,20.00490336874704,20.14126156881914,19.933882863306916,20.101490020751953,26748900.0,0.0,0.0,23.586666107177734,20.101490020751953
2017-03-03,20.10149034212851,20.1753506286356,19.85150030466623,19.89411163330078,27893700.0,0.0,0.0,23.343332290649414,19.89411163330078
2017-03-06,19.885588294016127,20.010584120801667,19.823092006141287,19.851499557495117,27547800.0,0.0,0.0,23.293333053588867,19.851499557495117
2017-03-07,19.857178572092614,19.945244247388214,19.845816203000265,19.848657608032227,21848700.0,0.0,0.0,23.290000915527344,19.848657608032227
2017-03-08,19.94309440671667,20.04039125327344,19.900169760801404,19.974573135375977,23939400.0,0.17,0.0,23.266666412353516,19.974573135375977
2017-03-09,19.960254838265794,20.043243427600437,19.905882665087347,19.99173355102539,22693500.0,0.0,0.0,23.286666870117188,19.99173355102539
2017-03-10,20.031804830923726,20.13482626758383,19.974571973033814,20.060422897338867,21296400.0,0.0,0.0,23.366666793823242,20.060422897338867
2017-03-13,20.028949658129232,20.16058755980101,19.948823307635955,20.01750373840332,20407500.0,0.0,0.0,23.316667556762695,20.01750373840332
2017-03-14,20.266466621667696,20.378073328209283,20.237850189208984,20.237850189208984,29875200.0,0.0,0.0,23.573333740234375,20.237850189208984
2017-03-15,20.174890952381766,20.23212544973279,20.037530123703593,20.197784423828125,26441400.0,0.0,0.0,23.52666664123535,20.197784423828125
2017-03-16,20.06328412049344,20.232123662176765,20.051836567046557,20.157718658447266,21183000.0,0.0,0.0,23.479999542236328,20.157718658447266
2017-03-17,20.19778982535784,20.246437441772375,19.97744030844194,20.000333786010742,42235200.0,0.0,0.0,23.296667098999023,20.000333786010742
2017-03-20,20.07187211861902,20.160585355412643,19.948821126402205,20.026086807250977,22398600.0,0.0,0.0,23.32666778564453,20.026086807250977
2017-03-21,20.080452842971184,20.146272590486497,19.94309202746542,20.00318717956543,26240400.0,0.0,0.0,23.299999237060547,20.00318717956543
2017-03-22,20.040386790204007,20.129099997797187,19.951675220080745,20.10334587097168,19366800.0,0.0,0.0,23.416667938232422,20.10334587097168
2017-03-23,20.089030348438133,20.12050906119773,19.960254838265794,19.99173355102539,20696400.0,0.0,0.0,23.286666870117188,19.99173355102539
2017-03-24,20.028946663740726,20.080456569747703,19.897308781749214,19.920202255249023,17577000.0,0.0,0.0,23.203332901000977,19.920202255249023
2017-03-27,19.894443388236198,20.05183701747833,19.848658085830465,19.934507369995117,17377800.0,0.0,0.0,23.219999313354492,19.934507369995117
2017-03-28,19.840069991676557,20.137685058294043,19.840069991676557,20.123376846313477,21756600.0,0.0,0.0,23.440000534057617,20.123376846313477
2017-03-29,20.131967171070237,20.369487152198893,20.12051961612087,20.243572235107422,20973000.0,0.0,0.0,23.579999923706055,20.243572235107422
2017-03-30,20.229265235318806,20.524019733968657,20.214957018874898,20.48681640625,24424500.0,0.0,0.0,23.863332748413086,20.48681640625
2017-03-31,20.409546367574904,20.76439595447412,20.38379223846565,20.62703514099121,29819400.0,0.0,0.0,24.02666664123535,20.62703514099121
2017-04-03,20.627038933380774,20.755814515013313,20.541187999802293,20.555496215820312,24873900.0,0.0,0.0,23.94333267211914,20.555496215820312
2017-04-04,20.529738233780296,20.621312109106853,20.46964144531095,20.60700225830078,16701900.0,0.0,0.0,24.003332138061523,20.60700225830078
2017-04-05,20.501125967526505,20.692859027898933,20.4782324922204,20.50398826599121,19063500.0,0.0,0.0,23.883333206176758,20.50398826599121
2017-04-06,20.51829618503781,20.632763559903967,20.426722285144876,20.441030502319336,17823300.0,0.0,0.0,23.809999465942383,20.441030502319336
2017-04-07,20.632761516229785,20.887452014131345,20.54691058421607,20.861696243286133,32304000.0,0.0,0.0,24.299999237060547,20.861696243286133
2017-04-10,20.88745097364857,21.027674101036915,20.81304760042915,20.907482147216797,22487700.0,0.0,0.0,24.35333251953125,20.907482147216797
2017-04-11,20.89030675410178,21.019083934359685,20.870275585212926,21.01336097717285,17431500.0,0.0,0.0,24.476667404174805,21.01336097717285
2017-04-12,21.047708362220373,21.12783634318824,20.961859059359714,21.0162296295166,19881900.0,0.0,0.0,24.479999542236328,21.0162296295166
2017-04-13,20.99619644253339,21.07918507650113,20.933238983154297,20.933238983154297,16009200.0,0.0,0.0,24.383333206176758,20.933238983154297
2017-04-17,20.93610046621925,21.056290784012607,20.933238168187877,21.030536651611328,16396200.0,0.0,0.0,24.496667861938477,21.030536651611328
2017-04-18,21.04484701779463,21.205102986994984,21.027678138926504,21.14500617980957,19883700.0,0.0,0.0,24.6299991607666,21.14500617980957
2017-04-19,21.20509938635023,21.285225719874322,21.136418970128034,21.196514129638672,17821800.0,0.0,0.0,24.690000534057617,21.196514129638672
2017-04-20,21.2165457494356,21.494129718217362,21.207960492543652,21.40541648864746,23043900.0,0.0,0.0,24.933332443237305,21.40541648864746
2017-04-21,21.388249386627933,21.494131501295016,21.348185396965388,21.44548225402832,17267100.0,0.0,0.0,24.979999542236328,21.44548225402832
2017-04-24,21.48553771785841,21.577111579337306,21.29666703792564,21.399686813354492,23437500.0,0.0,0.0,24.926666259765625,21.399686813354492
2017-04-25,21.454063850619384,21.511298345723493,21.422585123932656,21.476957321166992,17161200.0,0.0,0.0,25.016666412353516,21.476957321166992
2017-04-26,21.53991975912459,21.68300357379082,21.511303323685457,21.58570671081543,20845500.0,0.0,0.0,25.143333435058594,21.58570671081543
2017-04-27,21.617186077389846,21.662973030420588,21.468377661304626,21.58856964111328,18156600.0,0.0,0.0,25.14666748046875,21.58856964111328
2017-04-28,21.531330669446167,21.588565167609975,21.44261908038307,21.51416015625,21991200.0,0.0,0.0,25.059999465942383,21.51416015625
2017-05-01,21.488407006242873,21.66869249063339,21.488407006242873,21.528470993041992,18497700.0,0.0,0.0,25.07666778564453,21.528470993041992
2017-05-02,21.54850200304132,21.665831664388456,21.534192149852863,21.61145782470703,21955200.0,0.0,0.0,25.17333221435547,21.61145782470703
2017-05-03,21.577114032438907,21.714474840273798,21.514156586147084,21.680133819580078,16570800.0,0.0,0.0,25.253332138061523,21.680133819580078
2017-05-04,21.728781667677968,21.863281806859515,21.700165243904404,21.846111297607422,16502400.0,0.0,0.0,25.446666717529297,21.846111297607422
2017-05-05,21.8690094521635,21.920519353492033,21.800329037902046,21.891902923583984,16793400.0,0.0,0.0,25.5,21.891902923583984
2017-05-08,21.89189790763451,21.897620864810808,21.76884532225987,21.783153533935547,19536600.0,0.0,0.0,25.373332977294922,21.783153533935547
2017-05-09,21.874730817037875,22.0492933192181,21.84325209144421,21.954858779907227,24765900.0,0.0,0.0,25.573333740234375,21.954858779907227
2017-05-10,21.989431235375132,22.119068588292283,21.94910078668331,22.096023559570312,22535700.0,0.17,0.0,25.566667556762695,22.096023559570312
2017-05-11,21.99519487746693,22.101785556802795,21.874198582054913,21.93181610107422,25048200.0,0.0,0.0,25.376667022705078,21.93181610107422
2017-05-12,21.87996539400983,21.96639086375381,21.712875712923807,21.81082534790039,17678700.0,0.0,0.0,25.23666763305664,21.81082534790039
2017-05-15,21.83674757007028,22.029763700482132,21.83674757007028,21.977909088134766,26531700.0,0.0,0.0,25.43000030517578,21.977909088134766
2017-05-16,21.949097069051877,21.97214209387059,21.62932344748479,21.63796615600586,25115400.0,0.0,0.0,25.036666870117188,21.63796615600586
2017-05-17,21.637968614494895,21.81658076455849,21.594756715407957,21.640850067138672,32913000.0,0.0,0.0,25.040000915527344,21.640850067138672
2017-05-18,22.15075593520401,22.372581624719384,21.931813346655897,22.338010787963867,57500400.0,0.0,0.0,25.84666633605957,22.338010787963867
2017-05-19,22.461885558129595,22.885368393038924,22.404268049717462,22.692352294921875,55745100.0,0.0,0.0,26.25666618347168,22.692352294921875
2017-05-22,22.657790224064165,22.758618010700108,22.556960788999575,22.62898063659668,26692800.0,0.0,0.0,26.183332443237305,22.62898063659668
2017-05-23,22.637616999733176,22.74997056796321,22.597286555760114,22.611690521240234,22754700.0,0.0,0.0,26.163333892822266,22.611690521240234
2017-05-24,22.63185727965442,22.64626124611239,22.510862642664797,22.513742446899414,22281000.0,0.0,0.0,26.049999237060547,22.513742446899414
2017-05-25,22.57423723148003,22.715397065672388,22.5137382757656,22.559831619262695,18405000.0,0.0,0.0,26.10333251953125,22.559831619262695
2017-05-26,22.577124198559677,22.6260990097248,22.41003618747522,22.507984161376953,18377400.0,0.0,0.0,26.043333053588867,22.507984161376953
2017-05-30,22.47053054752549,22.58576392761758,22.450365324169987,22.513742446899414,16231200.0,0.0,0.0,26.049999237060547,22.513742446899414
2017-05-31,22.57135773780198,22.735565906418742,22.533907099014606,22.64337921142578,24605100.0,0.0,0.0,26.200000762939453,22.64337921142578
2017-06-01,22.654904986804425,22.991962432861328,22.643382472484923,22.991962432861328,24459300.0,0.0,0.0,26.60333251953125,22.991962432861328
2017-06-02,22.989081858703663,23.026532501630573,22.821993867667207,22.937227249145508,23989500.0,0.0,0.0,26.540000915527344,22.937227249145508
2017-06-05,22.93147020351563,23.182103902544014,22.8969010044527,23.121604919433594,30437100.0,0.0,0.0,26.753332138061523,23.121604919433594
2017-06-06,22.882490145947546,22.919940787170795,22.545431078081812,22.738447189331055,34577700.0,0.0,0.0,26.309999465942383,22.738447189331055
2017-06-07,22.78165363126399,22.902648226473012,22.680824252447227,22.80181884765625,25533600.0,0.0,0.0,26.383333206176758,22.80181884765625
2017-06-08,22.801825958368052,23.084147318039797,22.536790017238804,22.738447189331055,32799000.0,0.0,0.0,26.309999465942383,22.738447189331055
2017-06-09,22.767256482828458,22.919942157847224,22.677951229065254,22.879610061645508,28215300.0,0.0,0.0,26.47333335876465,22.879610061645508
2017-06-12,22.873846415453222,23.1532879585108,22.71251969592505,22.8277530670166,31231800.0,0.0,0.0,26.413333892822266,22.8277530670166
2017-06-13,22.819113399059095,22.92282262264794,22.72692668990084,22.908418655395508,16584000.0,0.0,0.0,26.50666618347168,22.908418655395508
2017-06-14,22.908415003696312,23.05821920641324,22.83351372655191,23.017887115478516,15019500.0,0.0,0.0,26.633333206176758,23.017887115478516
2017-06-15,22.810469735113,22.845038925387506,22.401390818223376,22.73268699645996,33891600.0,0.0,0.0,26.303333282470703,22.73268699645996
2017-06-16,21.303788719532264,21.750319871311103,21.11365407601596,21.675416946411133,168699000.0,0.0,0.0,25.079999923706055,21.675416946411133
2017-06-19,21.71575340798169,21.897245379447277,21.46800120686096,21.750324249267578,48285300.0,0.0,0.0,25.166667938232422,21.750324249267578
2017-06-20,21.859796426889833,21.871320591020584,21.698469668059335,21.76184844970703,30057600.0,0.0,0.0,25.18000030517578,21.76184844970703
2017-06-21,21.77913137374295,22.070095467208127,21.773368468124264,21.963504791259766,27034200.0,0.0,0.0,25.413333892822266,21.963504791259766
2017-06-22,21.90300338423135,21.911646093269372,21.69270350854292,21.756080627441406,24333900.0,0.0,0.0,25.17333221435547,21.756080627441406
2017-06-23,21.77913063620943,21.830985246022923,21.476642390178792,21.5601863861084,39240900.0,0.0,0.0,24.946666717529297,21.5601863861084
2017-06-26,21.591877307421324,21.8741987013995,21.583234597099853,21.750324249267578,25762500.0,0.0,0.0,25.166667938232422,21.750324249267578
2017-06-27,21.750322382188084,22.00095436628239,21.735916767269934,21.89724349975586,19363200.0,0.0,0.0,25.336666107177734,21.89724349975586
2017-06-28,21.966384925323077,22.124830203328727,21.934693891608006,22.041284561157227,20966700.0,0.0,0.0,25.503332138061523,22.041284561157227
2017-06-29,21.96638344431375,21.986548666123824,21.747439214704176,21.874195098876953,21190500.0,0.0,0.0,25.309999465942383,21.874195098876953
2017-06-30,21.917405059571873,21.972139459596274,21.79929025518239,21.80217170715332,20889900.0,0.0,0.0,25.226667404174805,21.80217170715332
2017-07-03,21.848263840945517,21.99230511140307,21.629319659233566,21.709983825683594,14545800.0,0.0,0.0,25.1200008392334,21.709983825683594
2017-07-05,21.764725833627992,21.87996086840414,21.655255352918903,21.698467254638672,18110700.0,0.0,0.0,25.106666564941406,21.698467254638672
2017-07-06,21.707103593246405,21.8857157017667,21.67541421524862,21.741674423217773,18485400.0,0.0,0.0,25.156667709350586,21.741674423217773
2017-07-07,21.793534054390552,21.842507210259676,21.620683161458288,21.70134735107422,15921300.0,0.0,0.0,25.110000610351562,21.70134735107422
2017-07-10,21.649490912273038,21.695584263544,21.067562764584203,21.096370697021484,45200100.0,0.0,0.0,24.40999984741211,21.096370697021484
2017-07-11,21.13958395504313,21.332600081955583,21.12517998789825,21.165512084960938,22597800.0,0.0,0.0,24.489999771118164,21.165512084960938
2017-07-12,21.22024676085902,21.378693685943237,21.22024676085902,21.30091094970703,17100600.0,0.0,0.0,24.64666748046875,21.30091094970703
2017-07-13,21.511211545173605,21.678299536757816,21.46511819243118,21.620683670043945,24481500.0,0.0,0.0,25.016666412353516,21.620683670043945
2017-07-14,21.97213888919808,22.055684509907096,21.86842969892763,21.992305755615234,27455700.0,0.0,0.0,25.446666717529297,21.992305755615234
2017-07-17,21.977908904322472,22.144996902948996,21.94910096975136,22.00095558166504,26506800.0,0.0,0.0,25.456666946411133,22.00095558166504
2017-07-18,21.966386206413954,22.049928556601124,21.894363073730887,21.951980590820312,12944700.0,0.0,0.0,25.399999618530273,21.951980590820312
2017-07-19,21.917404192441907,21.9577362762997,21.779124175010487,21.85690689086914,15940800.0,0.0,0.0,25.290000915527344,21.85690689086914
2017-07-20,21.88860298942952,21.96638572917474,21.807938796942498,21.90012550354004,14896200.0,0.0,0.0,25.34000015258789,21.90012550354004
2017-07-21,21.848265340739413,21.960617242691793,21.7647197167426,21.937570571899414,21459900.0,0.0,0.0,25.383333206176758,21.937570571899414
2017-07-24,21.90300654322446,22.228541487418447,21.90300654322446,22.150758743286133,22164000.0,0.0,0.0,25.6299991607666,22.150758743286133
2017-07-25,22.35817445470363,22.71827849434945,22.294795695353553,22.620328903198242,34512000.0,0.0,0.0,26.17333221435547,22.620328903198242
2017-07-26,22.62897558014157,22.807587729442982,22.453244883471644,22.72980499267578,20148300.0,0.0,0.0,26.299999237060547,22.72980499267578
2017-07-27,22.677957816370295,23.006374290000686,22.608817766410553,22.983325958251953,24157500.0,0.0,0.0,26.593332290649414,22.983325958251953
2017-07-28,22.989082628495638,23.0351759826304,22.91417969170537,22.991962432861328,14925600.0,0.0,0.0,26.60333251953125,22.991962432861328
2017-07-31,22.994840812409596,23.144645017540523,22.9573901732339,23.04381561279297,18789600.0,0.0,0.0,26.663333892822266,23.04381561279297
2017-08-01,23.118718845946454,23.256998901561964,23.04669901391439,23.190738677978516,17179500.0,0.0,0.0,26.833332061767578,23.190738677978516
2017-08-02,23.144644560022147,23.366468586710536,23.133120399042276,23.199378967285156,26019000.0,0.0,0.0,26.843332290649414,23.199378967285156
2017-08-03,23.432723703170065,23.55371830928083,23.239707634721626,23.297325134277344,29840700.0,0.0,0.0,26.956666946411133,23.297325134277344
2017-08-04,23.352064548229592,23.45001249832336,23.10719384878111,23.18497657775879,21425400.0,0.0,0.0,26.82666778564453,23.18497657775879
2017-08-07,23.210906686966243,23.464420134682868,23.202263977013267,23.41544532775879,16453500.0,0.0,0.0,27.093332290649414,23.41544532775879
2017-08-08,23.383758465772228,23.582535856857284,23.305975721707913,23.50475311279297,22144200.0,0.0,0.0,27.196666717529297,23.50475311279297
2017-08-09,23.51344652506212,23.768554564182814,23.45256867762157,23.65839385986328,19819500.0,0.17,0.0,27.203332901000977,23.65839385986328
2017-08-10,23.501847898614976,23.597514027286188,23.35110308121441,23.382991790771484,24135000.0,0.0,0.0,26.886667251586914,23.382991790771484
2017-08-11,23.403285229149475,23.554030055420856,23.29602410458017,23.307619094848633,23716500.0,0.0,0.0,26.799999237060547,23.307619094848633
2017-08-14,23.36269975859817,23.551132452758658,23.336608541949253,23.394588470458984,23376000.0,0.0,0.0,26.899999618530273,23.394588470458984
2017-08-15,23.4322787146902,23.597519797675645,23.34820921384409,23.414884567260742,21198300.0,0.0,0.0,26.92333221435547,23.414884567260742
2017-08-16,23.55983090485985,23.609113764039748,23.348206558660145,23.47576141357422,34608000.0,0.0,0.0,26.99333381652832,23.47576141357422
2017-08-17,22.85827796377611,23.136577600332842,22.707533156706223,23.104690551757812,51881100.0,0.0,0.0,26.566667556762695,23.104690551757812
2017-08-18,23.08150109776442,23.29312376299071,22.98293538973355,22.99163246154785,29259000.0,0.0,0.0,26.43666648864746,22.99163246154785
2017-08-21,22.936551186761612,23.21195292044189,22.840885059462657,23.107589721679688,28841700.0,0.0,0.0,26.56999969482422,23.107589721679688
2017-08-22,23.133682503488263,23.238044050524696,23.107591287330713,23.197458267211914,19638300.0,0.0,0.0,26.67333221435547,23.197458267211914
2017-08-23,23.293125687712273,23.354003536645916,23.156875421889065,23.18006706237793,23397900.0,0.0,0.0,26.65333366394043,23.18006706237793
2017-08-24,23.368494666758693,23.446764984890596,22.56838241499793,22.710430145263672,57384000.0,0.0,0.0,26.113332748413086,22.710430145263672
2017-08-25,22.756819616699524,22.92785651068994,22.75102046258698,22.794504165649414,29706600.0,0.0,0.0,26.209999084472656,22.794504165649414
2017-08-28,22.73073185821747,22.745226428110396,22.571288271800906,22.62057113647461,25864500.0,0.0,0.0,26.010000228881836,22.62057113647461
2017-08-29,22.516203281388286,22.895968233207363,22.4669204268476,22.8350887298584,22995600.0,0.0,0.0,26.25666618347168,22.8350887298584
2017-08-30,22.8495891931637,22.93076077937761,22.76262011044802,22.76841926574707,17489400.0,0.0,0.0,26.18000030517578,22.76841926574707
2017-08-31,22.78580815694376,22.829291858870466,22.629264175932573,22.63216209411621,24584400.0,0.0,0.0,26.023332595825195,22.63216209411621
2017-09-01,22.701737325197513,22.756819335805144,22.672748190180375,22.719131469726562,19423200.0,0.0,0.0,26.123332977294922,22.719131469726562
2017-09-05,22.597373114971845,23.159769898552764,22.582878549169887,23.13368034362793,36205500.0,0.0,0.0,26.600000381469727,23.13368034362793
2017-09-06,23.156873113350787,23.307617932101966,23.11048983699707,23.21485137939453,25278300.0,0.0,0.0,26.69333267211914,23.21485137939453
2017-09-07,23.284428237313445,23.411983087330686,23.19166333566038,23.226449966430664,20462400.0,0.0,0.0,26.706666946411133,23.226449966430664
2017-09-08,23.11629208268623,23.156877872536096,22.533601431689664,22.866981506347656,29998800.0,0.0,0.0,26.293333053588867,22.866981506347656
2017-09-11,22.945247428191003,23.003227349583,22.80319803075781,22.924955368041992,21000600.0,0.0,0.0,26.360000610351562,22.924955368041992
2017-09-12,22.98873509963147,23.165572812232455,22.951048890669668,23.078603744506836,18015000.0,0.0,0.0,26.536666870117188,23.078603744506836
2017-09-13,23.07860277398473,23.388791164084076,23.072805278726022,23.151077270507812,26471100.0,0.0,0.0,26.6200008392334,23.151077270507812
2017-09-14,23.130780920408625,23.139477991706844,22.96554154213265,23.098892211914062,20817900.0,0.0,0.0,26.559999465942383,23.098892211914062
2017-09-15,23.13658539016165,23.4090892828683,22.980041377192705,23.30182647705078,39953400.0,0.0,0.0,26.793333053588867,23.30182647705078
2017-09-18,23.25254159107794,23.516346709330136,23.177167515293757,23.19166374206543,24528300.0,0.0,0.0,26.666667938232422,23.19166374206543
2017-09-19,23.243845553294527,23.32501546932571,23.104695703986458,23.206157684326172,18523200.0,0.0,0.0,26.683332443237305,23.206157684326172
2017-09-20,23.240936810400772,23.35399539632717,23.153967774182405,23.33660125732422,15954600.0,0.0,0.0,26.833332061767578,23.33660125732422
2017-09-21,23.356900562983007,23.356900562983007,23.110489617048636,23.19455909729004,19290900.0,0.0,0.0,26.670000076293945,23.19455909729004
2017-09-22,23.159773847568136,23.214854202285466,22.97424237838973,23.05541229248047,17265900.0,0.0,0.0,26.510000228881836,23.05541229248047
2017-09-25,22.87857041395142,23.220647446286566,22.861176272931797,22.94524574279785,25643400.0,0.0,0.0,26.383333206176758,22.94524574279785
2017-09-26,22.91336598511179,23.058313346353444,22.878579348284575,23.014829635620117,17505900.0,0.0,0.0,26.463333129882812,23.014829635620117
2017-09-27,23.023526057077028,23.0670097665781,22.806104191977308,22.98583984375,18943800.0,0.0,0.0,26.43000030517578,22.98583984375
2017-09-28,22.901762881118746,22.92495617753188,22.646656526135512,22.887269973754883,37118400.0,0.0,0.0,26.316667556762695,22.887269973754883
2017-09-29,22.858281465925426,22.90176516875086,22.606073003703433,22.652456283569336,31060200.0,0.0,0.0,26.046667098999023,22.652456283569336
2017-10-02,22.582882915654608,22.852485541052502,22.466923049224217,22.742324829101562,23127600.0,0.0,0.0,26.149999618530273,22.742324829101562
2017-10-03,22.85248916188976,23.093102688202322,22.829297516688516,22.96554946899414,23810100.0,0.0,0.0,26.406667709350586,22.96554946899414
2017-10-04,22.98003722059802,23.127884132904445,22.922058950013426,22.9278564453125,18520200.0,0.0,0.0,26.363332748413086,22.9278564453125
2017-10-05,22.951045434126573,23.136578532640605,22.924955878896004,23.020620346069336,15416100.0,0.0,0.0,26.469999313354492,23.020620346069336
2017-10-06,22.83799195786054,22.951050593132408,22.684345874669432,22.90176773071289,18740100.0,0.0,0.0,26.333332061767578,22.90176773071289
2017-10-09,23.046716531057324,23.591720954893006,23.01772739286101,23.345308303833008,40479000.0,0.0,0.0,26.843332290649414,23.345308303833008
2017-10-10,23.96857843111065,24.606349256665034,23.948286371463524,24.388927459716797,75372000.0,0.0,0.0,28.043333053588867,24.388927459716797
2017-10-11,24.51938622562666,25.015107778960633,24.380236374122287,24.852767944335938,55683000.0,0.0,0.0,28.57666778564453,24.852767944335938
2017-10-12,24.844069491554894,25.038299689176167,24.6585347077223,24.96002769470215,38631000.0,0.0,0.0,28.700000762939453,24.96002769470215
2017-10-13,25.000617833173987,25.206443057546192,25.000617833173987,25.110776901245117,28167000.0,0.0,0.0,28.873332977294922,25.110776901245117
2017-10-16,25.09917827001429,25.110773261268466,24.646940435160673,24.85566520690918,27900900.0,0.0,0.0,28.579999923706055,24.85566520690918
2017-10-17,24.786089718326,25.035400271378503,24.733908941276894,24.92523956298828,17554500.0,0.0,0.0,28.65999984741211,24.92523956298828
2017-10-18,24.97452185589605,25.038299281287316,24.93393607075643,24.994813919067383,16416300.0,0.0,0.0,28.739999771118164,24.994813919067383
2017-10-19,24.974518518911804,25.122365413111016,24.86435782773643,25.0469913482666,21087000.0,0.0,0.0,28.799999237060547,25.0469913482666
2017-10-20,25.10496724416086,25.35137814204075,25.01220071042742,25.348480224609375,22853400.0,0.0,0.0,29.14666748046875,25.348480224609375
2017-10-23,25.319493629297988,25.777528880114442,25.296301992026226,25.699256896972656,31758000.0,0.0,0.0,29.549999237060547,25.699256896972656
2017-10-24,25.710856770250757,25.742745482849234,25.4847378637869,25.50503158569336,23102700.0,0.0,0.0,29.32666778564453,25.50503158569336
2017-10-25,25.467345330314934,25.68476717811796,25.3455896263603,25.649980545043945,19224000.0,0.0,0.0,29.49333381652832,25.649980545043945
2017-10-26,25.7021639165454,25.83261670662614,25.51663076464439,25.690568923950195,19454700.0,0.0,0.0,29.540000915527344,25.690568923950195
2017-10-27,25.551413019809402,25.623887516892157,25.264416267325526,25.560110092163086,19851000.0,0.0,0.0,29.389999389648438,25.560110092163086
2017-10-30,25.493436746897345,25.49633632417477,25.044098479126482,25.206439971923828,21156000.0,0.0,0.0,28.983333587646484,25.206439971923828
2017-10-31,25.18034588195875,25.354284005237712,25.104973469309748,25.31079864501953,18020700.0,0.0,0.0,29.10333251953125,25.31079864501953
2017-11-01,25.241224782588294,25.626787251587807,25.220932719502827,25.49343490600586,18528300.0,0.0,0.0,29.31333351135254,25.49343490600586
2017-11-02,25.591997961298727,25.850005569967202,25.45284812581847,25.74274444580078,15549300.0,0.0,0.0,29.600000381469727,25.74274444580078
2017-11-03,25.806523845298482,26.055834417023128,25.731151421827303,25.99785614013672,19536300.0,0.0,0.0,29.893333435058594,25.99785614013672
2017-11-06,25.92248709313804,25.99785952642668,25.707963127843502,25.713762283325195,15772200.0,0.0,0.0,29.566667556762695,25.713762283325195
2017-11-07,25.76303654065562,25.818116891285783,25.600695065723464,25.78622817993164,16047900.0,0.0,0.0,29.649999618530273,25.78622817993164
2017-11-08,25.832605166677677,26.212368374676778,25.829707249222047,26.165985107421875,20302500.0,0.0,0.0,30.086666107177734,26.165985107421875
2017-11-09,26.073226205232267,26.255861410258397,25.90218764981275,26.177589416503906,20713500.0,0.0,0.0,30.100000381469727,26.177589416503906
2017-11-10,26.160191044438694,26.58054008111077,26.14859605550261,26.35732078552246,22943400.0,0.0,0.0,30.30666732788086,26.35732078552246
2017-11-13,26.392113358507615,26.66461556547356,26.342832156228834,26.37761878967285,25474800.0,0.0,0.0,30.329999923706055,26.37761878967285
2017-11-14,26.29354614818782,26.438493477984384,26.142799664513763,26.406604766845703,29502300.0,0.0,0.0,30.363332748413086,26.406604766845703
2017-11-15,26.189184884616747,26.337031802314545,25.989157189730605,26.041337966918945,25300200.0,0.0,0.0,29.94333267211914,26.041337966918945
2017-11-16,27.57488666606671,28.896810153991844,27.45892846537152,28.879419326782227,114367200.0,0.0,0.0,33.206668853759766,28.879419326782227
2017-11-17,28.769255357154044,29.027261287678414,27.998130507131133,28.256139755249023,70726500.0,0.0,0.0,32.4900016784668,28.256139755249023
2017-11-20,27.95755115231358,28.30542411544307,27.760421370490022,28.25904083251953,49182900.0,0.0,0.0,32.49333190917969,28.25904083251953
2017-11-21,28.33440728337874,28.386586386069375,27.922753708858178,27.980731964111328,38239500.0,0.0,0.0,32.17333221435547,27.980731964111328
2017-11-22,28.018425298346035,28.064808575135356,27.861881324482876,27.948848724365234,26754600.0,0.0,0.0,32.13666534423828,27.948848724365234
2017-11-24,28.08219839275004,28.18655992005138,27.983632700658525,28.00972557067871,13488300.0,0.0,0.0,32.206668853759766,28.00972557067871
2017-11-27,28.07639923994708,28.308315588168465,27.91695571379702,28.00972557067871,26714700.0,0.0,0.0,32.206668853759766,28.00972557067871
2017-11-28,28.001030689887735,28.08799808832598,27.777811381395345,28.053213119506836,26128800.0,0.0,0.0,32.25666809082031,28.053213119506836
2017-11-29,28.183657067169932,28.485149943604366,28.08509138653713,28.282222747802734,34272000.0,0.0,0.0,32.52000045776367,28.282222747802734
2017-11-30,28.43587978510824,28.53734176946265,27.97784277284905,28.186569213867188,38564100.0,0.0,0.0,32.40999984741211,28.186569213867188
2017-12-01,28.2967278560323,28.325716992294257,27.89667246746693,28.221355438232422,24888600.0,0.0,0.0,32.45000076293945,28.221355438232422
2017-12-04,28.331513884639204,28.39818756568098,28.02712134300293,28.122787475585938,26869500.0,0.0,0.0,32.336666107177734,28.122787475585938
2017-12-05,28.11988902087395,28.392392862524233,28.09669903982797,28.360504150390625,27030300.0,0.0,0.0,32.61000061035156,28.360504150390625
2017-12-06,28.406888093943312,28.45037179761612,28.189466257985334,28.201061248779297,21423000.0,0.0,0.0,32.426666259765625,28.201061248779297
2017-12-07,28.285573131863732,28.437115756512927,28.166090615288056,28.2039737701416,22507800.0,0.17,0.0,32.2599983215332,28.2039737701416
2017-12-08,28.06408951320841,28.18066050196553,28.017461784721203,28.136947631835938,17463300.0,0.0,0.0,32.18333435058594,28.136947631835938
2017-12-11,28.25642762532391,28.346768215888478,28.061175488783643,28.2476863861084,26786700.0,0.0,0.0,32.310001373291016,28.2476863861084
2017-12-12,28.22437693815257,28.338033082912155,28.15152214539829,28.1806640625,23431800.0,0.0,0.0,32.233333587646484,28.1806640625
2017-12-13,28.169004328486878,28.533281580340155,28.136947556795032,28.48956871032715,23638200.0,0.0,0.0,32.586666107177734,28.48956871032715
2017-12-14,28.5595142961591,28.725624549767033,28.297233719643984,28.30597496032715,28157400.0,0.0,0.0,32.37666702270508,28.30597496032715
2017-12-15,28.474997099320206,28.702309354289497,28.24185846286332,28.300142288208008,48428400.0,0.0,0.0,32.369998931884766,28.300142288208008
2017-12-18,28.3788257160229,28.609049485513026,28.37299933475507,28.530364990234375,23893200.0,0.0,0.0,32.633331298828125,28.530364990234375
2017-12-19,29.116131387370366,29.116131387370366,28.64402436215346,28.792652130126953,36036600.0,0.0,0.0,32.93333435058594,28.792652130126953
2017-12-20,28.982076717390974,29.040360544745393,28.690650910462395,28.778079986572266,32189400.0,0.0,0.0,32.91666793823242,28.778079986572266
2017-12-21,28.85093441016248,28.947104725142204,28.55368222526071,28.576997756958008,22107300.0,0.0,0.0,32.686668395996094,28.576997756958008
2017-12-22,28.64402829604364,28.68191479163571,28.466261923856276,28.620716094970703,16436100.0,0.0,0.0,32.73666763305664,28.620716094970703
2017-12-26,28.661506636191252,28.979159472251425,28.661506636191252,28.897560119628906,12887700.0,0.0,0.0,33.0533332824707,28.897560119628906
2017-12-27,29.014133482828193,29.02578958128077,28.801392176907942,28.92670440673828,15422400.0,0.0,0.0,33.086666107177734,28.92670440673828
2017-12-28,29.00247613429286,29.031621385136916,28.88590847123055,28.967504501342773,29291700.0,0.0,0.0,33.133331298828125,28.967504501342773
2017-12-29,28.967502425474127,29.052016643200627,28.778079986572266,28.778079986572266,21432900.0,0.0,0.0,32.91666793823242,28.778079986572266
2018-01-02,28.93836504311439,29.081163110555366,28.711056079792012,28.731456756591797,30451500.0,0.0,0.0,32.86333465576172,28.731456756591797
2018-01-03,28.807214244828504,29.14234949813358,28.783898719035815,28.98206901550293,26710800.0,0.0,0.0,33.150001525878906,28.98206901550293
2018-01-04,29.008296966552738,29.078236875952594,28.82470095241597,29.008296966552734,20491200.0,0.0,0.0,33.18000030517578,29.008296966552734
2018-01-05,29.037448295238768,29.253101143888095,29.02870705438154,29.180246353149414,21852000.0,0.0,0.0,33.37666702270508,29.180246353149414
2018-01-08,29.215213467685594,29.65234881465806,29.20355403490807,29.611547470092773,26531700.0,0.0,0.0,33.869998931884766,29.611547470092773
2018-01-09,29.733943388777607,29.827202171075974,29.2326978612758,29.256010055541992,21938100.0,0.0,0.0,33.46333312988281,29.256010055541992
2018-01-10,29.06950388762721,29.110301901765492,28.713967854175756,29.046188354492188,23791200.0,0.0,0.0,33.223331451416016,29.046188354492188
2018-01-11,29.054930276115396,29.273497954554042,28.78682001248379,29.14818572998047,19613100.0,0.0,0.0,33.34000015258789,29.14818572998047
2018-01-12,29.256017519798394,29.56201099184872,29.229790460788,29.39590072631836,20853600.0,0.0,0.0,33.62333297729492,29.39590072631836
2018-01-16,29.532864876069823,29.69897845306655,29.241442404347385,29.34343910217285,21512100.0,0.0,0.0,33.563331604003906,29.34343910217285
2018-01-17,29.47750608231318,29.999152520111604,29.346364090476815,29.92921257019043,26045700.0,0.0,0.0,34.233333587646484,29.92921257019043
2018-01-18,30.523710119873023,30.581993953892276,30.197315980255148,30.395483016967773,36923700.0,0.0,0.0,34.766666412353516,30.395483016967773
2018-01-19,30.4945685935792,30.579079486974194,30.208972467099837,30.479997634887695,25135800.0,0.0,0.0,34.86333465576172,30.479997634887695
2018-01-22,30.45376078920365,30.730615615844727,30.319707330626823,30.730615615844727,21924900.0,0.0,0.0,35.150001525878906,30.730615615844727
2018-01-23,30.683992831775967,30.934613975544845,30.474166368175037,30.861759185791016,24863400.0,0.0,0.0,35.29999923706055,30.861759185791016
2018-01-24,30.99289343850117,31.019120489277572,30.547013564836302,30.829694747924805,20469300.0,0.0,0.0,35.26333236694336,30.829694747924805
2018-01-25,30.847184352537404,31.12695071213953,30.847184352537404,31.065752029418945,17571300.0,0.0,0.0,35.53333282470703,31.065752029418945
2018-01-26,31.182333165330814,31.593238263791275,31.089077681769396,31.587411880493164,20358900.0,0.0,0.0,36.130001068115234,31.587411880493164
2018-01-29,31.5058111572696,32.05077307457271,31.47083951865317,31.925460815429688,25065600.0,0.0,0.0,36.516666412353516,31.925460815429688
2018-01-30,31.805971731788404,31.870085277703748,31.226038295163708,31.395063400268555,27541500.0,0.0,0.0,35.90999984741211,31.395063400268555
2018-01-31,31.406717071741653,31.526202914021237,30.91129789349765,31.065752029418945,29438400.0,0.0,0.0,35.53333282470703,31.065752029418945
2018-02-01,30.879249455388127,31.054104311091322,30.651940477529262,30.751022338867188,19160400.0,0.0,0.0,35.17333221435547,30.751022338867188
2018-02-02,30.64318532838708,31.027866545232815,30.35176289281005,30.447933197021484,27759300.0,0.0,0.0,34.82666778564453,30.447933197021484
2018-02-05,30.13320002159599,30.485821191337475,28.294317857543994,29.168588638305664,37684800.0,0.0,0.0,33.36333465576172,29.168588638305664
2018-02-06,28.45460526427539,29.457103379949928,28.340952436568877,29.404645919799805,49241400.0,0.0,0.0,33.633331298828125,29.404645919799805
2018-02-07,29.288072524498812,30.479996234143943,29.145274467821583,29.972917556762695,33495600.0,0.0,0.0,34.28333282470703,29.972917556762695
2018-02-08,30.08365512689161,30.15650990801179,29.142356013459615,29.14818572998047,41925300.0,0.0,0.0,33.34000015258789,29.14818572998047
2018-02-09,29.296809486693366,29.462923052993027,28.101974428003693,28.958759307861328,42553800.0,0.0,0.0,33.12333297729492,28.958759307861328
2018-02-12,29.180246045787317,29.273501510981966,28.792653227014473,29.011220932006836,27405300.0,0.0,0.0,33.18333435058594,29.011220932006836
2018-02-13,28.94710546793366,29.497896981901228,28.94710546793366,29.427953720092773,19868400.0,0.0,0.0,33.65999984741211,29.427953720092773
2018-02-14,29.392984945497176,29.7980635934468,29.203559150616208,29.63778305053711,21922800.0,0.0,0.0,33.900001525878906,29.63778305053711
2018-02-15,29.885493087110316,30.20314265363891,29.67566661350911,30.083660125732422,22484700.0,0.0,0.0,34.40999984741211,30.083660125732422
2018-02-16,30.042856030592095,30.581988061550906,29.719373476938827,30.53536033630371,48192900.0,0.0,0.0,34.926666259765625,30.53536033630371
2018-02-20,28.26517747971833,28.54202901932515,27.42296175878932,27.42587661743164,156265500.0,0.0,0.0,31.3700008392334,27.42587661743164
2018-02-21,27.717298026243437,27.78432643206933,26.58948956916734,26.67108726501465,148511100.0,0.0,0.0,30.50666618347168,26.67108726501465
2018-02-22,26.644858182466766,27.21604701258491,26.609886552949003,27.035364151000977,61095000.0,0.0,0.0,30.92333221435547,27.035364151000977
2018-02-23,27.067420529919666,27.245190198160056,26.74102644100005,27.070335388183594,38374500.0,0.0,0.0,30.963333129882812,27.070335388183594
2018-02-26,27.07324799033809,27.33552851590697,26.875079333381464,27.137361526489258,44097900.0,0.0,0.0,31.040000915527344,27.137361526489258
2018-02-27,27.285990678784465,27.3122194029171,26.668172406486843,26.67108726501465,40128300.0,0.0,0.0,30.50666618347168,26.67108726501465
2018-02-28,26.8109644613757,26.840106368165756,26.228116320342277,26.231029510498047,42431100.0,0.0,0.0,30.003332138061523,26.231029510498047
2018-03-01,26.277663369797157,26.28057656044891,25.56076166845852,25.960010528564453,56728800.0,0.0,0.0,29.69333267211914,25.960010528564453
2018-03-02,25.432533630609,25.907553777928975,25.423790723905082,25.86966896057129,57130200.0,0.0,0.0,29.59000015258789,25.86966896057129
2018-03-05,25.686069579783997,26.37383096614965,25.66567057716444,26.2222900390625,40149600.0,0.0,0.0,29.99333381652832,26.2222900390625
2018-03-06,26.33011832416648,26.37383285797098,25.828869453467945,25.954181671142578,33164100.0,0.0,0.0,29.68666648864746,25.954181671142578
2018-03-07,25.63944728330828,25.799729472476866,25.452934704355968,25.56950569152832,34359000.0,0.0,0.0,29.246667861938477,25.56950569152832
2018-03-08,25.73074217166421,25.836280876427583,25.604682844229455,25.774717330932617,28766100.0,0.173333,0.0,29.30666732788086,25.774717330932617
2018-03-09,25.868531563612635,26.009248733520508,25.660386368031617,26.009248733520508,29263200.0,0.0,0.0,29.573333740234375,26.009248733520508
2018-03-12,26.00338164978933,26.220320164922807,25.76298859939096,25.818689346313477,25422000.0,0.0,0.0,29.356666564941406,25.818689346313477
2018-03-13,25.91250875941657,26.06202098353084,25.792313874673834,25.886123657226562,21519000.0,0.0,0.0,29.433332443237305,25.886123657226562
2018-03-14,25.94768357635141,26.08840242413324,25.65159308434283,25.70142936706543,33121800.0,0.0,0.0,29.22333335876465,25.70142936706543
2018-03-15,25.704359899036838,26.02976770472004,25.182532502336464,25.654521942138672,49845600.0,0.0,0.0,29.170000076293945,25.654521942138672
2018-03-16,25.716090513888687,26.41088309968833,25.651596393957067,26.14117431640625,85188000.0,0.0,0.0,29.72333335876465,26.14117431640625
2018-03-19,26.064944458988005,26.11478073195283,25.534322098743456,25.63692855834961,36160200.0,0.0,0.0,29.149999618530273,25.63692855834961
2018-03-20,25.757130830964115,25.842147247338108,25.613481419946762,25.78351593017578,24774000.0,0.0,0.0,29.316667556762695,25.78351593017578
2018-03-21,25.765924293154935,26.29068226617741,25.704360742895442,25.850940704345703,35508000.0,0.0,0.0,29.393333435058594,25.850940704345703
2018-03-22,25.660386914015348,25.87732546953561,25.502081352611413,25.54605484008789,36744600.0,0.0,0.0,29.046667098999023,25.54605484008789
2018-03-23,25.607613721941274,25.7072879485263,25.000769976082665,25.041812896728516,30375300.0,0.0,0.0,28.47333335876465,25.041812896728516
2018-03-26,25.276346681272948,25.707293243108822,25.244098785372454,25.651594161987305,27599400.0,0.0,0.0,29.166667938232422,25.651594161987305
2018-03-27,25.78644139895079,25.809894256682014,25.05940280928285,25.226503372192383,19637400.0,0.0,0.0,28.683332443237305,25.226503372192383
2018-03-28,25.288067748151093,25.868528092995614,25.267547126014687,25.730741500854492,34728900.0,0.0,0.0,29.25666618347168,25.730741500854492
2018-03-29,25.76885658882492,26.1910097915164,25.730745896928557,26.08254051208496,27823800.0,0.0,0.0,29.656667709350586,26.08254051208496
2018-04-02,25.79816915576555,25.86852941234921,24.87178203631885,25.079925537109375,57386700.0,0.0,0.0,28.516666412353516,25.079925537109375
2018-04-03,25.285137120462057,25.490350051190777,25.079924189733337,25.446374893188477,29086500.0,0.0,0.0,28.933332443237305,25.446374893188477
2018-04-04,25.0945877560639,25.651595368283584,25.047682028453938,25.569509506225586,19609800.0,0.0,0.0,29.073333740234375,25.569509506225586
2018-04-05,25.680908144058495,25.900778927218308,25.51966867508479,25.74247169494629,19142700.0,0.0,0.0,29.270000457763672,25.74247169494629
2018-04-06,25.455170502294397,25.768852700744088,25.249957566909977,25.41412925720215,19050000.0,0.0,0.0,28.89666748046875,25.41412925720215
2018-04-09,25.46104188504244,25.636937536336422,25.28221399652575,25.2939395904541,25104300.0,0.0,0.0,28.760000228881836,25.2939395904541
2018-04-10,25.458106872535478,25.534328257204315,25.112176727141595,25.343774795532227,27382200.0,0.0,0.0,28.816667556762695,25.343774795532227
2018-04-11,25.211851865218268,25.46396887413754,25.1532188713545,25.185466766357422,18837000.0,0.0,0.0,28.636667251586914,25.185466766357422
2018-04-12,25.26755156986264,25.45517447089853,25.038885739854887,25.044750213623047,20568900.0,0.0,0.0,28.476667404174805,25.044750213623047
2018-04-13,25.17959980761149,25.29100131072107,24.974388543044338,25.217710494995117,22677600.0,0.0,0.0,28.67333221435547,25.217710494995117
2018-04-16,25.270482198187274,25.69556593534396,25.247029337050648,25.458105087280273,21062100.0,0.0,0.0,28.946666717529297,25.458105087280273
2018-04-17,25.64572324764403,25.848003927964445,25.625202626988568,25.768850326538086,20405700.0,0.0,0.0,29.299999237060547,25.768850326538086
2018-04-18,25.856804073452153,25.962342788723163,25.65452335312044,25.6721134185791,17562000.0,0.0,0.0,29.190000534057617,25.6721134185791
2018-04-19,25.625209184202593,25.80989984980402,25.38188552282672,25.765926361083984,19764900.0,0.0,0.0,29.296667098999023,25.765926361083984
2018-04-20,25.76005726450745,25.909567760581595,25.40826273086274,25.499143600463867,24974700.0,0.0,0.0,28.99333381652832,25.499143600463867
2018-04-23,25.47276152313962,25.52846227497891,25.217710623797565,25.241165161132812,22081500.0,0.0,0.0,28.700000762939453,25.241165161132812
2018-04-24,25.437586147029307,25.478629078812613,25.08579318348922,25.36722755432129,25409100.0,0.0,0.0,28.843332290649414,25.36722755432129
2018-04-25,25.30565961016343,25.710222706238586,25.179600277054604,25.554847717285156,20281200.0,0.0,0.0,29.05666732788086,25.554847717285156
2018-04-26,25.554846957869042,25.891982022505882,25.47569334745614,25.780580520629883,17347500.0,0.0,0.0,29.31333351135254,25.780580520629883
2018-04-27,25.76006135438795,25.768854709392585,25.528463305550787,25.59002685546875,16953300.0,0.0,0.0,29.09666633605957,25.59002685546875
2018-04-30,25.780582828482093,26.284820191071763,25.77472003245874,25.933027267456055,26057700.0,0.0,0.0,29.48666763305664,25.933027267456055
2018-05-01,25.701429281957953,25.801103524554076,25.31445622617156,25.625207901000977,20873100.0,0.0,0.0,29.136667251586914,25.625207901000977
2018-05-02,25.543115947131483,25.578294392449514,25.258749438604813,25.311519622802734,18249000.0,0.0,0.0,28.780000686645508,25.311519622802734
2018-05-03,25.26754671901253,25.29686237230112,24.95386453187856,25.279273986816406,20628300.0,0.0,0.0,28.74333381652832,25.279273986816406
2018-05-04,25.211848348779665,25.82748547233729,25.024223801073262,25.660383224487305,20914500.0,0.0,0.0,29.176666259765625,25.660383224487305
2018-05-07,25.648656793837624,25.65158903014416,24.997837887206032,25.05647087097168,32350800.0,0.0,0.0,28.489999771118164,25.05647087097168
2018-05-08,25.071126251929506,25.16786991083945,24.895230672752096,25.135622024536133,19654200.0,0.0,0.0,28.579999923706055,25.135622024536133
2018-05-09,24.20337844334517,24.531718529992975,24.03920672254016,24.349958419799805,96795600.0,0.0,0.0,27.68666648864746,24.349958419799805
2018-05-10,24.379456828633543,24.712814431775975,24.193600946479897,24.394207000732422,47572800.0,0.173333,0.0,27.56333351135254,24.394207000732422
2018-05-11,24.39420419440043,24.639060736781065,24.175898971572682,24.597759246826172,29804400.0,0.0,0.0,27.793333053588867,24.597759246826172
2018-05-14,24.74821801565918,25.013724509066854,24.677416171547193,24.895721435546875,28497600.0,0.0,0.0,28.1299991607666,24.895721435546875
2018-05-15,24.79836643058441,25.040272274908475,24.721663177660638,24.93406867980957,27968700.0,0.0,0.0,28.17333221435547,24.93406867980957
2018-05-16,25.037328200189474,25.40903663635254,24.99897741017499,25.40903663635254,41200800.0,0.0,0.0,28.709999084472656,25.40903663635254
2018-05-17,25.67748739530561,25.839742644608187,24.7364137015458,24.92521858215332,89162100.0,0.0,0.0,28.163333892822266,24.92521858215332
2018-05-18,24.85146678966066,24.91046916064846,24.630210852541868,24.674461364746094,36129300.0,0.0,0.0,27.8799991607666,24.674461364746094
2018-05-21,24.821967301196068,24.939970359177998,24.727564854810524,24.931119918823242,32147100.0,0.0,0.0,28.170000076293945,24.931119918823242
2018-05-22,24.928173608610805,25.01962535547483,24.571211998324827,24.59481430053711,24201900.0,0.0,0.0,27.790000915527344,24.59481430053711
2018-05-23,24.470910338296765,24.49156024311685,24.240803923226867,24.488611221313477,28197600.0,0.0,0.0,27.670000076293945,24.488611221313477
2018-05-24,24.48566227237072,24.48566227237072,24.12575163150613,24.441410064697266,25728600.0,0.0,0.0,27.616666793823242,24.441410064697266
2018-05-25,24.441407331455384,24.585961713608196,24.285053487275242,24.32635498046875,17740500.0,0.0,0.0,27.48666763305664,24.32635498046875
2018-05-29,24.178846776572712,24.34405104003333,24.1345962675926,24.308650970458984,25284600.0,0.0,0.0,27.46666717529297,24.308650970458984
2018-05-30,24.32340854473179,24.848523522339686,24.267356870130985,24.816072463989258,27942300.0,0.0,0.0,28.040000915527344,24.816072463989258
2018-05-31,24.762964233122517,24.872116847685948,24.341102257647567,24.349952697753906,34406100.0,0.0,0.0,27.51333236694336,24.349952697753906
2018-06-01,24.49745814834304,24.609561473967375,24.44140648553087,24.482707977294922,15713700.0,0.0,0.0,27.663333892822266,24.482707977294922
2018-06-04,24.633160959678275,25.229077674312812,24.574160274138585,25.19957733154297,32766000.0,0.0,0.0,28.47333335876465,25.19957733154297
2018-06-05,25.20843003650378,25.21432976797795,24.854419139268547,24.963573455810547,24844200.0,0.0,0.0,28.206666946411133,24.963573455810547
2018-06-06,25.060927311683493,25.11992800414856,24.883921858190085,24.945873260498047,22088400.0,0.0,0.0,28.18666648864746,24.945873260498047
2018-06-07,25.01077830715629,25.299885447864,24.984226979602287,25.060930252075195,23117100.0,0.0,0.0,28.316667556762695,25.060930252075195
2018-06-08,25.010770302692837,25.131724060996323,24.821965424198865,24.88686752319336,22807200.0,0.0,0.0,28.1200008392334,24.88686752319336
2018-06-11,24.90162028810819,24.939971072042393,24.718715120995956,24.869169235229492,18756900.0,0.0,0.0,28.100000381469727,24.869169235229492
2018-06-12,24.875067507223964,24.95471977997255,24.6243112275593,24.810165405273438,24185100.0,0.0,0.0,28.03333282470703,24.810165405273438
2018-06-13,24.748218078051078,24.889821766632046,24.736418614693893,24.807220458984375,19075200.0,0.0,0.0,28.030000686645508,24.807220458984375
2018-06-14,24.845569172492922,25.019623902847172,24.68331390451067,24.71871566772461,22552200.0,0.0,0.0,27.93000030517578,24.71871566772461
2018-06-15,24.633159190707108,24.77771524882557,24.5033566790119,24.692161560058594,37509000.0,0.0,0.0,27.899999618530273,24.692161560058594
2018-06-18,24.500412854096844,24.653817707076897,24.432561713923494,24.48566436767578,25506900.0,0.0,0.0,27.666667938232422,24.48566436767578
2018-06-19,24.367650210829485,24.668558380669925,24.299799096788394,24.66560935974121,28057500.0,0.0,0.0,27.8700008392334,24.66560935974121
2018-06-20,24.695109697320063,24.72756074387625,24.532854464539135,24.66560935974121,23899800.0,0.0,0.0,27.8700008392334,24.66560935974121
2018-06-21,24.603658322098113,24.942917296454997,24.456154933957784,24.842615127563477,24276000.0,0.0,0.0,28.06999969482422,24.842615127563477
2018-06-22,24.916373454458725,25.03142582008943,24.81016984245034,25.02257537841797,32439000.0,0.0,0.0,28.273332595825195,25.02257537841797
2018-06-25,24.95472123926412,25.547687255484995,24.9222701863912,25.509336471557617,47818500.0,0.0,0.0,28.823333740234375,25.509336471557617
2018-06-26,25.527039750355854,25.68044459866695,25.29988403193778,25.36478614807129,30378600.0,0.0,0.0,28.65999984741211,25.36478614807129
2018-06-27,25.341178181559236,25.810241344409423,25.23792530530981,25.633235931396484,30899100.0,0.0,0.0,28.963333129882812,25.633235931396484
2018-06-28,25.621435871052256,25.751238374580986,25.279226201660723,25.329378128051758,25401000.0,0.0,0.0,28.6200008392334,25.329378128051758
2018-06-29,25.341183812306415,25.42968653847797,25.229080471692388,25.267431259155273,24766800.0,0.0,0.0,28.549999237060547,25.267431259155273
2018-07-02,25.267426820328183,25.352980509695563,24.60365902272185,24.780664443969727,24375300.0,0.0,0.0,28.0,24.780664443969727
2018-07-03,24.807216172420937,25.090423500646054,24.807216172420937,24.91046905517578,13188600.0,0.0,0.0,28.14666748046875,24.91046905517578
2018-07-05,25.057974644457662,25.246779546476102,24.860319301650986,24.948822021484375,16102500.0,0.0,0.0,28.190000534057617,24.948822021484375
2018-07-06,24.83966818190558,25.037323515031428,24.727564854810524,24.931119918823242,16841100.0,0.0,0.0,28.170000076293945,24.931119918823242
2018-07-09,25.0756723154182,25.509335447465357,25.007821190893534,25.35003089904785,19726200.0,0.0,0.0,28.643333435058594,25.35003089904785
2018-07-10,25.35003225797499,25.763043822227328,25.335282086115832,25.727642059326172,18145200.0,0.0,0.0,29.06999969482422,25.727642059326172
2018-07-11,25.68339028728721,25.70993992011527,25.48573495555586,25.527034759521484,16787700.0,0.0,0.0,28.843332290649414,25.527034759521484
2018-07-12,25.6479907044015,25.78664536335853,25.435585183492986,25.52408790588379,14665800.0,0.0,0.0,28.84000015258789,25.52408790588379
2018-07-13,25.524082979828478,25.95774437899441,25.518181561572092,25.8721923828125,19165800.0,0.0,0.0,29.233333587646484,25.8721923828125
2018-07-16,25.848598177876564,25.878098524272353,25.6155410524221,25.8544979095459,13341600.0,0.0,0.0,29.213333129882812,25.8544979095459
2018-07-17,25.7836951260777,26.167206367448316,25.7836951260777,26.016752243041992,17734500.0,0.0,0.0,29.39666748046875,26.016752243041992
2018-07-18,26.058047690589976,26.31175466921266,25.94299535026165,25.981346130371094,15136500.0,0.0,0.0,29.356666564941406,25.981346130371094
2018-07-19,25.91939711999031,26.102302285653654,25.786643888023846,25.878095626831055,14649300.0,0.0,0.0,29.239999771118164,25.878095626831055
2018-07-20,25.78369274497757,26.010848421460782,25.72469205978402,25.978397369384766,14445300.0,0.0,0.0,29.35333251953125,25.978397369384766
2018-07-23,25.85744484537078,26.004948243869936,25.77779257128853,25.851543426513672,12450000.0,0.0,0.0,29.209999084472656,25.851543426513672
2018-07-24,25.996103362784368,26.108206712358033,25.845649222682706,25.948902130126953,16768500.0,0.0,0.0,29.31999969482422,25.948902130126953
2018-07-25,25.745342028271704,25.96659797441495,25.698140804775782,25.931196212768555,17427300.0,0.0,0.0,29.299999237060547,25.931196212768555
2018-07-26,26.108201469456155,26.38255836817641,26.013799023098695,26.028549194335938,19644900.0,0.0,0.0,29.40999984741211,26.028549194335938
2018-07-27,26.14950233933943,26.220304172422303,25.969546203211056,25.999048233032227,14038200.0,0.0,0.0,29.376667022705078,25.999048233032227
2018-07-30,25.960701742038903,26.238011095541236,25.928252371445303,26.22031021118164,18032100.0,0.0,0.0,29.626667022705078,26.22031021118164
2018-07-31,26.255705776742097,26.4504103945491,26.19670340549973,26.323556900024414,20124300.0,0.0,0.0,29.74333381652832,26.323556900024414
2018-08-01,26.214406944961933,26.294057537743463,25.92529816622913,26.03150177001953,15150000.0,0.0,0.0,29.413333892822266,26.03150177001953
2018-08-02,25.942996352180042,26.20850280199082,25.8485939088652,26.18490219116211,12918300.0,0.0,0.0,29.586666107177734,26.18490219116211
2018-08-03,26.311758777203202,26.63331692652379,26.255708796941455,26.43271255493164,17241600.0,0.0,0.0,29.866666793823242,26.43271255493164
2018-08-06,26.34715769815919,26.54481302675013,26.29405505724901,26.453359603881836,13954800.0,0.0,0.0,29.889999389648438,26.453359603881836
2018-08-07,26.500567171773465,26.656922734495605,26.447466206196673,26.482866287231445,13580100.0,0.0,0.0,29.92333221435547,26.482866287231445
2018-08-08,26.541865313405072,26.618568574028448,26.36486155453746,26.565465927124023,15123300.0,0.0,0.0,30.016666412353516,26.565465927124023
2018-08-09,26.544691411255624,26.595134628797272,26.336986242129413,26.41116714477539,14183700.0,0.173333,0.0,29.670000076293945,26.41116714477539
2018-08-10,26.319188713573467,26.814712337437438,26.304351172246335,26.75833511352539,24734700.0,0.0,0.0,30.059999465942383,26.75833511352539
2018-08-13,26.764268074354334,26.865152818378746,26.517989362579083,26.598102569580078,17637600.0,0.0,0.0,29.8799991607666,26.598102569580078
2018-08-14,26.59810488222847,27.03725297334353,26.595138732290994,26.957138061523438,17510400.0,0.0,0.0,30.28333282470703,26.957138061523438
2018-08-15,26.779108507746923,26.82658559015657,26.607010663194963,26.77020835876465,25850700.0,0.0,0.0,30.073333740234375,26.77020835876465
2018-08-16,29.704780965240353,29.734452655038613,29.05199360255696,29.26860237121582,127893900.0,0.0,0.0,32.880001068115234,29.26860237121582
2018-08-17,29.01044793252787,29.57421671383101,28.962972559501083,29.03418731689453,49389900.0,0.0,0.0,32.616668701171875,29.03418731689453
2018-08-20,28.98078155288431,29.164747383642407,28.470420350513905,28.48525619506836,38037900.0,0.0,0.0,32.0,28.48525619506836
2018-08-21,28.473391481530545,28.592078251650694,28.29535793064278,28.50899887084961,31593900.0,0.0,0.0,32.026668548583984,28.50899887084961
2018-08-22,28.544600633850184,28.737470015931237,28.25678218266354,28.387338638305664,23297100.0,0.0,0.0,31.889999389648438,28.387338638305664
2018-08-23,28.33689241846798,28.44371286895945,28.206335976593355,28.241943359375,18289200.0,0.0,0.0,31.726667404174805,28.241943359375
2018-08-24,28.2152283478794,28.38435996359248,27.995655220634728,28.173686981201172,25782900.0,0.0,0.0,31.649999618530273,28.173686981201172
2018-08-27,28.265677380990503,28.369531674248456,27.977858980212403,28.052038192749023,21120900.0,0.0,0.0,31.51333236694336,28.052038192749023
2018-08-28,28.12028283418943,28.589104248387507,28.049069777194763,28.50602149963379,29949000.0,0.0,0.0,32.02333450317383,28.50602149963379
2018-08-29,28.568334515348393,28.7315321757529,28.345791788109526,28.37843132019043,23588400.0,0.0,0.0,31.8799991607666,28.37843132019043
2018-08-30,28.336887699799387,28.63361131262668,28.32205355658184,28.514921188354492,21176100.0,0.0,0.0,32.03333282470703,28.514921188354492
2018-08-31,28.541627225340907,28.61580983212465,28.22116929821044,28.443710327148438,18974100.0,0.0,0.0,31.953332901000977,28.443710327148438
2018-09-04,28.425909378588894,28.565369364998613,28.259747250611035,28.295352935791016,24842100.0,0.0,0.0,31.786666870117188,28.295352935791016
2018-09-05,28.387334074943812,28.731533096620307,28.295351170933742,28.669221878051758,28423800.0,0.0,0.0,32.206668853759766,28.669221878051758
2018-09-06,28.642514218477174,28.69889313654271,28.488220098193974,28.618778228759766,18452400.0,0.0,0.0,32.150001525878906,28.618778228759766
2018-09-07,28.425910699604316,28.62768191784586,28.378435318589077,28.434812545776367,20017200.0,0.0,0.0,31.94333267211914,28.434812545776367
2018-09-10,28.517891238859306,28.83835086387432,28.511955543689908,28.752300262451172,24997800.0,0.0,0.0,32.29999923706055,28.752300262451172
2018-09-11,28.862087385101773,28.97780967309157,28.630646204828864,28.675153732299805,19390500.0,0.0,0.0,32.21333312988281,28.675153732299805
2018-09-12,28.562397777546565,28.704823895326037,28.46448088273146,28.476348876953125,17700000.0,0.0,0.0,31.989999771118164,28.476348876953125
2018-09-13,28.283477808373906,28.37249455100227,28.161823234706517,28.22413444519043,22958700.0,0.0,0.0,31.706666946411133,28.22413444519043
2018-09-14,28.049067955510722,28.141050844793266,27.995658590696767,28.066871643066406,18958200.0,0.0,0.0,31.530000686645508,28.066871643066406
2018-09-17,28.11434504258257,28.330953742667916,28.001592317473477,28.135116577148438,15989400.0,0.0,0.0,31.606666564941406,28.135116577148438
2018-09-18,28.028303639524363,28.363597432651687,27.936319034269886,28.31612205505371,20279400.0,0.0,0.0,31.809999465942383,28.31612205505371
2018-09-19,28.35766345672642,28.452614211995407,28.152926102909348,28.259746551513672,17025300.0,0.0,0.0,31.746667861938477,28.259746551513672
2018-09-20,28.29238544566438,28.422943587966582,28.17369699714124,28.411075592041016,16656900.0,0.0,0.0,31.916667938232422,28.411075592041016
2018-09-21,28.461513754951312,28.57130204247078,28.375464852181967,28.45557975769043,28590300.0,0.0,0.0,31.96666717529297,28.45557975769043
2018-09-24,28.319088834827422,28.485252650153672,28.14699102198858,28.164793014526367,16011000.0,0.0,0.0,31.639999389648438,28.164793014526367
2018-09-25,28.482286916776513,28.639547191353195,28.18556496471445,28.218204498291016,18579600.0,0.0,0.0,31.700000762939453,28.218204498291016
2018-09-26,28.218199591583534,28.363591845680038,28.04610010830041,28.066871643066406,17755800.0,0.0,0.0,31.530000686645508,28.066871643066406
2018-09-27,27.94818928101475,28.176664327997507,27.83840098252369,27.93038558959961,16090200.0,0.0,0.0,31.376667022705078,27.93038558959961
2018-09-28,27.974891268663935,28.001596804019044,27.799825609660495,27.86510467529297,18918900.0,0.0,0.0,31.303333282470703,27.86510467529297
2018-10-01,27.977862325012705,28.08764893097475,27.90368140575429,28.010501861572266,14982900.0,0.0,0.0,31.46666717529297,28.010501861572266
2018-10-02,27.871033194285342,28.369526235807644,27.84729551125347,28.233034133911133,23263800.0,0.0,0.0,31.71666717529297,28.233034133911133
2018-10-03,28.336889091353523,28.348758783504906,27.903676738113454,27.912578582763672,18982200.0,0.0,0.0,31.356666564941406,27.912578582763672
2018-10-04,27.912583068258037,28.040173365659257,27.654436323331044,27.954124450683594,18135900.0,0.0,0.0,31.40333366394043,27.954124450683594
2018-10-05,27.8502646715579,27.948183255376428,27.562444614529934,27.68706703186035,20080200.0,0.0,0.0,31.10333251953125,27.68706703186035
2018-10-08,27.669266117693255,28.167759232687235,27.601020905613012,28.096546173095703,17287800.0,0.0,0.0,31.56333351135254,28.096546173095703
2018-10-09,28.378429795041814,29.00154702082767,28.244905524157172,28.805709838867188,34796700.0,0.0,0.0,32.36000061035156,28.805709838867188
2018-10-10,28.663282335795436,29.034185145449268,28.396232109102304,28.41403579711914,27008400.0,0.0,0.0,31.920000076293945,28.41403579711914
2018-10-11,28.428875169130762,28.571302993103934,27.773121759019077,27.868072509765625,29779500.0,0.0,0.0,31.30666732788086,27.868072509765625
2018-10-12,28.117316715152185,28.238972998357884,27.793890940318796,28.132152557373047,25661700.0,0.0,0.0,31.60333251953125,28.132152557373047
2018-10-15,28.0401691656858,28.18556313347076,27.838397979736328,27.838397979736328,24916500.0,0.0,0.0,31.273332595825195,27.838397979736328
2018-10-16,28.099517077089583,28.506025639836903,27.992696627156423,28.428876876831055,33725100.0,0.0,0.0,31.93666648864746,28.428876876831055
2018-10-17,28.241942288714842,28.669222376628966,28.15885953060967,28.651418685913086,28618200.0,0.0,0.0,32.186668395996094,28.651418685913086
2018-10-18,28.60393954821111,28.856155667042504,28.40810574425116,28.535696029663086,34195200.0,0.0,0.0,32.05666732788086,28.535696029663086
2018-10-19,28.485258736619304,28.974848442013457,28.485258736619304,28.826486587524414,26852100.0,0.0,0.0,32.383331298828125,28.826486587524414
2018-10-22,28.88286021832605,28.95407498203903,28.704826704750435,28.823516845703125,21368700.0,0.0,0.0,32.380001068115234,28.823516845703125
2018-10-23,28.633618506125234,29.075732793374833,28.517896200136057,29.01935386657715,28217400.0,0.0,0.0,32.599998474121094,29.01935386657715
2018-10-24,28.930331687453364,29.42585693161218,28.86505262810376,28.948135375976562,31094100.0,0.0,0.0,32.52000045776367,28.948135375976562
2018-10-25,29.081656653855784,29.517838514022827,28.781968601064897,29.428823471069336,32211300.0,0.0,0.0,33.060001373291016,29.428823471069336
2018-10-26,29.31904268259801,29.574219868594223,29.084630244261277,29.357614517211914,44776800.0,0.0,0.0,32.97999954223633,29.357614517211914
2018-10-29,29.526730955691168,30.185453647069107,29.402108569791235,29.612781524658203,38118300.0,0.0,0.0,33.266666412353516,29.612781524658203
2018-10-30,29.734450226064034,30.443616457998896,29.68994269500242,30.39020538330078,38125500.0,0.0,0.0,34.13999938964844,30.39020538330078
2018-10-31,30.410975540642312,30.410975540642312,29.707745036425198,29.755220413208008,37064700.0,0.0,0.0,33.426666259765625,29.755220413208008
2018-11-01,29.660270973101696,30.019302464762486,29.589059602627394,29.844240188598633,23205300.0,0.0,0.0,33.526668548583984,29.844240188598633
2018-11-02,29.933249878999003,30.1379872014689,29.764119933229875,30.069740295410156,21909600.0,0.0,0.0,33.779998779296875,30.069740295410156
2018-11-05,30.02523196618403,30.612740083146218,29.859066476513032,30.535593032836914,22850400.0,0.0,0.0,34.3033332824707,30.535593032836914
2018-11-06,30.425806380185655,30.692854906209963,30.280412426003046,30.660215377807617,19106100.0,0.0,0.0,34.44333267211914,30.660215377807617
2018-11-07,30.75813658304578,30.998481295652507,30.577135237786926,30.9539737701416,26017800.0,0.0,0.0,34.77333450317383,30.9539737701416
2018-11-08,30.95694769080998,31.23289644053737,30.86792922661792,31.120141983032227,17884200.0,0.0,0.0,34.959999084472656,31.120141983032227
2018-11-09,31.15574534360136,31.422793910262307,31.099369819985718,31.321910858154297,25351200.0,0.0,0.0,35.186668395996094,31.321910858154297
2018-11-12,31.304105196418643,31.514774830491465,30.755168859125337,30.82044792175293,26829300.0,0.0,0.0,34.62333297729492,30.82044792175293
2018-11-13,30.761099503464365,30.9035255997104,30.425804098523614,30.544490814208984,23870100.0,0.0,0.0,34.313331604003906,30.544490814208984
2018-11-14,30.562305838991705,30.606813373885537,29.971829701419892,30.126127243041992,31445700.0,0.0,0.0,33.84333419799805,30.126127243041992
2018-11-15,30.36051974913093,30.50294582052562,29.262650842073995,29.535634994506836,48247800.0,0.0,0.0,33.18000030517578,29.535634994506836
2018-11-16,29.322008924351746,29.50004245198622,28.758240048500856,28.986713409423828,42705600.0,0.0,0.0,32.563331604003906,28.986713409423828
2018-11-19,29.06088710945933,29.152869995205023,28.612837277703516,28.71668815612793,27643200.0,0.0,0.0,32.2599983215332,28.71668815612793
2018-11-20,28.182599997998064,28.247879071824446,27.773125258275414,27.939289093017578,37861800.0,0.0,0.0,31.386667251586914,27.939289093017578
2018-11-21,27.998626513691317,28.16479031307984,27.687068753142878,27.942249298095703,28052700.0,0.0,0.0,31.389999389648438,27.942249298095703
2018-11-23,27.93038439155469,28.351728782470257,27.93038439155469,28.218204498291016,14670000.0,0.0,0.0,31.700000762939453,28.218204498291016
2018-11-26,28.393263918839516,28.506018337704155,28.111377871677917,28.233034133911133,30103800.0,0.0,0.0,31.71666717529297,28.233034133911133
2018-11-27,28.185561650274582,28.348757601113224,28.013462157303817,28.200397491455078,27126900.0,0.0,0.0,31.68000030517578,28.200397491455078
2018-11-28,28.322060262035535,28.965945764498173,28.20337010966259,28.91847038269043,30212400.0,0.0,0.0,32.48666763305664,28.91847038269043
2018-11-29,28.787908011419496,29.02825273326452,28.704825256515047,28.868022918701172,18723900.0,0.0,0.0,32.43000030517578,28.868022918701172
2018-11-30,28.900662858451632,29.206286649478432,28.802744259759937,28.974842071533203,31992000.0,0.0,0.0,32.54999923706055,28.974842071533203
2018-12-03,29.084624586671858,29.55047812919409,28.98077370292056,29.301233291625977,27246300.0,0.0,0.0,32.91666793823242,29.301233291625977
2018-12-04,29.152877243690295,29.363550295722508,28.369533502976424,28.428876876831055,31278900.0,0.0,0.0,31.93666648864746,28.428876876831055
2018-12-06,28.324457354997243,28.464676663413506,27.775509466181262,28.273738861083984,31101600.0,0.173333,0.0,31.59000015258789,28.273738861083984
2018-12-07,28.19318462522687,28.38113836997818,27.581587236890467,27.802358627319336,25489500.0,0.0,0.0,31.06333351135254,27.802358627319336
2018-12-10,27.91273997477421,28.118596238970426,27.54876530014698,28.02610969543457,21830700.0,0.0,0.0,31.31333351135254,28.02610969543457
2018-12-11,28.118599676608856,28.190201344655655,27.820256832402894,27.9992618560791,19357500.0,0.0,0.0,31.28333282470703,27.9992618560791
2018-12-12,28.133520153738854,28.133520153738854,27.763578984933215,27.77849578857422,28917600.0,0.0,0.0,31.036666870117188,27.77849578857422
2018-12-13,27.82026044053828,27.94854869960197,27.575621803096368,27.73374366760254,24126900.0,0.0,0.0,30.98666763305664,27.73374366760254
2018-12-14,27.462243639135473,27.614397370236638,27.319040328348276,27.402576446533203,34480800.0,0.0,0.0,30.616666793823242,27.402576446533203
2018-12-17,27.214636056711303,27.450324314195438,26.898393976988586,27.080381393432617,27005400.0,0.0,0.0,30.25666618347168,27.080381393432617
2018-12-18,27.08933066578556,27.226567660044807,26.934192822901437,27.172866821289062,28820100.0,0.0,0.0,30.360000610351562,27.172866821289062
2018-12-19,27.23550925371804,27.745671324283677,26.92523366855124,27.01473617553711,36694500.0,0.0,0.0,30.183332443237305,27.01473617553711
2018-12-20,26.883468504053003,26.883468504053003,25.699056096385526,26.03916358947754,49121400.0,0.0,0.0,29.093332290649414,26.03916358947754
2018-12-21,25.91684913243314,26.69253483497531,25.895964242626743,25.994417190551758,44764500.0,0.0,0.0,29.043333053588867,25.994417190551758
2018-12-24,25.81839503715381,26.125686626774936,25.59165554550643,25.60359001159668,18330900.0,0.0,0.0,28.606666564941406,25.60359001159668
2018-12-26,25.782595824687,26.975957113494545,25.746794132463453,26.97297477722168,30084900.0,0.0,0.0,30.136667251586914,26.97297477722168
2018-12-27,26.77606797516378,27.330980493461308,26.385240270757073,27.325014114379883,29644500.0,0.0,0.0,30.530000686645508,27.325014114379883
2018-12-28,27.468219178283203,27.885896468318844,27.34291496700136,27.48611831665039,29622000.0,0.0,0.0,30.709999084472656,27.48611831665039
2018-12-31,27.64722100507903,27.86202601784623,27.52191850774445,27.790424346923828,21017400.0,0.0,0.0,31.049999237060547,27.790424346923828
2019-01-02,27.33993264480448,27.93959731193573,27.33993264480448,27.847110748291016,24458100.0,0.0,0.0,31.113332748413086,27.847110748291016
2019-01-03,27.808326334048243,28.255837222480608,27.656172563696494,27.703907012939453,24831900.0,0.0,0.0,30.953332901000977,27.703907012939453
2019-01-04,27.80832615830328,27.942579082560815,27.65319005280339,27.87694549560547,24087300.0,0.0,0.0,31.14666748046875,27.87694549560547
2019-01-07,27.93064406630462,28.393071716435973,27.799373488767166,28.205116271972656,23369100.0,0.0,0.0,31.51333236694336,28.205116271972656
2019-01-08,28.36025524747134,28.569093880144592,28.017163695827705,28.402023315429688,21602700.0,0.0,0.0,31.733333587646484,28.402023315429688
2019-01-09,28.55417821886919,28.682463056739877,28.2737379044071,28.309537887573242,18816900.0,0.0,0.0,31.6299991607666,28.309537887573242
2019-01-10,28.0082149644276,28.336389734565774,27.781477180757367,28.33042335510254,28188900.0,0.0,0.0,31.65333366394043,28.33042335510254
2019-01-11,28.339370715502202,28.428871519135033,28.208100138784605,28.294618606567383,16183800.0,0.0,0.0,31.613332748413086,28.294618606567383
2019-01-14,28.187219052692605,28.47660978586197,28.127550138720984,28.327438354492188,21255300.0,0.0,0.0,31.649999618530273,28.327438354492188
2019-01-15,28.48258015962957,28.81970538840855,28.455728888508837,28.71528434753418,21174600.0,0.0,0.0,32.08333206176758,28.71528434753418
2019-01-16,28.61980918288302,28.897265412136864,28.589973876453588,28.745113372802734,16230000.0,0.0,0.0,32.116668701171875,28.745113372802734
2019-01-17,28.73616866100662,29.00169049479376,28.688434206941658,28.86147117614746,16843500.0,0.0,0.0,32.246665954589844,28.86147117614746
2019-01-18,28.924120345967527,29.297047235160974,28.894286741110008,29.156827926635742,18361800.0,0.0,0.0,32.57666778564453,29.156827926635742
2019-01-22,28.98378336367982,29.36566232764067,28.873397675977486,29.085220336914062,24189600.0,0.0,0.0,32.496665954589844,29.085220336914062
2019-01-23,29.49693945241669,29.640142815367387,29.097159556495487,29.449201583862305,25037400.0,0.0,0.0,32.9033317565918,29.449201583862305
2019-01-24,29.297051233174074,29.37461929923637,28.768988160964668,29.344785690307617,22829100.0,0.0,0.0,32.78666687011719,29.344785690307617
2019-01-25,29.46113021100822,29.5088646530969,28.864447977781413,28.921131134033203,21654600.0,0.0,0.0,32.313331604003906,28.921131134033203
2019-01-28,28.798819533678568,28.95992374077433,28.66456830392372,28.956939697265625,17627400.0,0.0,0.0,32.35333251953125,28.956939697265625
2019-01-29,28.870418926002813,28.98676929284292,28.79284746246014,28.85251808166504,15760200.0,0.0,0.0,32.23666763305664,28.85251808166504
2019-01-30,28.843567058984007,28.879368749033116,28.12158394988523,28.28268814086914,35547900.0,0.0,0.0,31.600000381469727,28.28268814086914
2019-01-31,28.23197079235577,28.90025480768241,28.23197079235577,28.58997917175293,44169000.0,0.0,0.0,31.94333267211914,28.58997917175293
2019-02-01,28.61683023776484,28.640697462889,27.778493315109262,28.002248764038086,37775700.0,0.0,0.0,31.286666870117188,28.002248764038086
2019-02-04,28.002248960006874,28.273738861083984,27.850095185385708,28.273738861083984,21805800.0,0.0,0.0,31.59000015258789,28.273738861083984
2019-02-05,28.416937276740704,28.62279184572996,28.348317948998744,28.5213565826416,18299700.0,0.0,0.0,31.866666793823242,28.5213565826416
2019-02-06,28.47064532705717,28.643684004639542,28.40799406903133,28.533296585083008,12794700.0,0.0,0.0,31.8799991607666,28.533296585083008
2019-02-07,28.375171520127388,28.885335334099498,28.342355582112745,28.858482360839844,21030300.0,0.0,0.0,32.24333190917969,28.858482360839844
2019-02-08,28.74213946465949,28.846557099066708,28.38412931821631,28.515399932861328,18507600.0,0.0,0.0,31.860000610351562,28.515399932861328
2019-02-11,28.53627473882662,28.74511506767313,28.533290695872243,28.700361251831055,16628400.0,0.0,0.0,32.06666564941406,28.700361251831055
2019-02-12,28.885335732130727,28.9897533408423,28.789866838471085,28.930086135864258,17643900.0,0.0,0.0,32.323333740234375,28.930086135864258
2019-02-13,29.02853891355607,29.237377544071816,28.96588766582504,29.2194766998291,16375500.0,0.0,0.0,32.64666748046875,29.2194766998291
2019-02-14,29.141910178435303,29.595385737484623,28.94500429568139,29.392515182495117,21602400.0,0.0,0.0,32.84000015258789,29.392515182495117
2019-02-15,29.529754439003717,29.83406201978342,29.49395615803484,29.83108139038086,28443000.0,0.0,0.0,33.33000183105469,29.83108139038086
2019-02-19,30.544112390738583,31.081124130432748,30.451627528736655,30.49040985107422,62091900.0,0.0,0.0,34.06666564941406,30.49040985107422
2019-02-20,30.374056759537748,30.532176906719002,29.43129713437427,29.798255920410156,52895400.0,0.0,0.0,33.293331146240234,29.798255920410156
2019-02-21,29.73262117923332,29.81018922375791,29.508865760158386,29.652069091796875,19239600.0,0.0,0.0,33.130001068115234,29.652069091796875
2019-02-22,29.78036787068665,29.881801471748542,29.577493840086582,29.69981575012207,24260700.0,0.0,0.0,33.18333435058594,29.69981575012207
2019-02-25,29.86986122768954,29.87284527108119,29.550636869528955,29.571521759033203,27705000.0,0.0,0.0,33.040000915527344,29.571521759033203
2019-02-26,29.54168834447568,29.55362110388209,29.19859505120229,29.443235397338867,25464300.0,0.0,0.0,32.89666748046875,29.443235397338867
2019-02-27,29.273180957928673,29.35372964041305,29.115057393504337,29.27019691467285,23706900.0,0.0,0.0,32.70333480834961,29.27019691467285
2019-02-28,29.270205611492724,29.67594684467359,29.168768596078436,29.532743453979492,34127700.0,0.0,0.0,32.996665954589844,29.532743453979492
2019-03-01,29.67593336825836,29.702786339107778,28.974833539644955,29.216489791870117,31057500.0,0.0,0.0,32.643333435058594,29.216489791870117
2019-03-04,29.27317330674657,29.413392574986617,29.049417920363183,29.1926212310791,23051400.0,0.0,0.0,32.616668701171875,29.1926212310791
2019-03-05,29.276160625024453,29.59240091500819,29.264227866630375,29.33881187438965,18357900.0,0.0,0.0,32.779998779296875,29.33881187438965
2019-03-06,29.317933079074912,29.535720450169983,29.195611198090663,29.31494903564453,14089800.0,0.0,0.0,32.753334045410156,29.31494903564453
2019-03-07,29.150869396212997,29.29705683932782,29.010650041721025,29.073301315307617,18379800.0,0.0,0.0,32.483333587646484,29.073301315307617
2019-03-08,29.103126139522637,29.362683288405613,28.939037894339453,29.11505889892578,16977000.0,0.0,0.0,32.529998779296875,29.11505889892578
2019-03-11,29.249316016875962,29.410420232299934,29.183680713241188,29.380586624145508,16035900.0,0.0,0.0,32.82666778564453,29.380586624145508
2019-03-12,29.395497507804052,29.45814875515755,29.252294168962212,29.347763061523438,15211500.0,0.0,0.0,32.790000915527344,29.347763061523438
2019-03-13,29.446220568311116,29.640142426599517,29.353732290217266,29.54467010498047,16446900.0,0.0,0.0,33.0099983215332,29.54467010498047
2019-03-14,29.51767197980613,29.52367217850151,29.271715322414863,29.460683822631836,14777400.0,0.176667,0.0,32.7400016784668,29.460683822631836
2019-03-15,29.478677319164504,29.54766587318114,29.274715189046354,29.520671844482422,43800000.0,0.0,0.0,32.80666732788086,29.520671844482422
2019-03-18,29.4846827842205,29.925604783166424,29.472685817390225,29.892610549926758,17310300.0,0.0,0.0,33.220001220703125,29.892610549926758
2019-03-19,29.991594754652663,30.141565429078145,29.86561458248307,29.949600219726562,16243200.0,0.0,0.0,33.28333282470703,29.949600219726562
2019-03-20,29.754635861775455,29.85961876983885,29.5566738786822,29.586668014526367,18969300.0,0.0,0.0,32.880001068115234,29.586668014526367
2019-03-21,29.469684175533835,29.733634595031454,29.42469297781805,29.7126407623291,19653000.0,0.0,0.0,33.02000045776367,29.7126407623291
2019-03-22,29.568669307136286,29.853617015430128,29.376704101640392,29.478683471679688,20124300.0,0.0,0.0,32.7599983215332,29.478683471679688
2019-03-25,29.334708581521785,29.58066528002422,29.283717181911808,29.445688247680664,16222200.0,0.0,0.0,32.723331451416016,29.445688247680664
2019-03-26,29.50266811985627,29.64964206056665,29.403685459830477,29.490671157836914,14837700.0,0.0,0.0,32.77333450317383,29.490671157836914
2019-03-27,29.436694414352942,29.652657001837046,28.494865488562187,29.157743453979492,25413600.0,0.0,0.0,32.4033317565918,29.157743453979492
2019-03-28,29.271720803186124,29.355706437606955,28.953778864959325,29.133747100830078,24162900.0,0.0,0.0,32.37666702270508,29.133747100830078
2019-03-29,29.271716494032518,29.29571385716659,29.106748781994124,29.253719329833984,22319700.0,0.0,0.0,32.5099983215332,29.253719329833984
2019-04-01,29.38569133621194,29.502671167655052,29.262714739443233,29.340700149536133,25517400.0,0.0,0.0,32.606666564941406,29.340700149536133
2019-04-02,29.322706456874442,29.487677593474057,29.064752836957933,29.076749801635742,18822000.0,0.0,0.0,32.313331604003906,29.076749801635742
2019-04-03,29.13074566938307,29.214731299965003,29.031762972548126,29.151742935180664,17062500.0,0.0,0.0,32.39666748046875,29.151742935180664
2019-04-04,29.169738766451633,29.478680376692143,29.166738666816624,29.427692413330078,12078900.0,0.0,0.0,32.70333480834961,29.427692413330078
2019-04-05,29.469683939606966,29.754631622134077,29.442689907715273,29.643651962280273,13968000.0,0.0,0.0,32.94333267211914,29.643651962280273
2019-04-08,29.529672103046206,29.76962858740755,29.472683939776523,29.76363182067871,16267200.0,0.0,0.0,33.07666778564453,29.76363182067871
2019-04-09,29.634652095340073,29.763628907598864,29.439686827264417,29.60165786743164,13102500.0,0.0,0.0,32.89666748046875,29.60165786743164
2019-04-10,29.54766303608507,29.910599502047155,29.544662937049292,29.874605178833008,12273300.0,0.0,0.0,33.20000076293945,29.874605178833008
2019-04-11,29.90460398584825,30.24354314519611,29.83561542765486,30.234542846679688,16820700.0,0.0,0.0,33.599998474121094,30.234542846679688
2019-04-12,30.29452802632516,30.600472890557825,30.29452802632516,30.462495803833008,15486000.0,0.0,0.0,33.85333251953125,30.462495803833008
2019-04-15,30.384510618075925,30.867423559919647,30.372513655153746,30.72344970703125,15335700.0,0.0,0.0,34.143333435058594,30.72344970703125
2019-04-16,30.861420320984987,31.011394356859327,30.756440898697907,30.87342071533203,14485200.0,0.0,0.0,34.310001373291016,30.87342071533203
2019-04-17,30.894429656424265,31.014409630349622,30.717461511895273,30.942420959472656,11187600.0,0.0,0.0,34.38666534423828,30.942420959472656
2019-04-18,30.927422304226784,31.13438457346104,30.861433836846505,30.94841957092285,11183400.0,0.0,0.0,34.393333435058594,30.94841957092285
2019-04-22,30.82844004624993,31.056399585456685,30.645475140982672,30.705463409423828,15238200.0,0.0,0.0,34.12333297729492,30.705463409423828
2019-04-23,30.753445694139323,30.981405166510964,30.576477608036026,30.915416717529297,15152400.0,0.0,0.0,34.356666564941406,30.915416717529297
2019-04-24,30.936421700483077,31.14938416329945,30.9214246340263,31.05339813232422,14093400.0,0.0,0.0,34.5099983215332,31.05339813232422
2019-04-25,30.966410348728402,31.23936102902775,30.843433739042364,31.050395965576172,11883300.0,0.0,0.0,34.50666809082031,31.050395965576172
2019-04-26,30.129568138960256,30.696466893521507,29.892611729818817,30.453510284423828,24323100.0,0.0,0.0,33.84333419799805,30.453510284423828
2019-04-29,30.558478371725318,30.59447269283678,30.228539581823274,30.462495803833008,19139100.0,0.0,0.0,33.85333251953125,30.462495803833008
2019-04-30,30.525485972386672,30.87042527719031,30.429503398762503,30.84642791748047,18400800.0,0.0,0.0,34.279998779296875,30.84642791748047
2019-05-01,30.825436344415564,30.837433308844307,30.378514235214347,30.402511596679688,16011600.0,0.0,0.0,33.78666687011719,30.402511596679688
2019-05-02,30.423510844476557,30.612475918841536,30.066574526715105,30.33952522277832,15021000.0,0.0,0.0,33.71666717529297,30.33952522277832
2019-05-03,30.690464005150204,30.81944083204193,30.534493146037352,30.618478775024414,15950700.0,0.0,0.0,34.026668548583984,30.618478775024414
2019-05-06,30.219541478935465,30.759446036977952,30.156553128721658,30.73244857788086,13841100.0,0.0,0.0,34.1533317565918,30.73244857788086
2019-05-07,30.53448983837367,30.645469487559932,30.222544721331207,30.3845157623291,13726800.0,0.0,0.0,33.766666412353516,30.3845157623291
2019-05-08,30.069572867240854,30.30652922119998,29.952593023597085,30.084569931030273,17646000.0,0.0,0.0,33.43333435058594,30.084569931030273
2019-05-09,29.933795386401748,30.135824940321598,29.80714947934122,30.01521110534668,18720300.0,0.176667,0.0,33.18000030517578,30.01521110534668
2019-05-10,30.081554314037422,30.790171046429265,30.063461546085136,30.7298641204834,26228100.0,0.0,0.0,33.970001220703125,30.7298641204834
2019-05-13,30.289617785729902,30.500695490041657,29.85540168136245,30.12075424194336,22084500.0,0.0,0.0,33.29666519165039,30.12075424194336
2019-05-14,30.196140958207206,30.416263318725584,30.120753846401154,30.241371154785156,19061100.0,0.0,0.0,33.43000030517578,30.241371154785156
2019-05-15,30.21424038427514,30.26248662809054,29.891589962238374,30.11774444580078,20220900.0,0.0,0.0,33.293331146240234,30.11774444580078
2019-05-16,31.007283525249953,31.34801975717617,30.40721989720237,30.54894256591797,51366000.0,0.0,0.0,33.77000045776367,30.54894256591797
2019-05-17,30.226287615317,30.74191933203416,30.126779134750173,30.413240432739258,37113900.0,0.0,0.0,33.619998931884766,30.413240432739258
2019-05-20,30.271526846553293,30.750973177074343,30.229312683476305,30.612266540527344,21582300.0,0.0,0.0,33.84000015258789,30.612266540527344
2019-05-21,30.609249360228052,30.651463521728044,30.2745417524157,30.49165153503418,20667300.0,0.0,0.0,33.706668853759766,30.49165153503418
2019-05-22,30.636386103105256,30.886661903280817,30.473554650838704,30.82635498046875,22022700.0,0.0,0.0,34.07666778564453,30.82635498046875
2019-05-23,30.702718570816376,30.735888065207423,30.349918276542258,30.71478271484375,19363800.0,0.0,0.0,33.95333480834961,30.71478271484375
2019-05-24,30.811286470618665,31.02537679389209,30.781133001167294,30.95903778076172,13449600.0,0.0,0.0,34.223331451416016,30.95903778076172
2019-05-28,30.92587125801615,31.23042543588788,30.877621566610536,30.88365364074707,30815100.0,0.0,0.0,34.13999938964844,30.88365364074707
2019-05-29,30.790173965689632,31.02235703293188,30.59718902369157,30.793190002441406,19560600.0,0.0,0.0,34.040000915527344,30.793190002441406
2019-05-30,30.90475292296339,31.206290970817474,30.72986078619117,30.814289093017578,15058800.0,0.0,0.0,34.063331604003906,30.814289093017578
2019-05-31,30.56100305896858,30.76303610840981,30.33484861753483,30.5881404876709,17782500.0,0.0,0.0,33.813331604003906,30.5881404876709
2019-06-03,30.645440815029197,30.962055714506754,30.576085760536554,30.744949340820312,19844100.0,0.0,0.0,33.98666763305664,30.744949340820312
2019-06-04,30.94093999659301,30.95300069090596,30.588136218489076,30.92586326599121,17894700.0,0.0,0.0,34.186668395996094,30.92586326599121
2019-06-05,30.983165036579557,31.59528948624389,30.937934828884664,31.486736297607422,20708700.0,0.0,0.0,34.80666732788086,31.486736297607422
2019-06-06,31.50783323674074,31.860633555014555,31.420385440804115,31.694786071777344,24191100.0,0.0,0.0,35.03666687011719,31.694786071777344
2019-06-07,31.730982514166367,32.07172225558529,31.676704196215585,31.981258392333984,20428200.0,0.0,0.0,35.35333251953125,31.981258392333984
2019-06-10,32.10789890498529,32.4999008606279,32.07473285340177,32.42150115966797,18977100.0,0.0,0.0,35.84000015258789,32.42150115966797
2019-06-11,32.56623424595213,32.858727643843594,32.49085059473766,32.54814147949219,20241900.0,0.0,0.0,35.97999954223633,32.54814147949219
2019-06-12,32.54211138810564,32.840636876604364,32.54211138810564,32.813499450683594,13905300.0,0.0,0.0,36.27333450317383,32.813499450683594
2019-06-13,32.86777849511261,33.04267412023452,32.617502655414256,32.76224136352539,16455000.0,0.0,0.0,36.21666717529297,32.76224136352539
2019-06-14,32.80143008117297,33.04567722808914,32.70493763677463,32.888877868652344,13577700.0,0.0,0.0,36.356666564941406,32.888877868652344
2019-06-17,32.90395874533759,33.033620699520874,32.64463483697101,32.916019439697266,12441000.0,0.0,0.0,36.38666534423828,32.916019439697266
2019-06-18,33.10901194062758,33.15725817996565,32.84064331269809,33.06378173828125,14733600.0,0.0,0.0,36.54999923706055,33.06378173828125
2019-06-19,33.10901195356396,33.12107610153562,32.82858262840119,33.05473709106445,11773800.0,0.0,0.0,36.540000915527344,33.05473709106445
2019-06-20,33.11503734384268,33.31707037147217,32.95220588752243,33.26580810546875,15004500.0,0.0,0.0,36.77333450317383,33.26580810546875
2019-06-21,33.27183282879828,33.82968216585949,33.24771144223633,33.510047912597656,39535800.0,0.0,0.0,37.043331146240234,33.510047912597656
2019-06-24,33.61860416581851,33.8387264820568,33.479894116537864,33.54322052001953,18098400.0,0.0,0.0,37.08000183105469,33.54322052001953
2019-06-25,33.434655971518524,33.60050340364624,33.28991733552741,33.386409759521484,18315000.0,0.0,0.0,36.90666580200195,33.386409759521484
2019-06-26,33.42562145109666,33.494976480258615,33.199467048113384,33.217559814453125,12485100.0,0.0,0.0,36.720001220703125,33.217559814453125
2019-06-27,33.18740601150108,33.32309658138461,32.82555759012706,33.199466705322266,16443900.0,0.0,0.0,36.70000076293945,33.199466705322266
2019-06-28,33.33515550697806,33.62463284838534,33.24167909584819,33.31706619262695,19520100.0,0.0,0.0,36.83000183105469,33.31706619262695
2019-07-01,33.56132313415513,33.76335621613784,33.17535319336325,33.35627746582031,16544100.0,0.0,0.0,36.87333297729492,33.35627746582031
2019-07-02,33.41959267651545,33.654795211299316,33.27183794586254,33.65177917480469,12188700.0,0.0,0.0,37.20000076293945,33.65177917480469
2019-07-03,33.52514035496466,33.89301751590576,33.47086203908414,33.868892669677734,9621900.0,0.0,0.0,37.439998626708984,33.868892669677734
2019-07-05,33.772397488909725,33.84476857096983,33.53418233700759,33.7663688659668,10738200.0,0.0,0.0,37.32666778564453,33.7663688659668
2019-07-08,33.74827458978952,34.052828736378174,33.68193558447514,33.989505767822266,14147100.0,0.0,0.0,37.573333740234375,33.989505767822266
2019-07-09,34.040770095778484,34.18852139743576,33.953322278717174,34.03775405883789,16270200.0,0.0,0.0,37.62666702270508,34.03775405883789
2019-07-10,34.11012303890432,34.25787433145166,33.88999721677468,34.06790542602539,13737000.0,0.0,0.0,37.65999984741211,34.06790542602539
2019-07-11,34.176452918798034,34.35737713476359,34.079960463728725,34.35134506225586,11689800.0,0.0,0.0,37.973331451416016,34.35134506225586
2019-07-12,34.4026096824757,34.60765875167476,34.26088702641821,34.556396484375,11229900.0,0.0,0.0,38.20000076293945,34.556396484375
2019-07-15,34.57750628744703,34.701139642336585,34.511170730994024,34.67098617553711,10038000.0,0.0,0.0,38.32666778564453,34.67098617553711
2019-07-16,34.77651323731135,34.82475946038599,34.387527416739175,34.604637145996094,10464600.0,0.0,0.0,38.253334045410156,34.604637145996094
2019-07-17,34.61971944667393,34.72827260335173,34.435779181855395,34.556396484375,8065500.0,0.0,0.0,38.20000076293945,34.556396484375
2019-07-18,34.4810135072975,34.610672020071014,34.297073238850295,34.59258270263672,9670800.0,0.0,0.0,38.2400016784668,34.59258270263672
2019-07-19,34.67701322586934,34.77049310972032,34.33326095926919,34.34532165527344,11388900.0,0.0,0.0,37.96666717529297,34.34532165527344
2019-07-22,34.40563085402814,34.47800193650992,33.86889016176542,34.01966094970703,13550700.0,0.0,0.0,37.606666564941406,34.01966094970703
2019-07-23,34.11012003636565,34.1342414265935,33.64273100414248,33.79953384399414,17262600.0,0.0,0.0,37.36333465576172,33.79953384399414
2019-07-24,33.781444197950144,34.01061468050772,33.64273411337125,33.772396087646484,12531900.0,0.0,0.0,37.33333206176758,33.772396087646484
2019-07-25,33.82667679071093,33.8899997639457,33.66987737611464,33.83873748779297,11554500.0,0.0,0.0,37.40666580200195,33.83873748779297
2019-07-26,33.80857527559049,34.176452322771276,33.718114894606515,34.079959869384766,14187000.0,0.0,0.0,37.67333221435547,34.079959869384766
2019-07-29,34.02569276555624,34.06790692945513,33.70002979854359,33.85381317138672,11239800.0,0.0,0.0,37.42333221435547,33.85381317138672
2019-07-30,33.79048156738281,33.89300609031419,33.67288031470767,33.79048156738281,9105600.0,0.0,0.0,37.35333251953125,33.79048156738281
2019-07-31,33.745250475209225,33.87491241804148,33.05773919425775,33.28389358520508,18633900.0,0.0,0.0,36.793331146240234,33.28389358520508
2019-08-01,33.26580960843976,33.823655585227755,32.96426807156377,32.98236083984375,22365000.0,0.0,0.0,36.459999084472656,32.98236083984375
2019-08-02,33.090912583084865,33.21152641942331,32.61146292128143,32.98838806152344,16970100.0,0.0,0.0,36.46666717529297,32.98838806152344
2019-08-05,32.566240492682084,32.566240492682084,31.839530912884403,31.908885955810547,22710000.0,0.0,0.0,35.27333450317383,31.908885955810547
2019-08-06,32.020455961799264,32.51799506937311,31.839531708815205,32.34611892700195,21049200.0,0.0,0.0,35.75666809082031,32.34611892700195
2019-08-07,32.27072855602918,32.759222954597796,31.939037001358887,32.62654495239258,21835500.0,0.0,0.0,36.06666564941406,32.62654495239258
2019-08-08,32.729588159094675,32.98109605519221,32.6568608117026,32.88412857055664,13123200.0,0.176667,0.0,36.17333221435547,32.88412857055664
2019-08-09,32.744722104838615,32.86592966376476,32.3356396578049,32.50836181640625,12580500.0,0.0,0.0,35.7599983215332,32.50836181640625
2019-08-12,32.33868310223734,32.375046771172165,31.76899833763623,31.88414764404297,17605200.0,0.0,0.0,35.073333740234375,31.88414764404297
2019-08-13,31.893231758973787,32.75988056909992,31.77202417222679,32.54776382446289,20025900.0,0.0,0.0,35.8033332824707,32.54776382446289
2019-08-14,31.962928057264826,32.74472947242877,31.859898834732753,32.18110656738281,27938400.0,0.0,0.0,35.400001525878906,32.18110656738281
2019-08-15,34.09923661790696,34.43559523612991,33.38107348076811,34.14772033691406,59438700.0,0.0,0.0,37.563331604003906,34.14772033691406
2019-08-16,34.56894063583641,34.826510282911,33.95683039571493,34.238643646240234,32895600.0,0.0,0.0,37.663333892822266,34.238643646240234
2019-08-19,34.650739291694116,34.78103602215747,34.42347166526964,34.48710632324219,21534300.0,0.0,0.0,37.936668395996094,34.48710632324219
2019-08-20,34.50226800924949,34.55681003716233,33.94167250668862,33.953792572021484,18336900.0,0.0,0.0,37.349998474121094,33.953792572021484
2019-08-21,34.53862694198325,34.565901422771944,33.90227671957941,33.9447021484375,24469200.0,0.0,0.0,37.34000015258789,33.9447021484375
2019-08-22,33.999251421261846,34.17803540261666,33.74168180762305,33.911373138427734,17986200.0,0.0,0.0,37.3033332824707,33.911373138427734
2019-08-23,33.8234938471323,33.91136865050671,33.3719858943089,33.584102630615234,18710100.0,0.0,0.0,36.94333267211914,33.584102630615234
2019-08-26,33.805315295577444,34.020459468039945,33.70228606663062,33.93561553955078,17807100.0,0.0,0.0,37.33000183105469,33.93561553955078
2019-08-27,34.0659065246582,34.184086682733046,33.79015513436984,34.0659065246582,17201100.0,0.0,0.0,37.473331451416016,34.0659065246582
2019-08-28,34.0234834747607,34.26590208108304,33.84166865306163,34.15681457519531,16113000.0,0.0,0.0,37.573333740234375,34.15681457519531
2019-08-29,34.605284136075305,34.72346427671471,34.33559455136372,34.56892395019531,15811500.0,0.0,0.0,38.026668548583984,34.56892395019531
2019-08-30,34.84771476482244,34.96286406283346,34.51439040477061,34.623477935791016,17115900.0,0.0,0.0,38.086666107177734,34.623477935791016
2019-09-03,34.44772976593553,34.94165981141006,34.39015684261094,34.73863220214844,17828100.0,0.0,0.0,38.21333312988281,34.73863220214844
2019-09-04,35.05679711813091,35.138613625124485,34.79316923366694,35.12346267700195,17348700.0,0.0,0.0,38.63666534423828,35.12346267700195
2019-09-05,35.65678611811206,35.74466439749507,34.92953015501638,34.98104476928711,17479200.0,0.0,0.0,38.47999954223633,34.98104476928711
2019-09-06,34.98103196007823,35.07496850402934,34.73255509773383,34.76588439941406,13039200.0,0.0,0.0,38.24333190917969,34.76588439941406
2019-09-09,34.69619499790766,35.33557251295107,34.6658896397554,35.250728607177734,17921100.0,0.0,0.0,38.776668548583984,35.250728607177734
2019-09-10,35.14769265693263,35.44162579158876,34.993148884564164,35.16587448120117,14572200.0,0.0,0.0,38.68333435058594,35.16587448120117
2019-09-11,35.15074101718992,35.36285778202405,34.91438065200012,35.15679931640625,15852300.0,0.0,0.0,38.67333221435547,35.15679931640625
2019-09-12,35.34769552609205,35.474968331034006,35.1204278618683,35.42951202392578,13422900.0,0.0,0.0,38.973331451416016,35.42951202392578
2019-09-13,35.50224796593239,35.81436308666608,35.438613281916716,35.58406448364258,16915800.0,0.0,0.0,39.143333435058594,35.58406448364258
2019-09-16,35.31436087501536,35.50526485179974,34.96285134188556,35.02042770385742,18270900.0,0.0,0.0,38.52333450317383,35.02042770385742
2019-09-17,34.944676182105255,35.359820453364414,34.9234669369688,35.305274963378906,13813500.0,0.0,0.0,38.836666107177734,35.305274963378906
2019-09-18,35.42648830196361,35.52345575633207,35.205278912552636,35.50224304199219,11868000.0,0.0,0.0,39.0533332824707,35.50224304199219
2019-09-19,35.57496969091435,35.69921163570785,35.38406565036163,35.48709487915039,10141800.0,0.0,0.0,39.03666687011719,35.48709487915039
2019-09-20,35.55981089973974,35.647685683555096,35.393147043774235,35.447689056396484,33997200.0,0.0,0.0,38.99333190917969,35.447689056396484
2019-09-23,35.33558289803471,35.881027487644936,35.320431948420264,35.641639709472656,15487500.0,0.0,0.0,39.206668853759766,35.641639709472656
2019-09-24,35.83254169112856,36.320409869835494,35.75981436290473,35.877994537353516,21819300.0,0.0,0.0,39.46666717529297,35.877994537353516
2019-09-25,35.89920425415039,35.97495899153105,35.69920758606996,35.89920425415039,13840800.0,0.0,0.0,39.4900016784668,35.89920425415039
2019-09-26,35.99919239935553,36.22646003689648,35.81435018109064,35.84768295288086,11960700.0,0.0,0.0,39.43333435058594,35.84768295288086
2019-09-27,36.123433586242854,36.12949188328362,35.68101838213875,35.89313507080078,10304100.0,0.0,0.0,39.483333587646484,35.89313507080078
2019-09-30,35.95981015069684,36.193136142630074,35.926477370730694,35.96284103393555,10204200.0,0.0,0.0,39.560001373291016,35.96284103393555
2019-10-01,36.014348628315005,36.0931342380214,35.67193171348519,35.71132278442383,11187900.0,0.0,0.0,39.28333282470703,35.71132278442383
2019-10-02,35.5749657943895,35.62042210482512,35.03255563053115,35.18709945678711,17833500.0,0.0,0.0,38.706668853759766,35.18709945678711
2019-10-03,35.1143668433545,35.39314909095951,34.720435331133764,35.244667053222656,15619500.0,0.0,0.0,38.77000045776367,35.244667053222656
2019-10-04,35.27193503356122,35.847681307221016,35.20830037539734,35.80525588989258,13881000.0,0.0,0.0,39.38666534423828,35.80525588989258
2019-10-07,35.78707255778214,35.84767632516726,35.41738125394501,35.523441314697266,14085000.0,0.0,0.0,39.07666778564453,35.523441314697266
2019-10-08,35.39618679786193,35.95980969914038,35.35073048551178,35.629512786865234,15375300.0,0.0,0.0,39.19333267211914,35.629512786865234
2019-10-09,35.81132561461234,36.1507116895334,35.76284188962362,36.03859329223633,11710200.0,0.0,0.0,39.643333435058594,36.03859329223633
2019-10-10,36.029500368044886,36.32646448176944,35.93859468482122,36.24464797973633,13024500.0,0.0,0.0,39.869998931884766,36.24464797973633
2019-10-11,36.338579785334616,36.577970961888006,35.97495363224824,36.435550689697266,18383700.0,0.0,0.0,40.08000183105469,36.435550689697266
2019-10-14,36.31737511032965,36.50221735881537,36.0901074356315,36.1113166809082,13719900.0,0.0,0.0,39.723331451416016,36.1113166809082
2019-10-15,36.15980941022929,36.359802636464416,36.02041651394264,36.22041320800781,13550100.0,0.0,0.0,39.84333419799805,36.22041320800781
2019-10-16,36.15374378981215,36.39616242291768,36.0901091153613,36.187076568603516,11344800.0,0.0,0.0,39.80666732788086,36.187076568603516
2019-10-17,36.26283170316186,36.43858478060107,36.168895132027245,36.31434631347656,11732700.0,0.0,0.0,39.9466667175293,36.31434631347656
2019-10-18,36.49919640083537,36.5446492502503,36.09920300319173,36.10223388671875,16776900.0,0.0,0.0,39.71333312988281,36.10223388671875
2019-10-21,36.150715050025156,36.31131718724018,36.00526386153816,36.2840461730957,10230300.0,0.0,0.0,39.913333892822266,36.2840461730957
2019-10-22,36.28707598213177,36.41434533481136,36.177984993123744,36.23556137084961,7634100.0,0.0,0.0,39.86000061035156,36.23556137084961
2019-10-23,36.11131754545731,36.31737597981205,35.9658663688814,36.165863037109375,8520000.0,0.0,0.0,39.78333282470703,36.165863037109375
2019-10-24,36.10526172733667,36.232531082104394,35.91132681191349,36.090110778808594,8700900.0,0.0,0.0,39.70000076293945,36.090110778808594
2019-10-25,36.05980605263776,36.159804385775445,35.81738742737803,36.07192611694336,7692900.0,0.0,0.0,39.68000030517578,36.07192611694336
2019-10-28,36.13555783897697,36.27191982172746,35.917379360142036,36.126468658447266,10213800.0,0.0,0.0,39.7400016784668,36.126468658447266
2019-10-29,35.90828515141027,35.97798157441916,35.47799348739566,35.499202728271484,14373300.0,0.0,0.0,39.04999923706055,35.499202728271484
2019-10-30,35.50831176333909,35.86891063859908,35.46891721011019,35.78709411621094,8988600.0,0.0,0.0,39.366668701171875,35.78709411621094
2019-10-31,35.73555538460435,35.84161196986015,35.40222775243003,35.532527923583984,14643900.0,0.0,0.0,39.086666107177734,35.532527923583984
2019-11-01,35.73254540715932,35.747696356773766,35.52345952821593,35.641639709472656,11287800.0,0.0,0.0,39.206668853759766,35.641639709472656
2019-11-04,35.87799137803087,36.09313899261285,35.50527252327907,35.62648010253906,13938000.0,0.0,0.0,39.189998626708984,35.62648010253906
2019-11-05,35.65980808676733,36.1022233208189,35.47799674231766,36.01737594604492,12651300.0,0.0,0.0,39.619998931884766,36.01737594604492
2019-11-06,36.00829866224899,36.24768645245911,35.97193499421371,36.21132278442383,10843200.0,0.0,0.0,39.83333206176758,36.21132278442383
2019-11-07,36.36282919491202,36.641611486496814,36.223439783034436,36.432525634765625,13324200.0,0.0,0.0,40.07666778564453,36.432525634765625
2019-11-08,36.456765650987315,36.629487840709714,36.041624831904706,36.19313430786133,11498100.0,0.0,0.0,39.813331604003906,36.19313430786133
2019-11-11,35.96889690077189,36.25071006981176,35.84162755598923,36.07192611694336,13317000.0,0.0,0.0,39.68000030517578,36.07192611694336
2019-11-12,36.241619688405656,36.36282726310698,36.00222848627755,36.096168518066406,15189300.0,0.0,0.0,39.706668853759766,36.096168518066406
2019-11-13,36.108279756778565,36.774931658188365,35.956766857603604,36.65978240966797,23135400.0,0.0,0.0,40.32666778564453,36.65978240966797
2019-11-14,37.756741535153054,37.99309842630682,36.21435130619116,36.55979919433594,67512600.0,0.0,0.0,40.21666717529297,36.55979919433594
2019-11-15,36.568880509452036,36.665847951807,35.87192658404706,36.020408630371094,30413100.0,0.0,0.0,39.62333297729492,36.020408630371094
2019-11-18,35.89313857400476,36.62645614250432,35.829503907978236,36.43857955932617,19644000.0,0.0,0.0,40.08333206176758,36.43857955932617
2019-11-19,36.39616767291185,36.47192242298786,36.27495660496006,36.32950210571289,11146200.0,0.0,0.0,39.96333312988281,36.32950210571289
2019-11-20,36.42647109966299,36.50828762030628,35.87799905689852,36.099205017089844,15227700.0,0.0,0.0,39.709999084472656,36.099205017089844
2019-11-21,36.008285228200975,36.362822189697894,35.959801511519096,36.32040023803711,12908400.0,0.0,0.0,39.95333480834961,36.32040023803711
2019-11-22,36.40827963797529,36.45373247790696,36.14162089634516,36.16889190673828,11529300.0,0.0,0.0,39.78666687011719,36.16889190673828
2019-11-25,36.3628304515239,36.36889221792225,35.72648022505628,36.03556442260742,17644500.0,0.0,0.0,39.63999938964844,36.03556442260742
2019-11-26,36.04768941247361,36.15071864834328,35.89314902649933,36.11738586425781,18877500.0,0.0,0.0,39.72999954223633,36.11738586425781
2019-11-27,36.177979807318984,36.30222172679748,35.97798662513114,35.98707580566406,10302300.0,0.0,0.0,39.586666107177734,35.98707580566406
2019-11-29,36.10222140965664,36.35373263802421,36.05979945842992,36.08707046508789,9471900.0,0.0,0.0,39.6966667175293,36.08707046508789
2019-12-02,36.10526605125129,36.17495903569482,35.70830352305054,36.144657135009766,17012700.0,0.0,0.0,39.7599983215332,36.144657135009766
2019-12-03,35.87799184541123,36.04768315215169,35.6870878248921,35.959808349609375,19784400.0,0.0,0.0,39.55666732788086,35.959808349609375
2019-12-04,36.09616978477089,36.12040991343003,35.84768939295217,35.96586608886719,16669800.0,0.0,0.0,39.563331604003906,35.96586608886719
2019-12-05,36.02674381886902,36.15458401717324,35.74062212817391,36.11805725097656,13058400.0,0.176667,0.0,39.5533332824707,36.11805725097656
2019-12-06,36.245904729808544,36.465061887625424,36.19720352622533,36.4589729309082,13022400.0,0.0,0.0,39.926666259765625,36.4589729309082
2019-12-09,36.39505109040096,36.483323541684065,36.27634082374704,36.33113098144531,14448000.0,0.0,0.0,39.78666687011719,36.33113098144531
2019-12-10,36.32808789705263,36.39200800846074,36.22764101244424,36.26416778564453,12846900.0,0.0,0.0,39.71333312988281,36.26416778564453
2019-12-11,36.34329740776815,36.41939192943843,36.078483595618096,36.2215461730957,10519200.0,0.0,0.0,39.66666793823242,36.2215461730957
2019-12-12,36.22155656514923,36.55942051835997,36.124154156112716,36.452884674072266,12447000.0,0.0,0.0,39.91999816894531,36.452884674072266
2019-12-13,36.27025155562156,36.723781227284746,36.22763583185371,36.61420440673828,16098900.0,0.0,0.0,40.0966682434082,36.61420440673828
2019-12-16,36.653777029669705,36.93685429395164,36.653777029669705,36.690303802490234,16052100.0,0.0,0.0,40.18000030517578,36.690303802490234
2019-12-17,36.81509572938742,37.04338281077409,36.73900119672001,36.91554260253906,13727400.0,0.0,0.0,40.426666259765625,36.91554260253906
2019-12-18,36.985537575853606,37.03728323171273,36.47721793111758,36.483306884765625,15309000.0,0.0,0.0,39.95333480834961,36.483306884765625
2019-12-19,36.50766199388194,36.68115888539304,36.45896080649429,36.55027770996094,13392300.0,0.0,0.0,40.026668548583984,36.55027770996094
2019-12-20,36.976417158459135,37.17122542654131,36.53202092048235,36.61420440673828,23863200.0,0.0,0.0,40.0966682434082,36.61420440673828
2019-12-23,36.58680967264219,36.73595774755486,36.22459341690919,36.230682373046875,13457400.0,0.0,0.0,39.676666259765625,36.230682373046875
2019-12-24,36.26111949759484,36.404182097034536,36.224592728232174,36.37678527832031,6682200.0,0.0,0.0,39.836666107177734,36.37678527832031
2019-12-26,36.40722655937448,36.480280105058014,36.20633627551433,36.37983322143555,12671400.0,0.0,0.0,39.84000015258789,36.37983322143555
2019-12-27,36.50766682850474,36.50766682850474,36.29764314779404,36.4011344909668,10632000.0,0.0,0.0,39.86333465576172,36.4011344909668
2019-12-30,36.46505459201349,36.468099069762985,36.26111638340699,36.343299865722656,8837400.0,0.0,0.0,39.79999923706055,36.343299865722656
2019-12-31,36.37374183292886,36.46505875892794,35.975002286783976,36.1728515625,14736000.0,0.0,0.0,39.61333465576172,36.1728515625
2020-01-02,36.17894050295099,36.4924555927256,36.13023929887847,36.20329284667969,20294700.0,0.0,0.0,39.64666748046875,36.20329284667969
2020-01-03,35.99935185195506,36.15763336566784,35.79237262126557,35.88368606567383,16197600.0,0.0,0.0,39.29666519165039,35.88368606567383
2020-01-06,35.73452136924347,35.94454846380844,35.54276113512728,35.81061935424805,19336500.0,0.0,0.0,39.21666717529297,35.81061935424805
2020-01-07,35.69191946790684,35.771058469158646,35.36927450765565,35.478851318359375,20540700.0,0.0,0.0,38.85333251953125,35.478851318359375
2020-01-08,35.399713678624494,35.530598354332156,35.210997859410725,35.35710144042969,17627400.0,0.0,0.0,38.720001220703125,35.35710144042969
2020-01-09,35.35406078984664,35.725406996379206,35.332752926750544,35.72236251831055,16691100.0,0.0,0.0,39.119998931884766,35.72236251831055
2020-01-10,35.68583748656647,35.71627529899559,35.30231338651399,35.42406463623047,18164400.0,0.0,0.0,38.793331146240234,35.42406463623047
2020-01-13,35.424058696049194,35.47580436185532,35.11663614538921,35.27186965942383,18337800.0,0.0,0.0,38.62666702270508,35.27186965942383
2020-01-14,35.14707673676527,35.37231931551961,35.043585396955315,35.36318588256836,19757400.0,0.0,0.0,38.72666549682617,35.36318588256836
2020-01-15,34.89140316683868,35.268838389098114,34.85792086956627,35.08925247192383,22362600.0,0.0,0.0,38.426666259765625,35.08925247192383
2020-01-16,35.15621808194247,35.28710279626335,35.089253485463395,35.27796936035156,16108200.0,0.0,0.0,38.633331298828125,35.27796936035156
2020-01-17,35.3236303173891,35.39972486799806,34.89444938850707,34.991851806640625,30135000.0,0.0,0.0,38.31999969482422,34.991851806640625
2020-01-21,34.87922356857083,35.21404300830544,34.857915705267466,35.1836051940918,22061100.0,0.0,0.0,38.529998779296875,35.1836051940918
2020-01-22,35.070985945110806,35.46972899814237,35.058811515388214,35.338844299316406,14778300.0,0.0,0.0,38.70000076293945,35.338844299316406
2020-01-23,35.372326953207875,35.40276476951619,35.01619962566193,35.250572204589844,12915300.0,0.0,0.0,38.60333251953125,35.250572204589844
2020-01-24,35.30839737426123,35.31752732335159,34.74528747340223,34.812252044677734,13150200.0,0.0,0.0,38.12333297729492,34.812252044677734
2020-01-27,34.45307636063121,35.37839885839367,34.29784286031579,35.265777587890625,21055200.0,0.0,0.0,38.619998931884766,35.265777587890625
2020-01-28,35.302304749706046,35.582337432281264,35.29317480156472,35.491024017333984,15810600.0,0.0,0.0,38.866668701171875,35.491024017333984
2020-01-29,35.47885616175798,35.649312098019365,35.27492141723633,35.27492141723633,11326500.0,0.0,0.0,38.630001068115234,35.27492141723633
2020-01-30,35.189691735542304,35.527555630190676,35.10446377156179,35.48494338989258,13744500.0,0.0,0.0,38.86000061035156,35.48494338989258
2020-01-31,35.247521084255695,35.38753919295073,34.66919571660757,34.84878158569336,23327400.0,0.0,0.0,38.163333892822266,34.84878158569336
2020-02-03,34.97358252987192,35.12273061066397,34.730076525533256,34.781822204589844,13041300.0,0.0,0.0,38.09000015258789,34.781822204589844
2020-02-04,35.07706695003798,35.38144852441104,34.97053113480783,35.08619689941406,15696600.0,0.0,0.0,38.42333221435547,35.08619689941406
2020-02-05,35.18663799154917,35.59755531379333,34.95835097734501,35.5549430847168,17048700.0,0.0,0.0,38.936668395996094,35.5549430847168
2020-02-06,35.56104523033661,35.68279998724942,35.326672635441625,35.402767181396484,16058700.0,0.0,0.0,38.77000045776367,35.402767181396484
2020-02-07,35.341885666546816,35.539731453123615,35.23534983654409,35.44537353515625,11068800.0,0.0,0.0,38.81666564941406,35.44537353515625
2020-02-10,35.232301507236905,35.606692143556735,35.01923335390671,35.08011245727539,18434700.0,0.0,0.0,38.41666793823242,35.08011245727539
2020-02-11,35.1349081502323,35.15621601605584,34.833570967169145,35.12577819824219,17390400.0,0.0,0.0,38.46666717529297,35.12577819824219
2020-02-12,35.156220488370785,35.436253324619074,35.128827145530714,35.26275634765625,14206800.0,0.0,0.0,38.616668701171875,35.26275634765625
2020-02-13,35.26274802498292,35.77715336015613,35.180564532474136,35.7467155456543,15999600.0,0.0,0.0,39.14666748046875,35.7467155456543
2020-02-14,35.81672147975392,36.09066877974794,35.66148792758296,35.88368606567383,24391800.0,0.0,0.0,39.29666519165039,35.88368606567383
2020-02-18,36.06022442223075,36.510709572991516,35.72235707577619,36.413307189941406,34539600.0,0.0,0.0,39.87666702270508,36.413307189941406
2020-02-19,36.37373973022027,36.50766889168698,35.81976318359375,35.81976318359375,21563400.0,0.0,0.0,39.22666549682617,35.81976318359375
2020-02-20,35.67670372366922,35.950647516388365,35.570171381150125,35.82280731201172,15068700.0,0.0,0.0,39.22999954223633,35.82280731201172
2020-02-21,35.74670695164271,36.145446405815626,35.70713571227306,36.09370422363281,18726300.0,0.0,0.0,39.526668548583984,36.09370422363281
2020-02-24,35.75278981431302,36.05717483071232,35.29317477930804,35.40579605102539,19848000.0,0.0,0.0,38.77333450317383,35.40579605102539
2020-02-25,35.41494451290238,35.63410169994254,34.714864182619145,34.818355560302734,23292900.0,0.0,0.0,38.130001068115234,34.818355560302734
2020-02-26,34.91270410965858,35.05576322264066,34.59310010967761,34.63267135620117,20019900.0,0.0,0.0,37.926666259765625,34.63267135620117
2020-02-27,34.261322992234355,34.720941598108254,33.58863622767821,33.60385513305664,28476900.0,0.0,0.0,36.79999923706055,33.60385513305664
2020-02-28,32.77898060458131,33.03161653383515,31.76842992079735,32.775936126708984,52369200.0,0.0,0.0,35.893333435058594,32.775936126708984
2020-03-02,32.75158228903993,35.43014765086771,32.65722090627169,35.27186965942383,51222600.0,0.0,0.0,38.62666702270508,35.27186965942383
2020-03-03,35.33275683625841,35.77411215366727,34.19436574953498,34.367862701416016,33340800.0,0.0,0.0,37.63666534423828,34.367862701416016
2020-03-04,34.77269970029328,35.564093513031864,34.53832359694279,35.54278564453125,24625200.0,0.0,0.0,38.92333221435547,35.54278564453125
2020-03-05,34.82137934958529,35.68887074941814,34.67223479767034,35.28404235839844,25638300.0,0.0,0.0,38.63999938964844,35.28404235839844
2020-03-06,34.660056429545754,35.88976036564761,34.39828366569635,35.68278121948242,29411100.0,0.0,0.0,39.07666778564453,35.68278121948242
2020-03-09,34.64485526651046,36.71770292493845,34.313080230712856,35.661495208740234,59243400.0,0.0,0.0,39.0533332824707,35.661495208740234
2020-03-10,35.947592885575226,36.7328971979048,34.97965480286715,36.461997985839844,37797300.0,0.0,0.0,39.93000030517578,36.461997985839844
2020-03-11,35.768017801033224,36.23068091410032,34.33437522617575,34.83052062988281,31620000.0,0.0,0.0,38.143333435058594,34.83052062988281
2020-03-12,32.270661404346875,33.93563552727189,31.345338666302123,31.67102813720703,56323200.0,0.0,0.0,34.68333435058594,31.67102813720703
2020-03-13,32.94638758766693,34.879216251854366,31.61927756935976,34.73006820678711,42962100.0,0.0,0.0,38.03333282470703,34.73006820678711
2020-03-16,32.021061731574605,33.88692932151347,31.04703794076664,32.49589920043945,36753900.0,0.0,0.0,35.586666107177734,32.49589920043945
2020-03-17,34.325245014683446,36.30373417518872,33.62212039997559,36.300689697265625,52806000.0,0.0,0.0,39.753334045410156,36.300689697265625
2020-03-18,35.004010837274265,38.98533728104262,34.851821803015284,37.31123352050781,77355900.0,0.0,0.0,40.86000061035156,37.31123352050781
2020-03-19,38.05109681554163,38.827647741060765,35.96296247500373,36.51939010620117,57100500.0,0.18,0.0,39.81666564941406,36.51939010620117
2020-03-20,36.534691641167264,37.54054362571754,34.208088841472076,34.84400939941406,55423500.0,0.0,0.0,37.9900016784668,34.84400939941406
2020-03-23,34.905143671455185,35.93545193848089,34.305911694964955,34.93877410888672,39366000.0,0.0,0.0,38.09333419799805,34.93877410888672
2020-03-24,35.42489882539414,35.88349336002711,34.03077102025405,35.168087005615234,42705000.0,0.0,0.0,38.34333419799805,35.168087005615234
2020-03-25,34.53826879821645,34.853171049000586,33.03407987064609,33.446815490722656,53287500.0,0.0,0.0,36.46666717529297,33.446815490722656
2020-03-26,33.446823753208186,33.896247872491536,32.66721455509408,33.57522964477539,58250700.0,0.0,0.0,36.606666564941406,33.57522964477539
2020-03-27,33.663886437329715,34.32731792016811,33.202234104286816,33.50185012817383,36160500.0,0.0,0.0,36.526668548583984,33.50185012817383
2020-03-30,34.1989150574241,35.40348815922517,33.91764320403969,35.21699523925781,29212500.0,0.0,0.0,38.39666748046875,35.21699523925781
2020-03-31,34.9479525321764,35.522724551178975,34.43738345423495,34.73699951171875,26258400.0,0.0,0.0,37.87333297729492,34.73699951171875
2020-04-01,34.28756332664926,35.320929416478144,34.18055962890443,34.895965576171875,28269600.0,0.0,0.0,38.04666519165039,34.895965576171875
2020-04-02,34.602477039305114,36.41545609710292,34.34566528019355,36.274818420410156,29515500.0,0.0,0.0,39.54999923706055,36.274818420410156
2020-04-03,35.83456087156264,36.6600320698099,35.77952829208045,36.528568267822266,28625100.0,0.0,0.0,39.82666778564453,36.528568267822266
2020-04-06,36.40017079927348,38.64116834779924,36.36348240450085,38.5433349609375,47768700.0,0.0,0.0,42.02333450317383,38.5433349609375
2020-04-07,37.904361972282715,38.67174285914487,37.188952232125935,37.29595947265625,41369700.0,0.0,0.0,40.663333892822266,37.29595947265625
2020-04-08,37.81568574472251,37.85237412861477,36.86792465321928,37.25008773803711,27876600.0,0.0,0.0,40.61333465576172,37.25008773803711
2020-04-09,36.143350337809125,37.56499569105568,35.9721436848169,37.23786163330078,32828700.0,0.0,0.0,40.599998474121094,37.23786163330078
2020-04-13,37.07582747068039,38.421038173739674,37.045254977265074,38.307918548583984,24194100.0,0.0,0.0,41.766666412353516,38.307918548583984
2020-04-14,38.85823307192862,39.68064292334832,38.534156951498304,39.439117431640625,34098900.0,0.0,0.0,43.0,39.439117431640625
2020-04-15,39.439118513370104,39.70815855616618,38.86434653716344,39.36574172973633,22435200.0,0.0,0.0,42.91999816894531,39.36574172973633
2020-04-16,39.43910779844838,40.6375681147508,39.20981066008531,40.45718765258789,31882200.0,0.0,0.0,44.11000061035156,40.45718765258789
2020-04-17,40.197334770105634,40.65287128826414,39.662305558568114,40.393001556396484,30915300.0,0.0,0.0,44.040000915527344,40.393001556396484
2020-04-20,40.47554064373137,40.77821111280317,39.671471510495934,39.6989860534668,24401700.0,0.0,0.0,43.28333282470703,39.6989860534668
2020-04-21,39.76623873208021,40.05973879254986,39.182296559461854,39.50331115722656,27900600.0,0.0,0.0,43.06999969482422,39.50331115722656
2020-04-22,39.74483707799389,40.47247484020874,39.40853623331428,40.23094940185547,19448100.0,0.0,0.0,43.86333465576172,40.23094940185547
2020-04-23,39.698987218577926,40.07809242737991,39.050841973682545,39.29542541503906,28839900.0,0.0,0.0,42.84333419799805,39.29542541503906
2020-04-24,39.54612437250301,39.7112151323762,39.30459538372338,39.573638916015625,17343600.0,0.0,0.0,43.14666748046875,39.573638916015625
2020-04-27,39.74484464399686,39.83962356716248,39.18535894701404,39.22510528564453,17923800.0,0.0,0.0,42.766666412353516,39.22510528564453
2020-04-28,39.21899009838513,39.818222144856115,39.041667543399974,39.13338851928711,20732100.0,0.0,0.0,42.66666793823242,39.13338851928711
2020-04-29,38.39046010547224,38.448547134766734,37.467155543697636,37.78817367553711,44612100.0,0.0,0.0,41.20000076293945,37.78817367553711
2020-04-30,37.62920630284429,37.73926799500108,37.005517549292314,37.16143798828125,40497900.0,0.0,0.0,40.516666412353516,37.16143798828125
2020-05-01,37.14003387452823,37.81569723824836,36.926022901840376,37.580284118652344,31143900.0,0.0,0.0,40.973331451416016,37.580284118652344
2020-05-04,37.86154544252709,38.03275557253403,37.21034235638756,37.81874465942383,17807700.0,0.0,0.0,41.233333587646484,37.81874465942383
2020-05-05,37.8493257492416,38.29569186932294,37.684231478784085,38.1336555480957,19337400.0,0.0,0.0,41.57666778564453,38.1336555480957
2020-05-06,38.280406583608055,38.36601167021757,37.55888449423815,37.69646072387695,17309100.0,0.0,0.0,41.099998474121094,37.69646072387695
2020-05-07,37.911402756930684,38.071083923174356,37.30953840474303,37.429298400878906,27345600.0,0.18,0.0,40.630001068115234,37.429298400878906
2020-05-08,37.693389321067094,37.77322816140774,37.346394869987584,37.751731872558594,20830800.0,0.0,0.0,40.97999954223633,37.751731872558594
2020-05-11,37.782435075522116,38.172422065355356,37.773224389328355,37.97589111328125,25341900.0,0.0,0.0,41.223331451416016,37.97589111328125
2020-05-12,38.22461875012149,38.58696662398467,38.009666442871094,38.009666442871094,19100100.0,0.0,0.0,41.2599983215332,38.009666442871094
2020-05-13,37.92370052108455,38.765085135431235,37.79779768479678,37.98818588256836,29175300.0,0.0,0.0,41.23666763305664,37.98818588256836
2020-05-14,38.33824300019418,38.4242211196823,37.248127878078144,37.89912414550781,22233000.0,0.0,0.0,41.13999938964844,37.89912414550781
2020-05-15,37.91448405741517,38.67295837402344,37.797795430691714,38.67295837402344,31770000.0,0.0,0.0,41.97999954223633,38.67295837402344
2020-05-18,39.151994231159364,39.477492413897444,38.722089512219554,39.20112609863281,38633700.0,0.0,0.0,42.5533332824707,39.20112609863281
2020-05-19,40.457059718128036,40.5307557583116,38.32596112672108,38.368953704833984,74746200.0,0.0,0.0,41.650001525878906,38.368953704833984
2020-05-20,38.84185420381467,38.87256118540115,38.270693100901894,38.52249526977539,32246400.0,0.0,0.0,41.81666564941406,38.52249526977539
2020-05-21,38.350514806199136,38.73435538339974,38.1539874185866,38.381221771240234,22448100.0,0.0,0.0,41.663333892822266,38.381221771240234
2020-05-22,38.415010780505156,38.49177821438032,38.0066024095887,38.17856216430664,22359600.0,0.0,0.0,41.44333267211914,38.17856216430664
2020-05-26,38.18163631482659,38.540912851105034,37.96361256989084,38.03424072265625,23730600.0,0.0,0.0,41.28666687011719,38.03424072265625
2020-05-27,38.06800997282154,38.227687614179665,37.16521174793172,37.610469818115234,31073700.0,0.0,0.0,40.82666778564453,37.610469818115234
2020-05-28,37.99125079160716,38.36895220755272,37.81928751424246,37.98203659057617,24424800.0,0.0,0.0,41.22999954223633,37.98203659057617
2020-05-29,38.150932017397714,38.29525621928631,37.44158958209577,38.09565734863281,29311200.0,0.0,0.0,41.35333251953125,38.09565734863281
2020-06-01,37.905263753007354,38.20312628852491,37.57362284689759,38.06494140625,20550300.0,0.0,0.0,41.31999969482422,38.06494140625
2020-06-02,37.95132914696459,38.12328890801822,37.71181263593662,38.05880355834961,19187700.0,0.0,0.0,41.313331604003906,38.05880355834961
2020-06-03,38.04652422590209,38.07416331646686,37.66575138674579,37.91448211669922,20262900.0,0.0,0.0,41.15666580200195,37.91448211669922
2020-06-04,37.708741441962026,38.043450279171466,37.40780746573657,37.49686050415039,24015000.0,0.0,0.0,40.70333480834961,37.49686050415039
2020-06-05,37.63812479933728,37.67190318483719,36.82130777319437,37.327980041503906,39337200.0,0.0,0.0,40.52000045776367,37.327980041503906
2020-06-08,36.71995852194066,37.22970199584961,36.68310874932369,37.22970199584961,28344300.0,0.0,0.0,40.413333892822266,37.22970199584961
2020-06-09,37.34025239541155,37.46308381452383,37.020897031258336,37.263484954833984,20746200.0,0.0,0.0,40.45000076293945,37.263484954833984
2020-06-10,37.32797058016491,37.616618970193564,37.19592847289499,37.20513916015625,28141500.0,0.0,0.0,40.38666534423828,37.20513916015625
2020-06-11,37.152941487207315,37.641188765697294,36.689258385580395,36.87657165527344,34162800.0,0.0,0.0,40.029998779296875,36.87657165527344
2020-06-12,37.005536671504025,37.079236219122386,35.94613203089895,36.15494155883789,32359200.0,0.0,0.0,39.246665954589844,36.15494155883789
2020-06-15,36.35761737345632,36.443599020794295,35.930784051607674,36.25935363769531,32703300.0,0.0,0.0,39.36000061035156,36.25935363769531
2020-06-16,36.78752287521406,36.91956499257668,36.40060721109146,36.741458892822266,25167600.0,0.0,0.0,39.883331298828125,36.741458892822266
2020-06-17,36.805948533770696,36.88885526975454,36.35761890268339,36.55107498168945,20166900.0,0.0,0.0,39.676666259765625,36.55107498168945
2020-06-18,36.400589197049015,36.56027032766089,36.13036580880543,36.2317008972168,20070000.0,0.0,0.0,39.33000183105469,36.2317008972168
2020-06-19,36.508072959621785,36.94104543317289,36.15800719263782,36.80286407470703,40078800.0,0.0,0.0,39.95000076293945,36.80286407470703
2020-06-22,37.146794833553955,37.49071787328856,36.97176015625618,37.36481857299805,27338400.0,0.0,0.0,40.560001373291016,37.36481857299805
2020-06-23,37.69337639046425,37.724083355893015,37.143711869565976,37.177490234375,19727700.0,0.0,0.0,40.356666564941406,37.177490234375
2020-06-24,37.07616497824326,37.19285358634847,36.71995986772496,36.9410514831543,20614800.0,0.0,0.0,40.099998474121094,36.9410514831543
2020-06-25,36.77523737005714,36.89806879978086,36.35147543875899,36.759883880615234,20569800.0,0.0,0.0,39.9033317565918,36.759883880615234
2020-06-26,36.72611208836034,37.10688146973238,36.24093264450726,36.33305358886719,26991600.0,0.0,0.0,39.439998626708984,36.33305358886719
2020-06-29,36.38832038495824,36.75066831035136,36.30233874699302,36.56028366088867,16511400.0,0.0,0.0,39.686668395996094,36.56028366088867
2020-06-30,36.60941991732576,36.88885412442177,36.40060684089277,36.78137969970703,20509200.0,0.0,0.0,39.926666259765625,36.78137969970703
2020-07-01,36.68003504801286,36.8243592151557,36.43744716951478,36.75373458862305,19733700.0,0.0,0.0,39.89666748046875,36.75373458862305
2020-07-02,36.87656963198037,37.11915755758788,36.49886819847411,36.606346130371094,17695800.0,0.0,0.0,39.73666763305664,36.606346130371094
2020-07-06,36.78752874158768,36.80902503585256,36.30234926225278,36.50809097290039,21695100.0,0.0,0.0,39.630001068115234,36.50809097290039
2020-07-07,36.372965651395845,39.167342433118264,36.30233750325261,38.983097076416016,93458100.0,0.0,0.0,42.31666564941406,38.983097076416016
2020-07-08,39.30553571045469,39.34545337916944,38.200066848705944,38.21234893798828,52217100.0,0.0,0.0,41.47999954223633,38.21234893798828
2020-07-09,38.57160937850746,39.360790390054724,38.3689426905396,39.2287483215332,42771600.0,0.0,0.0,42.58333206176758,39.2287483215332
2020-07-10,39.532765264460004,40.34037139709585,39.078292875591096,40.12849044799805,44236800.0,0.0,0.0,43.560001373291016,40.12849044799805
2020-07-13,40.3280930325219,41.03436058526002,39.57882938319638,39.77228546142578,42338400.0,0.0,0.0,43.17333221435547,39.77228546142578
2020-07-14,39.69858644287336,40.68736656540857,39.621815486130224,40.53689956665039,26455800.0,0.0,0.0,44.003334045410156,40.53689956665039
2020-07-15,40.616731335150355,41.187888739489026,40.16533041750054,40.53382110595703,31731300.0,0.0,0.0,44.0,40.53382110595703
2020-07-16,40.54918870248668,40.75799829104216,40.300457928350994,40.59524917602539,17676600.0,0.0,0.0,44.06666564941406,40.59524917602539
2020-07-17,40.95452381858733,40.95452381858733,40.37108068933835,40.4539909362793,18189600.0,0.0,0.0,43.913333892822266,40.4539909362793
2020-07-20,40.52154548777694,40.76106201357158,40.2697433600019,40.37107849121094,18342600.0,0.0,0.0,43.823333740234375,40.37107849121094
2020-07-21,40.398706131082974,41.14489816633556,40.36492776064895,40.635154724121094,21712500.0,0.0,0.0,44.11000061035156,40.635154724121094
2020-07-22,40.70885688267826,40.850113185475635,40.28509500266222,40.73649597167969,16164600.0,0.0,0.0,44.220001220703125,40.73649597167969
2020-07-23,40.84089787657279,40.88695833807502,40.32194368477609,40.42327880859375,16796400.0,0.0,0.0,43.880001068115234,40.42327880859375
2020-07-24,40.21139984424208,40.65665450809737,40.076286339199484,40.30044937133789,13037400.0,0.0,0.0,43.746665954589844,40.30044937133789
2020-07-27,40.183755148114656,40.52767814939126,40.183755148114656,40.29123306274414,14045700.0,0.0,0.0,43.73666763305664,40.29123306274414
2020-07-28,40.380282326401414,40.650509297104186,40.202179783978046,40.460121154785156,14414100.0,0.0,0.0,43.91999816894531,40.460121154785156
2020-07-29,40.39871307409396,40.49083751574104,39.873616056364035,40.13155746459961,14223300.0,0.0,0.0,43.563331604003906,40.13155746459961
2020-07-30,39.74157156325717,40.04864481718593,39.526619231250656,39.95652389526367,13788300.0,0.0,0.0,43.37333297729492,39.95652389526367
2020-07-31,39.81220644795226,39.94731996764915,39.18884563391998,39.735435485839844,21631500.0,0.0,0.0,43.133331298828125,39.735435485839844
2020-08-03,39.892036291131426,39.956521635667855,39.388435620897496,39.70471954345703,14971500.0,0.0,0.0,43.099998474121094,39.70471954345703
2020-08-04,39.812200179604645,40.44477158211535,39.59417644480191,40.42327880859375,18219600.0,0.0,0.0,43.880001068115234,40.42327880859375
2020-08-05,40.05785938628914,40.1499803090586,39.56039796928299,39.861331939697266,25483500.0,0.0,0.0,43.27000045776367,39.861331939697266
2020-08-06,39.65251725421161,39.99030098545675,39.62181028122347,39.72007751464844,14496300.0,0.0,0.0,43.116668701171875,39.72007751464844
2020-08-07,39.790697618708556,40.06092457295314,39.64637345641311,39.910457611083984,16558500.0,0.0,0.0,43.323333740234375,39.910457611083984
2020-08-10,39.99337047192467,40.63822741638283,39.81219652861351,40.496971130371094,17683200.0,0.0,0.0,43.959999084472656,40.496971130371094
2020-08-11,40.71500481376233,40.800986463579186,39.83677045371076,39.98109817504883,25360200.0,0.0,0.0,43.400001525878906,39.98109817504883
2020-08-12,40.06400182598908,40.60445229924929,39.63716856212978,40.50004577636719,19094400.0,0.0,0.0,43.96333312988281,40.50004577636719
2020-08-13,40.456888951320806,40.68814164580331,40.30888736799744,40.65422439575195,19867200.0,0.18,0.0,43.95000076293945,40.65422439575195
2020-08-14,40.805304272040566,40.999555661232186,40.58638419144406,40.88547134399414,20106300.0,0.0,0.0,44.20000076293945,40.88547134399414
2020-08-17,41.42505596579423,41.97389636708139,41.270889890840444,41.81047821044922,39465000.0,0.0,0.0,45.20000076293945,41.81047821044922
2020-08-18,41.986236935459665,42.43640972297011,41.061226195207595,41.53606414794922,80232600.0,0.0,0.0,44.9033317565918,41.53606414794922
2020-08-19,41.381889860269595,41.520639326687714,40.6542147003107,40.826881408691406,38155200.0,0.0,0.0,44.13666534423828,40.826881408691406
2020-08-20,40.45687593882177,40.72204579806673,40.099202914354755,40.25954055786133,26810700.0,0.0,0.0,43.52333450317383,40.25954055786133
2020-08-21,40.25337942479661,40.90705210445634,40.11462994606054,40.58638381958008,24864000.0,0.0,0.0,43.87666702270508,40.58638381958008
2020-08-24,40.77755205882583,40.84847057777931,40.185545801394134,40.4938850402832,19813800.0,0.0,0.0,43.776668548583984,40.4938850402832
2020-08-25,40.33046353688437,40.466132520373044,39.98204252412286,40.278045654296875,21722400.0,0.0,0.0,43.543331146240234,40.278045654296875
2020-08-26,40.148536022139524,40.35512348014501,39.99128593710286,40.29962158203125,18814800.0,0.0,0.0,43.56666564941406,40.29962158203125
2020-08-27,40.41679869834597,42.96674608141508,40.361296788154654,42.12806701660156,119018700.0,0.0,0.0,45.543331146240234,42.12806701660156
2020-08-28,43.47549483869825,43.497079499810965,42.50115046241136,43.25965881347656,64050900.0,0.0,0.0,46.766666412353516,43.25965881347656
2020-08-31,42.390156264262316,42.82490887550558,41.78889792309514,42.81257629394531,45236400.0,0.0,0.0,46.28333282470703,42.81257629394531
2020-09-01,43.537157774603344,46.124105842682965,43.18257231572813,45.50743103027344,106798200.0,0.0,0.0,49.1966667175293,45.50743103027344
2020-09-02,46.63595162492563,46.660616786081384,44.89693073257222,45.535186767578125,51666000.0,0.0,0.0,49.22666549682617,45.535186767578125
2020-09-03,45.233029318284636,46.12720689122213,43.725260733372174,44.567020416259766,48015000.0,0.0,0.0,48.18000030517578,44.567020416259766
2020-09-04,44.40668225835769,44.721186041773784,43.19800098231475,44.03976058959961,33982200.0,0.0,0.0,47.61000061035156,44.03976058959961
2020-09-08,43.60191786531881,43.75300345712829,42.63065737927008,42.68924331665039,33966900.0,0.0,0.0,46.150001525878906,42.68924331665039
2020-09-09,43.19490235041492,43.971911227405,42.99756698664821,43.133235931396484,33669000.0,0.0,0.0,46.630001068115234,43.133235931396484
2020-09-10,43.18566424165711,43.333665800270104,42.115732558342074,42.18356704711914,33709200.0,0.0,0.0,45.60333251953125,42.18356704711914
2020-09-11,42.25756653925291,42.686154575660375,41.79506126090614,42.1496467590332,28879800.0,0.0,0.0,45.56666564941406,42.1496467590332
2020-09-14,41.976982709723664,43.50633213516151,41.89681211196323,42.3408203125,45733800.0,0.0,0.0,45.77333450317383,42.3408203125
2020-09-15,42.62140331733058,42.883489166312906,42.14348144060368,42.3531494140625,30427800.0,0.0,0.0,45.78666687011719,42.3531494140625
2020-09-16,42.67690174187897,42.760152831659504,41.949226595244745,42.01397705078125,27860400.0,0.0,0.0,45.41999816894531,42.01397705078125
2020-09-17,41.75806172742819,42.41790243043514,41.63164483601914,42.14656448364258,37245000.0,0.0,0.0,45.563331604003906,42.14656448364258
2020-09-18,42.06947883191708,42.405567217214326,41.54839116198465,41.71489334106445,54709200.0,0.0,0.0,45.0966682434082,41.71489334106445
2020-09-21,42.08798596585441,42.316154608382575,41.71489978319465,42.263736724853516,47275500.0,0.0,0.0,45.689998626708984,42.263736724853516
2020-09-22,42.26373792602476,42.85574774246785,42.10957182730567,42.64607620239258,33102000.0,0.0,0.0,46.10333251953125,42.64607620239258
2020-09-23,42.85882383760906,42.932826380298806,41.878314847418125,41.93073272705078,23133300.0,0.0,0.0,45.33000183105469,41.93073272705078
2020-09-24,41.8505596359812,42.48573515122541,41.647059712980585,42.1496467590332,29453100.0,0.0,0.0,45.56666564941406,42.1496467590332
2020-09-25,42.09414866543262,42.40865239795685,41.92147842738057,42.325401306152344,22618800.0,0.0,0.0,45.75666809082031,42.325401306152344
2020-09-28,42.291479940958766,42.56589835012062,42.15581098552081,42.31922912597656,21197100.0,0.0,0.0,45.75,42.31922912597656
2020-09-29,42.31922607430432,42.59364446367765,42.054056236391695,42.285308837890625,27702900.0,0.0,0.0,45.71333312988281,42.285308837890625
2020-09-30,42.36239909669533,43.703665120173234,42.303816693958794,43.139408111572266,34826400.0,0.0,0.0,46.63666534423828,43.139408111572266
2020-10-01,43.413833825819935,44.5176792491881,43.24733162763549,44.11684036254883,43290900.0,0.0,0.0,47.69333267211914,44.11684036254883
2020-10-02,43.88867211396907,44.12300880447897,43.20724670643351,43.32133102416992,24585000.0,0.0,0.0,46.83333206176758,43.32133102416992
2020-10-05,43.56491785865837,43.84242033617242,43.497083370811644,43.72216796875,14259000.0,0.0,0.0,47.266666412353516,43.72216796875
2020-10-06,43.743746415979345,44.073666726188776,43.244239910250585,43.36140823364258,21475500.0,0.0,0.0,46.87666702270508,43.36140823364258
2020-10-07,43.55567368885317,43.64509285597744,43.24425391084314,43.44158935546875,16949100.0,0.0,0.0,46.96333312988281,43.44158935546875
2020-10-08,43.63274808453383,43.81158638328879,43.51249924776788,43.58649826049805,14676900.0,0.0,0.0,47.119998931884766,43.58649826049805
2020-10-09,43.67899702915189,44.19700065189267,43.648163816239695,44.02433395385742,14494800.0,0.0,0.0,47.59333419799805,44.02433395385742
2020-10-12,44.098338258053914,44.82909748924117,44.098338258053914,44.47759246826172,18402300.0,0.0,0.0,48.08333206176758,44.47759246826172
2020-10-13,44.61018228109835,45.20219210205991,44.51151456571073,45.088104248046875,23800200.0,0.0,0.0,48.74333190917969,45.088104248046875
2020-10-14,45.14051211902613,45.180597413287586,44.326501883348826,44.38200378417969,19710900.0,0.0,0.0,47.97999954223633,44.38200378417969
2020-10-15,44.11992581155573,44.696515468795674,44.042842764962906,44.56393051147461,13692600.0,0.0,0.0,48.176666259765625,44.56393051147461
2020-10-16,44.8321825645318,45.06343522320123,44.54542799747291,44.61943054199219,16935000.0,0.0,0.0,48.23666763305664,44.61943054199219
2020-10-19,44.73968024279377,44.822931336092395,44.015085564050395,44.07675552368164,14643300.0,0.0,0.0,47.650001525878906,44.07675552368164
2020-10-20,44.43441750048278,44.872254026176705,44.283331947330915,44.369667053222656,14523000.0,0.0,0.0,47.96666717529297,44.369667053222656
2020-10-21,44.351171340911414,44.93392895952853,44.351171340911414,44.52383804321289,13114200.0,0.0,0.0,48.133331298828125,44.52383804321289
2020-10-22,44.45908081322881,44.57316862652488,43.99657562133398,44.26174545288086,13344000.0,0.0,0.0,47.849998474121094,44.26174545288086
2020-10-23,44.39125312650999,44.4436674684311,44.045916220572586,44.354251861572266,10540500.0,0.0,0.0,47.95000076293945,44.354251861572266
2020-10-26,44.04283188112631,44.1291669891566,43.45699028588662,43.833160400390625,16111800.0,0.0,0.0,47.38666534423828,43.833160400390625
2020-10-27,43.79925616039404,44.30801487906866,43.77459099571423,44.052093505859375,11831100.0,0.0,0.0,47.62333297729492,44.052093505859375
2020-10-28,43.463159625586854,43.82391314525647,43.13015529092724,43.17948913574219,16849200.0,0.0,0.0,46.68000030517578,43.17948913574219
2020-10-29,43.16715907512703,43.50941198187917,42.76632023938202,43.14249038696289,15153900.0,0.0,0.0,46.63999938964844,43.14249038696289
2020-10-30,42.91431174235406,43.19489815600336,42.356222941433835,42.7817268371582,18601800.0,0.0,0.0,46.25,42.7817268371582
2020-11-02,43.349078941931005,43.416913425283035,42.86807303274809,43.29049301147461,16575600.0,0.0,0.0,46.79999923706055,43.29049301147461
2020-11-03,43.67591300213366,44.44983793786165,43.65124431462289,44.02433395385742,15413100.0,0.0,0.0,47.59333419799805,44.02433395385742
2020-11-04,43.6512510765926,44.52076334140565,43.58033608736322,43.77150344848633,17927400.0,0.0,0.0,47.31999969482422,43.77150344848633
2020-11-05,44.40051688655616,44.47143541387209,44.073680501139144,44.237098693847656,14202600.0,0.0,0.0,47.823333740234375,44.237098693847656
2020-11-06,44.511510053681754,45.08501917879336,44.26175676280454,44.946266174316406,16198500.0,0.0,0.0,48.59000015258789,44.946266174316406
2020-11-09,45.63385439112662,45.695524351180836,44.240173986429305,44.25867462158203,28198500.0,0.0,0.0,47.8466682434082,44.25867462158203
2020-11-10,44.32343028475759,45.15285376491128,44.25559579077756,44.88151931762695,18199200.0,0.0,0.0,48.52000045776367,44.88151931762695
2020-11-11,45.30085709040555,45.9298646692908,45.14052293222253,45.6276969909668,18805800.0,0.0,0.0,49.32666778564453,45.6276969909668
2020-11-12,45.78184834630603,45.852766847850155,45.35634439431082,45.70476531982422,12564300.0,0.0,0.0,49.40999984741211,45.70476531982422
2020-11-13,45.92369183801508,46.54036319426942,45.48585171701193,46.417030334472656,19738200.0,0.0,0.0,50.18000030517578,46.417030334472656
2020-11-16,46.41394648160435,47.29887175133023,46.0285242360211,47.00286865234375,34560300.0,0.0,0.0,50.813331604003906,47.00286865234375
2020-11-17,46.40469537091014,47.24953882594145,45.99768848575975,46.0562744140625,42711600.0,0.0,0.0,49.790000915527344,46.0562744140625
2020-11-18,46.20737237632468,46.7654614509317,45.957619046711564,45.96995162963867,24936900.0,0.0,0.0,49.6966667175293,45.96995162963867
2020-11-19,46.08403071455555,47.00595734532271,46.04086491490701,46.90420913696289,18590700.0,0.0,0.0,50.706668853759766,46.90420913696289
2020-11-20,46.61129025336305,47.101544812501025,46.19195421879434,46.32453918457031,21937200.0,0.0,0.0,50.08000183105469,46.32453918457031
2020-11-23,46.3646184055425,46.6822062060777,46.05628268786013,46.537288665771484,18557100.0,0.0,0.0,50.310001373291016,46.537288665771484
2020-11-24,46.78704062958976,46.86103964710864,46.333783855982496,46.66987228393555,17155200.0,0.0,0.0,50.45333480834961,46.66987228393555
2020-11-25,46.63594644024358,46.98744788376522,46.62361033240179,46.814781188964844,13833300.0,0.0,0.0,50.61000061035156,46.814781188964844
2020-11-27,46.91345217518384,47.089202909289746,46.58969989429528,46.743865966796875,10999500.0,0.0,0.0,50.53333282470703,46.743865966796875
2020-11-30,46.74386484271472,47.16012028572947,46.28135957906169,47.11078643798828,32695500.0,0.0,0.0,50.93000030517578,47.11078643798828
2020-12-01,47.36053629880855,47.37903693146078,46.76236211471424,47.06453323364258,22935300.0,0.0,0.0,50.880001068115234,47.06453323364258
2020-12-02,46.86720272163556,47.05837006449349,46.105610320134666,46.41086196899414,23547000.0,0.0,0.0,50.17333221435547,46.41086196899414
2020-12-03,46.336862000977355,46.336862000977355,45.75410437421729,46.034690856933594,25725900.0,0.0,0.0,49.766666412353516,46.034690856933594
2020-12-04,46.0994429749661,46.0994429749661,45.504352746827806,45.9144401550293,20889300.0,0.0,0.0,49.63666534423828,45.9144401550293
2020-12-07,45.77568251898649,45.93910064765931,45.37484373541597,45.667762756347656,18479100.0,0.0,0.0,49.369998931884766,45.667762756347656
2020-12-08,45.43651619764676,46.204276630481644,45.3810178242318,46.08094024658203,20716500.0,0.0,0.0,49.81666564941406,46.08094024658203
2020-12-09,46.250525816936204,46.250525816936204,45.599933722705735,45.71710205078125,20139600.0,0.0,0.0,49.42333221435547,45.71710205078125
2020-12-10,45.723298487121234,45.84708217796375,45.35813093268166,45.503578186035156,20652300.0,0.18,0.0,49.01333236694336,45.503578186035156
2020-12-11,45.4664291930177,45.64901292016397,45.16315710870549,45.491188049316406,16860900.0,0.0,0.0,49.0,45.491188049316406
2020-12-14,45.7078196217995,45.71401022215554,44.99605286679066,45.07341766357422,25088100.0,0.0,0.0,48.54999923706055,45.07341766357422
2020-12-15,45.03318573977137,45.29313426914422,44.82893844295951,45.051753997802734,31871400.0,0.0,0.0,48.526668548583984,45.051753997802734
2020-12-16,45.256002961446676,45.457154981481054,44.89702604228183,45.00533676147461,25650900.0,0.0,0.0,48.47666549682617,45.00533676147461
2020-12-17,45.20030697030954,45.31790006247249,44.918691276338535,45.212684631347656,30679500.0,0.0,0.0,48.70000076293945,45.212684631347656
2020-12-18,45.373591176892994,45.54689254534085,44.921773040577285,45.16625213623047,41384100.0,0.0,0.0,48.650001525878906,45.16625213623047
2020-12-21,45.02700757103871,45.38907984877893,44.89084266890486,45.172454833984375,25553100.0,0.0,0.0,48.65666580200195,45.172454833984375
2020-12-22,44.91868843378691,45.25291005140311,44.29666762219408,44.624698638916016,37599000.0,0.0,0.0,48.06666564941406,44.624698638916016
2020-12-23,44.42045475650059,44.63088914652761,44.03671895713343,44.32142639160156,20430600.0,0.0,0.0,47.7400016784668,44.32142639160156
2020-12-24,44.420450811258696,44.683494660813416,44.309041254491966,44.4080696105957,9054600.0,0.0,0.0,47.83333206176758,44.4080696105957
2020-12-28,44.575178275772494,44.96510462277055,44.35546155596287,44.940345764160156,19344900.0,0.0,0.0,48.40666580200195,44.940345764160156
2020-12-29,45.0703251745192,45.135315857711035,44.43592671825864,44.655643463134766,17938200.0,0.0,0.0,48.099998474121094,44.655643463134766
2020-12-30,44.835132647935616,44.9186880516288,44.54423815598672,44.61851119995117,18751200.0,0.0,0.0,48.060001373291016,44.61851119995117
2020-12-31,44.62469918769888,44.64636274956151,44.206925702074656,44.60922622680664,17814000.0,0.0,0.0,48.04999923706055,44.60922622680664
2021-01-04,44.655645898554795,45.45715874476389,44.649458839008815,45.34575271606445,32182200.0,0.0,0.0,48.84333419799805,45.34575271606445
2021-01-05,45.36741371048522,45.51286095382345,44.71444345334518,45.104366302490234,26498100.0,0.0,0.0,48.58333206176758,45.104366302490234
2021-01-06,44.900126558461544,45.83161372616788,44.87536769484979,45.385982513427734,21918900.0,0.0,0.0,48.88666534423828,45.385982513427734
2021-01-07,45.68306124093002,45.7263848159178,45.19410655004983,45.382877349853516,20538000.0,0.0,0.0,48.883331298828125,45.382877349853516
2021-01-08,45.45406234423923,45.49119886675161,45.122936025160236,45.3766975402832,24478200.0,0.0,0.0,48.87666702270508,45.3766975402832
2021-01-11,45.18173908649821,45.797572882860955,45.18173908649821,45.58094787597656,26264400.0,0.0,0.0,49.0966682434082,45.58094787597656
2021-01-12,46.110119792579866,46.397918937469996,45.89968189647124,46.100833892822266,23373300.0,0.0,0.0,49.65666580200195,46.100833892822266
2021-01-13,46.03275550359112,46.131783860504264,45.624264416707746,45.630455017089844,16069500.0,0.0,0.0,49.150001525878906,45.630455017089844
2021-01-14,45.744954546998756,45.800655782128786,45.19410800510595,45.481910705566406,23017200.0,0.0,0.0,48.9900016784668,45.481910705566406
2021-01-15,44.91559358101022,45.15078327578645,44.46068006802702,44.760860443115234,35920500.0,0.0,0.0,48.21333312988281,44.760860443115234
2021-01-19,44.760866003617366,44.893935597939176,44.15122281853856,44.3740348815918,24123600.0,0.0,0.0,47.79666519165039,44.3740348815918
2021-01-20,44.43591647822021,45.07650538760235,44.21929154210171,45.030086517333984,23775600.0,0.0,0.0,48.503334045410156,45.030086517333984
2021-01-21,44.98367989214421,45.098181219921216,44.627794706811756,44.82585144042969,14325900.0,0.0,0.0,48.28333282470703,44.82585144042969
2021-01-22,45.0579445658647,45.59641346611831,44.90940203157636,45.28385543823242,19219500.0,0.0,0.0,48.776668548583984,45.28385543823242
2021-01-25,44.98369225075105,45.259113864877214,44.64637523421411,45.2436408996582,19031100.0,0.0,0.0,48.733333587646484,45.2436408996582
2021-01-26,45.06722111625987,45.741854804709654,45.01771048607841,45.64901351928711,15031500.0,0.0,0.0,49.16999816894531,45.64901351928711
2021-01-27,45.478814790483455,45.75733158696699,44.423540597421166,44.51328659057617,29910300.0,0.0,0.0,47.9466667175293,44.51328659057617
2021-01-28,44.70516753813035,45.26220485759298,44.448314215024524,44.485450744628906,22301700.0,0.0,0.0,47.91666793823242,44.485450744628906
2021-01-29,44.309040500400656,44.48543719151255,43.433258269667235,43.476585388183594,32509200.0,0.0,0.0,46.83000183105469,43.476585388183594
2021-02-01,43.60656014863366,43.786048600333835,43.074281852295194,43.099037170410156,25945200.0,0.0,0.0,46.42333221435547,43.099037170410156
2021-02-02,43.250681975105806,43.9902994606206,43.15165360361762,43.56324005126953,27002400.0,0.0,0.0,46.92333221435547,43.56324005126953
2021-02-03,43.52920112229465,43.95935585497217,43.51991876139931,43.696311950683594,14966700.0,0.0,0.0,47.06666564941406,43.696311950683594
2021-02-04,43.87889603219272,44.30905076771911,43.71488050352733,44.1078987121582,17346300.0,0.0,0.0,47.5099983215332,44.1078987121582
2021-02-05,44.39569278067442,44.82584743188016,44.1078900659516,44.67420959472656,20451600.0,0.0,0.0,48.119998931884766,44.67420959472656
2021-02-08,44.81347120893547,45.05175975231953,44.7051569468396,44.881553649902344,15825300.0,0.0,0.0,48.34333419799805,44.881553649902344
2021-02-09,44.74229639208207,45.28076535436681,44.74229639208207,45.129127502441406,15906900.0,0.0,0.0,48.61000061035156,45.129127502441406
2021-02-10,45.12911854100046,45.150778557307426,44.4204471474306,44.60302734375,18576900.0,0.0,0.0,48.043331146240234,44.60302734375
2021-02-11,44.60612559152621,44.856791777841856,44.47305601884753,44.568992614746094,12791400.0,0.0,0.0,48.00666809082031,44.568992614746094
2021-02-12,44.61232269946302,44.75158289268593,44.460684845507856,44.708255767822266,13423500.0,0.0,0.0,48.15666580200195,44.708255767822266
2021-02-16,45.16316589936594,45.30242254047793,44.850607855029885,45.076515197753906,27891000.0,0.0,0.0,48.5533332824707,45.076515197753906
2021-02-17,44.76396129267128,45.645934267402744,44.71754240800834,45.55309295654297,25571100.0,0.0,0.0,49.06666564941406,45.55309295654297
2021-02-18,43.01549279231661,43.54158416464898,42.55129681419256,42.60081100463867,96927300.0,0.0,0.0,45.88666534423828,42.60081100463867
2021-02-19,42.6441303449809,43.14545921821163,42.6038985231713,42.811241149902344,36606000.0,0.0,0.0,46.11333465576172,42.811241149902344
2021-02-22,42.62556130844914,42.81124037070833,42.16446072388675,42.61008834838867,32106600.0,0.0,0.0,45.89666748046875,42.61008834838867
2021-02-23,42.43059963287921,42.517246792085956,41.7961976495953,41.92307662963867,31300200.0,0.0,0.0,45.15666580200195,41.92307662963867
2021-02-24,42.046850864662716,42.136593296452624,41.17416060925853,41.22367477416992,46565700.0,0.0,0.0,44.4033317565918,41.22367477416992
2021-02-25,41.18964827144261,41.4712568405264,40.68831588774167,40.833763122558594,33324600.0,0.0,0.0,43.983333587646484,40.833763122558594
2021-02-26,40.68831912469871,40.79044278967335,40.18698670111429,40.2055549621582,42470700.0,0.0,0.0,43.30666732788086,40.2055549621582
2021-03-01,40.71926112344303,41.02562854732092,40.580000949795505,40.654273986816406,34634400.0,0.0,0.0,43.790000915527344,40.654273986816406
2021-03-02,40.69758929755272,41.08132498063845,40.233393535059626,40.264339447021484,29230800.0,0.0,0.0,43.369998931884766,40.264339447021484
2021-03-03,40.075579292980144,40.208648874589855,39.47212322525233,39.484500885009766,41837400.0,0.0,0.0,42.529998779296875,39.484500885009766
2021-03-04,39.568054595807574,40.100332899508814,39.07910341170686,39.4659309387207,45348000.0,0.0,0.0,42.5099983215332,39.4659309387207
2021-03-05,39.24931714343655,40.15295019054873,39.22455827862853,39.95798873901367,34073700.0,0.0,0.0,43.040000915527344,39.95798873901367
2021-03-08,40.02296836201554,40.180793257421946,39.552581892940076,39.57424545288086,40988400.0,0.0,0.0,42.62666702270508,39.57424545288086
2021-03-09,39.85895586711172,40.19317394281751,39.71041331962013,39.88680648803711,31988700.0,0.0,0.0,42.96333312988281,39.88680648803711
2021-03-10,39.87751773661671,41.17416863351201,39.75682582939519,40.904937744140625,44929200.0,0.0,0.0,44.060001373291016,40.904937744140625
2021-03-11,41.270117050317275,41.31034533656326,40.70379740976591,40.88947296142578,35489700.0,0.0,0.0,44.043331146240234,40.88947296142578
2021-03-12,41.010160863640664,41.6290899328101,40.87399951414245,41.505306243896484,28437600.0,0.0,0.0,44.706668853759766,41.505306243896484
2021-03-15,41.69717028729504,41.700265587669406,41.10300011062506,41.291770935058594,25071900.0,0.0,0.0,44.47666549682617,41.291770935058594
2021-03-16,41.10299908237472,41.55481376278955,41.10299908237472,41.27939224243164,19881000.0,0.0,0.0,44.46333312988281,41.27939224243164
2021-03-17,41.003976462380926,41.20203321070965,40.84305269821332,40.93589401245117,24156300.0,0.0,0.0,44.09333419799805,40.93589401245117
2021-03-18,40.75875346528551,41.00424977644737,40.376523770983454,40.40138244628906,29815500.0,0.183333,0.0,43.336666107177734,40.40138244628906
2021-03-19,40.43867425091591,41.17516674500757,40.36719933543669,40.93899154663086,57703500.0,0.0,0.0,43.913333892822266,40.93899154663086
2021-03-22,40.70903525722577,41.159631672970946,40.70592703352656,41.134769439697266,24654000.0,0.0,0.0,44.12333297729492,41.134769439697266
2021-03-23,40.92966969427012,41.73452893574757,40.904811017108216,41.622657775878906,29154900.0,0.0,0.0,44.64666748046875,41.622657775878906
2021-03-24,41.774931037657275,41.774931037657275,41.346085047900175,41.36473083496094,23547300.0,0.0,0.0,44.369998931884766,41.36473083496094
2021-03-25,41.41134597680351,41.80600863970756,41.29015368821199,41.644412994384766,28125900.0,0.0,0.0,44.66999816894531,41.644412994384766
2021-03-26,41.641303487523686,42.01420853852644,41.46106207498164,41.992454528808594,28653600.0,0.0,0.0,45.043331146240234,41.992454528808594
2021-03-29,41.95206041797102,42.57667827716043,41.82775991343671,42.47102355957031,30146400.0,0.0,0.0,45.55666732788086,42.47102355957031
2021-03-30,42.3653681965685,42.75692263665963,42.098117825872784,42.18202209472656,27230100.0,0.0,0.0,45.246665954589844,42.18202209472656
2021-03-31,42.122975157567666,42.53006355807217,41.93962907707417,42.20998764038086,24546000.0,0.0,0.0,45.276668548583984,42.20998764038086
2021-04-01,42.24416405670372,42.53938482993164,42.05460510021986,42.14472579956055,25595100.0,0.0,0.0,45.206668853759766,42.14472579956055
2021-04-05,42.48656508636715,43.555566595430456,42.32497299286893,43.328712463378906,40043100.0,0.0,0.0,46.47666549682617,43.328712463378906
2021-04-06,43.22927226438725,43.801064617931516,43.045926151097355,43.536922454833984,31044600.0,0.0,0.0,46.70000076293945,43.536922454833984
2021-04-07,43.59906662462484,43.73890824735086,43.39707475016291,43.443687438964844,20361600.0,0.0,0.0,46.599998474121094,43.443687438964844
2021-04-08,43.64568067697382,43.85388900564212,43.400184329891154,43.41572189331055,19095600.0,0.0,0.0,46.56999969482422,43.41572189331055
2021-04-09,43.390860863942386,43.53381071895796,43.10496826655205,43.437477111816406,20676600.0,0.0,0.0,46.59333419799805,43.437477111816406
2021-04-12,43.52759170133642,43.623925302791136,43.30074114870819,43.443687438964844,18723000.0,0.0,0.0,46.599998474121094,43.443687438964844
2021-04-13,43.44368401662518,43.505837819785036,43.15468323502749,43.310062408447266,17397900.0,0.0,0.0,46.456668853759766,43.310062408447266
2021-04-14,43.23237870333014,43.338036986734124,43.01484924452936,43.29452896118164,21924600.0,0.0,0.0,46.439998626708984,43.29452896118164
2021-04-15,43.319382053412696,43.65189084157451,43.25723180868109,43.55555725097656,21710400.0,0.0,0.0,46.720001220703125,43.55555725097656
2021-04-16,43.78242036887059,43.80417438331053,43.415728129390054,43.69540786743164,26488500.0,0.0,0.0,46.869998931884766,43.69540786743164
2021-04-19,43.5959597627677,43.682972251708485,43.38464676647176,43.41572189331055,19281000.0,0.0,0.0,46.56999969482422,43.41572189331055
2021-04-20,43.32559740824998,44.05587705066043,43.139146663450724,43.75133514404297,24452100.0,0.0,0.0,46.93000030517578,43.75133514404297
2021-04-21,43.74512846470689,44.034132873790654,43.67054886139801,43.878753662109375,17335200.0,0.0,0.0,47.06666564941406,43.878753662109375
2021-04-22,43.84145687940149,43.956436263924495,43.32559842644303,43.403289794921875,19705200.0,0.0,0.0,46.55666732788086,43.403289794921875
2021-04-23,43.22616854515651,43.61150301326253,43.204414531004446,43.474769592285156,22971000.0,0.0,0.0,46.633331298828125,43.474769592285156
2021-04-26,43.47786328246495,43.505833735973326,42.77244951187967,42.856353759765625,22846200.0,0.0,0.0,45.970001220703125,42.856353759765625
2021-04-27,42.884323289719035,43.17954050894124,42.74448168255073,43.002410888671875,16151400.0,0.0,0.0,46.12666702270508,43.002410888671875
2021-04-28,42.993097102352614,43.0676766975861,42.84393435556523,42.85014724731445,14286600.0,0.0,0.0,45.96333312988281,42.85014724731445
2021-04-29,42.85324856897871,43.505836814681295,42.85324856897871,43.39085388183594,19596000.0,0.0,0.0,46.543331146240234,43.39085388183594
2021-04-30,43.41572068920823,43.50273317573579,43.22926637702637,43.47787094116211,19680000.0,0.0,0.0,46.63666534423828,43.47787094116211
2021-05-03,43.40640305631598,44.357316924044405,43.40640305631598,44.16464614868164,27139500.0,0.0,0.0,47.37333297729492,44.16464614868164
2021-05-04,43.98440858908439,44.13667956474931,43.53692033449063,43.72958755493164,19084200.0,0.0,0.0,46.90666580200195,43.72958755493164
2021-05-05,43.726471049801354,43.87874199662893,43.58352477360885,43.692291259765625,18351000.0,0.0,0.0,46.866668701171875,43.692291259765625
2021-05-06,43.67669865804257,44.1009843865268,43.50511068019919,44.0042724609375,16302000.0,0.183333,0.0,47.016666412353516,44.0042724609375
2021-05-07,44.185218960706486,44.21329926595386,43.4645530109941,43.73909378051758,23408400.0,0.0,0.0,46.733333587646484,43.73909378051758
2021-05-10,43.81707564963142,44.325598603076436,43.77340034289211,43.9325065612793,26307600.0,0.0,0.0,46.939998626708984,43.9325065612793
2021-05-11,43.94810788725036,43.94810788725036,43.15256609935779,43.53629684448242,26464200.0,0.0,0.0,46.516666412353516,43.53629684448242
2021-05-12,43.32416180303268,43.35847939608407,42.40071079126088,42.41006851196289,25998300.0,0.0,0.0,45.313331604003906,42.41006851196289
2021-05-13,42.50053873696566,43.35847490408066,42.35391065924896,43.12761306762695,21475200.0,0.0,0.0,46.08000183105469,43.12761306762695
2021-05-14,43.30543908606997,43.75156418728062,43.186887735698235,43.52694320678711,16091700.0,0.0,0.0,46.50666809082031,43.52694320678711
2021-05-17,43.67670645170027,43.80149513400876,43.29297554114195,43.33041000366211,19675800.0,0.0,0.0,46.29666519165039,43.33041000366211
2021-05-18,44.77173719313889,45.10555187987644,44.054191638191696,44.27257537841797,58183800.0,0.0,0.0,47.3033332824707,44.27257537841797
2021-05-19,43.89819087737824,44.837240360424765,43.832676129285325,44.27568435668945,34874700.0,0.0,0.0,47.30666732788086,44.27568435668945
2021-05-20,44.14466342478131,44.57206958528598,43.89508253355838,44.431678771972656,30540900.0,0.0,0.0,47.473331451416016,44.431678771972656
2021-05-21,44.46287941932678,44.63758425769352,44.17586050241712,44.22265625,22927500.0,0.0,0.0,47.25,44.22265625
2021-05-24,44.225772857666016,44.431674843289734,44.100980637945426,44.225772857666016,18945900.0,0.0,0.0,47.253334045410156,44.225772857666016
2021-05-25,44.23825547249612,44.50031451898062,44.01051402212619,44.40672302246094,21505200.0,0.0,0.0,47.4466667175293,44.40672302246094
2021-05-26,44.42231865935729,44.57518761643135,44.22577438752771,44.35368347167969,19294200.0,0.0,0.0,47.38999938964844,44.35368347167969
2021-05-27,44.72181060972691,44.8247633794959,44.20392990112305,44.20392990112305,56577000.0,0.0,0.0,47.22999954223633,44.20392990112305
2021-05-28,44.278811838652345,44.44103851973961,44.188337206726814,44.31000900268555,21186300.0,0.0,0.0,47.34333419799805,44.31000900268555
2021-06-01,44.36616065860549,44.55022677511621,44.07290447243619,44.194576263427734,20767500.0,0.0,0.0,47.220001220703125,44.194576263427734
2021-06-02,44.110332762550954,44.21016508946739,43.70476259559585,44.09785461425781,23298000.0,0.0,0.0,47.116668701171875,44.09785461425781
2021-06-03,44.110346596699394,44.253854272792374,43.91068188024651,44.17586135864258,18374400.0,0.0,0.0,47.20000076293945,44.17586135864258
2021-06-04,44.13216963323552,44.39111174535006,44.0666548903494,44.253841400146484,13635900.0,0.0,0.0,47.28333282470703,44.253841400146484
2021-06-07,44.25384269198536,44.2912807090948,43.7983563379161,43.95746612548828,16630800.0,0.0,0.0,46.96666717529297,43.95746612548828
2021-06-08,43.835800067350995,43.95747185366903,43.61741636613573,43.6236572265625,20120700.0,0.0,0.0,46.61000061035156,43.6236572265625
2021-06-09,43.47078847486351,43.67981088638192,43.37407655952982,43.38967514038086,17085300.0,0.0,0.0,46.36000061035156,43.38967514038086
2021-06-10,43.38966707676678,43.73595979164769,43.38966707676678,43.63924789428711,16378500.0,0.0,0.0,46.62666702270508,43.63924789428711
2021-06-11,43.748448614837784,43.94187602704202,43.633017681711635,43.91067886352539,25232400.0,0.0,0.0,46.91666793823242,43.91067886352539
2021-06-14,43.96682556869595,43.96682556869595,43.68604756993667,43.85139465332031,15140700.0,0.0,0.0,46.85333251953125,43.85139465332031
2021-06-15,43.938763483546246,43.960602930042626,43.5706311755126,43.67670440673828,19327200.0,0.0,0.0,46.66666793823242,43.67670440673828
2021-06-16,43.62990102397714,43.6891749208764,42.731406287212266,42.78756332397461,28794900.0,0.0,0.0,45.71666717529297,42.78756332397461
2021-06-17,42.74076824174693,43.161937098284014,42.650293609495776,42.965389251708984,19341900.0,0.0,0.0,45.90666580200195,42.965389251708984
2021-06-18,42.254098453412574,42.55047518006564,41.92964141361049,42.169864654541016,44812800.0,0.0,0.0,45.05666732788086,42.169864654541016
2021-06-21,42.32271936932198,42.66277131115056,42.226007447433666,42.55358123779297,20775000.0,0.0,0.0,45.46666717529297,42.55358123779297
2021-06-22,42.500548794440526,42.96539300735646,42.500548794440526,42.75012969970703,19107000.0,0.0,0.0,45.676666259765625,42.75012969970703
2021-06-23,42.58477689155368,42.7376458450628,42.40695163599096,42.41630935668945,19390500.0,0.0,0.0,45.31999969482422,42.41630935668945
2021-06-24,42.48182277831315,42.815637407229985,42.45998690727361,42.712684631347656,23444100.0,0.0,0.0,45.63666534423828,42.712684631347656
2021-06-25,42.78132262389974,43.321042840014314,42.715807865907394,43.21809005737305,28640700.0,0.0,0.0,46.176666259765625,43.21809005737305
2021-06-28,43.065231026085016,43.25241762219359,42.61598533759684,43.08395004272461,15549000.0,0.0,0.0,46.03333282470703,43.08395004272461
2021-06-29,43.021544763854074,43.19937002129247,42.81251877308996,42.83435821533203,35962500.0,0.0,0.0,45.766666412353516,42.83435821533203
2021-06-30,43.53942854197875,44.48159864031215,43.268008206328176,43.99491500854492,45511200.0,0.0,0.0,47.00666809082031,43.99491500854492
2021-07-01,43.80460937072848,44.06666842274848,43.367841903837274,43.46455383300781,26348700.0,0.0,0.0,46.439998626708984,43.46455383300781
2021-07-02,43.473922450880295,44.0136427992389,43.473922450880295,43.71102523803711,26280600.0,0.0,0.0,46.70333480834961,43.71102523803711
2021-07-06,43.645488708868314,43.91067169604726,43.523820505070475,43.6579704284668,18279300.0,0.0,0.0,46.64666748046875,43.6579704284668
2021-07-07,43.60181836858695,44.04794349733886,43.477029720672604,43.586219787597656,25607400.0,0.0,0.0,46.56999969482422,43.586219787597656
2021-07-08,43.15881424838885,43.8794765543805,43.121376225398365,43.54878234863281,21267000.0,0.0,0.0,46.529998779296875,43.54878234863281
2021-07-09,43.804592699745804,43.93874260537547,43.65484421696981,43.7702751159668,15185400.0,0.0,0.0,46.766666412353516,43.7702751159668
2021-07-12,43.891955944730014,43.92315310546993,43.46766670403758,43.692291259765625,19515000.0,0.0,0.0,46.68333435058594,43.692291259765625
2021-07-13,43.67358080150009,44.044833513519535,43.65798221807559,43.85764694213867,18947700.0,0.0,0.0,46.86000061035156,43.85764694213867
2021-07-14,43.898204233827954,44.23825979761237,43.62366700835703,44.1602668762207,18812100.0,0.0,0.0,47.18333435058594,44.1602668762207
2021-07-15,44.30064590275306,44.50031060064358,44.01674743729708,44.194576263427734,17974800.0,0.0,0.0,47.220001220703125,44.194576263427734
2021-07-16,44.20705498355783,44.341204927322856,43.97307268956239,44.16337966918945,18095400.0,0.0,0.0,47.186668395996094,44.16337966918945
2021-07-19,44.11657444804825,44.60637841279398,43.60493461418484,44.060420989990234,27383100.0,0.0,0.0,47.07666778564453,44.060420989990234
2021-07-20,43.97931563690611,44.44728024709955,43.920038167858245,44.260093688964844,19020300.0,0.0,0.0,47.290000915527344,44.260093688964844
2021-07-21,44.45664560273932,44.469123756681356,43.898206262958105,44.041717529296875,18591900.0,0.0,0.0,47.05666732788086,44.041717529296875
2021-07-22,44.02921617529441,44.33807444709881,43.92626698831194,44.07289505004883,13013400.0,0.0,0.0,47.09000015258789,44.07289505004883
2021-07-23,44.150900707479366,44.52527382938797,43.991794451354565,44.43479919433594,15947400.0,0.0,0.0,47.47666549682617,44.43479919433594
2021-07-26,44.412962181345335,44.88092678658032,44.13218056197507,44.4971923828125,18517200.0,0.0,0.0,47.543331146240234,44.4971923828125
2021-07-27,44.61262305669287,44.61262305669287,44.28816614921746,44.500308990478516,15395700.0,0.0,0.0,47.54666519165039,44.500308990478516
2021-07-28,44.45039597133778,44.69061913133816,44.19457779970191,44.319366455078125,14071500.0,0.0,0.0,47.35333251953125,44.319366455078125
2021-07-29,44.50031126643077,44.565829593549864,44.30688742631284,44.37552261352539,11063100.0,0.0,0.0,47.413333892822266,44.37552261352539
2021-07-30,44.051060212145785,44.60013807128734,44.051060212145785,44.47222900390625,16332300.0,0.0,0.0,47.516666412353516,44.47222900390625
2021-08-02,44.559592579951186,44.572070732261764,44.19769760065026,44.369285583496094,19958400.0,0.0,0.0,47.40666580200195,44.369285583496094
2021-08-03,44.4379159797217,44.893402407614,44.4129596777945,44.86844253540039,18915300.0,0.0,0.0,47.939998626708984,44.86844253540039
2021-08-04,44.7311737781536,44.90588217909433,44.53151264467159,44.56270980834961,15301500.0,0.0,0.0,47.61333465576172,44.56270980834961
2021-08-05,44.996357704047576,45.40504484069387,44.921481653503356,45.38944625854492,27005400.0,0.0,0.0,48.496665954589844,45.38944625854492
2021-08-06,45.61406844239686,45.69518177936534,45.220976338273985,45.30833053588867,19263600.0,0.0,0.0,48.40999984741211,45.30833053588867
2021-08-09,45.520471635121694,45.69830045384151,45.36136539762109,45.41752243041992,15811800.0,0.0,0.0,48.526668548583984,45.41752243041992
2021-08-10,45.85117938176582,46.468892595867054,45.62655477196216,46.38465881347656,38262000.0,0.0,0.0,49.560001373291016,46.38465881347656
2021-08-11,46.643590232965956,47.28938365477079,46.53440016098975,46.79957962036133,41455800.0,0.0,0.0,50.003334045410156,46.79957962036133
2021-08-12,46.65554376821985,47.03442286770331,46.59604816438821,46.67433166503906,18269100.0,0.183333,0.0,49.686668395996094,46.67433166503906
2021-08-13,46.77453114843293,47.08139417934653,46.70564696641116,46.821502685546875,15981300.0,0.0,0.0,49.84333419799805,46.821502685546875
2021-08-16,46.86846343478633,47.510369453470304,46.668063996445426,47.20350646972656,47791500.0,0.0,0.0,50.25,47.20350646972656
2021-08-17,47.09391147486089,47.7514734821751,46.6868523513637,47.18785095214844,50950200.0,0.0,0.0,50.233333587646484,47.18785095214844
2021-08-18,47.14088214705284,47.77339242110112,46.661799780169325,46.686851501464844,28211700.0,0.0,0.0,49.70000076293945,46.686851501464844
2021-08-19,46.445739134590205,47.17532071520065,46.34240751479599,47.00310134887695,22630500.0,0.0,0.0,50.03666687011719,47.00310134887695
2021-08-20,47.11896787086108,47.50724272084266,46.89038835639793,47.422698974609375,19400400.0,0.0,0.0,50.483333587646484,47.422698974609375
2021-08-23,47.4477409068185,47.529156312365764,47.09704189736894,47.10956954956055,16166100.0,0.0,0.0,50.150001525878906,47.10956954956055
2021-08-24,47.125223953333666,47.125223953333666,46.56159787659499,46.62422180175781,18828900.0,0.0,0.0,49.633331298828125,46.62422180175781
2021-08-25,46.47079719408962,46.743212721217375,46.351809577795734,46.64301300048828,21921300.0,0.0,0.0,49.6533317565918,46.64301300048828
2021-08-26,46.176457705288385,46.42695700402157,45.925958406555196,46.138885498046875,23466900.0,0.0,0.0,49.116668701171875,46.138885498046875
2021-08-27,46.18898916678163,46.24535286180168,45.77253423994935,45.878997802734375,23088600.0,0.0,0.0,48.84000015258789,45.878997802734375
2021-08-30,45.84767905294493,46.34241383017381,45.7224276103432,46.248477935791016,16440600.0,0.0,0.0,49.233333587646484,46.248477935791016
2021-08-31,46.339282015744814,46.48018584672312,46.10443871402324,46.37372589111328,25078500.0,0.0,0.0,49.366668701171875,46.37372589111328
2021-09-01,46.20464487580794,46.32050058637385,45.89464995422693,46.273529052734375,19056600.0,0.0,0.0,49.2599983215332,46.273529052734375
2021-09-02,46.37998573019308,46.58978089350819,46.24534214281901,46.51776123046875,20018100.0,0.0,0.0,49.52000045776367,46.51776123046875
2021-09-03,46.4050426459023,46.85906973158959,46.311103165457695,46.733821868896484,17211900.0,0.0,0.0,49.75,46.733821868896484
2021-09-07,46.6461526674268,46.70877660743599,46.048086156803336,46.11384201049805,25345200.0,0.0,0.0,49.09000015258789,46.11384201049805
2021-09-08,46.01362905243792,46.44260793504174,45.944741304850574,46.17332077026367,19508400.0,0.0,0.0,49.1533317565918,46.17332077026367
2021-09-09,46.17332643938913,46.22029797009253,45.6660675919844,45.847679138183594,22328700.0,0.0,0.0,48.80666732788086,45.847679138183594
2021-09-10,46.09191559676217,46.104443249709995,45.537685206837914,45.681724548339844,15775200.0,0.0,0.0,48.630001068115234,45.681724548339844
2021-09-13,45.87898794787637,46.07625546293544,45.29031373222949,45.42182540893555,19529400.0,0.0,0.0,48.35333251953125,45.42182540893555
2021-09-14,45.553340066924136,45.678591509342226,45.06486553331551,45.18385314941406,16533900.0,0.0,0.0,48.099998474121094,45.18385314941406
2021-09-15,45.11184258216419,45.32476611855366,45.02416692008908,45.262142181396484,14850000.0,0.0,0.0,48.18333435058594,45.262142181396484
2021-09-16,45.22769017609491,45.50010927059559,44.99284687050973,45.41243362426758,18428400.0,0.0,0.0,48.34333419799805,45.41243362426758
2021-09-17,45.13375324552502,45.76626711647457,45.0961810379181,45.31849670410156,73032600.0,0.0,0.0,48.24333190917969,45.31849670410156
2021-09-20,44.93335280781427,45.462535033400215,44.344682150693195,44.69538116455078,25054500.0,0.0,0.0,47.58000183105469,44.69538116455078
2021-09-21,44.68285843721471,45.271532742644965,44.673466280342275,44.783058166503906,17437500.0,0.0,0.0,47.67333221435547,44.783058166503906
2021-09-22,44.923960886412566,44.964668589910296,44.5544739755278,44.67972183227539,15044400.0,0.0,0.0,47.563331604003906,44.67972183227539
2021-09-23,44.84568419630018,44.9740639753703,44.60457703795279,44.704776763916016,15585300.0,0.0,0.0,47.59000015258789,44.704776763916016
2021-09-24,44.620236907177514,44.992855790375174,44.61710499357624,44.83002853393555,13360500.0,0.0,0.0,47.723331451416016,44.83002853393555
2021-09-27,44.736089669873905,44.94901319616125,44.41357067533613,44.541954040527344,21250800.0,0.0,0.0,47.41666793823242,44.541954040527344
2021-09-28,44.42609510527485,44.485590709973316,43.83429247225956,43.99398422241211,20580900.0,0.0,0.0,46.83333206176758,43.99398422241211
2021-09-29,44.04094886685753,44.4104393707109,43.93762081574163,43.97519302368164,21375600.0,0.0,0.0,46.813331604003906,43.97519302368164
2021-09-30,44.037822504096695,44.379125804534176,43.60257972105153,43.64328384399414,22457700.0,0.0,0.0,46.459999084472656,43.64328384399414
2021-10-01,43.60570235420319,43.7215580480963,42.559869196249956,42.913700103759766,30014400.0,0.0,0.0,45.68333435058594,42.913700103759766
2021-10-04,42.92622441359153,43.28318723602561,42.18098680624352,42.50037384033203,29970300.0,0.0,0.0,45.24333190917969,42.50037384033203
2021-10-05,42.56927277264895,43.12037134058254,42.55361678729674,42.77906799316406,20597400.0,0.0,0.0,45.540000915527344,42.77906799316406
2021-10-06,42.66008265105122,43.14542538994903,42.62563876473699,43.092193603515625,19376700.0,0.0,0.0,45.87333297729492,43.092193603515625
2021-10-07,43.45540600563674,44.05660791006493,43.44914576276669,43.59944534301758,21068100.0,0.0,0.0,46.413333892822266,43.59944534301758
2021-10-08,43.730953216552734,43.86559680275702,43.52742188080911,43.730953216552734,13847400.0,0.0,0.0,46.5533332824707,43.730953216552734
2021-10-11,43.68711825250487,44.08165328212078,43.66206653232281,43.69024658203125,13048200.0,0.0,0.0,46.5099983215332,43.69024658203125
2021-10-12,43.6307597741214,43.96580283133495,43.54621603148692,43.64328384399414,15789300.0,0.0,0.0,46.459999084472656,43.64328384399414
2021-10-13,43.680864993708106,43.8405567585872,43.25188240127989,43.32703399658203,17937900.0,0.0,0.0,46.12333297729492,43.32703399658203
2021-10-14,43.36773583183637,43.85933871469787,43.36773583183637,43.796714782714844,19783500.0,0.0,0.0,46.62333297729492,43.796714782714844
2021-10-15,44.031555733673436,44.181855312372434,43.824892469178074,44.00963592529297,20737200.0,0.0,0.0,46.849998474121094,44.00963592529297
2021-10-18,43.837428959769234,44.46680745264108,43.78419717635575,44.36347579956055,19887000.0,0.0,0.0,47.22666549682617,44.36347579956055
2021-10-19,45.287181344173995,45.59404430888515,44.983450292384774,45.30596923828125,33444300.0,0.0,0.0,48.22999954223633,45.30596923828125
2021-10-20,45.36860054226812,45.8696027719598,45.36860054226812,45.71617126464844,17453700.0,0.0,0.0,48.66666793823242,45.71617126464844
2021-10-21,45.89778318066764,46.00424315418137,45.6566760125402,45.96980285644531,13954500.0,0.0,0.0,48.936668395996094,45.96980285644531
2021-10-22,46.060604412742435,46.87159795048569,46.060604412742435,46.44887924194336,21195600.0,0.0,0.0,49.4466667175293,46.44887924194336
2021-10-25,46.58665078128375,47.131485394217904,46.345543646482,46.987449645996094,19287900.0,0.0,0.0,50.02000045776367,46.987449645996094
2021-10-26,46.96866580658384,47.1408852034546,46.48645507877054,46.5772590637207,17418600.0,0.0,0.0,49.58333206176758,46.5772590637207
2021-10-27,46.643014494605815,46.66180239077244,46.151411614707555,46.195247650146484,14565600.0,0.0,0.0,49.176666259765625,46.195247650146484
2021-10-28,46.44887445306718,46.64927388187425,46.2516069372273,46.48331832885742,12598500.0,0.0,0.0,49.483333587646484,46.48331832885742
2021-10-29,46.31422605209751,46.999968000280994,46.20463419360042,46.787044525146484,22022700.0,0.0,0.0,49.80666732788086,46.787044525146484
2021-11-01,46.96239652245351,47.20350365005329,46.76512900901246,46.90290451049805,12549600.0,0.0,0.0,49.93000030517578,46.90290451049805
2021-11-02,46.95928021367084,47.02503606831683,46.74322116734794,46.88099670410156,13638900.0,0.0,0.0,49.90666580200195,46.88099670410156
2021-11-03,46.84340908039745,47.059464472223276,46.664925890706094,47.025020599365234,14209500.0,0.0,0.0,50.060001373291016,47.025020599365234
2021-11-04,47.025029662726645,47.547948098358866,46.91543419762851,47.36946487426758,15149100.0,0.0,0.0,50.426666259765625,47.36946487426758
2021-11-05,47.59491412578287,47.59491412578287,46.84967646016742,47.04068374633789,15081900.0,0.0,0.0,50.07666778564453,47.04068374633789
2021-11-08,47.0375490195568,47.12835299573154,46.57099431987254,46.740081787109375,15373200.0,0.0,0.0,49.75666809082031,46.740081787109375
2021-11-09,46.81836077853411,46.92795623050652,46.61482943923484,46.90290451049805,15001800.0,0.0,0.0,49.93000030517578,46.90290451049805
2021-11-10,46.570997843569586,46.84967720258478,46.33615451946333,46.48019027709961,16803600.0,0.0,0.0,49.47999954223633,46.48019027709961
2021-11-11,46.58350993531804,46.65239767490849,46.40189843249949,46.498966217041016,13603200.0,0.0,0.0,49.5,46.498966217041016
2021-11-12,46.65553243572438,46.73068042132308,46.19836994663353,46.26725769042969,18313800.0,0.0,0.0,49.253334045410156,46.26725769042969
2021-11-15,46.38938899691385,46.48332848934106,45.84142236088519,46.00111770629883,28896000.0,0.0,0.0,48.970001220703125,46.00111770629883
2021-11-16,45.43436243910015,45.92909728534606,44.55761296885275,44.83002853393555,73986600.0,0.0,0.0,47.723331451416016,44.83002853393555
2021-11-17,44.826892180135914,45.315366695171775,44.407305418297064,44.44487762451172,33116100.0,0.0,0.0,47.313331604003906,44.44487762451172
2021-11-18,44.507513377942495,44.867604608971575,44.106714436694375,44.826900482177734,24394200.0,0.0,0.0,47.720001220703125,44.826900482177734
2021-11-19,44.97092779621089,45.08991540743346,44.44487749309133,44.585784912109375,28119300.0,0.0,0.0,47.46333312988281,44.585784912109375
2021-11-22,44.67033373508156,45.515771178641664,44.46367045256133,45.33415603637695,29126400.0,0.0,0.0,48.2599983215332,45.33415603637695
2021-11-23,45.16819887927082,45.70990520685646,44.85507563649275,45.656673431396484,29907900.0,0.0,0.0,48.60333251953125,45.656673431396484
2021-11-24,45.63162649010213,46.048081381455916,45.60344285328051,45.885257720947266,18089400.0,0.0,0.0,48.8466682434082,45.885257720947266
2021-11-26,45.85393768075752,46.30483640807756,45.22142741397275,45.371726989746094,21039600.0,0.0,0.0,48.29999923706055,45.371726989746094
2021-11-29,45.40304794777697,45.48133145593792,44.53569419805961,44.66094207763672,33039600.0,0.0,0.0,47.543331146240234,44.66094207763672
2021-11-30,44.30084615631853,44.62023323226542,43.840551647320844,44.034690856933594,64818900.0,0.0,0.0,46.87666702270508,44.034690856933594
2021-12-01,43.997115964393245,44.06287181224983,42.9105749346309,42.94188690185547,36621300.0,0.0,0.0,45.71333312988281,42.94188690185547
2021-12-02,43.095322031255854,43.34895328720898,42.346955918079544,42.41897201538086,39805800.0,0.0,0.0,45.15666580200195,42.41897201538086
2021-12-03,42.54108467202795,43.173594960882994,42.36260503938955,43.0577392578125,44142600.0,0.0,0.0,45.836666107177734,43.0577392578125
2021-12-06,43.07338949458294,43.6370155357852,42.92935375910496,43.524288177490234,32589300.0,0.0,0.0,46.33333206176758,43.524288177490234
2021-12-07,43.71216772064766,43.78418738701218,43.23934918655808,43.38338851928711,37739100.0,0.0,0.0,46.18333435058594,43.38338851928711
2021-12-08,43.22995812984449,43.36773363998367,42.58805210918666,42.94501495361328,34496400.0,0.0,0.0,45.71666717529297,42.94501495361328
2021-12-09,42.95445095469063,43.56435905483805,42.665219523763,43.542354583740234,32351700.0,0.183333,0.0,46.16666793823242,43.542354583740234
2021-12-10,43.4920410354447,44.42261835319053,43.24996313711488,44.33773422241211,38575500.0,0.0,0.0,47.0099983215332,44.33773422241211
2021-12-13,44.089376837931965,45.19287068726991,44.01706719138102,45.13628005981445,54039300.0,0.0,0.0,47.856666564941406,45.13628005981445
2021-12-14,45.051399554590574,45.673882115442716,44.689854890500925,45.56698989868164,46721400.0,0.0,0.0,48.313331604003906,45.56698989868164
2021-12-15,45.65186550847087,46.04799266283625,45.082829162439246,45.82792282104492,33489900.0,0.0,0.0,48.59000015258789,45.82792282104492
2021-12-16,45.827929788376025,46.06686320697251,44.92250129481849,45.06397247314453,39069600.0,0.0,0.0,47.779998779296875,45.06397247314453
2021-12-17,44.87848453361044,45.25574819957806,43.50776731615754,43.62094497680664,78581100.0,0.0,0.0,46.25,43.62094497680664
2021-12-20,43.42287649728746,43.935322213863515,43.259397279492305,43.762413024902344,31017900.0,0.0,0.0,46.400001525878906,43.762413024902344
2021-12-21,43.668096067838086,43.96990552022524,43.3882946790164,43.89445495605469,24620400.0,0.0,0.0,46.540000915527344,43.89445495605469
2021-12-22,43.98248402775087,44.010781140017684,43.55177787343624,43.951045989990234,17028000.0,0.0,0.0,46.599998474121094,43.951045989990234
2021-12-23,43.951042919370416,44.06422416482471,43.65237798365766,43.85358428955078,17592600.0,0.0,0.0,46.496665954589844,43.85358428955078
2021-12-27,43.88817163847967,44.28744336857062,43.87874166592217,44.25285720825195,16040700.0,0.0,0.0,46.91999816894531,44.25285720825195
2021-12-28,44.20255422326122,44.9476442980074,44.20255422326122,44.88791275024414,15783000.0,0.0,0.0,47.59333419799805,44.88791275024414
2021-12-29,44.85019055698332,45.12370653210626,44.743298346558674,44.865909576416016,13045200.0,0.0,0.0,47.56999969482422,44.865909576416016
2021-12-30,45.038818045591505,45.17714828154436,44.793595609520054,45.010520935058594,14949000.0,0.0,0.0,47.723331451416016,45.010520935058594
2021-12-31,45.01996239871349,45.59843243348531,44.93193372423026,45.48839569091797,17947800.0,0.0,0.0,48.22999954223633,45.48839569091797
2022-01-03,45.27146398137299,45.51982735148145,44.96022093953175,45.47581481933594,20706600.0,0.0,0.0,48.21666717529297,45.47581481933594
2022-01-04,45.28404633416174,45.62987199621443,44.56724961313494,44.6427001953125,33930000.0,0.0,0.0,47.33333206176758,44.6427001953125
2022-01-05,44.909922754871474,45.88451628699993,44.87534019482385,45.24631118774414,35418000.0,0.0,0.0,47.973331451416016,45.24631118774414
2022-01-06,45.1520015469895,45.472674591059906,44.76845242310025,45.12056350708008,21828900.0,0.0,0.0,47.84000015258789,45.12056350708008
2022-01-07,45.11427052380343,45.69902952822912,44.944502244822125,45.551265716552734,19723500.0,0.0,0.0,48.29666519165039,45.551265716552734
2022-01-10,45.72418328624597,45.771340346912545,44.99481211308877,45.4632453918457,22731600.0,0.0,0.0,48.20333480834961,45.4632453918457
2022-01-11,45.337479850085025,45.46638010551889,45.01366234681058,45.33433532714844,21668700.0,0.0,0.0,48.06666564941406,45.33433532714844
2022-01-12,45.17086356482709,45.25889223231207,44.95708274195177,45.09540939331055,18946800.0,0.0,0.0,47.813331604003906,45.09540939331055
2022-01-13,45.09226978995893,45.799636478330584,44.99166662355549,45.73361587524414,24252600.0,0.0,0.0,48.4900016784668,45.73361587524414
2022-01-14,45.340623454858395,46.098291563878576,45.340623454858395,45.604705810546875,26867400.0,0.0,0.0,48.35333251953125,45.604705810546875
2022-01-18,45.40036447090787,45.49153766398449,44.68356781397003,44.80617904663086,21123900.0,0.0,0.0,47.50666809082031,44.80617904663086
2022-01-19,44.81246189915431,45.58270821574719,44.61754462588558,45.252601623535156,22674000.0,0.0,0.0,47.97999954223633,45.252601623535156
2022-01-20,44.752731791033185,45.416082324503115,44.350319138123645,44.39747619628906,22387200.0,0.0,0.0,47.073333740234375,44.39747619628906
2022-01-21,44.39746785523829,44.724426275374434,44.03278235651652,44.07365036010742,27508200.0,0.0,0.0,46.72999954223633,44.07365036010742
2022-01-24,43.721538152423946,44.18054133498513,43.16822087384499,44.0767936706543,28699200.0,0.0,0.0,46.733333587646484,44.0767936706543
2022-01-25,44.010781502873556,44.13024820606062,43.01103534371983,43.11792755126953,29479500.0,0.0,0.0,45.71666717529297,43.11792755126953
2022-01-26,43.177659060914095,43.63351780745312,42.49230047834726,42.67778778076172,26185500.0,0.0,0.0,45.25,42.67778778076172
2022-01-27,43.04562564802894,43.72469890453604,42.55832877536238,42.70608901977539,27759000.0,0.0,0.0,45.279998779296875,42.70608901977539
2022-01-28,42.75638608158518,43.24997194986036,42.11189905879179,43.2342529296875,25131900.0,0.0,0.0,45.84000015258789,43.2342529296875
2022-01-31,43.099066204825746,44.02650276507594,42.97645497201898,43.954193115234375,20193600.0,0.0,0.0,46.60333251953125,43.954193115234375
2022-02-01,43.76555331133329,44.37546124293651,43.69639179546962,44.300010681152344,20323200.0,0.0,0.0,46.970001220703125,44.300010681152344
2022-02-02,44.328307872633154,44.52951418456672,44.06108096446217,44.281150817871094,18149700.0,0.0,0.0,46.95000076293945,44.281150817871094
2022-02-03,44.09566496221727,44.63955236596022,43.941615700021984,44.325164794921875,20741100.0,0.0,0.0,46.996665954589844,44.325164794921875
2022-02-04,44.29373268725435,44.32831525274129,43.49519635301647,43.80329132080078,22036500.0,0.0,0.0,46.44333267211914,43.80329132080078
2022-02-07,44.03278335129389,44.03592427637012,43.262537137153764,43.37257385253906,20010300.0,0.0,0.0,45.98666763305664,43.37257385253906
2022-02-08,43.48574762979384,43.77498255003573,43.231095262989086,43.38199996948242,19458900.0,0.0,0.0,45.996665954589844,43.38199996948242
2022-02-09,43.54234926966645,43.63351886246695,43.218531713990714,43.287696838378906,21473700.0,0.0,0.0,45.89666748046875,43.287696838378906
2022-02-10,42.92930015005631,43.07391585942377,42.5866190241846,42.78153991699219,27810600.0,0.0,0.0,45.36000061035156,42.78153991699219
2022-02-11,43.01417908370878,43.12735673808953,42.18105669994488,42.545745849609375,23733300.0,0.0,0.0,45.11000061035156,42.545745849609375
2022-02-14,42.54575105601787,42.7438128748846,41.722062141403356,42.111900329589844,29363400.0,0.0,0.0,44.650001525878906,42.111900329589844
2022-02-15,42.36025680424875,42.65263269916801,42.061591862958174,42.243934631347656,21824400.0,0.0,0.0,44.790000915527344,42.243934631347656
2022-02-16,42.231366104197626,42.404275327464035,41.71891668809905,41.979854583740234,28490700.0,0.0,0.0,44.5099983215332,41.979854583740234
2022-02-17,42.12761540899931,43.847302731032535,42.05845028548105,43.66181182861328,53831400.0,0.0,0.0,46.293331146240234,43.66181182861328
2022-02-18,43.41658252291956,43.88501565779354,43.121062155231286,43.38199996948242,31103400.0,0.0,0.0,45.996665954589844,43.38199996948242
2022-02-22,43.31284865626575,43.4606124850196,42.737523155209715,42.89786148071289,25380900.0,0.0,0.0,45.483333587646484,42.89786148071289
2022-02-23,43.02675043226466,43.13049810696453,42.391693487429265,42.45771408081055,21030900.0,0.0,0.0,45.016666412353516,42.45771408081055
2022-02-24,42.099329561339296,42.44515527146832,41.50199947708564,42.29425048828125,31717500.0,0.0,0.0,44.84333419799805,42.29425048828125
2022-02-25,42.382272202211574,43.00161025640542,42.15591326576061,42.8758544921875,24997800.0,0.0,0.0,45.459999084472656,42.8758544921875
2022-02-28,42.441996548652924,42.778388573503214,42.05530294623486,42.4922981262207,26286600.0,0.0,0.0,45.0533332824707,42.4922981262207
2022-03-01,42.715519218800786,43.35057628573668,42.44829227081146,42.75324630737305,24024900.0,0.0,0.0,45.33000183105469,42.75324630737305
2022-03-02,42.649496204281384,43.01732630245635,42.49859145636722,42.80668640136719,23863800.0,0.0,0.0,45.38666534423828,42.80668640136719
2022-03-03,43.161946432192856,44.16169273836626,42.929302038351835,43.79071807861328,29885100.0,0.0,0.0,46.43000030517578,43.79071807861328
2022-03-04,43.32542919683812,44.93822452675447,43.25626406403235,44.90049743652344,35576400.0,0.0,0.0,47.606666564941406,44.90049743652344
2022-03-07,44.422622069934114,45.15514127428839,44.15539516123511,44.538944244384766,45870000.0,0.0,0.0,47.223331451416016,44.538944244384766
2022-03-08,44.48551057355807,44.78732010197928,43.567503892886826,43.61780548095703,28305600.0,0.0,0.0,46.246665954589844,43.61780548095703
2022-03-09,44.01393028732969,44.08938086631126,43.429171210419945,43.84416198730469,22122900.0,0.0,0.0,46.48666763305664,43.84416198730469
2022-03-10,43.85360232684959,44.957096537862405,43.70269753536153,44.84077072143555,27512700.0,0.0,0.0,47.543331146240234,44.84077072143555
2022-03-11,44.73700919656358,45.287182026899806,44.604964407258464,44.66469955444336,19162200.0,0.0,0.0,47.356666564941406,44.66469955444336
2022-03-14,44.648980366092346,45.53868974125885,44.639550394389964,45.28718185424805,22646400.0,0.0,0.0,48.016666412353516,45.28718185424805
2022-03-15,45.43808729266632,45.94739212097368,45.224306484847645,45.83106994628906,22872600.0,0.0,0.0,48.59333419799805,45.83106994628906
2022-03-16,45.70847446279119,46.195771394092866,45.177164984619566,45.695899963378906,24615900.0,0.0,0.0,48.45000076293945,45.695899963378906
2022-03-17,45.58857756401797,45.856838001115705,45.02049345154535,45.76531219482422,19023000.0,0.186667,0.0,48.336666107177734,45.76531219482422
2022-03-18,45.8189719157883,45.94205736715502,45.481278804726195,45.90102767944336,31233300.0,0.0,0.0,48.47999954223633,45.90102767944336
2022-03-21,45.89786895041693,46.48488962355675,45.32663170397754,45.51914978027344,21350700.0,0.0,0.0,48.07666778564453,45.51914978027344
2022-03-22,45.63907542894621,45.75269081106564,45.124644106632076,45.38343811035156,20235000.0,0.0,0.0,47.93333435058594,45.38343811035156
2022-03-23,45.17514573708088,45.36135045268594,44.66387103760224,44.79957962036133,19625400.0,0.0,0.0,47.31666564941406,44.79957962036133
2022-03-24,44.93843578525265,45.41815075599561,44.77747736279248,45.077301025390625,13440900.0,0.0,0.0,47.61000061035156,45.077301025390625
2022-03-25,45.27297592163086,45.42446430211441,44.89740984967126,45.27297592163086,14085300.0,0.0,0.0,47.81666564941406,45.27297592163086
2022-03-28,45.288757432218574,46.096699103500626,45.22563817426105,46.077762603759766,20105700.0,0.0,0.0,48.66666793823242,46.077762603759766
2022-03-29,46.26712219031139,46.74052383012076,46.156659881413,46.46595001220703,19934400.0,0.0,0.0,49.07666778564453,46.46595001220703
2022-03-30,46.43439722798163,47.39698414998269,46.405994278963504,47.29914855957031,24991500.0,0.0,0.0,49.956668853759766,47.29914855957031
2022-03-31,46.95829871798205,47.51059955145384,46.76578061125391,46.999324798583984,27163800.0,0.0,0.0,49.63999938964844,46.999324798583984
2022-04-01,47.23285809229321,47.740976042133454,46.97406770147441,47.65892028808594,20939700.0,0.0,0.0,50.336666107177734,47.65892028808594
2022-04-04,47.62736630832063,48.35009197843199,47.365419201328244,47.66839599609375,25332600.0,0.0,0.0,50.3466682434082,47.66839599609375
2022-04-05,47.61789172835669,48.39111706924397,47.61789172835669,47.804100036621094,18657900.0,0.0,0.0,50.4900016784668,47.804100036621094
2022-04-06,47.66208310944668,49.050728572116924,47.49797158022313,48.91501998901367,28018500.0,0.0,0.0,51.663333892822266,48.91501998901367
2022-04-07,48.94974009036556,49.71980527480963,48.74144217133147,49.404205322265625,27088200.0,0.0,0.0,52.18000030517578,49.404205322265625
2022-04-08,49.520966410861895,49.99436804038537,49.300045409633086,49.678768157958984,23294400.0,0.0,0.0,52.470001220703125,49.678768157958984
2022-04-11,49.539902802782834,49.940715122131095,48.485793924567496,48.694091796875,24712800.0,0.0,0.0,51.43000030517578,48.694091796875
2022-04-12,48.67832236967527,49.044418455084745,48.14495444665832,48.35956573486328,26761200.0,0.0,0.0,51.07666778564453,48.35956573486328
2022-04-13,48.428983582184145,49.79869221604747,48.3974239580917,49.618797302246094,29284500.0,0.0,0.0,52.40666580200195,49.618797302246094
2022-04-14,49.584093367490595,49.95650280354706,49.369485703044475,49.57462692260742,22360500.0,0.0,0.0,52.36000061035156,49.57462692260742
2022-04-18,49.47048146678196,49.85867074626108,48.9844565989318,49.19590759277344,14671800.0,0.0,0.0,51.959999084472656,49.19590759277344
2022-04-19,49.44522264882761,49.849195284105306,49.2463948222754,49.754512786865234,15855000.0,0.0,0.0,52.54999923706055,49.754512786865234
2022-04-20,49.975444494761454,50.60664803498157,49.95650799126029,50.37941360473633,19821600.0,0.0,0.0,53.209999084472656,50.37941360473633
2022-04-21,50.47094186672255,50.739202390997406,50.20268134244769,50.455162048339844,18168300.0,0.0,0.0,53.290000915527344,50.455162048339844
2022-04-22,50.57507671236006,50.60979302546149,49.44206873237607,49.50518798828125,21046200.0,0.0,0.0,52.28666687011719,49.50518798828125
2022-04-25,49.35054993458031,49.69771311492629,48.71303669110476,49.53044128417969,18057600.0,0.0,0.0,52.313331604003906,49.53044128417969
2022-04-26,49.350540962551115,49.90599833835298,48.981288273691035,49.012847900390625,19601100.0,0.0,0.0,51.766666412353516,49.012847900390625
2022-04-27,49.08544376365528,49.296894735486475,48.60888539096351,48.67831802368164,17496900.0,0.0,0.0,51.413333892822266,48.67831802368164
2022-04-28,48.99076247337004,49.543066863358774,48.634136468141826,49.300052642822266,14955900.0,0.0,0.0,52.06999969482422,49.300052642822266
2022-04-29,49.17380703939895,49.303202233085734,48.1954405387721,48.283809661865234,21088800.0,0.0,0.0,50.996665954589844,48.283809661865234
2022-05-02,48.90555512751662,48.91502518507491,47.44116711571298,47.965065002441406,20016000.0,0.0,0.0,50.65999984741211,47.965065002441406
2022-05-03,48.10707796019449,48.690938321681166,47.90193675941678,48.13232421875,17950500.0,0.0,0.0,50.836666107177734,48.13232421875
2022-05-04,47.98084010045025,48.861367554787485,47.81672856993607,48.798248291015625,20022600.0,0.0,0.0,51.540000915527344,48.798248291015625
2022-05-05,48.66520731993241,48.72539147693641,47.95569182351478,48.38013458251953,23234400.0,0.186667,0.0,50.913333892822266,48.38013458251953
2022-05-06,48.05389228444838,48.763407917646965,46.964277178159094,47.37288284301758,34258200.0,0.0,0.0,49.85333251953125,47.37288284301758
2022-05-09,47.02762361622723,48.494166226836306,46.938933266962515,47.927188873291016,28207200.0,0.0,0.0,50.436668395996094,47.927188873291016
2022-05-10,47.96519374260988,48.23759747271806,47.05612767230261,47.25251007080078,24861300.0,0.0,0.0,49.72666549682617,47.25251007080078
2022-05-11,47.32219385821801,47.74980477521415,46.53349250011091,46.758384704589844,27878700.0,0.0,0.0,49.206668853759766,46.758384704589844
2022-05-12,46.83440354045309,47.55975622464099,46.40996077275722,46.71403884887695,25244400.0,0.0,0.0,49.15999984741211,46.71403884887695
2022-05-13,46.78689260135988,46.99911217539319,46.28959665564196,46.89458465576172,19962300.0,0.0,0.0,49.349998474121094,46.89458465576172
2022-05-16,47.31585783098607,47.426721666582075,46.39095460564512,46.94526290893555,21449100.0,0.0,0.0,49.4033317565918,46.94526290893555
2022-05-17,43.21396569698443,43.53388092049463,41.37999290958082,41.60488510131836,132940200.0,0.0,0.0,43.78333282470703,41.60488510131836
2022-05-18,40.55328400775582,40.629305338854024,38.49441887253612,38.77949523925781,104253000.0,0.0,0.0,40.810001373291016,38.77949523925781
2022-05-19,38.28537443207518,38.57678354617818,37.56635431493503,37.71522521972656,71008500.0,0.0,0.0,39.689998626708984,37.71522521972656
2022-05-20,37.89577110009618,38.27586691999377,37.14507669032029,37.75640106201172,49356000.0,0.0,0.0,39.733333587646484,37.75640106201172
2022-05-23,37.9844618030785,39.2039461390086,37.96546009125799,38.833351135253906,43680900.0,0.0,0.0,40.866668701171875,38.833351135253906
2022-05-24,38.393063321906354,39.45100399359759,38.351888117558495,39.317970275878906,34584900.0,0.0,0.0,41.37666702270508,39.317970275878906
2022-05-25,39.276790562319526,39.48901377382357,38.833346054873694,39.077239990234375,27121800.0,0.0,0.0,41.12333297729492,39.077239990234375
2022-05-26,39.68855810371107,40.036979510096856,39.40348538486883,39.910282135009766,28197600.0,0.0,0.0,42.0,39.910282135009766
2022-05-27,39.748750631215145,40.740170849774515,39.69173462547583,40.69582748413086,25299900.0,0.0,0.0,42.82666778564453,40.69582748413086
2022-05-31,40.372740778702244,41.145605016942184,40.36006813962862,40.74333572387695,36912300.0,0.0,0.0,42.87666702270508,40.74333572387695
2022-06-01,40.70216241080601,40.835196139927696,39.49218620792039,39.736080169677734,28534800.0,0.0,0.0,41.81666564941406,39.736080169677734
2022-06-02,39.774084030767256,40.394909201981825,39.3813156061635,40.38857650756836,23214300.0,0.0,0.0,42.503334045410156,40.38857650756836
2022-06-03,40.12251169990758,40.36007296237022,39.62205114360086,39.69490432739258,18302700.0,0.0,0.0,41.77333450317383,39.69490432739258
2022-06-06,39.85327814542726,40.00531721626499,39.46367779984948,39.5523681640625,19855500.0,0.0,0.0,41.62333297729492,39.5523681640625
2022-06-07,38.40256693705303,39.11525065869731,38.2885349316642,39.077239990234375,47707800.0,0.0,0.0,41.12333297729492,39.077239990234375
2022-06-08,38.754160387611634,39.24828825176687,38.62746298007795,38.73832321166992,22522800.0,0.0,0.0,40.766666412353516,38.73832321166992
2022-06-09,38.64330403634779,39.3876622550438,38.32338870032461,38.332889556884766,19880100.0,0.0,0.0,40.34000015258789,38.332889556884766
2022-06-10,37.93061035089659,38.87768709668235,37.80074117888578,38.54826736450195,25238100.0,0.0,0.0,40.56666564941406,38.54826736450195
2022-06-13,37.92744546684307,38.40256796060278,37.72155856956094,37.82291793823242,24897900.0,0.0,0.0,39.8033332824707,37.82291793823242
2022-06-14,37.73422522450857,38.00979712363011,37.43014713751127,37.83875274658203,21544200.0,0.0,0.0,39.81999969482422,37.83875274658203
2022-06-15,38.00029689145944,38.13966329827576,37.34462556040801,37.813411712646484,25914000.0,0.0,0.0,39.793331146240234,37.813411712646484
2022-06-16,37.48715686262977,38.567267160113076,37.44914620189409,38.2061767578125,30706800.0,0.0,0.0,40.206668853759766,38.2061767578125
2022-06-17,38.01613050335408,38.28853059677336,37.36679555273217,37.46815490722656,36838800.0,0.0,0.0,39.43000030517578,37.46815490722656
2022-06-21,37.47132651951345,38.890357613191405,37.44598486610652,38.697139739990234,23916600.0,0.0,0.0,40.723331451416016,38.697139739990234
2022-06-22,38.674967852491385,39.039226461364215,38.19667724658486,38.22835159301758,20235000.0,0.0,0.0,40.22999954223633,38.22835159301758
2022-06-23,38.564099133416306,39.26411370063659,38.389890250088726,39.15642166137695,18040800.0,0.0,0.0,41.206668853759766,39.15642166137695
2022-06-24,39.30530691139542,39.69173910529565,39.010729619173645,39.1881103515625,31845900.0,0.0,0.0,41.2400016784668,39.1881103515625
2022-06-27,39.20710838367196,39.51119012849395,38.89352940839193,39.31480407714844,19889100.0,0.0,0.0,41.37333297729492,39.31480407714844
2022-06-28,39.48584310760502,39.774084012841996,38.73514876514812,38.76049041748047,15399000.0,0.0,0.0,40.790000915527344,38.76049041748047
2022-06-29,38.92520050849888,39.0709068610212,38.317044319440896,38.61795425415039,19111500.0,0.0,0.0,40.63999938964844,38.61795425415039
2022-06-30,38.288530058101706,38.66229675054986,37.97495114543854,38.510257720947266,19166100.0,0.0,0.0,40.526668548583984,38.510257720947266
2022-07-01,38.624293809250766,38.93470462452428,38.37722807118936,38.84284973144531,17460900.0,0.0,0.0,40.87666702270508,38.84284973144531
2022-07-05,38.709809305378556,39.43833012820013,38.5197596070563,39.35597610473633,18218100.0,0.0,0.0,41.41666793823242,39.35597610473633
2022-07-06,39.42883673434071,39.9989859895953,39.37182434624352,39.63472366333008,21300000.0,0.0,0.0,41.709999084472656,39.63472366333008
2022-07-07,39.653725495276255,39.761421190890346,39.31480485749348,39.69490432739258,17487300.0,0.0,0.0,41.77333450317383,39.69490432739258
2022-07-08,39.853267615958885,40.10350146582852,39.64104805487681,39.72023391723633,14751000.0,0.0,0.0,41.79999923706055,39.72023391723633
2022-07-11,39.59987828035843,40.01482026871155,39.473180871631975,39.736080169677734,11532900.0,0.0,0.0,41.81666564941406,39.736080169677734
2022-07-12,39.62837621975586,40.268206641806835,39.50484338335522,39.61570358276367,13732200.0,0.0,0.0,41.689998626708984,39.61570358276367
2022-07-13,39.41616566928728,40.05599629620132,39.24828942435134,39.71074295043945,12689100.0,0.0,0.0,41.790000915527344,39.71074295043945
2022-07-14,39.32747801635952,40.64515365923645,39.32114532029561,40.486778259277344,20905500.0,0.0,0.0,42.606666564941406,40.486778259277344
2022-07-15,40.79719111278622,41.26280918777251,40.5596298347613,40.882713317871094,21184200.0,0.0,0.0,43.02333450317383,40.882713317871094
2022-07-18,40.74966328755405,41.27230083663062,40.62613407131441,40.78767395019531,14243700.0,0.0,0.0,42.92333221435547,40.78767395019531
2022-07-19,40.9840664330223,41.164611671751274,40.73383617673904,41.03791427612305,16995300.0,0.0,0.0,43.186668395996094,41.03791427612305
2022-07-20,41.33882205195266,41.592220454843066,41.018906794859575,41.37999725341797,18564900.0,0.0,0.0,43.54666519165039,41.37999725341797
2022-07-21,41.39267016898715,41.988157325985206,41.33565416861934,41.984989166259766,18764700.0,0.0,0.0,44.18333435058594,41.984989166259766
2022-07-22,41.98183162514625,42.25106727156009,41.56688959368178,41.87730407714844,13616400.0,0.0,0.0,44.06999969482422,41.87730407714844
2022-07-25,41.93430467642142,42.03249586726951,41.63972747898085,41.817108154296875,20535300.0,0.0,0.0,44.00666809082031,41.817108154296875
2022-07-26,38.367723493189054,38.861851296471805,38.02880289493259,38.636959075927734,95391600.0,0.0,0.0,40.65999984741211,38.636959075927734
2022-07-27,38.40256867420136,40.154187788720805,38.33605181383074,40.097171783447266,42159600.0,0.0,0.0,42.1966667175293,40.097171783447266
2022-07-28,39.995818345079726,41.33883201657738,39.995818345079726,41.09810256958008,33262200.0,0.0,0.0,43.25,41.09810256958008
2022-07-29,40.64514452879779,41.89313123544596,40.54694970044083,41.82661437988281,30141900.0,0.0,0.0,44.016666412353516,41.82661437988281
2022-08-01,41.51303303127384,42.5171221261006,41.494027698657085,41.98181915283203,24996300.0,0.0,0.0,44.18000030517578,41.98181915283203
2022-08-02,42.1750397220495,42.35242043651142,41.62073133292589,42.02616882324219,19695000.0,0.0,0.0,44.22666549682617,42.02616882324219
2022-08-03,41.8614535050834,42.10851557365547,41.13293268762652,41.33565139770508,32003100.0,0.0,0.0,43.5,41.33565139770508
2022-08-04,41.38950710698203,41.43068231379396,39.698072094942695,39.77408981323242,53106000.0,0.0,0.0,41.856666564941406,39.77408981323242
2022-08-05,39.755084946288726,40.166858768647224,39.63155569949894,40.0940055847168,32007000.0,0.0,0.0,42.19333267211914,40.0940055847168
2022-08-08,40.116179439104776,40.610307305367805,40.10351042327681,40.420257568359375,18175200.0,0.0,0.0,42.53666687011719,40.420257568359375
2022-08-09,40.50894061739655,40.851029357287885,40.29354926271143,40.81935501098633,19325100.0,0.0,0.0,42.956668853759766,40.81935501098633
2022-08-10,41.177280457950474,41.224791981047545,40.66731546860217,40.904876708984375,25251000.0,0.0,0.0,43.04666519165039,40.904876708984375
2022-08-11,41.26117453003134,41.474321993553424,40.91123566065889,41.29935073852539,23854500.0,0.186667,0.0,43.27333450317383,41.29935073852539
2022-08-12,41.35660950498217,42.26009243383741,41.29934883556314,42.0628547668457,26625000.0,0.0,0.0,44.073333740234375,42.0628547668457
2022-08-15,41.8751695620377,42.492338372532615,41.78927489624011,42.183753967285156,26516100.0,0.0,0.0,44.20000076293945,42.183753967285156
2022-08-16,44.18795193732158,44.833751001184126,43.96208027064873,44.33747482299805,91773300.0,0.0,0.0,46.456668853759766,44.33747482299805
2022-08-17,44.08296878543104,45.403200879875584,44.02888642733629,44.38519287109375,41792100.0,0.0,0.0,46.50666809082031,44.38519287109375
2022-08-18,44.388379856086146,44.671515891788616,44.06071096724349,44.242042541503906,19197600.0,0.0,0.0,46.356666564941406,44.242042541503906
2022-08-19,44.19432657970812,44.242045034498744,43.55488763532259,43.589881896972656,22918800.0,0.0,0.0,45.67333221435547,43.589881896972656
2022-08-22,43.32901287961526,43.49443828701265,42.76910477946873,42.810462951660156,18667200.0,0.0,0.0,44.856666564941406,42.810462951660156
2022-08-23,42.82318706450797,42.934533749014044,42.37780760785201,42.62913131713867,16955100.0,0.0,0.0,44.66666793823242,42.62913131713867
2022-08-24,42.74047228660595,43.03951442873122,42.5018764207405,42.937713623046875,15766500.0,0.0,0.0,44.9900016784668,42.937713623046875
2022-08-25,43.036337869146216,43.26220957280412,42.95680347675876,43.22403335571289,19414500.0,0.0,0.0,45.290000915527344,43.22403335571289
2022-08-26,43.30036910478227,43.52942269764176,41.836981870192034,41.86561584472656,21331800.0,0.0,0.0,43.866668701171875,41.86561584472656
2022-08-29,41.62066396178422,42.587771628279825,41.54431153619255,42.272823333740234,17381700.0,0.0,0.0,44.293331146240234,42.272823333740234
2022-08-30,42.41916277662344,42.517781622305876,41.91015875953612,42.145572662353516,14468100.0,0.0,0.0,44.15999984741211,42.145572662353516
2022-08-31,42.24101351103411,42.56232574008953,41.97060532914436,42.1678466796875,22460700.0,0.0,0.0,44.18333435058594,42.1678466796875
2022-09-01,42.16466485291659,42.99179555064345,42.12012472167904,42.78183364868164,21741900.0,0.0,0.0,44.82666778564453,42.78183364868164
2022-09-02,42.89954312793892,43.16040545184253,42.13285502532437,42.311004638671875,17234400.0,0.0,0.0,44.33333206176758,42.311004638671875
2022-09-06,42.3269117711554,42.50824698762444,41.58567567649863,42.101043701171875,21899700.0,0.0,0.0,44.11333465576172,42.101043701171875
2022-09-07,42.330087919108486,43.2558410614665,42.228287111468816,43.18267059326172,17058900.0,0.0,0.0,45.246665954589844,43.18267059326172
2022-09-08,43.07449586274725,43.54214526208165,42.909070498935705,43.40216827392578,16956000.0,0.0,0.0,45.47666549682617,43.40216827392578
2022-09-09,43.3608263337123,43.742577564088506,43.30674396889891,43.532615661621094,16140600.0,0.0,0.0,45.61333465576172,43.532615661621094
2022-09-12,43.60896373875924,43.981172729584166,43.57396948213918,43.923912048339844,14284500.0,0.0,0.0,46.02333450317383,43.923912048339844
2022-09-13,43.53897062715621,43.88573119873485,42.886811292932684,43.017242431640625,17687400.0,0.0,0.0,45.073333740234375,43.017242431640625
2022-09-14,43.1476703543952,43.43398463109033,42.66093644808183,42.92179870605469,19934700.0,0.0,0.0,44.973331451416016,42.92179870605469
2022-09-15,42.96316180851957,42.994974105065594,42.30145657458396,42.46052169799805,20189400.0,0.0,0.0,44.4900016784668,42.46052169799805
2022-09-16,41.99287560403907,42.80410015375248,41.763821953388685,42.3714485168457,41874300.0,0.0,0.0,44.39666748046875,42.3714485168457
2022-09-19,42.25373809888999,42.87090320466303,42.1423914203763,42.73411178588867,16853100.0,0.0,0.0,44.776668548583984,42.73411178588867
2022-09-20,42.463699479881925,42.59095230514606,42.16466098357129,42.48596954345703,13963500.0,0.0,0.0,44.516666412353516,42.48596954345703
2022-09-21,43.087239620211,43.72667489332254,42.82637364954291,42.87409210205078,24903600.0,0.0,0.0,44.92333221435547,42.87409210205078
2022-09-22,42.81046481382007,42.85818326333525,42.26010256363241,42.43507385253906,16744500.0,0.0,0.0,44.46333312988281,42.43507385253906
2022-09-23,42.26964659174151,42.368265444569055,40.965320517856135,41.37570571899414,27195300.0,0.0,0.0,43.35333251953125,41.37570571899414
2022-09-26,40.95895856770989,42.03740927014992,40.8062573577645,41.77336502075195,23011200.0,0.0,0.0,43.77000045776367,41.77336502075195
2022-09-27,42.06604340748905,42.44779461343986,41.45205660757315,41.65884017944336,17171700.0,0.0,0.0,43.650001525878906,41.65884017944336
2022-09-28,41.805180485570766,42.51778618598104,41.26754607252865,42.34599685668945,16838400.0,0.0,0.0,44.369998931884766,42.34599685668945
2022-09-29,42.4700639424045,42.66730527800182,41.875165259188215,42.07240295410156,15241500.0,0.0,0.0,44.08333206176758,42.07240295410156
2022-09-30,42.06922709192983,42.10739966561276,41.26118087768555,41.26118087768555,19602300.0,0.0,0.0,43.233333587646484,41.26118087768555
2022-10-03,41.43297190712911,42.24419647205902,41.359801433360985,42.16148376464844,17574900.0,0.0,0.0,44.176666259765625,42.16148376464844
2022-10-04,42.584589255696315,43.01088058594068,42.42870972955218,42.70866012573242,16134300.0,0.0,0.0,44.75,42.70866012573242
2022-10-05,42.55277919817822,42.82636933380771,42.15511818598359,42.285552978515625,14553900.0,0.0,0.0,44.30666732788086,42.285552978515625
2022-10-06,42.33645460703537,42.7818340797934,41.859262834892384,41.891075134277344,14200500.0,0.0,0.0,43.893333435058594,41.891075134277344
2022-10-07,41.773362659663704,41.88152373516743,40.74262682027794,40.89850997924805,17080500.0,0.0,0.0,42.85333251953125,40.89850997924805
2022-10-10,41.207103498917064,41.33435634863975,40.809442439303865,41.140296936035156,11411700.0,0.0,0.0,43.106666564941406,41.140296936035156
2022-10-11,41.20072894314311,42.565497473630145,41.18482279612072,42.20601272583008,21276000.0,0.0,0.0,44.223331451416016,42.20601272583008
2022-10-12,42.31418880647647,42.87409334159578,41.66520763968975,41.72883224487305,16947600.0,0.0,0.0,43.723331451416016,41.72883224487305
2022-10-13,41.127563901317586,42.29190920457051,40.83806764417279,42.081947326660156,20545500.0,0.0,0.0,44.09333419799805,42.081947326660156
2022-10-14,42.13285085339877,42.380988960496865,41.37252310184603,41.493412017822266,16641000.0,0.0,0.0,43.47666549682617,41.493412017822266
2022-10-17,41.662015174618645,42.25691746138293,41.544308228439995,41.792449951171875,17812500.0,0.0,0.0,43.790000915527344,41.792449951171875
2022-10-18,42.44778863187882,42.979062656318575,42.41597633925611,42.67366027832031,16842300.0,0.0,0.0,44.71333312988281,42.67366027832031
2022-10-19,42.73411918459705,42.861368392719264,42.3014638674754,42.55278396606445,11339400.0,0.0,0.0,44.586666107177734,42.55278396606445
2022-10-20,42.62277398790875,43.07451378961058,42.51779120309985,42.65776824951172,12754800.0,0.0,0.0,44.6966667175293,42.65776824951172
2022-10-21,42.88681849628115,43.71394923405183,42.62913449256326,43.51988983154297,18134700.0,0.0,0.0,45.599998474121094,43.51988983154297
2022-10-24,43.7266755107068,44.6906050121247,43.6248746876455,44.3502082824707,18806700.0,0.0,0.0,46.470001220703125,44.3502082824707
2022-10-25,44.24839890564641,44.677868541943795,44.003439129709406,44.56016159057617,15051300.0,0.0,0.0,46.689998626708984,44.56016159057617
2022-10-26,44.652424171107796,45.186880257197664,44.48063484488906,44.90056228637695,20754300.0,0.0,0.0,47.04666519165039,44.90056228637695
2022-10-27,44.859206776658674,45.205967379559624,44.6301531331302,44.7701301574707,16602900.0,0.0,0.0,46.90999984741211,44.7701301574707
2022-10-28,44.553804884598364,45.460466314458614,44.55062292660957,45.33639907836914,13648200.0,0.0,0.0,47.503334045410156,45.33639907836914
2022-10-31,45.2823148008719,45.51454675466057,45.100983250700196,45.27913284301758,22572000.0,0.0,0.0,47.44333267211914,45.27913284301758
2022-11-01,45.482734232783415,45.66724773989787,45.0150883696621,45.075531005859375,14814300.0,0.0,0.0,47.22999954223633,45.075531005859375
2022-11-02,44.90693187170237,45.67362002043811,44.76059455048221,44.7765007019043,15522000.0,0.0,0.0,46.91666793823242,44.7765007019043
2022-11-03,44.38201930129214,45.08190084977274,44.24522422171614,44.76695251464844,10976400.0,0.0,0.0,46.90666580200195,44.76695251464844
2022-11-04,45.183692199419404,45.24095287330602,44.15295638125542,44.84647750854492,14669400.0,0.0,0.0,46.9900016784668,44.84647750854492
2022-11-07,44.93873743296619,45.482735739498914,44.93873743296619,45.31731033325195,11364000.0,0.0,0.0,47.483333587646484,45.31731033325195
2022-11-08,45.358673327725505,45.83268317262373,45.018272964523774,45.425479888916016,15068400.0,0.0,0.0,47.5966682434082,45.425479888916016
2022-11-09,45.41593561696878,45.54318846796094,44.28658067206642,44.36929702758789,15932100.0,0.0,0.0,46.4900016784668,44.36929702758789
2022-11-10,45.336403297190536,45.393663983580524,44.696964387254226,45.2886848449707,20310600.0,0.0,0.0,47.45333480834961,45.2886848449707
2022-11-11,45.387299621623356,45.53045860607926,44.53471691225323,45.35866928100586,19270800.0,0.0,0.0,47.526668548583984,45.35866928100586
2022-11-14,45.059629189489605,45.594085296553295,43.98753865790209,44.02571487426758,37525800.0,0.0,0.0,46.130001068115234,44.02571487426758
2022-11-15,46.32259913024603,47.8050749490349,45.9853843662878,46.9047737121582,76548600.0,0.0,0.0,49.14666748046875,46.9047737121582
2022-11-16,47.044740169635396,47.78279783220425,46.802965986315456,47.241981506347656,32593200.0,0.0,0.0,49.5,47.241981506347656
2022-11-17,46.7679791887236,47.315159517446276,46.67253864261815,47.082923889160156,24791400.0,0.0,0.0,49.33333206176758,47.082923889160156
2022-11-18,47.614193711700956,47.79552891237226,47.32787938094297,47.7923469543457,18987000.0,0.0,0.0,50.07666778564453,47.7923469543457
2022-11-21,47.913243887414524,48.39997796703444,47.77962711274322,48.08502960205078,21157200.0,0.0,0.0,50.383331298828125,48.08502960205078
2022-11-22,48.355427904150716,48.49858323296914,48.07547388047835,48.256805419921875,16898400.0,0.0,0.0,50.563331604003906,48.256805419921875
2022-11-23,48.38087946579666,48.7912646552953,48.31725487102653,48.489044189453125,16920600.0,0.0,0.0,50.80666732788086,48.489044189453125
2022-11-25,48.39361081104245,48.702191574356505,48.31089446301456,48.695831298828125,8777400.0,0.0,0.0,51.02333450317383,48.695831298828125
2022-11-28,48.584472523882454,49.19527726372957,48.584472523882454,48.835792541503906,17674800.0,0.0,0.0,51.16999816894531,48.835792541503906
2022-11-29,48.68309737381662,48.89942680976356,48.53039616998084,48.66401290893555,13841700.0,0.0,0.0,50.9900016784668,48.66401290893555
2022-11-30,48.54948682634793,48.600387230300846,48.10092906439766,48.489044189453125,31338000.0,0.0,0.0,50.80666732788086,48.489044189453125
2022-12-01,48.37133994899926,48.867619825578274,47.95140886229471,48.79126739501953,22732200.0,0.0,0.0,51.12333297729492,48.79126739501953
2022-12-02,48.19000514287574,48.749913263084125,48.19000514287574,48.74354934692383,20733000.0,0.0,0.0,51.073333740234375,48.74354934692383
2022-12-05,48.59403747700761,48.67356823769058,47.88142802668571,48.24409484863281,23608200.0,0.0,0.0,50.54999923706055,48.24409484863281
2022-12-06,48.10093802566362,48.3268061073139,47.467862995842786,47.68418884277344,20625600.0,0.0,0.0,49.96333312988281,47.68418884277344
2022-12-07,47.87823643094466,48.10410445678228,47.343780401592795,47.436038970947266,17550300.0,0.0,0.0,49.70333480834961,47.436038970947266
2022-12-08,47.63083561660348,47.66915209464059,47.305121799629745,47.509490966796875,13512600.0,0.186667,0.0,49.59333419799805,47.509490966796875
2022-12-09,47.091160743661874,47.17099494499129,46.37267485814626,46.40141677856445,27929400.0,0.0,0.0,48.436668395996094,46.40141677856445
2022-12-12,46.5898243446371,47.29234789891748,46.48125551258282,47.26679992675781,19432200.0,0.0,0.0,49.34000015258789,47.26679992675781
2022-12-13,47.89907535556876,47.962939814867,46.858069320487786,47.097564697265625,23408100.0,0.0,0.0,49.163333892822266,47.097564697265625
2022-12-14,46.969821599705256,47.429652181555085,46.608981638468705,46.8357048034668,20334600.0,0.0,0.0,48.88999938964844,46.8357048034668
2022-12-15,46.48764126819301,46.75587486420946,45.86495195811635,46.417388916015625,17514000.0,0.0,0.0,48.45333480834961,46.417388916015625
2022-12-16,46.13638323050824,46.21302349521704,45.52646968390471,45.583946228027344,40343100.0,0.0,0.0,47.58333206176758,45.583946228027344
2022-12-19,45.66697295844696,45.84260386157582,45.25823460528102,45.59991455078125,15067500.0,0.0,0.0,47.599998474121094,45.59991455078125
2022-12-20,45.63823302905118,46.18747608479142,45.42428565388276,45.99907302856445,17009400.0,0.0,0.0,48.016666412353516,45.99907302856445
2022-12-21,46.085291345367025,46.60260217348786,46.06613127902081,46.35991287231445,13726500.0,0.0,0.0,48.393333435058594,46.35991287231445
2022-12-22,46.22899855917585,46.29605697657593,45.32210929284031,45.81706619262695,13082400.0,0.0,0.0,47.82666778564453,45.81706619262695
2022-12-23,45.67974305697554,45.91923838421671,45.43385982336203,45.9096565246582,9547500.0,0.0,0.0,47.92333221435547,45.9096565246582
2022-12-27,45.99587841721101,46.12680492674256,45.72445084669308,45.92243576049805,10044600.0,0.0,0.0,47.936668395996094,45.92243576049805
2022-12-28,45.813865044381586,45.877729497703506,44.996388347751875,45.117733001708984,15246300.0,0.0,0.0,47.0966682434082,45.117733001708984
2022-12-29,45.3891513152821,45.6701570451689,45.26461273320508,45.39234161376953,9171900.0,0.0,0.0,47.383331298828125,45.39234161376953
2022-12-30,45.203950682795714,45.34126144767553,44.964455332629015,45.27739334106445,11505900.0,0.0,0.0,47.26333236694336,45.27739334106445
2023-01-03,45.52008152265188,45.89049972158375,45.373192555326185,45.855377197265625,17249700.0,0.0,0.0,47.866668701171875,45.855377197265625
2023-01-04,45.797894793090904,45.999069995523705,45.36680246330007,45.906463623046875,13338300.0,0.0,0.0,47.91999816894531,45.906463623046875
2023-01-05,45.81066285947807,46.02461020142765,45.552007484709115,45.74999237060547,13274400.0,0.0,0.0,47.75666809082031,45.74999237060547
2023-01-06,46.17469483259763,47.11670992823081,46.05973811118038,46.870826721191406,21231900.0,0.0,0.0,48.926666259765625,46.870826721191406
2023-01-09,46.72394878793291,47.21571166345845,46.238570165185116,46.286468505859375,17756700.0,0.0,0.0,48.31666564941406,46.286468505859375
2023-01-10,46.28327289567515,46.4461316334295,45.8968885761081,46.257728576660156,11970600.0,0.0,0.0,48.28666687011719,46.257728576660156
2023-01-11,46.53873410301587,46.67923515461422,46.216210608078335,46.66326904296875,14834700.0,0.0,0.0,48.709999084472656,46.66326904296875
2023-01-12,46.75268315388055,46.75587710720704,46.1076434494641,46.24176025390625,12472800.0,0.0,0.0,48.27000045776367,46.24176025390625
2023-01-13,46.47167521497414,46.56428159235416,45.938401933511024,46.39503860473633,13699800.0,0.0,0.0,48.43000030517578,46.39503860473633
2023-01-17,46.3950498741731,46.529166715473195,46.04698195410581,46.11404037475586,15122400.0,0.0,0.0,48.13666534423828,46.11404037475586
2023-01-18,46.046971496859776,46.06293760984533,44.85907661133512,44.97403335571289,22674300.0,0.0,0.0,46.9466667175293,44.97403335571289
2023-01-19,45.1496643330062,45.1943687185632,44.319411838649586,44.33218765258789,17342100.0,0.0,0.0,46.276668548583984,44.33218765258789
2023-01-20,44.5141971402391,44.95486765042006,44.12142496300675,44.878231048583984,29543100.0,0.0,0.0,46.8466682434082,44.878231048583984
2023-01-23,44.85268847158504,45.66697119284893,44.76966395360928,45.54882049560547,13149900.0,0.0,0.0,47.54666519165039,45.54882049560547
2023-01-24,46.797390418292174,46.797390418292174,45.02512627149688,45.670166015625,13669200.0,0.0,0.0,47.67333221435547,45.670166015625
2023-01-25,45.42109359066088,45.6126906083313,44.830336424044525,45.453025817871094,12491700.0,0.0,0.0,47.4466667175293,45.453025817871094
2023-01-26,45.67336367624047,45.9032808412494,45.267819251704175,45.41151428222656,15819000.0,0.0,0.0,47.4033317565918,45.41151428222656
2023-01-27,45.53604566818682,46.133187026342014,45.264618110335256,45.75957489013672,18412800.0,0.0,0.0,47.766666412353516,45.75957489013672
2023-01-30,45.382763409490536,45.488141928601216,45.11133588388273,45.39234161376953,15897600.0,0.0,0.0,47.383331298828125,45.39234161376953
2023-01-31,45.446636515076946,45.94478728395901,45.2358830910796,45.94159698486328,14103600.0,0.0,0.0,47.956668853759766,45.94159698486328
2023-02-01,45.87453593930568,46.49722532778537,45.56798217542897,46.19705581665039,12849300.0,0.0,0.0,48.223331451416016,46.19705581665039
2023-02-02,46.114022841164726,46.25772149044013,45.64461407509417,45.86175537109375,17806800.0,0.0,0.0,47.87333297729492,45.86175537109375
2023-02-03,45.778735321425465,45.97033232097292,44.980418753454664,45.25184631347656,17155500.0,0.0,0.0,47.23666763305664,45.25184631347656
2023-02-06,45.28697708586924,45.37638951531785,44.71537998253228,44.922943115234375,17454000.0,0.0,0.0,46.893333435058594,44.922943115234375
2023-02-07,44.632349691026505,45.12091855460145,44.28747583231068,45.018733978271484,16341300.0,0.0,0.0,46.99333190917969,45.018733978271484
2023-02-08,44.81116911050071,45.05704866197044,44.702596640869956,44.77604293823242,11691300.0,0.0,0.0,46.7400016784668,44.77604293823242
2023-02-09,44.98361788702817,45.32529418696941,44.88781754901775,45.19117736816406,13064400.0,0.0,0.0,47.17333221435547,45.19117736816406
2023-02-10,45.69252060972378,45.96394819205375,45.39873900686022,45.89369583129883,15002700.0,0.0,0.0,47.90666580200195,45.89369583129883
2023-02-13,46.209819670271884,46.6600719932291,46.145951578521974,46.59300994873047,16015800.0,0.0,0.0,48.63666534423828,46.59300994873047
2023-02-14,46.53554071201126,46.98259549789394,46.16192857882151,46.458900451660156,13831200.0,0.0,0.0,48.496665954589844,46.458900451660156
2023-02-15,46.28965893027981,46.81335764740332,46.161930031553304,46.803775787353516,14674200.0,0.0,0.0,48.856666564941406,46.803775787353516
2023-02-16,46.45570880436612,46.618567538491774,46.04058622155441,46.0693244934082,16312200.0,0.0,0.0,48.09000015258789,46.0693244934082
2023-02-17,46.33755223313502,46.842090829754106,46.165115315060895,46.76225662231445,24770700.0,0.0,0.0,48.813331604003906,46.76225662231445
2023-02-21,45.625460849834965,47.3689866939451,45.39234975394783,47.04646682739258,54393900.0,0.0,0.0,49.11000061035156,47.04646682739258
2023-02-22,46.8676405804069,47.123102034142136,45.58713935835736,46.05974578857422,29844000.0,0.0,0.0,48.08000183105469,46.05974578857422
2023-02-23,46.101252184625096,46.101252184625096,44.9325138520636,45.37318801879883,22021200.0,0.0,0.0,47.36333465576172,45.37318801879883
2023-02-24,44.97402880667404,45.58075200198311,44.555708649065075,45.49453353881836,20623500.0,0.0,0.0,47.4900016784668,45.49453353881836
2023-02-27,45.571174726353966,45.692519377621394,44.91655313108708,45.16563034057617,16647300.0,0.0,0.0,47.14666748046875,45.16563034057617
2023-02-28,45.02513102571124,45.552020125981294,45.00916491081878,45.38597106933594,18054000.0,0.0,0.0,47.37666702270508,45.38597106933594
2023-03-01,45.044287912152164,45.114540274479545,44.5046266889763,44.753700256347656,14180100.0,0.0,0.0,46.71666717529297,44.753700256347656
2023-03-02,44.654706026526185,44.94209970556787,44.54613353813779,44.86545944213867,14785500.0,0.0,0.0,46.83333206176758,44.86545944213867
2023-03-03,45.03789709491269,45.08579543311133,44.63235271532497,44.91974639892578,16888800.0,0.0,0.0,46.88999938964844,44.91974639892578
2023-03-06,44.865462255261036,45.01873913732119,44.71218537320088,44.913360595703125,16720800.0,0.0,0.0,46.883331298828125,44.913360595703125
2023-03-07,45.082606247222266,45.24226737849325,44.31941215299257,44.466304779052734,17387400.0,0.0,0.0,46.41666793823242,44.466304779052734
2023-03-08,44.24596411087298,44.36092084228288,43.837222163088214,44.09907150268555,19090800.0,0.0,0.0,46.03333282470703,44.09907150268555
2023-03-09,44.332180061257596,44.380078392097175,43.72226295446008,43.802093505859375,15415800.0,0.0,0.0,45.723331451416016,43.802093505859375
2023-03-10,43.754197770162385,44.15655181277769,43.457225908698,43.73823165893555,20065200.0,0.0,0.0,45.65666580200195,43.73823165893555
2023-03-13,43.64562772985335,44.226802932914346,43.61369550828849,43.865962982177734,28142100.0,0.0,0.0,45.790000915527344,43.865962982177734
2023-03-14,43.96814866009118,44.15335774247618,43.74781340221863,44.09907150268555,25542600.0,0.0,0.0,46.03333282470703,44.09907150268555
2023-03-15,43.712680988836425,44.6451141739384,43.65520080412972,44.59082794189453,33133500.0,0.0,0.0,46.54666519165039,44.59082794189453
2023-03-16,44.70625366995574,44.77679394556369,44.209268366760966,44.3375244140625,28905600.0,0.19,0.0,46.09333419799805,44.3375244140625
2023-03-17,44.30868737370092,44.72551515405906,44.11630870835516,44.696659088134766,43081200.0,0.0,0.0,46.46666717529297,44.696659088134766
2023-03-20,44.92108858047937,45.50464579798107,44.828102656408355,45.17759704589844,33928500.0,0.0,0.0,46.96666717529297,45.17759704589844
2023-03-21,45.3347141358195,45.3347141358195,44.738328677667354,45.02369689941406,19013400.0,0.0,0.0,46.80666732788086,45.02369689941406
2023-03-22,45.09423455054499,45.28020273877427,44.715884086104246,44.73512268066406,18548400.0,0.0,0.0,46.50666809082031,44.73512268066406
2023-03-23,44.9531586567917,45.405256502615785,44.72550621171693,45.097442626953125,22044300.0,0.0,0.0,46.883331298828125,45.097442626953125
2023-03-24,45.212877415161664,45.68100684644964,45.0814179435851,45.46617889404297,22752300.0,0.0,0.0,47.266666412353516,45.46617889404297
2023-03-27,45.78360137502508,46.4857935510568,45.7803943310941,46.226078033447266,26775600.0,0.0,0.0,48.05666732788086,46.226078033447266
2023-03-28,46.059344739482086,46.30302870664332,45.86696613640531,46.0465202331543,21282900.0,0.0,0.0,47.869998931884766,46.0465202331543
2023-03-29,46.290199339187296,46.47937454785603,45.99521370830594,46.24531173706055,24216900.0,0.0,0.0,48.07666778564453,46.24531173706055
2023-03-30,46.65252632231423,47.00522779103567,46.49862122761403,46.707035064697266,21879000.0,0.0,0.0,48.55666732788086,46.707035064697266
2023-03-31,46.998813054416964,47.595194829480164,46.96354290803135,47.277767181396484,20868000.0,0.0,0.0,49.150001525878906,47.277767181396484
2023-04-03,47.36754380959207,47.75872247557993,47.29380013990783,47.67535400390625,19766700.0,0.0,0.0,49.563331604003906,47.67535400390625
2023-04-04,47.624049788974204,47.7074182562437,47.13989255244808,47.20722579956055,18113700.0,0.0,0.0,49.07666778564453,47.20722579956055
2023-04-05,47.187982156753364,48.056903857585176,47.17836102568838,47.98957061767578,26540700.0,0.0,0.0,49.88999938964844,47.98957061767578
2023-04-06,47.710632635866354,48.42886021971096,47.62085739859993,48.351905822753906,17891700.0,0.0,0.0,50.266666412353516,48.351905822753906
2023-04-10,48.210820289012474,48.45450429533011,48.021645030079995,48.258914947509766,14519100.0,0.0,0.0,50.16999816894531,48.258914947509766
2023-04-11,48.41602507034551,48.41602507034551,47.97354835970705,48.117835998535156,18370500.0,0.0,0.0,50.02333450317383,48.117835998535156
2023-04-12,48.02805762941783,48.40640813554857,47.82926124331905,47.88376998901367,11209800.0,0.0,0.0,49.779998779296875,47.88376998901367
2023-04-13,47.983163721294204,48.09538825088596,47.5182450596301,47.93186569213867,13272600.0,0.0,0.0,49.83000183105469,47.93186569213867
2023-04-14,47.784363862099404,48.060110909158865,47.50220272766224,47.60801315307617,10464900.0,0.0,0.0,49.49333190917969,47.60801315307617
2023-04-17,47.659325163112,47.98958101622969,47.614437549908125,47.94148635864258,16166700.0,0.0,0.0,49.84000015258789,47.94148635864258
2023-04-18,48.024848976426895,48.204406759831485,47.91583148868932,48.04729461669922,13482300.0,0.0,0.0,49.95000076293945,48.04729461669922
2023-04-19,48.36472061787641,48.54748543924533,48.0216402840274,48.098594665527344,12433500.0,0.0,0.0,50.003334045410156,48.098594665527344
2023-04-20,48.16271861705825,48.54106907982781,47.96713296710634,48.406402587890625,13641600.0,0.0,0.0,50.323333740234375,48.406402587890625
2023-04-21,48.72383675303185,48.832854246537124,48.47374233011568,48.65009307861328,25335000.0,0.0,0.0,50.57666778564453,48.65009307861328
2023-04-24,48.64367281804649,49.041261878129355,48.64367281804649,48.98033905029297,13579500.0,0.0,0.0,50.91999816894531,48.98033905029297
2023-04-25,49.150283408128495,49.29777441979392,48.52183483029756,48.59878921508789,17246700.0,0.0,0.0,50.52333450317383,48.59878921508789
2023-04-26,48.40961070853105,48.547484247511555,48.165926732278976,48.38716506958008,12910200.0,0.0,0.0,50.3033332824707,48.38716506958008
2023-04-27,48.34548239919663,48.717422463699606,48.34548239919663,48.537864685058594,12861000.0,0.0,0.0,50.459999084472656,48.537864685058594
2023-04-28,48.50900597883197,48.79116346922732,48.15310115451419,48.406402587890625,14088600.0,0.0,0.0,50.323333740234375,48.406402587890625
2023-05-01,48.42884323978041,48.90979704396905,48.39357309843931,48.60519027709961,11409600.0,0.0,0.0,50.529998779296875,48.60519027709961
2023-05-02,48.56672938170619,48.57313980127904,47.92224920854246,48.4737434387207,11329500.0,0.0,0.0,50.393333435058594,48.4737434387207
2023-05-03,48.59557790915812,48.76872159036523,48.18195730065078,48.29418182373047,12334500.0,0.0,0.0,50.206668853759766,48.29418182373047
2023-05-04,48.45510956723625,48.596726080527596,48.11394519127138,48.429359436035156,14011200.0,0.19,0.0,50.15666580200195,48.429359436035156
2023-05-05,48.37464379715008,48.925013718136185,48.22337328621476,48.84777069091797,14556000.0,0.0,0.0,50.59000015258789,48.84777069091797
2023-05-08,48.686849245466675,49.227565244218376,48.61926020603851,49.15353775024414,14926200.0,0.0,0.0,50.90666580200195,49.15353775024414
2023-05-09,49.15353546089346,49.30159044194619,49.03123061349928,49.23721694946289,15209700.0,0.0,0.0,50.99333190917969,49.23721694946289
2023-05-10,49.465730432263506,49.67815520632773,48.67397005316626,49.09881591796875,15827700.0,0.0,0.0,50.849998474121094,49.09881591796875
2023-05-11,49.09881325002568,49.33054968944231,48.9217962979169,49.28227233886719,11926800.0,0.0,0.0,51.040000915527344,49.28227233886719
2023-05-12,49.43676796285654,49.58803848601817,49.150315685316805,49.26618576049805,16119300.0,0.0,0.0,51.02333450317383,49.26618576049805
2023-05-15,49.40457528786914,49.51722243491893,48.72224290243196,48.88317108154297,16113900.0,0.0,0.0,50.62666702270508,48.88317108154297
2023-05-16,48.551658955698215,48.770518471977546,48.13968636819571,48.207275390625,15512100.0,0.0,0.0,49.926666259765625,48.207275390625
2023-05-17,48.64499692950479,48.6482124725649,47.86289066747111,48.12681198120117,26985900.0,0.0,0.0,49.84333419799805,48.12681198120117
2023-05-18,48.85742176939501,49.65883976844789,48.26199375837886,48.75121307373047,46768500.0,0.0,0.0,50.4900016784668,48.75121307373047
2023-05-19,48.72868042318195,48.74799209897179,47.99163593327626,48.24911880493164,27594000.0,0.0,0.0,49.970001220703125,48.24911880493164
2023-05-22,48.18154418376979,48.30384904478119,47.72772887536766,47.824283599853516,16117800.0,0.0,0.0,49.529998779296875,47.824283599853516
2023-05-23,47.63759536722182,47.91117069207909,47.33827359649181,47.734153747558594,16302300.0,0.0,0.0,49.436668395996094,47.734153747558594
2023-05-24,47.79852997870886,47.80818397637906,47.08723182835192,47.515296936035156,20515200.0,0.0,0.0,49.209999084472656,47.515296936035156
2023-05-25,47.27390424467108,47.45414411482713,46.69778787219288,47.042171478271484,21299100.0,0.0,0.0,48.720001220703125,47.042171478271484
2023-05-26,46.894114238987044,47.25459027851644,46.82009044172727,47.125850677490234,15720900.0,0.0,0.0,48.80666732788086,47.125850677490234
2023-05-30,47.087226084661914,47.405863218802544,46.861928105469474,47.00998306274414,15742500.0,0.0,0.0,48.686668395996094,47.00998306274414
2023-05-31,46.803994992749246,47.41229992980615,46.67203616310243,47.270687103271484,30130800.0,0.0,0.0,48.956668853759766,47.270687103271484
2023-06-01,47.05826978690367,47.60220132527427,46.971369067855115,47.44449234008789,20239200.0,0.0,0.0,49.13666534423828,47.44449234008789
2023-06-02,47.383338164825,47.959454565357056,47.34471480743567,47.8983039855957,19178100.0,0.0,0.0,49.606666564941406,47.8983039855957
2023-06-05,48.07532493361154,48.68041069757525,48.07532493361154,48.213722229003906,15553200.0,0.0,0.0,49.93333435058594,48.213722229003906
2023-06-06,48.18152894556883,48.339234209020184,47.79852202958589,48.207275390625,15015600.0,0.0,0.0,49.926666259765625,48.207275390625
2023-06-07,48.03669338226319,48.39395017106145,47.96910435960745,48.27808380126953,24256500.0,0.0,0.0,50.0,48.27808380126953
2023-06-08,48.40361196618879,49.060194256380555,48.21049887789843,48.97650909423828,18873000.0,0.0,0.0,50.723331451416016,48.97650909423828
2023-06-09,48.973299331761815,49.47539194725486,48.79305944586124,49.272621154785156,15603900.0,0.0,0.0,51.029998779296875,49.272621154785156
2023-06-12,49.382050389743114,49.66206420311387,49.29836890509433,49.597694396972656,14713500.0,0.0,0.0,51.366668701171875,49.597694396972656
2023-06-13,49.73286898524073,50.05150245001765,49.58803324822571,49.98391342163086,15738900.0,0.0,0.0,51.766666412353516,49.98391342163086
2023-06-14,50.18024781426771,50.6372785814881,50.08368942448456,50.489227294921875,21103200.0,0.0,0.0,52.290000915527344,50.489227294921875
2023-06-15,50.531058456068145,50.92693858523913,50.52462368661866,50.766014099121094,18160500.0,0.0,0.0,52.57666778564453,50.766014099121094
2023-06-16,50.878671343634764,50.90120224949596,49.97747930910033,50.057945251464844,34675800.0,0.0,0.0,51.84333419799805,50.057945251464844
2023-06-20,49.7908019967278,50.032192444266336,49.52688064453239,49.617000579833984,19994400.0,0.0,0.0,51.38666534423828,49.617000579833984
2023-06-21,49.633096068730126,49.996791375726374,49.35952070255154,49.71356201171875,19251000.0,0.0,0.0,51.48666763305664,49.71356201171875
2023-06-22,49.880928542714145,50.234969877132,49.72000032858544,50.12875747680664,13307400.0,0.0,0.0,51.91666793823242,50.12875747680664
2023-06-23,50.17058607144497,50.30254857957629,49.893791515354536,50.03540802001953,18975000.0,0.0,0.0,51.81999969482422,50.03540802001953
2023-06-26,50.096570901023895,50.138413490710256,49.668505738560846,49.90346145629883,14106300.0,0.0,0.0,51.68333435058594,49.90346145629883
2023-06-27,49.61377396958778,50.16092827035474,49.58480829885805,49.72320556640625,12093600.0,0.0,0.0,51.496665954589844,49.72320556640625
2023-06-28,49.80045914248525,50.106219390530256,49.7714897844301,49.99357223510742,18889800.0,0.0,0.0,51.776668548583984,49.99357223510742
2023-06-29,49.72964805429538,49.80689107695075,49.2887060881926,49.65562057495117,21530400.0,0.0,0.0,51.426666259765625,49.65562057495117
2023-06-30,49.87769882403261,50.701644035074146,49.816548251855586,50.58899688720703,19073100.0,0.0,0.0,52.393333435058594,50.58899688720703
2023-07-03,50.46992433083177,50.99454421981545,50.31543456383132,50.917301177978516,8647500.0,0.0,0.0,52.733333587646484,50.917301177978516
2023-07-05,50.90441718800077,51.213396656669076,50.640495843932754,50.88832473754883,17585400.0,0.0,0.0,52.70333480834961,50.88832473754883
2023-07-06,50.83039245821194,50.91085471482841,50.48922807016691,50.566471099853516,14427000.0,0.0,0.0,52.369998931884766,50.566471099853516
2023-07-07,50.148065667067726,50.30255541588191,49.38849014789976,49.401363372802734,19774800.0,0.0,0.0,51.163333892822266,49.401363372802734
2023-07-10,49.745742652454084,50.04828366951865,49.6684959431371,49.84873580932617,12967800.0,0.0,0.0,51.62666702270508,49.84873580932617
2023-07-11,49.81333114843467,50.05150236073718,49.520444131505734,49.77470779418945,11460900.0,0.0,0.0,51.54999923706055,49.77470779418945
2023-07-12,49.98714257460686,50.173817246426374,49.829433582611905,49.90024185180664,16509900.0,0.0,0.0,51.68000030517578,49.90024185180664
2023-07-13,50.02575666389426,50.08047246934148,49.46572906891503,49.60734558105469,11859600.0,0.0,0.0,51.37666702270508,49.60734558105469
2023-07-14,49.60412598658503,49.78114662544747,49.43032457448842,49.77792739868164,10427400.0,0.0,0.0,51.5533332824707,49.77792739868164
2023-07-17,49.69425268237468,49.88092734361366,49.5075780211357,49.839088439941406,10135200.0,0.0,0.0,51.616668701171875,49.839088439941406
2023-07-18,49.78115112095414,50.099784616355045,49.52044897926642,49.748966217041016,13437300.0,0.0,0.0,51.52333450317383,49.748966217041016
2023-07-19,49.82298796142385,49.95173125507612,49.48504280099138,49.76505661010742,12372900.0,0.0,0.0,51.540000915527344,49.76505661010742
2023-07-20,49.864835978546544,50.70809304138175,49.85517829672408,50.68556213378906,14987700.0,0.0,0.0,52.49333190917969,50.68556213378906
2023-07-21,50.82073735938122,51.103970410382516,50.67268606301994,50.97201156616211,16960500.0,0.0,0.0,52.790000915527344,50.97201156616211
2023-07-24,50.997756425919626,51.32926682300557,50.711307840083855,51.271331787109375,12529800.0,0.0,0.0,53.099998474121094,51.271331787109375
2023-07-25,51.644687909725356,51.66078036234322,50.94304371561204,51.229496002197266,15553800.0,0.0,0.0,53.05666732788086,51.229496002197266
2023-07-26,51.25202028831127,51.71870503726781,51.15546190175151,51.41294479370117,15094200.0,0.0,0.0,53.246665954589844,51.41294479370117
2023-07-27,51.52238268034955,51.702618885007304,51.216618716209716,51.22627639770508,13400400.0,0.0,0.0,53.0533332824707,51.22627639770508
2023-07-28,51.26811874259474,51.79917703922255,51.26811874259474,51.46766662597656,11020200.0,0.0,0.0,53.3033332824707,51.46766662597656
2023-07-31,51.483753504878344,51.70261304414035,51.145808357243936,51.451568603515625,13033200.0,0.0,0.0,53.28666687011719,51.451568603515625
2023-08-01,51.48053832932454,51.6414665321282,51.16190483409816,51.210182189941406,11782500.0,0.0,0.0,53.03666687011719,51.210182189941406
2023-08-02,51.02350761140149,51.63502815295581,51.02350761140149,51.24558639526367,12660000.0,0.0,0.0,53.073333740234375,51.24558639526367
2023-08-03,51.181210345764434,51.33570007584252,51.017062935685765,51.258453369140625,13202700.0,0.0,0.0,53.086666107177734,51.258453369140625
2023-08-04,51.419383374407836,51.57709233674061,50.840044103594,50.96234893798828,14262000.0,0.0,0.0,52.779998779296875,50.96234893798828
2023-08-07,51.33571292945285,51.886082960867405,51.21018884129598,51.65434646606445,14268900.0,0.0,0.0,53.496665954589844,51.65434646606445
2023-08-08,51.81526504881629,52.01803214196208,51.33891892127625,51.705833435058594,11017500.0,0.0,0.0,53.54999923706055,51.705833435058594
2023-08-09,51.78951644897461,52.17252342512915,51.725146642896014,51.78951644897461,13209600.0,0.0,0.0,53.63666534423828,51.78951644897461
2023-08-10,51.934871818620984,52.244949733487225,51.6893925452468,51.76367950439453,15169500.0,0.19,0.0,53.41999816894531,51.76367950439453
2023-08-11,51.85735341076978,52.27079065386402,51.71200645923101,52.06730270385742,14195100.0,0.0,0.0,53.733333587646484,52.06730270385742
2023-08-14,52.32569642843476,52.577633340369,51.414843043539946,51.6796989440918,20813700.0,0.0,0.0,53.33333206176758,51.6796989440918
2023-08-15,51.531115160012526,51.93486400140639,51.33085422654191,51.41483688354492,14559300.0,0.0,0.0,53.060001373291016,51.41483688354492
2023-08-16,51.64093489071559,51.993004106472526,51.15321075875153,51.440677642822266,26980800.0,0.0,0.0,53.086666107177734,51.440677642822266
2023-08-17,51.970388159710254,52.04790947178826,50.07116037083438,50.28757095336914,53614200.0,0.0,0.0,51.89666748046875,50.28757095336914
2023-08-18,50.164830908260036,51.57310023230193,50.164830908260036,51.011085510253906,27954900.0,0.0,0.0,52.643333435058594,51.011085510253906
2023-08-21,50.91418420563417,51.3050140431285,50.72361898940651,50.87542724609375,15679200.0,0.0,0.0,52.503334045410156,50.87542724609375
2023-08-22,50.701013049551,50.81083368692226,50.46522581237034,50.713932037353516,16670700.0,0.0,0.0,52.336666107177734,50.713932037353516
2023-08-23,50.584735398548204,51.162899846449356,50.55243238400834,51.066001892089844,14210400.0,0.0,0.0,52.70000076293945,51.066001892089844
2023-08-24,51.07569293273575,51.430992843841544,50.65256740709729,50.675174713134766,14033100.0,0.0,0.0,52.29666519165039,50.675174713134766
2023-08-25,50.76884445026918,51.046623029791405,50.56212585122195,50.975563049316406,12267000.0,0.0,0.0,52.606666564941406,50.975563049316406
2023-08-28,50.9884834671335,51.301792045676955,50.9884834671335,51.26626205444336,11871000.0,0.0,0.0,52.90666580200195,51.26626205444336
2023-08-29,51.35670001720368,51.75398754872524,51.31148171062189,51.69584655761719,12702300.0,0.0,0.0,53.349998474121094,51.69584655761719
2023-08-30,51.808904426923526,52.09637135488107,51.653865460763186,52.06730270385742,10967700.0,0.0,0.0,53.733333587646484,52.06730270385742
2023-08-31,52.04146521668994,52.64547142576315,51.98978186439371,52.52273178100586,19582800.0,0.0,0.0,54.20333480834961,52.52273178100586
2023-09-01,52.6067004180017,52.63576906358585,51.728142744406995,52.18680191040039,12553500.0,0.0,0.0,53.856666564941406,52.18680191040039
2023-09-05,52.2772494351774,52.58409668092097,51.73784190337933,51.766910552978516,15209400.0,0.0,0.0,53.42333221435547,51.766910552978516
2023-09-06,51.80889500507842,52.38060178190425,51.6506253961601,52.154502868652344,14594700.0,0.0,0.0,53.823333740234375,52.154502868652344
2023-09-07,52.32569392799484,52.80372975178465,52.16096666583647,52.80050277709961,19120800.0,0.0,0.0,54.4900016784668,52.80050277709961
2023-09-08,52.803721307981135,52.92646091540646,52.67129338520987,52.89739227294922,12667200.0,0.0,0.0,54.59000015258789,52.89739227294922
2023-09-11,52.9716955000014,53.12673445731882,52.861874852410615,53.081512451171875,11912100.0,0.0,0.0,54.779998779296875,53.081512451171875
2023-09-12,53.13319090962995,53.27208020346536,52.984613298363804,53.139652252197266,11757300.0,0.0,0.0,54.84000015258789,53.139652252197266
2023-09-13,53.27207395096844,53.56923283504369,53.091197040935555,53.152565002441406,14364300.0,0.0,0.0,54.85333251953125,53.152565002441406
2023-09-14,53.29469800928201,53.533715964900864,53.104129039842,53.37544631958008,14923800.0,0.0,0.0,55.08333206176758,53.37544631958008
2023-09-15,53.362517167404334,53.507867794682475,52.89740033510227,53.178409576416016,63925200.0,0.0,0.0,54.880001068115234,53.178409576416016
2023-09-18,53.19132706120582,53.359284988463635,52.72944091303687,52.78434753417969,12997800.0,0.0,0.0,54.473331451416016,52.78434753417969
2023-09-19,52.771427154541016,52.90062811577558,52.438741979791104,52.771427154541016,14019600.0,0.0,0.0,54.459999084472656,52.771427154541016
2023-09-20,52.84249069745292,53.20101756723062,52.63577210265279,52.94261932373047,10120800.0,0.0,0.0,54.63666534423828,52.94261932373047
2023-09-21,53.055664660673784,53.13318227678568,52.257859018565036,52.29984664916992,18782400.0,0.0,0.0,53.973331451416016,52.29984664916992
2023-09-22,52.399982932105075,52.72297980048795,52.29985061309266,52.438743591308594,13215000.0,0.0,0.0,54.116668701171875,52.438743591308594
2023-09-25,52.445192472309785,52.68421033675389,52.28369591331744,52.67129135131836,10459500.0,0.0,0.0,54.356666564941406,52.67129135131836
2023-09-26,52.62931032170471,52.82310992681938,52.43874508410563,52.4871940612793,14435700.0,0.0,0.0,54.16666793823242,52.4871940612793
2023-09-27,52.325688865766075,52.39997950831539,51.773362445674344,52.23524856567383,15711000.0,0.0,0.0,53.90666580200195,52.23524856567383
2023-09-28,52.32569135930942,52.593781601569304,52.19326342186264,52.5001106262207,11617200.0,0.0,0.0,54.18000030517578,52.5001106262207
2023-09-29,52.6583789962058,52.690678312071135,51.41806382774208,51.65708541870117,18842400.0,0.0,0.0,53.310001373291016,51.65708541870117
2023-10-02,51.51497151494134,51.76690842609739,51.13383362874769,51.71200180053711,12992700.0,0.0,0.0,53.366668701171875,51.71200180053711
2023-10-03,51.57956849850604,51.921945711555814,51.25334094476502,51.38576889038086,11253300.0,0.0,0.0,53.029998779296875,51.38576889038086
2023-10-04,51.56664880277337,52.01884665005396,51.35993020932168,52.0026969909668,15755700.0,0.0,0.0,53.66666793823242,52.0026969909668
2023-10-05,51.82504749431035,51.98977475771286,51.35669998387842,51.38254165649414,14269500.0,0.0,0.0,53.026668548583984,51.38254165649414
2023-10-06,51.243649061007545,51.35346970172108,48.98266348427886,50.52013397216797,42616200.0,0.0,0.0,52.13666534423828,50.52013397216797
2023-10-09,50.09055357796066,50.339263539002154,49.50269703042673,50.33603286743164,21022500.0,0.0,0.0,51.9466667175293,50.33603286743164
2023-10-10,50.462000805975,51.05954564364367,50.27788949933679,50.90450668334961,16014300.0,0.0,0.0,52.53333282470703,50.90450668334961
2023-10-11,51.11767846289978,51.51496596612771,50.723621630573334,51.10798645019531,12026100.0,0.0,0.0,52.74333190917969,51.10798645019531
2023-10-12,51.20489465979528,51.45683157611377,50.95941538968786,51.340553283691406,13514100.0,0.0,0.0,52.983333587646484,51.340553283691406
2023-10-13,51.44068270274098,51.828281945304205,51.32440440854014,51.624794006347656,13809000.0,0.0,0.0,53.276668548583984,51.624794006347656
2023-10-16,51.85411551701973,52.35153536520511,51.78305553870753,52.070526123046875,14348100.0,0.0,0.0,53.73666763305664,52.070526123046875
2023-10-17,51.91872147379457,52.232026359468804,51.805670156253534,52.13835906982422,10893000.0,0.0,0.0,53.80666732788086,52.13835906982422
2023-10-18,52.2869295140946,52.44196844822813,51.912253014043515,52.1771125793457,10559100.0,0.0,0.0,53.8466682434082,52.1771125793457
2023-10-19,52.1415780342787,52.2675446159614,51.750748214028825,51.92839813232422,11745900.0,0.0,0.0,53.59000015258789,51.92839813232422
2023-10-20,51.94778707866181,52.03499671698403,51.26302896017102,51.279178619384766,15056700.0,0.0,0.0,52.91999816894531,51.279178619384766
2023-10-23,51.269493916795305,52.11574868708234,51.04016430408896,52.00592803955078,17097000.0,0.0,0.0,53.66999816894531,52.00592803955078
2023-10-24,52.131886579632194,52.80372190932435,52.128655909006945,52.729434967041016,17535000.0,0.0,0.0,54.41666793823242,52.729434967041016
2023-10-25,52.70036807389015,53.07827895128857,52.47749983116997,52.571170806884766,16621800.0,0.0,0.0,54.253334045410156,52.571170806884766
2023-10-26,52.555016382684556,52.92323521381462,52.19971653779954,52.25139617919922,16220100.0,0.0,0.0,53.92333221435547,52.25139617919922
2023-10-27,52.15773424751371,52.31600385858014,51.8573446839452,52.05760192871094,13829700.0,0.0,0.0,53.723331451416016,52.05760192871094
2023-10-30,52.151277656649,52.73267281077168,51.93487073360364,52.655155181884766,12653700.0,0.0,0.0,54.34000015258789,52.655155181884766
2023-10-31,52.648696275563026,52.848957244259864,52.3095497027012,52.7811279296875,14168400.0,0.0,0.0,54.470001220703125,52.7811279296875
2023-11-01,53.039513270193275,53.41742041538699,52.64222579749995,53.25269317626953,14899500.0,0.0,0.0,54.956668853759766,53.25269317626953
2023-11-02,53.09442760121239,53.67905709255287,52.85217901689332,53.462646484375,15492300.0,0.0,0.0,55.17333221435547,53.462646484375
2023-11-03,53.5789170318856,53.714579324504534,53.13318058825339,53.18486022949219,17240100.0,0.0,0.0,54.88666534423828,53.18486022949219
2023-11-06,53.13318460557875,53.498172792502686,52.99429532822203,53.255924224853516,14529000.0,0.0,0.0,54.959999084472656,53.255924224853516
2023-11-07,53.54339933312679,53.81471656904915,53.401279372816944,53.504638671875,15023400.0,0.0,0.0,55.21666717529297,53.504638671875
2023-11-08,53.56601210162558,53.70813207643003,52.8360392878418,53.06859588623047,15591900.0,0.0,0.0,54.766666412353516,53.06859588623047
2023-11-09,53.09119717733366,53.13964615176588,52.72943965991868,52.94584655761719,15080100.0,0.0,0.0,54.63999938964844,52.94584655761719
2023-11-10,53.149342670794084,53.759810192830955,52.93939338609916,53.67906188964844,14319900.0,0.0,0.0,55.39666748046875,53.67906188964844
2023-11-13,53.74042177576454,54.221691940304325,53.6338318137474,54.16032028198242,15408900.0,0.0,0.0,55.893333435058594,54.16032028198242
2023-11-14,54.3185964061143,54.635131962795136,54.02143748447044,54.150634765625,19792500.0,0.0,0.0,55.883331298828125,54.150634765625
2023-11-15,54.38642517451239,54.890302698104435,54.10541591582101,54.838623046875,35769900.0,0.0,0.0,56.59333419799805,54.838623046875
2023-11-16,51.27594647289793,51.502045375505624,50.22620024778372,50.40061950683594,97658700.0,0.0,0.0,52.01333236694336,50.40061950683594
2023-11-17,50.371560703180016,50.885126568265434,50.06794042771324,50.17776107788086,42487800.0,0.0,0.0,51.78333282470703,50.17776107788086
2023-11-20,50.23912715502188,50.39093542765125,50.06793485595729,50.16160583496094,26663100.0,0.0,0.0,51.766666412353516,50.16160583496094
2023-11-21,50.21329397478793,50.66226122287898,49.78370705998966,50.34249496459961,29382300.0,0.0,0.0,51.95333480834961,50.34249496459961
2023-11-22,50.297261135902794,50.40385109575623,49.864443651189276,49.95811462402344,26416500.0,0.0,0.0,51.55666732788086,49.95811462402344
2023-11-24,50.11315718830351,50.4296927235179,49.96780656044159,50.40708541870117,13975200.0,0.0,0.0,52.02000045776367,50.40708541870117
2023-11-27,50.37155779309473,50.82698633177349,50.37155779309473,50.636417388916016,23393700.0,0.0,0.0,52.25666809082031,50.636417388916016
2023-11-28,50.60088518410241,51.33085790755963,50.60088518410241,51.240421295166016,23535000.0,0.0,0.0,52.880001068115234,51.240421295166016
2023-11-29,51.28240565525627,51.28240565525627,50.26173174033613,50.413543701171875,29896500.0,0.0,0.0,52.026668548583984,50.413543701171875
2023-11-30,50.394160909266596,50.50075086516406,49.90643312729802,50.28757095336914,29925900.0,0.0,0.0,51.89666748046875,50.28757095336914
2023-12-01,50.18744019195036,50.261730835582064,49.2991979248884,49.851524353027344,39273600.0,0.0,0.0,51.4466667175293,49.851524353027344
2023-12-04,49.52206856597822,50.04209570383236,49.51883789498163,49.83860778808594,24883200.0,0.0,0.0,51.43333435058594,49.83860778808594
2023-12-05,49.88705418092703,50.33925199012031,49.657724605501066,50.30049133300781,21883800.0,0.0,0.0,51.90999984741211,50.30049133300781
2023-12-06,50.24235133644159,50.33279163934465,49.6286569378975,49.7546272277832,26447400.0,0.0,0.0,51.3466682434082,49.7546272277832
2023-12-07,50.03992366217528,50.101519552996756,49.35262230217128,49.427188873291016,25362600.0,0.19,0.0,50.81999969482422,49.427188873291016
2023-12-08,49.27806813850566,49.34614938149223,48.70748053958757,48.90848159790039,34069500.0,0.0,0.0,50.28666687011719,48.90848159790039
2023-12-11,48.999250335484824,49.099750849279225,48.4805344157567,49.03166961669922,31883400.0,0.0,0.0,50.413333892822266,49.03166961669922
2023-12-12,49.02518956209555,49.180804354791746,48.70423567534997,49.070579528808594,21381900.0,0.0,0.0,50.45333480834961,49.070579528808594
2023-12-13,49.1321681571465,49.94266128540039,48.837148257766025,49.94266128540039,35348700.0,0.0,0.0,51.349998474121094,49.94266128540039
2023-12-14,49.770831870184054,49.906994316181,49.255358693153234,49.33316421508789,30891300.0,0.0,0.0,50.723331451416016,49.33316421508789
2023-12-15,49.206741456915644,49.75139137017076,49.12893220636533,49.51797103881836,70003500.0,0.0,0.0,50.913333892822266,49.51797103881836
2023-12-18,49.71573107098879,50.27334793290881,49.64440345416579,50.240928649902344,26316000.0,0.0,0.0,51.65666580200195,50.240928649902344
2023-12-19,50.198785514005145,50.47435313216829,49.95563717913777,50.422481536865234,24417000.0,0.0,0.0,51.84333419799805,50.422481536865234
2023-12-20,50.38681344708349,50.62023374244663,49.803258998526935,49.832435607910156,21967800.0,0.0,0.0,51.23666763305664,49.832435607910156
2023-12-21,49.92645593209312,50.27010849099658,49.897279319696715,50.185813903808594,20087700.0,0.0,0.0,51.599998474121094,50.185813903808594
2023-12-22,50.396533313753146,50.947668434481976,50.302518153944405,50.78557205200195,19405500.0,0.0,0.0,52.21666717529297,50.78557205200195
2023-12-26,50.785576725441615,50.895805243790285,50.61050964813429,50.707767486572266,11679900.0,0.0,0.0,52.13666534423828,50.707767486572266
2023-12-27,50.67534604549594,51.207032594693736,50.62671712835126,51.1843376159668,19896000.0,0.0,0.0,52.62666702270508,51.1843376159668
2023-12-28,51.148681795161124,51.330234226427805,51.06114824975558,51.08384323120117,16776000.0,0.0,0.0,52.52333450317383,51.08384323120117
2023-12-29,51.07086711022417,51.24917685226951,50.950914295616016,51.109771728515625,21948300.0,0.0,0.0,52.54999923706055,51.109771728515625
2024-01-02,50.98009672101192,51.722508618366945,50.96064441106238,51.64146041870117,23539800.0,0.0,0.0,53.0966682434082,51.64146041870117
2024-01-03,51.797074905427905,51.96889931387074,51.524746277769566,51.64469909667969,18756000.0,0.0,0.0,53.099998474121094,51.64469909667969
2024-01-04,51.61552615716844,51.72251201383992,51.057905602504285,51.14543914794922,19282500.0,0.0,0.0,52.586666107177734,51.14543914794922
2024-01-05,51.19730857043463,51.25566550163995,50.4451723556932,50.805030822753906,21709500.0,0.0,0.0,52.23666763305664,50.805030822753906
2024-01-08,50.8017883146713,51.317261556441224,50.79530297446708,51.30429458618164,20680800.0,0.0,0.0,52.75,51.30429458618164
2024-01-09,51.200549594940384,51.65766959931812,51.135711035784276,51.64794158935547,23322300.0,0.0,0.0,53.10333251953125,51.64794158935547
2024-01-10,51.72898890450719,52.35792955073423,51.72898890450719,52.28984832763672,20121900.0,0.0,0.0,53.76333236694336,52.28984832763672
2024-01-11,52.309308066058854,52.484375153219716,51.926754610433115,52.231502532958984,14355300.0,0.0,0.0,53.70333480834961,52.231502532958984
2024-01-12,52.31578925972853,52.37090351763648,51.994831721990366,52.29957962036133,13629000.0,0.0,0.0,53.77333450317383,52.29957962036133
2024-01-16,52.338481885484654,52.649711421581095,52.27040065634785,52.46492004394531,17032500.0,0.0,0.0,53.94333267211914,52.46492004394531
2024-01-17,52.31902161157721,52.51678363905806,52.07587334163021,52.21852111816406,14827800.0,0.0,0.0,53.689998626708984,52.21852111816406
2024-01-18,52.24770461729919,52.97066413220824,52.09208986345627,52.922035217285156,18190500.0,0.0,0.0,54.413333892822266,52.922035217285156
2024-01-19,52.98364042746092,53.02903039083111,52.338486320833546,52.64323425292969,19175400.0,0.0,0.0,54.12666702270508,52.64323425292969
2024-01-22,52.776150050362986,52.828021640174654,52.357934661853534,52.6464729309082,13938300.0,0.0,0.0,54.130001068115234,52.6464729309082
2024-01-23,52.55893511650186,52.795598066347864,52.44546393605898,52.779388427734375,12066600.0,0.0,0.0,54.266666412353516,52.779388427734375
2024-01-24,52.811814887020205,52.866929149860624,51.97538406428066,52.03374099731445,22932900.0,0.0,0.0,53.5,52.03374099731445
2024-01-25,52.32552166348401,52.802094039048214,52.00780674644122,52.79236602783203,16369500.0,0.0,0.0,54.279998779296875,52.79236602783203
2024-01-26,52.860438272938765,53.29162060977157,52.73400382983157,53.25596237182617,15746400.0,0.0,0.0,54.75666809082031,53.25596237182617
2024-01-29,53.28189635801487,53.62554515984698,53.01281412229113,53.505592346191406,18240300.0,0.0,0.0,55.01333236694336,53.505592346191406
2024-01-30,53.39536819225031,53.75522663759869,53.04523404644167,53.683902740478516,15270000.0,0.0,0.0,55.1966667175293,53.683902740478516
2024-01-31,54.40038355330902,54.40038355330902,53.528290812484094,53.57367706298828,26134800.0,0.0,0.0,55.08333206176758,53.57367706298828
2024-02-01,53.71957207199022,54.578697915253834,53.55099031570911,54.56572723388672,20792700.0,0.0,0.0,56.10333251953125,54.56572723388672
2024-02-02,54.51384618695235,55.301647986699926,54.43927962261676,54.97420883178711,21670800.0,0.0,0.0,56.52333450317383,54.97420883178711
2024-02-05,55.11686325728622,55.11686325728622,54.48792247748373,54.67919921875,19145100.0,0.0,0.0,56.220001220703125,54.67919921875
2024-02-06,54.7213315782821,55.09740335304315,54.57544483207905,55.0520133972168,14181300.0,0.0,0.0,56.60333251953125,55.0520133972168
2024-02-07,55.2011473476305,55.32758178753155,54.85425588504854,54.9126091003418,17082600.0,0.0,0.0,56.459999084472656,54.9126091003418
2024-02-08,54.91261319692521,55.29192396522261,54.83480766734694,54.90937423706055,14427900.0,0.0,0.0,56.456668853759766,54.90937423706055
2024-02-09,54.91585756863095,55.02608609161034,54.76348546461746,54.88019561767578,14329800.0,0.0,0.0,56.426666259765625,54.88019561767578
2024-02-12,54.86398497198986,55.23032877502186,54.80562804145553,55.21087646484375,14795100.0,0.0,0.0,56.766666412353516,55.21087646484375
2024-02-13,55.314619633400106,55.4605101046291,54.552755417312675,54.834808349609375,18574200.0,0.0,0.0,56.380001068115234,54.834808349609375
2024-02-14,54.70837318571949,54.75051676828083,54.3160954211457,54.65974426269531,18484500.0,0.0,0.0,56.20000076293945,54.65974426269531
2024-02-15,55.048777184137236,55.06499053465432,54.455498410421995,54.88343811035156,16948800.0,0.0,0.0,56.43000030517578,54.88343811035156
2024-02-16,55.20763262644886,55.73931919966849,54.88343612068843,55.23032760620117,22373400.0,0.0,0.0,56.78666687011719,55.23032760620117
2024-02-20,57.86281406411129,58.793263750313635,56.80917259458594,57.0134162902832,71788500.0,0.0,0.0,58.619998931884766,57.0134162902832
2024-02-21,56.73460283658974,56.92264059143179,56.02136756661064,56.313148498535156,40501500.0,0.0,0.0,57.900001525878906,56.313148498535156
2024-02-22,56.37150616743908,56.88698313376125,56.18671477809277,56.867530822753906,29512800.0,0.0,0.0,58.470001220703125,56.867530822753906
2024-02-23,57.08798117853777,57.59373010783392,56.835108568964074,56.91615676879883,74365800.0,0.0,0.0,58.52000045776367,56.91615676879883
2024-02-26,57.49970844763229,58.19997673282065,56.58547218319638,57.966552734375,32154800.0,0.0,3.0,59.599998474121094,57.966552734375
2024-02-27,58.00545417123017,58.16106892494322,57.59696683403904,57.956825256347656,18012700.0,0.0,0.0,59.59000015258789,57.956825256347656
2024-02-28,57.91793027094126,58.12217397349834,57.68450995663288,57.98601150512695,14803300.0,0.0,0.0,59.619998931884766,57.98601150512695
2024-02-29,57.82066725964919,57.85957187860809,56.98423650277641,57.00368881225586,29245100.0,0.0,0.0,58.61000061035156,57.00368881225586
2024-03-01,57.18848271516113,57.23711163593509,56.604928245575856,57.14957809448242,19030900.0,0.0,0.0,58.7599983215332,57.14957809448242
2024-03-04,56.89670037688309,57.762307703523014,56.79944254405893,57.674774169921875,16033300.0,0.0,0.0,59.29999923706055,57.674774169921875
2024-03-05,58.22915794749593,58.686277970948325,57.94710871933806,58.394500732421875,19676900.0,0.0,0.0,60.040000915527344,58.394500732421875
2024-03-06,58.47230922421178,58.95860588308614,58.39450368806939,58.909976959228516,12698700.0,0.0,0.0,60.56999969482422,58.909976959228516
2024-03-07,59.32818182783404,59.39626305115247,58.69599479970759,58.70572280883789,16195300.0,0.0,0.0,60.36000061035156,58.70572280883789
2024-03-08,58.3555875322341,58.62791242013706,58.09298694312125,58.47229766845703,12143600.0,0.0,0.0,60.119998931884766,58.47229766845703
2024-03-11,58.45285542297304,59.04613792530386,58.229159410809594,58.99750900268555,14154000.0,0.0,0.0,60.65999984741211,58.99750900268555
2024-03-12,59.279559592571594,59.88256637140565,58.987782358306646,59.726951599121094,16613100.0,0.0,0.0,61.40999984741211,59.726951599121094
2024-03-13,59.58105733448868,59.775576715000135,59.21147459268038,59.60050964355469,15935200.0,0.0,0.0,61.279998779296875,59.60050964355469
2024-03-14,59.80349655474299,59.959641308562766,59.1398804203128,59.54976272583008,16584700.0,0.208,0.0,61.02000045776367,59.54976272583008
2024-03-15,59.21795654296875,59.67663340062799,59.00325610359043,59.21795654296875,50946300.0,0.0,0.0,60.68000030517578,59.21795654296875
2024-03-18,59.227717442022715,59.43266047473796,58.93494646743869,59.39362335205078,16801700.0,0.0,0.0,60.86000061035156,59.39362335205078
2024-03-19,59.50097033435667,59.59855941296964,59.1398825533623,59.403377532958984,12353600.0,0.0,0.0,60.869998931884766,59.403377532958984
2024-03-20,59.37410214488556,59.803499306955054,59.27651306530128,59.77422332763672,12007600.0,0.0,0.0,61.25,59.77422332763672
2024-03-21,59.80350022275411,60.17434543186586,59.57904235804523,59.96940612792969,14265900.0,0.0,0.0,61.45000076293945,59.96940612792969
2024-03-22,59.842535832286785,60.047475131044855,59.38385897267944,59.403377532958984,14029400.0,0.0,0.0,60.869998931884766,59.403377532958984
2024-03-25,59.40337810867788,59.52048947149011,58.905667846472525,59.1106071472168,14186600.0,0.0,0.0,60.56999969482422,59.1106071472168
2024-03-26,59.00325700434531,59.364344789318494,58.7787991428344,59.05205154418945,13738300.0,0.0,0.0,60.5099983215332,59.05205154418945
2024-03-27,59.403383602358275,59.57904694003738,58.92519185639801,59.25699996948242,14363400.0,0.0,0.0,60.720001220703125,59.25699996948242
2024-03-28,59.198433110431495,59.30578332128517,58.71048031403071,58.720237731933594,17535100.0,0.0,0.0,60.16999816894531,58.720237731933594
2024-04-01,58.85687246129116,59.296027035782515,58.48602726328197,58.55434036254883,13837600.0,0.0,0.0,60.0,58.55434036254883
2024-04-02,58.45674898639579,58.6519271350372,57.46132479262946,57.73457717895508,19510100.0,0.0,0.0,59.15999984741211,57.73457717895508
2024-04-03,57.949279039516654,58.06638667614767,57.51987816722852,57.99807357788086,14615100.0,0.0,0.0,59.43000030517578,57.99807357788086
2024-04-04,58.10542429665528,58.36891927343412,57.861447879947235,58.06638717651367,14436100.0,0.0,0.0,59.5,58.06638717651367
2024-04-05,58.115184201659304,58.593379636891115,58.05663224172652,58.407955169677734,10335900.0,0.0,0.0,59.849998474121094,58.407955169677734
2024-04-08,58.163970640750875,58.59337147529828,57.98830733985135,58.33963394165039,11070100.0,0.0,0.0,59.779998779296875,58.33963394165039
2024-04-09,58.42747008261465,58.52506288105073,57.87120416127512,58.34939956665039,10013500.0,0.0,0.0,59.790000915527344,58.34939956665039
2024-04-10,58.18349151376899,59.29602331520515,57.95903366986384,59.15939712524414,15097600.0,0.0,0.0,60.619998931884766,59.15939712524414
2024-04-11,59.28626752473761,59.422893718449494,58.62265139289309,58.64216995239258,10987600.0,0.0,0.0,60.09000015258789,58.64216995239258
2024-04-12,58.55434135895579,59.25699464655438,58.50554681904694,58.69096755981445,12280600.0,0.0,0.0,60.13999938964844,58.69096755981445
2024-04-15,59.052057816637685,59.237482299639716,58.46651583074269,58.48603439331055,10557200.0,0.0,0.0,59.93000030517578,58.48603439331055
2024-04-16,58.583625570288916,58.83736316992476,58.33964911367731,58.3982048034668,14726300.0,0.0,0.0,59.84000015258789,58.3982048034668
2024-04-17,58.70072903148328,58.973981434736835,58.13470194156114,58.21277618408203,15329700.0,0.0,0.0,59.650001525878906,58.21277618408203
2024-04-18,58.38843823801156,58.49578473496765,57.79313518147422,57.83216857910156,12061500.0,0.0,0.0,59.2599983215332,57.83216857910156
2024-04-19,58.01759826765025,58.23229500369352,57.54916394884897,58.09566879272461,14165800.0,0.0,0.0,59.529998779296875,58.09566879272461
2024-04-22,58.12494419585929,58.94470512379607,57.617472790680836,58.69096755981445,14910000.0,0.0,0.0,60.13999938964844,58.69096755981445
2024-04-23,58.79832562614715,58.89591471898515,57.14904613135916,57.66627502441406,17963900.0,0.0,0.0,59.09000015258789,57.66627502441406
2024-04-24,57.55892323007331,58.59338471095783,57.39302103218385,58.4274787902832,18529100.0,0.0,0.0,59.869998931884766,58.4274787902832
2024-04-25,58.6031363957442,59.0715706838534,58.388439673767984,58.759281158447266,19263000.0,0.0,0.0,60.209999084472656,58.759281158447266
2024-04-26,58.66168901325191,58.93494140301108,58.5543387964795,58.71048355102539,11045200.0,0.0,0.0,60.15999984741211,58.71048355102539
2024-04-29,58.73000327979637,58.934942576195354,58.49578428192277,58.78855895996094,9785100.0,0.0,0.0,60.2400016784668,58.78855895996094
2024-04-30,58.749527934190084,58.84711702180303,57.73458504276123,57.920005798339844,14209200.0,0.0,0.0,59.349998474121094,57.920005798339844
2024-05-01,57.88096824768668,57.978557328303815,57.305183737362114,57.43204879760742,15464300.0,0.0,0.0,58.849998474121094,57.43204879760742
2024-05-02,57.519876377378104,58.446987468587565,57.168553478417195,58.271324157714844,17574100.0,0.0,0.0,59.709999084472656,58.271324157714844
2024-05-03,58.18348788409369,58.53481447795336,57.715053666542204,58.37866973876953,14207400.0,0.0,0.0,59.81999969482422,58.37866973876953
2024-05-06,58.55434758576554,58.55434758576554,57.9590444563313,58.4274787902832,11119400.0,0.0,0.0,59.869998931884766,58.4274787902832
2024-05-07,58.720238855523434,59.335060433132426,58.60313122452606,59.15939712524414,14520200.0,0.0,0.0,60.619998931884766,59.15939712524414
2024-05-08,59.16916523966782,59.383861968002606,58.76904404071696,58.84711456298828,11015700.0,0.0,0.0,60.29999923706055,58.84711456298828
2024-05-09,58.95287836635402,59.32500721126715,58.708057446008425,59.187904357910156,14550500.0,0.208,0.0,60.439998626708984,59.187904357910156
2024-05-10,59.15853173454858,59.32501191613538,58.91371079478705,59.227081298828125,12356600.0,0.0,0.0,60.47999954223633,59.227081298828125
2024-05-13,59.36417605194886,60.079052695081984,59.041014377831246,59.15852737426758,19260500.0,0.0,0.0,60.40999984741211,59.15852737426758
2024-05-14,59.266245871089886,59.295623184642324,58.208617755155146,58.61991882324219,18780100.0,0.0,0.0,59.86000061035156,58.61991882324219
2024-05-15,58.590545654296875,58.69826372349914,58.238002924046945,58.590545654296875,22240600.0,0.0,0.0,59.83000183105469,58.590545654296875
2024-05-16,62.889601013958824,63.08545476730484,61.63611532565315,62.68395233154297,60545600.0,0.0,0.0,64.01000213623047,62.68395233154297
2024-05-17,62.909181935742716,63.53592289746471,62.31182202487511,63.310691833496094,29330400.0,0.0,0.0,64.6500015258789,63.310691833496094
2024-05-20,63.0854555360597,63.41841588641549,62.54685023645297,62.85042953491211,15001400.0,0.0,0.0,64.18000030517578,62.85042953491211
2024-05-21,63.1931801215042,63.83951099225437,63.11483562722984,63.80033874511719,17131700.0,0.0,0.0,65.1500015258789,63.80033874511719
2024-05-22,63.633862508750354,64.32915308721492,63.38904156683992,63.89826583862305,14879400.0,0.0,0.0,65.25,63.89826583862305
2024-05-23,63.81991144957339,64.1626592208406,63.22254784621865,63.49674606323242,16222900.0,0.0,0.0,64.83999633789062,63.49674606323242
2024-05-24,63.78073757399935,64.3291414653151,63.66322832477095,64.02555847167969,11795000.0,0.0,0.0,65.37999725341797,64.02555847167969
2024-05-28,63.868886881537634,64.11370781716369,63.39882739774514,63.6926155090332,13349600.0,0.0,0.0,65.04000091552734,63.6926155090332
2024-05-29,63.408612084763845,63.85908163699046,63.31068522059994,63.57508850097656,11538600.0,0.0,0.0,64.91999816894531,63.57508850097656
2024-05-30,63.584887574519,63.81991355810419,63.428198604568,63.54571533203125,13051900.0,0.0,0.0,64.88999938964844,63.54571533203125
2024-05-31,63.33028184608495,64.53480421305235,62.83085248513927,64.397705078125,27632200.0,0.0,0.0,65.76000213623047,64.397705078125
2024-06-03,64.15288345999053,64.47604143390653,63.81013562623574,64.45645904541016,11578700.0,0.0,0.0,65.81999969482422,64.45645904541016
2024-06-04,64.62291993984928,65.25945574720554,64.46623845557086,65.22028350830078,14780800.0,0.0,0.0,66.5999984741211,65.22028350830078
2024-06-05,65.19091765416226,65.75890401109308,64.90692447569684,65.70014190673828,14982700.0,0.0,0.0,67.08999633789062,65.70014190673828
2024-06-06,65.67075646406866,66.04288901734726,65.38676332074483,65.75889587402344,13256000.0,0.0,0.0,67.1500015258789,65.75889587402344
2024-06-07,66.00372074319213,66.17019717369506,64.2801793948648,64.51520538330078,20213200.0,0.0,0.0,65.87999725341797,64.51520538330078
2024-06-10,65.79806871984725,65.93516782873414,64.8971221125806,65.57283020019531,21659500.0,0.0,0.0,66.95999908447266,65.57283020019531
2024-06-11,65.56304663110808,65.5728415609659,64.97547785245965,65.34761047363281,13367500.0,0.0,0.0,66.7300033569336,65.34761047363281
2024-06-12,65.46511629939945,65.55325572079391,64.53479973813842,64.9363021850586,11704700.0,0.0,0.0,66.30999755859375,64.9363021850586
2024-06-13,64.92651452951212,65.37698415042995,64.58375924566116,65.31822204589844,11196600.0,0.0,0.0,66.69999694824219,65.31822204589844
2024-06-14,65.16153221925688,65.71972357736051,64.9265062451451,65.63158416748047,12590100.0,0.0,0.0,67.0199966430664,65.63158416748047
2024-06-17,65.53365835864673,66.04289002733954,65.03422908951559,66.02330017089844,12103000.0,0.0,0.0,67.41999816894531,66.02330017089844
2024-06-18,66.22895464744151,66.46398811731343,65.90579670121573,66.19957733154297,12093500.0,0.0,0.0,67.5999984741211,66.19957733154297
2024-06-20,65.95476617603569,66.71860638793838,65.90580646606466,66.6010971069336,13860800.0,0.0,0.0,68.01000213623047,66.6010971069336
2024-06-21,66.84590636448128,67.1298995294136,66.42481408149084,66.50315856933594,25883000.0,0.0,0.0,67.91000366210938,66.50315856933594
2024-06-24,66.64025896745166,67.60974774129707,66.49336491775587,67.47264862060547,12470400.0,0.0,0.0,68.9000015258789,67.47264862060547
2024-06-25,65.77847926477259,66.18977659394214,65.17132819923879,66.02330017089844,20869200.0,0.0,0.0,67.41999816894531,66.02330017089844
2024-06-26,66.00372042465153,67.1788578325016,65.81765413772773,66.87528228759766,14177500.0,0.0,0.0,68.29000091552734,66.87528228759766
2024-06-27,66.87528769178473,67.15928087375528,66.26812908157095,66.4737777709961,12899200.0,0.0,0.0,67.87999725341797,66.4737777709961
2024-06-28,66.46397807978627,66.68920911522146,65.92536913184885,66.30728912353516,18816700.0,0.0,0.0,67.70999908447266,66.30728912353516
2024-07-01,66.48357184123064,66.82631965250988,65.85683085165091,66.08206939697266,8666000.0,0.0,0.0,67.4800033569336,66.08206939697266
2024-07-02,66.04289738236221,66.6696383741356,65.86662601146709,66.65984344482422,9436500.0,0.0,0.0,68.06999969482422,66.65984344482422
2024-07-03,66.40521696712787,66.83610413184721,66.21915816800515,66.82630920410156,6287500.0,0.0,0.0,68.23999786376953,66.82630920410156
2024-07-05,66.74796941692642,68.69674156208518,66.68920732424002,68.58901977539062,21586100.0,0.0,0.0,70.04000091552734,68.58901977539062
2024-07-08,68.45193195115498,68.68695794658493,67.91332292898042,68.23648834228516,12077700.0,0.0,0.0,69.68000030517578,68.23648834228516
2024-07-09,68.4519271850586,68.79467496105899,68.22668866292052,68.4519271850586,9758400.0,0.0,0.0,69.9000015258789,68.4519271850586
2024-07-10,68.64777961005979,68.98073992276726,68.27565452770767,68.95136260986328,10803400.0,0.0,0.0,70.41000366210938,68.95136260986328
2024-07-11,68.72611367340023,68.99051692079449,67.82517468133254,68.35398864746094,15624800.0,0.0,0.0,69.80000305175781,68.35398864746094
2024-07-12,68.4519184678533,68.57922263377263,67.73703822208425,67.80558776855469,12145300.0,0.0,0.0,69.23999786376953,67.80558776855469
2024-07-15,67.86436267946782,68.52048095839379,67.86436267946782,68.16793823242188,10171100.0,0.0,0.0,69.61000061035156,68.16793823242188
2024-07-16,68.37357790909213,68.7848752114636,68.13855194649996,68.54005432128906,9836800.0,0.0,0.0,69.98999786376953,68.54005432128906
2024-07-17,68.72613537404776,69.62707465059188,68.5008968192406,69.55852508544922,13533800.0,0.0,0.0,71.02999877929688,69.55852508544922
2024-07-18,69.21577562880452,69.71521243241408,68.97095469172915,69.35287475585938,10682700.0,0.0,0.0,70.81999969482422,69.35287475585938
2024-07-19,69.72499934072005,69.85231100865425,69.18639776620655,69.2843246459961,11665500.0,0.0,0.0,70.75,69.2843246459961
2024-07-22,69.39204125919471,69.78375622036387,68.77509523850878,68.92198181152344,12666100.0,0.0,0.0,70.37999725341797,68.92198181152344
2024-07-23,69.01012237589848,69.23535343916603,68.6575796521095,69.18639373779297,9263600.0,0.0,0.0,70.6500015258789,69.18639373779297
2024-07-24,69.059076173188,69.37244662628254,68.88280482636353,69.13742065429688,22490800.0,0.0,0.0,70.5999984741211,69.13742065429688
2024-07-25,69.13742909943083,69.30390553861656,68.50089318751509,68.56944274902344,18821200.0,0.0,0.0,70.0199966430664,68.56944274902344
2024-07-26,68.77510142318545,68.78488888137227,67.40410267147557,68.33441925048828,16789300.0,0.0,0.0,69.77999877929688,68.33441925048828
2024-07-29,68.40295778907286,68.45192495748277,67.69787240347927,68.17772674560547,10315300.0,0.0,0.0,69.62000274658203,68.17772674560547
2024-07-30,68.10918028203011,68.40296089179255,67.55098890500611,67.75663757324219,12522500.0,0.0,0.0,69.19000244140625,67.75663757324219
2024-07-31,67.74683924415652,67.81538879679424,66.87527744433099,67.21802520751953,22908800.0,0.0,0.0,68.63999938964844,67.21802520751953
2024-08-01,67.4824332963888,68.35399506179328,67.1005058366728,68.34420013427734,17275500.0,0.0,0.0,69.79000091552734,68.34420013427734
2024-08-02,68.15814616092977,68.78488715085643,66.33667782416109,67.04176330566406,23578700.0,0.0,0.0,68.45999908447266,67.04176330566406
2024-08-05,66.68921796410898,67.15927742389314,65.52387545056155,66.18978118896484,20770500.0,0.0,0.0,67.58999633789062,66.18978118896484
2024-08-06,66.43460442966611,67.20823947028035,66.27792291849997,66.33667755126953,14815100.0,0.0,0.0,67.73999786376953,66.33667755126953
2024-08-07,66.46397604073685,66.6010751375802,65.42593041577099,65.52386474609375,18499200.0,0.0,0.0,66.91000366210938,65.52386474609375
2024-08-08,65.4553115823811,66.51293965291336,65.28883516516979,66.25833129882812,12489800.0,0.0,0.0,67.66000366210938,66.25833129882812
2024-08-09,66.44438576371056,66.80672335811605,65.93516161743564,66.54231262207031,13805600.0,0.0,0.0,67.94999694824219,66.54231262207031
2024-08-12,66.92424407657361,67.7860185091436,66.65984076652525,67.27678680419922,17385300.0,0.0,0.0,68.69999694824219,67.27678680419922
2024-08-13,67.01238551778304,67.18865688691886,65.7491086175333,66.71859741210938,26557900.0,0.0,0.0,68.12999725341797,66.71859741210938
2024-08-14,66.51294222850444,67.36492167464803,66.44439267338998,67.23761749267578,22928600.0,0.0,0.0,68.66000366210938,67.23761749267578
2024-08-15,72.58450760839044,72.89787808090736,71.27226361817867,71.66397857666016,49567500.0,0.0,0.0,73.18000030517578,71.66397857666016
2024-08-16,71.39684377249633,72.29053554723296,71.22006998697903,72.1333999633789,19872100.0,0.208,0.0,73.44999694824219,72.1333999633789
2024-08-19,72.07448826014145,72.65391644337058,72.02538150994575,72.39857482910156,13709300.0,0.0,0.0,73.72000122070312,72.39857482910156
2024-08-20,72.42803251796526,73.410107535158,72.39857146627152,73.20387268066406,14434000.0,0.0,0.0,74.54000091552734,73.20387268066406
2024-08-21,73.95024886859825,74.2252286637209,73.2529690404319,73.89131927490234,14832000.0,0.0,0.0,75.23999786376953,73.89131927490234
2024-08-22,74.01900012144492,74.85376242563032,73.80294240897945,74.22523498535156,16511100.0,0.0,0.0,75.58000183105469,74.22523498535156
2024-08-23,74.24485736774663,74.45109218770324,73.66543680110236,74.34306335449219,12299100.0,0.0,0.0,75.69999694824219,74.34306335449219
2024-08-26,74.53950821596747,74.84394912639156,74.21542160591913,74.66717529296875,9508200.0,0.0,0.0,76.02999877929688,74.66717529296875
2024-08-27,75.07963695624034,75.07963695624034,74.41182560135833,74.76537322998047,11557800.0,0.0,0.0,76.12999725341797,74.76537322998047
2024-08-28,74.9126824566847,75.05999521043418,74.45110599150071,74.71627044677734,9814300.0,0.0,0.0,76.08000183105469,74.71627044677734
2024-08-29,74.62787834199857,75.09927764627557,74.31361463669316,75.0501708984375,11856800.0,0.0,0.0,76.41999816894531,75.0501708984375
2024-08-30,75.06980962973263,76.08134560319029,74.85375194751118,75.84564971923828,23230000.0,0.0,0.0,77.2300033569336,75.84564971923828
2024-09-03,75.94387115100314,76.41526301473151,75.4233725340104,75.78673553466797,22666100.0,0.0,0.0,77.16999816894531,75.78673553466797
2024-09-04,75.94385939366387,76.09117213801206,75.35461590890857,75.85546875,18442800.0,0.0,0.0,77.23999786376953,75.85546875
2024-09-05,75.86530041583967,76.0617124360422,75.02071524221991,75.58049774169922,13082900.0,0.0,0.0,76.95999908447266,75.58049774169922
2024-09-06,75.5215769764748,75.93404672181425,74.93233341275584,75.2662353515625,14548600.0,0.0,0.0,76.63999938964844,75.2662353515625
2024-09-09,75.47246726179337,76.08135649956468,75.11891963891172,75.95368194580078,22260200.0,0.0,0.0,77.33999633789062,75.95368194580078
2024-09-10,75.96349509539941,77.48571424915224,75.89475014931854,77.39732360839844,17686300.0,0.0,0.0,78.80999755859375,77.39732360839844
2024-09-11,76.97503473545781,77.50535612722189,76.17955639413049,77.42678833007812,19518800.0,0.0,0.0,78.83999633789062,77.42678833007812
2024-09-12,77.57410546789961,78.47762020092418,77.21074249765607,78.23210144042969,14877700.0,0.0,0.0,79.66000366210938,78.23210144042969
2024-09-13,78.38923317993358,79.24364120335812,78.26156611591588,79.1552505493164,12994100.0,0.0,0.0,80.5999984741211,79.1552505493164
2024-09-16,79.39094662305865,79.56772043883932,78.70349705759953,79.115966796875,15346400.0,0.0,0.0,80.55999755859375,79.115966796875
2024-09-17,78.33030404045425,78.8213415400939,76.85719154153533,77.19109344482422,21065900.0,0.0,0.0,78.5999984741211,77.19109344482422
2024-09-18,77.23037180926896,77.98657370039857,76.87682423545407,77.6133804321289,15684900.0,0.0,0.0,79.02999877929688,77.6133804321289
2024-09-19,77.63303404675483,77.67231045439718,76.10099190637801,76.6411361694336,21525700.0,0.0,0.0,78.04000091552734,76.6411361694336
2024-09-20,76.82774371726758,78.18300475224915,76.70989199971483,77.64286041259766,39534300.0,0.0,0.0,79.05999755859375,77.64286041259766
2024-09-23,77.65268178524562,78.99812743765291,77.65268178524562,78.89009857177734,12147300.0,0.0,0.0,80.33000183105469,78.89009857177734
2024-09-24,79.03740984353259,79.45970244958892,78.80170641738115,79.2239990234375,14651100.0,0.0,0.0,80.66999816894531,79.2239990234375
2024-09-25,79.44004238575921,80.13731470359751,79.23380754464964,79.94090270996094,14163800.0,0.0,0.0,81.4000015258789,79.94090270996094
2024-09-26,79.58736111518344,79.74448922338702,77.83926876533079,78.48743438720703,17061100.0,0.0,0.0,79.91999816894531,78.48743438720703
2024-09-27,78.46778912900079,78.85079775582116,78.17316365022951,78.34993743896484,11899100.0,0.0,0.0,79.77999877929688,78.34993743896484
2024-09-30,78.45797377130327,79.48915555280267,78.42851271914122,79.30255889892578,18997000.0,0.0,0.0,80.75,79.30255889892578
2024-10-01,79.23380419093154,80.06856636751003,78.99810831001646,79.81322479248047,16054200.0,0.0,0.0,81.2699966430664,79.81322479248047
2024-10-02,79.53825613871032,79.53825613871032,78.68385564117379,78.98829650878906,16618300.0,0.0,0.0,80.43000030517578,78.98829650878906
2024-10-03,78.86062944973963,79.13560926470026,78.41869118200604,78.98829650878906,11640400.0,0.0,0.0,80.43000030517578,78.98829650878906
2024-10-04,78.61511241674624,79.6561095941785,78.41869290699796,79.4891586303711,11583400.0,0.0,0.0,80.94000244140625,79.4891586303711
2024-10-07,79.24363979305953,79.48915856055059,77.56429232253726,77.68213653564453,16791600.0,0.0,0.0,79.0999984741211,77.68213653564453
2024-10-08,78.19282106233922,78.38923308252829,77.65267676786185,78.28120422363281,15270000.0,0.0,0.0,79.70999908447266,78.28120422363281
2024-10-09,78.38922648679453,79.05703778894078,78.32048153624878,78.95883178710938,12413000.0,0.0,0.0,80.4000015258789,78.95883178710938
2024-10-10,78.87044052794938,78.88026337584752,78.03567827991043,78.18299102783203,10812700.0,0.0,0.0,79.61000061035156,78.18299102783203
2024-10-11,78.27137595269252,78.69366851021975,77.94729689109451,78.6642074584961,9570700.0,0.0,0.0,80.0999984741211,78.6642074584961
2024-10-14,78.61510366771756,79.06685725090595,78.33030102975671,78.85079956054688,9914500.0,0.0,0.0,80.29000091552734,78.85079956054688
2024-10-15,79.22398747053089,80.35337520507028,79.06685936864858,80.1864242553711,13276200.0,0.0,0.0,81.6500015258789,80.1864242553711
2024-10-16,80.06857047934795,80.19624501973782,79.17488615980572,79.76412963867188,11123300.0,0.0,0.0,81.22000122070312,79.76412963867188
2024-10-17,79.81323403013491,80.03911458277332,79.20435230957871,79.44004821777344,9424700.0,0.0,0.0,80.88999938964844,79.44004821777344
2024-10-18,79.42040826756777,80.22570947110918,79.21417341585276,79.8525161743164,12324100.0,0.0,0.0,81.30999755859375,79.8525161743164
2024-10-21,79.77395025051607,80.08821392994639,79.27308993582997,79.3614730834961,9750400.0,0.0,0.0,80.80999755859375,79.3614730834961
2024-10-22,79.65611260603401,80.75603942429888,79.3811327746274,80.54979705810547,12240100.0,0.0,0.0,82.0199966430664,80.54979705810547
2024-10-23,80.42212109525468,81.84612684721985,80.33373794178156,81.77738189697266,13058200.0,0.0,0.0,83.2699966430664,81.77738189697266
2024-10-24,81.4729534910881,81.82650114426576,81.09976763168447,81.55152130126953,11645900.0,0.0,0.0,83.04000091552734,81.55152130126953
2024-10-25,81.70864017004132,81.80685366795828,80.96226853581042,81.03101348876953,8959400.0,0.0,0.0,82.51000213623047,81.03101348876953
2024-10-28,81.26669311523438,81.59077961108679,80.99171335850012,81.26669311523438,7990200.0,0.0,0.0,82.75,81.26669311523438
2024-10-29,81.18813329752486,81.37472993332278,80.20605835987206,80.23551940917969,9682400.0,0.0,0.0,81.69999694824219,80.23551940917969
2024-10-30,80.13733382831568,80.36321441827752,79.84271576755043,79.93109893798828,9268800.0,0.0,0.0,81.38999938964844,79.93109893798828
2024-10-31,79.83288293722165,80.96227076055948,79.76413798237351,80.48104858398438,15539000.0,0.0,0.0,81.94999694824219,80.48104858398438
2024-11-01,81.0506530205792,81.0506530205792,80.07840081490454,80.71675109863281,12181800.0,0.0,0.0,82.19000244140625,80.71675109863281
2024-11-04,80.72656528542694,81.42384515730066,80.53015327449555,80.97208404541016,11731000.0,0.0,0.0,82.44999694824219,80.97208404541016
2024-11-05,81.19797096464721,82.26842924559709,81.03101999300817,82.18004608154297,10612500.0,0.0,0.0,83.68000030517578,82.18004608154297
2024-11-06,83.61386813440942,84.00669964812995,80.58907521919056,81.94434356689453,19974000.0,0.0,0.0,83.44000244140625,81.94434356689453
2024-11-07,82.21933304946587,82.87732160407454,81.9247075063617,82.34700012207031,12665800.0,0.0,0.0,83.8499984741211,82.34700012207031
2024-11-08,82.76928109848276,83.88884601661954,82.72018184329578,83.3094253540039,14396500.0,0.0,0.0,84.83000183105469,83.3094253540039
2024-11-11,83.42726437413258,83.87902544664982,82.61214785643467,82.70053100585938,10433200.0,0.0,0.0,84.20999908447266,82.70053100585938
2024-11-12,82.98533807895629,83.99687413719136,82.98533807895629,83.466552734375,12860200.0,0.0,0.0,84.98999786376953,83.466552734375
2024-11-13,83.4665696617367,84.25223282360872,83.25051191758993,83.9674301147461,12802600.0,0.0,0.0,85.5,83.9674301147461
2024-11-14,83.50584651207048,84.22276464864036,82.82821227953826,82.95588684082031,15740700.0,0.0,0.0,84.47000122070312,82.95588684082031
2024-11-15,83.0148022009629,83.26032096175726,82.43538152195447,82.73982238769531,17370600.0,0.0,0.0,84.25,82.73982238769531
2024-11-18,83.29960175406067,83.3290628054345,82.16039864265895,82.57286834716797,25093800.0,0.0,0.0,84.08000183105469,82.57286834716797
2024-11-19,84.6843359965137,86.70740822906191,84.37007227599516,85.04769897460938,36340900.0,0.0,0.0,86.5999984741211,85.04769897460938
2024-11-20,85.04770420042344,85.63694777602241,84.370077460172,85.6173095703125,18183200.0,0.0,0.0,87.18000030517578,85.6173095703125
2024-11-21,85.88245018950131,87.0511217614391,85.37177451934332,86.80560302734375,18729200.0,0.0,0.0,88.38999938964844,86.80560302734375
2024-11-22,87.80733443464011,89.2804470200026,87.33593511056336,88.8188705444336,23990600.0,0.0,0.0,90.44000244140625,88.8188705444336
2024-11-25,88.87778882074622,89.31971958025836,87.46359840208696,87.89571380615234,25078600.0,0.0,0.0,89.5,87.89571380615234
2024-11-26,88.27872639459238,90.23305366274636,88.22961964462026,89.67327117919922,16657000.0,0.0,0.0,91.30999755859375,89.67327117919922
2024-11-27,90.35089918163365,90.59641792940984,89.67326504012738,90.23304748535156,14358900.0,0.0,0.0,91.87999725341797,90.23304748535156
2024-11-29,90.60623831059155,90.97942409970219,90.17412292862538,90.84193420410156,11041200.0,0.0,0.0,92.5,90.84193420410156
2024-12-02,91.15621260355746,91.3231635762093,90.30180454932501,90.97943878173828,17173000.0,0.0,0.0,92.63999938964844,90.97943878173828
2024-12-03,91.11691376814709,91.91239208965862,90.60623808470895,91.83383178710938,17775200.0,0.0,0.0,93.51000213623047,91.83383178710938
2024-12-04,91.77489834586407,92.8257182113477,91.3820743716787,92.75697326660156,17312600.0,0.0,0.0,94.44999694824219,92.75697326660156
2024-12-05,93.18908915300759,93.88636145153279,92.64894494651203,93.59174346923828,21932300.0,0.0,0.0,95.30000305175781,93.59174346923828
2024-12-06,93.82745287897242,94.4559803229684,93.62121801384608,93.98458099365234,18803500.0,0.0,0.0,95.69999694824219,93.98458099365234
2024-12-09,93.94530090867192,94.22028071808128,91.92222125311845,92.14810180664062,20931100.0,0.0,0.0,93.83000183105469,92.14810180664062
2024-12-10,92.36417177071533,93.53283611581294,92.08918443217117,92.85520935058594,13164500.0,0.0,0.0,94.55000305175781,92.85520935058594
2024-12-11,92.84537330733382,93.97476107907325,92.80608940740991,93.25784301757812,19682100.0,0.0,0.0,94.95999908447266,93.25784301757812
2024-12-12,93.96493792662558,94.00422182642227,92.40343475341797,92.40343475341797,14298600.0,0.0,0.0,94.08999633789062,92.40343475341797
2024-12-13,92.32273798419004,93.18887607812256,91.57470519306194,92.7656478881836,11495900.0,0.208,0.0,94.25,92.7656478881836
2024-12-16,92.932960008752,94.20264445927963,92.6180000488005,93.3758773803711,16742000.0,0.0,0.0,94.87000274658203,93.3758773803711
2024-12-17,93.64163201296424,93.98611833342886,92.834546558202,93.91722106933594,23560800.0,0.0,0.0,95.41999816894531,93.91722106933594
2024-12-18,93.83848570699179,94.38967136723285,91.66329192194303,92.0766830444336,24665600.0,0.0,0.0,93.55000305175781,92.0766830444336
2024-12-19,92.99202409784036,93.08060307036881,91.88966043675607,91.92903137207031,16606500.0,0.0,0.0,93.4000015258789,91.92903137207031
2024-12-20,91.54517750132891,92.27352105829564,90.18690646543824,90.78730010986328,49350600.0,0.0,0.0,92.23999786376953,90.78730010986328
2024-12-23,90.05896069658442,90.05896069658442,87.50975437529054,88.92707061767578,26205400.0,0.0,0.0,90.3499984741211,88.92707061767578
2024-12-24,88.94675785137672,91.22037506103516,88.92706862791209,91.22037506103516,8992400.0,0.0,0.0,92.68000030517578,91.22037506103516
2024-12-26,91.08257345990583,91.41721514042936,90.71839794647907,91.3286361694336,10994000.0,0.0,0.0,92.79000091552734,91.3286361694336
2024-12-27,90.67902989431401,90.8955662870597,89.59635543982382,90.21643829345703,11384400.0,0.0,0.0,91.66000366210938,90.21643829345703
2024-12-30,89.30108420656227,89.63572589593208,88.71052768069386,89.14360046386719,9790200.0,0.0,0.0,90.56999969482422,89.14360046386719
2024-12-31,89.14360702520041,89.50778257505898,88.64163694496047,88.92707061767578,11267700.0,0.0,0.0,90.3499984741211,88.92707061767578
2025-01-02,88.5628988525675,89.17312960166795,88.11013683265386,88.58258056640625,14820400.0,0.0,0.0,90.0,88.58258056640625
2025-01-03,88.73021307677716,89.86210302356282,88.7203684659737,89.35028839111328,10834600.0,0.0,0.0,90.77999877929688,89.35028839111328
2025-01-06,89.39951744790002,91.01368843869366,89.24203368819383,89.99006652832031,14519900.0,0.0,0.0,91.43000030517578,89.99006652832031
2025-01-07,90.25580447712738,90.49203009965035,89.02549085279774,89.37982177734375,11238000.0,0.0,0.0,90.80999755859375,89.37982177734375
2025-01-08,89.67509728544312,90.40344082599857,89.38966363229234,90.35423278808594,13453600.0,0.0,0.0,91.80000305175781,90.35423278808594
2025-01-10,91.03335408775652,92.10619136100505,90.74792045559383,91.53532409667969,18140900.0,0.0,0.0,93.0,91.53532409667969
2025-01-13,90.66919766674181,90.97431304970229,89.66525752080958,90.08848571777344,18617100.0,0.0,0.0,91.52999877929688,90.08848571777344
2025-01-14,90.4132860764779,90.531398884932,89.14360154523973,89.36013793945312,13549200.0,0.0,0.0,90.79000091552734,89.36013793945312
2025-01-15,89.63573716575588,90.2853464221907,89.37982980632044,89.90148162841797,17348200.0,0.0,0.0,91.33999633789062,89.90148162841797
2025-01-16,90.0589611372193,90.27549754580338,88.70069754142654,89.86211395263672,13267700.0,0.0,0.0,91.30000305175781,89.86211395263672
2025-01-17,90.61996955215432,90.80697960442042,89.61603705465944,90.49201965332031,15868200.0,0.0,0.0,91.94000244140625,90.49201965332031
2025-01-21,91.02353325468393,92.75580955989484,90.85620488231189,91.61408233642578,23247500.0,0.0,0.0,93.08000183105469,91.61408233642578
2025-01-22,92.29320765126391,92.5195886722931,91.06289397211108,91.76171875,15567100.0,0.0,0.0,93.2300033569336,91.76171875
2025-01-23,91.49596874852311,92.33258056640625,90.86604873205305,92.33258056640625,14198400.0,0.0,0.0,93.80999755859375,92.33258056640625
2025-01-24,92.06683651801357,93.51368664355478,91.98809463829619,93.26762390136719,14973800.0,0.0,0.0,94.76000213623047,93.26762390136719
2025-01-27,94.3896591684138,95.92508811019006,93.32666643522802,95.86603546142578,18880600.0,0.0,0.0,97.4000015258789,95.86603546142578
2025-01-28,95.69871407520293,96.29910018912899,95.20658864698562,95.75776672363281,14641600.0,0.0,0.0,97.29000091552734,95.75776672363281
2025-01-29,95.89556501798022,96.62390857782836,95.68887323110054,95.96446228027344,11261400.0,0.0,0.0,97.5,95.96446228027344
2025-01-30,96.15147167196439,97.37194067075518,95.88571972697484,97.09635162353516,11012200.0,0.0,0.0,98.6500015258789,97.09635162353516
2025-01-31,97.44084188220327,97.44084188220327,96.16131267197383,96.61407470703125,16391200.0,0.0,0.0,98.16000366210938,96.61407470703125
2025-02-03,95.24594919103629,98.21839089269812,94.95067844858345,97.97232818603516,20484200.0,0.0,0.0,99.54000091552734,97.97232818603516
2025-02-04,98.39555672203832,99.36011833071075,98.11996769098907,99.18295288085938,15201200.0,0.0,0.0,100.7699966430664,99.18295288085938
2025-02-05,99.0648523090586,100.9644568027507,98.95658411180892,100.84634399414062,15926700.0,0.0,0.0,102.45999908447266,100.84634399414062
2025-02-06,100.91524173929189,101.39752256892966,100.3345373232927,101.2302017211914,13088500.0,0.0,0.0,102.8499984741211,101.2302017211914
2025-02-07,101.3778311445683,101.48609933196656,99.51759775634387,99.55696868896484,12451100.0,0.0,0.0,101.1500015258789,99.55696868896484
2025-02-10,100.34437063278772,101.30893976484413,99.65539804506028,101.2990951538086,15274600.0,0.0,0.0,102.91999816894531,101.2990951538086
2025-02-11,101.00382504259765,101.23019853317598,100.24594768208192,100.85618591308594,11953600.0,0.0,0.0,102.47000122070312,100.85618591308594
2025-02-12,100.51169412263151,102.26365934033058,100.43295225663122,101.97822570800781,15162100.0,0.0,0.0,103.61000061035156,101.97822570800781
2025-02-13,102.3621023110129,103.58257142828803,101.89950314716756,103.39556884765625,12604400.0,0.0,0.0,105.05000305175781,103.39556884765625
2025-02-14,103.64161690661666,103.64161690661666,101.96838596579403,102.40145874023438,14109500.0,0.0,0.0,104.04000091552734,102.40145874023438
2025-02-18,102.08651618987908,102.35226065911564,100.8955733661906,102.14556884765625,18247300.0,0.0,0.0,103.77999877929688,102.14556884765625
2025-02-19,102.21445193126252,102.55893823588177,100.9349302984998,102.36209106445312,18508000.0,0.0,0.0,104.0,102.36209106445312
2025-02-20,97.22429726897781,98.54319730609997,95.15737199629659,95.67902374267578,55450900.0,0.0,0.0,97.20999908447266,95.67902374267578
2025-02-21,95.00973143323733,95.32469139851693,92.63769083737117,93.28729248046875,35014800.0,0.0,0.0,94.77999877929688,93.28729248046875
2025-02-24,92.69675616641865,93.14951070912377,90.66920158186119,92.19478607177734,29755900.0,0.0,0.0,93.66999816894531,92.19478607177734
2025-02-25,92.86407204804411,96.36801040114787,92.75580384698189,96.15147399902344,29331200.0,0.0,0.0,97.69000244140625,96.15147399902344
2025-02-26,96.16131291939072,97.17509768570574,94.5569866057808,94.6849365234375,19069700.0,0.0,0.0,96.19999694824219,94.6849365234375
2025-02-27,94.38966516607428,96.49596154386956,94.3010786780608,95.2656478881836,16431500.0,0.0,0.0,96.79000091552734,95.2656478881836
2025-02-28,96.24989092672556,97.303039029336,95.63965270017785,97.05697631835938,25451300.0,0.0,0.0,98.61000061035156,97.05697631835938
2025-03-03,96.43690430158534,97.92311772026811,95.30501429037712,96.05303955078125,18372200.0,0.0,0.0,97.58999633789062,96.05303955078125
2025-03-04,94.25186326994104,95.52154776446947,92.97233416434983,93.47430419921875,25227700.0,0.0,0.0,94.97000122070312,93.47430419921875
2025-03-05,93.47431114470604,94.8719456499478,93.25777474066379,94.4684066772461,17639000.0,0.0,0.0,95.9800033569336,94.4684066772461
2025-03-06,93.30699700772027,94.6751052853102,92.69675868959993,93.1495132446289,19957800.0,0.0,0.0,94.63999938964844,93.1495132446289
2025-03-07,92.46052791118599,92.47036501310473,89.33060988550062,90.2754898071289,35913200.0,0.0,0.0,91.72000122070312,90.2754898071289
2025-03-10,88.3463616590463,88.8089607770968,85.24596986527742,86.4369125366211,35148800.0,0.0,0.0,87.81999969482422,86.4369125366211
2025-03-11,85.91525759916534,87.9428119472459,85.76761846981506,86.06289672851562,28687600.0,0.0,0.0,87.44000244140625,86.06289672851562
2025-03-12,86.4959700077974,87.69675735751832,83.54321718424973,83.8581771850586,33301600.0,0.0,0.0,85.19999694824219,83.8581771850586
2025-03-13,83.60226986081665,84.10423238921949,82.54912174842526,83.16919708251953,31507800.0,0.0,0.0,84.5,83.16919708251953
2025-03-14,83.62196393931538,84.02551045317314,82.73613653873423,84.00582122802734,35500600.0,0.0,0.0,85.3499984741211,84.00582122802734
2025-03-17,83.78926680089555,86.60422465268672,83.64163519022343,86.08257293701172,26297800.0,0.0,0.0,87.45999908447266,86.08257293701172
2025-03-18,86.06290517064664,86.2991232952355,84.1534559313531,84.24203491210938,17850900.0,0.0,0.0,85.58999633789062,84.24203491210938
2025-03-19,84.59637013528622,85.42314487705097,84.27157301350212,84.97039031982422,24555900.0,0.0,0.0,86.33000183105469,84.97039031982422
2025-03-20,84.45856475830078,85.70856756847122,84.17313110487004,84.45856475830078,18185500.0,0.0,0.0,85.80999755859375,84.45856475830078
2025-03-21,84.1674194432666,85.1050300776887,83.67394253984232,84.85829162597656,26797200.0,0.235,0.0,85.9800033569336,84.85829162597656
2025-03-24,85.34188991903744,86.5064956172808,85.22345276113055,86.34857940673828,17900700.0,0.0,0.0,87.48999786376953,86.34857940673828
2025-03-25,85.62811290164045,86.17093296805261,83.51603239409818,83.65420532226562,27908600.0,0.0,0.0,84.76000213623047,83.65420532226562
2025-03-26,84.07859187497363,84.4437599412046,83.46667784284189,84.09832763671875,27228800.0,0.0,0.0,85.20999908447266,84.09832763671875
2025-03-27,83.67394626261165,84.98659669128824,83.67394626261165,84.51285552978516,16782800.0,0.0,0.0,85.62999725341797,84.51285552978516
2025-03-28,84.31546175949198,84.71024477761797,83.59498218667257,84.03911590576172,14790600.0,0.0,0.0,85.1500015258789,84.03911590576172
2025-03-31,83.65420735775614,87.04932335658675,83.2692959728011,86.6446762084961,30269300.0,0.0,0.0,87.79000091552734,86.6446762084961
2025-04-01,86.3979256567808,87.94744262612015,86.2301453391121,87.67109680175781,22080300.0,0.0,0.0,88.83000183105469,87.67109680175781
2025-04-02,87.04931347473044,88.97387771088873,86.97036290129037,88.5889663696289,19384100.0,0.0,0.0,89.76000213623047,88.5889663696289
2025-04-03,85.15437163513813,88.70740376643664,85.15437163513813,86.12158966064453,33012900.0,0.0,0.0,87.26000213623047,86.12158966064453
2025-04-04,84.52272439458476,86.249893576564,81.57173458630672,82.10469055175781,36209000.0,0.0,0.0,83.19000244140625,82.10469055175781
2025-04-07,79.19317513258144,85.13464155008181,78.76878467418855,82.73634338378906,36884900.0,0.0,0.0,83.83000183105469,82.73634338378906
2025-04-08,84.7299838937979,85.83537488233137,79.97286678524401,80.72295379638672,34351700.0,0.0,0.0,81.79000091552734,80.72295379638672
2025-04-09,82.242856555498,89.61540216169202,81.93689577730346,88.4310531616211,46632800.0,0.0,0.0,89.5999984741211,88.4310531616211
2025-04-10,87.57241647688778,90.67145089460685,87.00985309608808,89.42788696289062,34735300.0,0.0,0.0,90.61000061035156,89.42788696289062
2025-04-11,89.49696506177855,92.13212972914648,88.83570786597183,91.58930969238281,25508100.0,0.0,0.0,92.80000305175781,91.58930969238281
2025-04-14,92.05317387976496,94.19486926160484,91.68800580768422,93.49413299560547,27742900.0,0.0,0.0,94.7300033569336,93.49413299560547
2025-04-15,93.58295828979439,94.77717147495933,92.64535519900221,92.74404907226562,21871200.0,0.0,0.0,93.97000122070312,92.74404907226562
2025-04-16,92.77365036943034,93.0697394995744,89.4278778361556,90.00031280517578,22229100.0,0.0,0.0,91.19000244140625,90.00031280517578
2025-04-17,90.63196484331499,92.64535140075573,90.42470545900103,92.00382995605469,21393900.0,0.0,0.0,93.22000122070312,92.00382995605469
2025-04-21,91.8064416450877,92.85261782167855,90.14835891506273,91.20440673828125,18361200.0,0.0,0.0,92.41000366210938,91.20440673828125
2025-04-22,91.66825647374283,94.04681849284079,91.66825647374283,93.61255645751953,15407800.0,0.0,0.0,94.8499984741211,93.61255645751953
2025-04-23,93.78035282275944,95.3397417346904,92.93157942738455,93.72113800048828,18046900.0,0.0,0.0,94.95999908447266,93.72113800048828
2025-04-24,93.474390340126,94.96469263619657,92.43809340301178,94.58964538574219,13444500.0,0.0,0.0,95.83999633789062,94.58964538574219
2025-04-25,94.55016235549301,95.21141949154381,93.12894669484518,93.84941864013672,15317200.0,0.0,0.0,95.08999633789062,93.84941864013672
2025-04-28,93.85930026582314,94.74756014818428,93.10921330628933,93.97773742675781,12950000.0,0.0,0.0,95.22000122070312,93.97773742675781
2025-04-29,93.60269167183121,94.9252136354757,93.18817289675177,94.78704071044922,12679000.0,0.0,0.0,96.04000091552734,94.78704071044922
2025-04-30,94.6883400158722,96.50433120241145,93.6915146744245,95.98124694824219,21639900.0,0.0,0.0,97.25,95.98124694824219
2025-05-01,95.75424889814083,96.62277301168427,95.3298584871665,96.13916778564453,13171800.0,0.0,0.0,97.41000366210938,96.13916778564453
2025-05-02,96.67212671712159,97.92556232491957,96.57343283796955,97.4616928100586,16031400.0,0.0,0.0,98.75,97.4616928100586
2025-05-05,97.64920728886501,98.43876577785694,97.2445526334922,98.03411865234375,12439100.0,0.0,0.0,99.33000183105469,98.03411865234375
2025-05-06,97.45181358219507,98.17229315069193,97.12612455931541,97.26429748535156,10626000.0,0.0,0.0,98.55000305175781,97.26429748535156
2025-05-07,97.26429593699483,97.93542479414086,97.02742161339533,97.54064178466797,11301300.0,0.0,0.0,98.83000183105469,97.54064178466797
2025-05-08,97.46167595707087,98.03411089897223,96.08981094345626,96.15889739990234,14461100.0,0.0,0.0,97.43000030517578,96.15889739990234
2025-05-09,95.71863620393769,96.16383614379998,95.2635407515265,95.68895721435547,13697800.0,0.235,0.0,96.72000122070312,95.68895721435547
2025-05-12,96.6288341597151,96.92563917332399,94.60069172693782,95.71864318847656,26783900.0,0.0,0.0,96.75,95.71864318847656
2025-05-13,95.47130363264385,96.28256207661522,94.21484523759068,94.85791015625,19746700.0,0.0,0.0,95.87999725341797,94.85791015625
2025-05-14,95.00632310326482,96.29246817814281,94.8084581139292,95.79779815673828,25620100.0,0.0,0.0,96.83000183105469,95.79779815673828
2025-05-15,93.29477151124377,95.6889726663112,90.91045832225747,95.32291412353516,44026100.0,0.0,0.0,96.3499984741211,95.32291412353516
2025-05-16,95.11514422301903,98.13263415426849,94.9766372309025,97.19275665283203,33746200.0,0.0,0.0,98.23999786376953,97.19275665283203
2025-05-19,95.61971226988156,97.23233374853503,94.78866274697121,97.07404327392578,20041600.0,0.0,0.0,98.12000274658203,97.07404327392578
2025-05-20,97.50935456397795,97.76658509479262,95.49109992203016,96.75746154785156,15609600.0,0.0,0.0,97.80000305175781,96.75746154785156
2025-05-21,96.09459647918499,96.71788554235495,94.95686145848,95.40206146240234,15742300.0,0.0,0.0,96.43000030517578,95.40206146240234
2025-05-22,95.51089246330564,95.92641348638934,94.79856639626742,94.90739440917969,13712200.0,0.0,0.0,95.93000030517578,94.90739440917969
2025-05-23,94.32366362761317,95.51087605136296,93.98729168045934,95.31300354003906,13668600.0,0.0,0.0,96.33999633789062,95.31300354003906
2025-05-27,96.26278854880294,96.75745856694054,95.55046251499432,96.53980255126953,17180900.0,0.0,0.0,97.58000183105469,96.53980255126953
2025-05-28,96.48043654750698,97.19276257785366,96.02534103880005,96.20342254638672,11220100.0,0.0,0.0,97.23999786376953,96.20342254638672
2025-05-29,96.58926754327672,96.72777454812226,95.81758350254715,96.0649185180664,14338000.0,0.0,0.0,97.0999984741211,96.0649185180664
2025-05-30,95.92640776082855,97.87540881457093,95.57024474856775,97.66764831542969,29980100.0,0.0,0.0,98.72000122070312,97.66764831542969
2025-06-02,97.78635732843684,98.84495832425647,97.00478540788797,98.7064437866211,16999200.0,0.0,0.0,99.7699966430664,98.7064437866211
2025-06-03,98.5085896688044,99.81451824868714,97.51924960683064,98.91422271728516,15598600.0,0.0,0.0,99.9800033569336,98.91422271728516
2025-06-04,98.72624373569195,99.06261572703251,98.26125270807898,98.29093170166016,11115600.0,0.0,0.0,99.3499984741211,98.29093170166016
2025-06-05,98.24146816361728,98.52837013050272,96.56948109472154,96.9157485961914,15817100.0,0.0,0.0,97.95999908447266,96.9157485961914
2025-06-06,97.32137673155623,97.50934619542285,95.93629924735794,96.43096923828125,15599300.0,0.0,0.0,97.47000122070312,96.43096923828125
2025-06-09,96.36171611842039,96.80691609276688,95.73842709665722,96.41117858886719,13655700.0,0.0,0.0,97.44999694824219,96.41117858886719
2025-06-10,96.25289851955952,97.04436606483894,95.45153545989517,96.28257751464844,17162500.0,0.0,0.0,97.31999969482422,96.28257751464844
2025-06-11,96.25288486220282,96.25288486220282,94.33356293941655,94.77877044677734,16389600.0,0.0,0.0,95.80000305175781,94.77877044677734
2025-06-12,93.87847267010386,94.24453119003525,92.43403716550216,93.8191146850586,17845700.0,0.0,0.0,94.83000183105469,93.8191146850586
2025-06-13,93.51241478000134,94.30388981024015,93.00785680758776,93.43327331542969,18694700.0,0.0,0.0,94.44000244140625,93.43327331542969
2025-06-16,93.73996947837647,94.75898851936913,93.09689693804098,93.28487396240234,14881700.0,0.0,0.0,94.29000091552734,93.28487396240234
2025-06-17,92.94848765178511,93.80921614752151,92.62201119649511,93.24529266357422,14935600.0,0.0,0.0,94.25,93.24529266357422
2025-06-18,93.56188622781879,94.47207724283868,93.08699969281491,94.07633972167969,11333700.0,0.0,0.0,95.08999633789062,94.07633972167969
2025-06-20,94.22474336504209,95.28333690669355,94.18516885764528,95.09536743164062,20604900.0,0.0,0.0,96.12000274658203,95.09536743164062
2025-06-23,94.89748845527649,96.88606391565183,94.65015346187883,96.82670593261719,20432400.0,0.0,0.0,97.87000274658203,96.82670593261719
2025-06-24,96.68820378053174,98.0534902951319,96.21331724828603,96.955322265625,22403700.0,0.0,0.0,98.0,96.955322265625
2025-06-25,97.26202340767922,97.50935843418482,96.11439280968757,96.22322082519531,11154700.0,0.0,0.0,97.26000213623047,96.22322082519531
2025-06-26,95.8670458294682,96.30235028915483,94.89748932531175,94.99642181396484,19361400.0,0.0,0.0,96.0199966430664,94.99642181396484
2025-06-27,95.29323088677975,96.71788293787218,95.13494040780581,96.23310089111328,31431900.0,0.0,0.0,97.2699966430664,96.23310089111328
2025-06-30,96.19353080195033,97.0938262702253,95.28333227222596,96.73766326904297,17803000.0,0.0,0.0,97.77999877929688,96.73766326904297
2025-07-01,96.55957967513787,98.13263415426849,96.38149817840734,97.19275665283203,15635800.0,0.0,0.0,98.23999786376953,97.19275665283203
2025-07-02,97.08393439025473,97.33126939766214,96.02534086047362,96.5694808959961,12502000.0,0.0,0.0,97.61000061035156,96.5694808959961
2025-07-03,96.65851725211223,97.43020881062064,96.38150325329322,97.31148529052734,7686200.0,0.0,0.0,98.36000061035156,97.31148529052734
2025-07-07,97.18287568494723,98.29093170166016,96.57937765524515,98.29093170166016,12930900.0,0.0,0.0,99.3499984741211,98.29093170166016
2025-07-08,97.76657705993655,98.11284454522993,95.48120410893512,96.05501556396484,16875000.0,0.0,0.0,97.08999633789062,96.05501556396484
2025-07-09,96.11437939201265,96.25288638367478,95.35258338980604,95.77799987792969,13702600.0,0.0,0.0,96.80999755859375,95.77799987792969
2025-07-10,95.62961582366852,95.74833180259057,93.73007713219184,93.84880065917969,18894800.0,0.0,0.0,94.86000061035156,93.84880065917969
2025-07-11,93.99719766364633,94.51165115426579,93.22551365368447,93.3936996459961,14595000.0,0.0,0.0,94.4000015258789,93.3936996459961
2025-07-14,93.50252890236736,94.81834541352832,93.37390986694398,94.75898742675781,13779100.0,0.0,0.0,95.77999877929688,94.75898742675781
2025-07-15,94.58090656030123,94.75898806988687,93.92794605719756,94.3731460571289,10450800.0,0.0,0.0,95.38999938964844,94.3731460571289
2025-07-16,94.40282252372278,94.8084555533908,93.60145952607118,94.13570404052734,11181600.0,0.0,0.0,95.1500015258789,94.13570404052734
2025-07-17,94.06645175599813,94.61058424303452,93.8784747351329,94.07633972167969,11165100.0,0.0,0.0,95.08999633789062,94.07633972167969
2025-07-18,94.07633300827958,94.46218253622233,93.42337256081888,94.0367660522461,14636300.0,0.0,0.0,95.05000305175781,94.0367660522461
2025-07-21,94.24453624349606,95.60982280920157,94.0862382108003,94.65016174316406,13450400.0,0.0,0.0,95.66999816894531,94.65016174316406
2025-07-22,94.81835155585456,95.63950565034645,94.71941905547304,94.8282470703125,9049100.0,0.0,0.0,95.8499984741211,94.8282470703125
2025-07-23,94.98653344289535,95.26354742916642,94.27420745073255,94.66004943847656,9729700.0,0.0,0.0,95.68000030517578,94.66004943847656
2025-07-24,94.55123237684391,95.92641450213421,94.33357634871464,95.57025146484375,14991500.0,0.0,0.0,96.5999984741211,95.57025146484375
2025-07-25,95.80768021895624,96.60905073693624,95.5009872399646,96.43096923828125,12868500.0,0.0,0.0,97.47000122070312,96.43096923828125
2025-07-28,96.2429968746826,97.08393439025473,96.04513188798283,96.5694808959961,12293100.0,0.0,0.0,97.61000061035156,96.5694808959961
2025-07-29,96.73766691016206,97.66764895359354,96.3023548816511,97.28180694580078,14034300.0,0.0,0.0,98.33000183105469,97.28180694580078
2025-07-30,97.55881359853628,97.82593206532574,96.25288515942863,96.5496826171875,13864100.0,0.0,0.0,97.58999633789062,96.5496826171875
2025-07-31,96.4013023121686,97.57861190523472,96.27268326766887,96.935546875,15651300.0,0.0,0.0,97.9800033569336,96.935546875
2025-08-01,96.95532710148613,97.77648117316716,96.62884306603719,97.44010162353516,16750400.0,0.0,0.0,98.48999786376953,97.44010162353516
2025-08-04,97.15318410510727,98.8449621321562,97.15318410510727,98.52836608886719,19050200.0,0.0,0.0,99.58999633789062,98.52836608886719
2025-08-05,98.60751339731821,99.39898839574641,97.85562045168292,98.25135040283203,17977000.0,0.0,0.0,99.30999755859375,98.25135040283203
2025-08-06,98.39975136330537,102.584662708767,98.39975136330537,102.2581787109375,23738400.0,0.0,0.0,103.36000061035156,102.2581787109375
2025-08-07,102.35712395786742,102.79243600924305,101.02151635704264,102.020751953125,12509500.0,0.0,0.0,103.12000274658203,102.020751953125
2025-08-08,102.26807407218243,103.6036815045167,102.0504180739525,102.62423706054688,12394700.0,0.0,0.0,103.7300033569336,102.62423706054688
2025-08-11,102.79242641572111,103.21784291311654,102.01084691827067,102.82210540771484,12856700.0,0.0,0.0,103.93000030517578,102.82210540771484
2025-08-12,103.13870052241693,103.19805851021431,102.26808399310445,102.51541900634766,17915300.0,0.0,0.0,103.62000274658203,102.51541900634766
2025-08-13,101.06107482545936,101.71403525081779,99.774929904025,99.91343688964844,19398500.0,0.0,0.0,100.98999786376953,99.91343688964844
2025-08-14,100.1409913616483,100.35864735924059,99.64632138459852,99.77493286132812,10858400.0,0.0,0.0,100.8499984741211,99.77493286132812
2025-08-15,99.78982214970165,99.92865266322042,98.70892635649187,99.16508483886719,13604900.0,0.235,0.0,100.0,99.16508483886719
2025-08-18,99.16506994874592,100.0377198406449,99.08573607702026,99.85922241210938,11656100.0,0.0,0.0,100.69999694824219,99.85922241210938
2025-08-19,100.11705885651001,101.57478667016757,99.95839867060097,100.44430541992188,16999000.0,0.0,0.0,101.29000091552734,100.44430541992188
2025-08-20,100.30547319188467,101.7929492919155,100.08730882003567,101.71361541748047,18655000.0,0.0,0.0,102.56999969482422,101.71361541748047
2025-08-21,98.58000320785128,98.61966257944395,96.14053574169328,97.14210510253906,51825100.0,0.0,0.0,97.95999908447266,97.14210510253906
2025-08-22,97.25119024061061,98.22301131941312,95.95213015921999,96.02154541015625,32695200.0,0.0,0.0,96.83000183105469,96.02154541015625
2025-08-25,96.19012646593055,96.76528573891633,95.26789093017578,95.26789093017578,18956100.0,0.0,0.0,96.06999969482422,95.26789093017578
2025-08-26,95.47612993277961,95.66454599024999,94.62330970991675,95.24805450439453,22270400.0,0.0,0.0,96.05000305175781,95.24805450439453
2025-08-27,95.09930408421621,95.51579556438128,94.80180584655862,95.27780151367188,12925700.0,0.0,0.0,96.08000183105469,95.27780151367188
2025-08-28,95.19847396233963,95.76371459886323,94.90097570492934,95.30755615234375,19241600.0,0.0,0.0,96.11000061035156,95.30755615234375
2025-08-29,95.29763818922808,96.21987371478201,95.00014749544312,96.17029571533203,15600300.0,0.0,0.0,96.9800033569336,96.17029571533203
2025-09-02,96.4182014241689,97.03302001953125,95.70421170570151,97.03302001953125,15351300.0,0.0,0.0,97.8499984741211,97.03302001953125
2025-09-03,97.03302028019843,98.60974884033203,96.68594404548175,98.60974884033203,18995900.0,0.0,0.0,99.44000244140625,98.60974884033203
2025-09-04,99.07582279968962,100.50379463031675,98.81799150519953,100.0873031616211,15640900.0,0.0,0.0,100.93000030517578,100.0873031616211
2025-09-05,100.23606278624915,100.63272461189501,98.71883830142164,99.67082214355469,13748500.0,0.0,0.0,100.51000213623047,99.67082214355469
2025-09-08,100.00797973024643,101.50537452764463,99.58156959187589,101.42604064941406,13685700.0,0.0,0.0,102.27999877929688,101.42604064941406
2025-09-09,101.1483792291619,101.63428599137798,100.70213940589949,101.43595886230469,11819700.0,0.0,0.0,102.29000091552734,101.43595886230469
2025-09-10,101.09879076808632,101.59461614226171,99.5518180216814,99.5716552734375,17934900.0,0.0,0.0,100.41000366210938,99.5716552734375
2025-09-11,100.14680957440117,101.9218653682149,99.44273843255802,101.79295349121094,15900800.0,0.0,0.0,102.6500015258789,101.79295349121094
2025-09-12,101.68387318876428,103.11185275123853,101.50537574345499,102.62593841552734,11641900.0,0.0,0.0,103.48999786376953,102.62593841552734
2025-09-15,102.78459759008946,103.11184414010981,102.54660353811761,102.82426452636719,10756900.0,0.0,0.0,103.69000244140625,102.82426452636719
2025-09-16,102.9829286790064,103.33992355358478,102.26893892984964,102.5565185546875,14481900.0,0.0,0.0,103.41999816894531,102.5565185546875
2025-09-17,102.86393693787875,105.22406302931925,102.86393693787875,103.39942169189453,25382000.0,0.0,0.0,104.2699966430664,103.39942169189453
2025-09-18,102.91351330621639,103.76633355383453,101.26737700046856,102.73501586914062,14869400.0,0.0,0.0,103.5999984741211,102.73501586914062
2025-09-19,102.943255232715,103.07217466386432,101.23761484327676,101.47561645507812,34791600.0,0.0,0.0,102.33000183105469,101.47561645507812
2025-09-22,101.59461147967812,102.3383495068081,101.06903781768403,101.9615249633789,12861900.0,0.0,0.0,102.81999969482422,101.9615249633789
2025-09-23,101.55494973870005,101.82269209331118,100.48396518886703,101.66402435302734,13158700.0,0.0,0.0,102.5199966430664,101.66402435302734
2025-09-24,102.17968559176845,102.60609568102346,101.6243636395086,101.87227630615234,11391800.0,0.0,0.0,102.7300033569336,101.87227630615234
2025-09-25,102.35819215489026,102.64577178176096,101.72353627686351,102.18961334228516,13366700.0,0.0,0.0,103.05000305175781,102.18961334228516
2025-09-26,102.02102224213012,102.62592978001715,101.61444938550616,102.29869079589844,11859300.0,0.0,0.0,103.16000366210938,102.29869079589844
2025-09-29,102.18961203979899,102.44743578554598,101.22770960907322,102.2193603515625,15477200.0,0.0,0.0,103.08000183105469,102.2193603515625
2025-09-30,102.14003492672641,103.07218912280838,101.86237390636892,102.19953155517578,13873400.0,0.0,0.0,103.05999755859375,102.19953155517578
2025-10-01,101.7036925151355,102.0011907489098,99.71048007220848,101.10870361328125,16142800.0,0.0,0.0,101.95999908447266,101.10870361328125
2025-10-02,100.60296317287771,101.28720459515596,99.03616077500212,100.85087585449219,15605400.0,0.0,0.0,101.69999694824219,100.85087585449219
2025-10-03,100.6128811517826,101.96152673635164,100.35504984616642,101.21778869628906,11867500.0,0.0,0.0,102.06999969482422,101.21778869628906
2025-10-06,101.02937598212222,102.2094427990993,100.73188529566816,101.842529296875,13303600.0,0.0,0.0,102.69999694824219,101.842529296875
2025-10-07,101.52519342473249,102.38793223598833,100.10713265626973,102.37801361083984,15538900.0,0.0,0.0,103.23999786376953,102.37801361083984
2025-10-08,102.1598562843055,102.3978579100873,101.29712497935449,102.04086303710938,13584100.0,0.0,0.0,102.9000015258789,102.04086303710938
2025-10-09,102.26894137021094,102.58626931455332,99.53199068739345,100.92029571533203,19508000.0,0.0,0.0,101.7699966430664,100.92029571533203
2025-10-10,101.19796126043559,102.76476368306976,100.67238001192419,100.98970794677734,18519400.0,0.0,0.0,101.83999633789062,100.98970794677734
2025-10-13,100.52364168027,101.59461876622174,100.22614342180313,101.26737976074219,10871200.0,0.0,0.0,102.12000274658203,101.26737976074219
2025-10-14,103.18126780640652,107.01895152466051,102.03094925757398,106.31488037109375,30859500.0,0.0,0.0,107.20999908447266,106.31488037109375
2025-10-15,106.42395289236927,108.64524834345669,106.40412320726159,108.11967468261719,21416300.0,0.0,0.0,109.02999877929688,108.11967468261719
2025-10-16,108.28824912510122,108.66508121822169,104.77781244393879,105.58104705810547,16366200.0,0.0,0.0,106.47000122070312,105.58104705810547
2025-10-17,106.27520633823076,107.29660537404432,105.33314117615089,106.83053588867188,13735600.0,0.0,0.0,107.7300033569336,106.83053588867188
2025-10-20,106.94953557042113,107.3461973972683,105.71989071632049,106.15621948242188,10581200.0,0.0,0.0,107.05000305175781,106.15621948242188
2025-10-21,106.43387809258782,106.58262722001473,105.29347820324139,105.33314514160156,10899700.0,0.0,0.0,106.22000122070312,105.33314514160156
2025-10-22,105.66039020060624,106.87019775769554,104.77782164035123,106.2454605102539,12296500.0,0.0,0.0,107.13999938964844,106.2454605102539
2025-10-23,106.45371072346444,106.67187510763242,104.89681928681449,105.96780395507812,11408200.0,0.0,0.0,106.86000061035156,105.96780395507812
2025-10-24,106.17604122939089,106.27520478726349,104.62906854263365,105.28355407714844,10318000.0,0.0,0.0,106.16999816894531,105.28355407714844
2025-10-27,105.45213749919137,105.47197475105114,103.28042749362606,103.5977554321289,16375900.0,0.0,0.0,104.47000122070312,103.5977554321289
2025-10-28,103.1911699012466,103.27050377338249,102.18960813688516,102.30860137939453,13323000.0,0.0,0.0,103.16999816894531,102.30860137939453
2025-10-29,102.05077769117472,102.80442677973446,101.25745410083402,101.60453033447266,11986400.0,0.0,0.0,102.45999908447266,101.60453033447266
2025-10-30,101.34670133734312,102.50693843859625,101.1087072811068,101.37645721435547,14065100.0,0.0,0.0,102.2300033569336,101.37645721435547
2025-10-31,100.85087538335762,101.24753718522666,99.34356961508874,100.33522033691406,20237000.0,0.0,0.0,101.18000030517578,100.33522033691406
2025-11-03,99.97823063454936,100.9500517210274,99.56173912564235,100.7417984008789,14811700.0,0.0,0.0,101.58999633789062,100.7417984008789
2025-11-04,101.27728431295115,101.7631986082678,100.61288015285842,101.4161148071289,12636400.0,0.0,0.0,102.2699966430664,101.4161148071289
2025-11-05,100.89054510776005,101.82269923305391,100.00797654620536,100.622802734375,13356800.0,0.0,0.0,101.47000122070312,100.622802734375
2025-11-06,100.49388187397508,101.0789597419063,99.19482183188099,100.83104705810547,14866000.0,0.0,0.0,101.68000030517578,100.83104705810547
2025-11-07,101.27728578839559,102.11027633129191,100.88063155107741,101.73344421386719,17248700.0,0.0,0.0,102.58999633789062,101.73344421386719
2025-11-10,101.2971151370387,101.81277014474055,100.75170425473422,101.56485748291016,14507600.0,0.0,0.0,102.41999816894531,101.56485748291016
2025-11-11,101.6442008637206,102.87384566309207,101.46570342786872,102.57635498046875,13182100.0,0.0,0.0,103.44000244140625,102.57635498046875
2025-11-12,102.48710247969544,102.7350151647289,101.8028686136755,102.57635498046875,12084400.0,0.0,0.0,103.44000244140625,102.57635498046875
2025-11-13,102.72509715214237,103.06226233996183,101.16820578346626,101.68386840820312,18088500.0,0.0,0.0,102.54000091552734,101.68386840820312
2025-11-14,99.36339681584856,101.63427781992421,98.05441819840043,101.6243667602539,23424200.0,0.0,0.0,102.4800033569336,101.6243667602539
2025-11-17,101.72353291753727,102.4573523337042,101.2475372418891,102.09043884277344,15289400.0,0.0,0.0,102.94999694824219,102.09043884277344
2025-11-18,102.12019322023994,102.47718051461632,100.53354603517187,100.54346466064453,17604500.0,0.0,0.0,101.38999938964844,100.54346466064453
2025-11-19,100.73188381092656,100.86079568325373,98.84774589504295,99.76998138427734,22157000.0,0.0,0.0,100.61000061035156,99.76998138427734
2025-11-20,103.07218240777652,107.00903713519567,101.82270033187463,106.21571350097656,50375900.0,0.0,0.0,107.11000061035156,106.21571350097656
2025-11-21,107.07844542131552,107.24702422377177,103.84566203582295,104.4406509399414,41420800.0,0.0,0.0,105.31999969482422,104.4406509399414
2025-11-24,104.48032640372462,105.382724676061,102.89368667466971,103.19117736816406,42519200.0,0.0,0.0,104.05999755859375,103.19117736816406
2025-11-25,103.7365837716454,106.52311991001088,103.35975921680176,106.10662841796875,20212900.0,0.0,0.0,107.0,106.10662841796875
2025-11-26,106.30495661869999,108.67500128911136,106.27520830692245,108.18909454345703,17783300.0,0.0,0.0,109.0999984741211,108.18909454345703
2025-11-28,108.38743710098571,109.77574218936807,108.08993883022075,109.58733367919922,9846500.0,0.0,0.0,110.51000213623047,109.58733367919922
2025-12-01,109.58732784011903,110.82689129276726,109.43857871266226,110.59880828857422,17236800.0,0.0,0.0,111.52999877929688,110.59880828857422
2025-12-02,110.53931192483859,111.70946012952888,109.86498910237817,111.47146606445312,18711800.0,0.0,0.0,112.41000366210938,111.47146606445312
2025-12-03,111.56071626815458,113.93076110184019,111.28305525150952,113.45477294921875,24478300.0,0.0,0.0,114.41000366210938,113.45477294921875
2025-12-04,112.67136458124708,113.93075774555678,112.21520612938312,113.88117218017578,25905100.0,0.0,0.0,114.83999633789062,113.88117218017578
2025-12-05,113.77208598724077,115.29922137853497,113.72250042690119,114.14891052246094,23956400.0,0.0,0.0,115.11000061035156,114.14891052246094
2025-12-08,113.61342390958818,114.02991540070049,111.36238007988572,112.61185455322266,22700700.0,0.0,0.0,113.55999755859375,112.61185455322266
2025-12-09,112.99860176126334,114.7538278539011,112.07636624624053,114.09933471679688,24326700.0,0.0,0.0,115.05999755859375,114.09933471679688
2025-12-10,114.38691141934537,115.2595689131506,112.04661506618633,112.23503112792969,22859600.0,0.0,0.0,113.18000030517578,112.23503112792969
2025-12-11,112.19537005342097,114.90258004573666,111.90779041572479,114.55549621582031,21586600.0,0.0,0.0,115.5199966430664,114.55549621582031
2025-12-12,114.53065743999558,116.20995826684367,114.29217065870262,115.96154022216797,19092400.0,0.235,0.0,116.69999694824219,115.96154022216797
2025-12-15,116.19009311872512,116.7067993380155,114.90825504374712,116.05097961425781,18713700.0,0.0,0.0,116.79000091552734,116.05097961425781
2025-12-16,115.84230725437074,116.14040436662395,114.22261671143758,114.68964385986328,19642300.0,0.0,0.0,115.41999816894531,114.68964385986328
2025-12-17,114.47103521690063,115.6535075692186,114.34186055918953,114.92813110351562,16177800.0,0.0,0.0,115.66000366210938,114.92813110351562
2025-12-18,114.28223959161684,115.74293890979763,113.8847692032296,114.10337829589844,21476700.0,0.0,0.0,114.83000183105469,114.10337829589844
2025-12-19,114.41140795479073,114.55052144590934,112.81159522581,113.63634490966797,50043800.0,0.0,0.0,114.36000061035156,113.63634490966797
2025-12-22,113.28857077374713,113.59660673285948,111.50989660828678,111.88748931884766,21473900.0,0.0,0.0,112.5999984741211,111.88748931884766
2025-12-23,111.28134118455755,111.63906376256772,109.99950321020724,110.1982421875,20319900.0,0.0,0.0,110.9000015258789,110.1982421875
2025-12-24,110.19824883356264,111.003120892069,109.85046507872146,110.90375518798828,9009600.0,0.0,0.0,111.61000061035156,110.90375518798828
2025-12-26,111.01305835867431,111.26147640635087,110.65533576353072,111.03292846679688,9003800.0,0.0,0.0,111.73999786376953,111.03292846679688
2025-12-29,110.8838702636393,112.0663425340636,110.86400015656652,111.81792449951172,12979600.0,0.0,0.0,112.52999877929688,111.81792449951172
2025-12-30,111.18198303884792,111.97692383978418,111.13229639587041,111.2117919921875,11730600.0,0.0,0.0,111.91999816894531,111.2117919921875
2025-12-31,111.02299187235701,111.53969805102224,110.6155826547936,110.70501708984375,11487400.0,0.0,0.0,111.41000366210938,110.70501708984375
2026-01-02,110.72489243926468,112.07628722420678,110.41685648631017,112.04647827148438,14306600.0,0.0,0.0,112.76000213623047,112.04647827148438
2026-01-05,112.106092568778,113.01033787154626,111.44033404234767,111.99678802490234,19557600.0,0.0,0.0,112.70999908447266,111.99678802490234
2026-01-06,111.6887440152751,114.0636196950201,111.28133482096014,113.61646270751953,20120800.0,0.0,0.0,114.33999633789062,113.61646270751953
2026-01-07,113.46742844073054,114.00401232662693,111.3906496463658,112.00672912597656,23306000.0,0.0,0.0,112.72000122070312,112.00672912597656
2026-01-08,110.58577226770349,112.75197781454932,109.11513417947556,112.35450744628906,24058300.0,0.0,0.0,113.06999969482422,112.35450744628906
2026-01-09,111.5496424227033,114.72939040539957,111.5496424227033,113.8052749633789,21902900.0,0.0,0.0,114.52999877929688,113.8052749633789
2026-01-12,116.75648359482942,118.08800070497459,115.67338453488601,117.2235107421875,49182100.0,0.0,0.0,117.97000122070312,117.2235107421875
2026-01-13,117.14400213669511,119.74742574287677,116.98501854440359,119.59837341308594,31222100.0,0.0,0.0,120.36000061035156,119.59837341308594
2026-01-14,119.42945547260831,120.47280665818394,118.27679216536283,119.28040313720703,32764000.0,0.0,0.0,120.04000091552734,119.28040313720703
2026-01-15,119.22078750049863,120.10515510460003,117.97869731708465,118.44571685791016,34559400.0,0.0,0.0,119.19999694824219,118.44571685791016
2026-01-16,117.91906958057628,119.83685709037766,116.16027325015084,118.94255065917969,415144600.0,0.0,0.0,119.69999694824219,118.94255065917969
2026-01-20,120.12502982400424,120.8504138546603,116.86578627056709,117.95882415771484,45334000.0,0.0,0.0,118.70999908447266,117.95882415771484
2026-01-21,117.33280669962144,119.72755258604145,116.80616168473357,118.60470581054688,34811700.0,0.0,0.0,119.36000061035156,118.60470581054688
2026-01-22,118.5351491309384,118.76368947509202,116.90552744651671,117.08438873291016,24547300.0,0.0,0.0,117.83000183105469,117.08438873291016
2026-01-23,117.4222340816893,117.85945224596018,116.39875299816131,116.98502349853516,20806900.0,0.0,0.0,117.7300033569336,116.98502349853516
2026-01-26,117.06452182318199,118.09794184181264,116.64718131021117,116.89559936523438,19552200.0,0.0,0.0,117.63999938964844,116.89559936523438
2026-01-27,116.75648146215053,116.88565611669372,114.74926698887573,116.20002746582031,22968600.0,0.0,0.0,116.94000244140625,116.20002746582031
2026-01-28,115.9019236934497,116.71673458641514,115.13679944245614,115.83236694335938,16342000.0,0.0,0.0,116.56999969482422,115.83236694335938
2026-01-29,115.71312126722275,116.91547126537773,115.33552857148821,116.66705322265625,16381100.0,0.0,0.0,117.41000366210938,116.66705322265625
2026-01-30,116.17021609330482,118.6543964981968,115.86217256793869,118.38610076904297,22215400.0,0.0,0.0,119.13999938964844,118.38610076904297
2026-02-02,118.74382819114838,123.41408451015249,118.2966787324989,123.27497100830078,31210100.0,0.0,0.0,124.05999755859375,123.27497100830078
2026-02-03,122.86756418123646,127.35895901170642,122.86756418123646,126.90187072753906,32018700.0,0.0,0.0,127.70999908447266,126.90187072753906
2026-02-04,127.31921518812305,128.59111430473422,126.28578767948056,127.19003295898438,27531800.0,0.0,0.0,128.0,127.19003295898438
2026-02-05,127.76637104032507,128.77992091186104,125.75914898632793,126.13674926757812,30517800.0,0.0,0.0,126.94000244140625,126.13674926757812
2026-02-06,126.48453780231957,130.86662835064288,126.24605859221587,130.34991455078125,26593400.0,0.0,0.0,131.17999267578125,130.34991455078125
2026-02-09,130.58840535909283,130.9560592399128,127.27947494500727,128.20359802246094,27197300.0,0.0,0.0,129.02000427246094,128.20359802246094
2026-02-10,128.12410092716394,128.521563757884,125.590233685177,125.89826965332031,24662000.0,0.0,0.0,126.69999694824219,125.89826965332031
2026-02-11,125.8982534995816,128.9190252095116,125.82869675501851,127.95516204833984,19232100.0,0.0,0.0,128.77000427246094,127.95516204833984
2026-02-12,128.56130425130252,133.63896941128445,128.49173992475252,132.79434204101562,33382700.0,0.0,0.0,133.63999938964844,132.79434204101562
2026-02-13,131.86028291742133,133.79794045469777,130.91629746718232,133.04275512695312,24131200.0,0.0,0.0,133.88999938964844,133.04275512695312
2026-02-17,132.26769028382722,133.83769397911357,127.34901655342479,128.03465270996094,37995900.0,0.0,0.0,128.85000610351562,128.03465270996094
2026-02-18,127.31922616382269,128.05453390142543,124.97415154137549,125.81877899169922,36485000.0,0.0,0.0,126.62000274658203,125.81877899169922
2026-02-19,127.68686871680087,129.27675018984118,123.6128144996477,124.07984161376953,42993300.0,0.0,0.0,124.87000274658203,124.07984161376953
2026-02-20,122.2216774308809,122.69864341020512,120.28401972356986,122.21173858642578,35151000.0,0.0,0.0,122.98999786376953,122.21173858642578
2026-02-23,122.73838295121597,125.99763403293146,122.18192896266022,125.0138931274414,25662800.0,0.0,0.0,125.80999755859375,125.0138931274414
2026-02-24,125.1033248323272,127.22977503945066,124.1195915294407,125.94794464111328,20161200.0,0.0,0.0,126.75,125.94794464111328
2026-02-25,125.80883572262361,126.59383765709305,124.62636339864703,124.95427703857422,17345700.0,0.0,0.0,125.75,124.95427703857422
2026-02-26,125.1828241808018,126.52428010338534,123.15573203020392,123.6326904296875,18638300.0,0.0,0.0,124.41999816894531,123.6326904296875
2026-02-27,124.7257266802137,127.7862463456887,124.35807283147619,127.14035034179688,29205500.0,0.0,0.0,127.94999694824219,127.14035034179688
2026-03-02,126.65346082753128,127.93529890689562,126.24605915765932,126.29573822021484,17091500.0,0.0,0.0,127.0999984741211,126.29573822021484
2026-03-03,125.71939755733719,127.55768952555978,124.87477774286918,127.1006088256836,16480400.0,0.0,0.0,127.91000366210938,127.1006088256836
2026-03-04,126.30566089684207,127.35895089404407,125.4411634429717,127.00122833251953,16434100.0,0.0,0.0,127.80999755859375,127.00122833251953
2026-03-05,124.5866176413744,124.88472233366477,120.88022458274638,122.52971649169922,28604900.0,0.0,0.0,123.30999755859375,122.52971649169922
2026-03-06,121.72484752612267,123.40415601182839,120.85041869758626,123.0166244506836,21553000.0,0.0,0.0,123.80000305175781,123.0166244506836
2026-03-09,122.90731130268519,123.72212216670478,121.7248390120394,123.55319213867188,19375900.0,0.0,0.0,124.33999633789062,123.55319213867188
2026-03-10,123.42401703226977,125.30205679217917,122.56945837546142,124.32826232910156,18793600.0,0.0,0.0,125.12000274658203,124.32826232910156
2026-03-11,124.51705540786908,124.69591669914415,122.27136179433607,122.70857238769531,18176500.0,0.0,0.0,123.48999786376953,122.70857238769531
2026-03-12,121.52611590560277,124.59655943574286,121.50623821571698,124.53694152832031,21751600.0,0.0,0.0,125.33000183105469,124.53694152832031
2026-03-13,124.59655924684195,125.88833616723318,124.17921873328199,125.71940612792969,15194100.0,0.0,0.0,126.5199966430664,125.71940612792969
2026-03-16,125.95788848185292,126.17649757585889,124.0401008586876,125.19275665283203,20463200.0,0.0,0.0,125.98999786376953,125.19275665283203
2026-03-17,125.8485858664739,126.38516976514705,124.06991171562693,124.28852081298828,19895000.0,0.0,0.0,125.08000183105469,124.28852081298828
2026-03-18,123.54325787458829,123.82148485830739,121.05907754692964,121.2081298828125,19734900.0,0.0,0.0,121.9800033569336,121.2081298828125
2026-03-19,121.62547670106409,121.9732604488496,118.51527791672632,120.32376098632812,17927700.0,0.0,0.0,121.08999633789062,120.32376098632812
2026-03-20,120.11267095203482,120.77980340519143,117.51386342792303,118.50957489013672,57545600.0,0.248,0.0,119.0199966430664,118.50957489013672
2026-03-23,119.96332476326309,120.6105311603868,118.53945701557436,120.2022933959961,22181500.0,0.0,0.0,120.72000122070312,120.2022933959961
2026-03-24,120.11267237339288,123.57775164543796,119.97327337476743,121.5265884399414,17269600.0,0.0,0.0,122.05000305175781,121.5265884399414
2026-03-25,122.28332158646774,122.96040568100192,121.25774000136643,122.5322494506836,16597300.0,0.0,0.0,123.05999755859375,122.5322494506836
2026-03-26,123.07989646568718,123.26908407753929,121.26770187867585,121.6560287475586,16442500.0,0.0,0.0,122.18000030517578,121.6560287475586
2026-03-27,121.50667121934119,123.73706281720824,121.2975727192295,122.36298370361328,16543300.0,0.0,0.0,122.88999938964844,122.36298370361328
2026-03-30,123.17945828787965,124.7228140204241,122.61190308496707,122.9703598022461,20428900.0,0.0,0.0,123.5,122.9703598022461
2026-03-31,122.90067127683216,124.46393803468071,122.31319753903699,123.74702453613281,21330400.0,0.0,0.0,124.27999877929688,123.74702453613281
2026-04-01,123.26908398407669,124.69295170112571,122.60195152051088,124.20504760742188,17039700.0,0.0,0.0,124.73999786376953,124.20504760742188
2026-04-02,124.61329457014496,125.36007818810826,123.61758307952722,125.25054931640625,11898400.0,0.0,0.0,125.79000091552734,125.25054931640625
2026-04-06,125.2704534168091,126.43544157118903,124.83234555041255,126.24625396728516,10850400.0,0.0,0.0,126.79000091552734,126.24625396728516
2026-04-07,125.64883587786862,125.81810500867212,121.26770378426845,121.9646987915039,16076000.0,0.0,0.0,122.48999786376953,121.9646987915039
2026-04-08,121.75560200398522,126.75407802915461,120.80967910989078,126.71424865722656,20194300.0,0.0,0.0,127.26000213623047,126.71424865722656
2026-04-09,126.54495789171209,129.13381360316265,126.27611915686073,128.5762176513672,13853100.0,0.0,0.0,129.1300048828125,128.5762176513672
2026-04-10,128.16798319572484,128.3770740986961,125.67870449039047,126.2263412475586,13894000.0,0.0,0.0,126.7699966430664,126.2263412475586
2026-04-13,125.74839912949405,125.75835837099962,123.41843040109414,124.03577423095703,14510600.0,0.0,0.0,124.56999969482422,124.03577423095703
2026-04-14,122.6218719240817,124.66307592742197,122.02444654741323,124.51372528076172,15320800.0,0.0,0.0,125.05000305175781,124.51372528076172
2026-04-15,124.09552060061921,124.53363608834425,122.65174197487195,124.22496795654297,17001400.0,0.0,0.0,124.76000213623047,124.22496795654297
2026-04-16,123.79680961960968,125.39990570351372,123.4383528805581,124.28470611572266,18324500.0,0.0,0.0,124.81999969482422,124.28470611572266
2026-04-17,124.03578154691039,127.02291605403354,122.84093078273148,126.95321655273438,24763700.0,0.0,0.0,127.5,126.95321655273438
2026-04-20,127.32162554080053,128.91476233764277,126.77398120594438,127.37140655517578,18933600.0,0.0,0.0,127.91999816894531,127.37140655517578
2026-04-21,127.28180631385425,129.2134891070832,126.93330879875522,129.04421997070312,17312400.0,0.0,0.0,129.60000610351562,129.04421997070312
2026-04-22,129.44248012735773,129.8905472122055,128.28745127366344,129.4225616455078,17624500.0,0.0,0.0,129.97999572753906,129.4225616455078
2026-04-23,130.0100454912101,131.8919394396144,129.93038675557892,131.46377563476562,16376000.0,0.0,0.0,132.02999877929688,131.46377563476562
2026-04-24,131.3741802679442,131.5534010485827,128.72558398059354,129.3628387451172,16016300.0,0.0,0.0,129.9199981689453,129.3628387451172
2026-04-27,129.0641091249569,129.25329672529196,126.85363615844955,127.04281616210938,17029500.0,0.0,0.0,127.58999633789062,127.04281616210938
2026-04-28,128.7853111434159,129.2134749536506,126.236292344555,127.04281616210938,16341800.0,0.0,0.0,127.58999633789062,127.04281616210938
2026-04-29,126.13673092490012,127.53072851993346,125.37003642580345,127.46102142333984,16538800.0,0.0,0.0,128.00999450683594,127.46102142333984
2026-04-30,127.47099158447368,131.86206779043033,127.40128448606313,131.3642120361328,19867700.0,0.0,0.0,131.92999267578125,131.3642120361328
2026-05-01,131.35424902710434,132.79802755099445,130.41827785906025,131.03562927246094,10480900.0,0.0,0.0,131.60000610351562,131.03562927246094
2026-05-04,129.85074639338697,131.18499621896274,129.1238660254078,129.77108764648438,10340700.0,0.0,0.0,130.3300018310547,129.77108764648438
2026-05-05,129.95029746503022,131.16506666440955,129.74120656624018,130.22909545898438,10637300.0,0.0,0.0,130.7899932861328,130.22909545898438
2026-05-06,130.29880952835424,130.58755918277944,128.9745113895137,129.52215576171875,16371500.0,0.0,0.0,130.0800018310547,129.52215576171875
2026-05-07,129.34291559643376,130.03992578938778,128.11819472617847,129.64163208007812,14935400.0,0.0,0.0,130.1999969482422,129.64163208007812
2026-05-08,130.00876182540105,131.09615490642528,129.93892170087017,130.1184844970703,15183700.0,0.248,0.0,130.42999267578125,130.1184844970703
2026-05-11,129.86908129064437,130.28809159221544,126.078161470576,127.28527069091797,18699200.0,0.0,0.0,127.58999633789062,127.28527069091797
2026-05-12,127.77411337890135,130.80684636812944,127.41497254390816,130.0386962890625,17935400.0,0.0,0.0,130.35000610351562,130.0386962890625
2026-05-13,128.88145249754132,132.21347178099205,128.46245742797677,131.156005859375,13786600.0,0.0,0.0,131.47000122070312,131.156005859375
2026-05-14,131.04626733311213,132.4628740535408,130.5474615066649,132.14364624023438,14200400.0,0.0,0.0,132.4600067138672,132.14364624023438
2026-05-15,133.370718441355,133.6300920185431,130.47763520803812,131.1360626220703,25323000.0,0.0,0.0,131.4499969482422,131.1360626220703
2026-05-18,131.20589996372777,133.15123980716794,130.81683199503976,133.02154541015625,17183200.0,0.0,0.0,133.33999633789062,133.02154541015625
2026-05-19,132.62250083152645,134.83720000658067,131.7445976710087,133.87948608398438,16957100.0,0.0,0.0,134.1999969482422,133.87948608398438
2026-05-20,132.59256841371314,133.3307912944098,130.01872852306576,130.53749084472656,28471600.0,0.0,0.0,130.85000610351562,130.53749084472656
2026-05-21,124.11287667694504,125.49955634698999,120.10247333459152,121.05020141601562,53006600.0,0.0,0.0,121.33999633789062,121.05020141601562
2026-05-22,121.05020179855521,121.65874555336691,118.62601263875648,119.98275756835938,30330600.0,0.0,0.0,120.2699966430664,119.98275756835938
2026-05-26,120.40175901085303,120.7608998332451,117.63837032806804,118.28681945800781,28796600.0,0.0,0.0,118.56999969482422,118.28681945800781
2026-05-27,118.04739180401025,119.14476312868733,117.7580835037564,118.25688934326172,22062200.0,0.0,0.0,118.54000091552734,118.25688934326172
2026-05-28,118.67588972926788,118.88538727788863,117.04978535977911,118.61603546142578,21613100.0,0.0,0.0,118.9000015258789,118.61603546142578
2026-05-29,117.82792078519188,118.79560537078089,114.4360394170558,115.47355651855469,42191000.0,0.0,0.0,115.75,115.47355651855469
2026-06-01,114.45599596944092,115.70301061927668,113.28878447270287,114.32630157470703,26176200.0,0.0,0.0,114.5999984741211,114.32630157470703
2026-06-02,113.59804869184103,114.2963738476551,112.46077194598762,112.78997802734375,27366400.0,0.0,0.0,113.05999755859375,112.78997802734375
2026-06-03,112.82988291877398,117.00987842073164,112.69021788821831,116.61083221435547,32880600.0,0.0,0.0,116.88999938964844,116.61083221435547
2026-06-04,119.613646228699,119.6535516106658,117.00987904195799,117.45880126953125,22870400.0,0.0,0.0,117.73999786376953,117.45880126953125
2026-06-05,118.06734397851143,120.60127862714496,117.8179410518094,118.59607696533203,36638100.0,0.0,0.0,118.87999725341797,118.59607696533203
2026-06-08,117.96758725033519,119.89297819658464,117.86782759941948,119.54381561279297,19514100.0,0.0,0.0,119.83000183105469,119.54381561279297
2026-06-09,120.09249452554428,120.21221067038364,117.71818140336323,118.59607696533203,23959000.0,0.0,0.0,118.87999725341797,118.59607696533203
2026-06-10,119.42409874531984,120.53144836950996,117.2493048793001,120.30199432373047,22414900.0,0.0,0.0,120.58999633789062,120.30199432373047
2026-06-11,120.28204412446155,121.56896414963192,119.17469451236548,120.21221160888672,22438000.0,0.0,0.0,120.5,120.21221160888672
2026-06-12,120.30199331731838,121.31956153106478,119.2445273327187,120.75092315673828,14753500.0,0.0,0.0,121.04000091552734,120.75092315673828
2026-06-15,119.45402587409166,121.19984639362677,118.29680023038142,120.53144836425781,20722500.0,0.0,0.0,120.81999969482422,120.53144836425781
2026-06-16,120.85068180556274,122.64638592602697,119.59368892123778,120.7409439086914,23060700.0,0.0,0.0,121.02999877929688,120.7409439086914
2026-06-17,119.29441143534011,120.72099650095431,117.16949359825468,117.84786987304688,21711100.0,0.0,0.0,118.12999725341797,117.84786987304688
2026-06-18,117.91769943609961,118.19703710439678,116.52104915047984,116.90013885498047,36526800.0,0.0,0.0,117.18000030517578,116.90013885498047
2026-06-22,116.68066306404786,118.11722634202617,116.67068481595824,116.90013885498047,17053900.0,0.0,0.0,117.18000030517578,116.90013885498047
2026-06-23,119.42409682225845,119.96280805869026,116.06214262146445,119.1347885131836,23411400.0,0.0,0.0,119.41999816894531,119.1347885131836
2026-06-24,119.27444989955788,120.11244766768499,118.64595728184237,118.71578979492188,20600100.0,0.0,0.0,119.0,118.71578979492188
2026-06-25,117.18944517738683,118.29679475023023,115.10443280997809,115.50347900390625,20384700.0,0.0,0.0,115.77999877929688,115.50347900390625
2026-06-26,117.00988117029624,117.5984684398727,114.81513078924051,115.41370391845703,36636000.0,0.0,0.0,115.69000244140625,115.41370391845703
2026-06-29,116.19183823088373,116.521051925122,113.92725536452491,114.32630157470703,20367000.0,0.0,0.0,114.5999984741211,114.32630157470703
2026-06-30,113.69780533850943,114.33627621015661,112.66028826928947,112.989501953125,23034000.0,0.0,0.0,113.26000213623047,112.989501953125
2026-07-01,109.86697325528867,110.4455898652017,106.99385431305828,108.56010437011719,40391400.0,0.0,0.0,108.81999969482422,108.56010437011719
2026-07-02,109.06889129541543,112.18143499412129,108.89929912950869,111.57289123535156,29512200.0,0.0,0.0,111.83999633789062,111.57289123535156
2026-07-06,111.13394332246972,112.10162787550183,109.10879281804488,110.38573455810547,29523300.0,0.0,0.0,110.6500015258789,110.38573455810547
2026-07-07,112.70019805055621,113.22893104823599,111.03418829265145,111.27361297607422,19941400.0,0.0,0.0,111.54000091552734,111.27361297607422
2026-07-08,112.879763389333,113.58806677051842,111.54295977706508,112.82987976074219,19892000.0,0.0,0.0,113.0999984741211,112.82987976074219
2026-07-09,110.9743243964893,112.49069845667856,110.77480509912543,111.94200897216797,20464500.0,0.0,0.0,112.20999908447266,111.94200897216797
2026-07-10,111.68262805970767,113.88735663998979,111.66267917439362,113.62797546386719,12461700.0,0.0,0.0,113.9000015258789,113.62797546386719
2026-07-13,114.4559909872762,115.26405400962003,113.7377093624492,114.50586700439453,17043400.0,0.0,0.0,114.77999877929688,114.50586700439453
2026-07-14,114.80515288534225,115.60323765516023,113.22892461903017,113.4284439086914,14682000.0,0.0,0.0,113.69999694824219,113.4284439086914
2026-07-15,112.9795273843265,114.4559960800755,111.80234524929674,112.26124572753906,16467900.0,0.0,0.0,112.52999877929688,112.26124572753906
2026-07-16,113.4883080789502,115.31393168866141,113.28878117408205,114.67546081542969,20777600.0,0.0,0.0,114.94999694824219,114.67546081542969
2026-07-17,116.68066042641807,117.80795887752032,113.32868459435743,113.96715545654297,28289800.0,0.0,0.0,114.23999786376953,113.96715545654297
2026-07-20,113.68782844769808,114.12678003138565,111.87217545768125,111.9320297241211,17738900.0,0.0,0.0,112.19999694824219,111.9320297241211
2026-07-21,111.24368590747915,111.53299422190634,109.62755216828454,110.12635803222656,22717000.0,0.0,0.0,110.38999938964844,110.12635803222656
2026-07-22,109.26840509292803,109.73728379602602,108.4603420750963,109.06888580322266,23494800.0,0.0,0.0,109.33000183105469,109.06888580322266
2026-07-23,107.25323944858002,108.30072720057487,106.5349577836844,108.14111328125,21516800.0,0.0,0.0,108.4000015258789,108.14111328125
2026-07-24,107.86178281776185,109.33824391357957,107.7520449187408,109.20855712890625,18405900.0,0.0,0.0,109.47000122070312,109.20855712890625
2026-07-27,109.6574762821653,112.24129454403212,109.62754914894079,111.47312927246094,19008700.0,0.0,0.0,111.73999786376953,111.47312927246094
2026-07-28,113.68782641652693,115.75288229471273,112.57049859218158,112.82987976074219,24867900.0,0.0,0.0,113.0999984741211,112.82987976074219
2026-07-29,112.95957874459346,114.41609094683764,112.18143520726511,113.94721221923828,23480000.0,0.0,0.0,114.22000122070312,113.94721221923828
2026-07-30,111.34343984797607,112.76004660224154,110.1762360128914,110.83465576171875,28747000.0,0.0,0.0,111.0999984741211,110.83465576171875
2026-07-31,110.25604146581917,111.64272872771201,109.62754883637642,110.93441772460938,22799100.0,0.0,0.0,111.19999694824219,110.93441772460938
2026-08-03,112.82987844246247,113.01942709548517,109.89690530598047,110.44558715820312,23942500.0,0.0,0.0,110.70999908447266,110.44558715820312
2026-08-04,108.7496500450106,111.41327137152663,108.30072022776788,111.28358459472656,29620000.0,0.0,0.0,111.55000305175781,111.28358459472656
2026-08-05,112.18143131502696,112.88974231161649,111.09403822804457,112.07169342041016,21446300.0,0.0,0.0,112.33999633789062,112.07169342041016
2026-08-06,113.79756871801911,114.2863963302149,110.77480642096445,111.8023452758789,23203100.0,0.0,0.0,112.06999969482422,111.8023452758789
2026-08-07,110.3458340692701,112.02182208019414,110.23609617007118,111.58287048339844,18819300.0,0.0,0.0,111.8499984741211,111.58287048339844
2026-08-10,110.8147094920761,112.43083557535391,110.49547405243835,112.39093780517578,19144000.0,0.0,0.0,112.66000366210938,112.39093780517578
2026-08-11,112.17146067312872,113.06930510370103,111.92205775104237,112.989501953125,17005800.0,0.0,0.0,113.26000213623047,112.989501953125
2026-08-12,112.10162714074723,115.77283842494558,112.011838131802,115.7329330444336,22054700.0,0.0,0.0,116.01000213623047,115.7329330444336
2026-08-13,115.89254862146954,116.04219189774759,114.53579610924879,115.4436264038086,16822200.0,0.0,0.0,115.72000122070312,115.4436264038086
2026-08-14,115.38377313696229,116.17187968391663,114.36620493839823,114.99469757080078,14520000.0,0.0,0.0,115.2699966430664,114.99469757080078
2026-08-17,114.05694580078125,114.90491421100516,113.64792135646756,114.05694580078125,18131100.0,0.0,0.0,114.33000183105469,114.05694580078125
2026-08-18,116.02224469044766,116.03221532748336,114.2065916862473,114.92486572265625,20675000.0,0.0,0.0,115.19999694824219,114.92486572265625
2026-08-19,114.91489714259141,116.59088514655902,113.71775850480114,114.02702331542969,34286600.0,0.0,0.0,114.30000305175781,114.02702331542969
2026-08-20,106.12592986973321,106.74445186354434,102.60436178772362,103.59199523925781,83633100.0,0.0,0.0,103.83999633789062,103.59199523925781
2026-08-21,103.69000244140625,104.27999877929688,102.1500015258789,103.69999694824219,44454200.0,0.248,0.0,103.69999694824219,103.69999694824219
2026-08-24,104.13999938964844,106.5999984741211,104.0,106.48999786376953,35616300.0,0.0,0.0,106.48999786376953,106.48999786376953
2026-08-25,105.58000183105469,106.06999969482422,104.4000015258789,105.37999725341797,27032500.0,0.0,0.0,105.37999725341797,105.37999725341797
2026-08-26,105.51000213623047,106.08999633789062,104.08000183105469,104.33999633789062,28409400.0,0.0,0.0,104.33999633789062,104.33999633789062
2026-08-27,103.61000061035156,103.75,102.2699966430664,102.62999725341797,29816600.0,0.0,0.0,102.62999725341797,102.62999725341797
2026-08-28,103.08999633789062,103.4000015258789,102.5,103.08999633789062,19420800.0,0.0,0.0,103.08999633789062,103.08999633789062
2026-08-31,103.08000183105469,104.98999786376953,102.83999633789062,104.87000274658203,34188700.0,0.0,0.0,104.87000274658203,104.87000274658203
2026-09-01,105.11000061035156,106.63999938964844,104.66000366210938,105.91999816894531,22074600.0,0.0,0.0,105.91999816894531,105.91999816894531
2026-09-02,105.97000122070312,106.77999877929688,105.45999908447266,106.08999633789062,25181800.0,0.0,0.0,106.08999633789062,106.08999633789062
2026-09-03,106.41999816894531,109.3499984741211,106.0199966430664,108.41999816894531,25541200.0,0.0,0.0,108.41999816894531,108.41999816894531
2026-09-04,108.19999694824219,109.2300033569336,106.93000030517578,107.13999938964844,20540500.0,0.0,0.0,107.13999938964844,107.13999938964844
2026-09-08,106.77999877929688,106.9000015258789,105.66000366210938,106.05000305175781,22664800.0,0.0,0.0,106.05000305175781,106.05000305175781
2026-09-09,105.69000244140625,106.1500015258789,105.16000366210938,105.83000183105469,15460800.0,0.0,0.0,105.83000183105469,105.83000183105469
2026-09-10,106.16999816894531,107.16000366210938,105.58999633789062,105.7300033569336,17174900.0,0.0,0.0,105.7300033569336,105.7300033569336
2026-09-11,106.19999694824219,107.20999908447266,105.72000122070312,107.1500015258789,17068600.0,0.0,0.0,107.1500015258789,107.1500015258789
2026-09-14,108.08000183105469,109.73999786376953,108.0,109.08000183105469,23877400.0,0.0,0.0,109.08000183105469,109.08000183105469
2026-09-15,108.61000061035156,109.23999786376953,107.86000061035156,108.08999633789062,19316300.0,0.0,0.0,108.08999633789062,108.08999633789062
2026-09-16,108.31999969482422,108.68000030517578,107.44999694824219,107.5,15150900.0,0.0,0.0,107.5,107.5
2026-09-17,107.80000305175781,107.80000305175781,106.1500015258789,106.79000091552734,19216200.0,0.0,0.0,106.79000091552734,106.79000091552734
2026-09-18,106.23999786376953,107.72000122070312,106.16999816894531,106.7300033569336,45337600.0,0.0,0.0,106.7300033569336,106.7300033569336
2026-09-21,106.16000366210938,107.76000213623047,106.08000183105469,107.44000244140625,23966900.0,0.0,0.0,107.44000244140625,107.44000244140625
2026-09-22,108.12000274658203,110.19000244140625,107.61000061035156,110.12000274658203,19372800.0,0.0,0.0,110.12000274658203,110.12000274658203
2026-09-23,110.22000122070312,111.2300033569336,109.48999786376953,110.52999877929688,22770800.0,0.0,0.0,110.52999877929688,110.52999877929688
2026-09-24,111.16999816894531,111.16999816894531,107.51000213623047,107.58999633789062,26174000.0,0.0,0.0,107.58999633789062,107.58999633789062
2026-09-25,107.08000183105469,108.1500015258789,106.44999694824219,107.9800033569336,19614100.0,0.0,0.0,107.9800033569336,107.9800033569336
2026-09-28,107.9000015258789,109.41999816894531,107.2699966430664,108.7300033569336,17232400.0,0.0,0.0,108.7300033569336,108.7300033569336
2026-09-29,107.75,107.9000015258789,105.3499984741211,106.80000305175781,27274900.0,0.0,0.0,106.80000305175781,106.80000305175781
